s_m,x_m,y_m,z_m,dir_x,dir_y,dir_z,heading_rad,slope_pct,curvature_1_per_m,radius_m,width_m
0.0,-163.74752807617188,-288.9122772216797,12.150100708007812,0.15281212329864502,-0.9880307912826538,0.0,-1.4173488236082783,0.0,-0.0053873458306956225,185.62016091528292,2.2499990463256836
3.2210580652344576,-163.3385772705078,-292.1072692871094,12.150100708007812,0.13567481935024261,-0.9907534122467041,0.0,-1.4347017773464477,-0.0004942234560489922,-0.0025331449552687124,394.7661968258431,2.2499990463256836
7.305101003501706,-162.7749786376953,-296.15223693847656,12.150054931640625,0.1400667279958725,-0.9901420474052429,0.0,-1.4302675173967623,0.00011579422420915364,0.0019557864464321006,511.3032671968244,2.2499990463256836
11.006733955182973,-162.24038696289062,-299.8150634765625,12.150100708007812,0.15011778473854065,-0.9886681437492371,0.0,-1.4201089239619042,-6.704258350698211e-05,0.003444130418456176,290.3490514300117,2.2499990463256836
14.518010372472531,-161.68832397460938,-303.2826690673828,12.150054931640625,0.16436226665973663,-0.9864000678062439,0.0,-1.4056848804642157,-0.0006460955437548321,0.007635434192328094,130.9683214878306,2.2999989986419678
17.967856431450468,-161.0615997314453,-306.67510986328125,12.150054931640625,0.20200921595096588,-0.979383647441864,0.0,-1.3673873331405428,0.000906236496422963,0.01795900515367277,55.682371681679236,2.4499988555908203
21.36251556001833,-160.2468719482422,-309.9705505371094,12.150115966796875,0.2833457887172699,-0.959017813205719,0.0,-1.283515241052773,0.0001970534014184011,0.03175959978369483,31.486542866116135,2.8499984741210938
24.693974181196587,-159.1030731201172,-313.09950256347656,12.150070190429688,0.40423715114593506,-0.9146541953086853,0.0,-1.1546516734980763,-0.0009161198573748308,0.04276220053963006,23.385138916629078,3.6499977111816406
27.965051761586665,-157.55377197265625,-315.98040771484375,12.150054931640625,0.5389007925987244,-0.8423692584037781,0.0,-1.0016646727885894,0.0007187561305244117,0.04883187193478131,20.47842854223521,4.648997783660889
31.195610284303864,-155.5926513671875,-318.547607421875,12.150115966796875,0.6694481372833252,-0.7428588271141052,0.0,-0.8373306992323085,0.0002066935889777355,0.05327753438012689,18.76963736469402,5.5500030517578125
34.36527381049369,-153.26951599121094,-320.7039489746094,12.150070190429688,0.7893988490104675,-0.6138806939125061,0.0,-0.6609672421273769,-0.016399415005441398,0.057627378830644296,17.35286282825402,6.5490031242370605
37.464177616763656,-150.65597534179688,-322.3690643310547,12.14910888671875,0.8886664509773254,-0.4585541784763336,0.0,-0.4763675590681101,-0.07260441661163242,0.05995825016327193,16.67827191882529,7.548003196716309
40.49505119904709,-147.84487915039062,-323.5021667480469,12.145675659179688,0.9572404026985168,-0.28929364681243896,0.0,-0.2934888492439982,-0.036425226357916785,0.06163393109273565,16.22482912043011,8.547002792358398
43.4826325071383,-144.91537475585938,-324.08837890625,12.1468505859375,0.9944360256195068,-0.1053420677781105,0.0,-0.10553787855986696,0.12224154286681888,0.05651970589604856,17.692944153658672,9.546002388000488
46.45597994067218,-141.94308471679688,-324.1674346923828,12.152938842773438,0.9990495443344116,0.043588779866695404,0.0,0.04360259523471159,0.5513150451832871,0.05105986605051399,19.58485357189717,10.545001983642578
49.40893479927946,-139.01107788085938,-323.81732177734375,12.17938232421875,0.9806539416313171,0.19574953615665436,0.0,0.1970217113374706,0.05404690234880327,0.048977849235386686,20.417393078941004,11.544001579284668
52.35644020883009,-136.1698455810547,-323.0333251953125,12.156219482421875,0.9451878666877747,0.32652702927589417,0.0,0.33262686029350663,-0.49110845980711026,0.045437775127192735,22.008119834228832,11.241996765136719
55.29337639504805,-133.46670532226562,-321.88502502441406,12.150421142578125,0.8940861225128174,0.4478950500488281,0.0,0.4644096510282328,-0.1004008901956066,0.042690770793325394,23.424266683803886,10.242997169494629
58.317153857671386,-130.8593292236328,-320.35374450683594,12.150405883789062,0.8327665328979492,0.5536242723464966,0.0,0.5867100826947249,0.031155984605901743,0.033979737670408544,29.42930312469292,9.243997573852539
61.47647842476634,-128.3107452392578,-318.4866485595703,12.152435302734375,0.7821312546730042,0.623113751411438,0.0,0.6727175127705676,0.07846269084794688,0.024441589897888805,40.91386870403129,8.24499797821045
64.82112723604527,-125.77754211425781,-316.30271911621094,12.155563354492188,0.7353480458259583,0.6776896715164185,0.0,0.7446162331549437,0.07020149682306354,0.018237141212153946,54.83315550211131,7.245998382568359
68.3908969861862,-123.220703125,-313.8115692138672,12.157180786132812,0.6986411809921265,0.7154722213745117,0.0,0.7972997871630347,0.06322297066854166,0.014317138141482666,69.8463610616836,6.246998310089111
72.22189429520911,-120.62167358398438,-310.9970397949219,12.16033935546875,0.6597313284873962,0.7515015602111816,0.0,0.850335144098684,0.14575160423058175,0.012407537211193267,80.59617174453166,5.247998237609863
76.3615652188272,-117.96524047851562,-307.8221130371094,12.169204711914062,0.62530517578125,0.7803803086280823,0.0,0.8952737903455357,0.26720798739665597,0.009690720047783055,103.1915064173967,4.248998165130615
80.82121120073674,-115.24830627441406,-304.28565979003906,12.183670043945312,0.595511257648468,0.8033469915390015,0.0,0.9328944359322418,0.36287163146753176,0.0062004281583776105,161.27918499448555,3.249998092651367
85.47399071700215,-112.5159912109375,-300.5196990966797,12.202423095703125,0.5809568166732788,0.8139343857765198,0.0,0.9508925859595655,0.4254819729107462,0.003408351046202185,293.3970082436983,2.2999989986419678
90.13715678627312,-109.83345031738281,-296.70542907714844,12.223312377929688,0.5697153210639954,0.8218420743942261,0.0,0.9646368844626126,0.4531853571732025,0.0027533151188002813,363.1985286289119,1.5499995946884155
94.84995916111406,-107.17352294921875,-292.81507873535156,12.244918823242188,0.5597699284553528,0.8286480903625488,0.0,0.9766882100005835,0.4758346218543652,0.002190091178728523,456.60199434279207,0.9000001549720764
99.82135851305311,-104.40919494628906,-288.68316650390625,12.269485473632812,0.5523204207420349,0.8336318731307983,0.0,0.9856511221693127,0.5314648286075974,0.00031505792116802434,3174.019546287451,0.5000000596046448
105.10853279112382,-101.47073364257812,-284.28785705566406,12.2996826171875,0.5578936338424683,0.8299124836921692,0.0,0.9789507691659475,0.6310924807117146,-0.001943787444960432,514.459542679244,0.20000000298023224
110.70819848256264,-98.30960083007812,-279.66595458984375,12.338577270507812,0.5701941847801208,0.8215099573135376,0.0,0.9640541218790851,0.7463011185671498,-0.002744440922901714,364.37293718193575,0.10000000149011612
116.60223565952187,-94.91012573242188,-274.8512878417969,12.385772705078125,0.5838316082954407,0.8118747472763062,0.0,0.947356125736312,0.8561773920581217,-0.0032315430865186012,309.4496880365961,0.10000000149011612
122.77426137821149,-91.25656127929688,-269.87713623046875,12.44219970703125,0.6019660830497742,0.7985216379165649,0.0,0.9248353317956993,0.9661700687217389,-0.004728148424920919,211.49928262176445,0.25
129.2051225004235,-87.29753112792969,-264.809814453125,12.5078125,0.6315873861312866,0.7753046751022339,0.0,0.8871973691939657,1.0843043527488216,-0.006952730043032845,143.82839457459946,0.4500000476837158
135.85626395163305,-82.96588134765625,-259.76316833496094,12.584335327148438,0.6723726987838745,0.7402127981185913,0.0,0.833386773653634,1.194842385552397,-0.008336431780238976,119.95539894783779,0.5500000715255737
142.6186443772814,-78.27903747558594,-254.88912963867188,12.668182373046875,0.7141962051391602,0.6999455690383911,0.0,0.77532127153033,1.2625766217260082,-0.008162703622219075,122.50842934906714,0.5500000715255737
149.59328748746069,-73.15830993652344,-250.15460205078125,12.75787353515625,0.7508565783500671,0.6604653000831604,0.0,0.7214382783742085,1.3054266899540812,-0.0067220471290787495,148.76420542696331,0.5000000596046448
156.7824053661327,-67.66207885742188,-245.521484375,12.853164672851562,0.7772274613380432,0.6292197108268738,0.0,0.6805488755098561,1.3425047084803965,-0.005485645136965499,182.29396452596117,0.3500000238418579
164.1794965911042,-61.82096862792969,-240.9840545654297,12.953765869140625,0.8011938333511353,0.5984049439430237,0.0,0.6415087626543376,1.3821835628155643,-0.005249726573283854,190.48611123654607,0.25
171.77868384402908,-55.64466857910156,-236.55804443359375,13.060531616210938,0.8242986798286438,0.566155195236206,0.0,0.6018340018108937,1.4235808161909946,-0.005677535273216051,176.13276745589428,0.30000001192092896
179.5747600704881,-49.12019348144531,-232.29220581054688,13.173004150390625,0.8504692912101746,0.5260246396064758,0.0,0.5539194775180508,1.452020771036333,-0.0065551983937181535,152.55068419566064,0.5000000596046448
187.55607283648715,-42.22344970703125,-228.2769012451172,13.289657592773438,0.8784170150756836,0.4778949022293091,0.0,0.4982566811491937,1.4531585379827239,-0.00775858195247324,128.88953240755873,0.7000001072883606
195.70220046427514,-34.937408447265625,-224.63558959960938,13.407333374023438,0.9095766544342041,0.41553613543510437,0.0,0.42853216450891357,1.4232093213569996,-0.008331197061305511,120.03077020522409,0.8000001311302185
203.96106883880003,-27.31854248046875,-221.44993591308594,13.523086547851562,0.9353195428848267,0.3538041412830353,0.0,0.36163519790818593,1.2663767344165966,-0.007976059524410297,125.37519271760125,0.8000001311302185
212.33719380031792,-19.388153076171875,-218.75559997558594,13.61767578125,0.9565460085868835,0.29158148169517517,0.0,0.2958797432757578,0.9725908238404246,-0.007378666266143488,135.5258476167207,0.8000001311302185
220.84613382119738,-11.18017578125,-216.51364135742188,13.6868896484375,0.9720062613487244,0.23495495319366455,0.0,0.23717222342475638,0.6684690545004646,-0.00720673646724659,138.75906307172912,0.6000000834465027
229.5079776464862,-2.6985321044921875,-214.756591796875,13.732009887695312,0.9852376580238342,0.1711922287940979,0.0,0.17203963293077776,0.38744572830597956,-0.007391827689332573,135.28453882158777,0.40000003576278687
238.31469727861526,6.02294921875,-213.5344696044922,13.754180908203125,0.9941645264625549,0.10787458717823029,0.0,0.10808491013295576,0.1259572291936184,-0.007168984521545986,139.48976971488156,0.20000000298023224
247.2641497570733,14.94696044921875,-212.86013793945312,13.754013061523438,0.9989978671073914,0.04475773125886917,0.0,0.04477268842413218,-0.07327242409604917,-0.005643342347199415,177.19995323272627,0.0
256.27348261185256,23.953598022460938,-212.64016723632812,13.740936279296875,0.9999761581420898,0.006909242365509272,0.0,0.0069092971502780496,-0.27530457780728934,-0.004427333710194012,225.86957872578765,0.9500001668930054
265.3141467592254,32.99333190917969,-212.76455688476562,13.704238891601562,0.9993821382522583,-0.0351475328207016,0.0,-0.035154773296414775,-0.4638722779920501,-0.0051220068208526655,195.23597585399722,0.9500001668930054
274.47102849052067,42.13334655761719,-213.31802368164062,13.656387329101562,0.9962691068649292,-0.08630093932151794,0.0,-0.08640842669525194,-0.5840842692520831,-0.00571035566049206,175.1204407316777,0.15000000596046448
283.7459407416713,51.350067138671875,-214.35362243652344,13.596435546875,0.9901553988456726,-0.13997259736061096,0.0,-0.14043373660569458,-0.7332260367910237,-0.006504219694896025,153.74634420554975,0.5500000715255737
293.02978327160497,60.494232177734375,-215.9561767578125,13.520294189453125,0.9786249995231628,-0.2056528627872467,0.0,-0.20713078416838168,-0.9123628699017727,-0.007617499874429135,131.2766677367279,1.0000001192092896
302.27868939797435,69.466796875,-218.19821166992188,13.427413940429688,0.9606184959411621,-0.27787062525749207,0.0,-0.2815767287517911,-1.0905179082514427,-0.008201691841395402,121.9260634681276,1.2999998331069946
311.46831474179237,78.19264221191406,-221.0786895751953,13.319320678710938,0.9364803433418274,-0.350720077753067,0.0,-0.35833991108404967,-1.254263254282817,-0.008166024364637965,122.4586108670439,1.4499996900558472
320.605303962926,86.62580871582031,-224.59315490722656,13.1976318359375,0.9084431529045105,-0.4180084764957428,0.0,-0.43125196239249186,-1.3979572397599616,-0.008101001077966432,123.441534000021,1.4499996900558472
329.73133961902073,94.75914001464844,-228.73025512695312,13.06402587890625,0.87455153465271,-0.484932541847229,0.0,-0.5062860434138018,-1.6175798990717194,-0.007633646224442958,130.9989971500116,1.399999737739563
338.8724606493234,102.59968566894531,-233.42703247070312,12.902099609375,0.8415342569351196,-0.5402037501335144,0.0,-0.5706792089271586,-2.2335171042306756,-0.006442849412626388,155.21082923966028,1.399999737739563
348.0542548204622,110.18547058105469,-238.59422302246094,12.654403686523438,0.8113790154457092,-0.5845203399658203,0.0,-0.6242887889712948,-3.1191038214103295,-0.005839020751164877,171.2615937870235,1.4999996423721313
357.3323522701311,117.55436706542969,-244.2222137451172,12.32550048828125,0.778535783290863,-0.6276002526283264,0.0,-0.6784669646753712,-3.913132228038474,-0.005441325232365644,183.77875927207623,1.699999451637268
366.7407389552171,124.71942138671875,-250.30638122558594,11.922210693359375,0.7479264736175537,-0.6637815833091736,0.0,-0.7258635783639056,-4.614721988502534,-0.0035593103982393126,280.95329940728715,1.949999213218689
376.3036498941777,131.77963256835938,-256.739013671875,11.449005126953125,0.7347277402877808,-0.6783620715141296,0.0,-0.745531055967036,-5.234261005144269,-0.0005968333978713172,1675.5094530008344,2.9489991664886475
386.0278449642444,138.9300994873047,-263.3072814941406,10.9117431640625,0.7405553460121155,-0.6719953417778015,0.0,-0.7368999087802891,-5.732478215464654,0.0018434611236282164,542.4578729557613,3.9479992389678955
395.8859066665347,146.29319763183594,-269.8359069824219,10.325897216796875,0.7588998675346375,-0.6512073278427124,0.0,-0.709174248221895,-6.126667462762581,0.0042452450275585335,235.5576635761602,4.9469990730285645
405.7165606969714,153.89898681640625,-276.0334014892578,9.705581665039062,0.794024646282196,-0.6078855395317078,0.0,-0.6533949142195935,-6.383696437012815,0.006292929233994257,158.90850871133642,5.9459991455078125
415.4784209281605,161.82879638671875,-281.6915588378906,9.075271606445312,0.8331789374351501,-0.5530034899711609,0.0,-0.5859647986532781,-5.866729940795384,0.007018653113397444,142.47747877597283,6.9449992179870605
425.16605402338456,170.06719970703125,-286.7627716064453,8.56365966796875,0.8693543076515198,-0.4941893517971039,0.0,-0.5169021047488477,-4.478415304510652,0.00699926188264037,142.87220806528308,7.943999290466309
434.780599198351,178.5836639404297,-291.210693359375,8.209671020507812,0.9000792503356934,-0.4357261657714844,0.0,-0.45084491164579077,-2.5086137130990007,0.006556252718062601,152.52615220962747,8.942998886108398
444.3541637422494,187.3252410888672,-295.11216735839844,8.081344604492188,0.9245001077651978,-0.38118183612823486,0.0,-0.3910743031199887,-0.7712697093009202,0.006299716255745758,158.7373080633487,9.941998481750488
453.9030804077283,196.26220703125,-298.4755096435547,8.061904907226562,0.9459186792373657,-0.32440391182899475,0.0,-0.33038148356165664,0.29935123952811726,0.005995401472794468,166.79450150882025,9.991000175476074
463.48041138112404,205.4006805419922,-301.3404083251953,8.138885498046875,0.962037205696106,-0.2729184031486511,0.0,-0.27642529209624883,1.78508079576431,0.00525774392588506,190.19564552711938,8.992000579833984
473.1290687414397,214.73268127441406,-303.77735900878906,8.406509399414062,0.9738143682479858,-0.2273445874452591,0.0,-0.2293499967750835,3.552852575389159,0.004715699891492385,212.05759972217578,7.993000507354736
482.84785888974466,224.2351531982422,-305.77239990234375,8.828079223632812,0.9829146862030029,-0.18406173586845398,0.0,-0.18511720325827996,4.524319741018873,0.005114588684606142,195.51914370158326,6.994000434875488
492.6502568597629,233.9054412841797,-307.308349609375,9.290023803710938,0.9916378855705261,-0.12905162572860718,0.0,-0.12941254728084559,4.747416929156229,0.005741704485560306,174.16431000844426,5.99500036239624
502.52241558320253,243.7176971435547,-308.2862243652344,9.762161254882812,0.9973987936973572,-0.07208089530467987,0.0,-0.07214345927965365,5.059155098621304,0.004243705225329056,235.64313421945093,4.996000289916992
512.3247801988919,253.4915313720703,-308.8202209472656,10.285003662109375,0.9989557862281799,-0.04568713903427124,0.0,-0.045703048402050715,5.44078201363285,0.001143233859426036,874.7116714178261,3.997000217437744
522.016751652578,263.15809631347656,-309.27061462402344,10.82257080078125,0.9987743496894836,-0.04949544742703438,0.0,-0.049515678701060516,5.825699749974111,-0.001691998459863433,591.0170864344128,2.998000144958496
531.4415303548628,272.5478973388672,-309.8432159423828,11.397216796875,0.9970088601112366,-0.07728701084852219,0.0,-0.07736416322938666,6.389827036987661,-0.0037678014342260946,265.4067677017591,1.999000072479248
540.4415252274908,281.4868469238281,-310.70042419433594,11.997451782226562,0.9930152893066406,-0.11798597872257233,0.0,-0.11826144560373525,7.157592789301015,-0.005502608418862602,181.7319939707252,1.0000001192092896
549.0379922645469,289.9673767089844,-311.94554138183594,12.652847290039062,0.9849979281425476,-0.1725662499666214,0.0,-0.1734344106421815,8.067115333605946,-0.006666535950635773,150.0029411683638,0.9000000357627869
557.2945243548179,298.02711486816406,-313.5945587158203,13.354049682617188,0.9735643863677979,-0.22841273248195648,0.0,-0.23044700401979828,8.239495163750698,-0.006375255437650135,156.8564600712833,1.4300000667572021
565.3917573311525,305.8379669189453,-315.6285400390625,14.001113891601562,0.9616443514823914,-0.27429935336112976,0.0,-0.27786103519346267,7.4829371377535985,-0.0061974817402065206,161.35586064133796,1.5490000247955322
573.3914042884421,313.4497528076172,-318.02503967285156,14.559555053710938,0.9459967017173767,-0.32417622208595276,0.0,-0.33014079678400615,6.394451247940658,-0.006567007652750506,152.2763567332167,2.5480000972747803
581.2811357249476,320.83238220214844,-320.7698669433594,15.0184326171875,0.9278464317321777,-0.37296241521835327,0.0,-0.3821997732248922,5.505109374402972,-0.005900204135910511,169.48566133732277,3.5470001697540283
589.1132107527869,328.0232849121094,-323.84666442871094,15.4254150390625,0.9118685722351074,-0.410482257604599,0.0,-0.42298287192572154,5.037707703176652,-0.004581139806243355,218.2862873202781,4.546000003814697
596.928677912281,335.0920104980469,-327.1586456298828,15.8067626953125,0.8987420797348022,-0.43847766518592834,0.0,-0.45390412426279586,4.358727798090445,-0.00528521823893062,189.20694563453526,5.545000076293945
604.7256042846863,342.0097961425781,-330.7428741455078,16.106109619140625,0.8749573826789856,-0.48419997096061707,0.0,-0.5054485634037237,3.4028547682398713,-0.006877637595167945,145.39876318905996,6.544000148773193
612.4546179782319,348.65769958496094,-334.67864990234375,16.335678100585938,0.846909761428833,-0.5317366719245911,0.0,-0.5606498368811599,2.6222992153048574,-0.005309535280758816,188.3404002651404,7.543000221252441
620.1066287699142,355.0827331542969,-338.8309783935547,16.509979248046875,0.8323869109153748,-0.5541949272155762,0.0,-0.5873954729964554,1.9985928186461166,-0.004575524589277208,218.55417460623227,8.541999816894531
627.6928714191323,361.31414794921875,-343.1557312011719,16.640594482421875,0.8078911900520325,-0.5893316864967346,0.0,-0.6302313546031716,1.4206079482973921,-0.007339113086902244,136.25624624651869,8.592999458312988
635.2034475001897,367.2314453125,-347.7803649902344,16.724899291992188,0.766169011592865,-0.6426391005516052,0.0,-0.6979378651242646,0.8151325456223546,-0.00984553377326633,101.56889641832416,7.593999862670898
642.6362482456445,372.7369842529297,-352.7737731933594,16.76287841796875,0.7128600478172302,-0.7013062834739685,0.0,-0.777228327198013,0.1525526812801603,-0.0107335997561838,93.16538931162249,6.59499979019165
650.0043793817542,377.77561950683594,-358.14976501464844,16.747940063476562,0.6548617482185364,-0.7557486891746521,0.0,-0.8567966502276291,-0.624640824240319,-0.010247107184231108,97.5885176197691,5.595999717712402
657.3563896249885,382.39222717285156,-363.8710479736328,16.671066284179688,0.5993680357933044,-0.8004736304283142,0.0,-0.9280849676763017,-1.5771049711289065,-0.009083566794613696,110.08891359647099,4.596999645233154
664.7380504778122,386.6248474121094,-369.9166717529297,16.5152587890625,0.5481927394866943,-0.8363520503044128,0.0,-0.9905945184131962,-2.065816838074852,-0.010971009245946808,91.14931703930937,3.5979995727539062
672.1788907787114,390.3629455566406,-376.3486328125,16.364913940429688,0.46159833669662476,-0.8870890140533447,0.0,-1.09100017933028,-1.672908189763822,-0.011876433029768166,84.20036533641958,2.598999500274658
679.6735025647513,393.59027099609375,-383.11204528808594,16.265777587890625,0.3921765387058258,-0.9198899865150452,0.0,-1.1677998434378811,-0.8777928482969211,-0.010768659933874089,92.86206511679157,1.5999995470046997
687.2459164823647,396.2661590576172,-390.1958312988281,16.233352661132812,0.3121572732925415,-0.9500304460525513,0.0,-1.2533333995758311,0.6406601250124933,-0.01190045568874322,84.03039565500939,0.9000001549720764
694.8814215243423,398.2831573486328,-397.55894470214844,16.36456298828125,0.22012114524841309,-0.9754725694656372,0.0,-1.3488576725998445,2.4829543262529175,-0.011664484200219039,85.73032316175814,0.7500001192092896
702.5820735216774,399.63963317871094,-405.1350402832031,16.615142822265625,0.13824112713336945,-0.9903985857963562,0.0,-1.4321110551740435,3.2176459318562056,-0.009141154662265519,109.39537038225352,1.2499998807907104
710.3715350982989,400.48193359375,-412.87486267089844,16.8629150390625,0.0805521085858345,-0.9967504143714905,0.0,-1.4901568518046544,2.4764171776711086,-0.007060209543427148,141.63885559614462,2.248999834060669
718.2710376715278,400.9196319580078,-420.76100158691406,17.002105712890625,0.02800103649497032,-0.9996079206466675,0.0,-1.542791630678539,1.385947321700165,-0.007561588501523678,132.24734456238892,3.247999906539917
726.3063882602958,400.8425598144531,-428.7955780029297,17.082733154296875,-0.04008881002664566,-0.9991961121559143,0.0,-1.6108958828034432,0.7612111729884852,-0.00837151307528973,119.45271912095663,4.246999740600586
734.5036315611176,400.2313537597656,-436.9698944091797,17.1248779296875,-0.10764367133378983,-0.9941895604133606,0.0,-1.6786489680661374,0.42494036563616167,-0.005798953093596612,172.44491960182117,5.245999813079834
742.877501499423,399.1527099609375,-445.2739562988281,17.15283203125,-0.13490146398544312,-0.9908590316772461,0.0,-1.7061103418027688,0.2903628822299664,-2.6306775601128707e-05,38013.0204918422,6.244999885559082
751.2891759186608,398.1634216308594,-453.6272277832031,17.173583984375,-0.10783758759498596,-0.9941685199737549,0.0,-1.6788440224567562,0.19759531745078274,-0.00027362741542374946,3654.6045594567463,7.24399995803833
759.738436159096,397.12066650390625,-462.0118865966797,17.186111450195312,-0.13973368704319,-0.9901891350746155,0.0,-1.7109887829182762,0.10661086858417823,-0.0036436620135692627,274.44916577770584,8.243000030517578
768.3452687045428,395.7792053222656,-470.51353454589844,17.191635131835938,-0.16932347416877747,-0.9855605363845825,0.0,-1.7409395169223647,0.05030151596232546,-0.002797358576301645,357.48009156626904,9.241999626159668
777.1262307065095,394.2085266113281,-479.1528778076172,17.194808959960938,-0.1874762922525406,-0.9822691082954407,0.0,-1.7593885809165166,0.032926017351453396,-0.0023876195794043653,418.82719032211486,10.240999221801758
786.0828429820102,392.42701721191406,-487.93052673339844,17.197463989257812,-0.21099762618541718,-0.9774865508079529,0.0,-1.7833917826273609,0.03752034719888275,-0.002974080180444913,336.238412997461,11.239998817443848
795.1973105188282,390.3741149902344,-496.810791015625,17.201614379882812,-0.24006302654743195,-0.9707573056221008,0.0,-1.8132271020585908,-0.11473346585931798,-0.0034524972693977113,289.6454137310441,12.238998413085938
804.459306810518,387.99420166015625,-505.7617645263672,17.1759033203125,-0.27259910106658936,-0.962127685546875,0.0,-1.8468897447847228,-0.5100017722517114,-0.003606157676411023,277.30345972981297,12.850030899047852
813.7832496313025,385.3110809326172,-514.6910400390625,17.106536865234375,-0.304535835981369,-0.9525008797645569,0.0,-1.880247407013812,-0.730429517202491,-0.0033207167090432282,301.13981035380823,12.850030899047852
823.2555453375094,382.278564453125,-523.6645355224609,17.038650512695312,-0.3320099115371704,-0.9432758688926697,0.0,-1.909229892611862,-0.4468794779104668,-0.001164250056681318,858.9220110072307,12.600029945373535
832.7318580418507,379.13807678222656,-532.6053161621094,17.021881103515625,-0.32545867562294006,-0.9455562829971313,0.0,-1.902293094076218,-0.22302801195357436,0.0026775316548876965,373.47831095649286,12.150028228759766
842.1345693606662,376.26275634765625,-541.5575714111328,16.996612548828125,-0.2841978371143341,-0.9587656855583191,0.0,-1.8589659815282527,-0.41861324936218747,0.005401488850622263,185.1341412812132,12.050027847290039
851.4582864244015,373.8632354736328,-550.5670776367188,16.9437255859375,-0.22843611240386963,-0.9735589027404785,0.0,-1.801267345204504,-0.5094902473474106,0.006344943108066714,157.60582608355287,12.400029182434082
860.7457391094672,372.0221405029297,-559.6701202392578,16.901748657226562,-0.169275164604187,-0.9855688214302063,0.0,-1.7408905020690726,-0.2287771759806878,0.006440314563050692,155.2719188185605,13.399028778076172
870.081745464661,370.70298767089844,-568.9124603271484,16.901336669921875,-0.11031103134155273,-0.9938971400260925,0.0,-1.681332309842375,0.32935764605481754,0.0067166826306372385,148.88302082915686,14.398028373718262
879.4966415229154,369.9794158935547,-578.2993011474609,16.964035034179688,-0.04408258572220802,-0.9990279078483582,0.0,-1.6148932016705297,0.5896278141320876,0.006415661979751519,155.8685608992652,14.189995765686035
889.0088567364193,369.8174743652344,-587.8100128173828,17.012786865234375,0.01076832041144371,-0.9999420046806335,0.0,-1.5600277980982324,0.4864860052594566,0.0055999336152706275,178.57354545651575,13.190996170043945
898.6496086748685,370.1758270263672,-597.4440002441406,17.057144165039062,0.06307310611009598,-0.9980089068412781,0.0,-1.5076813257311656,0.5593747534436311,0.004847283380422132,206.30112199318407,12.191996574401855
908.424115210956,371.001953125,-607.1833190917969,17.121658325195312,0.10453159362077713,-0.9945215582847595,0.0,-1.4660734232356682,0.6919107477633024,0.0037716012805180943,265.1393733386984,11.192996978759766
918.3327964726448,372.20513916015625,-617.0184173583984,17.19342041015625,0.13679081201553345,-0.9905999302864075,0.0,-1.4335752798895731,0.7290329650888938,0.003255040621637603,307.2158280767944,10.193997383117676
928.3730169349695,373.7378234863281,-626.9406890869141,17.267105102539062,0.16883821785449982,-0.9856438040733337,0.0,-1.4011454853197614,0.7731251499784819,0.0036694744144077224,272.5185917835066,9.194997787475586
938.5363308253942,375.664794921875,-636.9193115234375,17.349716186523438,0.20989371836185455,-0.9777241945266724,0.0,-1.3593300685539738,0.3845546752241802,0.00402486440780038,248.4555748168689,8.195998191833496
948.8172212296395,378.0299835205078,-646.9244384765625,17.344711303710938,0.24925880134105682,-0.9684368968009949,0.0,-1.318881499315707,-0.4032196323490944,0.00393689858464269,254.0070511089275,7.196998119354248
959.2244651996231,380.83795166015625,-656.9454040527344,17.265396118164062,0.2887433171272278,-0.9574065208435059,0.0,-1.2778823323298145,-0.9651556771681946,0.004373187105687376,228.6661823134641,6.197998046875
969.7509388984199,384.1238708496094,-666.9451141357422,17.142181396484375,0.3368467390537262,-0.9415594935417175,0.0,-1.227230422015436,-1.194402999788391,0.004528409659453045,220.82807767016004,5.198997974395752
980.3898028511062,387.9458465576172,-676.8729095458984,17.012542724609375,0.3789813220500946,-0.9254043102264404,0.0,-1.1821010669505279,-1.2845753729857412,0.003416757396255715,292.67515484004196,4.199997901916504
991.1472445306499,392.1616973876953,-686.7687683105469,16.867172241210938,0.4045393764972687,-0.9145205616950989,0.0,-1.1543212221247516,-1.4425956549059649,0.002717102157560096,368.0391615816095,3.199998140335083
1002.0195541865777,396.7040100097656,-696.6453399658203,16.700302124023438,0.43271002173423767,-0.9015331864356995,0.0,-1.1232997080755627,-1.6720150048299298,0.0024393084728503434,409.952251275336,2.4999988079071045
1013.0037773558801,401.5736083984375,-706.4891510009766,16.501419067382812,0.4526159465312958,-0.8917055726051331,0.0,-1.1010995265661523,-1.9406864217544895,0.0016499857238739465,606.0658498621026,2.099999189376831
1024.0894965007665,406.66099548339844,-716.3359222412109,16.271728515625,0.46517831087112427,-0.885217010974884,0.0,-1.0869602989939424,-2.2706790033522495,0.0008686316257787638,1151.2360019167609,1.949999213218689
1035.205755341646,411.86268615722656,-726.1562194824219,15.997161865234375,0.46970558166503906,-0.88282310962677,0.0,-1.0818390684866754,-2.670205259910008,0.0002553595099864525,3916.047614804135,1.8499993085861206
1046.4304221856025,417.1387939453125,-736.0583343505859,15.67474365234375,0.4701813757419586,-0.8825698494911194,0.0,-1.081300068765949,-3.105937137696446,0.0001244396284382568,8036.025280292202,1.7999993562698364
1057.7409809481874,422.46295166015625,-746.0302581787109,15.296829223632812,0.4721910357475281,-0.881496250629425,0.0,-1.0790216153666439,-3.644548354403365,0.000358239854353376,2791.4258780754667,1.7499994039535522
1069.0158750354403,427.8115234375,-755.94580078125,14.851821899414062,0.47729694843292236,-0.8787420392036438,0.0,-1.0732202258820338,-4.230381212804901,0.0007815599796108727,1279.4923308354214,1.7999993562698364
1080.2221876061199,433.1989288330078,-765.7591400146484,14.346176147460938,0.4875737130641937,-0.8730818033218384,0.0,-1.0614877177634734,-4.928490472239144,0.0019878593209067194,503.05370681053597,1.8499993085861206
1091.3592534513039,438.7596130371094,-775.3902893066406,13.751205444335938,0.5157318711280823,-0.8567500114440918,0.0,-1.028934639278368,-5.820241922281511,0.003856841544548177,259.27951367707755,1.8499993085861206
1102.418950005521,444.6902160644531,-784.6994323730469,13.055007934570312,0.560321569442749,-0.8282751441001892,0.0,-0.9760223295999965,-7.0459162969689455,0.004720366873988351,211.8479403604229,0.9000001549720764
1113.3941967323544,451.05419921875,-793.6002502441406,12.199905395507812,0.6019057631492615,-0.7985671162605286,0.0,-0.924910874963684,-8.447888413309501,0.005278815514993804,189.4364364808028,1.8990001678466797
1124.2889162121537,457.8447570800781,-802.0619506835938,11.208511352539062,0.6519261002540588,-0.7582825422286987,0.0,-0.8606745954027714,-9.374442419166984,0.0061896008393637625,161.5613067712443,2.8980002403259277
1135.1036104827797,465.13922119140625,-809.9777526855469,10.165206909179688,0.7034295797348022,-0.7107649445533752,0.0,-0.7905850729129701,-9.686290314334661,0.00685964671056799,145.78010241539076,3.897000312805176
1145.8341509811917,472.9315948486328,-817.2807922363281,9.12164306640625,0.756438672542572,-0.6540645956993103,0.0,-0.7129453856601606,-9.582144062807968,0.007588386865087907,131.78031349465414,4.896000385284424
1156.469779711677,481.21580505371094,-823.874755859375,8.117599487304688,0.8089002966880798,-0.587945818901062,0.0,-0.6285170250160445,-9.145809907487957,0.008007670994241212,124.88025553486887,5.800004005432129
1167.0060021754239,489.95021057128906,-829.6929931640625,7.184722900390625,0.8559443354606628,-0.5170679688453674,0.0,-0.5434219027174053,-8.594988558973926,0.007909736552041784,126.42646103578058,5.800004005432129
1177.4940362381865,499.1107635498047,-834.7247467041016,6.3103179931640625,0.8950715661048889,-0.44592252373695374,0.0,-0.46220466550623385,-7.882865394161165,0.008003220618243639,124.94969809034913,5.500002861022949
1187.9598067227755,508.6459655761719,-838.9682922363281,5.5327606201171875,0.9302379488945007,-0.36695683002471924,0.0,-0.3757355211396318,-6.690968602561218,0.008323990657509264,120.13468553065674,4.897998332977295
1198.4151411611415,518.50732421875,-842.3859252929688,4.91033935546875,0.9587971568107605,-0.28409162163734436,0.0,-0.28805887492150545,-4.986704713834028,0.008601269745878524,116.26190429374346,3.898998498916626
1208.84806549774,528.6313934326172,-844.8704833984375,4.490692138671875,0.980837881565094,-0.19482557475566864,0.0,-0.19607961864625034,-3.0350968840381602,0.008107533087052997,123.34208066284802,2.899998426437378
1219.2725582428275,538.9307861328125,-846.4664001464844,4.277130126953125,0.9929344058036804,-0.1186644583940506,0.0,-0.11894472944843094,-1.2954681652422861,0.003453558711473621,289.5563919842277,3.499997854232788
1229.7310021815736,549.3160400390625,-847.7002410888672,4.220672607421875,0.992293655872345,-0.12390825897455215,0.0,-0.12422753842549458,0.35487459667843113,0.0009454356195236577,1057.713480801404,3.499997854232788
1240.1347798905997,559.6504364013672,-848.8927459716797,4.350189208984375,0.9950659871101379,-0.09921552240848541,0.0,-0.09937902074649659,1.889714309019022,0.002661947087751044,375.6648674954895,2.9999983310699463
1250.4269819965727,569.9039154052734,-849.7459259033203,4.6103363037109375,0.9976068735122681,-0.0691414400935173,0.0,-0.06919664738603613,2.7832891790247256,0.0028954420997206083,345.37040132713884,2.8499984741210938
1260.2720835568502,579.7285614013672,-850.3058319091797,4.9084320068359375,0.9991579651832581,-0.041028644889593124,0.0,-0.04104016476812637,3.1575332992852365,0.003923479553916396,254.8758025263074,2.949998378753662
1269.4606947872062,588.9107360839844,-850.4716339111328,5.209686279296875,0.9999914765357971,0.0041318852454423904,0.0,0.004131896949521365,3.3311377185995363,0.004944874501519899,202.22960151822488,2.949998378753662
1278.1563577728855,597.5987548828125,-850.256103515625,5.5036773681640625,0.9988783597946167,0.04735000059008598,0.0,0.047367711754522056,3.3154361488198725,0.006224062405765316,160.66676951595235,2.4999988079071045
1286.616433324105,606.0280303955078,-849.5893859863281,5.778778076171875,0.9939199686050415,0.11010469496250153,0.0,0.11032838766450653,3.166895812653092,0.00786027491525379,127.22201332416276,3.4989988803863525
1294.9716481034086,614.2924652099609,-848.3883972167969,6.036376953125,0.9839414358139038,0.1784917414188385,0.0,0.1794533584666149,3.040376817841517,0.008188604217669116,122.1209345839711,4.4979987144470215
1303.2389769113747,622.3674163818359,-846.6327056884766,6.28424072265625,0.9697824716567993,0.24397112429141998,0.0,0.24645862227355364,2.968356211222012,0.008070135610316647,123.91365502230552,5.4969987869262695
1311.4084532565664,630.2142486572266,-844.3721923828125,6.5243377685546875,0.9516885876655579,0.30706486105918884,0.0,0.3121073540100705,2.849702490777173,0.007185314197381262,139.17275884253704,6.495998859405518
1319.492093124269,637.8369140625,-841.6907043457031,6.74755859375,0.9346981048583984,0.35544267296791077,0.0,0.3633876168075059,2.568701048004418,0.006276960061962496,159.3127867835038,7.494998931884766
1327.4965587362713,645.2411804199219,-838.6555633544922,6.937896728515625,0.9158798456192017,0.40145257115364075,0.0,0.41310226748685225,2.0839913352737494,0.005305851536801021,188.4711611442704,8.493998527526855
1335.4272888724283,652.4335632324219,-835.3170166015625,7.080078125,0.9012848138809204,0.4332270920276642,0.0,0.44807024805119794,1.4095819271027654,0.0015873601268311319,629.9767665175724,8.650014877319336
1343.2765327602783,659.5180511474609,-831.9385375976562,7.16094970703125,0.9053435921669006,0.4246799051761627,0.0,0.438608284775511,0.6302363423768553,-0.0022391587733089427,446.5962896066716,8.150012969970703
1351.0331560217833,666.5785217285156,-828.7268981933594,7.179168701171875,0.915793776512146,0.4016488492488861,0.0,0.41331658729391973,0.11698442627027794,-0.0046302410946509436,215.97147525541243,7.398002624511719
1358.5011092133952,673.4803771972656,-825.874755859375,7.1794281005859375,0.9327278733253479,0.36058109998703003,0.0,0.3688908267893869,-0.10515997225784002,-0.0078414428166707,127.52755116367442,6.399002552032471
1365.5427609968813,680.1214447021484,-823.5336303710938,7.1648101806640625,0.9550085067749023,0.29657846689224243,0.0,0.30110792023288396,-0.508824451939005,-0.011363287469373737,88.002701920126,5.400002479553223
1372.3428912617414,686.6951446533203,-821.7942962646484,7.1104278564453125,0.9775220155715942,0.21083343029022217,0.0,0.21242747356992966,-0.9044285797332963,-0.013263593601874592,75.39434862198027,4.448997974395752
1379.0645320667927,693.3235473632812,-820.6806793212891,7.0426788330078125,0.9925920963287354,0.12149448692798615,0.0,0.12179538602414569,-1.0492705189617313,-0.014734148758698615,67.86954688574248,3.449997901916504
1385.7143350705876,699.9570159912109,-820.2205505371094,6.970184326171875,0.999878466129303,0.015588709153234959,0.0,0.015589340937117885,-1.027316089774355,-0.01610248059999364,62.102232869660774,2.649998664855957
1392.2777040567569,706.5161743164062,-820.4469146728516,6.906829833984375,0.9958671927452087,-0.09082160890102386,0.0,-0.09094693125088864,-0.852411318733759,-0.01654552353149459,60.43930843871387,2.349998950958252
1398.7510309690324,712.9201202392578,-821.3909149169922,6.858856201171875,0.9800559282302856,-0.19872179627418518,0.0,-0.2000535354143625,-0.5953915533829401,-0.01742939590570045,57.37433502631841,2.4499988555908203
1405.1359379566338,719.0892333984375,-823.0365905761719,6.83001708984375,0.9508095979690552,-0.30977582931518555,0.0,-0.314957262334915,-0.29200039968378944,-0.0181911799470174,54.971695234313735,2.899998426437378
1411.4427646248666,724.9618530273438,-825.3362274169922,6.8215484619140625,0.9085898399353027,-0.4176895022392273,0.0,-0.43090087599531696,0.006851786482919842,-0.017662476524792366,56.617201930676345,3.699997663497925
1417.7091408760127,730.5106811523438,-828.2479095458984,6.8307647705078125,0.8592015504837036,-0.5116373300552368,0.0,-0.5370893344905346,0.2794302705139584,-0.01580619572891189,63.26633031443807,4.698997497558594
1423.989276579024,735.7441711425781,-831.7192230224609,6.8566436767578125,0.808509111404419,-0.5884836912155151,0.0,-0.6291821058871069,0.5161044718619889,-0.014560700972064584,68.67801226867778,5.697997570037842
1430.3066473187755,740.6714324951172,-835.6726684570312,6.8958587646484375,0.7514692544937134,-0.6597681045532227,0.0,-0.7205101330606635,0.7574410820102795,-0.014195812457611229,70.44330875643823,6.69699764251709
1436.6686169604131,745.2538604736328,-840.0854644775391,6.9528045654296875,0.6901121735572815,-0.7237024307250977,0.0,-0.8091522956311739,0.7837152004845915,-0.013019266482365115,76.80924277527633,7.695997714996338
1443.1036163120023,749.5037231445312,-844.917236328125,6.9959869384765625,0.6317535638809204,-0.775169312953949,0.0,-0.8869830377801596,0.5254675904261652,-0.011204574697916768,89.24925996396159,8.694997787475586
1449.6302981702815,753.4472351074219,-850.1177825927734,7.0206451416015625,0.5782469511032104,-0.8158618211746216,0.0,-0.9542180014987725,0.211358392377603,-0.00966013054771303,103.51826976466101,9.693997383117676
1456.2685852049888,757.1058502197266,-855.6568603515625,7.0234375,0.5284572839736938,-0.8489598631858826,0.0,-1.0140139595411486,-0.05651960963833913,-0.006443940730028172,155.18454341767793,10.692996978759766
1463.0513674656636,760.6038665771484,-861.4680480957031,7.0127716064453125,0.5062602758407593,-0.8623807430267334,0.0,-1.0399535995974194,-0.13424329877071983,-0.0026990077387236827,370.5065330686617,11.45002555847168
1470.0176029017414,764.0932464599609,-867.4973602294922,7.00506591796875,0.4969601035118103,-0.8677734136581421,0.0,-1.0507041908301464,-0.009070889946338756,-0.001719681247651872,581.5031136528609,11.500025749206543
1477.1839301904422,767.6130218505859,-873.73974609375,7.01190185546875,0.48509132862091064,-0.8744634985923767,0.0,-1.0643287246097464,0.18020535273309268,-0.00196644043035879,508.53307558243364,11.500025749206543
1484.568141995262,771.1474151611328,-880.2231292724609,7.0316619873046875,0.4719052314758301,-0.8816493153572083,0.0,-1.0793458265461253,0.33336014514067647,-0.0017610377916475045,567.8469847398729,11.400025367736816
1492.1698164802472,774.6935729980469,-886.9469146728516,7.0621490478515625,0.4619540870189667,-0.8869038224220276,0.0,-1.0905991129502064,0.4458917654205474,-0.0015573501852202826,642.1163393373553,11.1500244140625
1499.9826414357176,778.2562103271484,-893.9000701904297,7.1005859375,0.45057716965675354,-0.8927374482154846,0.0,-1.1033845606561603,0.551299012151224,-0.0013404399938901634,746.0236971129501,10.85002326965332
1508.0010256790245,781.8344116210938,-901.0756225585938,7.1496734619140625,0.44314125180244446,-0.8964518308639526,0.0,-1.1116965947558073,0.6642376021353869,-0.0011094502902383868,901.3472787366892,10.450021743774414
1516.2136306933035,785.4351959228516,-908.4565277099609,7.2086029052734375,0.43440327048301697,-0.9007185101509094,0.0,-1.1214206685169437,0.7548208699209469,-0.0008290583133062635,1206.1877722593788,9.950019836425781
1524.6169853034583,789.0671539306641,-916.0341796875,7.275238037109375,0.4308740496635437,-0.9024120569229126,0.0,-1.1253351952832633,0.8090496587256524,-0.0004071917177666251,2455.845628405273,9.350017547607422
1533.1994168603924,792.7507781982422,-923.7855682373047,7.3460845947265625,0.42818230390548706,-0.903692364692688,0.0,-1.1283159150025202,0.8147407104473703,-0.00046967556944575717,2129.129265079839,8.750015258789062
1541.9547233440512,796.4774780273438,-931.7078247070312,7.4164581298828125,0.42347270250320435,-0.9059088826179504,0.0,-1.13352104306365,0.7603751369515133,-0.0006973694142829168,1433.9602218262883,8.10001277923584
1550.875879545738,800.2238922119141,-939.803955078125,7.4803466796875,0.4169789254665375,-0.908916175365448,0.0,-1.1406773805770478,0.6295055196835875,-0.000680877382838313,1468.6932261303627,7.400010108947754
1559.9013011166141,803.9608917236328,-948.0192260742188,7.5292510986328125,0.41239485144615173,-0.9110051989555359,0.0,-1.1457150196616406,0.40308211383798254,-8.338608009540727e-05,11992.409270897937,6.600007057189941
1569.0328598767849,807.7361907958984,-956.3337860107422,7.5532379150390625,0.4156945049762726,-0.9095042943954468,0.0,-1.142090044832738,0.10144395135288087,0.0006115201280192592,1635.269150075312,5.800004005432129
1578.3156712157738,811.6301116943359,-964.7604064941406,7.5474395751953125,0.4226863980293274,-0.9062759876251221,0.0,-1.1343888223336325,-0.21302441174860798,0.0006496672152170244,1539.2495982207527,5.000000953674316
1587.7258719538183,815.6249084472656,-973.280517578125,7.513031005859375,0.42666706442832947,-0.9044087529182434,0.0,-1.1299919709348933,-0.5348808977707897,0.0006789716378087993,1472.8155703634905,4.2999982833862305
1597.105836467765,819.6609497070312,-981.7474975585938,7.4470367431640625,0.4342024326324463,-0.9008153080940247,0.0,-1.1216436162305414,-0.9556450512526515,0.0006296737306637629,1588.1240574318738,3.6499977111816406
1606.4249142107312,823.7241821289062,-990.1333618164062,7.3346405029296875,0.4373144507408142,-0.8993086814880371,0.0,-1.1181860748621932,-1.315052716525389,3.451916791394338e-05,28969.41208122425,4.648997783660889
1615.6174818121856,827.7329864501953,-998.4047393798828,7.2038726806640625,0.434854120016098,-0.9005008935928345,0.0,-1.1209200466320024,-1.2935173191463478,0.00020948094879695567,4773.7037937959385,5.647997856140137
1624.4340778372386,831.5878448486328,-1006.3332824707031,7.100738525390625,0.4403688609600067,-0.8978169560432434,0.0,-1.1147868576868116,-1.3522249967108046,0.0008554970104066723,1168.9111567141963,6.146998405456543
1633.0436128864596,835.4161834716797,-1014.043701171875,6.9689788818359375,0.4481714963912964,-0.8939476013183594,0.0,-1.1060774659620352,-1.6060253387658874,0.0007387793031402717,1353.5842108047393,5.147998332977295
1641.1233785839495,839.0482940673828,-1021.2597961425781,6.8334808349609375,0.45165491104125977,-0.8921927213668823,0.0,-1.102176978756144,-1.740800485157168,0.00011129444616013451,8985.17432362405,4.148998260498047
1648.6148006546298,842.4296264648438,-1027.943344116211,6.698638916015625,0.45009616017341614,-0.8929800987243652,0.0,-1.1039233086546252,-1.883190581417099,0.0010991655277172996,909.7810791762707,3.149998188018799
1655.6357630180141,845.6266021728516,-1034.1926879882812,6.560943603515625,0.4647538959980011,-0.8854398727416992,0.0,-1.0874396687452539,-2.0821991609623836,0.003962255012079349,252.3815344927056,2.8499984741210938
1662.3860433020711,848.8665618896484,-1040.1127319335938,6.41253662109375,0.49738427996635437,-0.867530345916748,0.0,-1.0502153068066788,-2.3458541992347817,0.004855235035121544,205.9632526059506,2.7499985694885254
1668.9977764093876,852.2399597167969,-1045.7967529296875,6.247894287109375,0.5213337540626526,-0.8533528447151184,0.0,-1.0223831516805015,-2.6430432269819115,0.004477623301115355,223.33276668247296,2.899998426437378
1675.2108804788702,855.5518341064453,-1051.0507202148438,6.0747528076171875,0.5461811423301697,-0.8376671075820923,0.0,-0.9929978289184872,-3.0174106567198766,0.008134093603066522,122.93932782172605,3.199998140335083
1681.0170597860526,858.8652648925781,-1055.814926147461,5.8870391845703125,0.599998414516449,-0.8000012040138245,0.0,-0.927297208796724,-3.5495147313686526,0.010361652568918162,96.50970184038972,3.749997615814209
1686.5156354512717,862.2926330566406,-1060.1094207763672,5.675384521484375,0.6407738327980042,-0.7677296996116638,0.0,-0.8752905336073683,-4.0001363010118585,0.005871497346353408,170.31430672808986,4.649999618530273
1691.782122425961,865.6748809814453,-1064.140380859375,5.4571075439453125,0.6505708694458008,-0.7594455480575562,0.0,-0.8624604380239378,-4.199252693711319,0.008107216041370074,123.34690415268686,4.649999618530273
1696.9908812882866,869.1929321289062,-1067.9751434326172,5.235565185546875,0.7031227946281433,-0.7110684514045715,0.0,-0.7910166207252863,-4.75092413749667,0.017314740149177152,57.754259745418295,4.44999885559082
1702.1473821130937,873.0000457763672,-1071.4424591064453,4.965179443359375,0.7754537463188171,-0.6314043402671814,0.0,-0.6833628897749664,-5.401332679027321,0.022591723806326153,44.26399723070177,5.448998928070068
1707.2475097774236,877.1279602050781,-1074.4242858886719,4.6817474365234375,0.8475238084793091,-0.5307573676109314,0.0,-0.5594939429185078,-5.481326817688881,0.025426791341108423,39.328595833610485,6.447999000549316
1712.2858633783974,881.5565185546875,-1076.8114776611328,4.40936279296875,0.9107441902160645,-0.4129709303379059,0.0,-0.4257137567152783,-4.6543236780646975,0.026787212218273477,37.331245664968016,7.4469990730285645
1717.2954135507466,886.2577819824219,-1078.5306091308594,4.213653564453125,0.9581431150436401,-0.28628960251808167,0.0,-0.29035210253367294,-3.898928272628055,0.02209481794007598,45.25948132779958,8.445999145507812
1722.3180005810257,891.1213989257812,-1079.7689208984375,4.018218994140625,0.9792267680168152,-0.20276829600334167,0.0,-0.204184115374322,-3.6969072341618614,0.01845687109643871,54.18036430849603,8.598007202148438
1727.4105169932684,896.1519165039062,-1080.5408325195312,3.8399810791015625,0.9946511387825012,-0.10329119116067886,0.0,-0.1034757509563181,-3.356331182244104,0.017909503007058646,55.83627862849524,8.540000915527344
1732.5776377534735,901.3069000244141,-1080.853500366211,3.6740875244140625,0.9997853636741638,-0.020718131214380264,0.0,-0.020719613530198563,-3.2661858980826244,0.014412204278145374,69.38563877535356,7.747000694274902
1737.8645584936482,906.5903778076172,-1080.7791595458984,3.4983978271484375,0.9989050030708313,0.04678424447774887,0.0,0.04680132861932369,-3.4321380325142536,0.014026334379627727,71.29446460740522,6.748000621795654
1743.3212044451316,912.0220794677734,-1080.2952270507812,3.3049774169921875,0.9915091395378113,0.13003680109977722,0.0,0.13040609957018195,-3.6226213780951646,0.014949424315256744,66.89220794806411,5.749000549316406
1748.9173095928886,917.5317077636719,-1079.337387084961,3.0977783203125,0.9776270985603333,0.21034559607505798,0.0,0.21192844986691628,-3.6302584752570395,0.013395122322469644,74.6540401742021,4.750000476837158
1754.6453846243223,923.0811309814453,-1077.9326629638672,2.894073486328125,0.9605615139007568,0.27806755900382996,0.0,0.281781740590861,-3.4173656020573677,0.011397330422393506,87.73984458985213,4.050000190734863
1760.517358708285,928.6648712158203,-1076.125747680664,2.7017669677734375,0.941444993019104,0.33716657757759094,0.0,0.3439056209153609,-3.376470986163402,0.011599197991904245,86.21285719046767,3.880000352859497
1766.5171173217116,934.2314147949219,-1073.8970489501953,2.4929656982421875,0.9131917953491211,0.4075300693511963,0.0,0.41974769896634784,-3.552241220672245,0.01434880934239231,69.69219369621052,4.000000476837158
1772.5053840359758,939.5726470947266,-1071.198257446289,2.27593994140625,0.8698588013648987,0.49330076575279236,0.0,0.5158802930483084,-3.516253277043729,0.015496672079155137,64.52998391474765,4.6700005531311035
1778.4516508575323,944.6000213623047,-1068.0292663574219,2.0732269287109375,0.8226500153541565,0.5685480833053589,0.0,0.6047398603495476,-3.3755612740696357,0.014129136295362714,70.77573455981222,5.669000625610352
1784.3878840058826,949.3480682373047,-1064.4718017578125,1.8748321533203125,0.7751864790916443,0.6317324638366699,0.0,0.683786088139431,-3.3032841074882775,0.014948637312036703,66.89572963247934,6.271852016448975
1790.3255395208932,953.758544921875,-1060.5011749267578,1.680999755859375,0.7093343138694763,0.704872190952301,0.0,0.7822429607486917,-3.697858664673813,0.016653677764657822,60.04679651735454,7.148148536682129
1796.2498312817283,957.7454986572266,-1056.1260681152344,1.436309814453125,0.6361261010169983,0.7715851068496704,0.0,0.8813292161353659,-3.521503106009412,0.01902868714484328,52.552232972677636,7.62000036239624
1802.191501447749,961.2276763916016,-1051.3148345947266,1.2633514404296875,0.5334545373916626,0.8458287715911865,0.0,1.008116809636492,-1.5965763945480285,0.01947736045482755,51.34165906716306,8.243000030517578
1808.140438067306,964.1419830322266,-1046.128662109375,1.2466583251953125,0.4420623183250427,0.896984338760376,0.0,1.1128997831222163,0.5804620658373866,0.01568527271930578,63.75407159922555,7.24399995803833
1814.1052040458333,966.5155334472656,-1040.6571655273438,1.3327789306640625,0.3670828342437744,0.9301882386207581,0.0,1.1949253502188861,1.6866481578766677,0.011159372421580604,89.61077399533197,6.244999885559082
1820.1349017699642,968.5801391601562,-1034.993148803711,1.44927978515625,0.3187252879142761,0.9478471279144287,0.0,1.2464119918114431,2.079762469007844,0.008321658275316918,120.16835670435128,5.245999813079834
1826.3179866498244,970.3968658447266,-1029.0845947265625,1.5872344970703125,0.27088072896003723,0.9626129269599915,0.0,1.2964884795317606,2.045966806523572,0.00825394095173479,121.15424690430126,4.246999740600586
1832.6946974360628,971.9585876464844,-1022.9032135009766,1.7055206298828125,0.21886934340000153,0.9757542014122009,0.0,1.3501407643977086,1.6476443842446842,0.008362070881604997,119.58760146362958,3.247999906539917
1839.2865409814758,973.2170562744141,-1016.4333038330078,1.8000030517578125,0.1651267260313034,0.9862723350524902,0.0,1.4049098231669017,1.3018794268808975,0.008504633141324769,117.58296723475479,2.248999834060669
1846.0739776668643,974.1414794921875,-1009.7095794677734,1.879180908203125,0.10658900439739227,0.9943031668663025,0.0,1.4640044535720131,0.9974204064250924,0.008502869394313356,117.60735742557578,1.2499998807907104
1852.9975762789045,974.674072265625,-1002.8067321777344,1.9362945556640625,0.04933932423591614,0.9987820982933044,0.0,1.5214369634498819,0.6393146826609547,0.007365429806544269,135.76940195825213,0.8500001430511475
1860.0321510077476,974.8475494384766,-995.7743682861328,1.9680023193359375,0.004191929474473,0.999991238117218,0.0,1.566604385145203,0.30864402849584416,0.0042887519610449315,233.1680659275887,0.8000001311302185
1867.1463332159562,974.8102416992188,-988.6602935791016,1.979736328125,-0.010979554615914822,0.9999397397041321,0.0,1.5817761018366723,0.194679190395311,0.001160046197706377,862.0346344629917,0.9500001668930054
1874.4262118736187,974.7343597412109,-981.3808288574219,1.996124267578125,-0.0121794817969203,0.9999258518218994,0.0,1.5829761094309307,0.2575506052538368,0.0006482210309225467,1542.6836716124471,1.149999976158142
1881.9112885553523,974.6089019775391,-973.8968353271484,2.0178985595703125,-0.020750414580106735,0.9997847080230713,0.0,1.5915482303445978,0.28655008309201035,0.0009009984608700367,1109.8798093776586,1.399999737739563
1889.6035142158808,974.4278259277344,-966.2067718505859,2.0395965576171875,-0.025749078020453453,0.9996684193611145,0.0,1.5965482514698561,0.250569151851493,0.00032651409646074214,3062.654907826417,1.699999451637268
1897.497360647852,974.2220001220703,-958.3156280517578,2.05682373046875,-0.025705987587571144,0.9996695518493652,0.0,1.5965051461638333,0.1553573669950542,-0.00015220648296014605,6570.022383749852,2.049999237060547
1905.585723422007,974.0240783691406,-950.2296905517578,2.064178466796875,-0.023259438574314117,0.9997294545173645,0.0,1.5940578633012124,0.03505974663878947,-0.0002998339696347052,3335.1791367013,2.049999237060547
1913.863645946529,973.8415374755859,-941.9537811279297,2.062347412109375,-0.020801199600100517,0.9997836351394653,0.0,1.5915990266925386,-0.017693335460114423,-0.0003152973442484691,3171.6093339877707,1.699999451637268
1922.320705642199,973.6762542724609,-933.4983367919922,2.0612335205078125,-0.017977459356188774,0.9998384118080139,0.0,1.588774754296367,0.0005165834496542732,-0.000478689058765594,2089.0387647019174,2.049999237060547
1930.9550379120865,973.5428009033203,-924.8650360107422,2.0624847412109375,-0.012569054029881954,0.9999210238456726,0.0,1.5833657115735693,0.07469639298871705,-0.0007634872979055685,1309.7794851901838,2.2999989986419678
1939.7499205023755,973.4644165039062,-916.0705108642578,2.0744476318359375,-0.004627017304301262,0.9999892711639404,0.0,1.5754233607212182,0.17365719753259373,-0.0009159293980032096,1091.7872078132552,2.4999988079071045
1948.7046225963707,973.4611968994141,-907.1158294677734,2.0934295654296875,0.0036921226419508457,0.9999932050704956,0.0,1.5671041958419887,0.19555330607038263,-0.0008001085700510557,1249.8303823144763,2.649998664855957
1957.8074648833092,973.5233764648438,-898.0132141113281,2.109710693359375,0.009782293811440468,0.9999521374702454,0.0,1.5610138768158415,0.1065804833393566,-0.0005962672429816601,1677.100346816734,2.7499985694885254
1967.052402224073,973.6362762451172,-888.7689666748047,2.1127777099609375,0.014610943384468555,0.9998932480812073,0.0,1.55618486341059,0.001778103183724955,-0.0005316302896913455,1881.0064426174458,2.7499985694885254
1976.4349840574287,973.7975616455078,-879.3877716064453,2.109954833984375,0.019686708226799965,0.9998062252998352,0.0,1.55110834723273,-0.03171625096078934,-0.0005757937056031504,1736.7331220692813,2.7499985694885254
1985.9464221810108,974.0114135742188,-869.8787384033203,2.106781005859375,0.025496771559119225,0.999674916267395,0.0,1.5452967922149676,-0.020881674927160365,-0.000636022192867125,1572.2721804597716,2.699998617172241
1995.5758284577266,974.289794921875,-860.2533569335938,2.105987548828125,0.0318625271320343,0.9994922876358032,0.0,1.5389284068048157,0.01170055771302081,-0.00048035091932027707,2081.8113586938794,3.449997901916504
2005.2442787834773,974.6168060302734,-850.5904388427734,2.1090545654296875,0.03474811837077141,0.9993960857391357,0.0,1.5360412114008415,0.05600465898058238,-4.865173620662022e-05,20554.25104980994,3.449997901916504
2015.033108876524,974.9472198486328,-840.8071899414062,2.116943359375,0.032748136669397354,0.9994636178016663,0.0,1.538042333300778,0.11107763984038455,0.00023269030476159858,4297.557652969443,3.249998092651367
2024.9443011229987,975.2584075927734,-830.9008941650391,2.131011962890625,0.03015957772731781,0.9995450973510742,0.0,1.5406321750291063,0.18261932420552962,0.00024820064302180644,4028.9984257298715,4.248998165130615
2034.9745229957618,975.5474395751953,-820.8748626708984,2.1534576416015625,0.027804076671600342,0.9996134042739868,0.0,1.5429886668188928,0.275686929777956,0.0002451849979643872,4078.5529632822345,5.247998237609863
2045.1195414969247,975.8138885498047,-810.7333984375,2.1867523193359375,0.025212448090314865,0.9996821284294128,0.0,1.545581207138549,0.3516479102038575,0.0002993787630089506,3340.250290131978,5.300002098083496
2055.375664016472,976.0541839599609,-800.4801635742188,2.225250244140625,0.021688498556613922,0.9997648000717163,0.0,1.5491061280362548,0.3633198599753931,0.0004028698683142401,2482.1910960588298,5.250001907348633
2065.739446231538,976.2503204345703,-790.1183013916016,2.2616424560546875,0.016894368454813957,0.9998573064804077,0.0,1.5539011550204516,0.3363417602759988,0.000367117386780455,2723.924379528295,5.2000017166137695
2076.2083845846355,976.4079742431641,-779.6506042480469,2.2952880859375,0.014061879366636276,0.9999011158943176,0.0,1.556733983808096,0.30166296271940674,6.088942241469497e-05,16423.213759351762,5.250001907348633
2086.7799723198914,976.5612487792969,-769.0801696777344,2.3250732421875,0.015656650066375732,0.9998774528503418,0.0,1.5551390374062106,0.25254742211524434,-0.0001314141694927634,7609.529504008828,5.250001907348633
2097.4507599415756,976.7324371337891,-758.4107818603516,2.348876953125,0.01684921607375145,0.999858021736145,0.0,1.553946313042084,0.18313499983451526,-0.00017170057130076744,5824.092444330326,5.250001907348633
2108.219394776944,976.9264373779297,-747.6439056396484,2.3642578125,0.019349023699760437,0.9998127818107605,0.0,1.5514460954011702,0.10067480961453851,-0.00023177349409125858,4314.557209920905,5.250001907348633
2119.084311821267,977.1487579345703,-736.7812652587891,2.370574951171875,0.021862277761101723,0.9997609853744507,0.0,1.5489323069716032,0.029473455474293697,-0.00018327211942514854,5456.36730309335,4.647998809814453
2130.0429931930826,977.3995819091797,-725.8254547119141,2.370635986328125,0.023338710889220238,0.9997276067733765,0.0,1.5474554964415577,-0.012095118821875417,-5.907155439119349e-06,169286.21741991641,3.648998737335205
2141.0939690462574,977.6478118896484,-714.7772674560547,2.367889404296875,0.021968381479382515,0.9997586607933044,0.0,1.5488261777915877,-0.02277562162289748,-5.604265891812066e-05,17843.550240202167,2.649998664855957
2152.235268234842,977.9053955078125,-703.6389465332031,2.3655853271484375,0.024614721536636353,0.9996970295906067,0.0,1.546179119404113,-0.01587935828756687,-0.0002312738427970168,4323.878515209672,2.2999989986419678
2163.403787540084,978.1961517333984,-692.4742126464844,2.364349365234375,0.02712615393102169,0.9996320009231567,0.0,1.5436668445954116,-0.008900393865061973,-6.307332969784918e-05,15854.561742506205,1.5499995946884155
2174.4754715937574,978.4907379150391,-681.4064483642578,2.3636016845703125,0.026048237457871437,0.9996606707572937,0.0,1.544745142343804,-0.003985742282816562,-2.082488842382324e-05,48019.4649617436,2.1999990940093994
2185.38594056962,978.7823791503906,-670.4998779296875,2.36346435546875,0.027545934543013573,0.9996205568313599,0.0,1.5432469080161049,-0.0183768729690878,-9.728664696273537e-05,10278.902924704966,2.349998950958252
2195.742017203839,979.0743560791016,-660.1479187011719,2.3598785400390625,0.028159674257040024,0.9996034502983093,0.0,1.5426329299462094,-0.05893649913283894,0.00015213333703988086,6573.181259659452,3.3489990234375
2205.450565397922,979.3366241455078,-650.4429168701172,2.3519439697265625,0.024759631603956223,0.9996934533119202,0.0,1.5460341652161116,-0.006338238853553779,0.0005503325608404303,1817.0831078445883,3.3600001335144043
2214.5095060815897,979.5295257568359,-641.3860321044922,2.3577423095703125,0.01808519847691059,0.9998364448547363,0.0,1.5527101422226397,0.07063034230644638,0.001339660870967735,746.4575712192199,3.1800003051757812
2222.934673981519,979.6197204589844,-632.9613494873047,2.3642120361328125,0.0020766248926520348,0.9999978542327881,0.0,1.5687197004313518,0.05341970473952684,0.0019006206089178246,526.1439317809882,3.250000238418579
2230.98156020971,979.5684356689453,-624.9146270751953,2.3667144775390625,-0.01322024967521429,0.9999126195907593,0.0,1.5840169614510262,0.06073945052728624,0.0021429126907837326,466.6545698762312,3.5200002193450928
2238.7510697616412,979.4052124023438,-617.1468353271484,2.3736572265625,-0.03167934715747833,0.9994980692863464,0.0,1.6024809755964475,0.1298513482596908,0.003614084854273017,276.69521893424184,3.940000295639038
2246.3507977037234,979.028564453125,-609.5564575195312,2.38653564453125,-0.06829749792814255,0.9976649880409241,0.0,1.6391470334483296,0.20758955630588438,0.005557026626878583,179.9523499065374,4.380000114440918
2253.8653358208217,978.3501129150391,-602.0726318359375,2.40496826171875,-0.11529397964477539,0.9933314323425293,0.0,1.6863472725161002,0.2986097602639515,0.007583729080706578,131.86125049536048,5.048997402191162
2261.3039258460053,977.2515716552734,-594.7156524658203,2.4311065673828125,-0.18055857717990875,0.9835642576217651,0.0,1.7523506552412746,0.41010135369862477,0.008954970039715696,111.66983201115748,5.100000381469727
2268.686206969403,975.6796722412109,-587.5027465820312,2.4656829833984375,-0.24571983516216278,0.9693409204483032,0.0,1.8190585449331398,0.6927876849257886,0.009118582508488862,109.66616785767513,5.048997402191162
2276.075857459029,973.6187286376953,-580.4066314697266,2.533477783203125,-0.31100910902023315,0.9504069089889526,0.0,1.8870509470424768,0.9106660399780087,0.008752728288580647,114.25009060371063,6.04799747467041
2283.490178787681,971.0970458984375,-573.4346313476562,2.600494384765625,-0.368890643119812,0.929472804069519,0.0,1.9486115309252423,0.7033936547825276,0.008232711923866931,121.46665755435504,7.046997547149658
2290.9518801142945,968.1371917724609,-566.5851898193359,2.6379241943359375,-0.42477917671203613,0.9052969813346863,0.0,2.009514281102491,0.424753462545463,0.008393981361805442,119.13297836831417,8.045997619628906
2298.4803337491503,964.7182769775391,-559.8778839111328,2.6640625,-0.48264598846435547,0.8758155107498169,0.0,2.074469715214934,0.3480326697319541,0.008549100084410649,116.97137594909057,9.044997215270996
2306.08610176826,960.8356628417969,-553.3378295898438,2.6905975341796875,-0.5380227565765381,0.8429303169250488,0.0,2.1388859951975476,0.38297409419326967,0.008835165229031966,113.18407455630188,10.043996810913086
2313.7801294545166,956.4698333740234,-547.0024871826172,2.72271728515625,-0.5963244438171387,0.8027434945106506,0.0,2.20971087776355,0.4804907544771031,0.00948736615369214,105.4033315253503,11.042996406555176
2321.570601766028,951.5885162353516,-540.9310455322266,2.7651214599609375,-0.6556563377380371,0.7550594210624695,0.0,2.2858478888895815,0.606399266407523,0.009770653321616557,102.3473013608623,12.041996002197266
2329.4653418309285,946.1845855712891,-535.1759033203125,2.817962646484375,-0.7118781208992004,0.7023030519485474,0.0,2.3629651379860332,0.7229220010890214,0.009717710700933774,102.90489506997879,11.93899917602539
2337.4617423514587,940.2762298583984,-529.7879638671875,2.8801116943359375,-0.7639849781990051,0.6452340483665466,0.0,2.440263068090671,0.8418949391630126,0.009578034943825808,104.40554934962101,10.9399995803833
2345.5492935933157,933.8987579345703,-524.81494140625,2.9534912109375,-0.8112022876739502,0.584765613079071,0.0,2.517001554165659,0.9713181942497401,0.009406290421382635,106.31183550603252,9.940999984741211
2353.7471414558854,927.0673675537109,-520.2839813232422,3.0384368896484375,-0.8534834384918213,0.5211199522018433,0.0,2.593430009854892,1.1359776996046622,0.009267670754509155,107.90197736723148,8.942000389099121
2362.0612030487914,919.8081970214844,-516.2321319580078,3.14129638671875,-0.8908529281616211,0.45429182052612305,0.0,2.6700155456208527,1.3216361359103508,0.008875157844724563,112.67405239382924,7.943000316619873
2370.4873693108816,912.1649017333984,-512.6872406005859,3.2598724365234375,-0.9211908578872681,0.38911107182502747,0.0,2.741926239827821,1.356261256774921,0.007934620918616853,126.02996542074476,6.944000244140625
2379.027929973696,904.1945343017578,-509.6209716796875,3.3712921142578125,-0.9437208771705627,0.33074289560317993,0.0,2.8045019809564606,1.1376092876512256,0.007115765252176026,140.53302274048409,5.945000171661377
2387.67944503734,895.9479064941406,-507.0066223144531,3.455078125,-0.9617764949798584,0.27383556962013245,0.0,2.864213860320361,0.8104213631814905,0.007226824534999787,138.37336096330577,4.946000099182129
2396.4364818660592,887.4505004882812,-504.8908386230469,3.5120391845703125,-0.9777773022651672,0.20964622497558594,0.0,2.930379522608318,0.5505856605508341,0.0076331796013373865,131.00700523603467,3.94700026512146
2405.291099323072,878.7333374023438,-503.33721923828125,3.551849365234375,-0.9898027777671814,0.14244450628757477,0.0,2.9986619831543995,0.3181478445648811,0.00659935496398617,151.52996095181638,2.948000192642212
2414.2479603513766,869.8360900878906,-502.30567932128906,3.5684356689453125,-0.99559485912323,0.0937596783041954,0.0,3.047695057396712,0.10226329040799176,0.00321748161946514,310.80208631191357,1.9490001201629639
2423.31269121858,860.8075256347656,-501.4967498779297,3.570098876953125,-0.9963525533676147,0.0853324607014656,0.0,3.056156293876921,0.10848172799091116,0.0006387649881572366,1565.5209952644475,0.9500001668930054
2432.4359269156953,851.7169342041016,-500.7258758544922,3.5882720947265625,-0.9966140985488892,0.08222142606973648,0.0,3.0592783044418748,0.2559430926397377,-0.0007838488086200079,1275.7562287560702,1.0000001192092896
2441.7051428404834,842.4867553710938,-499.87657165527344,3.617340087890625,-0.9949856996536255,0.10001714527606964,0.0,3.0414079993483956,-0.01792929578070257,-0.002213276519112184,451.818826687382,1.0000001192092896
2451.1281083830413,833.1206665039062,-498.8433532714844,3.583892822265625,-0.9923498034477234,0.12345799803733826,0.0,3.0178188634074212,-0.2505856809519369,-0.0027075048660210044,369.3437498672411,1.0000001192092896
2460.7049807858307,823.6332550048828,-497.5374755859375,3.5700531005859375,-0.9885171055793762,0.15110909938812256,0.0,2.9899024958967635,-0.07269572542078495,-0.003464222532761435,288.66505847788886,0.10000000149011612
2470.4200862662224,814.0601043701172,-495.8827667236328,3.570068359375,-0.9818606972694397,0.18960362672805786,0.0,2.9508342153700866,0.0001559883483076563,-0.004571272219740852,218.7574819284533,1.0989999771118164
2480.2708738260844,804.4388580322266,-493.76861572265625,3.5700836181640625,-0.9710325598716736,0.23894713819026947,0.0,2.900311213739395,0.011622933525809453,-0.005159449503752883,193.81912726786442,2.0980000495910645
2490.2504287457273,794.8137969970703,-491.13238525390625,3.5724029541015625,-0.9573585987091064,0.28890228271484375,0.0,2.8485126272348045,0.06301556699921385,-0.0049165260091175444,203.3956493152952,3.0970001220703125
2500.3551038106966,785.2106018066406,-487.98866271972656,3.5828399658203125,-0.9427689909934998,0.3334466516971588,0.0,2.8016355563636,0.1509861260197115,-0.0038827456307648223,257.5497071135768,4.0960001945495605
2510.58507208684,775.6266784667969,-484.4109191894531,3.6032257080078125,-0.9316591024398804,0.3633336126804352,0.0,2.769749098636075,0.2536062534295086,-0.0024382925456674087,410.12305999823343,5.095000267028809
2520.9432196335115,766.0128021240234,-480.5555877685547,3.63519287109375,-0.9249159693717957,0.38017165660858154,0.0,2.751610780608767,0.3723659437242288,-0.0016784929875309773,595.7725217970532,6.094000339508057
2531.4218425864515,756.3536224365234,-476.4936065673828,3.68096923828125,-0.9183915257453918,0.3956727981567383,0.0,2.7347923258093223,0.5095499539998133,-0.0020997971324687725,476.2364823425968,7.093000411987305
2542.0181261634993,746.6786041259766,-472.1725616455078,3.7427520751953125,-0.9071429371833801,0.4208226501941681,0.0,2.707240668304717,0.6665533770821019,-0.0024289160361555817,411.7062858964739,8.092000007629395
2552.7230354523845,737.02392578125,-467.5491638183594,3.8231353759765625,-0.8967166543006897,0.4426051080226898,0.0,2.683090902820509,0.8440064593772778,-0.0018915429888898133,528.668925778378,9.090999603271484
2563.5368971743915,727.3660125732422,-462.6856231689453,3.9245758056640625,-0.8893037438392639,0.45731696486473083,0.0,2.666616798539214,1.0415071131592402,-0.001444310097019827,692.3720896664703,10.089999198913574
2574.4518055095828,717.7033081054688,-457.6110076904297,4.049652099609375,-0.8823946118354797,0.4705100953578949,0.0,2.65172388406058,1.2598479941863334,-0.0012421941370339001,805.0271452639366,11.088998794555664
2585.4662617405447,708.0166625976562,-452.37037658691406,4.201080322265625,-0.8765295743942261,0.4813479781150818,0.0,2.6394007233140875,1.4983568636413758,-0.0008538637399097826,1171.1470498860367,12.087998390197754
2596.5693292559545,698.3041687011719,-446.9932861328125,4.3812713623046875,-0.8733749985694885,0.48704835772514343,0.0,2.632885677091501,1.756179101186242,-0.0004561173286826148,2192.418347463929,11.500025749206543
2607.757824842907,688.5450286865234,-441.5254821777344,4.5927886962890625,-0.8716012239456177,0.49021559953689575,0.0,2.6292555653219876,2.0330041565661205,-0.00021421823995282363,4668.1365705377175,11.00002384185791
2619.031870823334,678.7251892089844,-435.992431640625,4.8381805419921875,-0.8710305690765381,0.49122878909111023,0.0,2.6280927238874137,2.3285496434429094,4.001748324294896e-06,249890.7774706694,10.40002155303955
2630.3886252232737,668.8337097167969,-430.4197235107422,5.1200103759765625,-0.8716543316841125,0.49012115597724915,0.0,2.6293639166835883,2.643468051767575,0.000169403094388218,5903.079891258174,9.899015426635742
2641.823819408772,658.8628997802734,-424.8301239013672,5.4409332275390625,-0.8729251623153687,0.4878541827201843,0.0,2.6319627975632454,2.977831326464009,0.0002274532630236331,4396.507602074264,8.900015830993652
2653.333090204177,648.8137054443359,-419.2314147949219,5.8035125732421875,-0.8742002844810486,0.4855654835700989,0.0,2.634582737294921,3.3326051370804413,0.00023411385230609483,4271.426018365366,8.55001449584961
2664.8610199394093,638.7342834472656,-413.651611328125,6.208740234375,-0.8755437135696411,0.48313891887664795,0.0,2.6373563672116296,3.70615846544734,0.00024285462228262888,4117.689795651581,8.200013160705566
2676.422298757232,628.6112365722656,-408.0852813720703,6.65936279296875,-0.8769093155860901,0.48065581917762756,0.0,2.640190208855492,4.097349427469371,0.0002955603706245452,3383.4035256043007,7.900012016296387
2688.0485129341114,618.4162292480469,-402.51922607421875,7.1590728759765625,-0.8788373470306396,0.4771214723587036,0.0,2.644216241023487,4.509337102284583,0.0005643810893851825,1771.8524217198096,7.65001106262207
2699.7401533445977,608.1266174316406,-396.9953155517578,7.71112060546875,-0.8831721544265747,0.46904900670051575,0.0,2.653378983192187,4.9210800719714065,0.0006478025103022617,1543.680340993746,7.450010299682617
2711.492610552019,597.7436828613281,-391.5224151611328,8.313018798828125,-0.8859741687774658,0.46373462677001953,0.0,2.6593868135831915,5.275261345099846,0.0005427845089334415,1842.3517685959312,7.350009918212891
2723.3035276330484,587.2782135009766,-386.08546447753906,8.954330444335938,-0.8891004920005798,0.4577120244503021,0.0,2.666172520028226,5.532214961660703,0.0006749297566934903,1481.6356666492861,7.300009727478027
2735.1705220732792,576.7180786132812,-380.713134765625,9.623046875,-0.8932766914367676,0.4495072364807129,0.0,2.6753790278711813,5.687336235850032,0.000595612540937665,1678.9438288618187,7.400010108947754
2747.09216161298,566.0717926025391,-375.3920593261719,10.307327270507812,-0.8954874873161316,0.44508668780326843,0.0,2.6803215898311072,5.751610450350691,0.0003152552024105748,3172.0332998585795,7.550010681152344
2759.067100200071,555.3584899902344,-370.0865936279297,10.99749755859375,-0.896632969379425,0.44277453422546387,0.0,2.6829019361489808,5.745762644115759,8.716018136142867e-05,11473.128949253585,7.750011444091797
2771.093800374853,544.5927276611328,-364.77008056640625,11.686386108398438,-0.8964107632637024,0.44322431087493896,0.0,2.6824002643498295,5.6700234168625405,-0.00016520082688971371,6053.238466340058,7.95001220703125
2783.1707269046847,533.7921447753906,-359.4090881347656,12.364120483398438,-0.8948572278022766,0.446352481842041,0.0,2.678907566514202,5.512752814598176,-0.000381869971037202,2618.6924237166045,8.200013160705566
2795.29676696952,522.9724426269531,-353.97364807128906,13.020538330078125,-0.8922719359397888,0.4514983594417572,0.0,2.6731487574015573,5.2719485770833625,-0.0005521329741097342,1811.1579037865145,8.350013732910156
2807.4709736645755,512.1436004638672,-348.4457702636719,13.64508056640625,-0.8887847661972046,0.4583248496055603,0.0,2.6654831453335897,4.944358494208878,-0.0005384954754294041,1857.0258166098527,8.500014305114746
2819.692231932065,501.31329345703125,-342.813232421875,14.2265625,-0.8862678408622742,0.4631730914115906,0.0,2.6600205053531116,4.525926970206006,-0.00030159806679566636,3315.6711202578867,8.55001449584961
2831.9603716951133,490.4545135498047,-337.1284484863281,14.75323486328125,-0.8853816986083984,0.46486470103263855,0.0,2.658110847682361,4.016206215337547,-0.00021871319285050872,4572.197895183688,8.55001449584961
2844.276126941196,479.5682373046875,-331.3878173828125,15.213638305664062,-0.8837618231773376,0.46793699264526367,0.0,2.6546376669063387,3.421675376700617,-0.00021334388242261193,4687.268219948789,8.55001449584961
2856.6409264667095,468.65309143066406,-325.5912170410156,15.597412109375,-0.8829249143600464,0.46951422095298767,0.0,2.652852151195292,2.8904531297133884,0.00018498723924406657,5405.778280093311,8.500014305114746
2869.0571676873524,457.6774139404297,-319.7957763671875,15.929702758789062,-0.8859133720397949,0.4638506770133972,0.0,2.659255802511477,2.537024318503789,0.00044004245089708516,2272.5080227177327,8.450014114379883
2881.5220090582,446.6228942871094,-314.04420471191406,16.228515625,-0.8880090713500977,0.45982590317726135,0.0,2.663793510758087,2.2905055875921287,0.00023461990802244037,4262.212906094714,8.500014305114746
2894.036015641402,435.50999450683594,-308.29710388183594,16.501739501953125,-0.8886107206344604,0.45866215229034424,0.0,2.6651035864323918,2.0921881986893265,0.00015992229759458076,6253.036724966904,8.600014686584473
2906.5973110581913,424.3424530029297,-302.5517578125,16.7530517578125,-0.8898482918739319,0.45625656843185425,0.0,2.6678088443972805,1.357546833513823,-1.2123915326706092e-05,82481.60540986613,8.7000150680542
2919.2002289844363,413.13279724121094,-296.79249572753906,16.842819213867188,-0.8884620666503906,0.45895010232925415,0.0,2.664779528982596,0.07228080519015023,-0.00037045159904611213,2699.407972795724,8.7000150680542
2931.866151432852,401.9016418457031,-290.9374542236328,16.7705078125,-0.8855307698249817,0.464580774307251,0.0,2.6584315291635714,-0.8131167027050523,-0.00026090301235191793,3832.841909280657,8.7000150680542
2944.5897203500463,390.63714599609375,-285.0228729248047,16.636093139648438,-0.8854153156280518,0.46480074524879456,0.0,2.6581831003303242,-1.0012030433322439,6.0159732411746436e-05,16622.41436108426,8.600014686584473
2957.366235594817,379.3198699951172,-279.0946350097656,16.5152587890625,-0.8862463235855103,0.463214248418808,0.0,2.659974062997211,-0.9993385603351834,0.00016887224195971662,5921.636311541026,8.55001449584961
2970.1905145822498,367.94757080078125,-273.1688690185547,16.380203247070312,-0.887417733669281,0.4609660804271698,0.0,2.662509110238123,-1.3012762658179633,0.00021586561645371705,4632.511728492001,8.500014305114746
2983.036685850003,356.5399169921875,-267.26548767089844,16.181106567382812,-0.8887999057769775,0.45829543471336365,0.0,2.6655162276871964,-1.9926181475688032,0.00019445127104496251,5142.67659257816,8.500014305114746
2995.8769329356787,345.12303161621094,-261.3978729248047,15.868423461914062,-0.8897092938423157,0.4565275013446808,0.0,2.667504336441891,-2.774625372288153,-2.8180498475458005e-05,35485.532694564856,8.55001449584961
3008.773331440943,333.6615905761719,-255.49948120117188,15.466629028320312,-0.8884578347206116,0.458958238363266,0.0,2.6647703581805313,-3.2103295777251573,-0.0002539803380738753,3937.3126580732787,8.650014877319336
3021.724916136383,322.1713562011719,-249.5383758544922,15.03851318359375,-0.8866909742355347,0.4623625874519348,0.0,2.6609348130470987,-3.304876064129403,-0.00038367420835250243,2606.377958773933,8.800015449523926
3034.729040366038,310.6650695800781,-243.49453735351562,14.60882568359375,-0.8838390111923218,0.46779122948646545,0.0,2.654802605947903,-3.20714031102608,-0.0005591647778590281,1788.3815998369475,8.900015830993652
3047.7843443926604,299.15496826171875,-237.3468780517578,14.202850341796875,-0.8798554539680481,0.47524136304855347,0.0,2.6463543136598817,-2.909316246987781,-0.0008104156725256967,1233.934675625726,8.900015830993652
3060.887849717238,287.67137145996094,-231.0458526611328,13.847976684570312,-0.8737165331840515,0.4864354431629181,0.0,2.633587325273034,-2.4064622221224297,-0.0012136814855707445,823.9394041095891,9.150016784667969
3074.0319559786926,276.2435607910156,-224.5576934814453,13.571456909179688,-0.8642624020576477,0.5030412077903748,0.0,2.6144786066069443,-1.7020768821458643,-0.001831957610060983,545.8641589238036,9.650018692016602
3087.2019021050173,264.9600830078125,-217.7678985595703,13.400299072265625,-0.8492510318756104,0.5279892086982727,0.0,2.585361533736548,-0.8268885123546732,-0.0019262492218030808,519.1436230997888,10.050020217895508
3100.3040685433975,253.91165161132812,-210.72540283203125,13.35357666015625,-0.8376885652542114,0.5461481809616089,0.0,2.5638334861436993,0.06413297301808285,-0.0016971388332033127,589.2269862875754,10.450021743774414
3113.275258152268,243.12545776367188,-203.5208282470703,13.415924072265625,-0.8250717520713806,0.5650279521942139,0.0,2.5411255160213844,0.818794051753402,-0.0015919752363067613,628.1504744507896,11.100024223327637
3125.85615564948,232.81614685058594,-196.31137084960938,13.560195922851562,-0.8147146105766296,0.579862117767334,0.0,2.523033203170906,1.4014029948718476,-0.0011081226649913012,902.4271694757277,11.800026893615723
3137.753145737565,223.15798950195312,-189.36729431152344,13.755569458007812,-0.8091861605644226,0.5875523686408997,0.0,2.513561963094925,1.813764278038199,-0.0007800219119925011,1282.0152672962522,12.350028991699219
3148.9456246471823,214.13095092773438,-182.7540283203125,13.976638793945312,-0.804126501083374,0.5944582223892212,0.0,2.5050009224827354,2.0765664076393797,-0.0009513043362912449,1051.1883125631489,13.100031852722168
3159.5249825270066,205.6599884033203,-176.42056274414062,14.206466674804688,-0.7969785928726196,0.6040075421333313,0.0,2.493072645713995,2.217903678306965,-0.001490465530222862,670.9313162381386,14.000035285949707
3169.537550422452,197.736328125,-170.3037109375,14.432846069335938,-0.7857535481452942,0.6185396909713745,0.0,2.474709790328755,2.27684623324218,-0.0017860828068382573,559.8844556206275,14.850038528442383
3179.1021339610147,190.27392578125,-164.32493591308594,14.652069091796875,-0.7753492593765259,0.6315326690673828,0.0,2.4580642772513417,2.2468005096928367,-0.001630032582909835,613.4846692541942,15.400040626525879
3188.377487126183,183.12745666503906,-158.41575622558594,14.856399536132812,-0.766350507736206,0.6424226760864258,0.0,2.443937242711343,2.111281620164096,-0.0009820217265374687,1018.3074090691673,15.750041961669922
3197.495725680843,176.15748596191406,-152.5397186279297,15.040695190429688,-0.7637072801589966,0.6455627083778381,0.0,2.439832796544786,1.8996456981264065,-0.0003526122594436354,2835.9762691683973,16.000041961669922
3206.476379901808,169.3013916015625,-146.74139404296875,15.200546264648438,-0.7622178196907043,0.6473206281661987,0.0,2.4375287182555474,1.6233633838176775,-0.0011416388462040516,875.9337537654743,15.338995933532715
3215.309637214509,162.6164093017578,-140.968994140625,15.330337524414062,-0.7505924105644226,0.6607654690742493,0.0,2.4197545176846935,1.2804588748002388,-0.0025313116767939625,395.05210249989915,14.339996337890625
3223.8423548972064,156.28201293945312,-135.2528839111328,15.424026489257812,-0.7332438826560974,0.6799657344818115,0.0,2.3938767474179707,0.8820255336340677,-0.0030142795653466115,331.7542312585761,13.340996742248535
3231.95907193537,150.40274047851562,-129.6571502685547,15.47894287109375,-0.7164896130561829,0.6975977420806885,0.0,2.3695534577740722,0.44105163122272195,-0.002960085456853695,337.8280845522988,12.341997146606445
3239.6885443340875,144.9201202392578,-124.20872497558594,15.495697021484375,-0.7005348205566406,0.7136182188987732,0.0,2.34694299851839,0.12075176553165701,-0.0041949284181090896,238.3830903247596,11.342997550964355
3247.1802644515496,139.77684020996094,-118.761474609375,15.497772216796875,-0.6709578037261963,0.7414954900741577,0.0,2.306296108263863,0.036055997321771116,-0.006540247540909344,152.89941148939477,10.343997955322266
3254.5835201932805,134.9586181640625,-113.14071655273438,15.501052856445312,-0.6279574632644653,0.7782476544380188,0.0,2.249722222482672,0.05628995741793208,-0.009366732006981432,106.7608210904995,9.344998359680176
3261.90649521603,130.59046936035156,-107.26319885253906,15.50604248046875,-0.5628572702407837,0.8265541195869446,0.0,2.168634913894939,0.07208096603030789,-0.01177852010307645,84.90030931295081,8.345998764038086
3269.136684458911,126.79533386230469,-101.109130859375,15.51153564453125,-0.48611730337142944,0.8738935589790344,0.0,2.078437579487945,-0.05648421669883774,-0.012447051720583191,80.34031049668896,7.346998691558838
3276.270025471196,123.60427856445312,-94.72935485839844,15.498184204101562,-0.40689244866371155,0.9134760499000549,0.0,1.9898459134372186,-0.10414222152219654,-0.013065741968983524,76.53602852206005,6.34799861907959
3283.321013496831,121.05262756347656,-88.15626525878906,15.496627807617188,-0.31686118245124817,0.9484719038009644,0.0,1.8932146415774243,-0.010979275203282235,-0.013051079892819395,76.62201198769708,5.348998546600342
3290.298974704228,119.13690185546875,-81.44642639160156,15.496627807617188,-0.23368090391159058,0.9723133444786072,0.0,1.80665801526714,0.0030002126206518653,-0.013238885934121994,75.5350567242666,4.349998474121094
3297.2020058797134,117.85652160644531,-74.66317749023438,15.497039794921875,-0.13832885026931763,0.9903863668441772,0.0,1.7095701684476188,0.005314788799526404,-0.013699810608063412,72.99370981168322,3.9499974250793457
3304.071600447315,117.22016906738281,-67.8231201171875,15.497360229492188,-0.04713752120733261,0.9988884329795837,0.0,1.6179513205302354,-0.001323912365247537,-0.013140923759770023,76.09815095811048,3.2999980449676514
3310.950291633947,117.20639038085938,-60.94444274902344,15.496856689453125,0.04187551885843277,0.9991228580474854,0.0,1.528908560669859,-0.024720557652657682,-0.012111501026426774,82.56614913527588,3.249998092651367
3317.883168026278,117.77799987792969,-54.03517150878906,15.493927001953125,0.11974513530731201,0.9928046464920044,0.0,1.4507631579979496,-0.24461336851619997,-0.010204117468454788,97.9996558341689,3.8999974727630615
3324.9147361419687,118.85476684570312,-47.08660888671875,15.462295532226562,0.18313099443912506,0.983088493347168,0.0,1.3866259543664399,-0.45034789029883004,-0.007449289633761208,134.24098795512825,4.8989973068237305
3332.0761424908987,120.319091796875,-40.07658386230469,15.430007934570312,0.22342076897621155,0.9747220873832703,0.0,1.3454737767980307,-0.26508624630778854,-0.004566333025464012,218.9941019245709,5.8979973793029785
3339.393031543897,122.05049133300781,-32.967498779296875,15.42449951171875,0.24731884896755219,0.968934178352356,0.0,1.320884173886153,0.07089748601063484,-0.0020537145677192725,486.92258199762284,6.896997451782227
3346.880809791968,123.93324279785156,-25.720306396484375,15.441009521484375,0.2525117099285126,0.9675938487052917,0.0,1.3155211191235288,0.46969347220793267,0.00048335075945152295,2068.890925370096,7.895997524261475
3354.561569425181,125.83236694335938,-18.278244018554688,15.496719360351562,0.23975303769111633,0.9708338975906372,0.0,1.3286848623866987,0.754028020526154,0.003070515216471767,325.67824273773465,8.894997596740723
3362.42824750576,127.59402465820312,-10.611602783203125,15.558349609375,0.20555032789707184,0.9786465764045715,0.0,1.3637703231784475,0.7349521636703216,0.005754116086097175,173.78863843504183,9.893997192382812
3370.4743734274393,129.02728271484375,-2.6943511962890625,15.613494873046875,0.14951485395431519,0.988759458065033,0.0,1.420718730360157,0.6486448985240645,0.006992566500392483,143.00900820090467,10.892996788024902
3378.6193902615905,130.0117950439453,5.3907928466796875,15.663299560546875,0.09368771314620972,0.9956016540527344,0.0,1.4769710158320937,0.3809168220480941,0.006994547347017044,142.9685082375586,9.992998123168945
3386.8314250982744,130.544921875,13.585494995117188,15.675491333007812,0.03564799949526787,0.99936443567276,0.0,1.5351407738358485,0.32764677966677924,0.008326802606433092,120.09411622504699,8.993998527526855
3395.110745477311,130.53334045410156,21.864700317382812,15.717575073242188,-0.04364907741546631,0.9990469217300415,0.0,1.614459276585373,1.0606802765579126,0.0079054575672525,126.49489185071229,7.994998455047607
3403.4517005938133,129.92953491210938,30.18267822265625,15.852462768554688,-0.09538287669420242,0.995440661907196,0.0,1.6663244291598927,2.1087335721809097,0.005676411198030085,176.16764626689402,6.995998382568359
3411.8562125452872,128.9609375,38.5283203125,16.071319580078125,-0.1382042020559311,0.9904037714004517,0.0,1.709444311007508,2.9043848254640126,0.006025916200885148,165.94986831265754,5.996998310089111
3420.3309403789035,127.54049682617188,46.87873840332031,16.343124389648438,-0.19608837366104126,0.9805862307548523,0.0,1.7681635748391782,3.3897809273849555,0.00588387944652928,169.9558954406976,4.997998237609863
3428.9154539403257,125.67282104492188,55.25199890136719,16.649993896484375,-0.236528679728508,0.971624493598938,0.0,1.8095879212169366,3.6486916127704605,0.0047623902474901725,209.9785922682439,3.9989984035491943
3437.6435222422374,123.44395446777344,63.684417724609375,16.975021362304688,-0.2761617600917816,0.9611111879348755,0.0,1.8505945825026011,3.6554330900423593,0.005063182086588472,197.5042538266269,2.9999983310699463
3446.5128630989516,120.78956604003906,72.14126586914062,17.293060302734375,-0.322145015001297,0.9466903209686279,0.0,1.8987907518138476,3.4867323285582397,0.0038634201452802663,258.83801460776834,2.2499990463256836
3455.523773241331,117.78962707519531,80.63265991210938,17.598175048828125,-0.34142157435417175,0.9399102926254272,0.0,1.9192252581672038,3.286377250872463,0.002464052117342741,405.8355718053603,1.8499993085861206
3464.6094997655123,114.59080505371094,89.13172912597656,17.88763427734375,-0.3640522062778473,0.9313785433769226,0.0,1.9434113026300963,2.975736009697061,0.0020975871178873784,476.73824437249954,1.5999995470046997
3473.7940908090104,111.17465209960938,97.65359497070312,18.141433715820312,-0.3770788609981537,0.9261811375617981,0.0,1.957436636430297,2.610354746126742,0.0011342650904921509,881.6281206063619,1.5499995946884155
3483.0909641253793,107.64102172851562,106.24971008300781,18.369720458984375,-0.3834131956100464,0.9235768914222717,0.0,1.964285437650707,2.1522956541634497,0.0004026533123690085,2483.5260738735906,1.5499995946884155
3492.3611920722983,104.075927734375,114.80528259277344,18.541213989257812,-0.38400891423225403,0.9233294129371643,0.0,1.9649305161642552,1.6144873444210894,-4.19662801232068e-05,23828.654745289496,1.6499994993209839
3501.5553495561157,100.55667114257812,123.29829406738281,18.668182373046875,-0.38271304965019226,0.9238672852516174,0.0,1.9635274581198812,1.090839440358815,0.00028363997359982795,3525.596153844116,1.699999451637268
3510.593607067425,97.07827758789062,131.6400909423828,18.740997314453125,-0.3886544406414032,0.9213836193084717,0.0,1.9699670904791862,0.4719579059084156,0.0012612062344175279,792.8917354756317,1.7499994039535522
3519.3172451714922,93.63153076171875,139.6539306640625,18.754074096679688,-0.40300074219703674,0.9151996374130249,0.0,1.9855896050492416,-0.21886884332418255,0.0022972620140704336,435.30080324975074,1.8999992609024048
3527.7424297283164,90.15594482421875,147.32867431640625,18.70562744140625,-0.42437267303466797,0.905487596988678,0.0,2.009065304958493,-1.0590656870715698,0.004258921639746685,234.80122072860647,2.2499990463256836
3535.8774452942916,86.55136108398438,154.62045288085938,18.581451416015625,-0.4657500386238098,0.8849163055419922,0.0,2.055278339423704,-2.161393578825055,0.006950550895583496,143.87348787495648,2.8499984741210938
3543.7838777759725,82.65397644042969,161.4960479736328,18.361770629882812,-0.5219995379447937,0.8529458045959473,0.0,2.1199898543023377,-3.5660095297237016,0.008076564424402022,123.81502176577249,3.848998546600342
3551.6076715654085,78.36509704589844,168.03070068359375,18.021804809570312,-0.5741339325904846,0.81876140832901,0.0,2.1823422988059886,-5.718796859864783,0.007171233506339136,139.44602405095756,4.84799861907959
3559.374959736906,73.77680969238281,174.2737579345703,17.471694946289062,-0.6139781475067139,0.7893230319023132,0.0,2.231887041332732,-8.316121429564927,0.007534157942296171,132.72883415226516,5.846998691558838
3567.098174563256,68.86904907226562,180.19142150878906,16.73468017578125,-0.6654916405677795,0.746405303478241,0.0,2.298948628974475,-10.097372853819886,0.010561315992201725,94.68516998623855,6.845998764038086
3574.7742056293046,63.51304626464844,185.62893676757812,15.91729736328125,-0.7335633039474487,0.6796211004257202,0.0,2.3943466437927747,-11.369085768342002,0.011048611790013568,90.50910820342725,7.844998836517334
3582.401165431945,57.767120361328125,190.55897521972656,14.995574951171875,-0.7816856503486633,0.623672604560852,0.0,2.468160382068534,-12.963418963276553,0.009166680720964854,109.09074183340198,7.84399938583374
3590.000771984065,51.73258972167969,195.05702209472656,13.943893432617188,-0.8209971189498901,0.5709323287010193,0.0,2.533951638524545,-14.747247263565077,0.008478948211790072,117.93915648753331,6.844999313354492
3597.584192927848,45.450653076171875,199.1357879638672,12.756790161132812,-0.8552877306938171,0.5181533098220825,0.0,2.596902249742851,-16.4655709104915,0.007958894139724226,125.64559629067384,5.845999240875244
3605.160146596536,38.95066833496094,202.80078125,11.44793701171875,-0.8837482333183289,0.46796268224716187,0.0,2.654608604219185,-17.817588329864233,0.004328249899253622,231.0402641428914,4.846999168395996
3612.766547241158,32.31532287597656,206.24737548828125,10.05133056640625,-0.8873741626739502,0.4610499441623688,0.0,2.6624146033172917,-18.292805321485282,0.0005671043707193013,1763.3438422130735,3.847999334335327
3620.449785818007,25.607009887695312,209.72158813476562,8.651138305664062,-0.8877399563789368,0.4603453278541565,0.0,2.663208510871827,-17.065831260662556,-0.0014014090967719994,713.567510231949,2.848999261856079
3628.2227252114913,18.821578979492188,213.30630493164062,7.4156951904296875,-0.8770498633384705,0.48039937019348145,0.0,2.640482646460526,-13.401886901435562,-0.004963524757443771,201.46973146458177,1.8499993085861206
3636.0269913676225,12.10845947265625,217.19436645507812,6.5650634765625,-0.8494627475738525,0.5276485681533813,0.0,2.585762606707464,-7.993423048169951,-0.007921333331475211,126.24137353575642,1.1999999284744263
3643.807994379484,5.64691162109375,221.51121520996094,6.168548583984375,-0.811241626739502,0.5847110748291016,0.0,2.5170687998519132,-2.704376774027989,-0.009324113419260899,107.24880265123026,1.7499994039535522
3651.5201567749377,-0.4420166015625,226.2442626953125,6.142791748046875,-0.7646990418434143,0.6443875432014465,0.0,2.44137052374841,0.948569118918352,-0.010886443078906072,91.85736725502498,1.7999993562698364
3659.2016162900063,-6.075439453125,231.46347045898438,6.31378173828125,-0.7023947238922119,0.7117876410484314,0.0,2.3495526459234175,3.1074408433787113,-0.011283743859044959,88.62306806073127,2.798999309539795
3666.8531442243034,-11.212890625,237.12557983398438,6.6187286376953125,-0.6423194408416748,0.7664370536804199,0.0,2.268317024214753,4.587505509286066,-0.0100923572259711,99.08487953900965,3.797999382019043
3674.4872421577716,-15.88720703125,243.1483154296875,7.014801025390625,-0.584667444229126,0.8112730979919434,0.0,2.1952663839861035,5.689351899013756,-0.008650649586314285,115.59825537056139,4.796999454498291
3682.120520793498,-20.142410278320312,249.46788024902344,7.487335205078125,-0.5357928276062012,0.8443494439125061,0.0,2.1362427946974596,6.677420483510266,-0.006041027336003535,165.53475830843598,5.795999526977539
3689.808377474395,-24.136917114257812,256.01336669921875,8.03839111328125,-0.5073440670967102,0.8617435693740845,0.0,2.1028962707446928,7.260941408561123,-0.004384296931564752,228.08674129721885,6.794999599456787
3697.594199612467,-27.962814331054688,262.7701110839844,8.611053466796875,-0.4773145020008087,0.8787325620651245,0.0,2.0683923761751166,7.259102665270733,-0.005039126158014023,198.44710543903335,7.793999671936035
3705.5116801249455,-31.575210571289062,269.79261779785156,9.178054809570312,-0.4374920129776001,0.8992223143577576,0.0,2.0236040315776043,7.0502063917655455,-0.005605949771967836,178.38190506101765,8.792999267578125
3713.578217004019,-34.9298095703125,277.10716247558594,9.737625122070312,-0.3967795968055725,0.9179139137268066,0.0,1.9788021074755153,6.809920361311406,-0.0053704152744076805,186.20533960668303,9.791998863220215
3721.80306211068,-38.01991271972656,284.7096252441406,10.287078857421875,-0.3572995066642761,0.9339898824691772,0.0,1.9361712562281235,6.534479844839424,-0.004887859635855488,204.58852636937007,10.790998458862305
3730.1820247144315,-40.849822998046875,292.57806396484375,10.8221435546875,-0.3211471736431122,0.9470292925834656,0.0,1.8977369068275027,6.212878646589992,-0.0038068511028547525,262.6842954929604,10.343997955322266
3738.7122307649533,-43.470062255859375,300.6795196533203,11.33709716796875,-0.2967068552970886,0.9549686312675476,0.0,1.8720386852584638,5.834781545616319,-0.0020894899753214485,478.5856892403417,9.344998359680176
3747.389758510379,-45.99365234375,308.9676055908203,11.825576782226562,-0.28715893626213074,0.9578829407691956,0.0,1.8620558608077098,5.3948288739682155,-0.0009089450738240384,1100.1764889850635,8.345998764038086
3756.210274329378,-48.49281311035156,317.4144287109375,12.280410766601562,-0.28154823184013367,0.9595471024513245,0.0,1.856203550543714,4.876112018893874,-0.00010749886222231886,9302.424038050707,7.346998691558838
3765.1681850066643,-51.03031921386719,325.9955749511719,12.691696166992188,-0.28547531366348267,0.9583860635757446,0.0,1.8602986703138948,4.265067292474267,0.0003801169280607808,2630.769445343144,6.34799861907959
3774.2540350992613,-53.633056640625,334.6933135986328,13.049148559570312,-0.2881038188934326,0.9575991630554199,0.0,1.863042437252179,3.576178879975689,0.0009358700571319017,1068.524409323056,5.348998546600342
3783.377924676468,-56.3118896484375,343.41014099121094,13.342636108398438,-0.30181190371513367,0.9533674716949463,0.0,1.8773889468898128,2.821642610037478,0.001763033273235723,567.2042695851588,4.349998474121094
3792.557730931411,-59.16685485839844,352.1318664550781,13.565170288085938,-0.318870484828949,0.9477983117103577,0.0,1.8953338452152189,1.9890119779189641,0.0018278968959467568,547.0768084444124,3.449997901916504
3801.6612619900493,-62.135162353515625,360.73670959472656,13.706954956054688,-0.3335172235965729,0.9427440166473389,0.0,1.91082828462945,1.2931421121351483,0.0020493003236612406,487.9714253952877,3.9499974250793457
3810.617902953394,-65.2098388671875,369.1485595703125,13.799484252929688,-0.35362812876701355,0.935386061668396,0.0,1.9322433621306592,0.8364780954993489,0.0024613482791897567,406.2813899417708,3.9499974250793457
3819.209516052274,-68.34185791015625,377.1487579345703,13.855148315429688,-0.37386617064476013,0.9274826645851135,0.0,1.9539703179094614,0.46675332840854233,0.0019799422617274437,505.0652331283278,3.499997854232788
3827.3192799795197,-71.42422485351562,384.6498718261719,13.879135131835938,-0.3848349153995514,0.9229854345321655,0.0,1.9658252781965897,0.12968955594141462,0.0013399899182543196,746.2742714532931,3.249998092651367
3834.908430252094,-74.37568664550781,391.64158630371094,13.877182006835938,-0.3934057652950287,0.9193649291992188,0.0,1.9751294789452576,-0.1695249983900693,0.0014371963620698758,695.7991450519553,3.0499982833862305
3841.9814513430983,-77.19651794433594,398.1277313232422,13.855712890625,-0.40400493144989014,0.9147568345069885,0.0,1.9866870887954784,-0.4314371909408088,0.0013607479994019456,734.8899285095434,2.949998378753662
3848.530481750908,-79.86624145507812,404.1077880859375,13.8197021484375,-0.4106302261352539,0.9118019938468933,0.0,1.993941455818341,-0.6637928479760191,0.0014935008312922937,669.5677558710977,2.949998378753662
3854.443644083862,-82.31900024414062,409.4880676269531,13.774368286132812,-0.42053619027137756,0.9072757363319397,0.0,2.0048325670830986,-0.8579342222423181,0.003993835962074255,250.38584696418928,2.9999983310699463
3859.804660085863,-84.64631652832031,414.3173065185547,13.72393798828125,-0.44923320412635803,0.8934145569801331,0.0,2.036703194241416,-1.0226673032762035,0.002620472845538735,381.6105180034457,3.0999982357025146
3864.919198770522,-86.94155883789062,418.88755798339844,13.667633056640625,-0.44671323895454407,0.8946772217750549,0.0,2.0338845861188966,-1.1859678570667276,0.001456364290372325,686.6413895278538,3.2999980449676514
3869.844941503883,-89.16836547851562,423.28077697753906,13.605178833007812,-0.461588591337204,0.8870940804481506,0.0,2.0505814906181503,-1.3402939315374507,0.00724014355296676,138.11880837504037,3.499997854232788
3874.605709175082,-91.46647644042969,427.44960021972656,13.538040161132812,-0.5072327852249146,0.8618090748786926,0.0,2.1027671404753296,-1.48245476153257,0.013755062972658716,72.70050322471988,3.9499974250793457
3879.302127320282,-93.99974060058594,431.4035339355469,13.465072631835938,-0.5724676251411438,0.8199273347854614,0.0,2.180308591261644,-1.6508122181904783,0.018429462465137686,54.26094233033991,4.44999885559082
3883.9481632509624,-96.83447265625,435.0836639404297,13.3839111328125,-0.6472375392913818,0.7622883915901184,0.0,2.274751247663,-1.8312778373178018,0.021520846190847764,46.466574368496396,5.2000017166137695
3888.545468566768,-99.98831176757812,438.42742919921875,13.295883178710938,-0.7231285572052002,0.6907134652137756,0.0,2.379117429003796,-1.8585160070380358,0.024206676465681642,41.31091690417406,5.600003242492676
3893.1017035854406,-103.45913696289062,441.3780059814453,13.2137451171875,-0.7988666296005249,0.6015082001686096,0.0,2.496204961309192,-1.7380179199105505,0.025212033169083214,39.66360004738813,6.599003314971924
3897.6471697228685,-107.24250793457031,443.89625549316406,13.137680053710938,-0.861290454864502,0.508112907409668,0.0,2.608600281348227,-1.6528663964505919,0.025921204119555397,38.578454742601366,7.598003387451172
3902.195000243306,-111.29273986816406,445.9633483886719,13.063446044921875,-0.9172511696815491,0.39830926060676575,0.0,2.7319198091161963,-1.1257373701891504,0.029082560460381213,34.3848679129297,8.597002983093262
3906.7368453615572,-115.58213806152344,447.4562072753906,13.035293579101562,-0.9641261696815491,0.26544442772865295,0.0,2.8729277983173533,-0.2918725512932374,0.029435181296773916,33.97295195561101,9.596002578735352
3911.264158923658,-120.01028442382812,448.3985900878906,13.036880493164062,-0.9898393750190735,0.14219021797180176,0.0,2.998918891513096,0.5676114333606819,0.02711847203634532,36.87523392393782,10.595002174377441
3915.802464264618,-124.53422546386719,448.7559051513672,13.086868286132812,-0.9997392892837524,0.022832779213786125,0.0,3.1187578897845856,1.6228510593012668,0.02426670564374067,41.20872501941519,11.594001770019531
3920.3662464793983,-129.0951385498047,448.6271514892578,13.184860229492188,-0.9969521760940552,-0.07801524549722672,0.0,-3.063498052948932,2.621498349275586,0.02069687889543831,48.316463803651324,11.941996574401855
3925.000241055588,-133.68948364257812,448.0395965576172,13.328659057617188,-0.986033022403717,-0.16655004024505615,0.0,-2.9742628571074334,3.2026797724842515,0.01818784425443487,54.981777169999845,10.942996978759766
3929.738384551748,-138.3223114013672,447.05857849121094,13.4852294921875,-0.9693245887756348,-0.24578402936458588,0.0,-2.893264196368485,3.018299825920878,0.016666920136075514,59.99908752400523,9.943997383117676
3934.6024432314284,-142.9830780029297,445.6733856201172,13.617752075195312,-0.9469267725944519,-0.3214493691921234,0.0,-2.8143329615096984,2.9291948810978186,0.017940579653932642,55.73955910509259,8.944997787475586
3939.6111941971535,-147.6363525390625,443.82679748535156,13.7750244140625,-0.9106443524360657,-0.4131911098957062,0.0,-2.715637139518108,3.337725999751373,0.01724959392896619,57.97237918283752,7.945997714996338
3944.775655697549,-152.24551391601562,441.50433349609375,13.957931518554688,-0.8766378164291382,-0.4811508357524872,0.0,-2.639625626516453,3.760795568399544,0.012809218232177122,78.06877686633298,6.94699764251709
3950.1195075532696,-156.849609375,438.7999572753906,14.1710205078125,-0.8473284244537354,-0.531069278717041,0.0,-2.581730657068282,4.200670301636755,0.010818963820624639,92.430293379266,5.947997570037842
3955.6767567985753,-161.46273803710938,435.71099853515625,14.416778564453125,-0.8139370679855347,-0.580953061580658,0.0,-2.5216935274010384,4.601811060369254,0.011374093149412845,87.91909709756703,4.948997497558594
3961.4798092517754,-166.05929565429688,432.1797332763672,14.6947021484375,-0.7716520428657532,-0.6360449194908142,0.0,-2.4522307611334995,4.924572961724016,0.01126323904620502,88.78440703404364,3.9499974250793457
3967.535995029953,-170.5938720703125,428.1771240234375,15.001495361328125,-0.7295675277709961,-0.6839087605476379,0.0,-2.3884857261102925,5.12098395728402,0.008189529725677602,122.10713355915684,3.199998140335083
3973.8437343588394,-175.1053924560547,423.78086853027344,15.328140258789062,-0.7042593955993652,-0.7099427580833435,0.0,-2.352175735254821,5.156371380369551,0.004823473851502391,207.3194611988049,2.7999985218048096
3980.3917216134587,-179.6533203125,419.0819854736328,15.664276123046875,-0.6861162185668945,-0.7274919152259827,0.0,-2.3269332783211816,5.0299912928787105,0.0034473269236260373,290.079827691004,2.5499987602233887
3987.1710561227715,-184.24478149414062,414.1053924560547,15.998016357421875,-0.6710526943206787,-0.7414096593856812,0.0,-2.3064240579862854,4.7533570667879,0.0021315680848270624,469.13819320067915,2.4999988079071045
3994.1613549505296,-188.9054718017578,408.90541076660156,16.318069458007812,-0.6647573709487915,-0.7470593452453613,0.0,-2.297965306763514,4.352729177526049,0.0011259748241581602,888.1193242909798,2.4999988079071045
4001.26396915533,-193.60096740722656,403.5843505859375,16.610931396484375,-0.6592181324958801,-0.7519517540931702,0.0,-2.2905748348444774,3.8425644271421255,0.0005948651157628992,1681.0533573102966,2.5499987602233887
4008.548584277649,-198.39210510253906,398.1031494140625,16.869873046875,-0.6584630608558655,-0.7526130080223083,0.0,-2.289571146615908,3.2101900251206628,-0.0001933482052829394,5172.015941583905,2.649998664855957
4016.0433129589014,-203.334228515625,392.4728240966797,17.083908081054688,-0.6614700555801392,-0.7499715685844421,0.0,-2.2935735510828215,2.4455553470469793,-0.00028627419370086393,3493.1545420574253,2.7499985694885254
4023.749035117883,-208.4340362548828,386.6982421875,17.239852905273438,-0.6616523265838623,-0.7498107552528381,0.0,-2.2938166223642735,1.547965414517094,0.00044163806560248986,2264.2975728004417,2.7499985694885254
4031.662583313909,-213.64300537109375,380.7414093017578,17.323684692382812,-0.6561306118965149,-0.7546473741531372,0.0,-2.286476155269442,0.5949013205916565,0.00046343244269653194,2157.811814342111,1.8990001678466797
4039.7815350551705,-218.96994018554688,374.6143341064453,17.333297729492188,-0.6562088131904602,-0.7545793652534485,0.0,-2.2865797923884013,0.016095374489588643,8.14893957276075e-05,12271.535346055016,0.9000001549720764
4048.1023930795855,-224.42576599121094,368.33177185058594,17.325912475585938,-0.6550899147987366,-0.7555509209632874,0.0,-2.2850979508001408,-0.14080362336130747,0.00019554678978064843,5113.865592586482,1.0500000715255737
4056.6114547430675,-229.9947967529297,361.8982849121094,17.309402465820312,-0.6537168622016907,-0.7567391991615295,0.0,-2.283282109531823,-0.24748759280140975,0.000205814829103812,4858.736391125661,1.2499998807907104
4065.3040702601556,-235.67227172851562,355.3159484863281,17.28314208984375,-0.652413010597229,-0.7578635811805725,0.0,-2.2815604054869194,-0.35463574474557946,0.00019236444814110798,5198.4657750607585,1.399999737739563
4074.1703087958304,-241.451171875,348.5918731689453,17.2469482421875,-0.6511586308479309,-0.758941650390625,0.0,-2.279906409571348,-0.4605452585040748,0.0002023426436537079,4942.11196385975,1.5999995470046997
4083.2034560245297,-247.32688903808594,341.7310028076172,17.200531005859375,-0.6496598720550537,-0.7602249979972839,0.0,-2.2779332749370926,-0.5651413013830986,0.00026887901179845075,3719.1448797408957,1.7999993562698364
4092.39582419987,-253.2908477783203,334.7361755371094,17.143783569335938,-0.6474193334579468,-0.7621340155601501,0.0,-2.274989745200884,-0.6689952940205579,0.0006687618707349463,1495.300560274219,1.9999991655349731
4101.741197087392,-259.31056213378906,327.588134765625,17.07635498046875,-0.6401028037071228,-0.7682892680168152,0.0,-2.2654283941150752,-0.7724842748353278,0.0011603738060340374,861.7912562313277,2.2999989986419678
4111.232515028946,-265.34059143066406,320.25889587402344,16.998123168945312,-0.6305762529373169,-0.7761273384094238,0.0,-2.253091763980564,-0.8763848202535396,0.0012326096725663593,811.286834962074,2.599998712539673
4120.862780833597,-271.3726348876953,312.75233459472656,16.90863037109375,-0.6218332648277283,-0.7831496596336365,0.0,-2.2418777481588767,-0.9818347808505656,0.0012341794765952374,810.2549256115697,2.9999983310699463
4130.561404292061,-277.35687255859375,305.1206817626953,16.808273315429688,-0.6118762493133545,-0.790953516960144,0.0,-2.2292268793781833,-1.088197596078877,0.0013306300314013253,751.5236965957178,3.3999979496002197
4140.378241600064,-283.31202697753906,297.3172302246094,16.696136474609375,-0.6012842059135437,-0.7990352511405945,0.0,-2.215903650302145,-1.19434338417983,0.0015484985766349713,645.7868383535045,3.799997568130493
4150.336291598441,-289.23675537109375,289.3144226074219,16.571945190429688,-0.5873290300369263,-0.8093482255935669,0.0,-2.1985510730826645,-1.2955684336333428,0.002307120780469185,433.4406800309068,4.199997901916504
4160.434499991428,-295.05303955078125,281.06056213378906,16.4361572265625,-0.5635490417480469,-0.8260826468467712,0.0,-2.169472072407426,-1.385399347576255,0.0030850337532532246,324.1455620851738,4.699999809265137
4170.667847910844,-300.67652893066406,272.5120849609375,16.2901611328125,-0.5353949666023254,-0.8446018099784851,0.0,-2.135771645016955,-1.4645199635792472,0.003313201164095253,301.8229049406583,5.350002288818359
4181.033227613562,-306.0732879638672,263.663818359375,16.134384155273438,-0.5058979988098145,-0.8625932931900024,0.0,-2.101219027537983,-1.5228619379897501,0.003354669583673253,298.0919506549533,6.050004959106445
4191.527686580733,-311.22178649902344,254.52049255371094,15.972442626953125,-0.475024551153183,-0.879972517490387,0.0,-2.0657882701569923,-1.5755423942298563,0.0034214651821333486,292.2724466763333,6.750007629394531
4202.147641086821,-316.0934753417969,245.0854034423828,15.8016357421875,-0.4423067271709442,-0.8968638777732849,0.0,-2.02896535263392,-1.6055031487656968,0.0033478249484333034,298.70140028318224,7.350009918212891
4212.890388584532,-320.674560546875,235.3699188232422,15.629470825195312,-0.41095638275146484,-0.9116550087928772,0.0,-1.994299202573786,-1.587316425960783,0.0031109054507776623,321.44982090343524,7.750011444091797
4223.754124072118,-324.9768524169922,225.39585876464844,15.458709716796875,-0.3810960650444031,-0.9245354533195496,0.0,-1.9617778614578294,-1.5356301070062472,0.0030812023805488753,324.5486263131678,8.050012588500977
4234.734353052745,-328.9844970703125,215.17445373535156,15.294113159179688,-0.3486934304237366,-0.9372368454933167,0.0,-1.926973000332529,-1.5039029222862488,0.003256742440438193,307.0552916875584,8.300013542175293
4245.826293821346,-332.6553955078125,204.7089080810547,15.126754760742188,-0.3136918246746063,-0.9495248198509216,0.0,-1.8898749601828135,-1.4910885248175632,0.003336423873087163,299.72210907204334,9.299013137817383
4257.027180219031,-335.9666748046875,194.0099334716797,14.961746215820312,-0.27808523178100586,-0.9605563879013062,0.0,-1.852596468549882,-1.4432395329804892,0.0031900333864172126,313.47634299311176,10.298012733459473
4268.332294424491,-338.9192352294922,183.09835815429688,14.802001953125,-0.24479928612709045,-0.9695737957954407,0.0,-1.8181089968939188,-1.412217991491116,0.0029411108748456094,340.00758303696864,11.297012329101562
4279.739070264326,-341.52728271484375,171.99490356445312,14.641006469726562,-0.2133711874485016,-0.9769712090492249,0.0,-1.78582064516133,-1.5036643735651167,0.0027543450863999064,363.06271314284,11.649022102355957
4291.23671614284,-343.8075714111328,160.72714233398438,14.457427978515625,-0.18319936096668243,-0.9830757975578308,0.0,-1.7550362345633255,-1.5782790754616638,0.002849377916692347,350.9537973681053,10.650022506713867
4302.757156503733,-345.72804260253906,149.36932373046875,14.277725219726562,-0.14887376129627228,-0.9888561964035034,0.0,-1.7202255729143017,-1.5383822229220079,0.0028145903106275294,355.2914952574551,9.800019264221191
4314.369764979347,-347.2794952392578,137.86216735839844,14.101593017578125,-0.1188863217830658,-0.9929078817367554,0.0,-1.689964499500778,-1.5490177470243394,0.00270804236332875,369.2704418297176,9.299013137817383
4326.081261029245,-348.47377014160156,126.21319580078125,13.916366577148438,-0.08613941073417664,-0.9962831139564514,0.0,-1.657042618725,-1.5861515575320784,0.002400082910107071,416.65227304809594,8.300013542175293
4337.8891618110065,-349.33860778808594,114.43850708007812,13.728530883789062,-0.06275796890258789,-0.9980287551879883,0.0,-1.6335955662092208,-1.59875848762715,0.0015528275262352842,643.9865233613074,7.400010108947754
4349.796517657523,-350.0040588378906,102.55130004882812,13.537200927734375,-0.049486834555864334,-0.9987747669219971,0.0,-1.6203033825299709,-1.5857169813116356,0.0010203644996155947,980.0419363636556,7.000008583068848
4361.798177246727,-350.5295867919922,90.5626220703125,13.349441528320312,-0.03841204196214676,-0.9992619752883911,0.0,-1.6092178214796071,-1.538331679608318,0.0006756578693492554,1480.0390040052775,6.500006675720215
4373.893067993735,-350.95872497558594,78.47673034667969,13.16656494140625,-0.03326631709933281,-0.9994465112686157,0.0,-1.6040687830219253,-1.4865630317669076,0.00033349387259784535,2998.5558421515084,6.050004959106445
4386.077774010021,-351.3484802246094,66.299560546875,12.988555908203125,-0.030336370691657066,-0.9995397329330444,0.0,-1.6011373528931658,-1.4207167354890582,0.0003384077892981119,2955.0147237275173,5.650003433227539
4398.349141138615,-351.6895446777344,54.03410339355469,12.819183349609375,-0.024976717308163643,-0.9996880292892456,0.0,-1.5957756418259923,-1.3371176671056029,0.00044535388013516863,2245.40538345931,5.300002098083496
4410.703918714796,-351.9640808105469,41.68341064453125,12.659347534179688,-0.01937105506658554,-0.9998123645782471,0.0,-1.5901685935039787,-1.2506016707584888,0.00038768045590306666,2579.443933201611,5.05000114440918
4423.138902392788,-352.1772003173828,29.25115966796875,12.509231567382812,-0.01537884958088398,-0.9998817443847656,0.0,-1.586175782555898,-1.1390849424141647,0.00027054487830924234,3696.2444317905906,4.850000381469727
4435.650457017921,-352.3511505126953,16.741531372070312,12.375289916992188,-0.012630538083612919,-0.9999202489852905,0.0,-1.5834272005086787,-1.0027859458299426,0.00021511288188269528,4648.722062797323,4.649999618530273
4448.186942739824,-352.4911346435547,4.2063751220703125,12.258087158203125,-0.009991361759603024,-0.999950110912323,0.0,-1.5807878545391887,-0.8709866447936421,7.777030799113738e-05,12858.377777209767,4.499999046325684
4460.633353016153,-352.61944580078125,-8.238967895507812,12.157577514648438,-0.010663912631571293,-0.9999431371688843,0.0,-1.5814604415698925,-0.748344689723135,6.044343893624182e-05,16544.392867104078,4.399998664855957
4472.979765992442,-352.7379608154297,-20.584518432617188,12.072433471679688,-0.00851566530764103,-0.9999637603759766,0.0,-1.5793120948625685,-0.6322199820092855,0.0001080668189387124,9253.534154337669,4.249998092651367
4485.076009872078,-352.83457946777344,-32.68017578125,12.002761840820312,-0.007989931851625443,-0.9999680519104004,0.0,-1.5787863438848369,-0.5227379771631013,8.440508687460047e-05,11847.627163581823,4.149997711181641
4496.5100990400415,-352.9162292480469,-44.11384582519531,11.948745727539062,-0.00658237561583519,-0.9999783635139465,0.0,-1.577378749763262,-0.4331048409984106,2.1367268168009934e-05,46800.55457426948,4.049997329711914
4507.239228354838,-352.99017333984375,-54.84263610839844,11.906234741210938,-0.007377362344413996,-0.9999727606773376,0.0,-1.5781737562537543,-0.3602553117436402,2.6308506352962224e-05,38010.51973775031,3.99999737739563
4517.263762283739,-353.06089782714844,-64.86686706542969,11.873489379882812,-0.006173231638967991,-0.9999809265136719,0.0,-1.5769695977603386,-0.2651985515146116,0.00031654765267430385,3159.0820262025472,3.9499974250793457
4526.585328493776,-353.09800720214844,-74.18833923339844,11.854095458984375,-0.0015199463814496994,-0.9999988675117493,0.0,-1.5723162737271885,-0.1305809621611087,0.0008020844554126882,1246.7515026026533,3.8999974727630615
4535.199945777625,-353.0784149169922,-82.80293273925781,11.849014282226562,0.007800975348800421,-0.9999696016311646,0.0,-1.5629952725539624,-0.06636101472498046,0.0011581063105028377,863.4785864916066,3.8999974727630615
4543.145710406988,-352.973388671875,-90.74800109863281,11.84320068359375,0.017559975385665894,-0.9998458027839661,0.0,-1.5532354486822186,-0.055874545700052014,0.0006737137612038979,1484.3098918048556,3.99999737739563
4550.489594314528,-352.8431091308594,-98.09072875976562,11.84027099609375,0.018743114545941353,-0.9998243451118469,0.0,-1.5520521148907858,-0.03522231251632535,0.0004173503842548887,2396.068238406771,4.149997711181641
4557.249798008021,-352.704833984375,-104.84951782226562,11.838180541992188,0.023157941177487373,-0.9997318387031555,0.0,-1.5476363156795616,-0.01575783038819667,0.002553974522943314,391.5465839680951,4.2999982833862305
4563.514143293645,-352.5030059814453,-111.11061096191406,11.83807373046875,0.050171613693237305,-0.9987406134605408,0.0,-1.5206036407311592,-0.0028190651189863303,0.007545296199846618,132.5329017594204,4.499999046325684
4569.427437437558,-352.0196838378906,-117.00411987304688,11.837844848632812,0.11260037124156952,-0.9936403632164001,0.0,-1.4579566480891812,-0.05085838786471619,0.010610497681203535,94.24628608811602,5.000000953674316
4574.9511647205945,-351.2420959472656,-122.47283935546875,11.832611083984375,0.17069299519062042,-0.9853242635726929,0.0,-1.399263383822703,-0.20179325419300564,0.013009388053599746,76.86756639742914,5.850004196166992
4580.112905937162,-350.1796569824219,-127.52403259277344,11.817031860351562,0.24758018553256989,-0.9688674211502075,0.0,-1.320614445649791,-0.4190679965968558,0.01829109353114572,54.67141690010055,6.84900426864624
4585.093156638057,-348.6941833496094,-132.2775115966797,11.79052734375,0.34848278760910034,-0.9373151659965515,0.0,-1.2148443853127182,-0.6457931277836781,0.023149507304020545,43.19746363786855,7.848004341125488
4589.949690162832,-346.7311248779297,-136.71946716308594,11.7537841796875,0.45949938893318176,-0.8881781101226807,0.0,-1.093364859985519,-1.1892694732843268,0.023397452528695628,42.739695647359795,8.847003936767578
4594.739668453314,-344.3191223144531,-140.85711669921875,11.676376342773438,0.5495866537094116,-0.8354367017745972,0.0,-0.9889269272076139,-1.158830739159189,0.024325584423991464,41.1089814974285,9.846003532409668
4599.483587134799,-341.454345703125,-144.63821411132812,11.64288330078125,0.6511645317077637,-0.7589365839958191,0.0,-0.8616784665833507,-0.7556472833935901,0.025484632304942134,39.2393340439161,10.845003128051758
4604.160382137263,-338.21087646484375,-148.00732421875,11.605255126953125,0.7325981855392456,-0.6806613802909851,0.0,-0.7486650362591057,-0.9076829928656993,0.02566155207126719,38.96880427274246,11.844002723693848
4608.773991532446,-334.649169921875,-150.93946838378906,11.558685302734375,0.811863124370575,-0.5838478207588196,0.0,-0.6234601493683133,-0.746747215509691,0.0296396727309709,33.73856415611115,12.843002319335938
4613.3219215582485,-330.7681121826172,-153.31024169921875,11.5364990234375,0.8881713151931763,-0.45951253175735474,0.0,-0.4774462622433609,-0.43851019739908903,0.030390279556575472,32.90525834546436,13.842001914978027
4617.793771245872,-326.67213439941406,-155.10470581054688,11.519058227539062,0.9396851658821106,-0.34204068779945374,0.0,-0.3490877056160759,-0.5352494810259012,0.029698545635842177,33.67168252148797,13.549029350280762
4622.196541028545,-322.44297790527344,-156.32852172851562,11.48919677734375,0.9771851301193237,-0.2123892605304718,0.0,-0.2140193592679108,-0.8533852684003529,0.031805658483671895,31.44094628675495,12.550029754638672
4626.534883676182,-318.1494140625,-156.94863891601562,11.444686889648438,0.9974652528762817,-0.07115492224693298,0.0,-0.07121510428112225,-0.8417596319681531,0.033223981246921275,30.098740803156026,11.641996383666992
4630.861820162741,-313.8226013183594,-156.93251037597656,11.416213989257812,0.9972729682922363,0.07380155473947525,0.0,0.073868713343231,-0.6397740833143928,0.03154893338394782,31.696792656350233,10.642996788024902
4635.205412132033,-309.5210418701172,-156.33030700683594,11.38922119140625,0.9796141386032104,0.20088836550712585,0.0,0.20226468949746118,-0.586359317360019,0.02969327802013788,33.67765590992693,9.643997192382812
4639.57774885054,-305.3044738769531,-155.17388916015625,11.365127563476562,0.9451702237129211,0.3265781104564667,0.0,0.3326809025133008,-0.34666289441265263,0.028271210319954942,35.37167276118208,8.644997596740723
4643.9904678108705,-301.2296142578125,-153.48049926757812,11.358932495117188,0.9002283811569214,0.4354180097579956,0.0,0.4505025665925624,0.18065025197513407,0.024858300270906075,40.22801193573121,7.645998001098633
4648.453314555315,-297.31983947753906,-151.32872009277344,11.381484985351562,0.8508861064910889,0.5253502130508423,0.0,0.5531266432322379,0.6519486784245299,0.023056432289431217,43.371844674268516,6.646997928619385
4652.982840453637,-293.6005401611328,-148.74374389648438,11.417755126953125,0.7913129925727844,0.6114112734794617,0.0,0.6578428236911057,0.8306574076574202,0.023071612467589153,43.34330777290895,5.647997856140137
4657.593602894725,-290.1097869873047,-145.7317352294922,11.45745849609375,0.7220744490623474,0.6918153762817383,0.0,0.7640001352058771,0.7607661999491366,0.022386304873815432,44.67016801730727,5.140000343322754
4662.290116989648,-286.89527893066406,-142.3078155517578,11.488388061523438,0.6478116512298584,0.7618005275726318,0.0,0.8660880030844769,0.549499787459995,0.020889499861319938,47.870940263708796,4.560000419616699
4667.081105915701,-283.9778137207031,-138.5076141357422,11.509384155273438,0.5718578100204468,0.8203527331352234,0.0,0.9620275932745608,0.3460276488990832,0.017108111740563592,58.45180433495678,3.890000343322754
4671.977948173724,-281.3311309814453,-134.38766479492188,11.521713256835938,0.5137861371040344,0.8579182624816895,0.0,1.0312041532983063,0.06128205041140422,0.01198065070101606,83.46792047907645,3.5500001907348633
4677.021703923874,-278.85374450683594,-129.9942626953125,11.514907836914062,0.47090286016464233,0.8821850419044495,0.0,1.080482378923025,-0.3001877765057337,0.009005198726421804,111.04696635577167,3.249998092651367
4682.291368355942,-276.47926330566406,-125.28994750976562,11.489990234375,0.43232637643814087,0.9017171859741211,0.0,1.12372519549288,-0.5865914847993592,0.007928604229451075,126.12560433846167,3.249998092651367
4687.81680071495,-274.1996765136719,-120.25682067871094,11.45098876953125,0.3938985764980316,0.9191539287567139,0.0,1.165927092492217,-0.8885663255281839,0.007406394610181,135.0184607535463,3.449997901916504
4693.620953947233,-272.02940368652344,-114.87405395507812,11.388275146484375,0.3553532660007477,0.9347320795059204,0.0,1.2075043545476762,-1.1640283197960954,0.006401522076422195,156.2128487665701,3.8999974727630615
4699.714813001876,-269.9722900390625,-109.13841247558594,11.311996459960938,0.32324472069740295,0.9463154077529907,0.0,1.241640044338079,-1.1872511592518453,0.004187004188887955,238.83424875808268,4.630000114440918
4706.084850048558,-267.9709014892578,-103.09136962890625,11.24066162109375,0.3068719804286957,0.9517508149147034,0.0,1.2588916428803327,-1.0898412314828687,0.00218216660884607,458.26015114803727,5.520000457763672
4712.7093677529,-265.9762420654297,-96.77467346191406,11.1705322265625,0.29654520750045776,0.9550188183784485,0.0,1.2697232277630033,-1.0523367949562434,0.0006109666836764394,1636.750459096372,6.410000324249268
4719.571207718404,-263.9380645751953,-90.22291564941406,11.098770141601562,0.29949161410331726,0.9540989398956299,0.0,1.266636563580881,-1.0318910816525362,-0.0007969235380838047,1254.8255286880983,7.330000400543213
4726.632550752572,-261.7958221435547,-83.4947509765625,11.02691650390625,0.3072570562362671,0.9516265392303467,0.0,1.258487009929209,-1.0475678974326996,-0.0008783209199428876,1138.5360149056048,8.190000534057617
4733.808595849962,-259.57061767578125,-76.67286682128906,10.949554443359375,0.31133827567100525,0.9502991437911987,0.0,1.2541953483133041,-1.2071125375982206,-0.00042202643650235405,2369.5198061233828,8.0600004196167
4741.20084310356,-257.264404296875,-69.6502685546875,10.850494384765625,0.31302863359451294,0.9497436881065369,0.0,1.252416067056997,-1.30033612854219,-0.0005402359845776972,1851.0429303995747,8.399009704589844
4748.811799047814,-254.86331176757812,-62.428619384765625,10.754638671875,0.3191564083099365,0.9477020502090454,0.0,1.2459571156280649,-1.0192374241324909,-0.0012896245652364025,775.4194724235025,9.398009300231934
4756.540404267219,-252.34788513183594,-55.121063232421875,10.694717407226562,0.33185288310050964,0.9433311223983765,0.0,1.2325292268345376,-0.502309297752801,-0.0021701873297413354,460.7897144617419,10.397008895874023
4764.210835832074,-249.73675537109375,-47.90876770019531,10.676971435546875,0.3505963981151581,0.9365266561508179,0.0,1.2125884820917556,-0.0673931299445707,-0.003623360762238348,275.9868712002736,11.396008491516113
4771.754354382829,-246.96990966796875,-40.8909912109375,10.684051513671875,0.3830861747264862,0.9237126111984253,0.0,1.1776612816380192,0.28238700287026575,-0.0043637453916295366,229.1609409472384,12.150028228759766
4778.969651913439,-244.1039276123047,-34.26939392089844,10.717437744140625,0.4102996289730072,0.9119507670402527,0.0,1.1480137276928493,0.6750288197653331,-0.003628053471667614,275.6298957028204,12.500029563903809
4785.803765955879,-241.23187255859375,-28.068359375,10.777313232421875,0.4299740493297577,0.9028412699699402,0.0,1.12633230336018,1.1038026604390239,-0.0032404407235947508,308.5999977468065,12.700030326843262
4792.230706113763,-238.4123077392578,-22.293548583984375,10.862014770507812,0.4490489065647125,0.893507182598114,0.0,1.1050957239724133,1.5591736792552657,-0.0032227925601845397,310.28990582711884,12.688998222351074
4798.324258770975,-235.61842346191406,-16.87933349609375,10.970962524414062,0.466091513633728,0.8847365379333496,0.0,1.0859284105829672,2.04100546412439,-0.002900499162985515,344.768242915364,11.689998626708984
4804.238537345341,-232.82489013671875,-11.668136596679688,11.106201171875,0.4799659252166748,0.8772871494293213,0.0,1.070180464619761,2.4896521383279357,-0.004853087622224583,206.0543880189855,10.690999031066895
4809.9882479159205,-229.97882080078125,-6.67462158203125,11.260696411132812,0.5147905945777893,0.8573159575462341,0.0,1.0300329546628098,2.8252452770252345,-0.01097122921422089,91.14748953597666,9.691999435424805
4815.493596103634,-226.9642791748047,-2.070831298828125,11.42352294921875,0.582815945148468,0.8126041889190674,0.0,0.9486065884442505,3.0218138278905293,-0.017038031527166875,58.69222617680427,8.692999839782715
4820.730666777248,-223.70681762695312,2.026702880859375,11.584976196289062,0.6613494753837585,0.7500779032707214,0.0,0.8481798714393216,3.0212025460236047,-0.021018479397452272,47.57718106483068,7.693999767303467
4825.698148998587,-220.2208251953125,5.562530517578125,11.732147216796875,0.7417702674865723,0.6706540584564209,0.0,0.7350901916467776,2.755084176856193,-0.02356839282777623,42.429706909054175,6.694999694824219
4830.399337479679,-216.5604248046875,8.510101318359375,11.852432250976562,0.8134594559669495,0.5816215872764587,0.0,0.6207207343036227,2.244626957986351,-0.02750378883261506,36.35862702720293,5.695999622344971
4834.923192457417,-212.70791625976562,10.879852294921875,11.9403076171875,0.8858508467674255,0.4639701843261719,0.0,0.48247172659454884,1.6375556067331765,-0.030454468490000886,32.83590387822168,5.340000152587891
4839.363030555534,-208.6457061767578,12.670684814453125,11.999725341796875,0.9401525259017944,0.3407538831233978,0.0,0.34771865779671857,1.3627418782572454,-0.03051844778614221,32.767066235068455,4.830000400543213
4843.736570737098,-204.44248962402344,13.8778076171875,12.060379028320312,0.9772903919219971,0.2119043469429016,0.0,0.21352315240879344,1.2099824299661055,-0.03103084826481095,32.22599625592582,4.039000034332275
4848.063511189637,-200.1615753173828,14.505645751953125,12.10516357421875,0.9969776272773743,0.07768920063972473,0.0,0.07776756392798208,0.9691768555884162,-0.03276869627244461,30.516929684532673,3.0400002002716064
4852.358409839011,-195.86688232421875,14.521759033203125,12.14398193359375,0.9976263642311096,-0.06885972619056702,0.0,-0.0689142600452357,0.7639697029599546,-0.03399107367188592,29.419488470795258,2.4800002574920654
4856.6228119894495,-191.64645385742188,13.911514282226562,12.170639038085938,0.9773626327514648,-0.21157100796699524,0.0,-0.21318207527281685,0.4150550312262302,-0.03266929704044952,30.609780148065298,2.0900001525878906
4860.852517592773,-187.58326721191406,12.736419677734375,12.17938232421875,0.9405701160430908,-0.33959949016571045,0.0,-0.3464910565329144,0.27455166920873353,-0.03452381597032572,28.965511832745566,1.970000147819519
4865.025921414893,-183.7760772705078,11.02691650390625,12.193634033203125,0.8761628866195679,-0.48201510310173035,0.0,-0.5029531895737743,0.4561284088157702,-0.037866846175429014,26.40832551428269,2.190000057220459
4869.147799157755,-180.33868408203125,8.752349853515625,12.21710205078125,0.7896434664726257,-0.613565981388092,0.0,-0.6605686424881881,0.5373618840554206,-0.03632739717628386,27.527433224774068,2.7200002670288086
4873.262695425167,-177.28091430664062,5.998809814453125,12.237899780273438,0.6951265335083008,-0.7188873887062073,0.0,-0.8022004160215549,0.3645240776462222,-0.034053384386429575,29.365656836108908,3.3400001525878906
4877.395203762683,-174.62745666503906,2.8307342529296875,12.247116088867188,0.5886505842208862,-0.8083875775337219,0.0,-0.941407765692479,0.31121660160478015,-0.03157764485804604,31.667972849001064,3.820000171661377
4881.581647154342,-172.38938903808594,-0.70721435546875,12.263885498046875,0.48479774594306946,-0.8746262788772583,0.0,-1.0646644152580462,-0.13925016804112733,-0.023401570222423507,42.732175255564464,3.9989984035491943
4885.857257412134,-170.4686737060547,-4.527008056640625,12.234359741210938,0.41909822821617126,-0.9079409241676331,0.0,-1.1383444508136114,-0.5679556694931254,-0.018451585485373068,54.19588472723493,4.997998237609863
4890.2916168417205,-168.78977966308594,-8.631210327148438,12.214813232421875,0.33822017908096313,-0.9410670399665833,0.0,-1.225771364670523,-0.3671605750314777,-0.01597392420448862,62.60202484991154,5.996998310089111
4894.908840916261,-167.3511505126953,-13.018569946289062,12.201400756835938,0.28524237871170044,-0.9584554433822632,0.0,-1.2815370311053704,-0.1771731208823013,-0.012758317132690045,78.3802432248487,6.995998382568359
4899.754213587369,-166.1329803466797,-17.70831298828125,12.198577880859375,0.22211189568042755,-0.9750211834907532,0.0,-1.3468163892013616,0.18069764364037066,-0.012509715532218857,79.93786888474747,7.994998455047607
4904.837238133894,-165.1471710205078,-22.694778442382812,12.220504760742188,0.16477186977863312,-0.9863317012786865,0.0,-1.4052696110394158,0.418010328379248,-0.011335151216559203,88.2211433173585,8.993998527526855
4910.186068031153,-164.4320526123047,-27.99554443359375,12.242111206054688,0.10562565177679062,-0.99440598487854,0.0,-1.464973277533012,0.30181692488013834,-0.011482666898612659,87.08778272761883,9.992998123168945
4915.8165801425885,-164.02352905273438,-33.6112060546875,12.2530517578125,0.03925909101963043,-0.9992290735244751,0.0,-1.5315271442694613,0.10361567673702332,-0.0122995973516562,81.30347452921661,10.991997718811035
4921.737408472283,-164.01498413085938,-39.53202819824219,12.2535400390625,-0.036531176418066025,-0.9993324875831604,0.0,-1.6073356343603038,-0.16165776045374836,-0.008266652220854653,120.96795332423146,11.990997314453125
4927.917436308033,-164.34559631347656,-45.70317077636719,12.232589721679688,-0.05832778289914131,-0.9982975125312805,0.0,-1.6291572319783416,-0.25658565326373006,-0.0028493353980595937,350.9590344053575,12.989996910095215
4934.367173956332,-164.76165771484375,-52.13946533203125,12.221588134765625,-0.07208744436502457,-0.997398316860199,0.0,-1.6429463524702503,-0.2638003138919043,-0.0014383815484959594,695.2258258913623,12.850030899047852
4941.051973431763,-165.25344848632812,-58.80610656738281,12.197494506835938,-0.07684268802404404,-0.997043251991272,0.0,-1.6477148381698863,-0.7484041590057777,-0.0015035975264221513,665.0715915844352,12.550029754638672
4947.98031590773,-165.8386688232422,-65.709228515625,12.117782592773438,-0.0928766056895256,-0.995677649974823,0.0,-1.6638069778936697,-1.2751156622183957,-0.0018052272242640166,553.9468863304428,12.150028228759766
4955.073034533053,-166.5349884033203,-72.76698303222656,12.018295288085938,-0.1018805131316185,-0.994796633720398,0.0,-1.6728539163794274,-1.552373038370436,-0.001073358638577715,931.6550536408586,11.700026512145996
4962.231013829501,-167.2881317138672,-79.88418579101562,11.8963623046875,-0.1080687865614891,-0.9941434264183044,0.0,-1.6790765792209488,-1.7262797226816007,-0.0007885667786677875,1268.123419667019,11.1500244140625
4969.575676927386,-168.10491943359375,-87.18215942382812,11.767852783203125,-0.11322004348039627,-0.9935699105262756,0.0,-1.6842596699009271,-1.7127315035464163,-0.00035737606544122835,2798.1728400455886,10.600022315979004
4977.14198209788,-168.967041015625,-94.6981201171875,11.641143798828125,-0.11320911347866058,-0.9935711622238159,0.0,-1.6842486684622975,-1.6238219559505884,8.830941920295876e-05,11323.820369622537,10.000020027160645
4984.926083844488,-169.84732055664062,-102.43132019042969,11.518814086914062,-0.11183493584394455,-0.9937267899513245,0.0,-1.6828657062358512,-1.4146980955509592,9.19850666765698e-05,10871.329837875928,9.200016975402832
4992.921864624173,-170.74285888671875,-110.37615966796875,11.4185791015625,-0.11180335283279419,-0.993730366230011,0.0,-1.6828339213989219,-1.111878173646108,4.615789293327399e-05,21664.76709510123,8.500014305114746
5001.117907187713,-171.66419982910156,-118.51986694335938,11.33935546875,-0.11107521504163742,-0.9938120245933533,0.0,-1.6821012190478273,-0.8149425648765196,0.00044126504639890873,2266.211675184416,7.80001163482666
5009.507081660584,-172.56982421875,-126.85983276367188,11.284011840820312,-0.10439106822013855,-0.9945363402366638,0.0,-1.6753779296330304,-0.5378118281462951,0.0006761428555956961,1478.9773961583592,7.050008773803711
5018.081120605843,-173.44418334960938,-135.38909912109375,11.248580932617188,-0.0997161716222763,-0.9950159192085266,0.0,-1.6706784940714636,-0.29113886450261584,0.0008057102972808816,1241.140895647988,6.250005722045898
5026.831437748295,-174.28062438964844,-144.09933471679688,11.2340087890625,-0.09040781855583191,-0.995904803276062,0.0,-1.6613277619515232,-0.0071999375734432824,0.0015083497628188836,662.9762039615714,5.400002479553223
5035.749506533673,-175.0125732421875,-152.9873046875,11.247848510742188,-0.07301807403564453,-0.9973306059837341,0.0,-1.6438794421866412,0.29298585934921517,0.0024233580578668645,412.6505353815686,4.499999046325684
5044.8259314178085,-175.56103515625,-162.04705810546875,11.28717041015625,-0.04675811156630516,-0.9989062547683716,0.0,-1.617571492558475,0.5519017546230853,0.0034339834633544952,291.20699347315656,3.699997663497925
5054.0416554050735,-175.829345703125,-171.2586669921875,11.349136352539062,-0.010117674246430397,-0.9999487996101379,0.0,-1.5809141738251182,0.7611218854958968,0.004290554115764844,233.07012871034203,2.9999983310699463
5063.309750030351,-175.72447204589844,-180.5258331298828,11.427947998046875,0.03255776688456535,-0.9994698762893677,0.0,-1.5382328059290793,0.843453474190814,0.0037941968695464345,263.5603882408827,2.4499988555908203
5072.717328888749,-175.27011108398438,-189.92210388183594,11.506637573242188,0.06047646328806877,-0.9981696009635925,0.0,-1.510282936873011,0.83089230884269,0.002238853277490932,446.6572285257984,2.1499991416931152
5082.265479735946,-174.62423706054688,-199.44805908203125,11.585433959960938,0.07472552359104156,-0.9972041249275208,0.0,-1.496001083418756,0.8372232229230447,0.0016246778210517454,615.5066481751094,1.8499993085861206
5091.922037125878,-173.82080078125,-209.07078552246094,11.667449951171875,0.09161432087421417,-0.9957945942878723,0.0,-1.4790533661388814,0.8759946812297414,0.0014736716517199655,678.5772114384304,1.5499995946884155
5101.562991821968,-172.87391662597656,-218.66473388671875,11.754470825195312,0.10305890440940857,-0.9946752786636353,0.0,-1.4675541135587742,0.9458180584697051,0.000911257014064637,1097.385243203262,1.2499998807907104
5111.1301330572305,-171.86009216308594,-228.1775360107422,11.84906005859375,0.10907045006752014,-0.9940340518951416,0.0,-1.4615084570737826,0.9683203369993953,0.0006885552916551796,1452.3161932227054,1.0000001192092896
5120.4414859780145,-170.8114471435547,-237.42922973632812,11.9373779296875,0.11595110595226288,-0.9932548999786377,0.0,-1.4545838130855802,0.8692472913858329,0.0006042527937362707,1654.9364940734642,1.5499995946884155
5129.160650689659,-169.78260803222656,-246.0872039794922,12.006698608398438,0.12005247920751572,-0.9927675724029541,0.0,-1.4504535861011854,0.7201802958906933,0.0004517407194229439,2213.6592009624583,1.5499995946884155
5137.237396537583,-168.80255126953125,-254.10409545898438,12.05926513671875,0.12351088225841522,-0.9923432469367981,0.0,-1.4469692475141926,0.574093976770329,0.0007296600958388022,1370.501149374793,1.399999737739563
5144.6861492336475,-167.85531616210938,-261.4922790527344,12.096755981445312,0.1309340000152588,-0.9913910627365112,0.0,-1.439485291799515,0.4367081334482714,0.0009489081103917774,1053.8428210789855,1.2999998331069946
5151.52405389385,-166.93980407714844,-268.26856994628906,12.1224365234375,0.13701681792736053,-0.9905686974525452,0.0,-1.4333471260710833,0.3142952274725941,0.0008094162741303923,1235.4582332488483,2.049999237060547
5157.774189198971,-166.06787109375,-274.4575653076172,12.138580322265625,0.1415272206068039,-0.9899343848228455,0.0,-1.428792335101306,0.20322393214158296,0.0006050853163563907,1652.659505971233,2.049999237060547
5163.495911989612,-165.25076293945312,-280.1206359863281,12.147323608398438,0.14431269466876984,-0.9895321130752563,0.0,-1.4259779624275601,0.10056446266129004,0.003365691858067621,297.11573197141706,2.049999237060547
5168.723360844286,-164.43617248535156,-285.2842254638672,12.15008544921875,0.17522798478603363,-0.9845278859138489,0.0,-1.3946589962002127,0.052833435526456765,0.0059912525398209664,166.91000643913475,2.1499991416931152
