s_m,x_m,y_m,z_m,dir_x,dir_y,dir_z,heading_rad,slope_pct,curvature_1_per_m,radius_m,width_m
0.0,-164.43617248535156,-285.2842254638672,12.15008544921875,-0.17522798478603363,0.9845278859138489,-0.0,1.7469336573895804,-0.05283343552645532,-0.0059912525398207175,166.91000643914168,15.185997009277344
5.227448854673782,-165.25076293945312,-280.1206359863281,12.147323608398438,-0.14431269466876984,0.9895321130752563,-0.0,1.7156146911622332,-0.10056446266126784,-0.0033656918580675654,297.115731971422,16.18499755859375
10.949171645315285,-166.06787109375,-274.4575653076172,12.138580322265625,-0.1415272206068039,0.9899343848228455,-0.0,1.712800318488487,-0.20322393214158296,-0.000605085316356363,1652.6595059713088,17.183998107910156
17.199306950436267,-166.93980407714844,-268.26856994628906,12.1224365234375,-0.13701681792736053,0.9905686974525452,-0.0,1.70824552751871,-0.3142952274725608,-0.0008094162741302952,1235.4582332489967,18.182998657226562
24.037211610638742,-167.85531616210938,-261.4922790527344,12.096755981445312,-0.1309340000152588,0.9913910627365112,-0.0,1.7021073617902784,-0.4367081334482714,-0.0009489081103918051,1053.8428210789546,17.19502830505371
31.4859643067032,-168.80255126953125,-254.10409545898438,12.05926513671875,-0.12351088225841522,0.9923432469367981,-0.0,1.6946234060756007,-0.574093976770329,-0.0007296600958387883,1370.501149374819,16.196027755737305
39.56271015462728,-169.78260803222656,-246.0872039794922,12.006698608398438,-0.12005247920751572,0.9927675724029541,-0.0,1.691139067488608,-0.72018029589066,-0.0004517407194229023,2213.659200962662,15.197027206420898
48.28187486627184,-170.8114471435547,-237.42922973632812,11.9373779296875,-0.11595110595226288,0.9932548999786377,-0.0,1.687008840504213,-0.8692472913858329,-0.0006042527937362291,1654.9364940735782,14.198027610778809
57.59322778705561,-171.86009216308594,-228.1775360107422,11.84906005859375,-0.10907045006752014,0.9940340518951416,-0.0,1.6800841965160107,-0.9683203369993842,-0.0006885552916551518,1452.3161932227638,13.199028015136719
67.16036902231785,-172.87391662597656,-218.66473388671875,11.754470825195312,-0.10305890440940857,0.9946752786636353,-0.0,1.674038540031019,-0.9458180584697051,-0.0009112570140646925,1097.3852432031952,12.200028419494629
76.80132371840833,-173.82080078125,-209.07078552246094,11.667449951171875,-0.09161432087421417,0.9957945942878723,-0.0,1.662539287450912,-0.8759946812297081,-0.0014736716517199239,678.5772114384496,11.90002727508545
86.45788110834027,-174.62423706054688,-199.44805908203125,11.585433959960938,-0.07472552359104156,0.9972041249275208,-0.0,1.6455915701710373,-0.8372232229230225,-0.0016246778210517038,615.5066481751252,11.60002613067627
96.00603195553782,-175.27011108398438,-189.92210388183594,11.506637573242188,-0.06047646328806877,0.9981696009635925,-0.0,1.6313097167167823,-0.8308923088427012,-0.002238853277491043,446.65722852577625,11.350025177001953
105.41361081393522,-175.72447204589844,-180.5258331298828,11.427947998046875,-0.03255776688456535,0.9994698762893677,-0.0,1.603359847660714,-0.8434534741908362,-0.0037941968695466427,263.56038824086824,11.00002384185791
114.68170543921255,-175.829345703125,-171.2586669921875,11.349136352539062,0.010117674246430397,0.9999487996101379,-0.0,1.560678479764675,-0.761121885495919,-0.004290554115764886,233.0701287103398,10.500021934509277
123.89742942647777,-175.56103515625,-162.04705810546875,11.28717041015625,0.04675811156630516,0.9989062547683716,-0.0,1.5240211610313181,-0.551901754623052,-0.0034339834633543564,291.2069934731683,9.800019264221191
132.9738543106129,-175.0125732421875,-152.9873046875,11.247848510742188,0.07301807403564453,0.9973306059837341,-0.0,1.4977132114031522,-0.29298585934920407,-0.0024233580578667813,412.6505353815828,9.000016212463379
141.8919230959918,-174.28062438964844,-144.09933471679688,11.2340087890625,0.09040781855583191,0.995904803276062,-0.0,1.48026489163827,0.007199937573454385,-0.001508349762818842,662.9762039615897,8.150012969970703
150.64224023844346,-173.44418334960938,-135.38909912109375,11.248580932617188,0.0997161716222763,0.9950159192085266,-0.0,1.4709141595183297,0.29113886450262694,-0.00080571029728084,1241.140895648052,7.3600006103515625
159.21627918370268,-172.56982421875,-126.85983276367188,11.284011840820312,0.10439106822013855,0.9945363402366638,-0.0,1.4662147239567629,0.5378118281463395,-0.0006761428555956961,1478.9773961583592,7.349630355834961
167.60545365657302,-171.66419982910156,-118.51986694335938,11.33935546875,0.11107521504163742,0.9938120245933533,-0.0,1.459491434541966,0.8149425648765529,-0.0004412650463989226,2266.2116751843446,7.330370903015137
175.80149622011288,-170.74285888671875,-110.37615966796875,11.4185791015625,0.11180335283279419,0.993730366230011,-0.0,1.4587587321908713,1.111878173646108,-4.61578929332046e-05,21664.7670951338,7.320000648498535
183.79727699979856,-169.84732055664062,-102.43132019042969,11.518814086914062,0.11183493584394455,0.9937267899513245,-0.0,1.458726947353942,1.4146980955509814,-9.19850666766947e-05,10871.329837861165,6.874075412750244
191.58137874640622,-168.967041015625,-94.6981201171875,11.641143798828125,0.11320911347866058,0.9935711622238159,-0.0,1.4573439851274959,1.6238219559506217,-8.830941920291713e-05,11323.820369627874,6.045928478240967
199.1476839169005,-168.10491943359375,-87.18215942382812,11.767852783203125,0.11322004348039627,0.9935699105262756,-0.0,1.4573329836888662,1.7127315035464163,0.0003573760654412561,2798.1728400453712,5.600003242492676
206.49234701478557,-167.2881317138672,-79.88418579101562,11.8963623046875,0.1080687865614891,0.9941434264183044,-0.0,1.4625160743688443,1.7262797226815563,0.0007885667786677458,1268.123419667086,5.000000953674316
213.65032631123344,-166.5349884033203,-72.76698303222656,12.018295288085938,0.1018805131316185,0.994796633720398,-0.0,1.468738737210366,1.5523730383704026,0.0010733586385776872,931.6550536408827,4.440000534057617
220.74304493655646,-165.8386688232422,-65.709228515625,12.117782592773438,0.0928766056895256,0.995677649974823,-0.0,1.4777856756961236,1.2751156622184068,0.0018052272242640305,553.9468863304386,3.880000352859497
227.67138741252316,-165.25344848632812,-58.80610656738281,12.197494506835938,0.07684268802404404,0.997043251991272,-0.0,1.4938778154199068,0.7484041590057999,0.0015035975264222762,665.0715915843799,3.5400002002716064
234.3561868879535,-164.76165771484375,-52.13946533203125,12.221588134765625,0.07208744436502457,0.997398316860199,-0.0,1.498646301119543,0.2638003138919265,0.0014383815484959178,695.2258258913824,3.070000171661377
240.8059245362531,-164.34559631347656,-45.70317077636719,12.232589721679688,0.05832778289914131,0.9982975125312805,-0.0,1.5124354216114515,0.25658565326374116,0.0028493353980594965,350.9590344053695,3.1989991664886475
246.98595237200274,-164.01498413085938,-39.53202819824219,12.2535400390625,0.036531176418066025,0.9993324875831604,-0.0,1.5342570192294895,0.16165776045371505,0.008266652220854626,120.96795332423186,4.197999000549316
252.9067807016975,-164.02352905273438,-33.6112060546875,12.2530517578125,-0.03925909101963043,0.9992290735244751,-0.0,1.6100655093203318,-0.10361567673704553,0.012299597351656338,81.3034745292157,5.1969990730285645
258.53729281313304,-164.4320526123047,-27.99554443359375,12.242111206054688,-0.10562565177679062,0.99440598487854,-0.0,1.6766193760567814,-0.30181692488013834,0.011482666898612826,87.08778272761757,6.1959991455078125
263.88612271039176,-165.1471710205078,-22.694778442382812,12.220504760742188,-0.16477186977863312,0.9863317012786865,-0.0,1.7363230425503773,-0.4180103283792702,0.011335151216558953,88.22114331736044,6.799004077911377
268.9691472569169,-166.1329803466797,-17.70831298828125,12.198577880859375,-0.22211189568042755,0.9750211834907532,-0.0,1.7947762643884317,-0.18069764364037066,0.012509715532219273,79.93786888474482,5.800004005432129
273.8145199280242,-167.3511505126953,-13.018569946289062,12.201400756835938,-0.28524237871170044,0.9584554433822632,-0.0,1.860055622484423,0.1771731208823235,0.0127583171326906,78.38024322484529,6.700007438659668
278.43174400256515,-168.78977966308594,-8.631210327148438,12.214813232421875,-0.33822017908096313,0.9410670399665833,-0.0,1.9158212889192703,0.3671605750314777,0.01597392420448948,62.60202484990816,6.700007438659668
282.8661034321517,-170.4686737060547,-4.527008056640625,12.234359741210938,-0.41909822821617126,0.9079409241676331,-0.0,2.0032482027761818,0.5679556694931698,0.018451585485374428,54.19588472723094,7.699007511138916
287.1417136899429,-172.38938903808594,-0.70721435546875,12.263885498046875,-0.48479774594306946,0.8746262788772583,-0.0,2.076928238331747,0.13925016804117174,0.023401570222422063,42.7321752555671,8.698007583618164
291.3281570816022,-174.62745666503906,2.8307342529296875,12.247116088867188,-0.5886505842208862,0.8083875775337219,-0.0,2.2001848878973145,-0.31121660160478015,0.031577644858043985,31.667972849003124,9.697007179260254
295.4606654191183,-177.28091430664062,5.998809814453125,12.237899780273438,-0.6951265335083008,0.7188873887062073,-0.0,2.339392237568238,-0.3645240776462444,0.03405338438642891,29.365656836109483,10.696006774902344
299.5755616865307,-180.33868408203125,8.752349853515625,12.21710205078125,-0.7896434664726257,0.613565981388092,-0.0,2.481024011101605,-0.5373618840553762,0.036327397176283194,27.527433224774573,11.695006370544434
303.697439429393,-183.7760772705078,11.02691650390625,12.193634033203125,-0.8761628866195679,0.48201510310173035,-0.0,2.638639464016019,-0.4561284088157702,0.037866846175426905,26.40832551428416,12.650030136108398
307.8708432515126,-187.58326721191406,12.736419677734375,12.17938232421875,-0.9405701160430908,0.33959949016571045,-0.0,2.795101597056879,-0.2745516692086891,0.03452381597032378,28.965511832747193,12.140996932983398
312.1005488548368,-191.64645385742188,13.911514282226562,12.170639038085938,-0.9773626327514648,0.21157100796699524,-0.0,2.9284105783169765,-0.415055031226208,0.03266929704044863,30.60978014806613,11.141997337341309
316.3649510052752,-195.86688232421875,14.521759033203125,12.14398193359375,-0.9976263642311096,0.06885972619056702,-0.0,3.0726783935445576,-0.7639697029600212,0.03399107367188753,29.419488470793866,10.142997741699219
320.6598496546486,-200.1615753173828,14.505645751953125,12.10516357421875,-0.9969776272773743,-0.07768920063972473,-0.0,-3.0638250896618113,-0.9691768555884384,0.032768696272446995,30.51692968453045,9.143998146057129
324.9867901071875,-204.44248962402344,13.8778076171875,12.060379028320312,-0.9772903919219971,-0.2119043469429016,-0.0,-2.9280695011809996,-1.2099824299661943,0.03103084826481245,32.225996255924265,8.144998550415039
329.360330288751,-208.6457061767578,12.670684814453125,11.999725341796875,-0.9401525259017944,-0.3407538831233978,-0.0,-2.7938739957930747,-1.3627418782572454,0.0305184477861421,32.76706623506857,7.145998477935791
333.80016838686885,-212.70791625976562,10.879852294921875,11.9403076171875,-0.8858508467674255,-0.4639701843261719,-0.0,-2.6591209269952443,-1.6375556067331765,0.03045446848999983,32.835903878222815,6.146998405456543
338.3240233646065,-216.5604248046875,8.510101318359375,11.852432250976562,-0.8134594559669495,-0.5816215872764587,-0.0,-2.5208719192861704,-2.2446269579862843,0.027503788832614395,36.35862702720381,5.147998332977295
343.02521184569866,-220.2208251953125,5.562530517578125,11.732147216796875,-0.7417702674865723,-0.6706540584564209,-0.0,-2.4065024619430155,-2.755084176856215,0.023568392827776008,42.42970690905457,4.148998260498047
347.99269406703746,-223.70681762695312,2.026702880859375,11.584976196289062,-0.6613494753837585,-0.7500779032707214,-0.0,-2.2934127821504715,-3.021202546023627,0.021018479397452883,47.5771810648293,3.149998188018799
353.2297647406515,-226.9642791748047,-2.070831298828125,11.42352294921875,-0.582815945148468,-0.8126041889190674,-0.0,-2.1929860651455426,-3.021813827890385,0.017038031527166375,58.69222617680599,3.749997615814209
358.7351129283655,-229.97882080078125,-6.67462158203125,11.260696411132812,-0.5147905945777893,-0.8573159575462341,-0.0,-2.1115596989269836,-2.8252452770252234,0.010971229214220779,91.14748953597758,3.749997615814209
364.4848234989452,-232.82489013671875,-11.668136596679688,11.106201171875,-0.4799659252166748,-0.8772871494293213,-0.0,-2.071412188970032,-2.4896521383279246,0.004853087622224694,206.05438801898077,3.449997901916504
370.3991020733114,-235.61842346191406,-16.87933349609375,10.970962524414062,-0.466091513633728,-0.8847365379333496,-0.0,-2.055664243006826,-2.0410054641244346,0.0029004991629855703,344.7682429153574,3.249998092651367
376.4926547305231,-238.4123077392578,-22.293548583984375,10.862014770507812,-0.4490489065647125,-0.893507182598114,-0.0,-2.03649692961738,-1.5591736792553434,0.0032227925601845397,310.28990582711884,3.149998188018799
382.91959488840706,-241.23187255859375,-28.068359375,10.777313232421875,-0.4299740493297577,-0.9028412699699402,-0.0,-2.0152603502296134,-1.103802660439035,0.0032404407235949173,308.5999977467906,3.199998140335083
389.7537089308466,-244.1039276123047,-34.26939392089844,10.717437744140625,-0.4102996289730072,-0.9119507670402527,-0.0,-1.993578925896944,-0.6750288197653553,0.0036280534716677804,275.6298957028078,3.3999979496002197
396.9690064614565,-246.96990966796875,-40.8909912109375,10.684051513671875,-0.3830861747264862,-0.9237126111984253,-0.0,-1.9639313719517741,-0.28238700287025464,0.0043637453916294255,229.16094094724426,3.799997568130493
404.51252501221165,-249.73675537109375,-47.90876770019531,10.676971435546875,-0.3505963981151581,-0.9365266561508179,-0.0,-1.9290041714980377,0.0673931299445818,0.0036233607622382924,275.9868712002778,3.799997568130493
412.18295657706636,-252.34788513183594,-55.121063232421875,10.694717407226562,-0.33185288310050964,-0.9433311223983765,-0.0,-1.9090634267552555,0.5023092977527899,0.0021701873297412244,460.7897144617654,2.899998426437378
419.91156179647146,-254.86331176757812,-62.428619384765625,10.754638671875,-0.3191564083099365,-0.9477020502090454,-0.0,-1.8956355379617282,1.0192374241324909,0.001289624565236347,775.4194724235359,3.898998498916626
427.5225177407253,-257.264404296875,-69.6502685546875,10.850494384765625,-0.31302863359451294,-0.9497436881065369,-0.0,-1.8891765865327963,1.3003361285421566,0.0005402359845777527,1851.0429303993844,4.897998332977295
434.9147649943235,-259.57061767578125,-76.67286682128906,10.949554443359375,-0.31133827567100525,-0.9502991437911987,-0.0,-1.887397305276489,1.2071125375981762,0.00042202643650229854,2369.5198061236943,5.896998405456543
442.09081009171393,-261.7958221435547,-83.4947509765625,11.02691650390625,-0.3072570562362671,-0.9516265392303467,-0.0,-1.8831056436605842,1.0475678974327551,0.0008783209199429431,1138.5360149055327,6.895998477935791
449.152153125881,-263.9380645751953,-90.22291564941406,11.098770141601562,-0.29949161410331726,-0.9540989398956299,-0.0,-1.8749560900089124,1.0318910816525473,0.0007969235380838047,1254.8255286880983,7.894998550415039
456.0139930913852,-265.9762420654297,-96.77467346191406,11.1705322265625,-0.29654520750045776,-0.9550188183784485,-0.0,-1.8718694258267898,1.0523367949562656,-0.0006109666836764949,1636.7504590962233,8.893998146057129
462.638510795727,-267.9709014892578,-103.09136962890625,11.24066162109375,-0.3068719804286957,-0.9517508149147034,-0.0,-1.8827010107094604,1.089841231482891,-0.0021821666088461256,458.2601511480256,9.892997741699219
469.0085478424093,-269.9722900390625,-109.13841247558594,11.311996459960938,-0.32324472069740295,-0.9463154077529907,-0.0,-1.8999526092517143,1.187251159251801,-0.004187004188887733,238.83424875809533,10.891997337341309
475.1024068970527,-272.02940368652344,-114.87405395507812,11.388275146484375,-0.3553532660007477,-0.9347320795059204,-0.0,-1.934088299042117,1.1640283197960732,-0.006401522076421862,156.21284876657822,11.890996932983398
480.90656012933584,-274.1996765136719,-120.25682067871094,11.45098876953125,-0.3938985764980316,-0.9191539287567139,-0.0,-1.9756655610975764,0.8885663255282061,-0.007406394610181166,135.01846075354325,12.889996528625488
486.4319924883434,-276.47926330566406,-125.28994750976562,11.489990234375,-0.43232637643814087,-0.9017171859741211,-0.0,-2.017867458096913,0.5865914847993592,-0.00792860422945113,126.12560433846078,13.040995597839355
491.7016569204113,-278.85374450683594,-129.9942626953125,11.514907836914062,-0.47090286016464233,-0.8821850419044495,-0.0,-2.061110274666768,0.3001877765057115,-0.009005198726421693,111.04696635577305,12.041996002197266
496.74541267056117,-281.3311309814453,-134.38766479492188,11.521713256835938,-0.5137861371040344,-0.8579182624816895,-0.0,-2.110388500291487,-0.061282050411426425,-0.01198065070101656,83.46792047907297,11.042996406555176
501.6422549285838,-283.9778137207031,-138.5076141357422,11.509384155273438,-0.5718578100204468,-0.8203527331352234,-0.0,-2.1795650603152326,-0.346027648899061,-0.017108111740562926,58.45180433495906,10.043996810913086
506.4332438546378,-286.89527893066406,-142.3078155517578,11.488388061523438,-0.6478116512298584,-0.7618005275726318,-0.0,-2.2755046505053165,-0.5494997874600616,-0.020889499861319882,47.870940263708924,9.044997215270996
511.12975794955986,-290.1097869873047,-145.7317352294922,11.45745849609375,-0.7220744490623474,-0.6918153762817383,-0.0,-2.377592518383916,-0.7607661999491366,-0.022386304873815488,44.67016801730716,8.045997619628906
515.7405203906479,-293.6005401611328,-148.74374389648438,11.417755126953125,-0.7913129925727844,-0.6114112734794617,-0.0,-2.4837498298986875,-0.830657407657398,-0.023071612467588765,43.34330777290968,7.046997547149658
520.2700462889703,-297.31983947753906,-151.32872009277344,11.381484985351562,-0.8508861064910889,-0.5253502130508423,-0.0,-2.588466010357555,-0.6519486784245521,-0.023056432289430717,43.371844674269454,6.460000514984131
524.732893033415,-301.2296142578125,-153.48049926757812,11.358932495117188,-0.9002283811569214,-0.4354180097579956,-0.0,-2.6910900869972307,-0.18065025197513407,-0.02485830027090563,40.22801193573193,5.880000591278076
529.1456119937455,-305.3044738769531,-155.17388916015625,11.365127563476562,-0.9451702237129211,-0.3265781104564667,-0.0,-2.8089117510764923,0.34666289441265263,-0.028271210319954887,35.371672761182154,5.270000457763672
533.5179487122522,-309.5210418701172,-156.33030700683594,11.38922119140625,-0.9796141386032104,-0.20088836550712585,-0.0,-2.939327964092332,0.5863593173599746,-0.029693278020136493,33.677655909928504,4.440000534057617
537.8615406815446,-313.8226013183594,-156.93251037597656,11.416213989257812,-0.9972729682922363,-0.07380155473947525,-0.0,-3.0677239402465624,0.6397740833143484,-0.03154893338394599,31.696792656352077,3.640000343322754
542.1884771681039,-318.1494140625,-156.94863891601562,11.444686889648438,-0.9974652528762817,0.07115492224693298,-0.0,3.070377549308671,0.8417596319681975,-0.03322398124692266,30.09874080315477,3.120000123977661
546.526819815741,-322.44297790527344,-156.32852172851562,11.48919677734375,-0.9771851301193237,0.2123892605304718,-0.0,2.9275732943218826,0.8533852684003973,-0.03180565848367334,31.440946286753526,2.7200002670288086
550.9295895984134,-326.67213439941406,-155.10470581054688,11.519058227539062,-0.9396851658821106,0.34204068779945374,-0.0,2.7925049479737174,0.5352494810259012,-0.029698545635842732,33.67168252148735,2.5500001907348633
555.401439286037,-330.7681121826172,-153.31024169921875,11.5364990234375,-0.8881713151931763,0.45951253175735474,-0.0,2.6641463913464323,0.43851019739908903,-0.03039027955657525,32.9052583454646,2.5900001525878906
559.9493693118394,-334.649169921875,-150.93946838378906,11.558685302734375,-0.811863124370575,0.5838478207588196,-0.0,2.51813250422148,0.746747215509691,-0.02963967273096968,33.738564156112545,2.8600001335144043
564.562978707023,-338.21087646484375,-148.00732421875,11.605255126953125,-0.7325981855392456,0.6806613802909851,-0.0,2.3929276173306877,0.9076829928657215,-0.025661552071266885,38.96880427274292,3.4600002765655518
569.2397737094873,-341.454345703125,-144.63821411132812,11.64288330078125,-0.6511645317077637,0.7589365839958191,-0.0,2.2799141870064425,0.7556472833935901,-0.025484632304942856,39.239334043914994,4.080000400543213
573.9836923909714,-344.3191223144531,-140.85711669921875,11.676376342773438,-0.5495866537094116,0.8354367017745972,-0.0,2.1526657263821796,1.1588307391591668,-0.02432558442399252,41.10898149742672,4.720000267028809
578.773670681454,-346.7311248779297,-136.71946716308594,11.7537841796875,-0.45949938893318176,0.8881781101226807,-0.0,2.048227793604274,1.1892694732842823,-0.023397452528694573,42.73969564736172,5.246999263763428
583.6302042062292,-348.6941833496094,-132.2775115966797,11.79052734375,-0.34848278760910034,0.9373151659965515,-0.0,1.926748268277075,0.6457931277836115,-0.023149507304019573,43.19746363787037,6.245999336242676
588.6104549071237,-350.1796569824219,-127.52403259277344,11.817031860351562,-0.24758018553256989,0.9688674211502075,-0.0,1.8209782079400023,0.4190679965968336,-0.018291093531145164,54.671416900102216,7.244999408721924
593.772196123692,-351.2420959472656,-122.47283935546875,11.832611083984375,-0.17069299519062042,0.9853242635726929,-0.0,1.74232926976709,0.20179325419298344,-0.013009388053598914,76.86756639743406,8.243999481201172
599.2959234067283,-352.0196838378906,-117.00411987304688,11.837844848632812,-0.11260037124156952,0.9936403632164001,-0.0,1.683636005500612,0.05085838786471619,-0.010610497681203257,94.2462860881185,9.242999076843262
605.2092175506416,-352.5030059814453,-111.11061096191406,11.83807373046875,-0.050171613693237305,0.9987406134605408,-0.0,1.6209890128586342,0.002819065118964126,-0.007545296199846244,132.53290175942698,10.241998672485352
611.4735628362663,-352.704833984375,-104.84951782226562,11.838180541992188,-0.023157941177487373,0.9997318387031555,-0.0,1.5939563379102317,0.01575783038819667,-0.0025539745229432864,391.54658396809936,11.240998268127441
618.2337665297583,-352.8431091308594,-98.09072875976562,11.84027099609375,-0.018743114545941353,0.9998243451118469,-0.0,1.5895405386990074,0.03522231251631425,-0.00041735038425486093,2396.06823840693,12.000027656555176
625.5776504372994,-352.973388671875,-90.74800109863281,11.84320068359375,-0.017559975385665894,0.9998458027839661,-0.0,1.5883572049075747,0.05587454570004091,-0.0006737137612038702,1484.3098918049168,12.100028038024902
633.5234150666623,-353.0784149169922,-82.80293273925781,11.849014282226562,-0.007800975348800421,0.9999696016311646,-0.0,1.578597381035831,0.06636101472496936,-0.0011581063105028239,863.478586491617,12.200028419494629
642.1380323505113,-353.09800720214844,-74.18833923339844,11.854095458984375,0.0015199463814496994,0.9999988675117493,-0.0,1.5692763798626046,0.1305809621610865,-0.000802084455412716,1246.7515026026101,12.200028419494629
651.4595985605479,-353.06089782714844,-64.86686706542969,11.873489379882812,0.006173231638967991,0.9999809265136719,-0.0,1.5646230558294547,0.2651985515146227,-0.0003165476526742206,3159.0820262033785,12.200028419494629
661.4841324894494,-352.99017333984375,-54.84263610839844,11.906234741210938,0.007377362344413996,0.9999727606773376,-0.0,1.563418897336039,0.3602553117436291,-2.6308506352962224e-05,38010.51973775031,12.150028228759766
672.2132618042458,-352.9162292480469,-44.11384582519531,11.948745727539062,0.00658237561583519,0.9999783635139465,-0.0,1.5642139038265312,0.4331048409984106,-2.1367268167996056e-05,46800.55457429988,12.050027847290039
683.6473509722086,-352.83457946777344,-32.68017578125,12.002761840820312,0.007989931851625443,0.9999680519104004,-0.0,1.5628063097049565,0.5227379771630847,-8.440508687468373e-05,11847.627163570134,12.000027656555176
695.743594851846,-352.7379608154297,-20.584518432617188,12.072433471679688,0.00851566530764103,0.9999637603759766,-0.0,1.5622805587272246,0.6322199820092689,-0.00010806681893872627,9253.534154336481,11.90002727508545
708.0900078281347,-352.61944580078125,-8.238967895507812,12.157577514648438,0.010663912631571293,0.9999431371688843,-0.0,1.5601322120199006,0.748344689723135,-6.044343893621407e-05,16544.392867111674,11.75002670288086
720.5364181044633,-352.4911346435547,4.2063751220703125,12.258087158203125,0.009991361759603024,0.999950110912323,-0.0,1.5608047990506047,0.8709866447936421,-7.77703079911235e-05,12858.377777212061,12.74902629852295
733.0729038263662,-352.3511505126953,16.741531372070312,12.375289916992188,0.012630538083612919,0.9999202489852905,-0.0,1.5581654530811146,1.0027859458299426,-0.00021511288188269528,4648.722062797323,13.748025894165039
745.5844584514998,-352.1772003173828,29.25115966796875,12.509231567382812,0.01537884958088398,0.9998817443847656,-0.0,1.5554168710338954,1.1390849424141813,-0.00027054487830924234,3696.2444317905906,14.747025489807129
758.0194421294915,-351.9640808105469,41.68341064453125,12.659347534179688,0.01937105506658554,0.9998123645782471,-0.0,1.5514240600858147,1.2506016707585221,-0.0003876804559030944,2579.4439332014263,15.650041580200195
770.3742197056721,-351.6895446777344,54.03410339355469,12.819183349609375,0.024976717308163643,0.9996880292892456,-0.0,1.545817011763801,1.3371176671056473,-0.0004453538801351409,2245.40538345945,15.400040626525879
782.6455868342656,-351.3484802246094,66.299560546875,12.988555908203125,0.030336370691657066,0.9995397329330444,-0.0,1.5404553006966275,1.4207167354890915,-0.000338407789298098,2955.0147237276387,15.150039672851562
794.8302928505517,-350.95872497558594,78.47673034667969,13.16656494140625,0.03326631709933281,0.9994465112686157,-0.0,1.537523870567868,1.4865630317669631,-0.0003334938725978315,2998.555842151633,14.34200382232666
806.9251835975587,-350.5295867919922,90.5626220703125,13.349441528320312,0.03841204196214676,0.9992619752883911,-0.0,1.532374832110186,1.5383316796083513,-0.000675657869349186,1480.0390040054297,13.34300422668457
818.9268431867637,-350.0040588378906,102.55130004882812,13.537200927734375,0.049486834555864334,0.9987747669219971,-0.0,1.5212892710598223,1.5857169813116023,-0.0010203644996155808,980.0419363636689,12.34400463104248
830.8341990332801,-349.33860778808594,114.43850708007812,13.728530883789062,0.06275796890258789,0.9980287551879883,-0.0,1.5079970873805724,1.5987584876271277,-0.0015528275262352287,643.9865233613305,11.34500503540039
842.6420998150419,-348.47377014160156,126.21319580078125,13.916366577148438,0.08613941073417664,0.9962831139564514,-0.0,1.484550034864793,1.5861515575320784,-0.0024000829101071125,416.6522730480887,10.3460054397583
854.3535958649398,-347.2794952392578,137.86216735839844,14.101593017578125,0.1188863217830658,0.9929078817367554,-0.0,1.451628154089015,1.5490177470243505,-0.002708042363328743,369.2704418297185,9.347005844116211
865.9662043405535,-345.72804260253906,149.36932373046875,14.277725219726562,0.14887376129627228,0.9888561964035034,-0.0,1.4213670806754917,1.5383822229219746,-0.002814590310627453,355.29149525746476,8.348006248474121
877.486644701447,-343.8075714111328,160.72714233398438,14.457427978515625,0.18319936096668243,0.9830757975578308,-0.0,1.3865564190264676,1.5782790754616305,-0.002849377916692354,350.9537973681044,7.349006175994873
888.9842905799611,-341.52728271484375,171.99490356445312,14.641006469726562,0.2133711874485016,0.9769712090492249,-0.0,1.3557720084284632,1.5036643735650945,-0.0027543450863999133,363.0627131428391,6.350006103515625
900.3910664197962,-338.9192352294922,183.09835815429688,14.802001953125,0.24479928612709045,0.9695737957954407,-0.0,1.3234836566958743,1.4122179914910937,-0.0029411108748455123,340.00758303697984,5.850004196166992
911.6961806252567,-335.9666748046875,194.0099334716797,14.961746215820312,0.27808523178100586,0.9605563879013062,-0.0,1.2889961850399114,1.4432395329804226,-0.003190033386417053,313.47634299312745,5.800004005432129
922.8970670229425,-332.6553955078125,204.7089080810547,15.126754760742188,0.3136918246746063,0.9495248198509216,-0.0,1.2517176934069796,1.491088524817552,-0.0033364238730871423,299.7221090720452,5.850004196166992
933.9890077915428,-328.9844970703125,215.17445373535156,15.294113159179688,0.3486934304237366,0.9372368454933167,-0.0,1.2146196532572642,1.503902922286271,-0.003256742440438179,307.0552916875597,6.000004768371582
944.9692367721698,-324.9768524169922,225.39585876464844,15.458709716796875,0.3810960650444031,0.9245354533195496,-0.0,1.179814792131964,1.5356301070062028,-0.003081202380548695,324.5486263131868,6.200005531311035
955.8329722597566,-320.674560546875,235.3699188232422,15.629470825195312,0.41095638275146484,0.9116550087928772,-0.0,1.147293451016007,1.5873164259607053,-0.0031109054507775374,321.44982090344814,6.500006675720215
966.5757197574682,-316.0934753417969,245.0854034423828,15.8016357421875,0.4423067271709442,0.8968638777732849,-0.0,1.1126273009558731,1.6055031487656413,-0.003347824948433206,298.7014002831909,6.900008201599121
977.1956742635566,-311.22178649902344,254.52049255371094,15.972442626953125,0.475024551153183,0.879972517490387,-0.0,1.0758043834328008,1.5755423942298452,-0.0034214651821332653,292.2724466763404,7.899008274078369
987.690133230727,-306.0732879638672,263.663818359375,16.134384155273438,0.5058979988098145,0.8625932931900024,-0.0,1.0403736260518104,1.5228619379897723,-0.003354669583673295,298.0919506549496,8.898008346557617
998.055512933445,-300.67652893066406,272.5120849609375,16.2901611328125,0.5353949666023254,0.8446018099784851,-0.0,1.005821008572838,1.4645199635792694,-0.0033132011640952946,301.8229049406545,9.897007942199707
1008.2888608528607,-295.05303955078125,281.06056213378906,16.4361572265625,0.5635490417480469,0.8260826468467712,-0.0,0.972120581182367,1.3853993475762438,-0.0030850337532532177,324.14556208517456,10.896007537841797
1018.3870692458487,-289.23675537109375,289.3144226074219,16.571945190429688,0.5873290300369263,0.8093482255935669,-0.0,0.9430415805071287,1.2955684336333095,-0.002307120780469088,433.440680030925,11.895007133483887
1028.3451192442255,-283.31202697753906,297.3172302246094,16.696136474609375,0.6012842059135437,0.7990352511405945,-0.0,0.9256890032876484,1.194343384179819,-0.0015484985766349643,645.7868383535074,12.894006729125977
1038.161956552229,-277.35687255859375,305.1206817626953,16.808273315429688,0.6118762493133545,0.790953516960144,-0.0,0.9123657742116099,1.0881975960788548,-0.0013306300314013045,751.5236965957296,13.893006324768066
1047.8605800106932,-271.3726348876953,312.75233459472656,16.90863037109375,0.6218332648277283,0.7831496596336365,-0.0,0.8997149054309164,0.9818347808505545,-0.0012341794765952374,810.2549256115697,14.05003547668457
1057.4908458153436,-265.34059143066406,320.25889587402344,16.998123168945312,0.6305762529373169,0.7761273384094238,-0.0,0.888500889609229,0.8763848202535507,-0.0012326096725664218,811.2868349620329,13.550033569335938
1066.982163756898,-259.31056213378906,327.588134765625,17.07635498046875,0.6401028037071228,0.7682892680168152,-0.0,0.8761642594747178,0.7724842748353167,-0.001160373806033968,861.7912562313792,13.200032234191895
1076.3275366444202,-253.2908477783203,334.7361755371094,17.143783569335938,0.6474193334579468,0.7621340155601501,-0.0,0.8666029083889096,0.6689952940205357,-0.0006687618707348908,1495.300560274343,13.100031852722168
1085.5199048197605,-247.32688903808594,341.7310028076172,17.200531005859375,0.6496598720550537,0.7602249979972839,-0.0,0.8636593786527007,0.5651413013830653,-0.00026887901179846463,3719.144879740704,13.200032234191895
1094.5530520484601,-241.451171875,348.5918731689453,17.2469482421875,0.6511586308479309,0.758941650390625,-0.0,0.8616862440184452,0.4605452585040526,-0.00020234264365372873,4942.111963859242,13.500033378601074
1103.4192905841348,-235.67227172851562,355.3159484863281,17.28314208984375,0.652413010597229,0.7578635811805725,-0.0,0.8600322481028739,0.35463574474556836,-0.00019236444814111492,5198.465775060571,13.75003433227539
1112.1119061012228,-229.9947967529297,361.8982849121094,17.309402465820312,0.6537168622016907,0.7567391991615295,-0.0,0.8583105440579705,0.24748759280142085,-0.00020581482910380505,4858.736391125824,13.950035095214844
1120.6209677647048,-224.42576599121094,368.33177185058594,17.325912475585938,0.6550899147987366,0.7555509209632874,-0.0,0.8564947027896526,0.14080362336132968,-0.00019554678978062068,5113.865592587208,14.100035667419434
1128.94182578912,-218.96994018554688,374.6143341064453,17.333297729492188,0.6562088131904602,0.7545793652534485,-0.0,0.8550128612013921,-0.016095374489588643,-8.148939572755198e-05,12271.535346063376,14.20003604888916
1137.0607775303813,-213.64300537109375,380.7414093017578,17.323684692382812,0.6561306118965149,0.7546473741531372,-0.0,0.8551164983203513,-0.5949013205916565,-0.0004634324426965458,2157.8118143420465,14.300036430358887
1144.9743257264074,-208.4340362548828,386.6982421875,17.239852905273438,0.6616523265838623,0.7498107552528381,-0.0,0.8477760312255197,-1.547965414517094,-0.00044163806560250374,2264.2975728003703,14.450037002563477
1152.680047885389,-203.334228515625,392.4728240966797,17.083908081054688,0.6614700555801392,0.7499715685844421,-0.0,0.8480191025069719,-2.4455553470469793,0.0002862741937009264,3493.154542056663,14.50003719329834
1160.1747765666416,-198.39210510253906,398.1031494140625,16.869873046875,0.6584630608558655,0.7526130080223083,-0.0,0.8520215069738856,-3.2101900251207294,0.0001933482052829255,5172.015941584276,14.600037574768066
1167.4593916889603,-193.60096740722656,403.5843505859375,16.610931396484375,0.6592181324958801,0.7519517540931702,-0.0,0.8510178187453157,-3.8425644271421255,-0.0005948651157628923,1681.0533573103162,14.750038146972656
1174.5620058937607,-188.9054718017578,408.90541076660156,16.318069458007812,0.6647573709487915,0.7470593452453613,-0.0,0.8436273468262789,-4.352729177525982,-0.0011259748241580492,888.1193242910673,14.786996841430664
1181.552304721519,-184.24478149414062,414.1053924560547,15.998016357421875,0.6710526943206787,0.7414096593856812,-0.0,0.835168595603508,-4.753357066787722,-0.0021315680848269652,469.1381932007005,13.787997245788574
1188.331639230832,-179.6533203125,419.0819854736328,15.664276123046875,0.6861162185668945,0.7274919152259827,-0.0,0.8146593752686114,-5.029991292878666,-0.003447326923626065,290.0798276910017,12.788997650146484
1194.8796264854514,-175.1053924560547,423.78086853027344,15.328140258789062,0.7042593955993652,0.7099427580833435,-0.0,0.7894169183349723,-5.156371380369551,-0.004823473851502398,207.3194611988046,11.789998054504395
1201.1873658143377,-170.5938720703125,428.1771240234375,15.001495361328125,0.7295675277709961,0.6839087605476379,-0.0,0.7531069274795006,-5.120983957284109,-0.008189529725677824,122.10713355915352,10.790998458862305
1207.2435515925151,-166.05929565429688,432.1797332763672,14.6947021484375,0.7716520428657532,0.6360449194908142,-0.0,0.689361892456294,-4.924572961724194,-0.011263239046205409,88.78440703404058,9.791998863220215
1213.046604045715,-161.46273803710938,435.71099853515625,14.416778564453125,0.8139370679855347,0.580953061580658,-0.0,0.6198991261887549,-4.60181106036941,-0.011374093149413317,87.9190970975634,8.792999267578125
1218.6038532910204,-156.849609375,438.7999572753906,14.1710205078125,0.8473284244537354,0.531069278717041,-0.0,0.5598619965215115,-4.200670301636844,-0.010818963820624833,92.43029337926434,7.793999671936035
1223.9477051467409,-152.24551391601562,441.50433349609375,13.957931518554688,0.8766378164291382,0.4811508357524872,-0.0,0.5019670270733403,-3.760795568399544,-0.012809218232177129,78.06877686633294,6.794999599456787
1229.1121666471365,-147.6363525390625,443.82679748535156,13.7750244140625,0.9106443524360657,0.4131911098957062,-0.0,0.4259555140716854,-3.337725999751373,-0.017249593928966106,57.9723791828378,5.795999526977539
1234.1209176128616,-142.9830780029297,445.6733856201172,13.617752075195312,0.9469267725944519,0.3214493691921234,-0.0,0.3272596920800951,-2.9291948810977297,-0.01794057965393229,55.73955910509368,4.796999454498291
1238.9849762925423,-138.3223114013672,447.05857849121094,13.4852294921875,0.9693245887756348,0.24578402936458588,-0.0,0.24832845722130822,-3.0182998259207006,-0.016666920136074657,59.999087524008324,3.797999382019043
1243.7231197887024,-133.68948364257812,448.0395965576172,13.328659057617188,0.986033022403717,0.16655004024505615,-0.0,0.16732979648236002,-3.202679772484074,-0.01818784425443398,54.98177717000254,2.798999309539795
1248.3571143648924,-129.0951385498047,448.6271514892578,13.184860229492188,0.9969521760940552,0.07801524549722672,-0.0,0.07809460064086121,-2.6214983492755417,-0.02069687889543851,48.316463803650855,1.7999993562698364
1252.9208965796727,-124.53422546386719,448.7559051513672,13.086868286132812,0.9997392892837524,-0.022832779213786125,-0.0,-0.02283476380520756,-1.6228510593013334,-0.024266705643741157,41.208725019414366,1.149999976158142
1257.4592019206323,-120.01028442382812,448.3985900878906,13.036880493164062,0.9898393750190735,-0.14219021797180176,-0.0,-0.1426737620766971,-0.5676114333606819,-0.027118472036345334,36.8752339239378,1.2999998331069946
1261.9865154827332,-115.58213806152344,447.4562072753906,13.035293579101562,0.9641261696815491,-0.26544442772865295,-0.0,-0.26866485527243983,0.2918725512932152,-0.02943518129677479,33.97295195561,2.298999786376953
1266.5283606009843,-111.29273986816406,445.9633483886719,13.063446044921875,0.9172511696815491,-0.39830926060676575,-0.0,-0.40967284447359714,1.1257373701891282,-0.02908256046038203,34.38486791292873,3.297999858856201
1271.0761911214217,-107.24250793457031,443.89625549316406,13.137680053710938,0.861290454864502,-0.508112907409668,-0.0,-0.5329923722415663,1.6528663964506363,-0.025921204119556014,38.57845474260045,4.296999931335449
1275.6216572588494,-103.45913696289062,441.3780059814453,13.2137451171875,0.7988666296005249,-0.6015082001686096,-0.0,-0.6453876922806013,1.7380179199105728,-0.025212033169083832,39.663600047387156,5.296000003814697
1280.1778922775222,-99.98831176757812,438.42742919921875,13.295883178710938,0.7231285572052002,-0.6907134652137756,-0.0,-0.7624752245859973,1.8585160070380358,-0.024206676465682198,41.310916904173105,6.295000076293945
1284.7751975933274,-96.83447265625,435.0836639404297,13.3839111328125,0.6472375392913818,-0.7622883915901184,-0.0,-0.866841405926793,1.831277837317824,-0.021520846190848375,46.466574368495074,7.294000148773193
1289.4212335240077,-93.99974060058594,431.4035339355469,13.465072631835938,0.5724676251411438,-0.8199273347854614,-0.0,-0.9612840623281492,1.6508122181904339,-0.01842946246513734,54.26094233034093,8.293000221252441
1294.1176516692078,-91.46647644042969,427.44960021972656,13.538040161132812,0.5072327852249146,-0.8618090748786926,-0.0,-1.0388255131144635,1.48245476153257,-0.013755062972658494,72.70050322472106,9.291999816894531
1298.8784193404067,-89.16836547851562,423.28077697753906,13.605178833007812,0.461588591337204,-0.8870940804481506,-0.0,-1.091011162971643,1.3402939315375173,-0.007240143552967163,138.1188083750327,10.290999412536621
1303.8041620737677,-86.94155883789062,418.88755798339844,13.667633056640625,0.44671323895454407,-0.8946772217750549,-0.0,-1.1077080674708968,1.1859678570667276,-0.001456364290372339,686.6413895278472,11.289999008178711
1308.918700758427,-84.64631652832031,414.3173065185547,13.72393798828125,0.44923320412635803,-0.8934145569801331,-0.0,-1.1048894593483773,1.0226673032762257,-0.0026204728455389292,381.6105180034174,12.2889986038208
1314.2797167604274,-82.31900024414062,409.4880676269531,13.774368286132812,0.42053619027137756,-0.9072757363319397,-0.0,-1.1367600865066945,0.8579342222423403,-0.0039938359620743935,250.3858469641806,13.28799819946289
1320.1928790933814,-79.86624145507812,404.1077880859375,13.8197021484375,0.4106302261352539,-0.9118019938468933,-0.0,-1.1476511977714523,0.6637928479759969,-0.0014935008312923076,669.5677558710914,14.28699779510498
1326.7419095011915,-77.19651794433594,398.1277313232422,13.855712890625,0.40400493144989014,-0.9147568345069885,-0.0,-1.154905564794315,0.4314371909407866,-0.0013607479994019317,734.8899285095509,14.35003662109375
1333.8149305921957,-74.37568664550781,391.64158630371094,13.877182006835938,0.3934057652950287,-0.9193649291992188,-0.0,-1.1664631746445355,0.1695249983900582,-0.0014371963620699035,695.7991450519419,14.250036239624023
1341.40408086477,-71.42422485351562,384.6498718261719,13.879135131835938,0.3848349153995514,-0.9229854345321655,-0.0,-1.1757673753932036,-0.12968955594141462,-0.0013399899182543612,746.2742714532699,14.05003547668457
1349.5138447920158,-68.34185791015625,377.1487579345703,13.855148315429688,0.37386617064476013,-0.9274826645851135,-0.0,-1.1876223356803317,-0.46675332840855344,-0.00197994226172743,505.06523312833133,13.75003433227539
1358.1054578908959,-65.2098388671875,369.1485595703125,13.799484252929688,0.35362812876701355,-0.935386061668396,-0.0,-1.209349291459134,-0.8364780954993045,-0.0024613482791897012,406.28138994177993,13.300032615661621
1367.062098854241,-62.135162353515625,360.73670959472656,13.706954956054688,0.3335172235965729,-0.9427440166473389,-0.0,-1.2307643689603434,-1.2931421121351483,-0.002049300323661213,487.9714253952943,12.650030136108398
1376.1656299128795,-59.16685485839844,352.1318664550781,13.565170288085938,0.318870484828949,-0.9477983117103577,-0.0,-1.2462588083745745,-1.9890119779189641,-0.0018278968959467568,547.0768084444124,11.697013854980469
1385.3454361678223,-56.3118896484375,343.41014099121094,13.342636108398438,0.30181190371513367,-0.9533674716949463,-0.0,-1.2642037066999805,-2.8216426100374004,-0.001763033273235709,567.2042695851633,10.698014259338379
1394.4693257450292,-53.633056640625,334.6933135986328,13.049148559570312,0.2881038188934326,-0.9575991630554199,-0.0,-1.2785502163376141,-3.5761788799757,-0.000935870057131874,1068.5244093230876,9.699014663696289
1403.555175837626,-51.03031921386719,325.9955749511719,12.691696166992188,0.28547531366348267,-0.9583860635757446,-0.0,-1.2812939832758985,-4.265067292474245,-0.0003801169280607669,2630.76944534324,8.7000150680542
1412.5130865149124,-48.49281311035156,317.4144287109375,12.280410766601562,0.28154823184013367,-0.9595471024513245,-0.0,-1.2853891030460793,-4.876112018893841,0.00010749886222234661,9302.424038048306,8.048005104064941
1421.3336023339114,-45.99365234375,308.9676055908203,11.825576782226562,0.28715893626213074,-0.9578829407691956,-0.0,-1.2795367927820833,-5.394828873968283,0.0009089450738240523,1100.1764889850467,7.049005031585693
1430.011130079337,-43.470062255859375,300.6795196533203,11.33709716796875,0.2967068552970886,-0.9549686312675476,-0.0,-1.2695539683313293,-5.834781545616319,0.002089489975321379,478.58568924035757,6.050004959106445
1438.541336129859,-40.849822998046875,292.57806396484375,10.8221435546875,0.3211471736431122,-0.9470292925834656,-0.0,-1.2438557467622906,-6.212878646590003,0.003806851102854794,262.6842954929575,5.100001335144043
1446.9202987336103,-38.01991271972656,284.7096252441406,10.287078857421875,0.3572995066642761,-0.9339898824691772,-0.0,-1.2054213973616699,-6.534479844839414,0.004887859635855446,204.5885263693718,4.399998664855957
1455.1451438402717,-34.9298095703125,277.10716247558594,9.737625122070312,0.3967795968055725,-0.9179139137268066,-0.0,-1.162790546114278,-6.809920361311217,0.005370415274407514,186.2053396066888,4.099997520446777
1463.2116807193452,-31.575210571289062,269.79261779785156,9.178054809570312,0.4374920129776001,-0.8992223143577576,-0.0,-1.117988622012189,-7.050206391765467,0.005605949771967739,178.38190506102075,4.149997711181641
1471.1291612318237,-27.962814331054688,262.7701110839844,8.611053466796875,0.4773145020008087,-0.8787325620651245,-0.0,-1.0732002774146767,-7.2591026652708335,0.005039126158014079,198.4471054390312,4.549999237060547
1478.9149833698955,-24.136917114257812,256.01336669921875,8.03839111328125,0.5073440670967102,-0.8617435693740845,-0.0,-1.0386963828451006,-7.260941408561345,0.0043842969315648905,228.08674129721163,5.300002098083496
1486.602840050792,-20.142410278320312,249.46788024902344,7.487335205078125,0.5357928276062012,-0.8443494439125061,-0.0,-1.0053498588923337,-6.6774204835103825,0.006041027336003604,165.53475830843408,6.250005722045898
1494.2361186865187,-15.88720703125,243.1483154296875,7.014801025390625,0.584667444229126,-0.8112730979919434,-0.0,-0.9463262696036898,-5.689351899013756,0.008650649586314292,115.5982553705613,6.650007247924805
1501.8702166199869,-11.212890625,237.12557983398438,6.6187286376953125,0.6423194408416748,-0.7664370536804199,-0.0,-0.8732756293750401,-4.587505509286122,0.0100923572259713,99.08487953900767,7.649007320404053
1509.5217445542837,-6.075439453125,231.46347045898438,6.31378173828125,0.7023947238922119,-0.7117876410484314,-0.0,-0.7920400076663756,-3.1074408433787672,0.01128374385904491,88.62306806073165,8.6480073928833
1517.2032040693525,-0.4420166015625,226.2442626953125,6.142791748046875,0.7646990418434143,-0.6443875432014465,-0.0,-0.700222129841383,-0.9485691189183298,0.010886443078905732,91.85736725502785,9.64700698852539
1524.9153664648063,5.64691162109375,221.51121520996094,6.168548583984375,0.811241626739502,-0.5847110748291016,-0.0,-0.6245238537378798,2.704376774028022,0.009324113419260698,107.24880265123258,10.64600658416748
1532.696369476668,12.10845947265625,217.19436645507812,6.5650634765625,0.8494627475738525,-0.5276485681533813,-0.0,-0.5558300468823291,7.993423048170167,0.007921333331475336,126.24137353575443,9.943997383117676
1540.500635632799,18.821578979492188,213.30630493164062,7.4156951904296875,0.8770498633384705,-0.48039937019348145,-0.0,-0.5011100071292672,13.40188690143595,0.004963524757443879,201.46973146457742,8.944997787475586
1548.273575026283,25.607009887695312,209.72158813476562,8.651138305664062,0.8877399563789368,-0.4603453278541565,-0.0,-0.4783841427179663,17.06583126066306,0.0014014090967719925,713.5675102319525,7.945997714996338
1555.9568136031316,32.31532287597656,206.24737548828125,10.05133056640625,0.8873741626739502,-0.4610499441623688,-0.0,-0.47917805027250143,18.292805321485815,-0.0005671043707193221,1763.3438422130089,6.94699764251709
1563.5632142477536,38.95066833496094,202.80078125,11.44793701171875,0.8837482333183289,-0.46796268224716187,-0.0,-0.48698404937060835,17.81758832986452,-0.004328249899253629,231.04026414289103,6.37000036239624
1571.1391679164415,45.450653076171875,199.1357879638672,12.756790161132812,0.8552877306938171,-0.5181533098220825,-0.0,-0.5446904038469426,16.4655709104913,-0.007958894139724101,125.64559629067581,5.8600006103515625
1578.7225888602247,51.73258972167969,195.05702209472656,13.943893432617188,0.8209971189498901,-0.5709323287010193,-0.0,-0.6076410150652486,14.747247263564834,-0.008478948211789933,117.93915648753524,5.240000247955322
1586.3221954123446,57.767120361328125,190.55897521972656,14.995574951171875,0.7816856503486633,-0.623672604560852,-0.0,-0.6734322715212596,12.963418963276553,-0.009166680720964805,109.09074183340256,4.830000400543213
1593.9491552149852,63.51304626464844,185.62893676757812,15.91729736328125,0.7335633039474487,-0.6796211004257202,-0.0,-0.7472460097970185,11.369085768342135,-0.011048611790013728,90.50910820342594,4.720000267028809
1601.6251862810334,68.86904907226562,180.19142150878906,16.73468017578125,0.6654916405677795,-0.746405303478241,-0.0,-0.8426440246153183,10.097372853820064,-0.010561315992201968,94.68516998623637,5.270000457763672
1609.3484011073836,73.77680969238281,174.2737579345703,17.471694946289062,0.6139781475067139,-0.7893230319023132,-0.0,-0.9097056122570615,8.316121429564971,-0.007534157942296282,132.72883415226323,6.010000228881836
1617.1156892788808,78.36509704589844,168.03070068359375,18.021804809570312,0.5741339325904846,-0.81876140832901,-0.0,-0.9592503547838047,5.718796859864939,-0.007171233506339185,139.44602405095662,6.69699764251709
1624.9394830683168,82.65397644042969,161.4960479736328,18.361770629882812,0.5219995379447937,-0.8529458045959473,-0.0,-1.0216027992874557,3.566009529723657,-0.008076564424401855,123.81502176577503,7.695997714996338
1632.845915549998,86.55136108398438,154.62045288085938,18.581451416015625,0.4657500386238098,-0.8849163055419922,-0.0,-1.086314314166089,2.1613935788250105,-0.006950550895583239,143.8734878749618,8.694997787475586
1640.9809311159734,90.15594482421875,147.32867431640625,18.70562744140625,0.42437267303466797,-0.905487596988678,-0.0,-1.1325273486313003,1.0590656870715254,-0.004258921639746643,234.80122072860877,9.693997383117676
1649.4061156727973,93.63153076171875,139.6539306640625,18.754074096679688,0.40300074219703674,-0.9151996374130249,-0.0,-1.1560030485405517,0.21886884332420475,-0.0022972620140704753,435.3008032497429,10.692996978759766
1658.1297537768644,97.07827758789062,131.6400909423828,18.740997314453125,0.3886544406414032,-0.9213836193084717,-0.0,-1.1716255631106072,-0.4719579059084156,-0.0012612062344175279,792.8917354756317,11.691996574401855
1667.1680112881738,100.55667114257812,123.29829406738281,18.668182373046875,0.38271304965019226,-0.9238672852516174,-0.0,-1.178065195469912,-1.090839440358815,-0.00028363997359984183,3525.5961538439433,12.690996170043945
1676.3621687719913,104.075927734375,114.80528259277344,18.541213989257812,0.38400891423225403,-0.9233294129371643,-0.0,-1.176662137425538,-1.6144873444210783,4.196628012316517e-05,23828.654745313135,13.000031471252441
1685.6323967189103,107.64102172851562,106.24971008300781,18.369720458984375,0.3834131956100464,-0.9235768914222717,-0.0,-1.1773072159390863,-2.1522956541634497,-0.0004026533123689946,2483.526073873676,12.988997459411621
1694.9292700352792,111.17465209960938,97.65359497070312,18.141433715820312,0.3770788609981537,-0.9261811375617981,-0.0,-1.1841560171594963,-2.610354746126753,-0.001134265090492137,881.6281206063727,11.989997863769531
1704.1138610787773,114.59080505371094,89.13172912597656,17.88763427734375,0.3640522062778473,-0.9313785433769226,-0.0,-1.198181350959697,-2.9757360096970165,-0.0020975871178873368,476.73824437250903,10.990998268127441
1713.1995876029587,117.78962707519531,80.63265991210938,17.598175048828125,0.34142157435417175,-0.9399102926254272,-0.0,-1.2223673954225895,-3.28637725087243,-0.002464052117342741,405.8355718053603,9.991998672485352
1722.2104977453382,120.78956604003906,72.14126586914062,17.293060302734375,0.322145015001297,-0.9466903209686279,-0.0,-1.2428019017759457,-3.4867323285582508,-0.0038634201452802663,258.83801460776834,8.992999076843262
1731.0798386020524,123.44395446777344,63.684417724609375,16.975021362304688,0.2761617600917816,-0.9611111879348755,-0.0,-1.2909980710871922,-3.6554330900423593,-0.0050631820865885,197.5042538266258,7.993999481201172
1739.807906903964,125.67282104492188,55.25199890136719,16.649993896484375,0.236528679728508,-0.971624493598938,-0.0,-1.3320047323728565,-3.648691612770405,-0.004762390247490131,209.9785922682457,6.994999408721924
1748.3924204653865,127.54049682617188,46.87873840332031,16.343124389648438,0.19608837366104126,-0.9805862307548523,-0.0,-1.3734290787506152,-3.3897809273849,-0.005883879446529225,169.9558954406992,5.995999336242676
1756.8671482990028,128.9609375,38.5283203125,16.071319580078125,0.1382042020559311,-0.9904037714004517,-0.0,-1.4321483425822852,-2.904384825464057,-0.006025916200885176,165.94986831265678,4.996999263763428
1765.2716602504765,129.92953491210938,30.18267822265625,15.852462768554688,0.09538287669420242,-0.995440661907196,-0.0,-1.4752682244299005,-2.108733572180954,-0.00567641119803014,176.1676462668923,3.9979991912841797
1773.6126153669788,130.53334045410156,21.864700317382812,15.717575073242188,0.04364907741546631,-0.9990469217300415,-0.0,-1.5271333770044202,-1.0606802765579015,-0.007905457567252375,126.49489185071428,2.9989991188049316
1781.8919357460156,130.544921875,13.585494995117188,15.675491333007812,-0.03564799949526787,-0.99936443567276,-0.0,-1.6064518797539449,-0.32764677966679034,-0.008326802606432884,120.09411622504999,1.9999991655349731
1790.1039705826997,130.0117950439453,5.3907928466796875,15.663299560546875,-0.09368771314620972,-0.9956016540527344,-0.0,-1.6646216377576997,-0.3809168220481163,-0.00699454734701703,142.9685082375589,2.349998950958252
1798.2489874168507,129.02728271484375,-2.6943511962890625,15.613494873046875,-0.14951485395431519,-0.988759458065033,-0.0,-1.7208739232296364,-0.6486448985240756,-0.00699256650039258,143.0090082009027,3.0499982833862305
1806.2951133385302,127.59402465820312,-10.611602783203125,15.558349609375,-0.20555032789707184,-0.9786465764045715,-0.0,-1.7778223304113459,-0.7349521636703327,-0.005754116086097216,173.78863843504058,3.0499982833862305
1814.1617914191088,125.83236694335938,-18.278244018554688,15.496719360351562,-0.23975303769111633,-0.9708338975906372,-0.0,-1.8129077912030944,-0.7540280205261762,-0.0030705152164718502,325.67824273772584,3.8999974727630615
1821.8425510523218,123.93324279785156,-25.720306396484375,15.441009521484375,-0.2525117099285126,-0.9675938487052917,-0.0,-1.8260715344662646,-0.4696934722079549,-0.00048335075945146744,2068.8909253703337,4.75
1829.330329300393,122.05049133300781,-32.967498779296875,15.42449951171875,-0.24731884896755219,-0.968934178352356,-0.0,-1.8207084797036401,-0.07089748601061263,0.0020537145677191754,486.92258199764586,5.650003433227539
1836.6472183533915,120.319091796875,-40.07658386230469,15.430007934570312,-0.22342076897621155,-0.9747220873832703,-0.0,-1.7961188767917626,0.26508624630778854,0.004566333025463873,218.99410192457756,6.649003505706787
1843.8086247023218,118.85476684570312,-47.08660888671875,15.462295532226562,-0.18313099443912506,-0.983088493347168,-0.0,-1.7549666992233535,0.45034789029883004,0.0074492896337611525,134.24098795512924,7.648003578186035
1850.8401928180126,117.77799987792969,-54.03517150878906,15.493927001953125,-0.11974513530731201,-0.9928046464920044,-0.0,-1.6908294955918435,0.24461336851619997,0.010204117468454788,97.9996558341689,8.647003173828125
1857.7730692103435,117.20639038085938,-60.94444274902344,15.496856689453125,-0.04187551885843277,-0.9991228580474854,-0.0,-1.6126840929199342,0.024720557652657682,0.012111501026426802,82.5661491352757,9.646002769470215
1864.6517603969753,117.22016906738281,-67.8231201171875,15.497360229492188,0.04713752120733261,-0.9988884329795837,-0.0,-1.523641333059558,0.001323912365247537,0.013140923759770065,76.09815095811024,10.645002365112305
1871.521354964577,117.85652160644531,-74.66317749023438,15.497039794921875,0.13832885026931763,-0.9903863668441772,-0.0,-1.4320224851421743,-0.005314788799526404,0.013699810608063662,72.99370981168188,11.092996597290039
1878.4243861400623,119.13690185546875,-81.44642639160156,15.496627807617188,0.23368090391159058,-0.9723133444786072,-0.0,-1.334934638322653,-0.00300021262067407,0.013238885934122008,75.53505672426652,10.09399700164795
1885.4023473474597,121.05262756347656,-88.15626525878906,15.496627807617188,0.31686118245124817,-0.9484719038009644,-0.0,-1.2483780120123689,0.01097927520330444,0.013051079892819215,76.62201198769814,9.09499740600586
1892.4533353730947,123.60427856445312,-94.72935485839844,15.498184204101562,0.40689244866371155,-0.9134760499000549,-0.0,-1.1517467401525747,0.10414222152219654,0.013065741968983483,76.53602852206029,8.09599781036377
1899.5866763853794,126.79533386230469,-101.109130859375,15.51153564453125,0.48611730337142944,-0.8738935589790344,-0.0,-1.0631550741018483,0.056484216698859946,0.012447051720583038,80.34031049668994,7.0969977378845215
1906.8168656282605,130.59046936035156,-107.26319885253906,15.50604248046875,0.5628572702407837,-0.8265541195869446,-0.0,-0.9729577396948542,-0.0720809660303301,0.011778520103076097,84.90030931295337,6.097997665405273
1914.1398406510104,134.9586181640625,-113.14071655273438,15.501052856445312,0.6279574632644653,-0.7782476544380188,-0.0,-0.891870431107121,-0.05628995741793208,0.009366732006981342,106.76082109050053,5.098997592926025
1921.543096392741,139.77684020996094,-118.761474609375,15.497772216796875,0.6709578037261963,-0.7414954900741577,-0.0,-0.8352965453259302,-0.036055997321771116,0.006540247540909504,152.89941148939104,4.099997520446777
1929.034816510203,144.9201202392578,-124.20872497558594,15.495697021484375,0.7005348205566406,-0.7136182188987732,-0.0,-0.7946496550714032,-0.12075176553165701,0.004194928418109187,238.38309032475408,3.499997854232788
1936.7642889089204,150.40274047851562,-129.6571502685547,15.47894287109375,0.7164896130561829,-0.6975977420806885,-0.0,-0.772039195815721,-0.44105163122271085,0.0029600854568537227,337.8280845522956,3.0999982357025146
1944.8810059470838,156.28201293945312,-135.2528839111328,15.424026489257812,0.7332438826560974,-0.6799657344818115,-0.0,-0.7477159061718226,-0.8820255336340788,0.0030142795653465906,331.7542312585784,2.7999985218048096
1953.4137236297813,162.6164093017578,-140.968994140625,15.330337524414062,0.7505924105644226,-0.6607654690742493,-0.0,-0.7218381359050999,-1.2804588748002388,0.002531311676793907,395.0521024999078,2.7499985694885254
1962.2469809424827,169.3013916015625,-146.74139404296875,15.200546264648438,0.7622178196907043,-0.6473206281661987,-0.0,-0.7040639353342458,-1.6233633838176775,0.0011416388462040933,875.9337537654424,2.899998426437378
1971.2276351634475,176.15748596191406,-152.5397186279297,15.040695190429688,0.7637072801589966,-0.6455627083778381,-0.0,-0.7017598570450071,-1.8996456981264176,0.00035261225944364233,2835.9762691683413,3.149998188018799
1980.3458737181072,183.12745666503906,-158.41575622558594,14.856399536132812,0.766350507736206,-0.6424226760864258,-0.0,-0.6976554108784502,-2.111281620164096,0.0009820217265374132,1018.3074090692248,3.3600001335144043
1989.6212268832758,190.27392578125,-164.32493591308594,14.652069091796875,0.7753492593765259,-0.6315326690673828,-0.0,-0.6835283763384516,-2.2468005096928367,0.0016300325829098627,613.4846692541837,3.7100002765655518
1999.1858104218381,197.736328125,-170.3037109375,14.432846069335938,0.7857535481452942,-0.6185396909713745,-0.0,-0.666882863261038,-2.2768462332422246,0.0017860828068383405,559.8844556206013,4.03000020980835
2009.1983783172834,205.6599884033203,-176.42056274414062,14.206466674804688,0.7969785928726196,-0.6040075421333313,-0.0,-0.6485200078757981,-2.217903678306987,0.0014904655302228863,670.9313162381277,4.160000324249268
2019.7777361971077,214.13095092773438,-182.7540283203125,13.976638793945312,0.804126501083374,-0.5944582223892212,-0.0,-0.6365917311070577,-2.0765664076393797,0.0009513043362912275,1051.188312563168,4.420000076293945
2030.9702151067252,223.15798950195312,-189.36729431152344,13.755569458007812,0.8091861605644226,-0.5875523686408997,-0.0,-0.6280306904948683,-1.813764278038199,0.0007800219119925289,1282.0152672962065,3.7400002479553223
2042.86720519481,232.81614685058594,-196.31137084960938,13.560195922851562,0.8147146105766296,-0.579862117767334,-0.0,-0.6185594504188869,-1.4014029948718476,0.0011081226649913359,902.4271694756994,3.499997854232788
2055.4481026920216,243.12545776367188,-203.5208282470703,13.415924072265625,0.8250717520713806,-0.5650279521942139,-0.0,-0.6004671375684087,-0.8187940517534131,0.0015919752363067821,628.1504744507814,3.449997901916504
2068.4192923008923,253.91165161132812,-210.72540283203125,13.35357666015625,0.8376885652542114,-0.5461481809616089,-0.0,-0.5777591674460939,-0.06413297301808285,0.0016971388332032954,589.2269862875814,3.3499979972839355
2081.5214587392725,264.9600830078125,-217.7678985595703,13.400299072265625,0.8492510318756104,-0.5279892086982727,-0.0,-0.5562311198532452,0.8268885123546732,0.001926249221803067,519.1436230997925,3.449997901916504
2094.691404865597,276.2435607910156,-224.5576934814453,13.571456909179688,0.8642624020576477,-0.5030412077903748,-0.0,-0.5271140469828491,1.7020768821458643,0.001831957610060983,545.8641589238036,3.499997854232788
2107.8355111270516,287.67137145996094,-231.0458526611328,13.847976684570312,0.8737165331840515,-0.4864354431629181,-0.0,-0.5080053283167593,2.4064622221224297,0.0012136814855707653,823.9394041095749,3.499997854232788
2120.9390164516294,299.15496826171875,-237.3468780517578,14.202850341796875,0.8798554539680481,-0.47524136304855347,-0.0,-0.4952383399299114,2.909316246987781,0.0008104156725256828,1233.9346756257469,3.3499979972839355
2133.9943204782517,310.6650695800781,-243.49453735351562,14.60882568359375,0.8838390111923218,-0.46779122948646545,-0.0,-0.4867900476418901,3.20714031102608,0.0005591647778590315,1788.3815998369364,3.249998092651367
2146.998444707907,322.1713562011719,-249.5383758544922,15.03851318359375,0.8866909742355347,-0.4623625874519348,-0.0,-0.48065784054269467,3.304876064129403,0.00038367420835247815,2606.3779587740983,2.949998378753662
2159.950029403347,333.6615905761719,-255.49948120117188,15.466629028320312,0.8884578347206116,-0.458958238363266,-0.0,-0.47682229540926213,3.2103295777251573,0.0002539803380738788,3937.312658073225,2.699998617172241
2172.846427908611,345.12303161621094,-261.3978729248047,15.868423461914062,0.8897092938423157,-0.4565275013446808,-0.0,-0.47408831714790217,2.774625372288153,2.818049847547882e-05,35485.53269453864,2.599998712539673
2185.686674994287,356.5399169921875,-267.26548767089844,16.181106567382812,0.8887999057769775,-0.45829543471336365,-0.0,-0.47607642590259674,1.9926181475688032,-0.00019445127104496251,5142.67659257816,2.599998712539673
2198.53284626204,367.94757080078125,-273.1688690185547,16.380203247070312,0.887417733669281,-0.4609660804271698,-0.0,-0.4790835433516701,1.3012762658179522,-0.00021586561645372052,4632.511728491926,2.599998712539673
2211.3571252494726,379.3198699951172,-279.0946350097656,16.5152587890625,0.8862463235855103,-0.463214248418808,-0.0,-0.4816185905925821,0.9993385603351834,-0.0001688722419596958,5921.636311541756,2.5499987602233887
2224.1336404942435,390.63714599609375,-285.0228729248047,16.636093139648438,0.8854153156280518,-0.46480074524879456,-0.0,-0.48340955325946877,1.0012030433322439,-6.0159732411753375e-05,16622.41436108234,2.4999988079071045
2236.857209411438,401.9016418457031,-290.9374542236328,16.7705078125,0.8855307698249817,-0.464580774307251,-0.0,-0.4831611244262219,0.8131167027050523,0.00026090301235190405,3832.8419092808613,2.399998903274536
2249.5231318598535,413.13279724121094,-296.79249572753906,16.842819213867188,0.8884620666503906,-0.45895010232925415,-0.0,-0.47681312460719705,-0.07228080519015023,0.00037045159904613295,2699.4079727955727,2.349998950958252
2262.1260497860985,424.3424530029297,-302.5517578125,16.7530517578125,0.8898482918739319,-0.45625656843185425,-0.0,-0.47378380919251256,-1.357546833513823,1.2123915326678336e-05,82481.60541005495,2.399998903274536
2274.6873452028876,435.50999450683594,-308.29710388183594,16.501739501953125,0.8886107206344604,-0.45866215229034424,-0.0,-0.4764890671574017,-2.0921881986893265,-0.00015992229759460505,6253.036724965955,2.4999988079071045
2287.2013517860896,446.6228942871094,-314.04420471191406,16.228515625,0.8880090713500977,-0.45982590317726135,-0.0,-0.4777991428317064,-2.2905055875921287,-0.0002346199080224612,4262.212906094335,2.599998712539673
2299.6661931569374,457.6774139404297,-319.7957763671875,15.929702758789062,0.8859133720397949,-0.4638506770133972,-0.0,-0.4823368510783159,-2.537024318503789,-0.0004400424508970713,2272.5080227178046,2.599998712539673
2312.0824343775803,468.65309143066406,-325.5912170410156,15.597412109375,0.8829249143600464,-0.46951422095298767,-0.0,-0.48874050239450106,-2.8904531297133884,-0.00018498723924408045,5405.778280092905,2.599998712539673
2324.447233903094,479.5682373046875,-331.3878173828125,15.213638305664062,0.8837618231773376,-0.46793699264526367,-0.0,-0.4869549866834544,-3.421675376700617,0.00021334388242263622,4687.268219948256,2.5499987602233887
2336.7629891491765,490.4545135498047,-337.1284484863281,14.75323486328125,0.8853816986083984,-0.46486470103263855,-0.0,-0.48348180590743206,-4.016206215337547,0.00021871319285051566,4572.197895183543,2.5499987602233887
2349.0311289122246,501.31329345703125,-342.813232421875,14.2265625,0.8862678408622742,-0.4631730914115906,-0.0,-0.4815721482366818,-4.525926970206006,0.00030159806679563514,3315.67112025823,2.5499987602233887
2361.2523871797143,512.1436004638672,-348.4457702636719,13.64508056640625,0.8887847661972046,-0.4583248496055603,-0.0,-0.4761095082562035,-4.944358494208878,0.0005384954754293902,1857.0258166099004,2.599998712539673
2373.42659387477,522.9724426269531,-353.97364807128906,13.020538330078125,0.8922719359397888,-0.4514983594417572,-0.0,-0.46844389618823584,-5.2719485770833625,0.0005521329741097133,1811.1579037865827,2.7499985694885254
2385.552633939605,533.7921447753906,-359.4090881347656,12.364120483398438,0.8948572278022766,-0.446352481842041,-0.0,-0.46268508707559114,-5.512752814598171,0.00038186997103721934,2618.6924237164853,2.949998378753662
2397.629560469437,544.5927276611328,-364.77008056640625,11.686386108398438,0.8964107632637024,-0.44322431087493896,-0.0,-0.4591923892399637,-5.6700234168625405,0.0001652008268897033,6053.238466340439,3.149998188018799
2409.656260644219,555.3584899902344,-370.0865936279297,10.99749755859375,0.896632969379425,-0.44277453422546387,-0.0,-0.45869071744081225,-5.745762644115759,-8.716018136142867e-05,11473.128949253585,3.3999979496002197
2421.63119923131,566.0717926025391,-375.3920593261719,10.307327270507812,0.8954874873161316,-0.44508668780326843,-0.0,-0.4612710637586862,-5.751610450350691,-0.0003152552024105991,3172.033299858335,3.5999977588653564
2433.5528387710106,576.7180786132812,-380.713134765625,9.623046875,0.8932766914367676,-0.4495072364807129,-0.0,-0.46621362571861175,-5.687336235850032,-0.0005956125409376511,1678.9438288618578,3.749997615814209
2445.4198332112414,587.2782135009766,-386.08546447753906,8.954330444335938,0.8891004920005798,-0.4577120244503021,-0.0,-0.4754201335615673,-5.532214961660703,-0.0006749297566934799,1481.6356666493089,3.749997615814209
2457.230750292271,597.7436828613281,-391.5224151611328,8.313018798828125,0.8859741687774658,-0.46373462677001953,-0.0,-0.48220584000660155,-5.275261345099846,-0.0005427845089334658,1842.3517685958486,3.749997615814209
2468.983207499692,608.1266174316406,-396.9953155517578,7.71112060546875,0.8831721544265747,-0.46904900670051575,-0.0,-0.4882136703976066,-4.9210800719714065,-0.0006478025103022755,1543.6803409937131,3.6499977111816406
2480.6748479101784,618.4162292480469,-402.51922607421875,7.1590728759765625,0.8788373470306396,-0.4771214723587036,-0.0,-0.4973764125663061,-4.509337102284583,-0.0005643810893851617,1771.852421719875,3.499997854232788
2492.3010620870577,628.6112365722656,-408.0852813720703,6.65936279296875,0.8769093155860901,-0.48065581917762756,-0.0,-0.5014024447343012,-4.097349427469371,-0.0002955603706245487,3383.4035256042607,3.199998140335083
2503.8623409048805,638.7342834472656,-413.651611328125,6.208740234375,0.8755437135696411,-0.48313891887664795,-0.0,-0.5042362863781635,-3.70615846544734,-0.00024285462228265317,4117.689795651169,2.899998426437378
2515.3902706401127,648.8137054443359,-419.2314147949219,5.8035125732421875,0.8742002844810486,-0.4855654835700989,-0.0,-0.5070099162948722,-3.332605137080438,-0.00023411385230612605,4271.426018364797,2.5499987602233887
2526.8995414355177,658.8628997802734,-424.8301239013672,5.4409332275390625,0.8729251623153687,-0.4878541827201843,-0.0,-0.509629856026548,-2.9778313264640115,-0.0002274532630236227,4396.507602074465,2.1999990940093994
2538.334735621016,668.8337097167969,-430.4197235107422,5.1200103759765625,0.8716543316841125,-0.49012115597724915,-0.0,-0.5122287369062051,-2.643468051767575,-0.00016940309438820064,5903.079891258778,1.7999993562698364
2549.691490020956,678.7251892089844,-435.992431640625,4.8381805419921875,0.8710305690765381,-0.49122878909111023,-0.0,-0.5134999297023795,-2.3285496434429094,-4.001748324315713e-06,249890.7774693695,1.399999737739563
2560.9655360013826,688.5450286865234,-441.5254821777344,4.5927886962890625,0.8716012239456177,-0.49021559953689575,-0.0,-0.5123370882678056,-2.0330041565661205,0.00021421823995284445,4668.136570537264,1.0000001192092896
2572.1540315883353,698.3041687011719,-446.9932861328125,4.3812713623046875,0.8733749985694885,-0.48704835772514343,-0.0,-0.5087069764982924,-1.756179101186242,0.0004561173286826217,2192.4183474638953,0.6000000834465027
2583.257099103745,708.0166625976562,-452.37037658691406,4.201080322265625,0.8765295743942261,-0.4813479781150818,-0.0,-0.5021919302757056,-1.4983568636413758,0.0008538637399098069,1171.1470498860033,1.599000096321106
2594.271555334707,717.7033081054688,-457.6110076904297,4.049652099609375,0.8823946118354797,-0.4705100953578949,-0.0,-0.48986876952921315,-1.2598479941863334,0.0012421941370338863,805.0271452639457,1.7999993562698364
2605.1864636698983,727.3660125732422,-462.6856231689453,3.9245758056640625,0.8893037438392639,-0.45731696486473083,-0.0,-0.47497585505057904,-1.0415071131592402,0.0014443100970198443,692.372089666462,1.7999993562698364
2616.0003253919053,737.02392578125,-467.5491638183594,3.8231353759765625,0.8967166543006897,-0.4426051080226898,-0.0,-0.45850175076928407,-0.8440064593772778,0.0018915429888898237,528.6689257783751,1.949999213218689
2626.7052346807905,746.6786041259766,-472.1725616455078,3.7427520751953125,0.9071429371833801,-0.4208226501941681,-0.0,-0.4343519852850763,-0.6665533770821019,0.0024289160361556164,411.706285896468,2.2499990463256836
2637.3015182578383,756.3536224365234,-476.4936065673828,3.68096923828125,0.9183915257453918,-0.3956727981567383,-0.0,-0.4068003277804708,-0.5095499539998133,0.0020997971324687933,476.23648234259207,2.8499984741210938
2647.7801412107783,766.0128021240234,-480.5555877685547,3.63519287109375,0.9249159693717957,-0.38017165660858154,-0.0,-0.3899818729810264,-0.3723659437242288,0.0016784929875309773,595.7725217970532,3.699997663497925
2658.13828875745,775.6266784667969,-484.4109191894531,3.6032257080078125,0.9316591024398804,-0.3633336126804352,-0.0,-0.37184355495371835,-0.2536062534295086,0.002438292545667412,410.12305999823286,4.649999618530273
2668.368257033593,785.2106018066406,-487.98866271972656,3.5828399658203125,0.9427689909934998,-0.3334466516971588,-0.0,-0.33995709722619294,-0.1509861260197115,0.0038827456307648067,257.5497071135778,5.6489996910095215
2678.4729320985625,794.8137969970703,-491.13238525390625,3.5724029541015625,0.9573585987091064,-0.28890228271484375,-0.0,-0.293080026354989,-0.06301556699921385,0.004916526009117541,203.39564931529537,6.6479997634887695
2688.4524870182054,804.4388580322266,-493.76861572265625,3.5700836181640625,0.9710325598716736,-0.23894713819026947,-0.0,-0.2412814398503982,-0.011622933525809453,0.005159449503752916,193.8191272678632,7.646999835968018
2698.3032745780674,814.0601043701172,-495.8827667236328,3.570068359375,0.9818606972694397,-0.18960362672805786,-0.0,-0.19075843821970653,-0.0001559883483076563,0.004571272219740838,218.75748192845396,8.645999908447266
2708.018380058459,823.6332550048828,-497.5374755859375,3.5700531005859375,0.9885171055793762,-0.15110909938812256,-0.0,-0.1516901576930298,0.07269572542078495,0.0034642225327614186,288.6650584778903,9.644999504089355
2717.5952524612485,833.1206665039062,-498.8433532714844,3.583892822265625,0.9923498034477234,-0.12345799803733826,-0.0,-0.12377379018237203,0.2505856809519369,0.0027075048660210547,369.34374986723424,10.392996788024902
2727.0182180038064,842.4867553710938,-499.87657165527344,3.617340087890625,0.9949856996536255,-0.10001714527606964,-0.0,-0.10018465424139754,0.01792929578070257,0.0022132765191121753,451.8188266873838,9.393997192382812
2736.2874339285945,851.7169342041016,-500.7258758544922,3.5882720947265625,0.9966140985488892,-0.08222142606973648,-0.0,-0.08231434914791856,-0.2559430926397377,0.0007838488086200097,1275.7562287560675,8.394997596740723
2745.41066962571,860.8075256347656,-501.4967498779297,3.570098876953125,0.9963525533676147,-0.0853324607014656,-0.0,-0.0854363597128721,-0.10848172799091116,-0.0006387649881572114,1565.520995264509,7.395998001098633
2754.475400492913,869.8360900878906,-502.30567932128906,3.5684356689453125,0.99559485912323,-0.0937596783041954,-0.0,-0.09389759619308126,-0.10226329040799176,-0.003217481619465175,310.8020863119102,6.396997928619385
2763.4322615212177,878.7333374023438,-503.33721923828125,3.551849365234375,0.9898027777671814,-0.14244450628757477,-0.0,-0.14293067043539395,-0.3181478445648811,-0.006599354963986158,151.52996095181666,5.397997856140137
2772.2868789782306,887.4505004882812,-504.8908386230469,3.5120391845703125,0.9777773022651672,-0.20964622497558594,-0.0,-0.21121313098147537,-0.5505856605508341,-0.007633179601337388,131.00700523603464,4.398997783660889
2781.04391580695,895.9479064941406,-507.0066223144531,3.455078125,0.9617764949798584,-0.27383556962013245,-0.0,-0.2773787932694323,-0.8104213631814905,-0.007226824534999779,138.37336096330594,3.3999979496002197
2789.695430870594,904.1945343017578,-509.6209716796875,3.3712921142578125,0.9437208771705627,-0.33074289560317993,-0.0,-0.3370906726333324,-1.1376092876512256,-0.007115765252176002,140.53302274048457,2.699998617172241
2798.235991533408,912.1649017333984,-512.6872406005859,3.2598724365234375,0.9211908578872681,-0.38911107182502747,-0.0,-0.3996664137619722,-1.356261256774921,-0.00793462091861689,126.02996542074416,2.349998950958252
2806.6621577954984,919.8081970214844,-516.2321319580078,3.14129638671875,0.8908529281616211,-0.45429182052612305,-0.0,-0.4715771079689407,-1.3216361359103508,-0.008875157844724531,112.67405239382964,2.1999990940093994
2814.9762193884044,927.0673675537109,-520.2839813232422,3.0384368896484375,0.8534834384918213,-0.5211199522018433,-0.0,-0.5481626437349009,-1.1359776996046622,-0.009267670754509173,107.90197736723128,2.1499991416931152
2823.174067250974,933.8987579345703,-524.81494140625,2.9534912109375,0.8112022876739502,-0.584765613079071,-0.0,-0.6245910994241342,-0.9713181942497401,-0.009406290421382649,106.31183550603237,2.1999990940093994
2831.261618492831,940.2762298583984,-529.7879638671875,2.8801116943359375,0.7639849781990051,-0.6452340483665466,-0.0,-0.7013295854991219,-0.8418949391630126,-0.009578034943825808,104.40554934962101,2.2999989986419678
2839.2580190133613,946.1845855712891,-535.1759033203125,2.817962646484375,0.7118781208992004,-0.7023030519485474,-0.0,-0.7786275156037599,-0.7229220010890214,-0.009717710700933808,102.90489506997842,2.4999988079071045
2847.1527590782616,951.5885162353516,-540.9310455322266,2.7651214599609375,0.6556563377380371,-0.7550594210624695,-0.0,-0.8557447647002119,-0.606399266407523,-0.009770653321616578,102.34730136086208,2.7999985218048096
2854.9432313897732,956.4698333740234,-547.0024871826172,2.72271728515625,0.5963244438171387,-0.8027434945106506,-0.0,-0.9318817758262432,-0.4804907544771031,-0.009487366153692119,105.40333152535052,3.0999982357025146
2862.6372590760297,960.8356628417969,-553.3378295898438,2.6905975341796875,0.5380227565765381,-0.8429303169250488,-0.0,-1.0027066583922457,-0.38297409419326967,-0.008835165229032,113.18407455630144,3.499997854232788
2870.2430270951395,964.7182769775391,-559.8778839111328,2.6640625,0.48264598846435547,-0.8758155107498169,-0.0,-1.0671229383748593,-0.3480326697319541,-0.008549100084410677,116.9713759490902,3.9499974250793457
2877.7714807299953,968.1371917724609,-566.5851898193359,2.6379241943359375,0.42477917671203613,-0.9052969813346863,-0.0,-1.1320783724873023,-0.424753462545463,-0.008393981361805428,119.13297836831437,4.44999885559082
2885.2331820566087,971.0970458984375,-573.4346313476562,2.600494384765625,0.368890643119812,-0.929472804069519,-0.0,-1.192981122664551,-0.7033936547825276,-0.008232711923866931,121.46665755435504,5.448998928070068
2892.6475033852607,973.6187286376953,-580.4066314697266,2.533477783203125,0.31100910902023315,-0.9504069089889526,-0.0,-1.2545417065473163,-0.9106660399780087,-0.008752728288580647,114.25009060371063,6.447999000549316
2900.037153874887,975.6796722412109,-587.5027465820312,2.4656829833984375,0.24571983516216278,-0.9693409204483032,-0.0,-1.3225341086566533,-0.6927876849257886,-0.009118582508488848,109.6661678576753,7.4469990730285645
2907.4194349982845,977.2515716552734,-594.7156524658203,2.4311065673828125,0.18055857717990875,-0.9835642576217651,-0.0,-1.3892419983485185,-0.41010135369862755,-0.008954970039715682,111.66983201115765,8.445999145507812
2914.858025023468,978.3501129150391,-602.0726318359375,2.40496826171875,0.11529397964477539,-0.9933314323425293,-0.0,-1.4552453810736932,-0.2986097602639515,-0.007583729080706619,131.86125049535977,9.444998741149902
2922.3725631405664,979.028564453125,-609.5564575195312,2.38653564453125,0.06829749792814255,-0.9976649880409241,-0.0,-1.5024456201414638,-0.20758955630588438,-0.0055570266268785695,179.95234990653785,10.443998336791992
2929.9722910826486,979.4052124023438,-617.1468353271484,2.3736572265625,0.03167934715747833,-0.9994980692863464,-0.0,-1.5391116779933458,-0.1298513482596908,-0.003614084854273017,276.69521893424184,11.442997932434082
2937.7418006345797,979.5684356689453,-624.9146270751953,2.3667144775390625,0.01322024967521429,-0.9999126195907593,-0.0,-1.5575756921387671,-0.06073945052728624,-0.0021429126907837603,466.6545698762252,12.441997528076172
2945.7886868627706,979.6197204589844,-632.9613494873047,2.3642120361328125,-0.0020766248926520348,-0.9999978542327881,-0.0,-1.5728729531584413,-0.05341970473952684,-0.001900620608917783,526.1439317809997,13.440997123718262
2954.2138547627,979.5295257568359,-641.3860321044922,2.3577423095703125,-0.01808519847691059,-0.9998364448547363,-0.0,-1.5888825113671536,-0.07063034230644638,-0.0013396608709677488,746.457571219212,14.439996719360352
2963.2727954463676,979.3366241455078,-650.4429168701172,2.3519439697265625,-0.024759631603956223,-0.9996934533119202,-0.0,-1.5955584883736817,0.0063382388535523915,-0.0005503325608404164,1817.0831078446342,14.946022033691406
2972.9813436404506,979.0743560791016,-660.1479187011719,2.3598785400390625,-0.028159674257040024,-0.9996034502983093,-0.0,-1.598959723643584,0.05893649913283894,-0.00015213333703989473,6573.1812596588525,13.947022438049316
2983.33742027467,978.7823791503906,-670.4998779296875,2.36346435546875,-0.027545934543013573,-0.9996205568313599,-0.0,-1.5983457455736882,0.0183768729690878,9.728664696274925e-05,10278.9029247035,12.948022842407227
2994.2478892505324,978.4907379150391,-681.4064483642578,2.3636016845703125,-0.026048237457871437,-0.9996606707572937,-0.0,-1.5968475112459892,0.003985742282816562,2.082488842382324e-05,48019.4649617436,11.949023246765137
3005.3195733042057,978.1961517333984,-692.4742126464844,2.364349365234375,-0.02712615393102169,-0.9996320009231567,-0.0,-1.5979258089943817,0.008900393865061973,6.30733296978353e-05,15854.561742509693,10.950023651123047
3016.488092609448,977.9053955078125,-703.6389465332031,2.3655853271484375,-0.024614721536636353,-0.9996970295906067,-0.0,-1.5954135341856803,0.01587935828756687,0.0002312738427970168,4323.878515209672,10.449017524719238
3027.6293917980324,977.6478118896484,-714.7772674560547,2.367889404296875,-0.021968381479382515,-0.9997586607933044,-0.0,-1.5927664757982056,0.02277562162289748,5.604265891812066e-05,17843.550240202167,9.450017929077148
3038.6803676512072,977.3995819091797,-725.8254547119141,2.370635986328125,-0.023338710889220238,-0.9997276067733765,-0.0,-1.5941371571482357,0.012095118821875417,5.9071554391054715e-06,169286.21742031412,9.400017738342285
3049.639049023023,977.1487579345703,-736.7812652587891,2.370574951171875,-0.021862277761101723,-0.9997609853744507,-0.0,-1.59266034661819,-0.029473455474293697,0.00018327211942513466,5456.3673030937625,9.300017356872559
3060.503966067346,976.9264373779297,-747.6439056396484,2.3642578125,-0.019349023699760437,-0.9998127818107605,-0.0,-1.5901465581886232,-0.10067480961453851,0.00023177349409128634,4314.557209920388,9.250017166137695
3071.272600902714,976.7324371337891,-758.4107818603516,2.348876953125,-0.01684921607375145,-0.999858021736145,-0.0,-1.587646340547709,-0.18313499983451526,0.00017170057130076744,5824.092444330326,9.250017166137695
3081.9433885243984,976.5612487792969,-769.0801696777344,2.3250732421875,-0.015656650066375732,-0.9998774528503418,-0.0,-1.5864536161835827,-0.25254742211524434,0.00013141416949273566,7609.529504010435,9.250017166137695
3092.5149762596543,976.4079742431641,-779.6506042480469,2.2952880859375,-0.014061879366636276,-0.9999011158943176,-0.0,-1.5848586697816973,-0.30166296271940674,-6.088942241469497e-05,16423.213759351762,9.250017166137695
3102.983914612752,976.2503204345703,-790.1183013916016,2.2616424560546875,-0.016894368454813957,-0.9998573064804077,-0.0,-1.5876914985693416,-0.3363417602759988,-0.0003671173867804689,2723.924379528192,9.250017166137695
3113.347696827818,976.0541839599609,-800.4801635742188,2.225250244140625,-0.021688498556613922,-0.9997648000717163,-0.0,-1.5924865255535385,-0.3633198599753931,-0.000402869868314254,2482.1910960587443,9.250017166137695
3123.603819347365,975.8138885498047,-810.7333984375,2.1867523193359375,-0.025212448090314865,-0.9996821284294128,-0.0,-1.596011446451244,-0.35164791020386443,-0.0002993787630089645,3340.2502901318235,9.200016975402832
3133.7488378485277,975.5474395751953,-820.8748626708984,2.1534576416015625,-0.027804076671600342,-0.9996134042739868,-0.0,-1.5986039867709005,-0.27568692977796017,-0.0002451849979643872,4078.5529632822345,9.100016593933105
3143.7790597212907,975.2584075927734,-830.9008941650391,2.131011962890625,-0.03015957772731781,-0.9995450973510742,-0.0,-1.6009604785606868,-0.18261932420553378,-0.00024820064302180644,4028.9984257298715,9.000016212463379
3153.690251967765,974.9472198486328,-840.8071899414062,2.116943359375,-0.032748136669397354,-0.9994636178016663,-0.0,-1.6035503202890151,-0.11107763984038871,-0.00023269030476161245,4297.557652969187,8.850015640258789
3163.479082060812,974.6168060302734,-850.5904388427734,2.1090545654296875,-0.03474811837077141,-0.9993960857391357,-0.0,-1.6055514421889518,-0.05600465898058238,4.8651736206606344e-05,20554.251049815804,8.650014877319336
3173.1475323865625,974.289794921875,-860.2533569335938,2.105987548828125,-0.0318625271320343,-0.9994922876358032,-0.0,-1.6026642467849774,-0.011700557713022197,0.0004803509193203048,2081.811358693759,8.500014305114746
3182.776938663278,974.0114135742188,-869.8787384033203,2.106781005859375,-0.025496771559119225,-0.999674916267395,-0.0,-1.5962958613748257,0.020881674927158977,0.0006360221928671528,1572.272180459703,8.40001392364502
3192.28837678686,973.7975616455078,-879.3877716064453,2.109954833984375,-0.019686708226799965,-0.9998062252998352,-0.0,-1.590484306357063,0.03171625096078934,0.0005757937056031781,1736.7331220691976,8.350013732910156
3201.670958620216,973.6362762451172,-888.7689666748047,2.1127777099609375,-0.014610943384468555,-0.9998932480812073,-0.0,-1.5854077901792032,-0.001778103183724955,0.0005316302896913455,1881.0064426174458,8.350013732910156
3210.9158959609795,973.5233764648438,-898.0132141113281,2.109710693359375,-0.009782293811440468,-0.9999521374702454,-0.0,-1.5805787767739519,-0.1065804833393566,0.0005962672429816879,1677.100346816656,8.40001392364502
3220.018738247918,973.4611968994141,-907.1158294677734,2.0934295654296875,-0.0036921226419508457,-0.9999932050704956,-0.0,-1.5744884577478044,-0.19555330607038263,0.0008001085700510696,1249.8303823144547,8.450014114379883
3228.973440341913,973.4644165039062,-916.0705108642578,2.0744476318359375,0.004627017304301262,-0.9999892711639404,-0.0,-1.566169292868575,-0.17365719753259928,0.0009159293980032235,1091.7872078132386,8.600014686584473
3237.768322932202,973.5428009033203,-924.8650360107422,2.0624847412109375,0.012569054029881954,-0.9999210238456726,-0.0,-1.558226942016224,-0.07469639298871844,0.0007634872979055823,1309.7794851901601,8.800015449523926
3246.4026552020896,973.6762542724609,-933.4983367919922,2.0612335205078125,0.017977459356188774,-0.9998384118080139,-0.0,-1.552817899293426,-0.0005165834496556609,0.0004786890587655801,2089.038764701978,9.050016403198242
3254.8597148977597,973.8415374755859,-941.9537811279297,2.062347412109375,0.020801199600100517,-0.9997836351394653,-0.0,-1.5499936268972547,0.017693335460114423,0.00031529734424845524,3171.6093339879103,9.400017738342285
3263.137637422282,974.0240783691406,-950.2296905517578,2.064178466796875,0.023259438574314117,-0.9997294545173645,-0.0,-1.547534790288581,-0.035059746638790856,0.00029983396963469133,3335.179136701455,10.399017333984375
3271.226000196437,974.2220001220703,-958.3156280517578,2.05682373046875,0.025705987587571144,-0.9996695518493652,-0.0,-1.54508750742596,-0.1553573669950542,0.00015220648296013217,6570.022383750451,10.85002326965332
3279.119846628408,974.4278259277344,-966.2067718505859,2.0395965576171875,0.025749078020453453,-0.9996684193611145,-0.0,-1.5450444021199372,-0.250569151851493,-0.0003265140964607005,3062.654907826807,11.200024604797363
3286.8120722889366,974.6089019775391,-973.8968353271484,2.0178985595703125,0.020750414580106735,-0.9997847080230713,-0.0,-1.5500444232451955,-0.28655008309201035,-0.0009009984608700367,1109.8798093776586,11.500025749206543
3294.29714897067,974.7343597412109,-981.3808288574219,1.996124267578125,0.0121794817969203,-0.9999258518218994,-0.0,-1.5586165441588624,-0.25755060525383955,-0.0006482210309225606,1542.6836716124142,11.75002670288086
3301.5770276283324,974.8102416992188,-988.6602935791016,1.979736328125,0.010979554615914822,-0.9999397397041321,-0.0,-1.559816551753121,-0.19467919039531378,-0.001160046197706363,862.0346344630019,11.690997123718262
3308.691209836541,974.8475494384766,-995.7743682861328,1.9680023193359375,-0.004191929474473,-0.999991238117218,-0.0,-1.5749882684445902,-0.30864402849583583,-0.004288751961044807,233.1680659275955,10.691997528076172
3315.7257845653844,974.674072265625,-1002.8067321777344,1.9362945556640625,-0.04933932423591614,-0.9987820982933044,-0.0,-1.6201556901399115,-0.6393146826609547,-0.007365429806544199,135.7694019582534,9.692997932434082
3322.6493831774246,974.1414794921875,-1009.7095794677734,1.879180908203125,-0.10658900439739227,-0.9943031668663025,-0.0,-1.6775882000177802,-0.9974204064250924,-0.008502869394313398,117.60735742557522,8.693998336791992
3329.436819862813,973.2170562744141,-1016.4333038330078,1.8000030517578125,-0.1651267260313034,-0.9862723350524902,-0.0,-1.7366828304228916,-1.3018794268809226,-0.008504633141324963,117.5829672347521,7.694998741149902
3336.028663408226,971.9585876464844,-1022.9032135009766,1.7055206298828125,-0.21886934340000153,-0.9757542014122009,-0.0,-1.7914518891920848,-1.6476443842447424,-0.008362070881605288,119.58760146362542,6.695998668670654
3342.405374194464,970.3968658447266,-1029.0845947265625,1.5872344970703125,-0.27088072896003723,-0.9626129269599915,-0.0,-1.8451041740580327,-2.0459668065235594,-0.008253940951734845,121.15424690430045,5.696998596191406
3348.5884590743244,968.5801391601562,-1034.993148803711,1.44927978515625,-0.3187252879142761,-0.9478471279144287,-0.0,-1.8951806617783502,-2.079762469007804,-0.008321658275316723,120.16835670435408,4.697998523712158
3354.6181567984554,966.5155334472656,-1040.6571655273438,1.3327789306640625,-0.3670828342437744,-0.9301882386207581,-0.0,-1.9466673033709072,-1.6866481578766677,-0.011159372421580604,89.61077399533197,3.6989986896514893
3360.5829227769827,964.1419830322266,-1046.128662109375,1.2466583251953125,-0.4420623183250427,-0.896984338760376,-0.0,-2.028692870467577,-0.5804620658373658,-0.01568527271930617,63.75407159922397,2.699998617172241
3366.5318593965394,961.2276763916016,-1051.3148345947266,1.2633514404296875,-0.5334545373916626,-0.8458287715911865,-0.0,-2.1334758439533013,1.5965763945480078,-0.01947736045482787,51.34165906716221,2.4999988079071045
3372.47352956256,957.7454986572266,-1056.1260681152344,1.436309814453125,-0.6361261010169983,-0.7715851068496704,-0.0,-2.2602634374544275,3.521503106009505,-0.01902868714484357,52.55223297267683,3.4989988803863525
3378.397821323395,953.758544921875,-1060.5011749267578,1.680999755859375,-0.7093343138694763,-0.704872190952301,-0.0,-2.3593496928411013,3.6978586646739005,-0.01665367776465812,60.046796517353464,4.4979987144470215
3384.3354768384056,949.3480682373047,-1064.4718017578125,1.8748321533203125,-0.7751864790916443,-0.6317324638366699,-0.0,-2.4578065654503622,3.3032841074882775,-0.014948637312036744,66.89572963247916,5.4969987869262695
3390.271709986756,944.6000213623047,-1068.0292663574219,2.0732269287109375,-0.8226500153541565,-0.5685480833053589,-0.0,-2.5368527932402456,3.3755612740696357,-0.01412913629536272,70.77573455981218,6.495998859405518
3396.2179768083124,939.5726470947266,-1071.198257446289,2.27593994140625,-0.8698588013648987,-0.49330076575279236,-0.0,-2.6257123605414847,3.516253277043729,-0.015496672079155144,64.52998391474762,7.494998931884766
3402.2062435225766,934.2314147949219,-1073.8970489501953,2.4929656982421875,-0.9131917953491211,-0.4075300693511963,-0.0,-2.7218449546234456,3.5522412206721783,-0.014348809342392133,69.69219369621139,8.493998527526855
3408.2060021360035,928.6648712158203,-1076.125747680664,2.7017669677734375,-0.941444993019104,-0.33716657757759094,-0.0,-2.7976870326744323,3.3764709861632713,-0.011599197991903759,86.21285719047128,9.492998123168945
3414.0779762199663,923.0811309814453,-1077.9326629638672,2.894073486328125,-0.9605615139007568,-0.27806755900382996,-0.0,-2.8598109129989324,3.417365602057382,-0.011397330422393548,87.73984458985181,9.193997383117676
3419.8060512514,917.5317077636719,-1079.337387084961,3.0977783203125,-0.9776270985603333,-0.21034559607505798,-0.0,-2.929664203722877,3.6302584752571034,-0.013395122322469755,74.65404017420147,8.194997787475586
3425.402156399157,912.0220794677734,-1080.2952270507812,3.3049774169921875,-0.9915091395378113,-0.13003680109977722,-0.0,-3.0111865540196114,3.622621378095092,-0.014949424315256366,66.8922079480658,7.195998191833496
3430.8588023506404,906.5903778076172,-1080.7791595458984,3.4983978271484375,-0.9989050030708313,-0.04678424447774887,-0.0,-3.0947913249704695,3.432138032514115,-0.014026334379627026,71.29446460740878,6.196998119354248
3436.1457230908154,901.3069000244141,-1080.853500366211,3.6740875244140625,-0.9997853636741638,0.020718131214380264,-0.0,3.1208730400595948,3.2661858980826186,-0.01441220427814549,69.38563877535299,5.197998046875
3441.3128438510203,896.1519165039062,-1080.5408325195312,3.8399810791015625,-0.9946511387825012,0.10329119116067886,-0.0,3.038116902633475,3.3563311822441766,-0.017909503007059013,55.8362786284941,4.198997974395752
3446.405360263263,891.1213989257812,-1079.7689208984375,4.018218994140625,-0.9792267680168152,0.20276829600334167,-0.0,2.9374085382154713,3.6969072341617615,-0.018456871096438343,54.18036430849711,3.199998140335083
3451.4279472935423,886.2577819824219,-1078.5306091308594,4.213653564453125,-0.9581431150436401,0.28628960251808167,-0.0,2.8512405510561205,3.898928272628055,-0.022094817940076394,45.25948132779873,3.3499979972839355
3456.4374974658913,881.5565185546875,-1076.8114776611328,4.40936279296875,-0.9107441902160645,0.4129709303379059,-0.0,2.715878896874515,4.654323678064909,-0.02678721221827468,37.33124566496634,3.3499979972839355
3461.475851066865,877.1279602050781,-1074.4242858886719,4.6817474365234375,-0.8475238084793091,0.5307573676109314,-0.0,2.5820987106712856,5.481326817689131,-0.02542679134110959,39.32859583360869,4.348998069763184
3466.5759787311945,873.0000457763672,-1071.4424591064453,4.965179443359375,-0.7754537463188171,0.6314043402671814,-0.0,2.4582297638148267,5.4013326790274485,-0.02259172380632668,44.26399723070073,5.347998142242432
3471.7324795560016,869.1929321289062,-1067.9751434326172,5.235565185546875,-0.7031227946281433,0.7110684514045715,-0.0,2.350576032864507,4.750924137496759,-0.017314740149177388,57.754259745417514,6.34699821472168
3476.941238418327,865.6748809814453,-1064.140380859375,5.4571075439453125,-0.6505708694458008,0.7594455480575562,-0.0,2.2791322155658555,4.199252693711491,-0.00810721604137038,123.34690415268221,7.345998287200928
3482.207725393016,862.2926330566406,-1060.1094207763672,5.675384521484375,-0.6407738327980042,0.7677296996116638,-0.0,2.266302119982425,4.000136301011964,-0.005871497346353394,170.3143067280903,8.344998359680176
3487.706301058235,858.8652648925781,-1055.814926147461,5.8870391845703125,-0.599998414516449,0.8000012040138245,-0.0,2.2142954447930694,3.5495147313686526,-0.01036165256891819,96.50970184038947,9.343997955322266
3493.5124803654176,855.5518341064453,-1051.0507202148438,6.0747528076171875,-0.5461811423301697,0.8376671075820923,-0.0,2.148594824671306,3.0174106567198766,-0.008134093603066606,122.93932782172479,10.342997550964355
3499.7255844349,852.2399597167969,-1045.7967529296875,6.247894287109375,-0.5213337540626526,0.8533528447151184,-0.0,2.1192095019092916,2.6430432269819057,-0.004477623301115452,223.33276668246813,10.650022506713867
3506.3373175422166,848.8665618896484,-1040.1127319335938,6.41253662109375,-0.49738427996635437,0.867530345916748,-0.0,2.0913773467831143,2.345854199234748,-0.0048552350351213636,205.96325260595825,10.70002269744873
3513.087597826274,845.6266021728516,-1034.1926879882812,6.560943603515625,-0.4647538959980011,0.8854398727416992,-0.0,2.0541529848445395,2.0821991609623725,-0.003962255012079197,252.38153449271533,10.70002269744873
3520.108560189658,842.4296264648438,-1027.943344116211,6.698638916015625,-0.45009616017341614,0.8929800987243652,-0.0,2.037669344935168,1.8831905814171601,-0.0010991655277173273,909.7810791762478,10.40002155303955
3527.599982260338,839.0482940673828,-1021.2597961425781,6.8334808349609375,-0.45165491104125977,0.8921927213668823,-0.0,2.0394156748336494,1.740800485157229,-0.00011129444616014839,8985.17432362293,11.116690635681152
3535.6797479578277,835.4161834716797,-1014.043701171875,6.9689788818359375,-0.4481714963912964,0.8939476013183594,-0.0,2.035515187627758,1.6060253387659151,-0.0007387793031402579,1353.5842108047648,10.648014068603516
3544.2892830070487,831.5878448486328,-1006.3332824707031,7.100738525390625,-0.4403688609600067,0.8978169560432434,-0.0,2.0268057959029817,1.3522249967108046,-0.0008554970104066861,1168.9111567141772,9.649014472961426
3553.1058790321017,827.7329864501953,-998.4047393798828,7.2038726806640625,-0.434854120016098,0.9005008935928345,-0.0,2.020672606957791,1.2935173191463478,-0.0002094809487969973,4773.70379379499,8.650014877319336
3562.298446633556,823.7241821289062,-990.1333618164062,7.3346405029296875,-0.4373144507408142,0.8993086814880371,-0.0,2.0234065787276,1.315052716525389,-3.451916791391563e-05,28969.412081247545,8.10001277923584
3571.6175243765224,819.6609497070312,-981.7474975585938,7.4470367431640625,-0.4342024326324463,0.9008153080940247,-0.0,2.0199490373592517,0.9556450512526515,-0.0006296737306637767,1588.1240574318388,7.5000104904174805
3580.997488890469,815.6249084472656,-973.280517578125,7.513031005859375,-0.42666706442832947,0.9044087529182434,-0.0,2.0116006826548998,0.5348808977707897,-0.0006789716378087784,1472.8155703635357,6.850008010864258
3590.4076896285137,811.6301116943359,-964.7604064941406,7.5474395751953125,-0.4226863980293274,0.9062759876251221,-0.0,2.007203831256161,0.21302441174860243,-0.0006496672152170313,1539.2495982207363,6.150005340576172
3599.690500967503,807.7361907958984,-956.3337860107422,7.5532379150390625,-0.4156945049762726,0.9095042943954468,-0.0,1.999502608757055,-0.10144395135289752,-0.0006115201280192384,1635.2691500753676,5.350002288818359
3608.8220597276736,803.9608917236328,-948.0192260742188,7.5292510986328125,-0.41239485144615173,0.9110051989555359,-0.0,1.9958776339281528,-0.4030821138379992,8.33860800954489e-05,11992.409270891949,4.549999237060547
3617.8474812985496,800.2238922119141,-939.803955078125,7.4803466796875,-0.4169789254665375,0.908916175365448,-0.0,2.0009152730127453,-0.6295055196835875,0.0006808773828382852,1468.6932261304225,3.749997615814209
3626.7686375002363,796.4774780273438,-931.7078247070312,7.4164581298828125,-0.42347270250320435,0.9059088826179504,-0.0,2.008071610526143,-0.7603751369515133,0.000697369414282889,1433.9602218263453,3.0499982833862305
3635.523943983895,792.7507781982422,-923.7855682373047,7.3460845947265625,-0.42818230390548706,0.903692364692688,-0.0,2.013276738587273,-0.8147407104473481,0.00046967556944577105,2129.1292650797764,2.349998950958252
3644.1063755408295,789.0671539306641,-916.0341796875,7.275238037109375,-0.4308740496635437,0.9024120569229126,-0.0,2.01625745830653,-0.8090496587256524,0.00040719171776665286,2455.845628405106,1.7499994039535522
3652.509730150984,785.4351959228516,-908.4565277099609,7.2086029052734375,-0.43440327048301697,0.9007185101509094,-0.0,2.02017198507285,-0.7548208699209746,0.0008290583133062635,1206.1877722593788,2.4499988555908203
3660.722335165263,781.8344116210938,-901.0756225585938,7.1496734619140625,-0.44314125180244446,0.8964518308639526,-0.0,2.029896058833986,-0.664237602135398,0.0011094502902384562,901.3472787366328,2.4499988555908203
3668.7407194085695,778.2562103271484,-893.9000701904297,7.1005859375,-0.45057716965675354,0.8927374482154846,-0.0,2.038208092933633,-0.5512990121512351,0.0013404399938901634,746.0236971129501,1.9999991655349731
3676.5535443640397,774.6935729980469,-886.9469146728516,7.0621490478515625,-0.4619540870189667,0.8869038224220276,-0.0,2.050993540639587,-0.4458917654205474,0.001557350185220241,642.1163393373724,1.699999451637268
3684.155218849025,771.1474151611328,-880.2231292724609,7.0316619873046875,-0.4719052314758301,0.8816493153572083,-0.0,2.062246827043668,-0.3333601451406709,0.0017610377916475461,567.8469847398595,1.4499996900558472
3691.5394306538446,767.6130218505859,-873.73974609375,7.01190185546875,-0.48509132862091064,0.8744634985923767,-0.0,2.077263928980047,-0.18020535273310379,0.001966440430358929,508.53307558239777,1.3499997854232788
3698.7057579425455,764.0932464599609,-867.4973602294922,7.00506591796875,-0.4969601035118103,0.8677734136581421,-0.0,2.0908884627596467,0.009070889946316552,0.001719681247651872,581.5031136528609,1.3499997854232788
3705.6719933786235,760.6038665771484,-861.4680480957031,7.0127716064453125,-0.5062602758407593,0.8623807430267334,-0.0,2.1016390539923737,0.13424329877071983,0.002699007738723558,370.50653306867883,1.399999737739563
3712.4547756392985,757.1058502197266,-855.6568603515625,7.0234375,-0.5284572839736938,0.8489598631858826,-0.0,2.1275786940486445,0.05651960963833913,0.006443940730028408,155.18454341767224,1.5999995470046997
3719.0930626740055,753.4472351074219,-850.1177825927734,7.0206451416015625,-0.5782469511032104,0.8158618211746216,-0.0,2.187374652091021,-0.2113583923776141,0.00966013054771342,103.51826976465685,2.049999237060547
3725.6197445322846,749.5037231445312,-844.917236328125,6.9959869384765625,-0.6317535638809204,0.775169312953949,-0.0,2.254609615809634,-0.5254675904261652,0.011204574697916747,89.24925996396175,2.599998712539673
3732.054743883874,745.2538604736328,-840.0854644775391,6.9528045654296875,-0.6901121735572815,0.7237024307250977,-0.0,2.3324403579586193,-0.7837152004845804,0.013019266482364955,76.80924277527727,2.599998712539673
3738.4167135255116,740.6714324951172,-835.6726684570312,6.8958587646484375,-0.7514692544937134,0.6597681045532227,-0.0,2.4210825205291298,-0.7574410820102906,0.014195812457611479,70.44330875643699,3.598998785018921
3744.734084265263,735.7441711425781,-831.7192230224609,6.8566436767578125,-0.808509111404419,0.5884836912155151,-0.0,2.5124105477026863,-0.516104471862,0.0145607009720648,68.67801226867677,4.59799861907959
3751.014219968274,730.5106811523438,-828.2479095458984,6.8307647705078125,-0.8592015504837036,0.5116373300552368,-0.0,2.604503319099259,-0.2794302705139584,0.015806195728911898,63.266330314438044,5.596998691558838
3757.28059621942,724.9618530273438,-825.3362274169922,6.8215484619140625,-0.9085898399353027,0.4176895022392273,-0.0,2.710691777594476,-0.006851786482897637,0.017662476524792636,56.61720193067548,6.595998764038086
3763.587422887653,719.0892333984375,-823.0365905761719,6.83001708984375,-0.9508095979690552,0.30977582931518555,-0.0,2.8266353912548783,0.29200039968376723,0.018191179947017744,54.9716952343127,7.594998836517334
3769.972329875254,712.9201202392578,-821.3909149169922,6.858856201171875,-0.9800559282302856,0.19872179627418518,-0.0,2.941539118175431,0.5953915533829512,0.017429395905700723,57.37433502631751,8.593998908996582
3776.4456567875295,706.5161743164062,-820.4469146728516,6.906829833984375,-0.9958671927452087,0.09082160890102386,-0.0,3.0506457223389045,0.852411318733759,0.016545523531494938,60.43930843871261,9.592998504638672
3783.009025773699,699.9570159912109,-820.2205505371094,6.970184326171875,-0.999878466129303,-0.015588709153234959,-0.0,-3.126003312652675,1.027316089774366,0.01610248059999389,62.10223286965981,8.645999908447266
3789.6588287774935,693.3235473632812,-820.6806793212891,7.0426788330078125,-0.9925920963287354,-0.12149448692798615,-0.0,-3.0197972675656475,1.0492705189617535,0.014734148758698856,67.86954688574137,7.646999835968018
3796.3804695825447,686.6951446533203,-821.7942962646484,7.1104278564453125,-0.9775220155715942,-0.21083343029022217,-0.0,-2.9291651800198637,0.9044285797332741,0.013263593601874374,75.39434862198151,6.6479997634887695
3803.180599847405,680.1214447021484,-823.5336303710938,7.1648101806640625,-0.9550085067749023,-0.29657846689224243,-0.0,-2.8404847333569094,0.5088244519389773,0.011363287469373512,88.00270192012775,5.6489996910095215
3810.222251630891,673.4803771972656,-825.874755859375,7.1794281005859375,-0.9327278733253479,-0.36058109998703003,-0.0,-2.7727018268004064,0.10515997225784557,0.007841442816670624,127.52755116367567,4.649999618530273
3817.6902048225033,666.5785217285156,-828.7268981933594,7.179168701171875,-0.915793776512146,-0.4016488492488861,-0.0,-2.7282760662958734,-0.11698442627027794,0.004630241094650822,215.97147525541808,3.699997663497925
3825.4468280840083,659.5180511474609,-831.9385375976562,7.16094970703125,-0.9053435921669006,-0.4246799051761627,-0.0,-2.702984368814282,-0.630236342376872,0.0022391587733089635,446.5962896066674,2.9999983310699463
3833.296071971858,652.4335632324219,-835.3170166015625,7.080078125,-0.9012848138809204,-0.4332270920276642,-0.0,-2.6935224055385953,-1.4095819271028154,-0.001587360126831222,629.9767665175366,2.4499988555908203
3841.226802108015,645.2411804199219,-838.6555633544922,6.937896728515625,-0.9158798456192017,-0.40145257115364075,-0.0,-2.728490386102941,-2.0839913352737662,-0.005305851536801104,188.47116114426746,2.2999989986419678
3849.231267720017,637.8369140625,-841.6907043457031,6.74755859375,-0.9346981048583984,-0.35544267296791077,-0.0,-2.7782050367822873,-2.5687010480043684,-0.006276960061962433,159.3127867835054,2.649998664855957
3857.31490758772,630.2142486572266,-844.3721923828125,6.5243377685546875,-0.9516885876655579,-0.30706486105918884,-0.0,-2.829485299579723,-2.849702490777173,-0.007185314197381304,139.17275884253624,3.3999979496002197
3865.4843839329114,622.3674163818359,-846.6327056884766,6.28424072265625,-0.9697824716567993,-0.24397112429141998,-0.0,-2.8951340313162395,-2.968356211222012,-0.008070135610316637,123.91365502230568,4.398997783660889
3873.751712740878,614.2924652099609,-848.3883972167969,6.036376953125,-0.9839414358139038,-0.1784917414188385,-0.0,-2.9621392951231784,-3.0403768178415227,-0.008188604217669176,122.1209345839702,5.397997856140137
3882.106927520181,606.0280303955078,-849.5893859863281,5.778778076171875,-0.9939199686050415,-0.11010469496250153,-0.0,-3.031264265925287,-3.166895812653098,-0.00786027491525379,127.22201332416276,6.396997928619385
3890.567003071401,597.5987548828125,-850.256103515625,5.5036773681640625,-0.9988783597946167,-0.04735000059008598,-0.0,-3.094224941835271,-3.3154361488198725,-0.006224062405765202,160.6667695159553,7.395998001098633
3899.26266605708,588.9107360839844,-850.4716339111328,5.209686279296875,-0.9999914765357971,-0.0041318852454423904,-0.0,-3.1374607566402717,-3.3311377185995807,-0.004944874501519925,202.2296015182238,8.394997596740723
3908.451277287436,579.7285614013672,-850.3058319091797,4.9084320068359375,-0.9991579651832581,0.041028644889593124,-0.0,3.1005524888216667,-3.1575332992852063,-0.003923479553916365,254.87580252630943,9.393997192382812
3918.2963788477136,569.9039154052734,-849.7459259033203,4.6103363037109375,-0.9976068735122681,0.0691414400935173,-0.0,3.072396006203757,-2.7832891790246865,-0.002895442099720563,345.3704013271442,10.200020790100098
3928.5885809536867,559.6504364013672,-848.8927459716797,4.350189208984375,-0.9950659871101379,0.09921552240848541,-0.0,3.0422136328432967,-1.889714309019022,-0.0026619470877510265,375.66486749549193,10.100020408630371
3938.992358662713,549.3160400390625,-847.7002410888672,4.220672607421875,-0.992293655872345,0.12390825897455215,-0.0,3.017365115164299,-0.35487459667841725,-0.0009454356195236213,1057.7134808014448,9.650018692016602
3949.4508026014587,538.9307861328125,-846.4664001464844,4.277130126953125,-0.9929344058036804,0.1186644583940506,-0.0,3.022647924141362,1.2954681652422473,-0.003453558711473459,289.55639198424126,9.100016593933105
3959.8752953465464,528.6313934326172,-844.8704833984375,4.490692138671875,-0.980837881565094,0.19482557475566864,-0.0,2.9455130349435428,3.0350968840380963,-0.00810753308705281,123.34208066285088,8.149008750915527
3970.308219683145,518.50732421875,-842.3859252929688,4.91033935546875,-0.9587971568107605,0.28409162163734436,-0.0,2.8535337786682877,4.986704713834067,-0.00860126974587852,116.2619042937435,7.1500091552734375
3980.763554121511,508.6459655761719,-838.9682922363281,5.5327606201171875,-0.9302379488945007,0.36695683002471924,-0.0,2.7658571324501615,6.690968602561273,-0.008323990657509356,120.1346855306554,6.250005722045898
3991.2293246061,499.1107635498047,-834.7247467041016,6.3103179931640625,-0.8950715661048889,0.44592252373695374,-0.0,2.6793879880835596,7.882865394161065,-0.008003220618243545,124.9496980903506,5.600003242492676
4001.7173586688627,489.95021057128906,-829.6929931640625,7.184722900390625,-0.8559443354606628,0.5170679688453674,-0.0,2.598170750872388,8.59498855897385,-0.007909736552041746,126.42646103578117,5.300002098083496
4012.2535811326097,481.21580505371094,-823.874755859375,8.117599487304688,-0.8089002966880798,0.587945818901062,-0.0,2.5130756285737488,9.145809907487957,-0.008007670994241212,124.88025553486887,5.300002098083496
4022.889209863095,472.9315948486328,-817.2807922363281,9.12164306640625,-0.756438672542572,0.6540645956993103,-0.0,2.4286472679296325,9.582144062808073,-0.007588386865087976,131.78031349465292,5.600003242492676
4033.6197503615067,465.13922119140625,-809.9777526855469,10.165206909179688,-0.7034295797348022,0.7107649445533752,-0.0,2.351007580676823,9.686290314334661,-0.00685964671056799,145.78010241539076,6.300005912780762
4044.434444632133,457.8447570800781,-802.0619506835938,11.208511352539062,-0.6519261002540588,0.7582825422286987,-0.0,2.2809180581870216,9.374442419166895,-0.006189600839363707,161.56130677124574,7.29900598526001
4055.329164111932,451.05419921875,-793.6002502441406,12.199905395507812,-0.6019057631492615,0.7985671162605286,-0.0,2.2166817786261093,8.447888413309412,-0.00527881551499379,189.43643648080328,8.298006057739258
4066.3044108387658,444.6902160644531,-784.6994323730469,13.055007934570312,-0.560321569442749,0.8282751441001892,-0.0,2.165570323989797,7.045916296968846,-0.00472036687398833,211.84794036042385,9.297005653381348
4077.364107392983,438.7596130371094,-775.3902893066406,13.751205444335938,-0.5157318711280823,0.8567500114440918,-0.0,2.112658014311425,5.820241922281555,-0.003856841544548184,259.2795136770771,10.296005249023438
4088.5011732381668,433.1989288330078,-765.7591400146484,14.346176147460938,-0.4875737130641937,0.8730818033218384,-0.0,2.08010493582632,4.9284904722392,-0.0019878593209067263,503.0537068105342,11.295004844665527
4099.707485808846,427.8115234375,-755.94580078125,14.851821899414062,-0.47729694843292236,0.8787420392036438,-0.0,2.0683724277077595,4.230381212804835,-0.0007815599796108796,1279.49233083541,12.050027847290039
4110.9823798961,422.46295166015625,-746.0302581787109,15.296829223632812,-0.4721910357475281,0.881496250629425,-0.0,2.0625710382231492,3.644548354403243,-0.000358239854353376,2791.4258780754667,12.050027847290039
4122.292938658685,417.1387939453125,-736.0583343505859,15.67474365234375,-0.4701813757419586,0.8825698494911194,-0.0,2.060292584823844,3.105937137696413,-0.0001244396284382221,8036.025280294442,12.000027656555176
4133.517605502641,411.86268615722656,-726.1562194824219,15.997161865234375,-0.46970558166503906,0.88282310962677,-0.0,2.0597535851031177,2.6702052599099857,-0.0002553595099864525,3916.047614804135,11.850027084350586
4144.633864343521,406.66099548339844,-716.3359222412109,16.271728515625,-0.46517831087112427,0.885217010974884,-0.0,2.0546323545958507,2.270679003352205,-0.000868631625778743,1151.2360019167884,11.75002670288086
4155.719583488408,401.5736083984375,-706.4891510009766,16.501419067382812,-0.4526159465312958,0.8917055726051331,-0.0,2.040493127023641,1.9406864217544673,-0.0016499857238739535,606.0658498621001,11.242997169494629
4166.70380665771,396.7040100097656,-696.6453399658203,16.700302124023438,-0.43271002173423767,0.9015331864356995,-0.0,2.0182929455142307,1.6720150048299631,-0.0024393084728503434,409.952251275336,10.243997573852539
4177.576116313638,392.1616973876953,-686.7687683105469,16.867172241210938,-0.4045393764972687,0.9145205616950989,-0.0,1.9872714314650417,1.442595654905987,-0.002717102157560075,368.03916158161235,9.24499797821045
4188.333557993181,387.9458465576172,-676.8729095458984,17.012542724609375,-0.3789813220500946,0.9254043102264404,-0.0,1.9594915866392655,1.2845753729857967,-0.0034167573962559095,292.6751548400253,8.24599838256836
4198.972421945867,384.1238708496094,-666.9451141357422,17.142181396484375,-0.3368467390537262,0.9415594935417175,-0.0,1.9143622315743574,1.1944029997884464,-0.004528409659453225,220.82807767015126,7.246998310089111
4209.498895644663,380.83795166015625,-656.9454040527344,17.265396118164062,-0.2887433171272278,0.9574065208435059,-0.0,1.8637103212599786,0.9651556771682168,-0.004373187105687459,228.66618231345976,6.247998237609863
4219.906139614647,378.0299835205078,-646.9244384765625,17.344711303710938,-0.24925880134105682,0.9684368968009949,-0.0,1.8227111542740861,0.4032196323490611,-0.003936898584642662,254.0070511089293,5.248998165130615
4230.187030018892,375.664794921875,-636.9193115234375,17.349716186523438,-0.20989371836185455,0.9777241945266724,-0.0,1.7822625850358196,-0.3845546752241691,-0.0040248644078005325,248.45557481685947,4.249998092651367
4240.3503439093165,373.7378234863281,-626.9406890869141,17.267105102539062,-0.16883821785449982,0.9856438040733337,-0.0,1.7404471682700318,-0.7731251499784819,-0.0036694744144077085,272.51859178350765,3.3499979972839355
4250.390564371642,372.20513916015625,-617.0184173583984,17.19342041015625,-0.13679081201553345,0.9905999302864075,-0.0,1.7080173737002202,-0.7290329650888716,-0.0032550406216374783,307.21582807680625,2.949998378753662
4260.29924563333,371.001953125,-607.1833190917969,17.121658325195312,-0.10453159362077713,0.9945215582847595,-0.0,1.675519230354125,-0.6919107477633135,-0.0037716012805179833,265.1393733387062,2.9999983310699463
4270.073752169418,370.1758270263672,-597.4440002441406,17.057144165039062,-0.06307310611009598,0.9980089068412781,-0.0,1.6339113278586275,-0.5593747534435978,-0.004847283380422118,206.30112199318467,3.449997901916504
4279.7145041078675,369.8174743652344,-587.8100128173828,17.012786865234375,-0.01076832041144371,0.9999420046806335,-0.0,1.5815648554915607,-0.4864860052594455,-0.005599933615270725,178.57354545651265,4.199997901916504
4289.226719321371,369.9794158935547,-578.2993011474609,16.964035034179688,0.04408258572220802,0.9990279078483582,-0.0,1.5266994519192634,-0.5896278141320876,-0.00641566197975163,155.8685608992625,5.198997974395752
4298.641615379625,370.70298767089844,-568.9124603271484,16.901336669921875,0.11031103134155273,0.9938971400260925,-0.0,1.4602603437474184,-0.32935764605482865,-0.0067166826306373495,148.8830208291544,6.197998046875
4307.977621734819,372.0221405029297,-559.6701202392578,16.901748657226562,0.169275164604187,0.9855688214302063,-0.0,1.4007021515207208,0.2287771759806878,-0.006440314563050886,155.27191881855583,7.196998119354248
4317.2650744198845,373.8632354736328,-550.5670776367188,16.9437255859375,0.22843611240386963,0.9735589027404785,-0.0,1.340325308385289,0.5094902473474106,-0.0063449431080666585,157.60582608355426,8.195998191833496
4326.58879148362,376.26275634765625,-541.5575714111328,16.996612548828125,0.2841978371143341,0.9587656855583191,-0.0,1.2826266720615407,0.41861324936216526,-0.005401488850622027,185.1341412812213,9.194997787475586
4335.991502802436,379.13807678222656,-532.6053161621094,17.021881103515625,0.32545867562294006,0.9455562829971313,-0.0,1.2392995595135754,0.22302801195357436,-0.002677531654887544,373.4783109565141,8.645999908447266
4345.467815506778,382.278564453125,-523.6645355224609,17.038650512695312,0.3320099115371704,0.9432758688926697,-0.0,1.2323627609779313,0.4468794779104779,0.0011642500566813596,858.9220110072,7.646999835968018
4354.940111212984,385.3110809326172,-514.6910400390625,17.106536865234375,0.304535835981369,0.9525008797645569,-0.0,1.2613452465759813,0.7304295172025022,0.00332071670904327,301.1398103538045,6.6479997634887695
4364.264054033769,387.99420166015625,-505.7617645263672,17.1759033203125,0.27259910106658936,0.962127685546875,-0.0,1.2947029088050703,0.5100017722517114,0.003606157676411037,277.3034597298119,5.6489996910095215
4373.5260503254585,390.3741149902344,-496.810791015625,17.201614379882812,0.24006302654743195,0.9707573056221008,-0.0,1.3283655515312023,0.11473346585930688,0.0034524972693977807,289.6454137310383,4.649999618530273
4382.640517862276,392.42701721191406,-487.93052673339844,17.197463989257812,0.21099762618541718,0.9774865508079529,-0.0,1.3582008709624322,-0.03752034719886055,0.002974080180445038,336.2384129974469,4.44999885559082
4391.597130137777,394.2085266113281,-479.1528778076172,17.194808959960938,0.1874762922525406,0.9822691082954407,-0.0,1.3822040726732767,-0.032926017351442294,0.0023876195794043653,418.82719032211486,4.549999237060547
4400.378092139744,395.7792053222656,-470.51353454589844,17.191635131835938,0.16932347416877747,0.9855605363845825,-0.0,1.4006531366674284,-0.050301515962347665,0.002797358576301645,357.48009156626904,4.850000381469727
4408.984924685191,397.12066650390625,-462.0118865966797,17.186111450195312,0.13973368704319,0.9901891350746155,-0.0,1.4306038706715172,-0.10661086858418933,0.0036436620135691933,274.4491657777111,5.250001907348633
4417.434184925626,398.1634216308594,-453.6272277832031,17.173583984375,0.10783758759498596,0.9941685199737549,-0.0,1.462748631133037,-0.19759531745078274,0.00027362741542363844,3654.6045594582292,5.950004577636719
4425.845859344864,399.1527099609375,-445.2739562988281,17.15283203125,0.13490146398544312,0.9908590316772461,-0.0,1.4354823117870246,-0.2903628822299442,2.630677560117034e-05,38013.020491782045,6.600007057189941
4434.21972928317,400.2313537597656,-436.9698944091797,17.1248779296875,0.10764367133378983,0.9941895604133606,-0.0,1.462943685523656,-0.42494036563618387,0.005798953093596848,172.44491960181418,7.100008964538574
4442.416972583991,400.8425598144531,-428.7955780029297,17.082733154296875,0.04008881002664566,0.9991961121559143,-0.0,1.5306967707863501,-0.761211172988463,0.008371513075289994,119.45271912095288,8.000012397766113
4450.452323172759,400.9196319580078,-420.76100158691406,17.002105712890625,-0.02800103649497032,0.9996079206466675,-0.0,1.5988010229112544,-1.3859473217000762,0.007561588501523608,132.24734456239014,8.999011993408203
4458.351825745988,400.48193359375,-412.87486267089844,16.8629150390625,-0.0805521085858345,0.9967504143714905,-0.0,1.6514358017851387,-2.4764171776710198,0.007060209543426843,141.63885559615073,9.300017356872559
4466.14128732261,399.63963317871094,-405.1350402832031,16.615142822265625,-0.13824112713336945,0.9903985857963562,-0.0,1.7094815984157499,-3.217645931856228,0.009141154662265782,109.39537038225036,10.299016952514648
4473.841939319945,398.2831573486328,-397.55894470214844,16.36456298828125,-0.22012114524841309,0.9754725694656372,-0.0,1.7927349809899487,-2.4829543262530285,0.011664484200219039,85.73032316175814,10.442996978759766
4481.477444361923,396.2661590576172,-390.1958312988281,16.233352661132812,-0.3121572732925415,0.9500304460525513,-0.0,1.8882592540139622,-0.6406601250124488,0.011900455688742817,84.03039565501223,9.443997383117676
4489.049858279536,393.59027099609375,-383.11204528808594,16.265777587890625,-0.3921765387058258,0.9198899865150452,-0.0,1.9737928101519122,0.8777928482968989,0.01076865993387377,92.86206511679431,8.444997787475586
4496.544470065576,390.3629455566406,-376.3486328125,16.364913940429688,-0.46159833669662476,0.8870890140533447,-0.0,2.0505924742595134,1.6729081897637554,0.011876433029768096,84.20036533642006,7.445998191833496
4503.9853103664755,386.6248474121094,-369.9166717529297,16.5152587890625,-0.5481927394866943,0.8363520503044128,-0.0,2.150998135176597,2.0658168380747632,0.010971009245946628,91.14931703931086,6.446998119354248
4511.3669712193,382.39222717285156,-363.8710479736328,16.671066284179688,-0.5993680357933044,0.8004736304283142,-0.0,2.2135076859134917,1.5771049711288398,0.009083566794613696,110.08891359647099,5.447998046875
4518.7189814625335,377.77561950683594,-358.14976501464844,16.747940063476562,-0.6548617482185364,0.7557486891746521,-0.0,2.2847960033621644,0.6246408242403412,0.01024710718423133,97.58851761976699,4.448997974395752
4526.087112598643,372.7369842529297,-352.7737731933594,16.76287841796875,-0.7128600478172302,0.7013062834739685,-0.0,2.3643643263917804,-0.1525526812801825,0.010733599756183654,93.16538931162376,3.449997901916504
4533.519913344098,367.2314453125,-347.7803649902344,16.724899291992188,-0.766169011592865,0.6426391005516052,-0.0,2.443654788465529,-0.815132545622399,0.009845533773266163,101.56889641832588,2.4999988079071045
4541.030489425156,361.31414794921875,-343.1557312011719,16.640594482421875,-0.8078911900520325,0.5893316864967346,-0.0,2.5113612989866216,-1.4206079482974587,0.007339113086902271,136.25624624651817,2.1999990940093994
4548.616732074373,355.0827331542969,-338.8309783935547,16.509979248046875,-0.8323869109153748,0.5541949272155762,-0.0,2.554197180593338,-1.9985928186461832,0.004575524589277402,218.55417460622297,2.2999989986419678
4556.268742866056,348.65769958496094,-334.67864990234375,16.335678100585938,-0.846909761428833,0.5317366719245911,-0.0,2.5809428167086335,-2.6222992153049685,0.0053095352807590035,188.34040026513375,2.649998664855957
4563.997756559601,342.0097961425781,-330.7428741455078,16.106109619140625,-0.8749573826789856,0.48419997096061707,-0.0,2.6361440901860695,-3.40285476823996,0.006877637595168101,145.39876318905667,3.2999980449676514
4571.794682932006,335.0920104980469,-327.1586456298828,15.8067626953125,-0.8987420797348022,0.43847766518592834,-0.0,2.6876885293269974,-4.358727798090511,0.005285218238930606,189.20694563453577,4.29899787902832
4579.6101500915,328.0232849121094,-323.84666442871094,15.4254150390625,-0.9118685722351074,0.410482257604599,-0.0,2.7186097816640715,-5.037707703176841,0.004581139806243556,218.28628732026849,5.297997951507568
4587.442225119339,320.83238220214844,-320.7698669433594,15.0184326171875,-0.9278464317321777,0.37296241521835327,-0.0,2.759392880364901,-5.5051093744029505,0.005900204135910497,169.48566133732317,6.296998023986816
4595.331956555845,313.4497528076172,-318.02503967285156,14.559555053710938,-0.9459967017173767,0.32417622208595276,-0.0,2.811451856805787,-6.394451247940502,0.00656700765275034,152.27635673322055,7.2959980964660645
4603.331603513135,305.8379669189453,-315.6285400390625,14.001113891601562,-0.9616443514823914,0.27429935336112976,-0.0,2.8637316183963306,-7.48293713775362,0.00619748174020654,161.35586064133747,8.294998168945312
4611.428836489469,298.02711486816406,-313.5945587158203,13.354049682617188,-0.9735643863677979,0.22841273248195648,-0.0,2.911145649569995,-8.239495163750554,0.006375255437649968,156.8564600712874,9.293997764587402
4619.6853685797405,289.9673767089844,-311.94554138183594,12.652847290039062,-0.9849979281425476,0.1725662499666214,-0.0,2.9681582429476117,-8.067115333605845,0.0066665359506356825,150.00294116836582,9.041999816894531
4628.281835616796,281.4868469238281,-310.70042419433594,11.997451782226562,-0.9930152893066406,0.11798597872257233,-0.0,3.023331207986058,-7.157592789301093,0.005502608418862659,181.7319939707233,8.043000221252441
4637.2818304894245,272.5478973388672,-309.8432159423828,11.397216796875,-0.9970088601112366,0.07728701084852219,-0.0,3.0642284903604065,-6.389827036987549,0.003767801434226059,265.4067677017616,7.044000148773193
4646.7066091917095,263.15809631347656,-309.27061462402344,10.82257080078125,-0.9987743496894836,0.04949544742703438,-0.0,3.092076974888733,-5.825699749974023,0.0016919984598633975,591.0170864344252,6.045000076293945
4656.398580645396,253.4915313720703,-308.8202209472656,10.285003662109375,-0.9989557862281799,0.04568713903427124,-0.0,3.0958896051877427,-5.440782013632956,-0.0011432338594261071,874.7116714177716,5.180000305175781
4666.200945261085,243.7176971435547,-308.2862243652344,9.762161254882812,-0.9973987936973572,0.07208089530467987,-0.0,3.0694491943101396,-5.059155098621437,-0.004243705225329131,235.64313421944678,4.537063121795654
4676.073103984524,233.9054412841797,-307.308349609375,9.290023803710938,-0.9916378855705261,0.12905162572860718,-0.0,3.0121801063089477,-4.747416929156234,-0.005741704485560328,174.16431000844358,3.538062810897827
4685.875501954542,224.2351531982422,-305.77239990234375,8.828079223632812,-0.9829146862030029,0.18406173586845398,-0.0,2.956475450331513,-4.524319741018884,-0.005114588684606153,195.51914370158286,2.539062738418579
4695.594292102847,214.73268127441406,-303.77735900878906,8.406509399414062,-0.9738143682479858,0.2273445874452591,-0.0,2.9122426568147097,-3.5528525753891484,-0.004715699891492314,212.05759972217896,2.0500001907348633
4705.242949463163,205.4006805419922,-301.3404083251953,8.138885498046875,-0.962037205696106,0.2729184031486511,-0.0,2.8651673614935445,-1.7850807957642378,-0.0052577439258849334,190.195645527124,1.6100001335144043
4714.820280436559,196.26220703125,-298.4755096435547,8.061904907226562,-0.9459186792373657,0.32440391182899475,-0.0,2.8112111700281366,-0.29935123952811726,-0.005995401472794426,166.7945015088214,1.2499998807907104
4724.369197102038,187.3252410888672,-295.11216735839844,8.081344604492188,-0.9245001077651978,0.38118183612823486,-0.0,2.7505183504698048,0.7712697093009535,-0.0062997162557459074,158.73730806334493,1.0490000247955322
4733.942761645936,178.5836639404297,-291.210693359375,8.209671020507812,-0.9000792503356934,0.4357261657714844,-0.0,2.6907477419440022,2.508613713099045,-0.0065562527180627606,152.52615220962375,1.2000000476837158
4743.557306820902,170.06719970703125,-286.7627716064453,8.56365966796875,-0.8693543076515198,0.4941893517971039,-0.0,2.6246905488409453,4.478415304510802,-0.006999261882640578,142.87220806527884,1.9000000953674316
4753.244939916126,161.82879638671875,-281.6915588378906,9.075271606445312,-0.8331789374351501,0.5530034899711609,-0.0,2.5556278549365152,5.866729940795334,-0.007018653113397472,142.4774787759723,2.330000162124634
4763.0068001473155,153.89898681640625,-276.0334014892578,9.705581665039062,-0.794024646282196,0.6078855395317078,-0.0,2.4881977393701997,6.3836964370127145,-0.00629292923399416,158.90850871133887,3.0470001697540283
4772.837454177752,146.29319763183594,-269.8359069824219,10.325897216796875,-0.7588998675346375,0.6512073278427124,-0.0,2.432418405367898,6.126667462762731,-0.004245245027558631,235.55766357615482,4.046000003814697
4782.695515880042,138.9300994873047,-263.3072814941406,10.9117431640625,-0.7405553460121155,0.6719953417778015,-0.0,2.404692744809504,5.732478215464887,-0.0018434611236282927,542.4578729557388,5.045000076293945
4792.419710950108,131.77963256835938,-256.739013671875,11.449005126953125,-0.7347277402877808,0.6783620715141296,-0.0,2.396061597622757,5.234261005144491,0.0005968333978713658,1675.509453000698,6.044000148773193
4801.9826218890685,124.71942138671875,-250.30638122558594,11.922210693359375,-0.7479264736175537,0.6637815833091736,-0.0,2.4157290752258875,4.614721988502646,0.003559310398239368,280.95329940728277,7.043000221252441
4811.3910085741545,117.55436706542969,-244.2222137451172,12.32550048828125,-0.778535783290863,0.6276002526283264,-0.0,2.463125688914422,3.913132228038463,0.005441325232365568,183.77875927207882,8.041999816894531
4820.669106023824,110.18547058105469,-238.59422302246094,12.654403686523438,-0.8113790154457092,0.5845203399658203,-0.0,2.5173038646184986,3.119103821410285,0.005839020751164853,171.2615937870242,9.040999412536621
4829.850900194962,102.59968566894531,-233.42703247070312,12.902099609375,-0.8415342569351196,0.5402037501335144,-0.0,2.5709134446626347,2.233517104230731,0.006442849412626517,155.21082923965722,10.039999008178711
4838.992021225265,94.75914001464844,-228.73025512695312,13.06402587890625,-0.87455153465271,0.484932541847229,-0.0,2.6353066101759914,1.6175798990717416,0.00763364622444293,130.9989971500121,11.0389986038208
4848.11805688136,86.62580871582031,-224.59315490722656,13.1976318359375,-0.9084431529045105,0.4180084764957428,-0.0,2.7103406911973016,1.3979572397599505,0.008101001077966435,123.44153400002094,12.03799819946289
4857.255046102493,78.19264221191406,-221.0786895751953,13.319320678710938,-0.9364803433418274,0.350720077753067,-0.0,2.7832527425057436,1.254263254282828,0.008166024364638064,122.45861086704242,12.550029754638672
4866.444671446311,69.466796875,-218.19821166992188,13.427413940429688,-0.9606184959411621,0.27787062525749207,-0.0,2.860015924838002,1.0905179082514205,0.008201691841395298,121.92606346812914,13.050031661987305
4875.693577572681,60.494232177734375,-215.9561767578125,13.520294189453125,-0.9786249995231628,0.2056528627872467,-0.0,2.9344618694214115,0.9123628699017838,0.007617499874429168,131.27666773672732,13.650033950805664
4884.977420102614,51.350067138671875,-214.35362243652344,13.596435546875,-0.9901553988456726,0.13997259736061096,-0.0,3.0011589169840986,0.7332260367910348,0.006504219694896229,153.74634420554491,14.250036239624023
4894.252332353764,42.13334655761719,-213.31802368164062,13.656387329101562,-0.9962691068649292,0.08630093932151794,-0.0,3.0551842268945415,0.5840842692520831,0.0057103556604920225,175.12044073167883,14.65003776550293
4903.40921408506,32.99333190917969,-212.76455688476562,13.704238891601562,-0.9993821382522583,0.0351475328207016,-0.0,3.1064378802933783,0.4638722779920501,0.00512200682085262,195.23597585399892,14.900038719177246
4912.449878232433,23.953598022460938,-212.64016723632812,13.740936279296875,-0.9999761581420898,-0.006909242365509272,-0.0,-3.134683356439515,0.27530457780730044,0.004427333710194048,225.86957872578583,14.900038719177246
4921.459211087212,14.94696044921875,-212.86013793945312,13.754013061523438,-0.9989978671073914,-0.04475773125886917,-0.0,-3.096819965165661,0.07327242409604917,0.005643342347199598,177.1999532327205,14.80003833770752
4930.4086635656695,6.02294921875,-213.5344696044922,13.754180908203125,-0.9941645264625549,-0.10787458717823029,-0.0,-3.0335077434568376,-0.1259572291936295,0.007168984521546157,139.48976971487824,14.600037574768066
4939.2153831977985,-2.6985321044921875,-214.756591796875,13.732009887695312,-0.9852376580238342,-0.1711922287940979,-0.0,-2.9695530206590153,-0.38744572830596846,0.007391827689332525,135.28453882158865,14.50003719329834
4947.8772270230875,-11.18017578125,-216.51364135742188,13.6868896484375,-0.9720062613487244,-0.23495495319366455,-0.0,-2.904420430165037,-0.6684690545004424,0.007206736467246316,138.7590630717344,14.550037384033203
4956.386167043967,-19.388153076171875,-218.75559997558594,13.61767578125,-0.9565460085868835,-0.29158148169517517,-0.0,-2.8457129103140355,-0.9725908238403802,0.0073786662661432245,135.52584761672557,14.65003776550293
4964.7622920054855,-27.31854248046875,-221.44993591308594,13.523086547851562,-0.9353195428848267,-0.3538041412830353,-0.0,-2.779957455681607,-1.26637673441653,0.007976059524409967,125.37519271760644,14.700037956237793
4973.021160380011,-34.937408447265625,-224.63558959960938,13.407333374023438,-0.9095766544342041,-0.41553613543510437,-0.0,-2.71306048908088,-1.4232093213569774,0.008331197061305418,120.03077020522544,14.750038146972656
4981.167288007799,-42.22344970703125,-228.2769012451172,13.289657592773438,-0.8784170150756836,-0.4778949022293091,-0.0,-2.6433359724405996,-1.4531585379827239,0.007758581952473337,128.88953240755714,15.000039100646973
4989.148600773798,-49.12019348144531,-232.29220581054688,13.173004150390625,-0.8504692912101746,-0.5260246396064758,-0.0,-2.587673176071742,-1.4520207710362998,0.0065551983937180425,152.55068419566322,15.350040435791016
4996.944677000257,-55.64466857910156,-236.55804443359375,13.060531616210938,-0.8242986798286438,-0.566155195236206,-0.0,-2.5397586517788997,-1.4235808161909613,0.005677535273215933,176.13276745589795,15.650041580200195
5004.543864253182,-61.82096862792969,-240.9840545654297,12.953765869140625,-0.8011938333511353,-0.5984049439430237,-0.0,-2.5000838909354557,-1.3821835628155643,0.005249726573283903,190.4861112365443,15.800042152404785
5011.940955478153,-67.66207885742188,-245.521484375,12.853164672851562,-0.7772274613380432,-0.6292197108268738,-0.0,-2.461043778079937,-1.3425047084804076,0.005485645136965589,182.29396452595816,15.800042152404785
5019.130073356825,-73.15830993652344,-250.15460205078125,12.75787353515625,-0.7508565783500671,-0.6604653000831604,-0.0,-2.4201543752155845,-1.3054266899540923,0.0067220471290787565,148.76420542696314,15.700041770935059
5026.104716467004,-78.27903747558594,-254.88912963867188,12.668182373046875,-0.7141962051391602,-0.6999455690383911,-0.0,-2.366271382059463,-1.2625766217260082,0.008162703622219103,122.50842934906672,15.700041770935059
5032.867096892653,-82.96588134765625,-259.76316833496094,12.584335327148438,-0.6723726987838745,-0.7402127981185913,-0.0,-2.308205879936159,-1.194842385552386,0.008336431780238962,119.95539894783799,16.69904136657715
5039.518238343862,-87.29753112792969,-264.809814453125,12.5078125,-0.6315873861312866,-0.7753046751022339,-0.0,-2.2543952843958275,-1.0843043527488105,0.006952730043032651,143.8283945746035,17.53696060180664
5045.949099466075,-91.25656127929688,-269.87713623046875,12.44219970703125,-0.6019660830497742,-0.7985216379165649,-0.0,-2.216757321794094,-0.9661700687217278,0.004728148424920725,211.49928262177315,16.537960052490234
5052.121125184764,-94.91012573242188,-274.8512878417969,12.385772705078125,-0.5838316082954407,-0.8118747472763062,-0.0,-2.194236527853481,-0.8561773920580773,0.0032315430865184624,309.44968803660936,15.538959503173828
5058.015162361724,-98.30960083007812,-279.66595458984375,12.338577270507812,-0.5701941847801208,-0.8215099573135376,-0.0,-2.177538531710708,-0.746301118567172,0.0027444409229016586,364.3729371819431,14.539959907531738
5063.6148280531625,-101.47073364257812,-284.28785705566406,12.2996826171875,-0.5578936338424683,-0.8299124836921692,-0.0,-2.162641884423846,-0.6310924807117368,0.0019437874449604875,514.4595426792293,13.540960311889648
5068.902002331233,-104.40919494628906,-288.68316650390625,12.269485473632812,-0.5523204207420349,-0.8336318731307983,-0.0,-2.1559415314204804,-0.5314648286075974,-0.00031505792116801046,3174.0195462875904,12.541960716247559
5073.873401683172,-107.17352294921875,-292.81507873535156,12.244918823242188,-0.5597699284553528,-0.8286480903625488,-0.0,-2.1649044435892097,-0.4758346218543874,-0.002190091178728537,456.60199434278917,11.542961120605469
5078.586204058013,-109.83345031738281,-296.70542907714844,12.223312377929688,-0.5697153210639954,-0.8218420743942261,-0.0,-2.1769557691271806,-0.4531853571732025,-0.002753315118800226,363.19852862891923,10.543961524963379
5083.249370127284,-112.5159912109375,-300.5196990966797,12.202423095703125,-0.5809568166732788,-0.8139343857765198,-0.0,-2.1907000676302277,-0.425481972910724,-0.0034083510462021294,293.39700824370306,9.544961929321289
5087.90214964355,-115.24830627441406,-304.28565979003906,12.183670043945312,-0.595511257648468,-0.8033469915390015,-0.0,-2.2086982176575516,-0.36287163146755397,-0.00620042815837768,161.27918499448376,8.5459623336792
5092.361795625459,-117.96524047851562,-307.8221130371094,12.169204711914062,-0.62530517578125,-0.7803803086280823,-0.0,-2.2463188632442574,-0.26720798739667817,-0.009690720047783485,103.19150641739212,7.546962738037109
5096.501466549077,-120.62167358398438,-310.9970397949219,12.16033935546875,-0.6597313284873962,-0.7515015602111816,-0.0,-2.291257509491109,-0.14575160423058175,-0.012407537211194142,80.59617174452599,6.547962665557861
5100.3324638581,-123.220703125,-313.8115692138672,12.157180786132812,-0.6986411809921265,-0.7154722213745117,-0.0,-2.3442928664267586,-0.06322297066856386,-0.014317138141482999,69.84636106168198,5.548962593078613
5103.902233608241,-125.77754211425781,-316.30271911621094,12.155563354492188,-0.7353480458259583,-0.6776896715164185,-0.0,-2.3969764204348496,-0.07020149682304133,-0.01823714121215514,54.83315550210772,4.549962520599365
5107.246882419519,-128.3107452392578,-318.4866485595703,12.152435302734375,-0.7821312546730042,-0.623113751411438,-0.0,-2.4688751408192258,-0.07846269084792468,-0.024441589897890914,40.913868704027756,3.550962448120117
5110.406206986614,-130.8593292236328,-320.35374450683594,12.150405883789062,-0.8327665328979492,-0.5536242723464966,-0.0,-2.554882570895068,-0.031155984605968357,-0.0339797376704119,29.429303124690016,2.649533748626709
5113.429984449237,-133.46670532226562,-321.88502502441406,12.150421142578125,-0.8940861225128174,-0.4478950500488281,-0.0,-2.6771830025615606,0.1004008901956066,-0.04269077079332556,23.424266683803793,2.2890000343322754
5116.366920635455,-136.1698455810547,-323.0333251953125,12.156219482421875,-0.9451878666877747,-0.32652702927589417,-0.0,-2.8089657932962866,0.49110845980697704,-0.04543777512718794,22.008119834231156,1.290000081062317
5119.314426045006,-139.01107788085938,-323.81732177734375,12.17938232421875,-0.9806539416313171,-0.19574953615665436,-0.0,-2.9445709422523225,-0.054046902349025316,-0.04897784923538673,20.417393078940986,0.6000000238418579
5122.267380903613,-141.94308471679688,-324.1674346923828,12.152938842773438,-0.9990495443344116,-0.043588779866695404,-0.0,-3.0979900583550815,-0.5513150451834203,-0.05105986605051993,19.584853571894893,1.090000033378601
5125.240728337147,-144.91537475585938,-324.08837890625,12.1468505859375,-0.9944360256195068,0.1053420677781105,-0.0,3.0360547750299265,-0.12224154286677447,-0.05651970589604638,17.692944153659354,2.0900001525878906
5128.228309645238,-147.84487915039062,-323.5021667480469,12.145675659179688,-0.9572404026985168,0.28929364681243896,-0.0,2.848103804345795,0.036425226357916785,-0.06163393109272852,16.224829120431984,3.0890002250671387
5131.259183227522,-150.65597534179688,-322.3690643310547,12.14910888671875,-0.8886664509773254,0.4585541784763336,-0.0,2.6652250945216833,0.07260441661161021,-0.05995825016327061,16.678271918825654,3.8600003719329834
5134.358087033792,-153.26951599121094,-320.7039489746094,12.150070190429688,-0.7893988490104675,0.6138806939125061,-0.0,2.4806254114624164,0.016399415005463602,-0.05762737883064717,17.352862828253155,4.53000020980835
5137.5277505599815,-155.5926513671875,-318.547607421875,12.150115966796875,-0.6694481372833252,0.7428588271141052,-0.0,2.3042619543574845,-0.0002066935889777355,-0.053277534380131275,18.769637364692475,5.196000099182129
5140.758309082698,-157.55377197265625,-315.98040771484375,12.150054931640625,-0.5389007925987244,0.8423692584037781,-0.0,2.139927980801204,-0.0007187561304800028,-0.04883187193478622,20.47842854223315,6.195000171661377
5144.029386663088,-159.1030731201172,-313.09950256347656,12.150070190429688,-0.40423715114593506,0.9146541953086853,-0.0,1.986940980091717,0.0009161198573970353,-0.04276220053963253,23.385138916627728,7.194000244140625
5147.360845284266,-160.2468719482422,-309.9705505371094,12.150115966796875,-0.2833457887172699,0.959017813205719,-0.0,1.8580774125370203,-0.00019705340146281003,-0.031759599783696024,31.486542866114952,8.192999839782715
5150.755504412834,-161.0615997314453,-306.67510986328125,12.150054931640625,-0.20200921595096588,0.979383647441864,-0.0,1.7742053204492505,-0.0009062364964673719,-0.017959005153674212,55.68237168167476,9.191999435424805
5154.2053504718115,-161.68832397460938,-303.2826690673828,12.150054931640625,-0.16436226665973663,0.9864000678062439,-0.0,1.7359077731255776,0.0006460955437770366,-0.007635434192329038,130.9683214878144,10.190999031066895
5157.7166268891015,-162.24038696289062,-299.8150634765625,12.150100708007812,-0.15011778473854065,0.9886681437492371,-0.0,1.7214837296278889,6.704258346257319e-05,-0.0034441304184560373,290.3490514300234,11.189998626708984
5161.418259840782,-162.7749786376953,-296.15223693847656,12.150054931640625,-0.1400667279958725,0.9901420474052429,-0.0,1.7113251361930308,-0.00011579422418694918,-0.0019557864464322394,511.3032671967881,12.188998222351074
5165.502302779049,-163.3385772705078,-292.1072692871094,12.150100708007812,-0.13567481935024261,0.9907534122467041,-0.0,1.7068908762433457,0.0004942234561156056,0.0025331449552684626,394.766196825882,13.187997817993164
5168.723360844284,-163.74752807617188,-288.9122772216797,12.150100708007812,-0.15281212329864502,0.9880307912826538,-0.0,1.7242438299815148,0.0,0.00538734583069548,185.6201609152878,14.186997413635254
