s_m,x_m,y_m,z_m,dir_x,dir_y,dir_z,heading_rad,slope_pct,curvature_1_per_m,radius_m,width_m
0.0,-375.0712890625,366.7666778564453,14.7139892578125,0.5460737347602844,0.8377370834350586,-0.0,0.9931260202005886,-0.3833361618909226,0.0004041974855701727,2474.038151398619,12.500029563903809
8.068522749619545,-370.67433166503906,373.53179931640625,14.683059692382812,0.5433387160301208,0.8395134806632996,-0.0,0.9963872968082506,-0.3017620317578684,0.0005496468009133643,1819.3501687597754,12.350028991699219
16.334663711728645,-366.2019348144531,380.4835205078125,14.665023803710938,0.5384813547134399,0.8426374197006226,-0.0,1.0021625067194093,-0.16470892232088863,0.0007931188655941682,1260.845055363607,12.200028419494629
24.66589350415281,-361.74183654785156,387.5203399658203,14.655792236328125,0.5322304964065552,0.8465995788574219,-0.0,1.0095633297108946,-0.059530465497248386,0.0008439203683920787,1184.9459231625133,12.100028038024902
32.96388479303182,-357.34779357910156,394.5594482421875,14.65509033203125,0.5266008377075195,0.8501126170158386,-0.0,1.0161991909658632,0.031398878048305434,0.0007575806180131553,1319.991531228212,12.100028038024902
41.18603014435252,-353.0393829345703,401.56239318847656,14.660919189453125,0.521588146686554,0.8531973958015442,-0.0,1.0220850242339223,0.07753222009295735,0.0007986799470966338,1252.0659916844113,12.050027847290039
49.33151473790545,-348.81317138671875,408.5257263183594,14.667770385742188,0.5154539346694946,0.8569173216819763,-0.0,1.0292590485701816,0.10843348300694222,0.0010371814821571318,964.1514211381776,11.950027465820312
57.40224445829258,-344.68690490722656,415.46189880371094,14.678466796875,0.5071850419044495,0.8618371486663818,-0.0,1.0388808986891394,0.18303547871970638,0.001532560012802539,652.5029960629959,11.800026893615723
65.39637497234044,-340.6790771484375,422.37876892089844,14.697097778320312,0.49424734711647034,0.869321346282959,-0.0,1.0538275144102858,0.297497746293407,0.0022305254577606043,448.3248539131119,11.60002613067627
73.3145232258686,-336.8359069824219,429.30165100097656,14.7257080078125,0.47633111476898193,0.879266083240509,-0.0,1.0743190692977982,0.2603364324957447,0.0027065200763180947,369.47813864376855,11.500025749206543
81.15818515596433,-333.1758117675781,436.2389831542969,14.73828125,0.4567396342754364,0.8896004557609558,-0.0,1.0964695854335105,0.057434522994470605,0.0029365395581457537,340.53687348636953,11.1500244140625
88.92388412978832,-329.70819091796875,443.18748474121094,14.734832763671875,0.4355572462081909,0.90016108751297,-0.0,1.1201391147392012,-0.07203807869846646,0.0034170142866629533,292.65315158415603,10.500021934509277
96.66258266707909,-326.4390563964844,450.20176696777344,14.727127075195312,0.40900906920433044,0.9125303030014038,-0.0,1.1494284385541014,-0.03961245508373734,0.004202480809261569,237.95468566951365,9.650018692016602
104.3208516097046,-323.4271697998047,457.24290466308594,14.7286376953125,0.37650296092033386,0.9264153838157654,-0.0,1.1847777343273806,0.17046259836562827,0.0044070762895330046,226.90780333779176,8.800015449523926
111.89125134350604,-320.6910400390625,464.301513671875,14.752822875976562,0.3468565344810486,0.9379181265830994,-0.0,1.2165788194265963,0.2979310470711871,0.0038284316267988977,261.2035678004623,8.10001277923584
119.37030163361445,-318.1882019042969,471.3493194580078,14.773513793945312,0.3224675953388214,0.9465804696083069,-0.0,1.2424611300026267,0.12211091147105169,0.0033486049389537947,298.6318237685065,7.450010299682617
126.759054840745,-315.8897247314453,478.37147521972656,14.771255493164062,0.2997312843799591,0.9540235996246338,-0.0,1.2663853306276194,-0.09807673376529547,0.0032351650841899865,309.10323707650235,6.900008201599121
134.0569364755887,-313.7849426269531,485.35923767089844,14.759231567382812,0.27714458107948303,0.9608281850814819,-0.0,1.2899753160719252,-0.12841574366433406,0.003240243574656909,308.61877416295295,7.899008274078369
141.26361404469023,-311.8693389892578,492.30665588378906,14.7525634765625,0.25458070635795593,0.9670515060424805,-0.0,1.3133822213704693,0.06345031534591428,0.0030639123709374078,326.3800915083119,8.8980073928833
148.37486707461156,-310.13002014160156,499.201904296875,14.768020629882812,0.2347070872783661,0.9720661044120789,-0.0,1.3338790910275846,0.370447991725964,0.002828892386004561,353.4952425010301,8.896000862121582
155.38681787606518,-308.54937744140625,506.0332794189453,14.804580688476562,0.21574091911315918,0.9764506816864014,-0.0,1.3533457810000336,0.5630107114984462,0.002815368341195168,355.19331000770023,7.897000789642334
162.29840950315298,-307.12351989746094,512.7960662841797,14.846328735351562,0.19643929600715637,0.9805159568786621,-0.0,1.3730711892223648,0.6394805977883777,0.002883390092948801,346.8139820711233,6.898000717163086
169.10863326887093,-305.85069274902344,519.4861297607422,14.892257690429688,0.17695437371730804,0.9842190742492676,-0.0,1.392905204846935,0.7018182075706925,0.002870135140156091,348.4156498448416,5.899000644683838
175.81668230658985,-304.7256622314453,526.0989837646484,14.941146850585938,0.15824924409389496,0.9873992204666138,-0.0,1.4118790286566816,0.7692708607552001,0.0027133213049759797,368.55200236186283,4.90000057220459
182.42286410905697,-303.73573303222656,532.6303558349609,14.994598388671875,0.14126791059970856,0.9899714589118958,-0.0,1.4290542819694667,0.9032937670053087,0.002580093160557212,387.58290409329027,4.800000190734863
188.9247850037099,-302.8704071044922,539.0741119384766,15.059356689453125,0.12476707994937897,0.9921860098838806,-0.0,1.445703247368259,1.0808428809520487,0.002701649223035868,370.14427760399286,4.549999237060547
195.32146507918625,-302.129150390625,545.4272613525391,15.133834838867188,0.10672037303447723,0.9942891001701355,-0.0,1.4638723339683235,1.21513739965875,0.0030576908285742943,327.0441833605096,3.9499974250793457
201.61259870475052,-301.52073669433594,551.6884002685547,15.213424682617188,0.08623591810464859,0.9962747693061829,-0.0,1.4844531674022072,1.2852118094038412,0.0035190478914268186,284.16777232166174,3.249998092651367
207.79808197302413,-301.0577392578125,557.8560028076172,15.294143676757812,0.0630282610654831,0.9980117082595825,-0.0,1.5077262581809405,1.3130441963756567,0.003855448814338372,259.37317499353406,2.4999988079071045
213.87860287054352,-300.7465515136719,563.9280242919922,15.374465942382812,0.03906160593032837,0.9992367625236511,-0.0,1.531724778983183,1.3130605953022956,0.003848113717241558,259.8675801911669,2.7700002193450928
219.85455388832506,-300.57977294921875,569.9011383056641,15.452468872070312,0.01665416546165943,0.9998613595962524,-0.0,1.554141392197003,1.308148706090173,0.0035218157912628723,283.9444364128467,2.7065601348876953
225.72427771272433,-300.5392608642578,575.7702178955078,15.5294189453125,-0.0026950209867209196,0.9999963641166687,-0.0,1.5734913510556223,1.300427926092973,0.0034803895546138275,287.3241584909183,2.5552802085876465
231.49153261195477,-300.61814880371094,581.5364532470703,15.60382080078125,-0.02380669116973877,0.9997165203094482,-0.0,1.594605268747105,1.267443907823651,0.003787163613099054,264.049854234234,2.3747200965881348
237.14030958963255,-300.81353759765625,587.1814117431641,15.674163818359375,-0.04588370397686958,0.9989468455314636,-0.0,1.616696143350798,1.2162905391725376,0.00449860195862542,222.29128275788977,2.223440170288086
242.74381576999957,-301.1497039794922,592.7744293212891,15.740707397460938,-0.074306920170784,0.9972354173660278,-0.0,1.645171798750475,1.1512175047426076,0.005544173752837944,180.36952746802376,2.1600000858306885
248.23950077471792,-301.6453399658203,598.2473754882812,15.802017211914062,-0.10713091492652893,0.9942449331283569,-0.0,1.6781332304697936,1.0658590288040282,0.006505450668568891,153.71725203166997,2.3500001430511475
253.62208290365393,-302.3166809082031,603.587646484375,15.856765747070312,-0.14452195167541504,0.9895016551017761,-0.0,1.7158261531558971,0.9427691868509225,0.00766032961544913,130.54268552403138,2.4000000953674316
258.8909494383095,-303.1842498779297,608.7843933105469,15.902603149414062,-0.18766319751739502,0.9822334051132202,-0.0,1.7595788656953342,0.7667819066300208,0.009293197422471283,107.6055909004972,2.899998426437378
264.0448251348988,-304.2821502685547,613.8198547363281,15.936920166015625,-0.23931998014450073,0.9709407687187195,-0.0,1.8124617415659685,0.5403142316912524,0.010815273094313488,92.46183533967213,3.6499977111816406
269.08904527818635,-305.6253662109375,618.6819000244141,15.957977294921875,-0.29452401399612427,0.9556440114974976,-0.0,1.8697537482608781,0.2784879080002911,0.011722298087054883,85.30750477197945,4.648997783660889
274.02782842305953,-307.21875,623.3565826416016,15.965011596679688,-0.3509759306907654,0.9363844990730286,-0.0,1.929409453633168,0.008836387201127671,0.012446840837882805,80.34167167595106,5.647997856140137
278.86030400983407,-309.05181884765625,627.8278961181641,15.959121704101562,-0.4082181751728058,0.9128843545913696,-0.0,1.9912976898006944,-0.09916606458590937,0.01324996806970169,75.47187998789751,5.700003623962402
283.5769584231144,-311.1111755371094,632.0712280273438,15.955490112304688,-0.46624141931533813,0.8846575617790222,-0.0,2.055833680147958,0.14495346443996748,0.013882002131802684,72.03571865970765,6.69900369644165
288.1702613440445,-313.3819580078125,636.0639343261719,15.972076416015625,-0.5224260091781616,0.8526845574378967,-0.0,2.120489982080076,0.6340858404392691,0.013621603804459759,73.41279443706891,7.698003768920898
292.62877290035226,-315.82244873046875,639.7949829101562,16.012161254882812,-0.5716031789779663,0.8205302357673645,-0.0,2.179254666775793,1.1162561035246377,0.013485018487369549,74.15636848674909,8.697003364562988
296.9447046284137,-318.39036560058594,643.2633819580078,16.069412231445312,-0.6193634867668152,0.7851043939590454,-0.0,2.238728018333623,1.5345905586025221,0.014038393178091746,71.23322358292369,9.696002960205078
301.1160825279275,-321.0700378417969,646.4593963623047,16.141815185546875,-0.6650292873382568,0.7468172311782837,-0.0,2.2983293915698977,1.8617834900052088,0.014105280999795966,70.89543271165354,10.695002555847168
305.1432923789835,-323.8312225341797,649.3899078369141,16.221694946289062,-0.7058531641960144,0.708358108997345,-0.0,2.3544232257220647,2.0451410458699915,0.014629341637307391,68.35577600087103,11.694002151489258
309.02725093274233,-326.65113830566406,652.0594635009766,16.303436279296875,-0.7466894388198853,0.665172815322876,-0.0,2.4138674139730205,2.1046280947221607,0.01619820646564185,61.73522989234075,12.693001747131348
312.7711402587695,-329.52342224121094,654.4595642089844,16.382232666015625,-0.7876211404800415,0.6161597967147827,-0.0,2.477734985370094,1.996222568632433,0.01891923445397714,52.8562613055299,13.692001342773438
316.3970466830206,-332.4594268798828,656.5861511230469,16.4508056640625,-0.8316486477851868,0.5553022623062134,-0.0,2.5528663073250373,1.6992838838523205,0.022948892843522306,43.575086903692004,14.550037384033203
319.9570931029814,-335.50341796875,658.4314575195312,16.504592895507812,-0.8779472708702087,0.47875744104385376,-0.0,2.6423538151937733,1.2475304301397205,0.027265015327917974,36.67703788070317,15.000039100646973
323.47235172692183,-338.6698913574219,659.9576568603516,16.539306640625,-0.9226084351539612,0.38573792576789856,-0.0,2.7455851541380945,0.6391571477653457,0.029010969546600707,34.46972009652027,15.500041007995605
326.95768256033773,-341.9518585205078,661.1307373046875,16.549545288085938,-0.956474781036377,0.2918148636817932,-0.0,2.845468901062833,-0.0038086814400539737,0.02738050556366689,36.522335121779854,16.05004119873047
330.42155022709466,-345.3105926513672,661.9776000976562,16.539169311523438,-0.9789222478866577,0.2042331099510193,-0.0,2.9359124055834913,-0.3685165172275351,0.026960528098886216,37.091261578118406,16.50003433227539
333.86695305854045,-348.7132568359375,662.5183868408203,16.52410888671875,-0.9939695000648499,0.10965651273727417,-0.0,3.0317151768803483,-0.9438610182304075,0.02859889099423213,34.9663908366825,16.750030517578125
337.29796744632677,-352.1377258300781,662.7243041992188,16.474411010742188,-0.9999591708183289,0.009044989012181759,-0.0,3.132547541943495,-1.8249340117289847,0.028564894268467755,35.00800635218458,17.30002212524414
340.7325865531777,-355.5689239501953,662.5910034179688,16.398788452148438,-0.9962842464447021,-0.08612584322690964,-0.0,-3.055359976289937,-2.1977184763351865,0.028762818942839496,34.76710686763023,16.388999938964844
344.2593775472508,-359.06333923339844,662.1205444335938,16.321426391601562,-0.981743574142456,-0.19020964205265045,-0.0,-2.95021698576832,-1.5689550876144764,0.02905139117781802,34.42175949093766,15.389999389648438
347.81671313977864,-362.51837158203125,661.2742156982422,16.28802490234375,-0.9576730132102966,-0.2878582775592804,-0.0,-2.8496029498287205,-1.3684246674862788,0.02795830205069816,35.76755119773193,14.390999794006348
351.39900996877304,-365.89549255371094,660.0810089111328,16.2235107421875,-0.9245392680168152,-0.38108664751052856,-0.0,-2.750621279537404,-2.1000577562469758,0.029438956539522554,33.96859527468219,13.392000198364258
355.04024402981054,-369.17730712890625,658.5060119628906,16.135971069335938,-0.8752433657646179,-0.4836830496788025,-0.0,-2.636734847232676,-2.31250315122713,0.03190723735223405,31.340851887635544,12.393000602722168
358.74549134251805,-372.30799865722656,656.5258941650391,16.053741455078125,-0.810694694519043,-0.5854692459106445,-0.0,-2.5161339425148492,-1.9767909686915885,0.031758658307753374,31.487476275276585,11.394001007080078
362.5160102555756,-375.2279357910156,654.1412506103516,15.988510131835938,-0.7370008826255798,-0.6758918166160583,-0.0,-2.3994185822702594,-1.6248686034835202,0.028468911408899122,35.12603575307095,10.395001411437988
366.33916653228397,-377.9110870361328,651.4184112548828,15.930465698242188,-0.6664354205131531,-0.745562732219696,-0.0,-2.300213795824172,-1.7990361677862943,0.02508576958095099,39.8632378716958,9.396001815795898
370.21644545726645,-380.3522644042969,648.4071960449219,15.84967041015625,-0.5936161279678345,-0.8047482967376709,-0.0,-2.2063412756975014,-2.5033115885846113,0.02243523503195821,44.57274455005864,8.397002220153809
374.1452737327951,-382.5479736328125,645.1512298583984,15.734619140625,-0.526492714881897,-0.8501796722412109,-0.0,-2.1252662347047995,-3.1291314762501132,0.01980665643830859,50.48807723376637,7.398002624511719
378.12430433542903,-384.5113525390625,641.69287109375,15.602020263671875,-0.46089237928390503,-0.8874559998512268,-0.0,-2.049796827028819,-3.3300802015763686,0.01912207359884932,52.29558367875833,6.399002552032471
382.15579084093474,-386.22740173339844,638.0473175048828,15.467864990234375,-0.39059314131736755,-0.9205634593963623,-0.0,-1.9720721377313302,-3.2252564312619914,0.017848867103679833,56.02596479604209,5.400002479553223
386.29258254114234,-387.70697021484375,634.1863250732422,15.338790893554688,-0.3273627758026123,-0.9448987245559692,-0.0,-1.9043075374057468,-3.1102946828050593,0.014359340515023966,69.64108128459763,4.499999046325684
390.64340495018536,-389.0174560546875,630.0397491455078,15.20391845703125,-0.27663150429725647,-0.9609761238098145,-0.0,-1.8510833584474073,-3.042956537294561,0.010262688612561133,97.44035288920671,3.8499975204467773
395.21319097014015,-390.1939697265625,625.6261138916016,15.067596435546875,-0.24046649038791656,-0.970657467842102,-0.0,-1.8136427348892528,-2.871092843363421,0.0064074105127604475,156.06928852279498,3.3999979496002197
400.02620086804814,-391.2961883544922,620.9428863525391,14.935089111328125,-0.21926334500312805,-0.975665807723999,-0.0,-1.79185568454395,-2.5757818633470153,0.003694770048793705,270.6528381452283,3.0999982357025146
405.0838478806853,-392.36749267578125,616.0014801025391,14.814239501953125,-0.2053232640028,-0.9786942601203918,-0.0,-1.7775903137212246,-2.1379471297042096,0.0026754977916897404,373.7622221577088,2.899998426437378
410.3823750632184,-393.4202423095703,610.8095397949219,14.714920043945312,-0.19221916794776917,-0.9813520312309265,-0.0,-1.7642193102431734,-1.5367002394515827,0.002551492940874589,391.9274021809461,2.699998617172241
415.97023576112736,-394.4544677734375,605.3186187744141,14.648956298828125,-0.17804645001888275,-0.9840220808982849,-0.0,-1.7497971501152552,-0.7568466532075879,0.002014049561904596,496.5121111788058,2.599998712539673
421.8579408710054,-395.47596740722656,599.5202331542969,14.63067626953125,-0.1698325276374817,-0.9854729175567627,-0.0,-1.7414560558874728,-0.15879889424259552,0.0010665153231371738,937.6330356496728,2.599998712539673
428.0316075311527,-396.5107116699219,593.4338989257812,14.630691528320312,-0.1655762791633606,-0.9861969947814941,-0.0,-1.7371386529547945,0.00294685940338546,0.0007883120905572416,1268.5331253680513,2.599998712539673
434.41399838786685,-397.5506134033203,587.1367950439453,14.631057739257812,-0.16003277897834778,-0.9871116876602173,-0.0,-1.731520188703285,0.007037690437772248,0.0008564105472079198,1167.6642741734233,2.599998712539673
440.97400213297607,-398.5822448730469,580.6584167480469,14.631607055664062,-0.15464383363723755,-0.9879703521728516,-0.0,-1.726063256512015,0.009920857259748672,0.0006554177290502561,1525.744507169598,2.649998664855957
447.73227299606464,-399.6154022216797,573.9795837402344,14.63238525390625,-0.15148045122623444,-0.9884601831436157,-0.0,-1.7228621736598349,0.01086020584759595,0.00031336169409129644,3191.2005163868394,2.7499985694885254
454.7786513669708,-400.67864990234375,567.0138854980469,14.633102416992188,-0.1504618376493454,-0.9886158108711243,-0.0,-1.7218317398774312,0.00936203460318863,-0.00025233192918555636,3963.0339419496686,2.899998426437378
462.1291687800322,-401.79920959472656,559.7492828369141,14.63372802734375,-0.15531499683856964,-0.9878649711608887,-0.0,-1.7267426424046466,0.006003016287492446,-0.0011219439367858852,891.3101334321331,2.9999983310699463
469.76076992720544,-403.0287322998047,552.2173767089844,14.633987426757812,-0.16731390357017517,-0.9859037399291992,-0.0,-1.7389008497557668,-0.0007606518372615945,-0.001672493355316218,597.90969980322,2.9999983310699463
477.6229815251882,-404.39744567871094,544.4752197265625,14.633590698242188,-0.1808953583240509,-0.9835022687911987,-0.0,-1.7526930937775187,-0.00830817268043793,-0.0013315477833486522,751.0057186871229,2.949998378753662
485.7286804369797,-405.8966369628906,536.5093688964844,14.632644653320312,-0.18803150951862335,-0.9821629524230957,-0.0,-1.7599538554601772,-0.012638114921481591,-0.0005987199294678613,1670.2300203849802,2.7999985218048096
494.1194680169241,-407.4844665527344,528.2701873779297,14.631500244140625,-0.19043102860450745,-0.9817005395889282,-0.0,-1.7623975250210397,-0.014923113961007317,-0.0003704381414404989,2699.506039284628,2.649998664855957
502.84738349472013,-409.16160583496094,519.7049255371094,14.630081176757812,-0.19430944323539734,-0.9809402823448181,-0.0,-1.7663497537664534,-0.01793272842474103,-0.0003633826296795539,2751.9202029052462,2.399998903274536
511.9221375743071,-410.9359588623047,510.8053283691406,14.6282958984375,-0.19671575725078583,-0.980460524559021,-0.0,-1.7688034281364466,-0.018139655651039366,-7.197864352659344e-05,13893.009801310538,3.398998975753784
521.3259551342577,-412.7853546142578,501.5851593017578,14.626739501953125,-0.19548361003398895,-0.9807069897651672,-0.0,-1.7675468724913392,-0.00863526512020485,0.00014263564529401473,7010.870234706766,2.5480000972747803
531.0242114624707,-414.67250061035156,492.07228088378906,14.626693725585938,-0.19403834640979767,-0.980993926525116,-0.0,-1.766073400390096,0.009939014387116973,-0.00016059017076641702,6227.031176487934,1.5490000247955322
541.0004441900758,-416.62709045410156,482.2893981933594,14.628753662109375,-0.19875392317771912,-0.9800494313240051,-0.0,-1.7708826394486679,0.02886301612915476,-0.0008197518032698747,1219.8814275383604,0.5500000715255737
551.2644252980822,-418.7253875732422,472.2421875,14.632583618164062,-0.2104802280664444,-0.9775981307029724,-0.0,-1.7828624898034728,0.038626206207681424,-0.0015296054645080326,653.7633548018412,1.1999999284744263
561.8002018026974,-421.0412902832031,461.96409606933594,14.636795043945312,-0.23002302646636963,-0.973185122013092,-0.0,-1.8028976853632472,0.044409893109786935,-0.0022193088332524424,450.5907357357198,1.8499993085861206
572.4996722589437,-423.64149475097656,451.58538818359375,14.64202880859375,-0.2564026117324829,-0.9665700793266296,-0.0,-1.8300948716535812,0.049313017568042294,-0.0026687823488643903,374.7027180487446,2.649998664855957
583.2732525264986,-426.5595703125,441.2145233154297,14.647384643554688,-0.28540322184562683,-0.9584075212478638,-0.0,-1.860223452883764,0.04460861059873977,-0.002784896164258227,359.0798151953201,3.5499978065490723
594.0945581465871,-429.80335998535156,430.8908386230469,14.651657104492188,-0.31403204798698425,-0.9494124054908752,-0.0,-1.8902332741378836,0.03727487696205678,-0.002745686011713322,364.2077046442739,4.499999046325684
604.9299934161492,-433.3561553955078,420.6544189453125,14.65545654296875,-0.34185391664505005,-0.9397531151771545,-0.0,-1.9196852849088957,0.036949979029587965,-0.002705128391866901,369.66822092679524,5.450002670288086
615.77397977941,-437.211181640625,410.518798828125,14.65966796875,-0.3691389262676239,-0.9293742179870605,-0.0,-1.9488786708475132,0.03924082383612859,-0.0027034464002099468,369.8982158190157,6.449002742767334
626.6276169384797,-441.36598205566406,400.49188232421875,14.663970947265625,-0.3963589072227478,-0.918095588684082,-0.0,-1.9783438656976309,0.0075504428264872026,-0.002719244870296067,367.74915379030267,7.448002815246582
637.4923792456989,-445.8186340332031,390.58143615722656,14.661300659179688,-0.4233502149581909,-0.9059661030769348,-0.0,-2.0079364166694926,-0.07536520860209617,-0.0024491102775867912,408.31154446231835,8.447002410888672
648.3636047084761,-450.54331970214844,380.79058837890625,14.6475830078125,-0.4446449279785156,-0.8957068920135498,-0.0,-2.0315741460152252,-0.34615580649505207,-0.0021321320284728718,469.01410730940745,9.446002006530762
659.2417779653961,-455.49513244628906,371.1050109863281,14.585983276367188,-0.4648915231227875,-0.8853676319122314,-0.0,-2.054308419601874,-0.781214631439453,-0.0019777797981316014,505.61746102609345,10.445001602172852
670.1240517874103,-460.6495056152344,361.5214538574219,14.477569580078125,-0.4827693700790405,-0.8757475018501282,-0.0,-2.074610598976185,-1.1841658758515838,-0.0017523243446593006,570.6706084679929,11.444001197814941
681.0087856081146,-465.9847106933594,352.0351104736328,14.328216552734375,-0.49831515550613403,-0.8669959306716919,-0.0,-2.0924507195310236,-1.4941969028414048,-0.001575320851891715,634.7913180982501,12.050027847290039
691.8948662748688,-471.4886016845703,342.64453125,14.152267456054688,-0.5125141143798828,-0.8586788177490234,-0.0,-2.1089064454479636,-1.6818610115099442,-0.0014473711398711453,690.9077930689061,12.400029182434082
702.7811083888657,-477.1393737792969,333.34169006347656,13.9620361328125,-0.5253845453262329,-0.8508648872375488,-0.0,-2.1239633304228622,-1.8413671588476288,-0.001123797130541393,889.8403215518505,13.100031852722168
713.6657504587894,-482.9018249511719,324.1099395751953,13.751388549804688,-0.5333678126335144,-0.8458834290504456,-0.0,-2.133373332390564,-2.0281836086581073,-0.0006458101403212235,1548.4427040780186,14.099031448364258
724.5514099779318,-488.7294006347656,314.91844177246094,13.520492553710938,-0.5372945666313171,-0.8433946371078491,-0.0,-2.1380223668716853,-2.151369769450995,-0.00035330586502188566,2830.408716645716,13.449028968811035
735.4295811362093,-494.5871124267578,305.7551727294922,13.283172607421875,-0.5398571491241455,-0.8417566418647766,-0.0,-2.1410637259110357,-2.47840999215605,-0.0004186818426377692,2388.4484545587748,12.450029373168945
746.3108537325005,-500.4843292236328,296.61549377441406,12.981185913085938,-0.5449564456939697,-0.8384643197059631,-0.0,-2.1471335138093246,-2.6143292978949018,-0.0006183844147042983,1617.1170815781059,12.300028800964355
757.195885203911,-506.4479217529297,287.5133972167969,12.714141845703125,-0.5511383414268494,-0.834414005279541,-0.0,-2.1545241245014757,-2.2879678376098056,-0.0004782386445983111,2091.0062607757973,12.100028038024902
768.0754910666478,-512.4590148925781,278.4481201171875,12.483200073242188,-0.5536559224128723,-0.8327455520629883,-0.0,-2.1575443821057654,-2.031608562527898,-5.7728948086560594e-05,17322.331917438867,11.850027084350586
778.9567670318693,-518.4765014648438,269.3845977783203,12.272048950195312,-0.5521854758262634,-0.8337213397026062,-0.0,-2.1557796228238284,-1.8200938661577903,0.0002100865516954098,4759.942946989924,11.550025939941406
789.848927198014,-524.4767913818359,260.2960662841797,12.086929321289062,-0.5498400330543518,-0.8352699875831604,-0.0,-2.1529690326876767,-1.5505433804300917,0.000334931553249318,2985.6846579504413,11.30002498626709
800.7198401837427,-530.4339752197266,251.20401000976562,11.934539794921875,-0.5460965037345886,-0.8377223610877991,-0.0,-2.148493747289261,-1.2222439522043937,0.000865830940058876,1154.959881581502,11.100024223327637
811.5688130941456,-536.2987518310547,242.07757568359375,11.821380615234375,-0.5340526700019836,-0.8454511761665344,-0.0,-2.1341831917759264,-0.8347421478172357,0.0018809898773276268,531.6349715931099,10.900023460388184
822.3995380926592,-541.9676055908203,232.84913635253906,11.753494262695312,-0.5115078091621399,-0.8592786192893982,-0.0,-2.1077349454582017,-0.39837765876916675,0.0025722858045310604,388.7592888156161,10.950023651123047
833.2142030069062,-547.3625030517578,223.47621154785156,11.735076904296875,-0.4861799478530884,-0.8738587498664856,-0.0,-2.0785092454074725,-0.10015399498448652,0.0027274081545166085,366.64846013017615,11.400025367736816
844.0167794531105,-552.4747314453125,213.95986938476562,11.731826782226562,-0.4599866569042206,-0.8879258036613464,-0.0,-2.048776509041964,-0.02875474343883022,0.0027841691750007946,359.17357644034496,12.000027656555176
854.8110042159731,-557.2944488525391,204.30142211914062,11.728866577148438,-0.43278905749320984,-0.9014952182769775,-0.0,-2.01838062807474,-0.026725321063902907,0.002802064706714902,356.87969574849143,12.700030326843262
865.5982795547666,-561.8161773681641,194.50758361816406,11.726058959960938,-0.40548306703567505,-0.9141025543212891,-0.0,-1.9883035565113343,-0.02455029481346349,0.002725722026956673,366.8752683179955,13.450033187866211
876.3771466674771,-566.0448913574219,184.5928497314453,11.72357177734375,-0.379078209400177,-0.9253646731376648,-0.0,-1.9595962683246766,-0.046975554731154556,0.0025788337287212526,387.7721889793425,14.150035858154297
887.1451560199224,-569.9936370849609,174.5749969482422,11.7159423828125,-0.35408881306648254,-0.9352117776870728,-0.0,-1.9327359115673035,-0.12169558230495925,0.0024768363673558225,403.740841817323,15.000039100646973
897.902284040675,-573.6705932617188,164.4658203125,11.6973876953125,-0.3292274475097656,-0.9442505836486816,-0.0,-1.9062816419469522,-0.19917191472303974,0.00232138420695846,430.7774632921393,15.750041961669922
908.6458704440454,-577.0889587402344,154.2805938720703,11.673126220703125,-0.3069859445095062,-0.951714038848877,-0.0,-1.8828207616602066,-0.22785059504387695,0.001965247105092577,508.8418639104893,16.450035095214844
919.3726509486183,-580.2834167480469,144.04054260253906,11.648468017578125,-0.28909698128700256,-0.9572998285293579,-0.0,-1.8640797283383375,-0.22004776837654116,0.0014585505957290523,685.612143266208,17.085996627807617
930.0778932776744,-583.3121490478516,133.772705078125,11.625961303710938,-0.2770785987377167,-0.9608472585678101,-0.0,-1.8515486537081476,-0.15677300366732094,0.0012732441774167824,785.3953057369145,16.08699607849121
940.7595496246222,-586.1952514648438,123.48750305175781,11.614913940429688,-0.26292967796325684,-0.9648149013519287,-0.0,-1.8368538228414053,-0.08139655228840414,0.0016434056217302373,608.4925028716669,15.087995529174805
951.416497632434,-588.9025573730469,113.18017578125,11.60858154296875,-0.24323299527168274,-0.9699679017066956,-0.0,-1.8164938848214693,-0.06687088674240949,0.0021218199526801262,471.29352268408724,14.088995933532715
962.0534585092648,-591.3607635498047,102.83116149902344,11.600677490234375,-0.21909232437610626,-0.9757041335105896,-0.0,-1.7916804221409464,-0.020160006868075175,0.002431271744055191,411.3073754281658,13.089996337890625
972.6743444926823,-593.5447082519531,92.43724060058594,11.604278564453125,-0.19280219078063965,-0.9812376499176025,-0.0,-1.764813447191944,0.08169005421744258,0.0023296998969414284,429.23983527357353,12.090996742248535
983.2762155196015,-595.4741973876953,82.01243591308594,11.617996215820312,-0.17059536278247833,-0.9853412508964539,-0.0,-1.7422301705771044,0.17407551177756053,0.0019418292939176462,514.978326432854,11.091997146606445
993.8550956521547,-597.1829376220703,71.57249450683594,11.641128540039062,-0.15228424966335297,-0.9883367419242859,-0.0,-1.7236753954847461,0.2816619585976565,0.0016877825285903925,592.4933947711754,10.092997550964355
1004.4095976577487,-598.6961212158203,61.12709045410156,11.677490234375,-0.13534541428089142,-0.9907985329627991,-0.0,-1.7065583953114656,0.4191810497637838,0.0016123754600901319,620.202939546165,9.093997955322266
1014.937387096292,-600.031005859375,50.68440246582031,11.729461669921875,-0.11860613524913788,-0.9929413199424744,-0.0,-1.6896823247196462,0.4741789145943587,0.001656049190469272,603.8467973989539,8.094998359680176
1025.436475124626,-601.1833648681641,40.24885559082031,11.777206420898438,-0.10077222436666489,-0.9949095249176025,-0.0,-1.6717398927951996,0.49506802241616743,0.001731559254320364,577.5141667863393,7.095998764038086
1035.9069018828893,-602.1438140869141,29.822723388671875,11.833251953125,-0.08248351514339447,-0.9965924024581909,-0.0,-1.6533736614990289,0.6151314982842826,0.0017032198647247698,587.1232603088469,6.096998691558838
1046.3478986885486,-602.9142913818359,19.410446166992188,11.905792236328125,-0.06527737528085709,-0.9978671669960022,-0.0,-1.6361201498775702,0.8148642871316891,0.0016070052719981132,622.2754943153504,5.09799861907959
1056.7576463806704,-603.5093078613281,9.018173217773438,12.003082275390625,-0.049047552049160004,-0.9987964034080505,-0.0,-1.6198635674892732,1.034514670733122,0.0013291487402409818,752.3612442492288,4.098998546600342
1067.1275863734252,-603.956298828125,-1.341461181640625,12.120681762695312,-0.037677131593227386,-0.9992899894714355,-0.0,-1.6084823773552868,0.9370909169846176,0.0009791229287387515,1021.3222166987154,3.0999982357025146
1077.458191139561,-604.2986755371094,-11.666107177734375,12.197219848632812,-0.02878558821976185,-0.9995855689048767,-0.0,-1.5995858929927402,0.533136733188555,0.000780346793500114,1281.4815263284013,2.7499985694885254
1087.750725956632,-604.5572967529297,-21.955337524414062,12.230789184570312,-0.021585028618574142,-0.9997669458389282,-0.0,-1.5923830334080968,0.16470969424716708,0.0006212088016421813,1609.7646996573044,2.4999988079071045
1098.0048919173903,-604.7494659423828,-32.20770263671875,12.231185913085938,-0.016019068658351898,-0.9998716711997986,-0.0,-1.586816080887633,-0.13883453789786948,0.000489083731862211,2044.6396697605328,2.2999989986419678
1108.2231077862773,-604.8900146484375,-42.42491149902344,12.202468872070312,-0.011569877155125141,-0.9999330639839172,-0.0,-1.5823664621252853,-0.33724357354053547,0.0003833181187234691,2608.7991961616967,2.1499991416931152
1118.4081313408826,-604.9905853271484,-52.60935974121094,12.16241455078125,-0.008195275440812111,-0.9999664425849915,-0.0,-1.5789916937742825,-0.35598335567857964,0.00022939232094254525,4359.343834576159,2.049999237060547
1128.5591405236833,-605.0655822753906,-62.760040283203125,12.130050659179688,-0.006898227147758007,-0.9999762773513794,-0.0,-1.577694608167476,-0.3210371330468864,-1.0798688649393817e-05,92603.83667568144,1.9999991655349731
1138.6752628146774,-605.1416168212891,-72.87582397460938,12.09735107421875,-0.008404473774135113,-0.9999646544456482,-0.0,-1.579200899743882,-0.3841456997907722,-0.000238276712597435,4196.801227862688,1.8999992609024048
1148.7565588071839,-605.2427978515625,-82.95651245117188,12.052505493164062,-0.011704374104738235,-0.9999315142631531,-0.0,-1.5825009680013413,-0.5329411861923372,-0.00031025341800550166,3223.171581569062,1.7999993562698364
1158.8073859123363,-605.3753814697266,-93.00627136230469,11.9901123046875,-0.014651147648692131,-0.9998925924301147,-0.0,-1.5854479997344582,-0.527003667111392,-5.6391568303698625e-05,17733.14752685131,1.6499994993209839
1168.8283387098154,-605.516357421875,-103.02613830566406,11.946670532226562,-0.012850294820964336,-0.9999173879623413,-0.0,-1.5836469758639886,-0.33239897938216467,0.0003628012643195344,2756.3299755186567,1.5499995946884155
1178.814820990017,-605.6186676025391,-113.01206970214844,11.923538208007812,-0.007405482232570648,-0.9999725818634033,-0.0,-1.5782018766957808,-0.30881664527061536,0.00047388574523588023,2110.2132951946937,1.4499996900558472
1188.7675171008418,-605.6710662841797,-122.96455383300781,11.885147094726562,-0.0033969359938055277,-0.999994158744812,-0.0,-1.5741932695651042,-0.5196387108517886,0.00029305200398699327,3412.3636296456916,1.399999737739563
1198.6915400897774,-605.6950378417969,-132.88833618164062,11.820327758789062,-0.0015743542462587357,-0.9999987483024597,-0.0,-1.5723706817110432,-0.6218709385934162,0.000134726743936886,7422.431291507048,1.3499997854232788
1208.5881271875267,-605.7062683105469,-142.7847442626953,11.761871337890625,-0.0007238954422064126,-0.9999997615814209,-0.0,-1.5715202222832467,-0.4661632056849996,8.633466016233493e-05,11582.833570198824,1.3499997854232788
1218.4572954787275,-605.7093048095703,-152.6538543701172,11.728118896484375,0.00013209294411353767,-0.9999999403953552,-0.0,-1.570664233843678,-0.1846223820714421,3.32101104112692e-05,30111.3121159835,1.3499997854232788
1228.2937674155994,-605.7092742919922,-162.49032592773438,11.725387573242188,-6.597475294256583e-05,-1.0,-0.0,-1.5708623015477434,-0.013859847020736282,-7.505817947256466e-05,13322.998333119991,1.3499997854232788
1238.0965644957796,-605.7149963378906,-172.29312133789062,11.725387573242188,-0.0013383016921579838,-0.9999990463256836,-0.0,-1.5721346289643694,-0.0008607334290755553,-9.124945656358019e-05,10958.969375376242,1.3499997854232788
1247.864263412713,-605.7315216064453,-182.06080627441406,11.7252197265625,-0.001854471629485488,-0.9999983310699463,-0.0,-1.5726507993934815,-0.0014073995920016458,7.151482910805473e-06,139831.13886618652,1.2999998331069946
1257.5959954183384,-605.746826171875,-191.7925262451172,11.725112915039062,-0.00120315991807729,-0.9999993443489075,-0.0,-1.5719994869212646,-0.0006265892677492779,5.190334740792779e-05,19266.580094355504,1.2999998331069946
1267.2912666687384,-605.7561950683594,-201.48779296875,11.72509765625,-0.0008450524765066803,-0.9999995827674866,-0.0,-1.571641379422832,-0.0004742374810184913,4.376011085505116e-05,22851.86167174829,1.2999998331069946
1276.9499907494758,-605.7626495361328,-211.14651489257812,11.725021362304688,-0.0003567249805200845,-0.9999999403953552,-0.0,-1.5711530517815477,-0.0001559431288655766,7.813317242799656e-05,12798.661169448196,1.2999998331069946
1286.5732667607656,-605.7604370117188,-220.76979064941406,11.725067138671875,0.0006595597369596362,-0.9999997019767761,-0.0,-1.5701367669570132,0.00031712416272977606,0.00016765391691489495,5964.668278568304,1.2999998331069946
1296.1532646023595,-605.7457427978516,-230.3497772216797,11.725082397460938,0.002857416635379195,-0.9999958872795105,-0.0,-1.5679389061845446,0.000716741101625118,0.0003212245013314019,3113.087562920105,1.2999998331069946
1305.7333463799266,-605.6997375488281,-239.92974853515625,11.725204467773438,0.006814209744334221,-0.9999768137931824,-0.0,-1.5639820645247198,0.002961195012929352,0.00041839881118355127,2390.0641523603676,1.2999998331069946
1315.2692612419785,-605.6149291992188,-249.4652862548828,11.72564697265625,0.010854844003915787,-0.9999410510063171,-0.0,-1.5599412692499302,0.0065871192397315426,0.00040010040964180704,2499.372597231924,1.3499997854232788
1324.7568176186458,-605.4952239990234,-258.95208740234375,11.726455688476562,0.014427341520786285,-0.9998959302902222,-0.0,-1.5563684848644308,0.008140625552999214,0.0004174466158738399,2395.515886280938,1.4499996900558472
1334.1961740015063,-605.3390655517578,-268.39015197753906,11.727188110351562,0.018751002848148346,-0.9998241066932678,-0.0,-1.5520442235049774,0.009245492241927167,0.0005056039224113351,1977.8327573702009,1.5499995946884155
1343.5869816923416,-605.1395111083984,-277.7788391113281,11.728195190429688,0.023941557854413986,-0.9997133016586304,-0.0,-1.546852479748173,0.013209187443352643,0.00035163813315669534,2843.8326384652505,1.699999451637268
1352.9283849189699,-604.9066772460938,-287.1173400878906,11.729660034179688,0.025356173515319824,-0.9996784329414368,-0.0,-1.5454374342219637,0.016382837845885234,-8.267972676639923e-05,12094.863385620147,1.8999992609024048
1362.2190856655895,-604.6824493408203,-296.40533447265625,11.731246948242188,0.022425150498747826,-0.9997485280036926,-0.0,-1.548369296390753,0.01663135076668265,-0.000194019527799294,5154.120367896488,2.1499991416931152
1371.4585466731733,-604.4807434082031,-305.64259338378906,11.732742309570312,0.02174954302608967,-0.9997634887695312,-0.0,-1.5490450694879612,0.016397338691531704,0.00017646399957166325,5666.878243875987,2.349998950958252
1380.6456280385858,-604.2646636962891,-314.82713317871094,11.734268188476562,0.025649765506386757,-0.9996710419654846,-0.0,-1.5451437492304114,0.018165354879240425,0.0005050697388023218,1979.924598870866,2.599998712539673
1389.7795062287832,-604.0061340332031,-323.9573516845703,11.736068725585938,0.030991125851869583,-0.9995197057723999,-0.0,-1.539800239321792,0.022047696262883498,0.0006520604234717675,1533.600206366914,2.8499984741210938
1398.8588679067404,-603.6960906982422,-333.0314178466797,11.73828125,0.03751262277364731,-0.999296247959137,-0.0,-1.5332749040341633,0.023934537481473672,0.0007968549986270834,1254.9334593155831,3.199998140335083
1407.8831319969804,-603.3228149414062,-342.04795837402344,11.740402221679688,0.04539785906672478,-0.9989690184593201,-0.0,-1.525382860830877,0.023236453924768696,0.0008087866103439478,1236.420073243715,3.5499978065490723
1416.850449631624,-602.8855438232422,-351.0046081542969,11.742462158203125,0.052056699991226196,-0.9986441731452942,-0.0,-1.518716088881793,0.02424869184671774,0.000684671529716685,1460.5543776791726,3.99999737739563
1425.7602246921638,-602.3971252441406,-359.90098571777344,11.744735717773438,0.05762820318341255,-0.9983381628990173,-0.0,-1.5131361813517203,0.027332329232399033,0.000582886282574635,1715.6005037259665,4.499999046325684
1434.611184625012,-601.8654479980469,-368.7359619140625,11.747314453125,0.06239725276827812,-0.9980514049530029,-0.0,-1.5083585139192768,0.029844269143830537,0.0004307790503560449,2321.3756545808947,5.05000114440918
1443.402235132697,-601.3037414550781,-377.50904846191406,11.75,0.06522662937641144,-0.9978704452514648,-0.0,-1.5055233553811465,0.030131302499614154,0.00018871805148096277,5298.910158050655,5.650003433227539
1452.1312539015726,-600.7314147949219,-386.2192840576172,11.752593994140625,0.0657133162021637,-0.9978384971618652,-0.0,-1.5050356210583062,0.028764056034835672,-7.024701702867953e-05,14235.479914993874,6.250005722045898
1460.7978986434305,-600.1692352294922,-394.86767578125,11.7550048828125,0.06402283906936646,-0.9979484677314758,-0.0,-1.50672967158265,0.006203961198714136,-0.0002655326572892913,3766.015111694998,6.8000078201293945
1469.4013907585945,-599.6319732666016,-403.4543762207031,11.753692626953125,0.06114557012915611,-0.9981288313865662,-0.0,-1.5096125890807863,-0.025262449494878325,-0.0002615857216075046,3822.8386238161984,7.350009918212891
1477.9414689720072,-599.1174926757812,-411.97894287109375,11.750686645507812,0.059537623077631,-0.9982260465621948,-0.0,-1.5112234724360483,-0.03189732318822358,-8.474653222667605e-05,11799.892853730544,7.850011825561523
1486.4184183688753,-598.6128387451172,-420.44085693359375,11.748260498046875,0.059693027287721634,-0.9982167482376099,-0.0,-1.5110677902974328,-0.02927572142247259,0.00013107509363080583,7629.214462487142,8.350013732910156
1494.8315097774366,-598.1027526855469,-428.8384704589844,11.745742797851562,0.061733100563287735,-0.9980927109718323,-0.0,-1.5090239493719868,-0.03104856309523729,0.000272686701307423,3667.2122080226222,8.950016021728516
1503.1813873233834,-597.5768280029297,-437.17176818847656,11.743057250976562,0.06425153464078903,-0.9979336857795715,-0.0,-1.5065004987994957,-0.03201053360903927,0.0001242233031620299,8050.019396889295,9.500018119812012
1511.4670421188075,-597.0452575683594,-445.4403533935547,11.74041748046875,0.06381826847791672,-0.9979614615440369,-0.0,-1.5069346544015108,-0.034777545971909074,-0.0002879496710495033,3472.8291105707963,10.050020217895508
1519.6891606802096,-596.5364532470703,-453.64671325683594,11.737319946289062,0.05953701213002205,-0.9982261657714844,-0.0,-1.5112240893972708,-0.03838402450973,-0.0006267048177505674,1595.6475388035176,10.55002212524414
1527.8476139382815,-596.0748901367188,-461.79209899902344,11.734130859375,0.0535835325717926,-0.9985633492469788,-0.0,-1.5171871184327932,-0.03971334885519706,-0.000718137302959998,1392.4913743907025,11.00002384185791
1535.9437518319723,-595.6640930175781,-469.8778076171875,11.730865478515625,0.04787931591272354,-0.9988532066345215,-0.0,-1.5228987024338738,-0.03877308864030926,-0.0006748996659248774,1481.7017261811911,11.45002555847168
1543.9778085226112,-595.3000183105469,-477.9036102294922,11.727874755859375,0.04270617291331291,-0.9990876913070679,-0.0,-1.528077162527092,-0.03506518626614774,-0.0006416993143104621,1558.3622698343536,11.850027084350586
1551.9498404424144,-594.9796447753906,-485.86920166015625,11.725250244140625,0.03761729598045349,-0.9992921948432922,-0.0,-1.5331701524554588,-0.030535010357801706,-0.0006136947607205956,1629.4745596749235,12.200028419494629
1559.8589318596898,-594.7008209228516,-493.77337646484375,11.7230224609375,0.03296387568116188,-0.9994565844535828,-0.0,-1.537826479681723,-0.025352761812003077,-0.0006114510230313952,1635.4539649672884,12.500029563903809
1567.7044995814883,-594.4615783691406,-501.61529541015625,11.72125244140625,0.027992187067866325,-0.999608039855957,-0.0,-1.5428004799746173,-0.0206843180286298,-0.0006788288819402633,1473.1252994742197,13.499029159545898
1575.4866853996455,-594.2646484375,-509.3949890136719,11.71978759765625,0.02236507087945938,-0.9997497797012329,-0.0,-1.5484293889764986,-0.016919638454815367,-0.0007675028535811257,1302.9267517821668,14.498028755187988
1583.2009043167977,-594.1158599853516,-517.1077728271484,11.7186279296875,0.016107596457004547,-0.999870240688324,-0.0,-1.5546880333451571,-0.012671820518062038,-0.0007788864877931734,1283.88412903825,15.497028350830078
1590.8907559598438,-594.0141143798828,-524.7969512939453,11.71783447265625,0.010367152281105518,-0.9999462962150574,-0.0,-1.5604289891775294,-0.00785328109287331,-0.0006860840202201901,1457.5474293645004,16.496028900146484
1598.5003459944835,-593.9569091796875,-532.4063262939453,11.717422485351562,0.005601903889328241,-0.9999842643737793,-0.0,-1.5651943933547714,-0.0015738289265376793,-0.0005412886085452984,1847.44327557064,17.49502944946289
1606.0338550379206,-593.9304351806641,-539.9397888183594,11.71759033203125,0.0021576876752078533,-0.9999976754188538,-0.0,-1.5686386374524262,0.007581752218921434,-0.00041234570052922637,2425.1495740504797,17.097036361694336
1613.4950222645718,-593.9270172119141,-547.4009552001953,11.718551635742188,-0.000587513844948262,-0.9999997615814209,-0.0,-1.5713838407123213,0.011807606663682968,-0.0002847576576471833,3511.7580621449233,16.09803581237793
1620.8815953970825,-593.9371337890625,-554.7875213623047,11.719345092773438,-0.0020826635882258415,-0.9999978542327881,-0.0,-1.572878991840856,0.016146796123761575,-6.168860379407448e-05,16210.449556260752,15.099035263061523
1628.1927915875212,-593.9481353759766,-562.0987091064453,11.720916748046875,-0.0015153049025684595,-0.9999988079071045,-0.0,-1.5723116323440602,0.06731863067075405,-1.8621905987614706e-05,53700.195923290165,14.100035667419434
1635.4259016769968,-593.9614410400391,-569.3318023681641,11.72906494140625,-0.0023385584354400635,-0.9999972581863403,-0.0,-1.5731348873791453,0.1571596334874692,-0.000511868204769339,1953.6278883558039,13.450033187866211
1642.5784897340598,-593.9978179931641,-576.4842834472656,11.743453979492188,-0.00881502591073513,-0.9999611377716064,-0.0,-1.5796114669515928,0.23771059366746172,-0.0013526857747718224,739.2699905997642,13.250032424926758
1649.6497308146004,-594.1007690429688,-583.5547485351562,11.7628173828125,-0.021504931151866913,-0.9997687339782715,-0.0,-1.592302916005022,0.23957918387337296,-0.001968471645837744,508.0083333252276,13.6000337600708
1656.6362626575576,-594.3000946044922,-590.5384216308594,11.777191162109375,-0.03645014390349388,-0.9993354678153992,-0.0,-1.6072545470619415,0.15765530335853928,-0.00222212350301082,450.0199915284055,13.28799819946289
1663.53165183724,-594.6039428710938,-597.4271087646484,11.7847900390625,-0.052315182983875275,-0.998630702495575,-0.0,-1.6231353984514914,0.07121288058565822,-0.002528243752386472,395.5314826966645,12.2889986038208
1670.3332291476388,-595.0215911865234,-604.2158508300781,11.787017822265625,-0.07098577916622162,-0.9974772334098816,-0.0,-1.6418418642356283,0.04661829690895125,-0.0028273053297648287,353.6936706030185,11.289999008178711
1677.0401431600405,-595.5623931884766,-610.9009246826172,11.791061401367188,-0.09039366990327835,-0.9959061145782471,-0.0,-1.6613135526881984,0.10071855623712267,-0.002950238350265977,338.9556643482197,10.290999412536621
1683.6509049589213,-596.2241973876953,-617.4784698486328,11.80035400390625,-0.11010319739580154,-0.9939201474189758,-0.0,-1.6811232063096426,0.16876548160550398,-0.003482529987017313,287.14756333124103,9.291999816894531
1690.1643829241143,-597.0205535888672,-623.9430694580078,11.813156127929688,-0.13570888340473175,-0.9907487630844116,-0.0,-1.7069252560959458,0.16880831224966864,-0.004474038226226995,223.51172462898487,8.293000221252441
1696.5816041621804,-597.9890899658203,-630.2867736816406,11.822235107421875,-0.1672910451889038,-0.9859075546264648,-0.0,-1.7388776753417594,0.08844852382714485,-0.0051247610434618784,195.1310493346398,7.294000148773193
1702.9042109473392,-599.1495666503906,-636.5019683837891,11.82452392578125,-0.2000315934419632,-0.9797894954681396,-0.0,-1.7721864830375587,-0.030168011870446154,-0.005052783821671181,197.91070334555803,6.295000076293945
1709.1325089942404,-600.4852447509766,-642.5853576660156,11.818572998046875,-0.22947540879249573,-0.9733144044876099,-0.0,-1.8023350139493615,-0.3068189237494634,-0.0047830955358657,209.06962708596797,5.296000003814697
1715.2668113935626,-601.9761352539062,-648.53564453125,11.7869873046875,-0.2575950026512146,-0.9662529826164246,-0.0,-1.8313287057580983,-0.575310216896352,-0.005170657057871453,193.39901850146273,4.296999931335449
1721.3095968258688,-603.6315307617188,-654.3471374511719,11.748626708984375,-0.29018634557724,-0.95697021484375,-0.0,-1.8652178670778057,-0.4778305265773497,-0.006528779857718492,153.1679765274631,3.297999858856201
1727.2641384127403,-605.4786682128906,-660.0079040527344,11.729385375976562,-0.33226028084754944,-0.9431877136230469,-0.0,-1.9094953283798402,-0.257225415088147,-0.007622239775605055,131.1950331450469,2.6000001430511475
1733.1392134300372,-607.5838165283203,-665.4928588867188,11.718093872070312,-0.3751515746116638,-0.9269634485244751,-0.0,-1.9553566256079096,0.023120713890145694,-0.007021660293976495,142.41645965952614,1.9500001668930054
1738.9431157835288,-609.8623809814453,-670.8307647705078,11.731781005859375,-0.4085052013397217,-0.9127559661865234,-0.0,-1.9916121220027312,0.08888196028973283,-0.0041326328673572665,241.97649104007618,1.28000009059906
1744.688169309187,-612.246337890625,-676.0578460693359,11.728530883789062,-0.4191741347312927,-0.9079059362411499,-0.0,-2.0033317847777865,-0.185343631435253,0.0010045582703007705,995.4624132461666,1.3100000619888306
1750.403318587118,-614.5870971679688,-681.2716217041016,11.710617065429688,-0.3981369435787201,-0.917326033115387,-0.0,-1.9802812944777866,-0.06612157235135196,0.006865449306382498,145.6568908127171,1.790000081062317
1756.1053257001008,-616.7014770507812,-686.5671081542969,11.720916748046875,-0.3468644320964813,-0.9379152655601501,-0.0,-1.9250222338450147,0.28395752706678046,0.010057981161537721,99.42353081988814,2.1989998817443848
1761.772381357143,-618.507568359375,-691.9386138916016,11.742828369140625,-0.2908936142921448,-0.9567553997039795,-0.0,-1.865957038623722,0.6138402302355628,0.009510890873513311,105.14262157973864,3.197999954223633
1767.384245248983,-620.0103912353516,-697.3453063964844,11.789901733398438,-0.244353786110878,-0.9696862697601318,-0.0,-1.8176495182518924,0.44838983925974407,0.00876717379001074,114.061842955525,4.197000026702881
1772.9458684633655,-621.2378997802734,-702.769775390625,11.793319702148438,-0.1959407776594162,-0.9806157946586609,-0.0,-1.768013047103768,-0.16811967339749323,0.009361113465877646,106.82489894445965,5.196000099182129
1778.4842319960617,-622.1784515380859,-708.2276458740234,11.771347045898438,-0.14247868955135345,-0.989797830581665,-0.0,-1.7137615366208874,-0.351146364892041,0.009317121490677871,107.32928630377283,6.195000171661377
1784.010526080504,-622.8264617919922,-713.7157897949219,11.75445556640625,-0.09397555142641068,-0.9955745339393616,-0.0,-1.6649107508368246,-0.2590660834672853,0.007925016929408168,126.182695747841,7.194000244140625
1789.5136166451362,-623.2198638916016,-719.2047882080078,11.742752075195312,-0.0554862841963768,-0.99845951795578,-0.0,-1.6263111179029692,-0.15741718815032169,0.0064414902838190735,155.24357810675968,8.192999839782715
1795.0346049866396,-623.4499359130859,-724.7209777832031,11.73712158203125,-0.02312139794230461,-0.9997326135635376,-0.0,-1.5939197865292036,-0.23019012294085428,0.006701466169054149,149.22107711559795,9.191999435424805
1800.5938930339014,-623.4730529785156,-730.2801818847656,11.717147827148438,0.018802344799041748,-0.999823272228241,-0.0,-1.5519928749363832,0.8237767334275947,0.007943497575212288,125.88913013840445,9.392998695373535
1806.1763025389707,-623.2587432861328,-735.8573455810547,11.829452514648438,0.06535258889198303,-0.9978621602058411,-0.0,-1.5053971236840906,2.4397635259945094,0.009495260109351866,105.31570367567937,8.393999099731445
1811.7319857576938,-622.7301025390625,-741.3855285644531,11.988662719726562,0.1241799145936966,-0.9922597408294678,-0.0,-1.4462950238646874,2.8806071637690778,0.01026110842296124,97.45535850321045,7.3949995040893555
1817.2633293034671,-621.8903045654297,-746.8504028320312,12.148818969726562,0.17822541296482086,-0.9839896559715271,-0.0,-1.3916136268340524,2.9063212801387683,0.0071028954148265044,140.7876565256207,6.395999431610107
1822.7285126678157,-620.8455810546875,-752.2124328613281,12.308242797851562,0.20158366858959198,-0.9794713258743286,-0.0,-1.367821819109556,2.355311044857822,0.0015046842034216468,664.5912795030368,5.396999359130859
1828.1212219125027,-619.7698364257812,-757.4958648681641,12.405364990234375,0.1946793794631958,-0.9808669090270996,-0.0,-1.3748657573289496,2.0783158662961654,-0.004681728498974358,213.59632456667947,4.397999286651611
1833.4383497575864,-618.8378753662109,-762.7291870117188,12.530410766601562,0.15274041891098022,-0.9882663488388062,-0.0,-1.4174556895070922,2.7847982089777235,-0.009046982162530026,110.53409656777148,3.398998975753784
1838.6897639504116,-618.1745452880859,-767.9358062744141,12.699111938476562,0.10028374940156937,-0.9949588179588318,-0.0,-1.4703437166077082,3.093576069626902,-0.010915238315113429,91.6150404719412,2.399998903274536
1843.887503350825,-617.8095703125,-773.118408203125,12.853790283203125,0.039365604519844055,-0.999224841594696,-0.0,-1.5314205467388742,3.133884555818889,-0.01217378812194253,82.14370005319539,2.099999189376831
1849.0576061386316,-617.7692413330078,-778.2855529785156,13.023941040039062,-0.025737136602401733,-0.9996687769889832,-0.0,-1.596536304802924,3.408334070966057,-0.012527452820506102,79.82468697571998,2.4499988555908203
1854.2093729337528,-618.0623779296875,-783.4257659912109,13.205551147460938,-0.08981224149465561,-0.9959588050842285,-0.0,-1.6607297417134252,3.6381019424497563,-0.012940237731730586,77.27833295890022,3.249998092651367
1859.3570445156377,-618.6971282958984,-788.5305023193359,13.398635864257812,-0.15834395587444305,-0.9873839616775513,-0.0,-1.7298095579662554,4.142392098640313,-0.014109059084977449,70.87644852694288,4.248998165130615
1864.4999553118328,-619.6950988769531,-793.5702667236328,13.631790161132812,-0.23295705020427704,-0.9724870324134827,-0.0,-1.8059136150332016,5.095536757774122,-0.014034638713257996,71.2522794801506,5.247998237609863
1869.6174416959643,-621.0527648925781,-798.4958801269531,13.921173095703125,-0.29843538999557495,-0.9544298648834229,-0.0,-1.8738492382575496,5.682345934957778,-0.013798886137728672,72.46961747628438,6.246998310089111
1874.7110301427147,-622.7549133300781,-803.2878265380859,14.212005615234375,-0.36719706654548645,-0.9301431775093079,-0.0,-1.9467901020762994,5.798677845445543,-0.015553016806322595,64.29620776809558,7.245998382568359
1879.7792056146632,-624.8084259033203,-807.9117279052734,14.5103759765625,-0.44487664103507996,-0.8955919146537781,-0.0,-2.031832817093011,6.298347680032035,-0.01623145870843684,61.60875728810601,8.24499797821045
1884.8258046959975,-627.2233276367188,-812.330078125,14.848892211914062,-0.5143032073974609,-0.8576084971427917,-0.0,-2.1109912574935095,6.920706522435771,-0.014982894804706548,66.74277654848593,9.243997573852539
1889.8883439053538,-629.9750823974609,-816.5640716552734,15.210067749023438,-0.5748969912528992,-0.8182258605957031,-0.0,-2.183274537993661,7.23911931381549,-0.012822283686451497,77.98922753960258,10.242997169494629
1894.9699959219308,-633.0099182128906,-820.6228485107422,15.583282470703125,-0.6211512088775635,-0.7836906313896179,-0.0,-2.241007201855911,7.459975997569512,-0.010062108423702698,99.38274940909608,11.241996765136719
1900.0690882817892,-636.2569122314453,-824.5354614257812,15.969589233398438,-0.6555211544036865,-0.7551767230033875,-0.0,-2.2856689076621937,7.696479080310636,-0.007523589144715126,132.9152856123783,12.240996360778809
1905.2152181010838,-639.6839752197266,-828.3533172607422,16.371917724609375,-0.6795690059661865,-0.7336115837097168,-0.0,-2.3179713100610897,7.816254631287611,-0.004932808986336468,202.7242495644833,13.239995956420898
1910.5416799865325,-643.3324890136719,-832.2115936279297,16.78814697265625,-0.6932858228683472,-0.7206627130508423,-0.0,-2.336834895998294,7.725526558416962,-0.003261914009403677,306.5684739441718,13.800034523010254
1916.0902710701055,-647.2021636962891,-836.1654663085938,17.211669921875,-0.705069899559021,-0.7091378569602966,-0.0,-2.3533180060528176,7.65570344730695,-0.0029499840629373386,338.9848821773927,13.800034523010254
1921.8274204650625,-651.2726745605469,-840.1843872070312,17.652236938476562,-0.7168844938278198,-0.6971918940544128,-0.0,-2.370119711665468,7.8285036727811175,-0.0032108133923655635,311.4475610378749,13.75003433227539
1927.8304336501283,-655.6056060791016,-844.3113861083984,18.131561279296875,-0.7313986420631409,-0.6819500923156738,-0.0,-2.3911670253399073,8.310102959891164,-0.0035346052005733597,282.91702842450036,13.550033569335938
1934.1161218403117,-660.23388671875,-848.5295867919922,18.675323486328125,-0.7464928030967712,-0.6653934121131897,-0.0,-2.4135718999214015,8.854924797611496,-0.0030789198411140806,324.78922856210465,13.250032424926758
1940.6474093060906,-665.1251220703125,-852.8171081542969,19.26751708984375,-0.7575749754905701,-0.6527481079101562,-0.0,-2.4303863267000985,8.684367004842542,-0.00234035120129672,427.28629764880134,12.800030708312988
1947.3497926631865,-670.2170715332031,-857.1397399902344,19.823257446289062,-0.7666876912117004,-0.6420203447341919,-0.0,-2.444462183846907,8.16675962318607,-0.0014911978254021352,670.6018362991693,12.250028610229492
1954.2753747415366,-675.524169921875,-861.5543212890625,20.379913330078125,-0.770506739616394,-0.6374319791793823,-0.0,-2.450431968568924,8.013133699966101,-0.0010080967259377127,991.9683044995694,11.700026512145996
1961.5038700073746,-681.0927886962891,-866.1268768310547,20.957290649414062,-0.7758271098136902,-0.6309455037117004,-0.0,-2.4588213137399344,8.020853824688047,-0.0015920427328674769,628.1238432581954,11.30002498626709
1969.0342152666526,-686.9503784179688,-870.8201446533203,21.56390380859375,-0.7854347229003906,-0.6189444065093994,-0.0,-2.4741945775340284,8.181551423498457,-0.002251993321749274,444.0510503926509,11.00002384185791
1976.8297856070465,-693.0964508056641,-875.5716552734375,22.211868286132812,-0.7972057461738586,-0.6037077307701111,-0.0,-2.493448791265717,8.336461851758802,-0.0026195730340164702,381.74159949522243,10.85002326965332
1984.8005089807307,-699.4801940917969,-880.2977600097656,22.878341674804688,-0.8103517293930054,-0.5859436392784119,-0.0,-2.5155485587611532,8.3374364412512,-0.002715240459980617,368.2915066782478,10.70002269744873
1992.9233963210354,-706.0912170410156,-884.9689178466797,23.5535888671875,-0.8228071331977844,-0.5683206915855408,-0.0,-2.5371291861002554,8.271810306838589,-0.003037883359630622,329.1765619735942,10.600022315979004
2001.2181682604526,-712.9580230712891,-889.5715484619141,24.236236572265625,-0.8386280536651611,-0.5447045564651489,-0.0,-2.5655558945858083,8.152367719266373,-0.003814245704636121,262.17503470857287,10.55002212524414
2009.578283924659,-720.0241088867188,-893.9881439208984,24.9112548828125,-0.8572524189949036,-0.5148964524269104,-0.0,-2.600705818790055,7.946314713875791,-0.004492745236666235,222.5810606483516,10.85002326965332
2017.9612389238355,-727.2727355957031,-898.1476898193359,25.566635131835938,-0.8771981596946716,-0.48012852668762207,-0.0,-2.640791431196541,7.662561595312201,-0.004828418871284407,207.1071352046949,10.85002326965332
2026.2937684953029,-734.6414184570312,-901.9872436523438,26.192245483398438,-0.8959715962409973,-0.44411131739616394,-0.0,-2.681410492499344,7.3522476105891466,-0.004929751437617258,202.84998395037522,10.650022506713867
2034.552755288788,-742.0963745117188,-905.4916839599609,26.786712646484375,-0.9134892821311951,-0.40686291456222534,-0.0,-2.722575429735826,7.0747888845203555,-0.004931487159501036,202.77858740307036,10.40002155303955
2042.7361970523464,-749.6190643310547,-908.6625061035156,27.355697631835938,-0.9290023446083069,-0.37007394433021545,-0.0,-2.7625040547793516,6.840862062556696,-0.004807125096061182,208.0245427395619,10.050020217895508
2050.860735387344,-757.2076568603516,-911.5124969482422,27.902450561523438,-0.9425497055053711,-0.33406615257263184,-0.0,-2.8009783901488814,6.653570237682316,-0.004158379972844989,240.47826474016082,9.600018501281738
2058.9170214691653,-764.8247375488281,-914.0821228027344,28.432403564453125,-0.9518062472343445,-0.3067001402378082,-0.0,-2.8298685293315007,6.528864980995208,-0.003061495093945016,326.6377927496231,9.150016784667969
2066.890550661226,-772.4239959716797,-916.4403991699219,28.9490966796875,-0.9578274488449097,-0.28734394907951355,-0.0,-2.8501399639473797,6.434954648319269,-0.002454539322993804,407.408425129771,8.7000150680542
2074.779160517091,-779.9859008789062,-918.6298370361328,29.453201293945312,-0.9630270004272461,-0.26940491795539856,-0.0,-2.868817606177466,6.337102928456417,-0.0024759704289988582,403.8820449096976,8.300013542175293
2082.58424041099,-787.5086517333984,-920.6514434814453,29.943710327148438,-0.9682624936103821,-0.24993543326854706,-0.0,-2.888979079182061,6.220534508454034,-0.002549486168767462,392.2358992374709,8.050012588500977
2090.299978138153,-794.9842224121094,-922.5015106201172,30.418792724609375,-0.9729321599006653,-0.23109108209609985,-0.0,-2.908393691814821,6.060307985469349,-0.0024208470185262676,413.0785598376089,7.80001163482666
2097.9735986695796,-802.4530487060547,-924.2019958496094,30.876434326171875,-0.976901650428772,-0.2136896401643753,-0.0,-2.9262423742942207,5.8459695124915445,-0.0021077852797383445,474.4316271741577,7.65001106262207
2105.5461863322885,-809.8505706787109,-925.7616424560547,31.310317993164062,-0.9798635244369507,-0.19966833293437958,-0.0,-2.940573224305893,5.596488285683776,-0.0016452673608051693,607.803949572436,7.550010681152344
2113.014554669476,-817.1658477783203,-927.2096252441406,31.718475341796875,-0.9818997383117676,-0.18940164148807526,-0.0,-2.951039939059001,5.315181495431487,-0.0010855592864703056,921.1841420946233,7.550010681152344
2120.376788220058,-824.3898620605469,-928.5776062011719,32.098907470703125,-0.9829632043838501,-0.18380238115787506,-0.0,-2.956739304231837,5.0179728337298,-0.0006315397707825632,1583.431552950125,7.300009727478027
2127.6308951542273,-831.5145263671875,-929.8953247070312,32.452239990234375,-0.9836117625236511,-0.18029987812042236,-0.0,-2.9603013496868074,4.7325965752781585,-0.0004925534979217938,2030.2363179213012,7.450010299682617
2134.7761587693385,-838.5376892089844,-931.1689453125,32.780670166015625,-0.9842420816421509,-0.17682652175426483,-0.0,-2.9638314372332224,4.465842599990699,-0.00048326906720105867,2069.2406526072177,7.600010871887207
2141.812028183925,-845.4583435058594,-932.3997497558594,33.08583068847656,-0.9848246574401855,-0.17355239391326904,-0.0,-2.9671569923949317,4.264668162530283,-0.00033418250209213407,2992.3769010631804,8.599010467529297
2148.7408804294832,-852.2770385742188,-933.5955657958984,33.376373291015625,-0.985061526298523,-0.17220239341259003,-0.0,-2.968527615820891,4.230049137948022,0.0003299459345651734,3030.7995802944874,8.293000221252441
2155.5600204603893,-858.9853210449219,-934.7850952148438,33.66729736328125,-0.9840476512908936,-0.17790478467941284,-0.0,-2.9627357848178684,4.303568438711025,0.001639032914726113,610.1158744375203,7.294000148773193
2162.2685859361727,-865.5715179443359,-936.0269012451172,33.958465576171875,-0.9810351729393005,-0.1938294768333435,-0.0,-2.946528483185134,4.368628582037548,0.003082636204340461,324.39766930394336,6.295000076293945
2168.86695059972,-872.0228729248047,-937.3812561035156,34.248565673828125,-0.9759560227394104,-0.21796764433383942,-0.0,-2.921861100429929,4.412317527297471,0.004051421180937986,246.82696647413974,5.296000003814697
2175.355291311504,-878.3289947509766,-938.8808746337891,34.535858154296875,-0.969401478767395,-0.24548079073429108,-0.0,-2.893577031367263,4.423934512071392,0.004579838634001354,218.34830436510623,4.296999931335449
2181.7337922430834,-884.4819641113281,-940.5382080078125,34.81779479980469,-0.9614382386207581,-0.2750210165977478,-0.0,-2.8629810983411423,4.389663782484288,0.004791932231404672,208.6840864414452,3.4300003051757812
2188.0014566380896,-890.4760437011719,-942.3492736816406,35.09104919433594,-0.9527547359466553,-0.303740531206131,-0.0,-2.8329764103129427,4.207534419072312,0.004807656140947414,208.00156472982206,3.2846877574920654
2194.1603026609964,-896.3109741210938,-944.3043975830078,35.340972900390625,-0.9433038234710693,-0.33193066716194153,-0.0,-2.8032431182761974,3.9560308219054097,0.00447883593565751,223.27229984886603,2.9650001525878906
2200.210154187829,-901.9876098632812,-946.3833618164062,35.574249267578125,-0.9347035884857178,-0.35542845726013184,-0.0,-2.7782202732908265,3.7632051701636193,0.003620384511511421,276.21375487061863,2.645312786102295
2206.1517533906062,-907.5161743164062,-948.5489959716797,35.79243469238281,-0.92796790599823,-0.37265998125076294,-0.0,-2.7597187980067646,3.5946241420325986,0.0025471279232682775,392.59904886004995,2.500000238418579
2211.9859864573637,-912.9124908447266,-950.7571411132812,35.997711181640625,-0.9235774874687195,-0.3834117352962494,-0.0,-2.7481051199782223,3.41091490996841,0.0017152970559566882,582.9893991406992,1.9900001287460327
2217.710269851686,-918.1856231689453,-952.9765319824219,36.186920166015625,-0.9203740358352661,-0.3910388648509979,-0.0,-2.7398325382549475,3.243193642481712,0.0015676707207047391,637.8890584563923,1.8000000715255737
2223.3707384646386,-923.3798675537109,-955.2189178466797,36.36701965332031,-0.9165940880775452,-0.39981916546821594,-0.0,-2.7302731247355485,2.9606685222785867,0.0016158241034668896,618.87924425339,1.6140625476837158
2228.9253235731844,-928.4587097167969,-957.4629211425781,36.51942443847656,-0.9131308794021606,-0.4076663553714752,-0.0,-2.7216956742577634,3.013737800245897,0.002409595072064785,415.00748884877936,1.4500000476837158
2234.351067194307,-933.3914642333984,-959.7156982421875,36.69725036621094,-0.9057893753051758,-0.4237281084060669,-0.0,-2.7040353872849496,2.949324294004496,0.005526061567213192,180.96070552907406,1.3400001525878906
2239.656414393266,-938.1522216796875,-962.0528869628906,36.836700439453125,-0.887614369392395,-0.46058738231658936,-0.0,-2.6629358160757395,2.576185442642842,0.009701482133785855,103.07703361298314,1.4200000762939453
2244.8597265515273,-942.7006530761719,-964.5765686035156,36.96807861328125,-0.8581650257110596,-0.5133739709854126,-0.0,-2.6024808684819694,2.2867680906764054,0.011430580757235187,87.48461878168635,1.7700001001358032
2249.989890649436,-947.0303192138672,-967.3263854980469,37.07334899902344,-0.8271372318267822,-0.5619999766349792,-0.0,-2.5447908752041233,1.661028519344443,0.012152227554619865,82.28943998171215,2.320000171661377
2255.0525789258318,-951.1266784667969,-970.3006896972656,37.137908935546875,-0.7882378697395325,-0.6153705716133118,-0.0,-2.478736599769515,0.9559383172583313,0.013487878703350442,74.14064301687381,3.319000244140625
2260.0376975512772,-954.9477691650391,-973.502197265625,37.169891357421875,-0.7436670064926147,-0.6685501933097839,-0.0,-2.40933510609367,0.30244983280645066,0.013779286540659574,72.57269794406444,4.318000316619873
2264.9371710557734,-958.4810638427734,-976.8964080810547,37.16838073730469,-0.697364330291748,-0.7167168259620667,-0.0,-2.3425097822712853,-0.36578487941620885,0.013680239072856648,73.09813773533597,5.317000389099121
2269.7372652371287,-961.715576171875,-980.4429168701172,37.13507080078125,-0.6486843228340149,-0.7610575556755066,-0.0,-2.2766507583345517,-0.7529873345181848,0.013563386285645185,73.72790090468413,6.316000461578369
2274.420713647821,-964.6415252685547,-984.0997009277344,37.09710693359375,-0.5996377468109131,-0.8002716302871704,-0.0,-2.2138446548739608,-0.8853061287846131,0.013799579676773921,72.46597529945788,7.315000534057617
2278.9791353005126,-967.2615966796875,-987.8296508789062,37.053436279296875,-0.5466987490653992,-0.8373293280601501,-0.0,-2.149212895668265,-0.8772671370793184,0.016335673055624222,61.21572074777226,8.314000129699707
2283.415328444481,-969.5386352539062,-991.6367034912109,37.01800537109375,-0.4764701724052429,-0.8791905641555786,-0.0,-2.0674318250418438,-0.686192196106461,0.020115544455332535,49.71279809107552,9.312999725341797
2287.7497373376746,-971.4274749755859,-995.5378265380859,36.99302673339844,-0.39156273007392883,-0.92015141248703,-0.0,-1.97312564856158,-0.5611428302464638,0.023226531344721746,43.054211804521174,10.311999320983887
2292.0066847595876,-972.8911743164062,-999.53515625,36.96977233886719,-0.2929527461528778,-0.956126868724823,-0.0,-1.8681099615796777,-0.5300928331283039,0.02434990915986257,41.067915014991534,11.310998916625977
2296.230712617829,-973.9186248779297,-1003.6322631835938,36.94805908203125,-0.19454877078533173,-0.9808928966522217,-0.0,-1.7665937272790933,-0.49094448271693736,0.02639238863950777,37.889711827866236,12.309998512268066
2300.4817748545493,-974.4998779296875,-1007.8433532714844,36.92817687988281,-0.07344160974025726,-0.9972995519638062,-0.0,-1.6443041148159057,-0.5237254914793432,0.026465388988145544,37.785199395630386,13.308998107910156
2304.76120437272,-974.5634765625,-1012.1222381591797,36.903350830078125,0.029829951003193855,-0.9995550513267517,-0.0,-1.5409619519976732,0.020588427380463514,0.02350039916740898,42.552468699630786,14.307997703552246
2309.047516985263,-974.2088012695312,-1016.3937683105469,36.930023193359375,0.12743419408798218,-0.9918470978736877,-0.0,-1.443014685788553,0.9370542498692735,0.023422882189397032,42.69329418617303,15.306997299194336
2313.3401424555414,-973.4347839355469,-1020.6156921386719,36.98377990722656,0.2287418246269226,-0.9734870791435242,-0.0,-1.3400112724063222,1.3679229579627972,0.02369460298759163,42.20370354057754,16.305997848510742
2317.6370396053558,-972.2398376464844,-1024.7425994873047,37.04753112792969,0.32527679204940796,-0.9456189274787903,-0.0,-1.2394919288430861,1.459500845976791,0.02226535403035268,44.91282728479302,17.30499839782715
2321.929664572534,-970.6612396240234,-1028.7339477539062,37.10914611816406,0.40962544083595276,-0.9122537970542908,-0.0,-1.1487528872589392,1.2270787925834803,0.0203487937020832,49.14296221390388,16.83399772644043
2326.192085991185,-968.7588806152344,-1032.5480499267578,37.15263366699219,0.4841896593570709,-0.8749630451202393,-0.0,-1.065359527358773,1.1006047535843777,0.01905217452647756,52.48744696361354,15.834997177124023
2330.4376829351804,-966.5843658447266,-1036.1941528320312,37.2027587890625,0.5514962673187256,-0.8341773152351379,-0.0,-0.9866394217674415,1.7521943950726815,0.0212410281989327,47.07870026980366,14.835997581481934
2334.673477204431,-964.0824737548828,-1039.6107025146484,37.30113220214844,0.6330891251564026,-0.7740789651870728,-0.0,-0.8852589198203007,2.2716032405067033,0.023641024007361677,42.29935216378977,13.836997985839844
2338.8377114742334,-961.2897186279297,-1042.698226928711,37.393646240234375,0.7052557468414307,-0.7089530229568481,-0.0,-0.7880125353139702,2.1155660828156897,0.023080029152425574,43.32750159871033,12.837998390197754
2342.9370152743354,-958.2660369873047,-1045.4649658203125,37.47608947753906,0.7683730721473694,-0.6400021314620972,-0.0,-0.6945010786492081,1.851300622744212,0.023742747906736916,42.11812398160761,11.838998794555664
2346.9874519139585,-955.0287780761719,-1047.8983764648438,37.544677734375,0.8283693790435791,-0.5601822137832642,-0.0,-0.5946057704867483,1.4746830748281425,0.023752074514228005,42.10158566995815,10.839999198913574
2350.9747344945704,-951.6255645751953,-1049.9754028320312,37.59489440917969,0.8759114742279053,-0.4824717044830322,-0.0,-0.5034744313985006,1.1201957370125193,0.02295942362422032,43.55510035300196,9.840999603271484
2354.8890401435715,-948.1153869628906,-1051.7071533203125,37.633392333984375,0.9158385992050171,-0.40154653787612915,-0.0,-0.4132048881922984,0.764520675066116,0.022501763690888854,44.440960883653226,8.842000007629395
2358.732163380221,-944.5317230224609,-1053.0951385498047,37.654510498046875,0.9464176893234253,-0.3229450583457947,-0.0,-0.32883964536609167,0.24177092940229628,0.02149825588917209,46.51540130302684,7.843000411987305
2362.512636979139,-940.90771484375,-1054.1714935302734,37.65220642089844,0.9690966606140137,-0.24668151140213013,-0.0,-0.24925442983795856,-0.2519843478765438,0.022089230864708043,45.27092890308371,6.844000339508057
2366.2819866331615,-937.2176666259766,-1054.9404296875,37.635528564453125,0.9868916869163513,-0.16138403117656708,-0.0,-0.16209290651698116,-0.6634319054485971,0.02208617224359588,45.27719828364376,5.845000267028809
2370.1053951405547,-933.4218292236328,-1055.3975067138672,37.601593017578125,0.9966665506362915,-0.08158167451620102,-0.0,-0.08167245093868011,-1.1108176475561393,0.02040761967198934,49.00130520231905,4.8460001945495605
2374.0751968371583,-929.4559020996094,-1055.5645599365234,37.54829406738281,0.9999947547912598,-0.003238850273191929,-0.0,-0.0032388559362769593,-1.4245944717825587,0.01794886175215782,55.713839340245606,3.8470001220703125
2378.224593772034,-925.3090667724609,-1055.4329376220703,37.485626220703125,0.9979913234710693,0.063351109623909,-0.0,0.06339356008250267,-1.5097563979906248,0.014330512627803715,69.78117433564967,3.3400001525878906
2382.586277030111,-920.966064453125,-1055.0350952148438,37.4197998046875,0.9930488467216492,0.11770345270633698,-0.0,0.11797693366598187,-1.438802071515921,0.011031629148321342,90.64844245169061,3.0900001525878906
2387.1606474871955,-916.4373931884766,-1054.3931427001953,37.35736083984375,0.9870150089263916,0.1606278419494629,-0.0,0.16132672735344994,-1.2372324055076156,0.007460606597745834,134.03735834324016,2.8500001430511475
2391.8612129968847,-911.8089294433594,-1053.5746459960938,37.30537414550781,0.9826298952102661,0.1855757087469101,-0.0,0.18665772927852856,-0.9377234231669807,0.004148357262705238,241.05927640086557,2.81000018119812
2396.691112284924,-907.0699920654297,-1052.6424255371094,37.2684326171875,0.9799597263336182,0.19919578731060028,-0.0,0.200537190571687,-0.5638311167756704,0.0022715799427126537,440.2222352808017,2.890000104904175
2401.6536602327265,-902.2112121582031,-1051.633056640625,37.250701904296875,0.9782928228378296,0.20722755789756775,-0.0,0.2087401338724006,-0.19160009502692255,0.001207789601186171,827.9587761129085,2.9800002574920654
2406.7868076983805,-897.1917572021484,-1050.5586853027344,37.249664306640625,0.9774906039237976,0.21097876131534576,-0.0,0.21257616047664563,-0.01013559827800492,0.0005352341881971201,1868.341040336744,3.149998188018799
2412.2345774316736,-891.8674621582031,-1049.4053955078125,37.24969482421875,0.9771327376365662,0.21263013780117035,-0.0,0.2142658685657093,0.00015923172371756777,0.00043220567624191464,2313.7132503560156,3.3500001430511475
2417.9963184766166,-886.2394714355469,-1048.171142578125,37.24967956542969,0.9764400720596313,0.2157890349626541,-0.0,0.21749981747462888,-1.0484071921723626e-05,0.00019415667907229928,5150.4795239499545,3.5400002002716064
2423.995557446132,-880.3812713623047,-1046.877944946289,37.24969482421875,0.9766829013824463,0.2146870195865631,-0.0,0.21637136542897542,-0.00023203090195877962,-0.0003684817712360511,2713.8384529730115,3.7700002193450928
2430.213799817189,-874.3057556152344,-1045.5533142089844,37.24964904785156,0.9774185419082642,0.21131235361099243,-0.0,0.21291744740068022,-3.203739469270772e-05,-0.0006594545696005372,1516.40468668789,3.9000003337860107
2436.71496959647,-867.947998046875,-1044.195327758789,37.24969482421875,0.9784618020057678,0.2064283937215805,-0.0,0.20792330018111774,3.074608065922746e-05,-0.0006226852386352344,1605.9478175389902,4.100430011749268
2443.5129788811514,-861.2939453125,-1042.8037414550781,37.24964904785156,0.9791170358657837,0.20329752564430237,-0.0,0.20472460140604243,-0.0003450285277040166,-0.0002446546708236297,4087.3938626779577,4.28000020980835
2450.656282475969,-854.2997283935547,-1041.3519439697266,37.24964904785156,0.9791276454925537,0.20324645936489105,-0.0,0.20467244463423315,0.0,-0.0002621218449638252,3815.0196910830064,4.510000228881836
2458.147099358904,-846.96240234375,-1039.8433074951172,37.24964904785156,0.9799258708953857,0.19936245679855347,-0.0,0.20070726380805176,9.594988168437624e-05,-0.0012297915387349811,813.1459426275163,4.630000114440918
2465.9409111494333,-839.3146362304688,-1038.3415832519531,37.249664306640625,0.9828547835350037,0.18438145518302917,-0.0,0.18544248585477974,-0.011027658018436526,-0.0021546831248131504,464.10536588145317,4.624687671661377
2474.020521777718,-831.3592071533203,-1036.9304656982422,37.247833251953125,0.9861889481544495,0.16562420129776,-0.0,0.1663909191545789,-0.10188620108642077,-0.002236781533040022,447.0709299181733,4.700000286102295
2482.361400949405,-823.1220245361328,-1035.6194152832031,37.232513427734375,0.9889529943466187,0.14822953939437866,-0.0,0.14877779257838625,-0.2740114672938443,-0.0015192981428542307,658.1986588368687,4.510000228881836
2490.996718350556,-814.5767059326172,-1034.3763427734375,37.200775146484375,0.9900825023651123,0.14048773050308228,-0.0,0.1409540019474981,-0.45763826907845306,-0.0009030222171118041,1107.3924661547824,4.110000133514404
2499.9467445532673,-805.7105865478516,-1033.1546783447266,37.151458740234375,0.9911818504333496,0.13250888884067535,-0.0,0.13289975935953752,-0.6406200204059243,-0.0010203804371565206,980.0266288784264,3.81000018119812
2509.1988523632326,-796.5346069335938,-1031.972183227539,37.0836181640625,0.9925298094749451,0.12200218439102173,-0.0,0.12230689006136368,-0.802274615718912,-0.0011764030395015612,850.0488067624318,3.190000295639038
2518.7550949608835,-787.0436859130859,-1030.859878540039,37.00013732910156,0.9938730001449585,0.11052779853343964,-0.0,0.11075409023828595,-0.8829860203153572,-0.00131732373679172,759.114841758984,2.830000162124634
2528.5990713618635,-777.2532043457031,-1029.8387908935547,36.912261962890625,0.9953294396400452,0.09653662890195847,-0.0,0.09668720317487452,-0.8781030398757883,-0.0016053737014598557,622.9079242363596,2.7200002670288086
2538.565480495512,-767.3257751464844,-1028.96240234375,36.82621765136719,0.9968883991241455,0.0788256973028183,-0.0,0.0789075580013115,-0.8411575810668648,-0.0018730561117514255,533.8868353841984,2.7700002193450928
2548.554515404665,-757.3610076904297,-1028.2713623046875,36.744415283203125,0.9982419013977051,0.05927073955535889,-0.0,0.05930550029745487,-0.7959254130600613,-0.001939920520045213,515.485036457418,3.070000171661377
2558.5030357732576,-747.4251861572266,-1027.7747802734375,36.667510986328125,0.9991909861564636,0.040217623114585876,-0.0,0.04022847103645084,-0.7574232711743845,-0.0019567391139934665,511.05433159105286,3.31000018119812
2568.4082964742424,-737.5247497558594,-1027.4745330810547,36.594024658203125,0.9997907876968384,0.020458785817027092,-0.0,0.020460211444617144,-0.7620055005883142,-0.00211062758360403,473.7927277025522,3.8400001525878906
2578.271450694867,-727.662353515625,-1027.379653930664,36.51689147949219,0.9999988675117493,-0.001485635177232325,-0.0,-0.0014856357667086646,-0.8342540211312421,-0.0022883126718758473,437.00321738822896,4.420000076293945
2588.093799405463,-717.8412322998047,-1027.5082397460938,36.429840087890625,0.9996978640556335,-0.024578744545578957,-0.0,-0.024581220759010432,-0.9557891707844934,-0.00244152254045521,409.58049062842355,5.030625343322754
2597.878281767711,-708.0639801025391,-1027.8706970214844,36.32954406738281,0.9987825751304626,-0.04932931065559387,-0.0,-0.049349338433736886,-1.113388347739841,-0.0025300881189039837,395.2431508327042,5.780000686645508
2607.6262180338363,-698.3352508544922,-1028.4710083007812,36.212432861328125,0.9972632527351379,-0.07393253594636917,-0.0,-0.0740000543800152,-1.3088262411768303,-0.0023651939515713094,422.798307654919,6.5293755531311035
2617.3354571662494,-688.6619720458984,-1029.2944793701172,36.07496643066406,0.9954546093940735,-0.09523741155862808,-0.0,-0.09538197010575582,-1.5391742312837353,-0.0021367588416078,467.99853148030127,6.87000036239624
2627.008223665308,-679.0449371337891,-1030.3187866210938,35.91419982910156,0.993346631526947,-0.1151634082198143,-0.0,-0.11541949265743197,-1.803736006197565,-0.001916548514965255,521.771294695417,7.010000705718994
2636.642753991653,-669.4859161376953,-1031.5079803466797,35.72682189941406,0.9912483096122742,-0.13201071321964264,-0.0,-0.13239717029915857,-2.0481879177780327,-0.0015790002659442082,633.3121162598547,6.950000286102295
2646.236762891831,-659.9872589111328,-1032.8413696289062,35.52044677734375,0.9893906116485596,-0.14528021216392517,-0.0,-0.14579617456807764,-2.213226065764329,-0.0012578550961169777,795.0041328981524,7.030000686645508
2655.7932663035294,-650.5426635742188,-1034.2832794189453,35.30302429199219,0.987779438495636,-0.155858114361763,-0.0,-0.15649612694134812,-2.367597831828694,-0.0007190740184945255,1390.67741884713,6.680000305175781
2665.3107319407386,-641.1472778320312,-1035.7846374511719,35.06892395019531,0.9873000383377075,-0.1588670164346695,-0.0,-0.15954298156036056,-2.612924952627349,0.00016924751380092973,5908.506290829228,5.9000043869018555
2674.786614854443,-631.7912292480469,-1037.2638397216797,34.80686950683594,0.9882692098617554,-0.15272216498851776,-0.0,-0.15332216055760403,-3.00081985357461,0.0012371548424837675,808.3062569535396,5.950004577636719
2684.2273821170947,-622.4549865722656,-1038.631088256836,34.501434326171875,0.9907417297363281,-0.1357603371143341,-0.0,-0.13618086148655822,-3.4820599520746898,0.002015170128227217,496.2360179880786,6.150005340576172
2693.6340922049994,-613.1296234130859,-1039.8146514892578,34.1507568359375,0.9933539628982544,-0.11509918421506882,-0.0,-0.11535485165480269,-3.9796901270129137,0.0023430237132276988,426.79892412288973,6.500006675720215
2703.012261773889,-603.81005859375,-1040.7833404541016,33.753997802734375,0.9957548975944519,-0.09204433113336563,-0.0,-0.09217479933951951,-4.468614130321269,0.002618540797919122,381.8920831001261,7.050008773803711
2712.365463921956,-594.4963836669922,-1041.520980834961,33.3138427734375,0.9978021383285522,-0.06626472622156143,-0.0,-0.06631331316169287,-4.878131310023903,0.003310248999876364,302.0920782809237,7.850011825561523
2721.707240214738,-585.1774139404297,-1041.9715576171875,32.842071533203125,0.9995409250259399,-0.03029758110642433,-0.0,-0.03030221820238333,-5.1522486574265836,0.003967080598916262,252.07453568580956,8.849011421203613
2731.040052598432,-575.8580322265625,-1042.071792602539,32.35169982910156,0.9999698996543884,0.007768196519464254,-0.0,0.007768274086494963,-5.40052325225,0.004028971484978883,248.20230267905242,9.700018882751465
2740.3656277064288,-566.5502014160156,-1041.8206329345703,31.834442138671875,0.998993456363678,0.04485756531357765,-0.0,0.04487261984090206,-5.688755566569048,0.003974333138862696,251.61453885724393,10.300021171569824
2749.687907716992,-557.2622833251953,-1041.2341003417969,31.290878295898438,0.9966496229171753,0.08178962767124176,-0.0,0.0818810919067883,-5.951914123614355,0.003843492880728605,260.1800057999409,10.750022888183594
2759.0294419017937,-547.9833984375,-1040.3150329589844,30.723541259765625,0.9932096600532532,0.11633794009685516,-0.0,0.11660198426752895,-6.315260148243262,0.003439483383736286,290.7413377045326,10.950023651123047
2768.4466055704374,-538.6668548583984,-1039.088882446289,30.105850219726562,0.9893085956573486,0.1458372324705124,-0.0,0.14635920052696538,-6.982333846727218,0.0029039094243353825,344.36335776170773,10.950023651123047
2777.950696076991,-529.3092956542969,-1037.5829162597656,29.401657104492188,0.9853294491767883,0.17066338658332825,-0.0,0.17150288374849088,-7.727059024202387,0.00313984084143093,318.48748089545415,10.095000267028809
2787.5497195164126,-519.9112091064453,-1035.7883605957031,28.629135131835938,0.9787680506706238,0.20497117936611176,-0.0,0.20643425282112093,-8.260714322984164,0.0038347678684455544,260.7719774196804,9.096000671386719
2797.2575780307147,-510.4847412109375,-1033.6187591552734,27.806304931640625,0.9699957370758057,0.24312201142311096,-0.0,0.2455831367789853,-8.619635489540522,0.004007575371883509,249.52743422265635,8.097001075744629
2807.0699707491826,-501.05035400390625,-1031.062255859375,26.946258544921875,0.9597577452659607,0.2808290719985962,-0.0,0.28465784980427256,-8.626078845790497,0.003732447696761787,267.92070009918274,7.098001480102539
2816.9676248646215,-491.63356018066406,-1028.1327362060547,26.106338500976562,0.9495159387588501,0.31371885538101196,-0.0,0.3191070856407762,-8.200724143681715,0.0031171802690526107,320.80274917944513,6.099001407623291
2826.934804975496,-482.2439422607422,-1024.8834838867188,25.317596435546875,0.9405571222305298,0.33963558077812195,-0.0,0.34652941497683987,-7.852465095465222,0.0026078252049108186,383.4612834161167,5.100001335144043
2836.9667224735263,-472.8804168701172,-1021.3688201904297,24.535995483398438,0.9318772554397583,0.3627736568450928,-0.0,0.37124260463176667,-7.827483894700515,0.002519021546552147,396.97953412456,4.410000324249268
2847.0430896930284,-463.5675506591797,-1017.6037445068359,23.74359130859375,0.9221525192260742,0.38682636618614197,-0.0,0.3971875681137794,-7.952874064090953,0.0024303668288178093,411.4605203389913,4.600000381469727
2857.1232174008173,-454.34832763671875,-1013.6090240478516,22.932968139648438,0.9129955172538757,0.40796974301338196,-0.0,0.4202291945583738,-8.162586679377037,0.0020287185045347877,492.9220085313479,3.9300003051757812
2867.193008316912,-445.22364807128906,-1009.4322814941406,22.098861694335938,0.905571460723877,0.42419376969337463,-0.0,0.43807139392612277,-8.36455853553748,0.0013901243171469124,719.360123166824,3.4300003051757812
2877.2497181541494,-436.17271423339844,-1005.1315155029297,21.249496459960938,0.901220977306366,0.4333598017692566,-0.0,0.4482175130602819,-8.431825751298971,0.0007212613505065413,1386.4599833301768,3.2016801834106445
2887.290201403722,-427.1658477783203,-1000.7756805419922,20.404296875,0.899323582649231,0.4372836649417877,-0.0,0.45257604950227404,-8.39090740061732,0.0003845871293032821,2600.191019942866,2.871840238571167
2897.314845262424,-418.1894073486328,-996.3923034667969,19.565841674804688,0.8978493809700012,0.4403027892112732,-0.0,0.4559358698464738,-8.324256005460972,0.000422019656994288,2369.557871124318,2.4781601428985596
2907.32587330687,-409.24261474609375,-991.9778137207031,18.736465454101562,0.895595133304596,0.4448700249195099,-0.0,0.46102913305625215,-8.232977107183704,0.0006010722037108063,1663.6936358499947,2.148320198059082
2917.3227715121757,-400.3357696533203,-987.5127105712891,17.9185791015625,0.892490565776825,0.4510660767555237,-0.0,0.4679594714452484,-8.117725319831203,0.0006891626790679894,1451.0362072310431,2.010000228881836
2927.3075156960185,-391.4683380126953,-982.9941864013672,17.114395141601562,0.8893842101097107,0.45716041326522827,-0.0,0.4747998345242716,-7.9789123457989275,0.0006922058435987477,1444.6569748689842,1.8900001049041748
2937.2773194225133,-382.64537048339844,-978.4191131591797,16.326400756835938,0.8861753344535828,0.4633501470088959,-0.0,0.48177191339119707,-7.817917451272316,0.0008429365760589946,1186.3288750327201,1.880000114440918
2947.2336362692695,-373.8707580566406,-973.7778015136719,15.556564331054688,0.8815823197364807,0.4720303416252136,-0.0,0.4915924191041287,-7.636242795073766,0.0012350514844198246,809.6828453024029,2.0200002193450928
2957.1759052395246,-365.1620178222656,-969.0402374267578,14.806869506835938,0.8745250701904297,0.48498037457466125,-0.0,0.5063407090774538,-7.436087247415535,0.0017008168469282992,587.9527838673606,2.180000066757202
2967.1034801046703,-356.54713439941406,-964.1606140136719,14.078994750976562,0.8651328682899475,0.5015426278114319,-0.0,0.525380999262736,-7.217836040580073,0.0020698807178727296,483.1196268293789,2.4800002574920654
2977.018298180355,-348.0465393066406,-959.1061706542969,13.374649047851562,0.8538763523101807,0.5204759240150452,-0.0,0.547408221040562,-6.978186378425599,0.002202184548093733,454.09454937172524,3.0900001525878906
2986.919194786661,-339.66676330566406,-953.8767547607422,12.696182250976562,0.8424296975135803,0.5388062000274658,-0.0,0.5690194014448866,-6.712763962558032,0.002031852584359728,492.1616891390363,3.7700002193450928
2996.804301388984,-331.4085693359375,-948.4827423095703,12.046417236328125,0.8322651386260986,0.5543778538703918,-0.0,0.5876152243305577,-6.422011622899982,0.0019165077570562628,521.7823910799037,4.720000267028809
3006.6725832234956,-323.26226806640625,-942.9476013183594,11.427566528320312,0.8214337825775146,0.5703038573265076,-0.0,0.6068757363988088,-6.07594909340794,0.001975599459205446,506.1754776963665,4.596999645233154
3016.5218938644803,-315.24180603027344,-937.2602844238281,10.848312377929688,0.810044527053833,0.5863685011863708,-0.0,0.6265683856836042,-5.6118352035137935,0.0017948423179475759,557.1520071710323,5.595999717712402
3026.3516430120494,-307.3388214111328,-931.4386901855469,10.323104858398438,0.8007771968841553,0.5989621877670288,-0.0,0.642204540397372,-5.100489258821883,0.0012038455831570594,830.6713203013308,6.59499979019165
3036.15297996773,-299.5244140625,-925.5417022705078,9.846893310546875,0.7959487438201904,0.6053640246391296,-0.0,0.6502231328182866,-4.6145058867698765,0.001513569390422409,660.6898939208321,7.593999862670898
3045.929295353304,-291.8115692138672,-919.549560546875,9.419570922851562,0.7827014327049255,0.6223973631858826,-0.0,0.6718019172746948,-3.9836846825650305,0.003202505983322168,312.2554665651662,8.592999458312988
3055.688979712752,-284.29823303222656,-913.3303985595703,9.068511962890625,0.7565637230873108,0.6539199948310852,-0.0,0.7127542128349962,-3.3260741983311695,0.003770997293955136,265.1818397226082,9.591999053955078
3065.431210818949,-277.0488739013672,-906.8289184570312,8.770828247070312,0.7348448634147644,0.6782352328300476,-0.0,0.745358412175666,-2.9329463589496507,0.003590218121329203,278.5346088191909,10.590998649597168
3075.175269543143,-270.0134582519531,-900.0928497314453,8.496994018554688,0.7090014219284058,0.7052070498466492,-0.0,0.7827151339483261,-2.769601613900857,0.003877574508225512,257.8931746839929,11.394001007080078
3084.9797208430364,-263.19908142089844,-893.0487060546875,8.229461669921875,0.6813693642616272,0.7319398522377014,-0.0,0.8211645206432612,-2.3011903760657706,0.004264997126710857,234.4667464691107,10.395001411437988
3094.872671557127,-256.6160583496094,-885.6662902832031,8.044479370117188,0.6472800970077515,0.7622522115707397,-0.0,0.8667855476063928,-1.4792947874853468,0.004398262990458979,227.36248427373948,9.396001815795898
3104.853806177753,-250.31503295898438,-877.9262390136719,7.9361572265625,0.6148991584777832,0.7886056900024414,-0.0,0.9085382045244526,-0.7981145742375795,0.004228900742706876,236.46807074500177,8.397002220153809
3114.922428494661,-244.29945373535156,-869.8523712158203,7.8849639892578125,0.5803954601287842,0.8143346309661865,-0.0,0.9515820186526059,-0.09923721963064902,0.004330478705833751,230.9213525638314,7.398002624511719
3125.072673937948,-238.58839416503906,-861.4612884521484,7.9167633056640625,0.5435760021209717,0.8393599390983582,-0.0,0.9961046668305378,0.762512916479402,0.0042418345801299995,235.74705262772247,6.399002552032471
3135.298492430113,-233.20816040039062,-852.7661743164062,8.041015625,0.5079509615898132,0.8613860011100769,-0.0,1.0379919852242347,1.7417569545608802,0.004119734341356318,242.7340981580806,5.400002479553223
3145.5978599897994,-228.1743621826172,-843.7837982177734,8.275039672851562,0.4707404673099518,0.8822717070579529,-0.0,1.0806664503488346,2.7177578458447202,0.003994264954694737,250.3589549873577,4.498998165130615
3155.963722334541,-223.4785919189453,-834.5483703613281,8.603240966796875,0.43521931767463684,0.9003245234489441,-0.0,1.120514490532912,3.435931132176673,0.003588469287892748,278.67035211195264,3.499997854232788
3166.389010998814,-219.10687255859375,-825.0918731689453,8.989730834960938,0.4036949574947357,0.914893627166748,-0.0,1.1552443805007635,3.9023680097139968,0.0032585027467725847,306.8894144681816,2.699998617172241
3176.871006382432,-215.04425048828125,-815.4387512207031,9.419342041015625,0.3729289472103119,0.9278599619865417,-0.0,1.1886326530168834,4.293289594311162,0.0027031072829916125,369.9446212483542,2.1999990940093994
3187.403062744326,-211.23680114746094,-805.6303863525391,9.892120361328125,0.35114818811416626,0.936319887638092,-0.0,1.211999223717429,4.6917118368030195,0.0015577268785763043,641.961061180351,2.049999237060547
3197.9769929955646,-207.58642578125,-795.7200469970703,10.409744262695312,0.3422794044017792,0.9395982027053833,-0.0,1.2214545577833213,5.106200060362531,0.0006016823826537898,1662.0064486338858,2.099999189376831
3208.5889585109367,-203.97329711914062,-785.7580871582031,10.974075317382812,0.3392055332660675,0.9407123327255249,-0.0,1.2247241110647469,5.434375012550607,0.0005157076751750589,1939.0830273382032,2.1499991416931152
3219.23715129955,-200.40322875976562,-775.7436370849609,11.565185546875,0.3319430649280548,0.9432994723320007,-0.0,1.2324336523457067,5.55307220940513,0.0009423023568633226,1061.2304985936125,2.2999989986419678
3229.921834934855,-196.92298889160156,-765.6590881347656,12.158706665039062,0.3202129304409027,0.9473456144332886,-0.0,1.244842088458215,5.491488045879544,0.0012760336246432913,783.6784083801435,2.5499987602233887
3240.6414335306476,-193.5702667236328,-755.4939270019531,12.740554809570312,0.3060508668422699,0.9520151615142822,-0.0,1.2597542590652562,5.3016282253423475,0.0013318910469634626,750.8121646135164,2.949998378753662
3251.3420070930756,-190.37022399902344,-745.2980804443359,13.29437255859375,0.29305699467658997,0.9560949802398682,-0.0,1.2733736753714247,4.982812566942208,0.001228036023310397,814.3083598674215,2.949998378753662
3261.981451621608,-187.3197021484375,-735.1180877685547,13.804122924804688,0.28099459409713745,0.9597093462944031,-0.0,1.2859660240258037,4.558129277515455,0.0013271077787616603,753.5183019823089,2.699998617172241
3272.560646746975,-184.4272918701172,-724.9522705078125,14.261825561523438,0.2660379111766815,0.9639625549316406,-0.0,1.3015158479341709,4.053972231607972,0.0015069343856600192,663.598899538026,2.899998426437378
3283.0803599886553,-181.71224975585938,-714.7967529296875,14.6597900390625,0.25034835934638977,0.9681559205055237,-0.0,1.3177562951804258,3.389729525775398,0.001449565150687837,689.8620593393041,3.699997663497925
3293.5432948991006,-179.16859436035156,-704.6525726318359,14.973526000976562,0.23658940196037292,0.9716097116470337,-0.0,1.331942236807893,2.4817739656698867,0.0010710315393304137,933.6793206156925,4.44999885559082
3303.9494510896593,-176.75245666503906,-694.5328674316406,15.178298950195312,0.22861652076244354,0.973516583442688,-0.0,1.3401400029690385,1.3270553177494038,0.0007254661341241087,1378.4240958502492,5.150001525878906
3314.309964561077,-174.41586303710938,-684.4395294189453,15.24969482421875,0.22191977500915527,0.9750649333000183,-0.0,1.3470134282786894,0.34400078586341865,0.0008280049293007963,1207.7222787120893,5.750003814697266
3324.632608485528,-172.1760711669922,-674.3628082275391,15.249710083007812,0.211923748254776,0.977286159992218,-0.0,1.3572533169048688,-0.0001493011872133465,0.0010386671487541688,962.7723387607396,6.250005722045898
3334.9140211737827,-170.0521697998047,-664.3031616210938,15.249664306640625,0.2010071724653244,0.9795897006988525,-0.0,1.3684103430220322,1.7555388365231295e-06,0.0010527915904389729,949.8556115774435,6.8000078201293945
3345.1550539223886,-168.04702758789062,-654.2603454589844,15.249710083007812,0.19075827300548553,0.9816370606422424,-0.0,1.3788617841903885,-7.669399434417912e-05,0.0008870991686490415,1127.2696845414641,7.300009727478027
3355.3560046448124,-166.14100646972656,-644.2390441894531,15.249649047851562,0.1832006722688675,0.9830755591392517,-0.0,1.3865550862389422,2.356867045971711e-06,0.0007029389280652221,1422.5986925385005,7.65001106262207
3365.516930586841,-164.3125457763672,-634.2439880371094,15.249710083007812,0.17668485641479492,0.9842674732208252,-0.0,1.3931790333254008,7.304446307809798e-05,0.0006233947701227982,1604.119970084152,7.900012016296387
3375.6355315207857,-162.55528259277344,-624.2791442871094,15.249664306640625,0.1707558035850525,0.9853134155273438,-0.0,1.3991996455046842,-0.00022577200402551512,0.0006810141029062744,1468.3983719756043,7.900012016296387
3385.715994331604,-160.87095642089844,-614.3403930664062,15.249664306640625,0.1631355881690979,0.9866036176681519,-0.0,1.406928332468193,7.615760642121217e-05,0.0008296528503500822,1205.3234067454089,7.900012016296387
3395.754692392462,-159.2756805419922,-604.4292602539062,15.249679565429688,0.15429119765758514,0.9880254864692688,-0.0,1.4158863171095617,7.585255410447189e-05,0.0010282936886649163,972.4848173466363,7.750011444091797
3405.754556018445,-157.79183959960938,-594.5401000976562,15.249679565429688,0.14278334379196167,0.9897539615631104,-0.0,1.4275233204435025,-0.00015351259375906423,0.001265265658033199,790.3478559233616,7.600010871887207
3415.7142993689954,-156.43263244628906,-584.6735382080078,15.249649047851562,0.12930090725421906,0.9916054010391235,-0.0,1.4411323903266287,1.27308431574491e-06,0.001349401698923336,741.0691722100858,7.350009918212891
3425.632832711186,-155.2183074951172,-574.8296203613281,15.249679565429688,0.11618483066558838,0.9932276010513306,-0.0,1.4543484995185059,0.00015352165760873504,0.0012853060914036485,778.0247885606195,7.100008964538574
3435.5102501771835,-154.12969970703125,-565.0123748779297,15.249679565429688,0.10402766615152359,0.9945744276046753,-0.0,1.4665801164956616,0.0,0.0012988389796276256,769.9183776319201,6.750007629394531
3445.342553978526,-153.17092895507812,-555.2269287109375,15.249679565429688,0.09072858095169067,0.9958756566047668,-0.0,1.479942807726879,0.00015563150781439106,0.0015006882252757703,666.3609290438975,6.450006484985352
3455.1562664493176,-152.35780334472656,-545.4469604492188,15.249710083007812,0.07466936111450195,0.997208297252655,-0.0,1.4960574006548348,-0.09044073404319564,0.0015181184900402434,658.7101116023501,6.100005149841309
3464.9343518894448,-151.6946258544922,-535.69140625,15.232025146484375,0.06106402352452278,0.9981338977813721,-0.0,1.509694292884124,-0.5048023640848442,0.0014195454862887535,704.4508327904241,5.800004005432129
3474.6571288628265,-151.16864013671875,-525.9832000732422,15.151626586914062,0.047041941434144974,0.9988928437232971,-0.0,1.5237370145056408,-1.118813971245547,0.0014123196545591243,708.0550049501111,5.650003433227539
3484.3260973025754,-150.7786865234375,-516.3230590820312,15.015380859375,0.03370487317442894,0.999431848526001,-0.0,1.5370850694423956,-1.6538986680466494,0.0011934742294898437,837.8898976540572,5.650003433227539
3493.940664788881,-150.5020751953125,-506.7142028808594,14.832962036132812,0.024022305384278297,0.9997113943099976,-0.0,1.5467717096965103,-2.095689568102299,0.0006656680938912363,1502.2501591662442,5.750003814697266
3503.5007875053966,-150.29119873046875,-497.15892028808594,14.613754272460938,0.020908638834953308,0.9997814297676086,-0.0,1.549886165038483,-2.4446083882295744,0.00030283766790162314,3302.099130960321,5.850004196166992
3513.006188160616,-150.10382080078125,-487.6585693359375,14.367050170898438,0.018247341737151146,0.9998334646224976,-0.0,1.552547971575933,-2.702611733039928,0.0006019335328857345,1661.3129944861053,5.9000043869018555
3522.4578975755535,-149.96929931640625,-478.2115478515625,14.101531982421875,0.009533566422760487,0.9999545812606812,-0.0,1.5612626162052585,-2.8718815179180623,0.0011011854484431205,908.1122543108623,5.9000043869018555
3531.857453098671,-149.93528747558594,-468.81610107421875,13.825729370117188,-0.0024917435366660357,0.9999967813491821,-0.0,1.5732880731947096,-2.9527914495074747,0.0010768843797368532,928.6047962218184,6.050004959106445
3541.2024323848486,-149.9988250732422,-459.4754638671875,13.548065185546875,-0.010673820972442627,0.9999430775642395,-0.0,1.5814703499825433,-2.948011108375237,0.0007264481902968245,1376.560659599693,6.300005912780762
3550.5010508277587,-150.12319946289062,-450.18165588378906,13.276092529296875,-0.016048459336161613,0.9998712539672852,-0.0,1.5868454744767622,-2.8603640322843904,0.0004963086190797883,2014.8753448088648,6.700007438659668
3559.7450469920977,-150.28997802734375,-440.9427795410156,13.017608642578125,-0.01988447643816471,0.99980229139328,-0.0,1.5906821136860974,-2.6838595010595268,0.0004480391403587358,2231.9478588395655,7.200009346008301
3568.927990765356,-150.49240112304688,-431.7651062011719,12.781402587890625,-0.024298731237649918,0.9997047781944275,-0.0,1.595097448904385,-2.4253159214608466,0.0006159738390117409,1623.4455697085853,7.95001220703125
3578.05172058754,-150.74342346191406,-422.64720153808594,12.573440551757812,-0.03114122897386551,0.9995149970054626,-0.0,1.601942591219567,-1.9276335512252607,0.0007588596856925034,1317.7666686660816,8.900015830993652
3587.1121270080976,-151.05746459960938,-413.59336853027344,12.430435180664062,-0.03809002786874771,0.9992743134498596,-0.0,1.60889557109843,-1.3037537306379687,0.0006685968858818891,1495.66954485734,9.899015426635742
3596.112153031554,-151.41604614257812,-404.60096740722656,12.337646484375,-0.04321983829140663,0.9990655779838562,-0.0,1.6140296322134358,-1.0723588079478708,0.0004998748288247978,2000.5008100747798,10.898015022277832
3605.0512726536595,-151.8170623779297,-395.67140197753906,12.238113403320312,-0.047057755291461945,0.9988921880722046,-0.0,1.617871466277004,-1.0387878772629255,0.0006555368910173831,1525.4671608916096,11.897014617919922
3613.940411418178,-152.27703857421875,-386.7945861816406,12.152374267578125,-0.05487031489610672,0.9984935522079468,-0.0,1.625694209099839,-0.4934266633497608,0.0006637407605767365,1506.6123091959603,12.896014213562012
3622.7575353670545,-152.780029296875,-377.9918212890625,12.150070190429688,-0.058824554085731506,0.9982683062553406,-0.0,1.6296548609777592,-0.012754686633587031,0.0003702205810922621,2701.0924056401705,13.895013809204102
3631.5091371796034,-153.30580139160156,-369.2560272216797,12.150115966796875,-0.06137390434741974,0.9981148838996887,-0.0,1.6322088243019193,-4.142382592497995e-06,0.0003094693410678473,3231.3378654874973,14.894013404846191
3640.191975464805,-153.8513946533203,-360.59034729003906,12.150070190429688,-0.06420734524726868,0.9979366064071655,-0.0,1.6350478690501227,4.082442228714456e-06,0.0003979385129223023,2512.9510402408587,15.645020484924316
3648.8080943520426,-154.4207000732422,-351.99305725097656,12.150115966796875,-0.0682339295744896,0.9976693987846375,-0.0,1.6390833122871293,0.00017499908336882086,0.0005376021771800743,1860.1115145131596,14.646020889282227
3657.3566495166524,-155.0264129638672,-343.4659881591797,12.150100708007812,-0.07340390980243683,0.9973022937774658,-0.0,1.6442663153228292,-0.00017918386653326124,0.0006769986558797236,1477.1078071056927,13.647021293640137
3665.840025072127,-155.67465209960938,-335.0074157714844,12.15008544921875,-0.07972370833158493,0.9968170523643494,-0.0,1.650604725618583,9.252629108447152e-05,0.0007220677230001527,1384.911647684588,12.648021697998047
3674.254132113351,-156.37049865722656,-326.62213134765625,12.150115966796875,-0.08556979894638062,0.9963321089744568,-0.0,1.6564709036584844,-2.8087693282330406e-06,0.0008146876579336881,1227.4642806499905,11.649022102355957
3682.603579737095,-157.11631774902344,-318.3060607910156,12.15008544921875,-0.09331437200307846,0.9956367611885071,-0.0,1.6642466496145296,-0.00036700201517803066,0.0010460685148210302,955.9603274849429,10.650022506713867
3690.8854231574173,-157.92782592773438,-310.06407165527344,12.150054931640625,-0.1028742641210556,0.9946943521499634,-0.0,1.6738529172085805,3.0560856845163187e-06,0.001162879361093938,859.9344295347069,11.649022102355957
3699.099145347172,-158.8120880126953,-301.89808654785156,12.15008544921875,-0.11239427328109741,0.9936636090278625,-0.0,1.6834286007448471,0.00018498860246962678,0.0010497429712488238,952.6141421174298,12.648021697998047
3707.243891530243,-159.75892639160156,-293.8085632324219,12.15008544921875,-0.1199551671743393,0.9927793145179749,-0.0,1.6910410495904322,-1.1102230246251565e-14,0.0007701738790519275,1298.4080961444513,12.748022079467773
3715.318029552543,-160.74794006347656,-285.79522705078125,12.15008544921875,-0.12482035160064697,0.9921793937683105,-0.0,1.6959430870828425,-0.033804958785610406,0.0005500450419021474,1818.0329315247227,11.749022483825684
3723.3204018144297,-161.76266479492188,-277.8574523925781,12.144699096679688,-0.1287374198436737,0.9916788339614868,-0.0,1.6998920111944438,-0.13834647074711937,0.0005383580960438561,1857.4996964818326,10.750022888183594
3731.25134082392,-162.8015899658203,-269.994873046875,12.128143310546875,-0.13332006335258484,0.9910730123519897,-0.0,1.704514529704031,-0.28391023747290633,0.0006052682472625914,1652.160020821573,11.749022483825684
3739.110781346749,-163.86839294433594,-262.2082214355469,12.0999755859375,-0.1382060945034027,0.990403413772583,-0.0,1.7094462347204122,-0.44573175704952783,0.0005836994883494651,1713.2103418965014,12.29902458190918
3746.899502962568,-164.9629364013672,-254.4969024658203,12.058517456054688,-0.1423727571964264,0.9898130297660828,-0.0,1.7136545194327761,-0.575918503140227,0.0002644671445403146,3781.188025220134,11.30002498626709
3754.6204127345736,-166.06146240234375,-246.8546905517578,12.010711669921875,-0.1423042267560959,0.9898229837417603,-0.0,1.7135852699304126,-0.7127608489933546,-0.0001767402518277894,5658.020680961636,12.297016143798828
3762.3038240459837,-167.1456756591797,-239.2484130859375,11.94879150390625,-0.1396898478269577,0.9901953339576721,-0.0,1.710944507611633,-0.8376225464412856,-0.00034347937121992356,2911.382993535639,11.298016548156738
3769.896550698914,-168.19686889648438,-231.72909545898438,11.8828125,-0.13710860908031464,0.990556001663208,-0.0,1.7083381925022154,-0.9529786413748131,-0.00033174380270317716,3014.374320941679,10.299016952514648
3777.3993789994306,-169.2167205810547,-224.2963104248047,11.805084228515625,-0.13472731411457062,0.9908826947212219,-0.0,1.7059345916492479,-1.0088151444342608,-0.00037620545894545554,2658.1219815446266,9.300017356872559
3784.8098431421695,-170.20436096191406,-216.9523162841797,11.732315063476562,-0.13155916333198547,0.9913082718849182,-0.0,1.7027379833401144,-0.9463508632637341,-0.0004684526353077034,2134.687532162455,9.300017356872559
3792.1262897434003,-171.15347290039062,-209.697998046875,11.6656494140625,-0.1278950721025467,0.9917876720428467,-0.0,1.6990426612045573,-0.8858325520464616,-0.0004444604627814597,2249.9189100914427,9.350017547607422
3799.3478233503433,-172.0669708251953,-202.5347442626953,11.603485107421875,-0.1251397430896759,0.9921392202377319,-0.0,1.6962649951751716,-0.8441100142866698,-0.00032544253605570894,3072.7390835868514,9.450017929077148
3806.473680940979,-172.9520263671875,-195.4643096923828,11.544509887695312,-0.12325163185596466,0.9923754930496216,-0.0,1.6943621579591617,-0.8188266964314739,-0.00029355303083633544,3406.5395174118635,9.550018310546875
3813.5027238860666,-173.81094360351562,-188.48817443847656,11.487564086914062,-0.12102116644382477,0.9926498532295227,-0.0,1.6921148814447335,-0.8109303518771371,-0.00040150457214405133,2490.6316624489677,9.750019073486328
3820.4337546450165,-174.63882446289062,-181.60699462890625,11.431304931640625,-0.11770323663949966,0.9930488467216492,-0.0,1.688773045895974,-0.8151195808384748,-0.0006778688768837027,1475.2115550682868,10.000020027160645
3827.2662636903733,-175.42462158203125,-174.82005310058594,11.375381469726562,-0.11179278790950775,0.9937314987182617,-0.0,1.682823296097583,-0.7590417246533865,-0.001071914606868729,932.9101344380355,10.300021171569824
3833.999739195572,-176.1504364013672,-168.1259765625,11.328216552734375,-0.1032901406288147,0.9946513175964355,-0.0,1.6742710143686246,-0.6223689174585934,-0.00129883580240453,769.9202610127498,10.650022506713867
3840.632520289133,-176.80677795410156,-161.52584838867188,11.292037963867188,-0.09453077614307404,0.9955219030380249,-0.0,1.6654684644767084,-0.4581444504817678,-0.0012482048916055977,801.1505216212337,11.050024032592773
3847.1636416038077,-177.3992156982422,-155.02169799804688,11.267730712890625,-0.0869177058339119,0.9962155222892761,-0.0,1.657823843339016,-0.2763724651101085,-0.0012583708539719574,794.6782912553733,11.45002555847168
3853.5908122218852,-177.93064880371094,-148.61654663085938,11.256027221679688,-0.07830368727445602,0.9969295859336853,-0.0,1.6491802524616446,-0.07764579541817973,-0.0014557813811726383,686.9163275013832,11.850027084350586
3859.9132173407647,-178.3954315185547,-142.31124877929688,11.257614135742188,-0.06843644380569458,0.9976555109024048,-0.0,1.6392863021479795,0.13055656207806576,-0.0016763082256713302,596.5490025556121,12.250028610229492
3866.12821775117,-178.7869873046875,-136.10861206054688,11.272171020507812,-0.057359594851732254,0.9983535408973694,-0.0,1.6281874240817795,0.24839120549057236,-0.0021996048323842388,454.6271154151177,12.600029945373535
3872.23600984088,-179.08999633789062,-130.00836181640625,11.288192749023438,-0.04146077111363411,0.9991401433944702,-0.0,1.6122689851367347,0.24132073219211847,-0.003200518385178208,312.44938464689335,12.950031280517578
3878.2374500583705,-179.27175903320312,-124.00968933105469,11.301437377929688,-0.018759477883577347,0.9998239874839783,-0.0,1.5895569058658183,0.2060739825140656,-0.004276907778046346,233.813786009852,13.200032234191895
3884.135316098314,-179.30126953125,-118.11190795898438,11.312744140625,0.009318307973444462,0.9999565482139587,-0.0,1.5614778836334167,0.19528958606097602,-0.00487900142060238,204.95997311608411,13.300032615661621
3889.922527139981,-179.16006469726562,-112.32643127441406,11.324249267578125,0.038215722888708115,0.9992694854736328,-0.0,1.5325712947853514,0.22931179051780548,-0.00550435530356963,181.6743187619974,13.03799819946289
3895.6338221167007,-178.8441162109375,-106.6239013671875,11.339065551757812,0.07246988266706467,0.9973706603050232,-0.0,1.4982628641240212,0.32792245004140685,-0.006483955767285776,154.22683866003703,12.0389986038208
3901.286617798587,-178.32330322265625,-100.99519348144531,11.361434936523438,0.1116207018494606,0.9937509298324585,-0.0,1.4589425370889457,0.5219499909725478,-0.006832254470906185,146.36457179080548,11.039999008178711
3906.8202908150197,-177.60105895996094,-95.50897216796875,11.39715576171875,0.14844079315662384,0.9889212846755981,-0.0,1.4218049138639746,0.7737397795575918,-0.006661326365520748,150.1202531039515,10.040999412536621
3912.224713172819,-176.7030487060547,-90.17990112304688,11.44573974609375,0.18367990851402283,0.9829860925674438,-0.0,1.3860675704458798,1.0639161276616127,-0.006924752478606244,144.40949378182995,9.041999816894531
3917.4968940730187,-175.6361083984375,-85.0172119140625,11.51031494140625,0.22100290656089783,0.975273072719574,-0.0,1.3479536250076913,1.4199805102230956,-0.007238945128136609,138.14167427698294,8.043000221252441
3922.6342052473083,-174.4065704345703,-80.02989196777344,11.593032836914062,0.2571577727794647,0.9663693904876709,-0.0,1.3107164086163627,1.7924167654947976,-0.006916352376931334,144.58488311488875,7.044000625610352
3927.63227808881,-173.04042053222656,-75.22315979003906,11.691482543945312,0.288858026266098,0.9573719501495361,-0.0,1.2777625269927015,2.1167487438460864,-0.006830806946321433,146.39558808473222,6.060000419616699
3932.4877029047852,-171.5602264404297,-70.60015869140625,11.801193237304688,0.32150691747665405,0.9469072222709656,-0.0,1.2434758562641266,2.4172248948077346,-0.0074416490119115775,134.37881824301795,5.694960594177246
3937.195748978193,-169.96737670898438,-66.17140197753906,11.922195434570312,0.3561004102230072,0.9344475865364075,-0.0,1.2067048792034332,2.5786438222691777,-0.00817281430530592,122.35687275444204,4.784520626068115
3941.764090488609,-168.26034545898438,-61.93562316894531,12.040374755859375,0.3922118544578552,0.9198749661445618,-0.0,1.1677614661965507,2.650672301720647,-0.009725103444947814,102.8266697275595,3.785520315170288
3946.203970609324,-166.4246368408203,-57.894805908203125,12.160812377929688,0.43621963262557983,0.8998401761054993,-0.0,1.1194030849091714,2.1843171410685702,-0.01118641576323165,89.39413849491228,2.9150402545928955
3950.529536664159,-164.4416046142578,-54.05125427246094,12.2330322265625,0.4803224503993988,0.8770920038223267,-0.0,1.0697740264200262,1.4313158570277373,-0.012931326626821171,77.33158622146905,2.5500001907348633
3954.7597394294535,-162.30819702148438,-50.398773193359375,12.283721923828125,0.5326729416847229,0.8463212847709656,-0.0,1.009040639186892,1.0881565413124017,-0.01835493600491034,54.481257778969024,2.250000238418579
3958.9208069953525,-159.93719482421875,-46.97953796386719,12.324493408203125,0.6087589263916016,0.7933553457260132,-0.0,0.9163010635877986,1.665504461409717,-0.023273819386882444,42.96673370953538,2.890000104904175
3963.0392420759326,-157.2723846435547,-43.840911865234375,12.421035766601562,0.684827983379364,0.7287046909332275,-0.0,0.8164286620944338,3.1433153175881134,-0.022442827956637545,44.557664565808274,3.81000018119812
3967.1161007082624,-154.35609436035156,-40.99656677246094,12.581436157226562,0.7436881065368652,0.6685267090797424,-0.0,0.7322259766094236,4.079567328787825,-0.020054157817074425,49.86497110083497,4.145852088928223
3971.154656835582,-151.25143432617188,-38.41937255859375,12.751998901367188,0.7938786149024963,0.608076274394989,-0.0,0.6536351327708432,3.6047668422942714,-0.01917830778176488,52.14224379852846,4.985481262207031
3975.1434052950567,-147.9962615966797,-36.11726379394531,12.871414184570312,0.8374214768409729,0.5465575456619263,-0.0,0.5782479574820989,2.601558570506546,-0.018823072847529265,53.126288576801684,5.984481334686279
3979.062471792932,-144.63821411132812,-34.09858703613281,12.958267211914062,0.8752832412719727,0.4836106300354004,-0.0,0.5047751344473264,1.9211239808347713,-0.01904798762010651,52.49898414173835,6.983481407165527
3982.913672289809,-141.20147705078125,-32.36174011230469,13.021087646484375,0.908848762512207,0.4171256721019745,-0.0,0.43028043635332786,1.233555303410938,-0.02095279483221979,47.72632997208886,7.982481479644775
3986.703793053654,-137.69398498535156,-30.925949096679688,13.053009033203125,0.9411216974258423,0.338067889213562,-0.0,0.3448631608941127,0.9836504318695427,-0.0228205607461911,43.820132691827325,8.343998908996582
3990.506480158448,-134.0625762939453,-29.798355102539062,13.095809936523438,0.9671565890312195,0.2541813552379608,-0.0,0.2570011602051234,1.2618667177548337,-0.022126730226742386,45.19420582040627,9.342998504638672
3994.3643144353755,-130.2946014404297,-28.972320556640625,13.149826049804688,0.9846447110176086,0.17457053065299988,-0.0,0.1754695776172191,1.486092242212278,-0.018822781453487925,53.127111020815505,10.341998100280762
3998.3228035136076,-126.3765869140625,-28.411148071289062,13.212142944335938,0.9939178824424744,0.11012375354766846,-0.0,0.11034756006968943,1.5829695421000656,-0.01417774593513843,70.53307377455386,11.340997695922852
4002.3783484022106,-122.33645629882812,-28.0638427734375,13.276702880859375,0.9980602860450745,0.06225507706403732,-0.0,0.062295360061818586,1.5232143891268812,-0.010374791271183237,96.38748133445105,12.339997291564941
4006.519946029987,-118.19923400878906,-27.883285522460938,13.336883544921875,0.9996733665466309,0.025557462126016617,-0.0,0.025560244928790436,1.3587093856396448,-0.00721980987067139,138.50780254785397,13.338996887207031
4010.7913533835085,-113.92852783203125,-27.827728271484375,13.390762329101562,0.9999980926513672,0.0019901434425264597,-0.0,0.0019901446109878624,1.2484585244397772,-0.003852058358141952,259.60146680704804,14.337996482849121
4015.214276287863,-109.50596618652344,-27.842269897460938,13.445388793945312,0.9999725222587585,-0.007416934706270695,-0.0,-0.007417002501626081,1.234259585030184,-0.001888313804602304,529.5729965870843,15.336996078491211
4019.786659769459,-104.93421936035156,-27.893661499023438,13.501785278320312,0.9998886585235596,-0.014922737143933773,-0.0,-0.014923290921269178,1.2383025676298454,-0.0019192572068106317,521.0349068647095,15.400040626525879
4024.555492866583,-100.16670227050781,-27.98870849609375,13.561080932617188,0.999675989151001,-0.02545386180281639,-0.0,-0.025456611417936054,1.2556242134039053,-0.0018311315131771533,546.1104201439489,15.350040435791016
4029.566891374799,-95.15791320800781,-28.13739013671875,13.624649047851562,0.9994671940803528,-0.032638512551784515,-0.0,-0.03264431105521939,1.289062312333833,-0.0010181171336682837,982.2052560858027,15.350040435791016
4034.8874067998654,-89.84097290039062,-28.319503784179688,13.69439697265625,0.9993624687194824,-0.0357029065489769,-0.0,-0.03571049523111657,1.3405695901520742,-0.0004850994579750356,2061.4329361948335,15.000039100646973
4040.4956439944267,-84.237060546875,-28.525833129882812,13.771331787109375,0.99928218126297,-0.03788287937641144,-0.0,-0.03789194644875332,1.4124683902052348,-0.0006172791820802104,1620.012514645372,15.550041198730469
4046.3896945694573,-78.34841918945312,-28.763275146484375,13.857101440429688,0.9990780353546143,-0.04293125122785568,-0.0,-0.04294444960703539,1.5092353304381634,-0.0011442007392166165,873.9725169944005,15.19903564453125
4052.567719809954,-72.17807006835938,-29.055557250976562,13.953842163085938,0.9986549615859985,-0.051848482340574265,-0.0,-0.05187174096595005,1.6324299175202839,-0.0013947521957177744,716.9732394544645,14.20003604888916
4059.036603474616,-65.72038269042969,-29.419708251953125,14.063949584960938,0.9981672167778015,-0.0605168342590332,-0.0,-0.06055383118429596,1.7850344912306415,-0.0013301586152487666,751.790041079409,13.850034713745117
4065.81449555766,-58.958038330078125,-29.860641479492188,14.190826416015625,0.9975870251655579,-0.06942858546972275,-0.0,-0.06948447790347645,1.9725864660821602,-0.0020275182987462004,493.21379768478107,13.450033187866211
4072.8087469218535,-51.98675537109375,-30.408065795898438,14.3360595703125,0.9960607290267944,-0.08867257088422775,-0.0,-0.08878919566082111,2.208770512385616,-0.0038473147443762734,259.9215469599226,12.900031089782715
4079.82895618236,-45.00736999511719,-31.145965576171875,14.500442504882812,0.9923886060714722,-0.1231456771492958,-0.0,-0.12345906811310507,2.484097738977531,-0.005184203902985074,192.8936474555328,12.200028419494629
4086.7557043287998,-38.15269470214844,-32.12586975097656,14.6822509765625,0.9870597720146179,-0.1603521853685379,-0.0,-0.16104745993373623,2.6414912356893527,-0.005063619045024392,197.48721045328614,11.400025367736816
4093.578528779369,-31.439437866210938,-33.33012390136719,14.863601684570312,0.9814032912254333,-0.19195769727230072,-0.0,-0.1931565355391709,2.524114347226991,-0.00434560193280048,230.11771797412652,10.55002212524414
4100.29616810612,-24.8665771484375,-34.70793151855469,15.024307250976562,0.9759052991867065,-0.21819467842578888,-0.0,-0.21996418453035904,2.2348394363125967,-0.004089369209214544,244.53649177645974,9.650018692016602
4106.907736316488,-18.436050415039062,-36.238372802734375,15.161819458007812,0.9694926142692566,-0.2451203167438507,-0.0,-0.24764380616918674,1.9690082620795302,-0.0045127739037940096,221.5931977357149,8.850015640258789
4113.412647527313,-12.1558837890625,-37.92915344238281,15.282806396484375,0.9613073468208313,-0.27547794580459595,-0.0,-0.27908686248375714,1.6769821775307836,-0.005174858859140485,193.24198537969292,8.10001277923584
4119.8140369642115,-6.0343475341796875,-39.79875183105469,15.378631591796875,0.9509938359260559,-0.30920982360839844,-0.0,-0.3143620261595532,1.2826108303717998,-0.0057547041120511455,173.77088040128106,7.300009727478027
4126.116363017064,-0.0785064697265625,-41.85853576660156,15.4461669921875,0.9386350512504578,-0.34491196274757385,-0.0,-0.35214498668688116,0.8693629695030625,-0.005693312305419473,175.64467683392292,7.246998310089111
4132.319438249482,5.7069549560546875,-44.09568786621094,15.487747192382812,0.926565945148468,-0.37613239884376526,-0.0,-0.3856186112559206,0.4748327732406299,-0.004345678033521594,230.11368819462058,6.247998237609863
4138.423824308783,11.337936401367188,-46.45265197753906,15.504989624023438,0.9187731146812439,-0.3947860598564148,-0.0,-0.40583497034103816,0.13084769872777624,-0.002042535591442962,489.58755195719436,5.248998165130615
4144.428802407465,16.847793579101562,-48.84037780761719,15.503890991210938,0.9168803691864014,-0.3991619944572449,-0.0,-0.41060270905409185,-0.03995087505563877,0.00014598649743069458,6849.948574694304,4.249998092651367
4150.333519407389,22.267929077148438,-51.1829833984375,15.500274658203125,0.9193846583366394,-0.393359899520874,-0.0,-0.40428322321296534,-0.04494134771524383,0.0017877253374998237,559.3700436100121,3.2999980449676514
4156.138946784856,27.621429443359375,-53.42864990234375,15.49859619140625,0.924981415271759,-0.3800121545791626,-0.0,-0.3898094663207666,-0.012560942405803743,0.0029472029485861917,339.30476368439844,2.4999988079071045
4161.835115789338,32.909088134765625,-55.546905517578125,15.498794555664062,0.932152271270752,-0.3620666265487671,-0.0,-0.3704839706250119,0.010820027084657013,0.0041349990972231465,241.8380213605243,1.8999992609024048
4167.484298111005,38.2017822265625,-57.52191162109375,15.49981689453125,0.9417614936828613,-0.33628177642822266,-0.0,-0.3429659157759794,0.011182274287069305,0.0053074219915545395,188.41539293300113,1.5499995946884155
4173.01072550761,43.43431091308594,-59.30012512207031,15.50006103515625,0.9519434571266174,-0.30627378821372986,-0.0,-0.31127623744960686,0.0026121643179166654,0.0063494917787583205,157.49291988146425,1.5999995470046997
4178.412077269005,48.60560607910156,-60.859710693359375,15.500106811523438,0.9627687335014343,-0.2703266143798828,-0.0,-0.2737322444211166,0.0002725809698622683,0.007422606944909926,134.72355567551006,1.949999213218689
4183.6894248549215,53.71461486816406,-62.18199157714844,15.500091552734375,0.973179042339325,-0.23004907369613647,-0.0,-0.23212810581114085,-0.0001428692798288722,0.00824097626144904,121.34484656605072,2.599998712539673
4188.8441401139,58.75559997558594,-63.258819580078125,15.500091552734375,0.9824082851409912,-0.18674568831920624,-0.0,-0.18784851200215094,-0.0001535482588632675,0.008689783183429611,115.07766982113912,3.5499978065490723
4193.873853081111,63.71635437011719,-64.08883666992188,15.500076293945312,0.9896998405456543,-0.1431587040424347,-0.0,-0.1436522482017561,0.0003232636442085379,0.008922699212738028,112.07370955331565,4.54899787902832
4198.775350208624,68.58157348632812,-64.68408203125,15.5001220703125,0.9950767755508423,-0.09910669177770615,-0.0,-0.09926965670449556,-0.003915379218111248,0.009436337028492892,105.97332386290502,5.547997951507568
4203.546229825437,73.33859252929688,-65.0474853515625,15.499710083007812,0.9986233115196228,-0.05245467275381088,-0.0,-0.05247875707242275,-0.008921977571452189,0.00986795357164838,101.338133863246,6.546998023986816
4208.189779945351,77.98007202148438,-65.18614196777344,15.499282836914062,0.9999796152114868,-0.006383621133863926,-0.0,-0.006383664549930223,-0.007793084277496476,0.010306943417104919,97.02197436540177,7.5459980964660645
4212.702016783701,82.49162292480469,-65.10746765136719,15.498992919921875,0.9991269111633301,0.0417788065969944,-0.0,0.041790968972236456,-0.014492303967728049,0.010706752202111147,93.39900477035613,8.544997215270996
4217.0780774706245,86.85841369628906,-64.82278442382812,15.498016357421875,0.9960622191429138,0.08865644782781601,-0.0,0.0887730039827289,-0.01226186414884367,0.011384732898200967,87.83693117280086,9.543996810913086
4221.318767002951,91.07170104980469,-64.34147644042969,15.497909545898438,0.9902552962303162,0.1392633467912674,-0.0,0.13971748532232744,-0.0008629214172328759,0.013493299482089438,74.11085786151617,10.542996406555176
4225.429925509907,95.12380981445312,-63.647186279296875,15.497940063476562,0.9798495769500732,0.19973692297935486,-0.0,0.20108942303856733,0.00036594410806056743,0.017121004341042245,58.40778847318047,11.541996002197266
4229.4272340538055,99.00816345214844,-62.703643798828125,15.497940063476562,0.961592435836792,0.27448123693466187,-0.0,0.278050182937876,0.0,0.02012157567007089,49.69789724208397,10.642996788024902
4233.330654723191,102.71546936035156,-61.48193359375,15.497940063476562,0.9359307885169983,0.3521837890148163,-0.0,0.35990338855964077,0.005857978176271317,0.022383895033818435,44.67497718735556,9.643997192382812
4237.149140278773,106.2254638671875,-59.97834777832031,15.498382568359375,0.9001602530479431,0.4355587065219879,-0.0,0.4506588900306685,0.017035650879160258,0.02436318300599505,41.04553989328611,8.644997596740723
4240.898388955599,109.52098083496094,-58.19049072265625,15.499221801757812,0.8555439710617065,0.517730176448822,-0.0,0.5441957312436964,0.008827980735670593,0.025380889229312587,39.39972279793461,7.645998001098633
4244.59557715071,112.59013366699219,-56.129058837890625,15.499053955078125,0.8023278117179871,0.5968836545944214,-0.0,0.639611335657461,-0.035490822425687796,0.026432507172650332,37.83220386428943,6.646997928619385
4248.245765381874,115.40805053710938,-53.80888366699219,15.49664306640625,0.7395821809768677,0.673066258430481,-0.0,0.7383469447438156,-0.2371880418587935,0.027502731615087428,36.36002466938305,5.647997856140137
4251.867458177063,117.9610595703125,-51.2401123046875,15.481903076171875,0.6677738428115845,0.7443641424179077,-0.0,0.8395821961701736,-0.425025107392063,0.027412620245094055,36.47954814458011,4.648997783660889
4255.503693317495,120.2523193359375,-48.4166259765625,15.465789794921875,0.5919743180274963,0.8059568405151367,-0.0,0.9372900341856487,-0.43664330464210366,0.02658813004860472,37.61076834557147,3.6499977111816406
4259.1936778057025,122.28988647460938,-45.34025573730469,15.449920654296875,0.5110915303230286,0.8595262765884399,-0.0,1.0343420863095338,-0.4254072143126564,0.026002843112818086,38.457333133200756,2.7499985694885254
4262.940520960144,124.04852294921875,-42.03181457519531,15.434158325195312,0.42608585953712463,0.9046826362609863,-0.0,1.13063447483338,-0.2775531571157508,0.023288699012744773,42.93928138505069,3.2100002765655518
4266.810386825425,125.54843139648438,-38.464447021484375,15.42913818359375,0.35196903347969055,0.9360116124153137,-0.0,1.2111223994441531,-0.04073018502526171,0.018924744400349414,52.840872185387965,4.180000305175781
4270.901050498387,126.85301208496094,-34.58738708496094,15.431320190429688,0.28629904985427856,0.9581402540206909,-0.0,1.280434353279266,0.1334718948687419,0.01521283511165672,65.73396692071931,4.850000381469727
4275.198532025336,127.96188354492188,-30.435440063476562,15.440673828125,0.2307034730911255,0.9730240702629089,-0.0,1.3379957219599816,0.33975719542620464,0.009200432815776982,108.69053880652129,5.4200005531311035
4279.636718583471,128.92962646484375,-26.104095458984375,15.461349487304688,0.20962314307689667,0.9777821898460388,-0.0,1.3596067894345223,0.6092761147934,0.0020962411790816926,477.04434488691487,5.897037506103516
4284.145741708613,129.87789916992188,-21.696044921875,15.495391845703125,0.21280138194561005,0.9770955443382263,-0.0,1.356355221560661,0.8681170838815699,0.0025611442998965117,390.45047170532604,6.782963752746582
4288.730440586416,130.8025360107422,-17.205780029296875,15.54046630859375,0.18630334734916687,0.9824923276901245,-0.0,1.3833980688025007,0.8841634705709644,0.00934507581238031,107.00822765666652,7.260000705718994
4293.410678447945,131.54151916503906,-12.584396362304688,15.577117919921875,0.12685145437717438,0.9919217228889465,-0.0,1.4436021842522933,0.7022696094716174,0.014146427787400051,70.6892238117301,8.24000072479248
4298.212595263125,131.97608947753906,-7.802276611328125,15.606857299804688,0.05291863530874252,0.9985988140106201,-0.0,1.5178529608702689,0.6227402726834974,0.013549440186272466,73.80378718621482,8.50072956085205
4303.1829064186395,132.08755493164062,-2.83331298828125,15.637985229492188,-0.004558384884148836,0.9999896287918091,-0.0,1.575354727382206,0.5877436579835749,0.008411230603126651,118.88866768535351,9.122467994689941
4308.435397334644,131.98541259765625,2.4181060791015625,15.666717529296875,-0.031205181032419205,0.9995130300521851,-0.0,1.6020065735124571,0.37342320486619673,0.004984800050375382,200.60985192870368,9.864542961120605
4313.975460614964,131.7364044189453,7.9525604248046875,15.677261352539062,-0.05827131122350693,0.9983007907867432,-0.0,1.6291006652335585,0.12741913166725016,0.0043352178321804935,230.66891646757873,10.486281394958496
4319.783602615178,131.33297729492188,13.746673583984375,15.680831909179688,-0.08001659065485,0.9967935085296631,-0.0,1.6508985527101219,0.19869895110626867,0.0038592435952115034,259.1181342480652,10.747010231018066
4325.891485157162,130.77134704589844,19.828643798828125,15.7017822265625,-0.10416721552610397,0.9945598244667053,-0.0,1.6751528484572416,0.7290947522123226,0.004143511330021443,241.3412008203257,9.748010635375977
4332.3144047478945,130.01211547851562,26.20611572265625,15.774688720703125,-0.13175109028816223,0.9912828803062439,-0.0,1.7029315826152374,1.5899786481411882,0.004198854098966143,238.16021619951587,8.749011039733887
4339.042654562504,129.0335693359375,32.86137390136719,15.913726806640625,-0.15882214903831482,0.9873072504997253,-0.0,1.7302938650024495,2.41181954677141,0.003901509029520245,256.31108179774395,7.750011444091797
4346.029247516586,127.83360290527344,39.741424560546875,16.107284545898438,-0.18449382483959198,0.982833743095398,-0.0,1.756353135160728,2.9925186417240512,0.0035947262054044637,278.18530337486,7.396998882293701
4353.246715859373,126.41455078125,46.81419372558594,16.339828491210938,-0.20894283056259155,0.9779278635978699,-0.0,1.7812901300096555,3.3948983187036763,0.003421438536411303,292.27472285645246,6.397998809814453
4360.699593932295,124.76364135742188,54.07704162597656,16.606155395507812,-0.23355711996555328,0.9723430275917053,-0.0,1.8065307221009321,3.643150016479324,0.0034686452786114597,288.2969919600173,5.398998737335205
4368.387678860652,122.86875915527344,61.52247619628906,16.891769409179688,-0.2600283622741699,0.9656009078025818,-0.0,1.8338479207881646,3.670534647992607,0.003860053769872973,259.0637487500357,4.399998664855957
4376.196480105126,120.72142028808594,69.02488708496094,17.17486572265625,-0.29134055972099304,0.9566194415092468,-0.0,1.8664242054480742,3.5458418770776046,0.004153823715966842,240.7420411598378,3.499997854232788
4384.043477246062,118.31512451171875,76.48887634277344,17.44683837890625,-0.3222275972366333,0.9466622471809387,-0.0,1.8988779754471916,3.3561097651349847,0.003773316072445354,265.0188801575626,2.899998426437378
4391.820773643471,115.71180725097656,83.81317138671875,17.699386596679688,-0.34724676609039307,0.9377737641334534,-0.0,1.9254299125722487,3.1164078135466733,0.0027098345172481553,369.026224160545,2.5499987602233887
4399.5028638709555,112.98762512207031,90.99235534667969,17.928863525390625,-0.3617154359817505,0.9322884678840637,-0.0,1.9409036220672193,2.837803897050417,0.0019181698985941686,521.3302537657912,2.349998950958252
4407.088244917401,110.1981201171875,98.04324340820312,18.1329345703125,-0.37457436323165894,0.9271969199180603,-0.0,1.954733984561865,2.51675083883649,0.001900845466628831,526.0816923605632,2.2999989986419678
4414.575042945028,107.34693908691406,104.96365356445312,18.30853271484375,-0.3882593512535095,0.9215502142906189,-0.0,1.969538313732609,2.142360128846321,0.0023073692254922396,433.39400948570176,2.2999989986419678
4421.966025898056,104.41313171386719,111.74589538574219,18.452056884765625,-0.40611931681632996,0.9138200879096985,-0.0,1.988999689446735,1.7066394247186478,0.002694053192080492,371.1879197261679,2.4600002765655518
4429.262088863869,101.38314819335938,118.38217163085938,18.55963134765625,-0.42439913749694824,0.9054752588272095,-0.0,2.0090945041790333,1.2107971452352428,0.0025246791280462144,396.0899382781664,2.8000001907348633
4436.462715157745,98.27369689941406,124.87644958496094,18.628082275390625,-0.439324289560318,0.8983284831047058,-0.0,2.025642701087594,0.6614130663723072,0.0020592717279626083,485.60857045775833,3.200000286102295
4443.568083640867,95.11212158203125,131.2396240234375,18.654800415039062,-0.4509267210960388,0.8925610184669495,-0.0,2.0385996458170252,0.057980088286524456,0.0017957303283210324,556.8764887626404,3.7100002765655518
4450.577662870382,91.91378784179688,137.4769744873047,18.636871337890625,-0.46195507049560547,0.8869033455848694,-0.0,2.050994633165651,-0.6053698450361855,0.0016786808953694887,595.7058323344374,4.310000419616699
4457.492279679238,88.68814086914062,143.59275817871094,18.5711669921875,-0.4716795086860657,0.8817700743675232,-0.0,2.061990831900073,-1.3759885368546998,0.0017907016605075432,558.4403153546903,4.940000534057617
4464.3129714394145,85.43656921386719,149.58726501464844,18.44866943359375,-0.48359453678131104,0.8752921223640442,-0.0,2.0755530800958066,-2.3018495988262,0.002924221224929635,341.97139104072494,5.810000419616699
4471.04665724579,82.1126708984375,155.4403533935547,18.260040283203125,-0.5061101913452148,0.8624688386917114,-0.0,2.1014650246802207,-3.4050968949365767,0.004851620538796619,206.11669688578672,6.700000286102295
4477.708358282612,78.63975524902344,161.11891174316406,17.993408203125,-0.5392972826957703,0.8421155214309692,-0.0,2.1403987109098614,-4.738342241827698,0.005889065399092397,169.80623107940298,7.699000358581543
4484.318554111178,74.97431945800781,166.6078643798828,17.631927490234375,-0.5719024538993835,0.8203215599060059,-0.0,2.1796195107023086,-6.461275723811188,0.005556249584682704,179.97751626506644,8.697999954223633
4490.902861918056,71.12429809570312,171.9266815185547,17.141387939453125,-0.5995460748672485,0.8003402352333069,-0.0,2.2137301543081724,-8.607502575441428,0.007151515230308436,139.83050693396498,9.291999816894531
4497.486704453108,67.06178283691406,177.06765747070312,16.498489379882812,-0.6465044617652893,0.7629103064537048,-0.0,2.2737899044667307,-10.162581147921523,0.009970120853183273,100.29968690707683,9.791000366210938
4504.07462026651,62.649444580078125,181.9099578857422,15.802764892578125,-0.699190616607666,0.714935302734375,-0.0,2.345061085893677,-10.796221861142484,0.008926295453229649,112.0285571141595,8.792000770568848
4510.669383411579,57.949310302734375,186.47836303710938,15.075225830078125,-0.7315824031829834,0.6817530393600464,-0.0,2.3914364655305653,-11.850485026823465,0.007243757659812,138.04989716151732,7.7930006980896
4517.299855350441,53.03459167480469,190.84901428222656,14.23492431640625,-0.764380693435669,0.6447651386260986,-0.0,2.4408766370857067,-13.459187433077291,0.007327610780069382,136.47013058061626,6.794000625610352
4523.958780441419,47.89704895019531,194.977783203125,13.2861328125,-0.7943958640098572,0.6074003577232361,-0.0,2.4888086436255628,-14.990542199371582,0.0072154083093683985,138.59229542167589,5.7950005531311035
4530.649073858767,42.553192138671875,198.8629913330078,12.23333740234375,-0.8228461146354675,0.5682642459869385,-0.0,2.537197783900178,-16.3221063289661,0.006848826873430691,146.01040710773339,4.930000305175781
4537.369959963465,37.01908874511719,202.50335693359375,11.096786499023438,-0.846746563911438,0.5319965481758118,-0.0,2.5806359468809386,-17.418950605217987,0.006416838248806012,155.83998867137896,4.594080448150635
4544.140661435538,31.302398681640625,205.922119140625,9.882736206054688,-0.8688971996307373,0.4949924349784851,-0.0,2.6237664869152315,-17.929411529057205,0.005918237934567694,168.96921196072972,3.7930402755737305
4550.978398486961,25.391082763671875,209.1327667236328,8.656875610351562,-0.8867732882499695,0.4622045159339905,-0.0,2.6611130325636347,-16.950741232573595,0.0026339680014199063,379.6553334971894,2.8369603157043457
4557.885103340716,19.334014892578125,212.26307678222656,7.5543060302734375,-0.8860623240470886,0.46356624364852905,-0.0,2.6595768773185524,-13.954990466026079,-0.0027607569796136433,362.2194953718621,2.0359201431274414
4564.834836495159,13.27239990234375,215.55970764160156,6.724945068359375,-0.868338942527771,0.4959712624549866,-0.0,2.6226396531055554,-9.4046109945296,-0.00861118460360455,116.12804115027458,1.7000001668930054
4571.878676446766,7.320037841796875,219.29505920410156,6.2430572509765625,-0.8235576152801514,0.5672325491905212,-0.0,2.538451032373587,-4.147306537067724,-0.011024306738138812,90.7086516869564,2.120000123977661
4579.016951499916,1.5980987548828125,223.5616912841797,6.1418914794921875,-0.7806290984153748,0.6249945759773254,-0.0,2.466468072663807,-0.20971164899170613,-0.01010801199432343,98.93142198105733,2.7900002002716064
4586.245327250353,-3.8718414306640625,228.2864990234375,6.215118408203125,-0.7328028678894043,0.6804409623146057,-0.0,2.393228414521406,2.0987778111064115,-0.009491815840183881,105.35391929608143,3.2063705921173096
4593.555435152835,-9.058837890625,233.43218994140625,6.4488067626953125,-0.6873108744621277,0.7263633012771606,-0.0,2.3285767420360677,3.861644564937261,-0.008291892935881728,120.5997240597106,3.9796299934387207
4600.9405821701475,-13.971267700195312,238.9364013671875,6.783599853515625,-0.6447253823280334,0.764414370059967,-0.0,2.271460240840929,5.0106939237253565,-0.0077418459486630065,129.16816049183942,4.396000385284424
4608.393254895249,-18.602035522460938,244.76141357421875,7.19293212890625,-0.5995248556137085,0.8003562688827515,-0.0,2.2137035587768374,6.004325139119038,-0.007484428643422469,133.61073338294548,5.395000457763672
4615.909836928169,-22.933486938476562,250.88491821289062,7.6830596923828125,-0.5552484393119812,0.8316845297813416,-0.0,2.159457985887609,6.906716168166477,-0.006443323832410308,155.19940111809058,6.39400053024292
4623.480667848743,-26.985000610351562,257.2565460205078,8.235397338867188,-0.5190834999084473,0.8547234535217285,-0.0,2.1165746932086735,7.268476436500027,-0.005418430592592949,184.55528458129749,7.393000602722168
4631.097855887233,-30.79998779296875,263.826416015625,8.786972045898438,-0.4850228428840637,0.8745014667510986,-0.0,2.077185622677614,7.14412437926073,-0.004715437032640768,212.06942072980536,8.392000198364258
4638.713300072966,-34.37432861328125,270.52947998046875,9.323638916015625,-0.45640286803245544,0.8897731900215149,-0.0,2.0447445861557196,6.994029256344946,-0.0037307886471057428,268.0398421325143,9.390999794006348
4646.252453778794,-37.722412109375,277.2641143798828,9.846969604492188,-0.4347587525844574,0.9005469679832458,-0.0,2.0205666928606,6.802424822201402,-0.0027052123086901414,369.65675366315264,10.389999389648438
4653.6834361355,-40.88700866699219,283.96929931640625,10.342269897460938,-0.41990724205970764,0.9075670838356018,-0.0,2.004139415424752,6.449448223670984,-0.0017521186834368319,570.7375929799863,11.388998985290527
4660.999813816363,-43.92015075683594,290.61167907714844,10.798583984375,-0.41125181317329407,0.9115217924118042,-0.0,1.9946232793196121,6.201970981042115,-0.0009694763940190088,1031.4846304348414,12.387998580932617
4668.202439881749,-46.85986328125,297.17205810546875,11.242813110351562,-0.40702298283576965,0.9134178757667542,-0.0,1.9899888239014925,5.933176918148641,-0.0003502030838037351,2855.485991552352,13.386998176574707
4675.287892142993,-49.73628234863281,303.634765625,11.646865844726562,-0.40662339329719543,0.9135958552360535,-0.0,1.9895513899025976,5.518020260888534,-4.833185976926835e-05,20690.285968177177,14.385997772216797
4682.2563270874025,-52.564727783203125,309.99249267578125,12.01873779296875,-0.40639957785606384,0.9136953353881836,-0.0,1.9893064620535776,5.065320101550563,-0.0007321027247655376,1365.9285318467553,14.450037002563477
4689.106484747631,-55.31980895996094,316.2555694580078,12.347457885742188,-0.39751023054122925,0.9175977110862732,-0.0,1.9795982292098306,4.664833205624996,-0.002639483811017973,378.86195619981044,14.400036811828613
4695.841194441262,-57.91935729980469,322.4608459472656,12.652755737304688,-0.37364259362220764,0.9275727868080139,-0.0,1.9537292604524912,4.314403731007155,-0.004643398379248431,215.35951006681825,14.20003604888916
4702.468308026048,-60.2857666015625,328.6450958251953,12.924407958984375,-0.3400112986564636,0.9404214024543762,-0.0,1.9177252211487512,3.8678170993795447,-0.005824727119927653,171.68186241356844,13.887996673583984
4708.995606133373,-62.379119873046875,334.8230438232422,13.162002563476562,-0.30161845684051514,0.9534286856651306,-0.0,1.877186045817004,3.3926292622495913,-0.0060264156941276514,165.93611372916652,12.888997077941895
4715.421674235411,-64.20068359375,340.9822082519531,13.364364624023438,-0.2656031548976898,0.9640824198722839,-0.0,1.8396258282316786,2.8868872624800535,-0.005281321831531183,189.34653707897135,11.889997482299805
4721.740979343206,-65.78578186035156,347.09722900390625,13.530502319335938,-0.23669032752513885,0.971585214138031,-0.0,1.8097542728859288,2.310743097853818,-0.00418436957313395,238.98462660195526,10.890997886657715
4727.951708170755,-67.1866455078125,353.1466369628906,13.654586791992188,-0.2146001160144806,0.9767020344734192,-0.0,1.7870787073681231,1.721448515727353,-0.0033200346873926145,301.20167231907715,9.891998291015625
4734.055150167401,-68.4405517578125,359.1192321777344,13.743072509765625,-0.19671277701854706,0.9804611206054688,-0.0,1.768800388884434,1.295159094755749,-0.0026931393004911985,371.31387886902513,9.770000457763672
4740.050330151692,-69.57749938964844,365.0052185058594,13.811614990234375,-0.18260404467582703,0.9831865429878235,-0.0,1.754430705010523,0.9638751413601376,-0.0013800200735655244,724.6271406881236,8.776999473571777
4745.937309703276,-70.64300537109375,370.79478454589844,13.857986450195312,-0.18039534986019135,0.9835941791534424,-0.0,1.752184708097119,0.642458234728216,0.001124890534247025,888.9753887647176,7.778000354766846
4751.719608429326,-71.72319030761719,376.4752197265625,13.886886596679688,-0.19518733024597168,0.9807659387588501,-0.0,1.76724478525989,0.3713949466799704,0.0037911128664501748,263.77478994350133,6.779000282287598
4757.387352018658,-72.90696716308594,382.0179443359375,13.900802612304688,-0.2226458638906479,0.974899411201477,-0.0,1.7953239417937414,0.09873815383321105,0.006022748858294791,166.0371407688296,5.78000020980835
4762.987998037983,-74.25987243652344,387.4527282714844,13.898208618164062,-0.26111066341400146,0.9653089046478271,-0.0,1.8349689211317577,-0.14982922348063532,0.007616618509861173,131.2918585465858,4.800000190734863
4768.507582618,-75.81822204589844,392.74774169921875,13.884307861328125,-0.3042391240596771,0.9525957107543945,-0.0,1.8799359092128711,-0.3371035128371336,0.008390883936719495,119.17695531741089,4.000000476837158
4773.9191420483685,-77.58296203613281,397.86341857910156,13.861541748046875,-0.34838005900382996,0.9373533725738525,-0.0,1.9266386648617282,-0.4970537999007929,0.008718746786071319,114.69538278110743,3.580000162124634
4779.220956113521,-79.54463195800781,402.78887939453125,13.831222534179688,-0.39174509048461914,0.9200737476348877,-0.0,1.9733238584227628,-0.6415551012550091,0.008716132544670185,114.72978352210677,3.2100002765655518
4784.4086561440645,-81.68260192871094,407.51539611816406,13.794403076171875,-0.432524174451828,0.9016222953796387,-0.0,2.018086839684339,-0.7775121914133987,0.008595298488210279,116.3426728427928,3.3400001525878906
4789.477852709521,-83.9725341796875,412.0376892089844,13.751632690429688,-0.47124025225639343,0.8820048570632935,-0.0,2.0614927665098146,-0.9090455081614879,0.00858151227557602,116.52957752517771,3.500000238418579
4794.425095981765,-86.39544677734375,416.3507385253906,13.703506469726562,-0.5083280801773071,0.8611635565757751,-0.0,2.10403850393809,-1.039397683547083,0.00878932459785886,113.77438492186383,3.9800002574920654
4799.249948895328,-88.93580627441406,420.4523162841797,13.650222778320312,-0.5451271533966064,0.8383533954620361,-0.0,2.1473370950130346,-1.1782398148586504,0.009247737459624594,108.13455770840994,4.5400004386901855
4803.951237324887,-91.58413696289062,424.3362579345703,13.591445922851562,-0.5820688605308533,0.8131394982337952,-0.0,2.192066994120243,-1.3501824725477451,0.00991818768233177,100.82487164276968,5.340000152587891
4808.5293461838755,-94.33381652832031,427.99603271484375,13.525177001953125,-0.6197918057441711,0.7847662568092346,-0.0,2.2392737232763813,-1.5508534999544743,0.011276356904731166,88.68112356220605,6.339000225067139
4812.990001155828,-97.19007873535156,431.42149353027344,13.451507568359375,-0.6616155505180359,0.7498432397842407,-0.0,2.2937675538085576,-1.7409783385453181,0.013706191743456886,72.95972643001903,6.970000267028809
4817.344891973993,-100.17402648925781,434.59242248535156,13.37188720703125,-0.7096445560455322,0.704559862613678,-0.0,2.35978991915199,-1.9088763714886658,0.016283344084710993,61.41244665700673,7.430000305175781
4821.609081323028,-103.30570983886719,437.48529052734375,13.287124633789062,-0.7598726153373718,0.6500720381736755,-0.0,2.433913437572303,-1.9317177877490321,0.018534652090912207,53.95299545386739,7.843999862670898
4825.796435340173,-106.59483337402344,440.07554626464844,13.208541870117188,-0.8107689619064331,0.5853662490844727,-0.0,2.5162609227618824,-1.758965677395108,0.020991481851722282,47.63837098608421,8.842999458312988
4829.926769769808,-110.04859924316406,442.33973693847656,13.14068603515625,-0.8611703515052795,0.5083165168762207,-0.0,2.6083638883924603,-1.2425510749132007,0.02187957032592247,45.704736660903265,9.841999053955078
4833.996405094988,-113.64201354980469,444.24974060058594,13.106170654296875,-0.9022360444068909,0.4312423765659332,-0.0,2.695723300169831,-0.6592457780895788,0.02082858540277943,48.01094172562275,10.840998649597168
4838.020217126229,-117.33924865722656,445.8375549316406,13.087158203125,-0.9342679977416992,0.3565714955329895,-0.0,2.776997049731246,-0.4089951299628636,0.02070449248977524,48.29869655070476,11.839998245239258
4842.005813570211,-121.11958312988281,447.10003662109375,13.0733642578125,-0.9610341191291809,0.27642977237701416,-0.0,2.8615155248198567,0.2894787595287829,0.0216378903651977,46.2152263054441,12.838997840881348
4845.951909135744,-124.95474243164062,448.02842712402344,13.109619140625,-0.981432318687439,0.19180843234062195,-0.0,2.948588179187503,1.339330248196391,0.02337904009890024,42.77335578234628,12.637998580932617
4849.860624182115,-128.82249450683594,448.58863830566406,13.178253173828125,-0.9953438639640808,0.09638705104589462,-0.0,3.0450557221433794,2.1989650878811995,0.023748362896472752,42.108165702172506,11.638998985290527
4853.725840434911,-132.680908203125,448.7939453125,13.280181884765625,-0.999965488910675,0.008305627852678299,-0.0,3.133286930086459,2.773784143657254,0.022810594106465798,43.83927903554884,10.639999389648438
4857.578240493367,-136.52914428710938,448.65431213378906,13.392288208007812,-0.9968409538269043,-0.07942315936088562,-0.0,-3.062085752618291,2.5868100404131233,0.02219250673828954,45.060254426989246,9.640999794006348
4861.384426446067,-140.30645751953125,448.1944122314453,13.478591918945312,-0.9869529604911804,-0.16100887954235077,-0.0,-2.979879869685197,2.32045977020201,0.02263638054738437,44.17667382409993,8.642000198364258
4865.145693465355,-143.9876251220703,447.427490234375,13.567840576171875,-0.9687355756759644,-0.24809561669826508,-0.0,-2.8908787456492457,2.566999133170045,0.024053346572486367,41.57425649634379,7.643000602722168
4868.89031826172,-147.56756591796875,446.3340759277344,13.67120361328125,-0.9420047998428345,-0.3355995714664459,-0.0,-2.7993510315746795,2.9734620277860557,0.02436348618439288,41.0450291239763,7.0500006675720215
4872.591280997771,-150.9936065673828,444.93927001953125,13.789047241210938,-0.9080793857574463,-0.41879796981811523,-0.0,-2.709471423516023,3.3993248015073085,0.024383739440544616,41.01093691713369,6.178000450134277
4876.294684980163,-154.2808380126953,443.2388610839844,13.92291259765625,-0.8664304614067078,-0.49929794669151306,-0.0,-2.618804402816757,3.84927482897115,0.023611430698378122,42.35236791765822,5.179000377655029
4880.035922903922,-157.4368896484375,441.23565673828125,14.075790405273438,-0.8208870887756348,-0.5710904598236084,-0.0,-2.5337589935358835,4.28419046477968,0.021323628309797504,46.89633422003201,4.180000305175781
4883.859100851021,-160.48553466796875,438.93499755859375,14.247314453125,-0.7751424312591553,-0.6317864060401917,-0.0,-2.457736923731987,4.645666901598489,0.018922750394927634,52.84644034981598,3.4800002574920654
4887.81738049378,-163.459228515625,436.32945251464844,14.437728881835938,-0.728397786617279,-0.6851544976234436,-0.0,-2.386776879730094,4.928444185270764,0.015830360989849357,63.169753402415374,2.9900002479553223
4891.877319869866,-166.3326416015625,433.4685821533203,14.642730712890625,-0.6892410516738892,-0.7245320677757263,-0.0,-2.3312373819946037,5.123731828612144,0.010904223329462726,91.70758611464281,2.8000001907348633
4896.0039085319695,-169.12059020996094,430.43377685546875,14.857284545898438,-0.6646952629089355,-0.7471145987510681,-0.0,-2.297882178198458,5.233940659257974,0.005716047363050203,174.94606613378008,2.7700002193450928
4900.198580397926,-171.87942504882812,427.28175354003906,15.07830810546875,-0.654258131980896,-0.756271243095398,-0.0,-2.2839976204777455,5.270693758810152,0.0018789236120646535,532.2196142402781,2.7914843559265137
4904.502189150645,-174.6861114501953,424.02720642089844,15.305206298828125,-0.652920663356781,-0.7574263215065002,-0.0,-2.282230410986082,5.248854738154063,-7.68788524538877e-05,13007.47823466544,2.6600000858306885
4908.971297999912,-177.60446166992188,420.65057373046875,15.5386962890625,-0.6548923850059509,-0.755722165107727,-0.0,-2.2848365266705915,5.1688718018253255,-0.0004905663200478472,2038.4603653639847,2.7093005180358887
4913.649606688993,-180.66770935058594,417.12269592285156,15.777786254882812,-0.6562830209732056,-0.754514753818512,-0.0,-2.2866781866460366,5.011279653229028,-0.0002503471895984877,3994.4526703248475,2.8364434242248535
4918.567569320352,-183.8920440673828,413.41705322265625,16.01910400390625,-0.6566528677940369,-0.7541928887367249,-0.0,-2.287168476181107,4.777604288232018,-4.545029463964845e-05,22002.057586831408,3.010291576385498
4923.800876085039,-187.32473754882812,409.4743194580078,16.261932373046875,-0.6566044092178345,-0.754235029220581,-0.0,-2.2871042573893035,4.474820482198005,2.5744989974874066e-05,38842.50881340231,3.1997087001800537
4929.323260344315,-190.94674682617188,405.3124237060547,16.499420166015625,-0.6564380526542664,-0.7543800473213196,-0.0,-2.286883565915818,4.096169757022539,2.595378005587623e-05,38530.03292187447,3.3735570907592773
4935.109801410729,-194.74172973632812,400.94989013671875,16.72406005859375,-0.6563887596130371,-0.7544227838516235,-0.0,-2.286818326347963,3.635987022155085,0.00012940872852018614,7727.454024432459,3.500699996948242
4941.154357860446,-198.7039794921875,396.3896789550781,16.928298950195312,-0.6552351117134094,-0.7554249167442322,-0.0,-2.2852901985717495,3.0856712899771654,0.00037976240408865714,2633.22537785111,3.5500001907348633
4947.457300096392,-202.82504272460938,391.62384033203125,17.103515625,-0.6527932286262512,-0.7575361132621765,-0.0,-2.282062203259103,2.4366696390776044,0.0006268773135212902,1595.2084697128503,3.5500001907348633
4954.021049214126,-207.0966339111328,386.64210510253906,17.239990234375,-0.6490743160247803,-0.7607250213623047,-0.0,-2.2771632754224913,1.6793391027063453,0.0006675581239001804,1497.9968997419157,3.880000352859497
4960.832340172505,-211.5072784423828,381.45245361328125,17.32611083984375,-0.6460339426994324,-0.7633087635040283,-0.0,-2.273173336407891,0.8138317004948048,0.0004832639652053716,2069.2624983429755,3.098999261856079
4967.836482413745,-216.02493286132812,376.1000518798828,17.350662231445312,-0.6440115571022034,-0.765015721321106,-0.0,-2.2705268760640736,0.163792883249525,9.690072361023816e-05,10319.840376241977,2.099999189376831
4974.931954064408,-220.59671020507812,370.67376708984375,17.348861694335938,-0.6450299024581909,-0.7641573548316956,-0.0,-2.2718587246192357,-0.07411308589027055,-0.0001584467234028164,6311.269671747752,2.349998950958252
4981.998359073716,-225.15773010253906,365.2764434814453,17.340194702148438,-0.6457278728485107,-0.7635676264762878,-0.0,-2.2727724763570785,-0.1711935717274793,1.8348365910525466e-05,54500.766165032386,2.5499987602233887
4988.975786963016,-229.660888671875,359.9467315673828,17.324905395507812,-0.6448529958724976,-0.7643067836761475,-0.0,-2.2716271541084967,-0.26420525524646354,0.00037769870062709376,2647.61302683779,2.7999985218048096
4995.861443254539,-234.0917205810547,354.6761016845703,17.30364990234375,-0.6417508125305176,-0.7669132351875305,-0.0,-2.267575345713657,-0.3517493026448548,0.0007376142282202736,1355.7222213741927,2.9999983310699463
5002.65429280644,-238.43609619140625,349.4541778564453,17.276870727539062,-0.6371300220489502,-0.7707564234733582,-0.0,-2.261565195383993,-0.43530935209459276,0.0009240008545452483,1082.2500813510126,3.249998092651367
5009.353308840913,-242.68800354003906,344.277587890625,17.2449951171875,-0.6321461200714111,-0.7748491764068604,-0.0,-2.2551161607502204,-0.5220947820657296,0.001056747186544027,946.3001299964542,3.5499978065490723
5015.957211971294,-246.84402465820312,339.14556884765625,17.207504272460938,-0.6262460947036743,-0.7796254754066467,-0.0,-2.247525139230766,-0.6108291503849728,0.0012591993262121015,794.1554440059781,3.8999974727630615
5022.466343438546,-250.89859008789062,334.0536651611328,17.16497802734375,-0.6192824840545654,-0.7851682305335999,-0.0,-2.2386248847038774,-0.6945027970932216,0.0015587034534935151,641.558853134446,4.249998092651367
5028.880621140155,-254.84414672851562,328.9966583251953,17.117828369140625,-0.6104440689086914,-0.7920594215393066,-0.0,-2.2274174136063327,-0.7770806205280145,0.0019052440586564412,524.8671399637849,4.699999809265137
5035.200618054435,-258.6700744628906,323.966552734375,17.06610107421875,-0.6000760793685913,-0.7999429106712341,-0.0,-2.2143925526822943,-0.8597794526239211,0.001960829358733762,509.98828406249817,5.2000017166137695
5041.426327306432,-262.37709045410156,318.9651184082031,17.010040283203125,-0.5907615423202515,-0.8068462014198303,-0.0,-2.2027986951559018,-0.9425119681501393,0.0017747582746754365,563.457015115412,5.750003814697266
5047.558264039845,-265.9741516113281,313.9994201660156,16.94970703125,-0.5823757648468018,-0.8129197955131531,-0.0,-2.1924444322388967,-1.0242687310129117,0.001482125225665487,674.7068214502532,6.300005912780762
5053.595822294756,-269.4706115722656,309.0777587890625,16.885467529296875,-0.5760818123817444,-0.817392110824585,-0.0,-2.184723309858791,-1.1045768807146805,0.0010498317464888718,952.5335877339083,6.850008010864258
5059.540519759457,-272.8841094970703,304.2112579345703,16.817428588867188,-0.5720692873001099,-0.8202052712440491,-0.0,-2.1798228735271628,-1.2349944627220388,0.0008790971480092669,1137.5307066625344,7.400010108947754
5065.393664433687,-276.22132873535156,299.4033203125,16.73992919921875,-0.5675816535949707,-0.8233172297477722,-0.0,-2.1743618100907067,-1.3738904904375238,0.0012278762008437472,814.41435163646,7.95001220703125
5071.15640321796,-279.47230529785156,294.6458435058594,16.657928466796875,-0.560356855392456,-0.828251302242279,-0.0,-2.1656129095721184,-1.4740814840499494,0.0017005850155160651,588.0329362402013,8.500014305114746
5076.828847066304,-282.6251220703125,289.93109130859375,16.571456909179688,-0.551491916179657,-0.8341802358627319,-0.0,-2.154947991485434,-1.5560318765267311,0.0017382441882910493,575.293164640549,9.000016212463379
5082.408843138408,-285.6827087402344,285.26422119140625,16.482894897460938,-0.5440286993980408,-0.8390666246414185,-0.0,-2.1460274014431673,-1.6072859296623276,0.0015287419089543564,654.1326525704981,9.550018310546875
5087.935684534673,-288.6705780029297,280.6155090332031,16.392959594726562,-0.5372428894042969,-0.8434275388717651,-0.0,-2.1379611046334936,-1.6381662816907783,0.0013682250051469946,730.8739397673597,10.100020408630371
5093.342913187049,-291.5597229003906,276.04571533203125,16.303802490234375,-0.5313973426818848,-0.8471227288246155,-0.0,-2.1310455398602732,-1.6511460575289183,0.001272474051303707,785.870642293613,10.600022315979004
5098.630084194456,-294.3545227050781,271.5584411621094,16.216384887695312,-0.5257145166397095,-0.8506609797477722,-0.0,-2.124351221313357,-1.6577242613734944,0.0013752173880725582,727.1577633275524,11.050024032592773
5103.795434763276,-297.05348205566406,267.15513610839844,16.130538940429688,-0.5191883444786072,-0.8546598553657532,-0.0,-2.116697319083599,-1.6686021528542483,0.0016701232354823237,598.7582106246218,11.45002555847168
5108.836495793416,-299.6510925292969,262.835693359375,16.046096801757812,-0.5111783146858215,-0.8594747185707092,-0.0,-2.107351511585126,-1.6733902820635027,0.0020340486506660316,491.6303253968673,11.850027084350586
5113.750746002412,-302.1409149169922,258.59967041015625,15.963943481445312,-0.5018156170845032,-0.8649746775627136,-0.0,-2.0964928374497207,-1.667304102741518,0.0025346533501022783,394.53126793833485,12.150028228759766
5118.535782248851,-304.5147247314453,254.4457244873047,15.884368896484375,-0.4899686276912689,-0.8717401027679443,-0.0,-2.082850073543655,-1.65924183138777,0.0033958605859740754,294.4761643426413,12.450029373168945
5123.189182320889,-306.75877380371094,250.36988830566406,15.807327270507812,-0.47396329045295715,-0.8805445432662964,-0.0,-2.064582663236439,-1.6484450714141508,0.004254814859710132,235.02785267327167,12.750030517578125
5127.7077951631345,-308.8591613769531,246.3697967529297,15.733154296875,-0.45566219091415405,-0.8901527523994446,-0.0,-2.043912318002193,-1.6475137128472817,0.003930460446843975,254.42311747545142,13.000031471252441
5132.091578604736,-310.82537841796875,242.45236206054688,15.660675048828125,-0.4427153766155243,-0.896662175655365,-0.0,-2.0294210697747266,-1.6493487916874106,0.002386167088423763,419.0821358870442,13.200032234191895
5136.343348389069,-312.6927490234375,238.6332550048828,15.590713500976562,-0.4370093047618866,-0.8994569182395935,-0.0,-2.0230673322048873,-1.6147960522792548,0.00046248381243341186,2162.2378407978968,12.438998222351074
5140.465476048182,-314.4951477050781,234.9266357421875,15.525375366210938,-0.43900278210639954,-0.8984857201576233,-0.0,-2.0252848037069358,-1.538296043980214,-0.0029439149598182723,339.68372512422366,11.439998626708984
5144.457467706252,-316.2790069580078,231.3558807373047,15.465774536132812,-0.457820326089859,-0.8890447020530701,-0.0,-2.04633828713275,-1.4107950503820632,-0.009648059670714026,103.64778350567485,10.440999031066895
5148.3238408257475,-318.1349639892578,227.9644775390625,15.414306640625,-0.5048643350601196,-0.8631986975669861,-0.0,-2.1000211229486125,-1.2136690674565909,-0.01791403175393813,55.82216296899022,9.441999435424805
5152.089884180216,-320.1686706542969,224.79502868652344,15.372909545898438,-0.5740727186203003,-0.8188042640686035,-0.0,-2.1822675742323887,-0.9652192686107952,-0.02322894840050993,43.049731858634104,8.442999839782715
5155.7849640105715,-322.42486572265625,221.868896484375,15.34210205078125,-0.6460082530975342,-0.7633303999900818,-0.0,-2.273139749406681,-0.6994901015687116,-0.025005771307406777,39.99076803936847,7.444000244140625
5159.431451861156,-324.90577697753906,219.196533203125,15.321426391601562,-0.7138726711273193,-0.7002755403518677,-0.0,-2.36580926159482,-0.46038642280197273,-0.0257731139436419,38.800123345075846,6.5400004386901855
5163.032325792806,-327.5909423828125,216.79736328125,15.308639526367188,-0.7765036225318909,-0.6301127672195435,-0.0,-2.4598942161987227,-0.23125900024760782,-0.02614524136484686,38.24787792338123,5.978400230407715
5166.578907165973,-330.4446563720703,214.6915283203125,15.304763793945312,-0.8315447568893433,-0.5554576516151428,-0.0,-2.552679387162189,-0.18947084860529984,-0.026827690546918026,37.27491929471657,4.979400157928467
5170.069592398109,-333.4355773925781,212.89175415039062,15.295394897460938,-0.8809270858764648,-0.47325196862220764,-0.0,-2.6486139790075383,-0.2562367826135059,-0.026854447121227087,37.23778022633541,3.980400323867798
5173.5052994622965,-336.53076171875,211.40049743652344,15.287002563476562,-0.9199512600898743,-0.39203283190727234,-0.0,-2.7387523947300885,-0.8684452791915653,-0.025112432085397263,39.820914063576275,3.000800132751465
5176.878078687603,-339.68434143066406,210.20547485351562,15.237045288085938,-0.9486483931541443,-0.31633248925209045,-0.0,-2.819731712112294,-1.9248954287271136,-0.02839502536625904,35.21743640307749,2.5900001525878906
5180.209260216056,-342.89512634277344,209.3214874267578,15.1583251953125,-0.9774342179298401,-0.21124030649662018,-0.0,-2.9287489389104073,-1.7023344942334262,-0.03447781872182665,29.004155050184092,2.120000123977661
5183.545216217942,-346.19305419921875,208.82041931152344,15.123611450195312,-0.995773196220398,-0.09184622019529343,-0.0,-3.049616808477059,-0.6757425743942225,-0.03602436370420459,27.758991337389947,2.4700002670288086
5186.924993288253,-349.57115173339844,208.71438598632812,15.113265991210938,-0.9995776414871216,0.02906390093266964,-0.0,3.112524661834221,0.2585072941656996,-0.03370593280470913,29.668367459045307,2.7900002002716064
5190.35920231144,-352.9932098388672,209.00160217285156,15.141845703125,-0.9905667304992676,0.13703204691410065,-0.0,3.0041280980041405,0.8847273803212374,-0.030118277548003114,33.20242993332471,3.4600002765655518
5193.84515192947,-356.4176940917969,209.6525115966797,15.174545288085938,-0.9719667434692383,0.235118567943573,-0.0,2.904252110689229,0.8259801724321392,-0.027014822294917362,37.016715826709046,4.047000408172607
5197.381972432109,-359.8134460449219,210.64111328125,15.199737548828125,-0.9470051527023315,0.3212183713912964,-0.0,2.8145768947490275,0.699606627469862,-0.0212916324226744,46.96680743628919,5.0460004806518555
5201.0065885277445,-363.2058868408203,211.91726684570312,15.224624633789062,-0.9252520203590393,0.37935298681259155,-0.0,2.7524957385400692,0.6670191786369184,-0.014169186398498512,70.57568246162451,6.0450005531311035
5204.757935870474,-366.64414978027344,213.41738891601562,15.248886108398438,-0.9086469411849976,0.41756531596183777,-0.0,2.7108284625722794,0.6550630101999522,-0.008324536928446147,120.12680207866643,7.044000625610352
5208.7046939735355,-370.2135467529297,215.101318359375,15.27508544921875,-0.8995473384857178,0.436823308467865,-0.0,2.689528458334225,0.7732656706950447,-0.0033151531062698414,301.6451934327656,8.043000221252441
5212.869773492118,-373.95982360839844,216.9211883544922,15.312103271484375,-0.8975028991699219,0.4410085380077362,-0.0,2.684870570655708,0.78303255004053,-0.0003433229977141128,2912.709042674462,9.041999816894531
5217.232071482276,-377.8762512207031,218.84222412109375,15.3414306640625,-0.8984021544456482,0.4391739070415497,-0.0,2.6869137378034598,0.7525324292948721,-0.0008811140432464226,1134.9268663515427,10.040999412536621
5221.781192671545,-381.94700622558594,220.87249755859375,15.379470825195312,-0.8937816023826599,0.44850242137908936,-0.0,2.676503567154088,0.8361786022306639,-0.00296792841824578,336.9353498731141,10.595002174377441
5226.509490742933,-386.15528869628906,223.02786254882812,15.41900634765625,-0.8858553767204285,0.46396151185035706,-0.0,2.65913071127799,0.6954195476433611,-0.005887862649913367,169.84091842134154,9.596002578735352
5231.346097344578,-390.39817810058594,225.3494873046875,15.4456787109375,-0.866878092288971,0.49852025508880615,-0.0,2.6197017196970305,0.4808188723216533,-0.009112670398324196,109.73731697614106,8.597002983093262
5236.218168310304,-394.5615539550781,227.87989807128906,15.46563720703125,-0.8413596749305725,0.540475606918335,-0.0,2.5705903580030607,0.25110755288768605,-0.010701851904234005,93.44177147549267,7.598003387451172
5241.007113326017,-398.52088928222656,230.5738983154297,15.470199584960938,-0.8108581900596619,0.5852425694465637,-0.0,2.51641342953685,0.013481220866751187,-0.012845965232091139,77.84545434560657,6.599003314971924
5245.689247552039,-402.227294921875,233.43482971191406,15.467086791992188,-0.7697520852088928,0.6383429169654846,-0.0,2.449249043805638,0.1176134570965992,-0.014495929526689655,68.98488283616565,5.600003242492676
5250.26112530219,-405.64727783203125,236.46890258789062,15.480682373046875,-0.7253237366676331,0.6884079575538635,-0.0,2.3823008527575973,0.48564303194593705,-0.015468401424409306,64.64792143433704,4.649999618530273
5254.734864154507,-408.78074645996094,239.66183471679688,15.510650634765625,-0.6733211874961853,0.7393501400947571,-0.0,2.30948799142106,0.6596626097239655,-0.018090616230829193,55.277276751681136,3.8999974727630615
5259.153373713465,-411.61614990234375,243.05047607421875,15.539352416992188,-0.6058529019355774,0.7955766320228577,-0.0,2.2216338440412433,0.7063023448695471,-0.019016873442079363,52.58487958316333,3.3499979972839355
5263.541155719925,-414.1211853027344,246.65274047851562,15.57281494140625,-0.5406171083450317,0.84126877784729,-0.0,2.1419668036331543,0.8579414458469659,-0.01756102826610484,56.944273697807056,2.899998426437378
5267.89376440218,-416.3328094482422,250.4013671875,15.614273071289062,-0.4770592451095581,0.8788712620735168,-0.0,2.0681018701425056,0.9947879915486846,-0.016866694734442134,59.2884388876725,2.2999989986419678
5272.189350211522,-418.25416564941406,254.2430419921875,15.658798217773438,-0.41258704662323,0.9109181761741638,-0.0,1.9960886124842774,1.0750625779911482,-0.017529953296672396,57.045217581373926,1.7499994039535522
5276.4227437743075,-419.8583679199219,258.1604309082031,15.705917358398438,-0.3409125804901123,0.9400950074195862,-0.0,1.9186837839694826,1.1181468996550814,-0.01836607972387483,54.448200978897994,1.9999991655349731
5280.5920801355605,-421.1287384033203,262.13124084472656,15.75274658203125,-0.2676733732223511,0.963509738445282,-0.0,1.8417737969703138,1.1185109406047777,-0.0190106318552844,52.60214429548428,2.599998712539673
5284.694734165027,-422.0655517578125,266.125244140625,15.798446655273438,-0.189552441239357,0.9818705320358276,-0.0,1.7615026432832463,1.0653162746867118,-0.019712601326425383,50.72897196269411,2.899998426437378
5288.727051901074,-422.6737365722656,270.11122131347656,15.8394775390625,-0.11041093617677689,0.9938859939575195,-0.0,1.6814328345072498,0.9465750742705392,-0.019681136227634566,50.810074603105775,3.898998498916626
5292.695217650448,-422.95875549316406,274.06898498535156,15.874267578125,-0.03321921452879906,0.9994481801986694,-0.0,1.6040216510066798,0.7913252184327924,-0.01905174352148853,52.4886343799504,4.897998332977295
5296.612314824736,-422.9455261230469,277.9859619140625,15.901962280273438,0.039627429097890854,0.9992145895957947,-0.0,1.531158521545612,0.4760154609591005,-0.01819055764885147,54.97357581355615,5.896998405456543
5300.45036589335,-422.65985107421875,281.8133544921875,15.911544799804688,0.10770013183355331,0.9941834807395935,-0.0,1.4628868986501464,-0.10761651675652573,-0.019745657497863167,50.64404667751468,6.895998477935791
5304.195809314398,-422.11151123046875,285.5184020996094,15.894454956054688,0.18789713084697723,0.9821887612342834,-0.0,1.381775632752098,-0.5875916298803574,-0.02390185472916806,41.83775741803308,7.894998550415039
5307.927567419057,-421.2305145263672,289.1445770263672,15.867645263671875,0.28266096115112305,0.9592199325561523,-0.0,1.2842292725794173,-0.5560775767765147,-0.024348945350131546,41.06954061542536,8.893998146057129
5311.733309646258,-419.9969177246094,292.74481201171875,15.852783203125,0.36374327540397644,0.9314992427825928,-0.0,1.1985130234364159,-0.5208978432497124,-0.02048731739220122,48.81068520862882,9.892997741699219
5315.691516653263,-418.41627502441406,296.3736267089844,15.826797485351562,0.43045464158058167,0.9026122093200684,-0.0,1.1257999146926332,-0.7352715622362949,-0.015939878268018348,62.735736320295025,10.891997337341309
5319.823948282201,-416.5337677001953,300.0522155761719,15.793014526367188,0.47976037859916687,0.8773995041847229,-0.0,1.0704147144888871,-1.076442803836808,-0.010508554945019233,95.16056253519163,11.890996932983398
5324.132686152308,-414.4003448486328,303.7952575683594,15.735000610351562,0.5078254342079163,0.8614599108695984,-0.0,1.038137655297018,-1.4292959306602349,-0.004913683954552606,203.51329252128318,12.800030708312988
5328.609434612883,-412.1044921875,307.63787841796875,15.667160034179688,0.5164223313331604,0.8563340306282043,-0.0,1.0281285528142874,-1.5828084458710645,-0.0016926451519774233,590.79128240893,12.850030899047852
5333.2728373470845,-409.6854705810547,311.6240692138672,15.590072631835938,0.520915150642395,0.8536084294319153,-0.0,1.0228736130826697,-1.7039983327698183,-0.0009875073538272439,1012.6506867258647,12.900031089782715
5338.155169382042,-407.1336364746094,315.7855529785156,15.5042724609375,0.5244183540344238,0.8514608144760132,-0.0,1.0187645125566795,-1.7867174746409642,-0.0007944650746931625,1258.708572414236,12.900031089782715
5343.254916907209,-404.4499969482422,320.12109375,15.411590576171875,0.5276503562927246,0.8494616150856018,-0.0,1.0149641633989035,-1.8230909913433013,-0.000585047542138506,1709.2627999849915,12.900031089782715
5348.619819515623,-401.6155090332031,324.6750183105469,15.313461303710938,0.5295474529266357,0.8482803106307983,-0.0,1.0127293349669453,-1.8077722273877272,-0.00048324386084686033,2069.3485857172623,12.900031089782715
5354.208690012903,-398.6484069824219,329.4101867675781,15.213668823242188,0.5321652889251709,0.8466405272483826,-0.0,1.0096403283110214,-1.7332114385227415,-0.00026834801726693946,3726.504150039048,12.900031089782715
5360.03912547447,-395.5456848144531,334.34552001953125,15.115798950195312,0.5320255756378174,0.8467283248901367,-0.0,1.0098053380883496,-1.5935438390755507,0.0003233585952885365,3092.541885604398,12.850030899047852
5366.137248716253,-392.31077575683594,339.5140838623047,15.0240478515625,0.5287585258483887,0.8487723469734192,-0.0,1.0136591229692364,-1.3937122161793436,0.0007336750991951968,1363.0011446441997,12.800030708312988
5372.499652188166,-388.9613037109375,344.92283630371094,14.942733764648438,0.5242158770561218,0.8515853881835938,-0.0,1.01900224250003,-1.2081974959302855,0.0008765978610010272,1140.7739449170617,12.800030708312988
5379.123292943109,-385.50624084472656,350.5734558105469,14.867523193359375,0.5190456509590149,0.8547465205192566,-0.0,1.0250622844667288,-1.061223757521379,0.0006115458118340911,1635.200471737176,12.850030899047852
5386.0586419415795,-381.9139404296875,356.50555419921875,14.79931640625,0.5173022747039795,0.8558026552200317,-0.0,1.0271006129624478,-0.8833522962717666,-0.001518490458974564,658.548754185324,12.850030899047852
5391.945209277638,-378.7421569824219,361.4643096923828,14.7523193359375,0.5325608849525452,0.8462668657302856,-0.0,1.009106494585931,-0.7983781995427917,-0.0030568100811983476,327.1384133907248,12.850030899047852
