s_m,x_m,y_m,z_m,dir_x,dir_y,dir_z,heading_rad,slope_pct,curvature_1_per_m,radius_m,width_m
0.0,192.14256286621094,365.5179748535156,2.787994384765625,0.2508210241794586,0.968033492565155,0.0,1.31726803232328,-0.4579091270650485,0.0010276625835638421,973.0820368414011,9.600018501281738
5.175022294477268,193.26087951660156,370.57066345214844,2.7642974853515625,0.24566932022571564,0.9693536758422852,0.0,1.322586209104423,-0.4024621560608427,0.0002722456638214882,3673.1530852065334,9.900019645690918
10.577487775809468,194.59532165527344,375.8056945800781,2.7456817626953125,0.24837256968021393,0.9686646461486816,0.0,1.3197965273650645,-0.27794722076095457,-0.0005785835050027277,1728.3589859605236,10.100020408630371
15.760708476851239,195.89108276367188,380.82432556152344,2.734588623046875,0.2515758275985718,0.9678376317024231,0.0,1.3164882312738815,-0.1508716605166882,-0.0006724719279801727,1487.0509212237096,10.300021171569824
20.72113332544984,197.14700317382812,385.6231231689453,2.7301025390625,0.2549598813056946,0.9669516682624817,0.0,1.312990122887765,-0.03539181399780378,-0.0007919299494417165,1262.737948861469,10.450021743774414
25.4291783922756,198.3561553955078,390.1732482910156,2.73089599609375,0.25893765687942505,0.9658940434455872,0.0,1.3088741428124417,0.043056047450523716,-0.0010464085856126126,955.6496513401187,10.600022315979004
29.832989746620562,199.5076141357422,394.4238586425781,2.7338714599609375,0.26406997442245483,0.9645034670829773,0.0,1.303556769967277,0.09423597113313864,-0.0012437672975873226,804.0089186617256,10.70002269744873
33.965516141042016,200.61077880859375,398.4064178466797,2.738800048828125,0.26915958523750305,0.9630956053733826,0.0,1.2982760239214366,0.1414225819091952,-0.0010505135694435785,951.9153574852595,10.800023078918457
37.874568086807066,201.6683807373047,402.169677734375,2.745147705078125,0.2723035216331482,0.9622114300727844,0.0,1.2950101226489987,0.18323746486861858,-0.0012125979188748193,824.6756690197103,10.85002326965332
41.587012518676694,202.68907165527344,405.7390441894531,2.752685546875,0.2779098451137543,0.9606071710586548,0.0,1.289178775871541,0.21590193601331298,-0.0018329659558230793,545.5638697615404,10.85002326965332
45.12488864812118,203.6850128173828,409.1338348388672,2.7607574462890625,0.28498080372810364,0.9585332274436951,0.0,1.2818099263784102,0.23267335591207194,-0.0023631481831095924,423.1643225538787,10.85002326965332
48.50515906928936,204.66261291503906,412.36964416503906,2.768768310546875,0.29349401593208313,0.9559609293937683,0.0,1.2729165570000422,0.24013891841425106,-0.003049924619300204,327.8769559325853,10.85002326965332
51.7308149464786,205.6248016357422,415.4484405517578,2.776611328125,0.3041131794452667,0.9526358842849731,0.0,1.2617889410374201,0.22762526682317819,-0.00344197560373391,290.5308215767666,10.800023078918457
54.80656376630305,206.57484436035156,418.373779296875,2.7831573486328125,0.3141596019268036,0.9493701457977295,0.0,1.2512250072588098,0.18099057197696888,-0.004364570815920177,229.11760220556104,10.70002269744873
57.74540154117567,207.519287109375,421.15672302246094,2.7875823974609375,0.32877814769744873,0.9444072246551514,0.0,1.2357868338006555,0.11719498265526651,-0.0052483173350867385,190.53725911630173,10.55002212524414
60.5539247531253,208.4612579345703,423.8025665283203,2.78997802734375,0.34265029430389404,0.9394630193710327,0.0,1.2210597998090038,0.03696708622974443,-0.006553254830334254,152.5959276558446,10.40002155303955
63.25925023160065,209.41317749023438,426.3348846435547,2.7897186279296875,0.36243370175361633,0.9320095181465149,0.0,1.1999185000373593,-0.07311323308305528,-0.009898381743768142,101.02661484333876,10.150020599365234
65.93202246573979,210.41761779785156,428.8117370605469,2.7860870361328125,0.3920290470123291,0.9199528694152832,0.0,1.1679601807622195,-0.25020180999344444,-0.015872959405895143,63.000224118799466,9.950019836425781
68.59036998093148,211.5195770263672,431.2309112548828,2.7764129638671875,0.43980884552001953,0.8980914354324341,0.0,1.11541052123991,-0.5135314722915951,-0.021855185247155268,45.7557320467079,9.650018692016602
71.28743238044726,212.78323364257812,433.6135559082031,2.7584686279296875,0.4969169497489929,0.8677980899810791,0.0,1.050753901665697,-0.9054589914000488,-0.023998210307501072,41.66977400341525,9.200016975402832
74.02964040101003,214.22305297851562,435.9471435546875,2.7269439697265625,0.5529668927192688,0.8332032561302185,0.0,0.9848754685231752,-1.428170748765284,-0.024671013598868058,40.53339746227052,8.650014877319336
76.81156008245924,215.84034729003906,438.21014404296875,2.679351806640625,0.610253095626831,0.7922065258026123,0.0,0.914416301084892,-1.9853761591786978,-0.026702049344076467,37.450309042359635,8.000012397766113
79.63536485561013,217.64837646484375,440.37828063964844,2.61541748046875,0.6711219549179077,0.7413468956947327,0.0,0.8350751273789683,-2.566585496795221,-0.028224813609900257,35.42981767111602,7.049005031585693
82.50648867814495,219.66070556640625,442.4245147705078,2.53289794921875,0.7291852235794067,0.6843164563179016,0.0,0.7536658302692127,-2.964197267307661,-0.027028632253933038,36.99780257487821,6.050004959106445
85.43339595900893,221.86834716796875,444.34417724609375,2.443450927734375,0.7785077095031738,0.6276350021362305,0.0,0.6785116375271518,-3.0391554319530667,-0.02485352148846942,40.235746892606,5.097998142242432
88.4180454136856,224.25628662109375,446.1324005126953,2.3532562255859375,0.8214548230171204,0.5702735781669617,0.0,0.6068388646290664,-2.9841708496131214,-0.024641653688068435,40.581691986208014,4.098998069763184
91.45926421731804,226.81690979003906,447.770751953125,2.263671875,0.8628309965133667,0.5054923892021179,0.0,0.5299525709297102,-2.764908344246486,-0.027161078234177877,36.81738962563201,3.0999982357025146
94.54342183958201,229.54302978515625,449.21087646484375,2.184051513671875,0.9046218991279602,0.42621490359306335,0.0,0.4403044751296179,-2.370434496548751,-0.030174373496792424,33.140704648144606,2.399998903274536
97.65784270331908,232.42056274414062,450.40037536621094,2.1168670654296875,0.9418014287948608,0.3361697793006897,0.0,0.3428470117548294,-1.9064554412734913,-0.03218558595719665,31.069808743885908,1.8499993085861206
100.79356998015548,235.42343139648438,451.3019714355469,2.06500244140625,0.9715511798858643,0.23682989180088043,0.0,0.23910160023986837,-1.3116882941425823,-0.03413117578036057,29.298726959632326,1.4499996900558472
103.92171979056342,238.4982452392578,451.87635803222656,2.0346527099609375,0.9916821122169495,0.1287112981081009,0.0,0.1290693579963183,-0.4706729452442937,-0.035340896967878344,28.295829642040747,1.2999998331069946
107.03484186430958,241.60292053222656,452.10552978515625,2.0354766845703125,0.9998282790184021,0.0185333713889122,0.0,0.018534431864655903,0.41784867941979664,-0.034643223701985575,28.865673951200016,1.4499996900558472
110.15304128431588,244.71917724609375,451.9984130859375,2.06072998046875,0.9962356686592102,-0.08668600022792816,0.0,-0.08679493674734325,1.191486264747016,-0.033294445873855556,30.035039591550895,1.7499994039535522
113.29251739737045,247.8282928466797,451.565673828125,2.110198974609375,0.9820437431335449,-0.1886533796787262,0.0,-0.18979072166654085,1.782873945944241,-0.03182241736104039,31.424388306347897,2.2499990463256836
116.46218907256919,250.90719604492188,450.8152160644531,2.17333984375,0.9589536190032959,-0.28356295824050903,0.0,-0.28750754434261955,1.8465507702405848,-0.030307615960124365,32.99500697500248,2.7499985694885254
119.68137905284696,253.9466552734375,449.7560272216797,2.22802734375,0.9274094104766846,-0.3740478456020355,0.0,-0.3833698787210972,1.662123812952998,-0.029487629477423304,33.91252595484601,3.0999982357025146
122.95604574485687,256.9207763671875,448.3866424560547,2.2812347412109375,0.8874731063842773,-0.4608595073223114,0.0,-0.4789634435424842,1.7446491542743248,-0.027241655113807925,36.70848910693139,3.3499979972839355
126.29727544014898,259.81524658203125,446.7187194824219,2.3436126708984375,0.8454785943031311,-0.5340093374252319,0.0,-0.5633355866732395,1.9246070335419474,-0.021715042367320483,46.051026891152894,3.6499977111816406
129.72845199430927,262.6534423828125,444.79180908203125,2.41168212890625,0.8107396960258484,-0.5854067802429199,0.0,-0.6253817234942289,1.8373365956704246,-0.0162648582801434,61.48224489732125,3.3499979972839355
133.2715520353672,265.47216796875,442.64593505859375,2.4714202880859375,0.779857873916626,-0.6259565949440002,0.0,-0.6763575723831264,1.6828939272850285,-0.01534746534302113,65.15733886017371,3.6499977111816406
136.93171721479365,268.25892639160156,440.2738037109375,2.53289794921875,0.7410509586334229,-0.6714487671852112,0.0,-0.7361620905781875,1.812360163418797,-0.017856525302622703,56.00193671795282,3.8999974727630615
140.70569692073397,270.96240234375,437.6415557861328,2.6064605712890625,0.6898921132087708,-0.7239121794700623,0.0,-0.8094563040085176,2.1152875810221516,-0.01942869094305448,51.47027161690931,4.049997329711914
144.59071291607128,273.5325927734375,434.7295837402344,2.695281982421875,0.6333141922950745,-0.7738947868347168,0.0,-0.8849680987798109,2.4375731607426507,-0.017914271385476535,55.8214162598162,4.199997901916504
148.58773737676907,275.9559783935547,431.5526885986328,2.7989349365234375,0.5814297795295715,-0.8135965466499329,0.0,-0.9503113552329044,2.746969901717622,-0.014478425617282159,69.06828314304775,4.2999982833862305
152.7058121713212,278.2596130371094,428.1413116455078,2.9185791015625,0.5386161804199219,-0.8425512313842773,0.0,-1.0020024867285822,3.0210625879849964,-0.012387381622230867,80.72731029819586,4.349998474121094
156.95293607262266,280.4541931152344,424.507568359375,3.0519561767578125,0.49419209361076355,-0.8693526983261108,0.0,-1.053891043127,3.1964617448521357,-0.013008957538065469,76.87011023549759,4.399998664855957
161.32266186419287,282.498779296875,420.64830017089844,3.19415283203125,0.44080981612205505,-0.8976004719734192,0.0,-1.114295627783198,3.370898342109363,-0.013988028809955935,71.48970119994699,4.399998664855957
165.80330468168162,284.3439178466797,416.5682067871094,3.350555419921875,0.38302525877952576,-0.9237378835678101,0.0,-1.1777272319607641,3.6395550972787127,-0.013909456676263282,71.89353425331966,4.249998092651367
170.3847649479134,285.9635009765625,412.2860870361328,3.5242767333984375,0.324518084526062,-0.9458794593811035,0.0,-1.2402941220704098,3.949269260186261,-0.012762027275936061,78.35745672520142,3.9499974250793457
175.06297840651254,287.35169982910156,407.8227233886719,3.716552734375,0.27161604166030884,-0.9624056816101074,0.0,-1.295724519170223,4.257448388298807,-0.010674718027156527,93.67928946282196,3.5499978065490723
179.84035972866192,288.5409698486328,403.2005310058594,3.9271392822265625,0.2277844250202179,-0.9737115502357483,0.0,-1.3409946347159478,4.414885024973758,-0.008889610099356515,112.49087292055545,2.9999983310699463
184.69658208782485,289.55030822753906,398.45521545410156,4.141876220703125,0.18839344382286072,-0.9820936322212219,0.0,-1.3812702852568886,4.29539991743475,-0.007820152196141072,127.87474909931541,2.399998903274536
189.58343999232062,290.38336181640625,393.6441955566406,4.3455657958984375,0.15303470194339752,-0.9882208108901978,0.0,-1.4171579039998026,4.240916917764325,-0.007218859355753837,138.52604001807345,1.9999991655349731
194.51504085661324,291.0513610839844,388.76268005371094,4.5583343505859375,0.11838094145059586,-0.9929683208465576,0.0,-1.45213713557099,4.623236488444077,-0.007149789735653889,139.86425293226395,1.699999451637268
199.5160634757512,291.55517578125,383.79322814941406,4.805206298828125,0.08252035081386566,-0.9965893626213074,0.0,-1.4881820312033835,5.026961145535946,-0.007614750513498331,131.3240661302487,1.4499996900558472
204.5890165517651,291.87159729003906,378.73681640625,5.06488037109375,0.04187712073326111,-0.9991227388381958,0.0,-1.5289069552081394,5.071317924260887,-0.008252315577974706,121.1781094107675,1.2999998331069946
209.7345534714985,291.9772644042969,373.59886169433594,5.3233489990234375,-0.0017447255086153746,-0.9999985098838806,0.0,-1.5725410531330009,5.101070186021939,-0.008851317304672535,112.9775338041614,1.2499998807907104
214.95164159576214,291.8443908691406,368.3904724121094,5.593597412109375,-0.04986632987856865,-0.998755931854248,0.0,-1.620683344971098,5.332979717488828,-0.009323961742340375,107.25054731391396,1.2999998331069946
220.2369863665388,291.4491424560547,363.12791442871094,5.8836517333984375,-0.09951721876859665,-0.9950358271598816,0.0,-1.6704785476657074,5.388712686631547,-0.009306273957379707,107.45439093881586,1.4499996900558472
225.57911578236923,290.7880554199219,357.8343811035156,6.166168212890625,-0.14822782576084137,-0.9889532327651978,0.0,-1.7195723893295942,5.11808112963087,-0.008453816844171375,118.28976407141666,1.5499995946884155
230.94105460373086,289.8793182373047,352.5566711425781,6.431427001953125,-0.18899954855442047,-0.9819771647453308,0.0,-1.7609395616864487,4.771656449666639,-0.006177769588988441,161.8707181605557,1.6499994993209839
236.2639317306294,288.80223083496094,347.3496551513672,6.6761474609375,-0.2132536917924881,-0.976996898651123,0.0,-1.7857003738721149,4.216224742214136,-0.0030679994619632334,325.94529836067613,1.699999451637268
241.53659844412124,287.6522674560547,342.20790100097656,6.8785400390625,-0.22096972167491913,-0.9752807021141052,0.0,-1.7936049781365975,3.4362798020610597,-0.001113505857097602,898.0644274351106,1.7999993562698364
246.76231158843726,286.48912048339844,337.1157531738281,7.0372772216796875,-0.2246951013803482,-0.974429190158844,0.0,-1.797426436348123,2.6518184108656806,-0.0009495478313104322,1053.1328354675306,1.8499993085861206
251.94388113556792,285.3109588623047,332.07127380371094,7.1548614501953125,-0.23057803511619568,-0.9730538725852966,0.0,-1.8034680019614375,1.910195079586463,-0.001242529142832599,804.8100970254071,1.8999992609024048
257.068985623285,284.11143493652344,327.0891571044922,7.23455810546875,-0.23714683949947357,-0.9714738130569458,0.0,-1.8102241807148203,1.2337580494420908,-0.0010205778371662755,979.8370722771997,1.8999992609024048
262.092302739579,282.91041564941406,322.2117462158203,7.2807159423828125,-0.24070186913013458,-0.9705990552902222,0.0,-1.8138852532906624,0.639770668925943,-0.0005041508808467099,1983.5331802267663,1.7999993562698364
266.9889780751977,281.72789001464844,317.4600372314453,7.2987213134765625,-0.24205687642097473,-0.9702620506286621,0.0,-1.815281540266542,0.12306558590092775,0.00034907787311175276,2864.6903084569412,1.699999451637268
271.75782527847923,280.58154296875,312.8310241699219,7.2932281494140625,-0.23758114874362946,-0.9713677167892456,0.0,-1.8106712611736113,-0.334882575232609,0.002085757540160993,479.44211191623606,1.5499995946884155
276.4390604857668,279.4960632324219,308.27745056152344,7.2674560546875,-0.22307604551315308,-0.9748010039329529,0.0,-1.7957652355982485,-0.773923147669553,0.005340333602053993,187.2542194022076,1.4499996900558472
281.0656422281795,278.5343933105469,303.7521514892578,7.221435546875,-0.189254030585289,-0.9819281697273254,0.0,-1.7611987172687809,-1.2414659199584288,0.009603938856990069,104.12394486166126,1.4499996900558472
285.6575010753914,277.7806091308594,299.2230987548828,7.1531829833984375,-0.13615885376930237,-0.9906870126724243,0.0,-1.707379443772435,-1.7552951592124,0.01296763340295276,77.11507326944465,1.699999451637268
290.21839906224756,277.30384826660156,294.68812561035156,7.060943603515625,-0.07172810286283493,-0.9974241852760315,0.0,-1.6425860810520783,-2.222073137756597,0.01449050026003651,69.01072993027782,2.2499990463256836
294.7503613009681,277.12921142578125,290.1608581542969,6.9512481689453125,-0.004839401226490736,-0.999988317489624,0.0,-1.5756357467783333,-2.56839255385638,0.014994305219490162,66.69198641495989,3.0999982357025146
299.26122474854577,277.2608337402344,285.65357971191406,6.8287506103515625,0.0637485533952713,-0.997965931892395,0.0,-1.5070045126666798,-2.9926008064780407,0.015682921267785865,63.76363069896233,4.098998546600342
303.77351258240793,277.70933532714844,281.1660614013672,6.68121337890625,0.1362462043762207,-0.9906750321388245,0.0,-1.4341250414513758,-3.2628974764570495,0.016347931292721857,61.16981911009148,5.09799861907959
308.30228134833266,278.4938049316406,276.70819091796875,6.53375244140625,0.2100253403186798,-0.9776959419250488,0.0,-1.3591954485363553,-3.197544385298412,0.016923321551600007,59.09005492514887,6.096998691558838
312.8357774935473,279.621826171875,272.319580078125,6.391448974609375,0.28598910570144653,-0.9582328796386719,0.0,-1.2807578418948036,-2.604313223356003,0.01619268718072253,61.75627237401984,7.095998764038086
317.3601308068119,281.0641784667969,268.0323181152344,6.297760009765625,0.3506752550601959,-0.9364970922470093,0.0,-1.2125042654603253,-1.7423780377132658,0.013032268157387589,76.73261384152313,8.094998359680176
321.87102917002386,282.7590026855469,263.85240173339844,6.2339324951171875,0.3966306149959564,-0.9179782867431641,0.0,-1.1629528404919351,-1.1993502817152613,0.007990316380956763,125.15148991888348,7.49399995803833
326.3795675901045,284.603515625,259.7386779785156,6.1895751953125,0.41721102595329285,-0.9088096022605896,0.0,-1.1404219819451573,-0.9212452795139825,0.004324313373327213,231.2505856231645,6.494999885559082
330.88420384608315,286.51686096191406,255.6607666015625,6.1508941650390625,0.4321039915084839,-0.9018237590789795,0.0,-1.1239717981810897,-1.2521765716092204,0.002601399583666772,384.408457000851,5.495999813079834
335.3729300881635,288.4767761230469,251.62319946289062,6.07708740234375,0.43838682770729065,-0.8987864255905151,0.0,-1.1169932866620802,-1.9300902009840804,-0.0016081179820691405,621.8449212994407,4.496999740600586
339.84297459621115,290.4059600830078,247.59210205078125,5.97808837890625,0.41917431354522705,-0.9079057574272156,0.0,-1.1382606315116117,-2.993351052357418,-0.008059458538582948,124.07781431131039,3.497999668121338
344.29423672980056,292.1716766357422,243.5094757080078,5.810333251953125,0.3728010952472687,-0.9279112815856934,0.0,-1.1887704202912674,-3.99033406272552,-0.011758217008072142,85.04690798898245,2.49899959564209
348.7262082030003,293.7093505859375,239.35699462890625,5.6237030029296875,0.32224544882774353,-0.9466561079025269,0.0,-1.2426958004698465,-3.748659035510493,-0.01481264909342006,67.50986901081798,1.4999996423721313
353.1423915916162,294.98475646972656,235.13148498535156,5.4785003662109375,0.2484160214662552,-0.9686534404754639,0.0,-1.3197516539773329,-3.067752697933146,-0.01727211625988001,57.89678490775438,1.949999213218689
357.5752379606801,295.9140625,230.79898071289062,5.3523101806640625,0.17436903715133667,-0.9846804141998291,0.0,-1.3955313813972936,-3.5652175448864454,-0.014873594226168602,67.23324468813328,2.9489991664886475
362.0730127097025,296.5663604736328,226.3529510498047,5.1591644287109375,0.11822765320539474,-0.9929865598678589,0.0,-1.4522915050786116,-3.886226518993985,-0.01201666136686036,83.21778982287107,3.9479992389678955
366.6467196467811,296.9904022216797,221.8017120361328,5.000396728515625,0.0662996917963028,-0.9977997541427612,0.0,-1.5044479669226305,-3.0167697534143723,-0.011413359411211188,87.61662223812155,4.9469990730285645
371.29082681232927,297.17431640625,217.1627655029297,4.8817291259765625,0.01329681184142828,-0.9999116063117981,0.0,-1.5574991232685278,-2.5995755796864586,-0.010750913381109506,93.01535270083247,5.9459991455078125
376.0132763836804,297.12171936035156,212.4422607421875,4.7568359375,-0.03423774242401123,-0.9994137287139893,0.0,-1.6050407613811035,-2.8614201516941105,-0.009882144640284418,101.19260913501657,6.9449992179870605
380.826543348444,296.8448944091797,207.63925170898438,4.6084747314453125,-0.08081397414207458,-0.9967291951179504,0.0,-1.651698525643161,-3.2255146041511917,-0.009653013172997132,103.594596016646,7.943999290466309
385.7365044886258,296.33216857910156,202.75894165039062,4.44293212890625,-0.12774494290351868,-0.9918070435523987,0.0,-1.6988912873883493,-3.483360822530135,-0.00915539146727437,109.2252585347623,8.942998886108398
390.7507617494384,295.5815124511719,197.80447387695312,4.262542724609375,-0.17082421481609344,-0.9853014945983887,0.0,-1.742462450156029,-3.6500249792528585,-0.007836104538068378,127.61442820752654,9.250017166137695
395.88484929180305,294.6103515625,192.76666259765625,4.0723876953125,-0.20592756569385529,-0.9785672426223755,0.0,-1.7782078199707627,-3.6816252213901004,-0.0056230977005476135,177.83792017389518,9.400017738342285
401.15028387110806,293.4634246826172,187.6312713623047,3.879730224609375,-0.22777044773101807,-0.9737148284912109,0.0,-1.8005836622894513,-3.594157776232132,-0.0032394185517668206,308.6973739329199,9.400017738342285
406.55226097418233,292.1981964111328,182.3830108642578,3.6891632080078125,-0.23934215307235718,-0.9709352254867554,0.0,-1.8124845967728078,-3.4349070552789795,-0.0014251456438160726,701.682669654961,9.400017738342285
412.0934434773421,290.86102294921875,177.00877380371094,3.5041046142578125,-0.2427150011062622,-0.9700976610183716,0.0,-1.8159598853534074,-3.2178348148110993,-0.00022468185695967424,4450.737649811571,9.300017356872559
417.77692370686833,289.4825897216797,171.49778747558594,3.3283233642578125,-0.24167750775814056,-0.9703566431999207,0.0,-1.8148905564596678,-2.9424166254046202,0.0006104357697428731,1638.1739890852377,9.150016784667969
423.60248168528534,288.0901794433594,165.84341430664062,3.1658935546875,-0.23577553033828735,-0.9718074798583984,0.0,-1.8088128611885577,-2.6324692493682966,0.00147164998737212,679.5094000480842,8.950016021728516
429.5658727403678,286.7156066894531,160.04248046875,3.0184173583984375,-0.22469063103199005,-0.9744301438331604,0.0,-1.7974218660245198,-2.301648502228187,0.0021901498005667264,456.58977287363564,8.850015640258789
435.6623673616974,285.3897247314453,154.09332275390625,2.8887786865234375,-0.20995429158210754,-0.9777112007141113,0.0,-1.7823245362594005,-1.9482337315263747,0.0025573244911066273,391.03367737555726,8.850015640258789
441.8876730904559,284.1337432861328,147.9970245361328,2.7788238525390625,-0.19385838508605957,-0.9810295104980469,0.0,-1.7658899547624893,-1.5567126522542747,0.0025350862535613583,394.4638958911843,9.050016403198242
448.1812492258551,282.9610137939453,141.8142547607422,2.694183349609375,-0.17883886396884918,-0.9838783740997314,0.0,-1.7506024895163057,-1.1387443759324323,0.0023652881926325142,422.7814619439764,9.250017166137695
454.5071451039827,281.8752136230469,135.58251953125,2.63525390625,-0.16449801623821259,-0.9863774180412292,0.0,-1.736045399282245,-0.7139364421546279,0.0024234232357495944,412.6394371599263,9.350017547607422
460.8904525128937,280.8745422363281,129.27821350097656,2.60369873046875,-0.14844165742397308,-0.9889211654663086,0.0,-1.7197886121137291,-0.26288023598746435,0.002862396254604216,349.35763991148394,9.400017738342285
467.36712972621143,279.97645568847656,122.86410522460938,2.6018829345703125,-0.12802697718143463,-0.9917706847190857,0.0,-1.699175655635467,-0.03622213904554972,0.0036242620331541076,275.91823958979154,9.500018119812012
473.94528353600384,279.2171173095703,116.32992553710938,2.5989532470703125,-0.10141318291425705,-0.994844377040863,0.0,-1.6723841537092607,-0.02400108541419088,0.0047295250111594744,211.43772316257258,9.148008346557617
480.6062265889397,278.65565490722656,109.69268798828125,2.5987396240234375,-0.06560810655355453,-0.997845470905304,0.0,-1.6364515920212843,0.18265529363067357,0.005772337880294631,173.24003215642637,8.149008750915527
487.31468358701335,278.35240173339844,102.99113464355469,2.6235504150390625,-0.02437668666243553,-0.9997028708457947,0.0,-1.5951754276563976,0.6400497341755157,0.006267794443588659,159.54575552854996,7.1500091552734375
494.07101965392565,278.3330383300781,96.235107421875,2.6851806640625,0.018749237060546875,-0.9998242259025574,0.0,-1.5520459912174052,1.2143358212525157,0.006567012339018324,152.2762480676998,6.8000078201293945
500.87114666028,278.6147918701172,89.44160461425781,2.7884368896484375,0.06461742520332336,-0.9979100823402405,0.0,-1.5061338476880022,1.7870609823298826,0.00684157623151109,146.16514764451165,6.650007247924805
507.69805542593093,279.2178955078125,82.64283752441406,2.9288482666015625,0.11175164580345154,-0.9937361478805542,0.0,-1.4588107614442132,2.325274027549107,0.006946792645157393,143.95132416930562,6.500006675720215
514.5495110724729,280.1412658691406,75.85621643066406,3.10662841796875,0.15900620818138123,-0.9872775673866272,0.0,-1.4111123513287556,3.0409845942035165,0.007170300104343219,139.46417659621758,5.9000043869018555
521.4152874452309,281.40257263183594,69.11154174804688,3.3461151123046875,0.20880044996738434,-0.9779582619667053,0.0,-1.3604481130529587,3.9174667022627814,0.007252033579492501,137.89235654228455,5.750003814697266
528.2830715692836,282.99867248535156,62.4384765625,3.6446533203125,0.25638440251350403,-0.9665749073028564,0.0,-1.3115166203278696,4.774571530214916,0.006920288175084763,144.50265288088983,6.630255699157715
535.1572350844515,284.91355895996094,55.846099853515625,4.002288818359375,0.30071648955345154,-0.9537135362625122,0.0,-1.2653524856586567,5.51199118380169,0.0064447705610142375,155.16456179979608,6.9953813552856445
542.0399569436938,287.119873046875,49.33891296386719,4.402984619140625,0.34095731377601624,-0.9400787949562073,0.0,-1.2228612890497992,6.060510928873608,0.006090780476578267,164.1825713215967,7.360507011413574
548.9266892931918,289.59666442871094,42.927642822265625,4.8368072509765625,0.379550039768219,-0.9251711964607239,0.0,-1.181486427307316,6.541566534717624,0.005958456907887613,167.82868710122452,7.232882499694824
555.812996096088,292.3313903808594,36.62492370605469,5.303955078125,0.4168718457221985,-0.9089652895927429,0.0,-1.1407951866825112,7.006425698808794,0.006117206776066822,163.4733035202334,7.105257511138916
562.69087877228,295.32440185546875,30.452407836914062,5.8011474609375,0.45600825548171997,-0.8899755477905273,0.0,-1.0972915398022787,7.393082214801355,0.00639587038752229,156.35088571383514,6.977632522583008
569.5467307143998,298.57688903808594,24.439453125,6.3192291259765625,0.49500206112861633,-0.8688917756080627,0.0,-1.0529591111342154,7.619060467007705,0.006356305412187513,157.32409554811676,6.850008010864258
576.3754566155941,302.0740509033203,18.597686767578125,6.84375,0.5316047668457031,-0.846992552280426,0.0,-1.0103022245417224,7.63897762145117,0.006140525187444637,162.85251985362302,6.050004959106445
583.1769096821873,305.7954406738281,12.928115844726562,7.3604583740234375,0.5659123659133911,-0.8244653940200806,0.0,-0.9692568749825387,7.4560888463121255,0.006001749260506034,166.61809025918646,6.250005722045898
589.9454957565897,309.7273254394531,7.4409637451171875,7.8556365966796875,0.5987505912780762,-0.8009355664253235,0.0,-0.9288560854274605,7.067480548050953,0.005803467518811875,172.3107774375425,6.550006866455078
596.681410334428,313.8538360595703,2.136871337890625,8.315048217773438,0.6287332773208618,-0.7776210308074951,0.0,-0.890873162481152,6.52052936649673,0.005552799483977466,180.08934104058457,7.400010108947754
603.3897329457985,318.15721130371094,-2.9922943115234375,8.732437133789062,0.6568233370780945,-0.7540445327758789,0.0,-0.854198192312834,5.8796077109598555,0.00538529187622494,185.6909565876668,8.10001277923584
610.0763777866988,322.632080078125,-7.947052001953125,9.102767944335938,0.6831464171409607,-0.730281412601471,0.0,-0.818733812621139,5.150619159039705,0.005068555620667381,197.2948656067681,8.750015258789062
616.754419643354,327.26853942871094,-12.742706298828125,9.420867919921875,0.7063594460487366,-0.7078533172607422,0.0,-0.7864544900656338,4.318848805148312,0.004495714910796977,222.43403326095807,9.300017356872559
623.4346551602243,332.05064392089844,-17.39996337890625,9.679672241210938,0.7257445454597473,-0.6879642605781555,0.0,-0.7586802887270898,3.3722837249721804,0.003912221363239508,255.60925805383152,9.750019073486328
630.1236285072748,336.95948791503906,-21.939651489257812,9.871627807617188,0.7423968315124512,-0.6699604392051697,0.0,-0.7341554776856406,2.497690580159029,0.004098807183762911,243.9734184036317,10.050020217895508
636.8237606707147,341.9952850341797,-26.356918334960938,10.014007568359375,0.7623943090438843,-0.6471127867698669,0.0,-0.7037912697216157,2.2468988523945854,0.005287355653471264,189.13045869034332,10.200020790100098
643.52802225051,347.18968200683594,-30.592498779296875,10.172821044921875,0.787979781627655,-0.6157011389732361,0.0,-0.6632754393922868,2.495563909202947,0.0063984481228115675,156.28789681592136,10.200020790100098
650.2308725073078,352.5607452392578,-34.59861755371094,10.348587036132812,0.8150345087051392,-0.5794124007225037,0.0,-0.6180075625245307,2.7364974346623994,0.006726332886594626,148.66941866540225,10.200020790100098
656.9333820255428,358.1077117919922,-38.356048583984375,10.539657592773438,0.8402205109596252,-0.5422447919845581,0.0,-0.5731065085494939,2.954890379884101,0.006483360193647224,154.24100622696523,10.150020599365234
663.6508218035343,363.82568359375,-41.87550354003906,10.745162963867188,0.8622972369194031,-0.5064024925231934,0.0,-0.5310076479496046,3.1582693747799095,0.005976369609784593,167.3256617801527,10.100020408630371
670.3948277367973,369.7029724121094,-45.175628662109375,10.964859008789062,0.8810725212097168,-0.4729813039302826,0.0,-0.4926714111702447,3.355089537683953,0.005484364214005423,182.33654093327712,9.950019836425781
677.139983212773,375.6986389160156,-48.25700378417969,11.197738647460938,0.8973676562309265,-0.441283643245697,0.0,-0.4570286339861738,3.5225396218823035,0.004952155714403293,201.9322609528433,9.700018882751465
683.854385889224,381.7672576904297,-51.120025634765625,11.438934326171875,0.9106271266937256,-0.4132290780544281,0.0,-0.42599720708325667,3.6229178596617673,0.003812741826483994,262.2784456723031,9.400017738342285
690.5206527003696,387.86293029785156,-53.80751037597656,11.682479858398438,0.9187340140342712,-0.39487704634666443,0.0,-0.40593400266568463,3.789007872492345,0.0019240564733865352,519.7352644436149,9.450017929077148
697.1399807702833,393.95068359375,-56.39349365234375,11.94219970703125,0.9209311008453369,-0.3897254168987274,0.0,-0.40033341721258986,4.095765387867855,-0.0005843954932300277,1711.169938140477,10.449017524719238
703.7131721795304,399.9857940673828,-58.98301696777344,12.22265625,0.915715217590332,-0.4018279016017914,0.0,-0.41351211542016497,4.143632440116862,-0.002931562465265259,341.1150237624277,10.944000244140625
710.2366806715239,405.9231719970703,-61.67279052734375,12.485000610351562,0.9053320288658142,-0.42470452189445496,0.0,-0.4386354820645394,4.000120295722354,-0.004457991881966987,224.31624517870878,9.945000648498535
716.7081372240788,411.7332763671875,-64.51112365722656,12.74249267578125,0.8909421563148499,-0.4541167914867401,0.0,-0.4713806472136871,3.543000682263797,-0.00545032416677229,183.47532539375638,8.946001052856445
723.1278624704993,417.39649963378906,-67.52789306640625,12.942184448242188,0.8733022809028625,-0.48717886209487915,0.0,-0.5088563727645906,2.8061379422821497,-0.006355673291179857,157.3397426497298,7.947000980377197
729.5120989890901,422.9020690917969,-70.75614929199219,13.102005004882812,0.8510987758636475,-0.5250056982040405,0.0,-0.5527217744490664,2.239271629562989,-0.007116060645351557,140.5271891061289,6.948000907897949
735.8757415377185,428.2376708984375,-74.22190856933594,13.227752685546875,0.8255834579467773,-0.564280092716217,0.0,-0.5995609716151934,1.699023403417388,-0.007576041604049254,131.99505127658202,5.949000835418701
742.2094666072458,433.3776550292969,-77.92170715332031,13.317901611328125,0.7967461943626404,-0.6043140888214111,0.0,-0.6489046894853187,1.1328833700882557,-0.008165752471669896,122.46268834003733,4.950000762939453
748.5048822411848,438.2908477783203,-81.85743713378906,13.371047973632812,0.7631266713142395,-0.6462489366531372,0.0,-0.7026587541029354,0.5924335869250674,-0.008848291771468168,113.01616468215461,4.149997711181641
754.7584796545456,442.94740295410156,-86.03158569335938,13.3924560546875,0.7248937487602234,-0.6888607144355774,0.0,-0.7599162032613117,0.10843897027590366,-0.009506387363026891,105.19243134245625,3.5499978065490723
760.9687540941968,447.3176574707031,-90.44387817382812,13.384765625,0.6814056038856506,-0.7319059371948242,0.0,-0.8211148867483675,-0.33738547404624786,-0.009836351526602422,101.6637111123468,3.0499982833862305
767.1544623108623,451.3922882080078,-95.09782409667969,13.350738525390625,0.6357254981994629,-0.7719152569770813,0.0,-0.8818483324224874,-0.6092758367559181,-0.009778127387903693,102.26907058268418,2.649998664855957
773.3446895838476,455.183837890625,-99.99081420898438,13.309356689453125,0.5880681872367859,-0.8088113069534302,0.0,-0.9421279968451525,-0.16333377845629826,-0.009879837761824911,101.21623695724426,2.399998903274536
779.5515251236375,458.67584228515625,-105.12211608886719,13.330657958984375,0.5366503000259399,-0.8438047766685486,0.0,-1.0043340235455673,0.8407674830649414,-0.009750391170604611,102.5599878510301,2.399998903274536
785.7807794701421,461.86122131347656,-110.47468566894531,13.414138793945312,0.4859272539615631,-0.8739992380142212,0.0,-1.0633725294718575,1.7591197304648531,-0.00934229031472103,107.04013323416625,2.5499987602233887
792.0377015103361,464.7406311035156,-116.02801513671875,13.550537109375,0.43480372428894043,-0.9005252122879028,0.0,-1.1209760031168652,2.4920760373488227,-0.008675927704219571,115.26144916049105,2.7999985218048096
798.3265822690944,467.32545471191406,-121.7584228515625,13.72698974609375,0.38813892006874084,-0.9216009378433228,0.0,-1.1721850171202468,3.0582644271713644,-0.0076018240009287225,131.54737598211022,3.149998188018799
804.6530642369001,469.6456298828125,-127.64036560058594,13.936538696289062,0.34661629796028137,-0.9380069971084595,0.0,-1.2168349669582497,3.614455795980498,-0.0065724004023022115,152.1514117809553,3.6499977111816406
811.0175213741984,471.7324676513672,-133.64779663085938,14.185928344726562,0.3100430965423584,-0.9507225751876831,0.0,-1.2555579866702216,3.984533208894714,-0.0055764152956144925,179.32667260030624,4.499999046325684
817.4205009329764,473.6131134033203,-139.7628631591797,14.4453125,0.27904942631721497,-0.96027672290802,0.0,-1.2879922509144124,3.8596154409901606,-0.004607218659951132,217.05069236080212,5.498999118804932
823.8678781718809,475.32749938964844,-145.9736328125,14.681732177734375,0.25328528881073,-0.9673916697502136,0.0,-1.3147215563567065,3.5086293493531207,-0.003917646963650059,255.2552614563062,6.300005912780762
830.3628857784671,476.89381408691406,-152.273193359375,14.899261474609375,0.23004330694675446,-0.97318035364151,0.0,-1.338674134727402,3.230256362639916,-0.0035216743001398737,283.9558445141511,6.950008392333984
836.9101188301543,478.3292694091797,-158.6578826904297,15.1029052734375,0.20861801505088806,-0.9779971837997437,0.0,-1.3606346536880891,2.9828274263469012,-0.003405251199587206,293.66409154226943,7.5000104904174805
843.5136498434302,479.6337585449219,-165.1285400390625,15.2913818359375,0.18624095618724823,-0.98250412940979,0.0,-1.383461566334948,2.7871332469874277,-0.0034373737337961424,290.9197769704335,7.80001163482666
850.1771832918845,480.7986145019531,-171.6869659423828,15.47259521484375,0.16381844878196716,-0.9864905476570129,0.0,-1.406236173920277,2.655242765852095,-0.0031060103539563705,321.9564283571113,7.850011825561523
856.9047678464441,481.83570861816406,-178.33184814453125,15.646865844726562,0.1452661156654358,-0.9893925786018372,0.0,-1.4250143849291768,2.4868409290239812,-0.002492376885247352,401.22342889596996,7.65001106262207
863.7020529703428,482.77012634277344,-185.06265258789062,15.808792114257812,0.13051950931549072,-0.9914457201957703,0.0,-1.4399033707256081,2.209932259900871,-0.0018298850065628647,546.4824272637405,7.400010108947754
870.5746454054898,483.62998962402344,-191.8798065185547,15.948699951171875,0.12052849680185318,-0.9927098751068115,0.0,-1.4499740845634586,1.7295455382402958,-0.0013272902989469731,753.4146831279984,7.250009536743164
877.5255778749897,484.4394073486328,-198.78274536132812,16.047393798828125,0.11232930421829224,-0.9936710596084595,0.0,-1.458229447644673,1.1688522302927051,-0.0011523042466121125,867.8263600434504,7.100008964538574
884.5521207957273,485.2004699707031,-205.7676544189453,16.1116943359375,0.10453001409769058,-0.9945217370986938,0.0,-1.4660750127971403,0.751273014797138,-0.0006119628085013706,1634.086232215467,6.850008010864258
891.6325063138205,485.9305114746094,-212.8101806640625,16.1531982421875,0.1038011983036995,-0.9945980906486511,0.0,-1.4668078172278243,0.4494459801024364,0.0007564304578681208,1321.9985916727114,6.600007057189941
898.7212255175614,486.70025634765625,-219.85694885253906,16.17535400390625,0.11519727855920792,-0.9933426380157471,0.0,-1.4553427292461176,0.13368063061558466,0.0024375729746952957,410.2441282296392,6.400006294250488
905.7831016185552,487.5874786376953,-226.8628692626953,16.172210693359375,0.1379958987236023,-0.9904327988624573,0.0,-1.4323586587039443,-0.22753437397766696,0.003644586247114487,274.37956799395977,6.300005912780762
912.8086986787321,488.6543426513672,-233.8069305419922,16.1434326171875,0.16599644720554352,-0.9861263632774353,0.0,-1.4040279372688267,-0.5932336357094448,0.004241709387005924,235.75401065037732,6.350006103515625
919.7979652235362,489.91981506347656,-240.6804656982422,16.089202880859375,0.19658082723617554,-0.980487585067749,0.0,-1.3729268422450949,-0.9810787577828828,0.004561692223871441,219.216893846318,6.650007247924805
926.7514170153157,491.3958740234375,-247.47494506835938,16.006790161132812,0.22833074629306793,-0.9735836386680603,0.0,-1.3404335390784592,-1.4612478393585482,0.0048994799847896925,204.10329322794948,7.200009346008301
933.6693336908032,493.0935821533203,-254.18023681640625,15.886703491210938,0.26269662380218506,-0.964878499507904,0.0,-1.3049804067396267,-1.9274299745380752,0.005307490493828712,188.41296110897432,7.900012016296387
940.552314834109,495.0248565673828,-260.7851104736328,15.740921020507812,0.2989557683467865,-0.9542669653892517,0.0,-1.2671981357030682,-2.1932310810987676,0.00550825468185491,181.54570871498794,8.500014305114746
947.399750140237,497.19300842285156,-267.2783660888672,15.585617065429688,0.33484920859336853,-0.9422717094421387,0.0,-1.2293511250064502,-2.2667875919190283,0.005748894414163583,173.9464891782139,8.950016021728516
954.2104051446398,499.5998992919922,-273.6476745605469,15.431320190429688,0.37287062406539917,-0.9278833270072937,0.0,-1.1886954822180378,-2.1807936201930334,0.006198071116999701,161.34051725499882,9.350017547607422
960.9818911649994,502.2594909667969,-279.8733825683594,15.289352416992188,0.41287681460380554,-0.9107868671417236,0.0,-1.1451859097700823,-1.8661917559569918,0.006497530303787205,153.904630412748,9.600018501281738
967.713867987425,505.17445373535156,-285.94053649902344,15.17913818359375,0.45273855328559875,-0.8916432857513428,0.0,-1.1009620054143152,-1.4872405142068557,0.005998453727165773,166.70962976195082,9.850019454956055
974.4072960361895,508.31805419921875,-291.8491516113281,15.089569091796875,0.48484501242637634,-0.8746000528335571,0.0,-1.064610360420594,-1.29489796263893,0.0044078124021156295,226.86990932736325,10.050020217895508
981.0673782058562,511.61944580078125,-297.63279724121094,15.006195068359375,0.5044649243354797,-0.8634321689605713,0.0,-1.0420341728644478,-1.3016964526570085,0.00235937004570895,423.84194959952424,10.200020790100098
987.6989690781801,514.9943542480469,-303.34068298339844,14.916580200195312,0.5120798945426941,-0.8589377999305725,0.0,-1.0331917955652403,-1.4757456077125752,0.0007704400068460765,1297.9595959634355,10.300021171569824
994.3045264179766,518.3842926025391,-309.0090637207031,14.8109130859375,0.513269305229187,-0.8582276105880737,0.0,-1.0318064916221361,-1.7205876600923098,-0.0003600371913281414,2777.4908372968343,10.350021362304688
1000.8852663643754,521.7471008300781,-314.66441345214844,14.68975830078125,0.5080205798149109,-0.8613448739051819,0.0,-1.037911126453263,-1.944405891751555,-0.0015381077928424275,650.1494918974419,10.350021362304688
1007.4415384488613,525.0419769287109,-320.3310241699219,14.555526733398438,0.4958501160144806,-0.8684080839157104,0.0,-1.051982814628099,-2.144942854122367,-0.002817027581747053,354.98409972252523,10.350021362304688
1013.9727469596723,528.2200317382812,-326.0349884033203,14.409088134765625,0.4759562015533447,-0.8794689774513245,0.0,-1.0747453625760122,-2.3381399746083664,-0.004140657067951692,241.50756355553054,10.041998863220215
1020.4769046646004,531.2279357910156,-331.79966735839844,14.25079345703125,0.44831010699272156,-0.8938781023025513,0.0,-1.1059224078702268,-2.5351209670935404,-0.005212507870486965,191.8462331082442,9.042999267578125
1026.9525034055177,534.0275573730469,-337.6363067626953,14.080093383789062,0.4154320955276489,-0.9096242189407349,0.0,-1.1423785593275062,-2.7646075370794776,-0.005889810382766078,169.78475282091546,8.043999671936035
1033.4017631451334,536.5901794433594,-343.5516357421875,13.893539428710938,0.37904366850852966,-0.9253787994384766,0.0,-1.1820337031571309,-3.081373406914256,-0.006310396635461832,158.4686443290128,7.044999599456787
1039.8274673228761,538.9004211425781,-349.5439910888672,13.683456420898438,0.34024670720100403,-0.9403362274169922,0.0,-1.2236170887472408,-3.4990541184330315,-0.0065739972208171404,152.11445432824524,6.045999526977539
1046.2273071191062,540.9489593505859,-355.6024169921875,13.44488525390625,0.2997712194919586,-0.9540111422538757,0.0,-1.266343497722792,-4.113730162328566,-0.006857999143962512,145.8151246461378,5.046999454498291
1052.6010268377975,542.7239227294922,-361.71728515625,13.158187866210938,0.25668203830718994,-0.9664958715438843,0.0,-1.3112086694900444,-4.684478818483773,-0.007395241826636256,135.22208244741773,4.047999382019043
1058.9482226101022,544.2037353515625,-367.88182067871094,12.849075317382812,0.20884858071804047,-0.9779479503631592,0.0,-1.3603988901180868,-4.7272179703478745,-0.008510293960720991,117.50475419714881,3.048999309539795
1065.2642976717575,545.3460998535156,-374.08697509765625,12.559478759765625,0.1512836217880249,-0.9884904026985168,0.0,-1.4189296156784506,-4.256162871012592,-0.009708206757537807,103.00563481752832,2.049999237060547
1071.539224058373,546.1008605957031,-380.31146240234375,12.312911987304688,0.08808328211307526,-0.9961130619049072,0.0,-1.4825987391519353,-3.613727850999393,-0.010532218913536215,94.94675416542856,1.5499995946884155
1077.7626615146266,546.4426727294922,-386.52210998535156,12.107498168945312,0.02026936784386635,-0.999794602394104,0.0,-1.550525571713996,-3.044348686128795,-0.010634061011160836,94.03745182113056,1.4499996900558472
1083.9413437496962,546.3668518066406,-392.6979217529297,11.93511962890625,-0.04369841888546944,-0.9990447759628296,0.0,-1.6145086646896263,-2.6464055812777554,-0.009842277700116198,101.60249796530269,1.5999995470046997
1090.1064630803887,545.9161071777344,-398.8446044921875,11.780792236328125,-0.10106144845485687,-0.994880199432373,0.0,-1.6720305997892615,-2.2420156269786995,-0.008868462307040692,112.75911938037981,1.7999993562698364
1096.281206268956,545.1308135986328,-404.9679870605469,11.65850830078125,-0.15254119038581848,-0.9882971048355103,0.0,-1.7239353755497648,-1.7332416017680319,-0.008141115290082851,122.83329302781844,2.2499990463256836
1102.4821464450156,544.0370025634766,-411.0709991455078,11.566421508789062,-0.20060186088085175,-0.9796728491783142,0.0,-1.7727685580331607,-1.4640013851642375,-0.007807356023856626,128.08433443336514,3.0499982833862305
1108.7185468547982,542.6386260986328,-417.14793395996094,11.4764404296875,-0.24763356149196625,-0.968853771686554,0.0,-1.8210333015038114,-1.490360876076502,-0.0075875360326080055,131.7950907517836,3.99999737739563
1114.9987582179292,540.9394683837891,-423.1931457519531,11.379837036132812,-0.2925851047039032,-0.9562394618988037,0.0,-1.867725465194922,-1.6400897052878616,-0.007018305353285348,142.48453859761014,4.998997211456299
1121.3330990985494,538.9571380615234,-429.2082977294922,11.269439697265625,-0.3322843015193939,-0.9431792497634888,0.0,-1.9095207965878793,-1.8655894326405686,-0.005991240430189143,166.91034380144714,5.997997283935547
1127.7323481301326,536.7256011962891,-435.2044982910156,11.142120361328125,-0.36454108357429504,-0.9311872720718384,0.0,-1.9439362652355505,-2.0839067282133805,-0.005242776751266026,190.7386195222827,6.996997356414795
1134.198695557909,534.2698516845703,-441.1847229003906,11.001205444335938,-0.3950825333595276,-0.9186456799507141,0.0,-1.9769539984543016,-2.1808671254694434,-0.005131218478403171,194.88548464831666,7.995997428894043
1140.7348368607659,531.5894470214844,-447.14427185058594,10.858551025390625,-0.4258146584033966,-0.90481036901474,0.0,-2.0106584026390437,-2.0817460289212497,-0.005166746931933974,193.54538032806036,8.950016021728516
1147.343718787926,528.6717529296875,-453.0727844238281,10.727706909179688,-0.45651668310165405,-0.8897148370742798,0.0,-2.0448724882133553,-1.7808133581920016,-0.004702640347077736,212.64649775341832,9.400017738342285
1154.0298564012376,525.5325012207031,-458.9751892089844,10.622100830078125,-0.48145151138305664,-0.8764727115631104,0.0,-2.073106377854359,-1.483044885991025,-0.0035570021786022754,281.1356163950819,9.700018882751465
1160.7989861137914,522.2112579345703,-464.87278747558594,10.5283203125,-0.49846339225769043,-0.8669106960296631,0.0,-2.0926217139192684,-1.2297026590614157,-0.002321255817757023,430.8012896942472,9.850019454956055
1167.655619738761,518.7554931640625,-470.79441833496094,10.454818725585938,-0.5088427662849426,-0.8608594536781311,0.0,-2.104636316914462,-0.7320821629057339,-0.0016359631076473535,611.2607279011813,9.850019454956055
1174.5974821847865,515.19189453125,-476.75172424316406,10.427886962890625,-0.5178871750831604,-0.8554489016532898,0.0,-2.1151755975789084,-0.30664634202005603,-0.0017167825321142693,582.4849573512785,9.800019264221191
1181.6233520637998,511.5160217285156,-482.7392578125,10.412124633789062,-0.5293660163879395,-0.8483935594558716,0.0,-2.128649438951091,-0.27778279844582476,-0.0023351684015012752,428.23464010437186,9.700018882751465
1188.724135080753,507.7014923095703,-488.72840881347656,10.388565063476562,-0.5458726286888123,-0.8378681540489197,0.0,-2.148226585143302,-0.19814959564286028,-0.0031702633198014696,315.4312115823309,9.450017929077148
1195.851341619191,503.73765563964844,-494.65167236328125,10.384002685546875,-0.5671006441116333,-0.8236484527587891,0.0,-2.1737777905896087,0.08586275467337146,-0.003861377164120272,258.9749608745686,9.050016403198242
1202.9424276143234,499.6322479248047,-500.4334411621094,10.400665283203125,-0.5910117626190186,-0.806662917137146,0.0,-2.2031088617704775,0.3362946419067647,-0.004220219889573246,236.95447776801066,8.500014305114746
1209.9891044009812,495.3839874267578,-506.0554504394531,10.43145751953125,-0.615199089050293,-0.788371741771698,0.0,-2.2334348306328033,0.4015852914600826,-0.004628975858307072,216.03050666281163,7.694998741149902
1216.9890876233678,490.98480224609375,-511.5002899169922,10.457107543945312,-0.642153263092041,-0.7665762901306152,0.0,-2.26810022515409,0.21957122502945792,-0.0053457719328142694,187.06372298856235,6.695998668670654
1223.9383333341145,486.4217224121094,-516.7415008544922,10.462234497070312,-0.6721939444541931,-0.7403751015663147,0.0,-2.3079644352868187,0.03863444146642303,-0.006086316127209113,164.30300022199984,5.696998596191406
1230.8342091777224,481.6763610839844,-521.7449645996094,10.462493896484375,-0.7043680548667908,-0.7098349332809448,0.0,-2.3523288137451908,0.05664850163011881,-0.006745645185146698,148.2437887782639,4.697998523712158
1237.6733685585334,476.7438049316406,-526.4824676513672,10.469955444335938,-0.7377859354019165,-0.675034761428833,0.0,-2.400580843671105,0.037799854634679164,-0.007127346599062612,140.30466823817997,3.6989986896514893
1244.451683201883,471.63568115234375,-530.9380950927734,10.467727661132812,-0.769833505153656,-0.6382448077201843,0.0,-2.44937653744637,-0.01635477782764294,-0.007401139540566121,135.11432861371358,2.699998617172241
1251.1656392507807,466.3599853515625,-535.0907135009766,10.467727661132812,-0.8013907670974731,-0.5981411337852478,0.0,-2.5004131001382772,0.00011504687237318123,-0.007524426350431379,132.9004967857343,2.2499990463256836
1257.8245094041752,460.92604064941406,-538.939453125,10.467742919921875,-0.8300579190254211,-0.5576772093772888,0.0,-2.5500078467684753,-7.454798889305891e-07,-0.0074143980945674814,134.87271485094638,2.9785091876983643
1264.4617868864523,455.3277130126953,-542.5048675537109,10.467727661132812,-0.8563715219497681,-0.5163601636886597,0.0,-2.5989974772345765,-0.00011492271042579105,-0.007192753968620846,139.02880654094471,3.707019567489624
1271.096184812299,449.56898498535156,-545.7991485595703,10.467727661132812,-0.8794342875480652,-0.47602027654647827,0.0,-2.6454688265260313,-1.1102230246251565e-14,-0.006864005980347976,145.6875187555277,4.435529708862305
1277.7454620003969,443.65171813964844,-548.8321075439453,10.467727661132812,-0.8998284339904785,-0.43624383211135864,0.0,-2.690172513890758,-1.1102230246251565e-14,-0.006464631648631369,154.6878545217206,5.1640400886535645
1284.425935521338,437.5796356201172,-551.6175231933594,10.467727661132812,-0.9171335697174072,-0.39858004450798035,0.0,-2.731624591108787,-1.1102230246251565e-14,-0.005710285616520483,175.1225888083234,5.892550468444824
1291.1555425628858,431.35870361328125,-554.1841583251953,10.467727661132812,-0.9305466413497925,-0.36617347598075867,0.0,-2.7666991150039624,-0.00022331223571425696,-0.004101500865717894,243.81318759638197,6.621060371398926
1297.9538041729381,425.0054168701172,-556.603271484375,10.467697143554688,-0.9377726912498474,-0.34724974632263184,0.0,-2.7869559004734046,0.00010505038884334184,-0.0025060807993928236,399.0294328268591,7.3495707511901855
1304.8320664625799,418.53875732421875,-558.9469451904297,10.467742919921875,-0.9425225853919983,-0.3341425061225891,0.0,-2.8008973632281275,0.00022588113346433403,-0.002334971553578813,428.2707420856152,8.078081130981445
1311.7946974192578,411.9563293457031,-561.2162780761719,10.467727661132812,-0.9485200643539429,-0.3167170584201813,0.0,-2.819326296614113,-0.00011025876763826048,-0.0029099511291620916,343.6483829499727,8.806591033935547
1318.844599696398,405.2450866699219,-563.3750610351562,10.467727661132812,-0.9553739428520203,-0.29539915919303894,0.0,-2.8417193629843367,0.00010615123037238661,-0.003233250700244439,309.2862548284296,9.535101890563965
1325.9856991446457,398.39849853515625,-565.4047241210938,10.467742919921875,-0.962051510810852,-0.27286794781684875,0.0,-2.8652198055273224,-0.0002066998147087773,-0.00309446076397063,323.1580802843526,10.263611793518066
1333.221412101588,391.41644287109375,-567.3037872314453,10.467697143554688,-0.9675567150115967,-0.25265395641326904,0.0,-2.8861704324045596,-0.00011163960428328679,-0.002688137926927431,372.00472117999175,10.992121696472168
1340.5528350181771,384.3059997558594,-569.0902252197266,10.467727661132812,-0.9719870090484619,-0.2350347638130188,0.0,-2.9043383303235193,0.00031153929218596943,-0.0022845158790633646,437.729502852041,11.720632553100586
1347.97939064955,377.07379150390625,-570.7780914306641,10.467742919921875,-0.9755152463912964,-0.2199316918849945,0.0,-2.9198482000491737,0.0001033803105898734,-0.0019031077894852977,525.456311789073,12.449142456054688
1355.500383387654,369.72605895996094,-572.3831329345703,10.467742919921875,-0.9782715439796448,-0.2073279470205307,0.0,-2.9327499002031385,-0.0002987499067241828,-0.0015638141918412896,639.4621593902822,11.737537384033203
1363.1145423192056,362.2687225341797,-573.9205169677734,10.467697143554688,-0.9804414510726929,-0.19681107997894287,0.0,-2.9434883400192526,-0.0002040209609255328,-0.0012714624107815209,786.4959211694957,10.865655899047852
1370.8213439507635,354.7058563232422,-575.4030303955078,10.46771240234375,-0.9821195602416992,-0.18825848400592804,0.0,-2.9522040398926372,0.0002940987788857541,-0.0009163511863021501,1091.2846678743408,9.993775367736816
1378.6194668850778,347.04270935058594,-576.8476409912109,10.467742919921875,-0.983131468296051,-0.18290036916732788,0.0,-2.9576568762624222,0.00010061146663575826,-0.000537983161876171,1858.7942353299388,9.121894836425781
1386.5069811361595,339.28607177734375,-578.2785339355469,10.467727661132812,-0.9836679697036743,-0.17999267578125,0.0,-2.9606136516452413,-0.00028750052316617314,-0.00025456533275888815,3928.2646586727155,8.149008750915527
1394.4832560651855,331.4389343261719,-579.7080078125,10.467697143554688,-0.9838581681251526,-0.1789497584104538,0.0,-2.961673770606367,-0.00019233424252140807,-4.612055926822567e-05,21682.304288294716,7.1500091552734375
1402.5460594423403,323.5061798095703,-581.1502990722656,10.467697143554688,-0.9837981462478638,-0.17927983403205872,0.0,-2.961338282096923,9.314250787317846e-05,0.00013909969740233397,7189.088248751437,6.500006675720215
1410.6940925640383,315.4914855957031,-582.6183319091797,10.46771240234375,-0.9834491610527039,-0.18118426203727722,0.0,-2.9594021421775505,-0.013922828702972456,0.0004357437947636045,2294.9265417365505,5.850004196166992
1418.9253749166185,307.39988708496094,-584.1283111572266,10.46539306640625,-0.9824873805046082,-0.18632933497428894,0.0,-2.954167941280324,-0.4599753479783697,0.0009788604949012292,1021.5960345819287,5.150001525878906
1427.2340859867586,299.2445373535156,-585.715576171875,10.390960693359375,-0.9803764820098877,-0.19713452458381653,0.0,-2.9431584349018314,-0.8966354390560372,0.0016276782935048806,614.3720193298759,4.44999885559082
1435.5619708193656,291.0935974121094,-587.4215240478516,10.31622314453125,-0.9770796895027161,-0.2128739207983017,0.0,-2.9270772970406442,-0.8976048284525806,0.0018459238200042305,541.7341653880973,3.8999974727630615
1443.9020428830606,282.95875549316406,-589.2587890625,10.241348266601562,-0.9738484621047974,-0.22719843685626984,0.0,-2.9123927314169147,-0.8980491013864556,0.0016033736759110406,623.6849307331914,3.3999979496002197
1452.287923246663,274.80503845214844,-591.2169036865234,10.166015625,-0.9710236191749573,-0.23898346722126007,0.0,-2.9002738007122932,-0.8984028473268069,0.0011943364938033774,837.2849738648522,3.0999982357025146
1460.747109540261,266.5994110107422,-593.2711029052734,10.090011596679688,-0.969089925289154,-0.24670790135860443,0.0,-2.8923109878554403,-0.8986121451534546,0.0009647007041374001,1036.5909299238704,2.7999985218048096
1469.283577501783,258.33641052246094,-595.4131164550781,10.013290405273438,-0.9669740200042725,-0.2548747658729553,0.0,-2.8838744509911463,-0.8988208228860928,0.0010268925444378851,973.8117249136267,2.599998712539673
1477.8967091527325,250.01760864257812,-597.6441650390625,9.935867309570312,-0.9645935297012329,-0.2637409269809723,0.0,-2.8746942470269277,-0.8991789267905781,0.0009619036977368822,1039.6051105248362,2.4999988079071045
1486.5858270069004,241.64552307128906,-599.9685668945312,9.857711791992188,-0.9626027345657349,-0.2709169089794159,0.0,-2.8672472180493482,-0.8992308023607176,0.0007022995630627804,1423.893809130289,2.4499988555908203
1495.3507665084203,233.2152862548828,-602.3662872314453,9.778915405273438,-0.9612947702407837,-0.2755221426486969,0.0,-2.862459839784644,-0.8459603855244913,0.00027797222578454517,3597.481716662926,2.4499988555908203
1504.190581192706,224.71885681152344,-604.8051605224609,9.7088623046875,-0.9612765908241272,-0.27558550238609314,0.0,-2.862393923573164,-0.6706582920331883,-0.00016573729305205398,6033.645063129665,2.4999988079071045
1513.1034729947778,216.14773559570312,-607.2491607666016,9.6600341796875,-0.9621081948280334,-0.27266809344291687,0.0,-2.8654275429728644,-0.5477667837565425,-0.00023394371330306973,4274.532475700762,2.4999988079071045
1522.088311426496,207.5015106201172,-609.6920471191406,9.610824584960938,-0.9624179005622864,-0.2715729773044586,0.0,-2.866565610207795,-0.5477348234299573,2.4389537491120716e-05,41001.18751181982,2.4999988079071045
1531.1442946089037,198.78761291503906,-612.1570739746094,9.56121826171875,-0.9619821906089783,-0.27311214804649353,0.0,-2.864965957064369,-0.5479209212881253,0.00020277891009287674,4931.479311837608,2.4999988079071045
1540.2705750677146,190.01116943359375,-614.6591796875,9.511199951171875,-0.9614089727401733,-0.27512305974960327,0.0,-2.862874941418254,-0.5478273737722361,0.00015161294238164036,6595.742977422061,2.4999988079071045
1549.4662434195234,181.1718292236328,-617.1937103271484,9.460845947265625,-0.9612228274345398,-0.27577295899391174,0.0,-2.8621989095222613,-0.5476163239397147,-7.52403386317102e-07,1000000.0,2.4999988079071045
1558.7304763816326,172.26609802246094,-619.7454528808594,9.410110473632812,-0.9614155888557434,-0.27509987354278564,0.0,-2.8628990530940763,-0.44287533857076955,-7.466678459250309e-05,13392.83599069572,2.5499987602233887
1568.0619367309491,163.29391479492188,-622.3096466064453,9.378631591796875,-0.9616047739982605,-0.27443817257881165,0.0,-2.863587267604279,-0.16917183540901548,-7.769084648406865e-05,12871.52921168211,2.5499987602233887
1577.4580208274801,154.2576904296875,-624.8851165771484,9.378646850585938,-0.9618150591850281,-0.2737002968788147,0.0,-2.8643545227144984,1.0957191598492955e-06,-0.00010276538783790534,9730.902797519018,2.599998712539673
1586.917933211664,145.15753173828125,-627.4691162109375,9.378631591796875,-0.9621354937553406,-0.27257171273231506,0.0,-2.865527715185244,-0.00016102881587043427,-0.00010092122477547982,9908.718430882178,2.599998712539673
1596.4097537686894,136.02430725097656,-630.053466796875,9.378616333007812,-0.9623363614082336,-0.27186161279678345,0.0,-2.866265678423859,-0.05743923498587877,-5.333142124561152e-05,18750.672242440698,2.5499987602233887
1605.8606320534152,126.92868041992188,-632.6202850341797,9.3677978515625,-0.9624108672142029,-0.27159765362739563,0.0,-2.866539951206369,-0.5270657100007459,1.0708953525645493e-05,93379.8057490145,2.5499987602233887
1615.2470544580733,117.89546203613281,-635.16943359375,9.279861450195312,-0.9622828960418701,-0.2720508277416229,0.0,-2.866069054823655,-1.33747434781748,0.00010685020185166594,9358.896685925247,2.5499987602233887
1624.381136323121,109.1087646484375,-637.6595153808594,9.122085571289062,-0.9618792533874512,-0.2734745144844055,0.0,-2.8645892535878867,-2.0376022622183743,0.0001548377160610348,6458.3747774076855,2.5499987602233887
1633.1671626155987,100.66165161132812,-640.0675048828125,8.916839599609375,-0.9615229964256287,-0.274724543094635,0.0,-2.863289449471906,-2.5650242649345234,4.300905174384195e-05,23250.919503082983,2.5499987602233887
1641.5947753677626,92.56141662597656,-642.3817596435547,8.682159423828125,-0.9616563320159912,-0.2742574214935303,0.0,-2.863775228191974,-2.944063152545362,-0.00022002913835236781,4544.8525931076465,2.5499987602233887
1649.6681979847326,84.79830932617188,-644.5844421386719,8.432144165039062,-0.9624835848808289,-0.27134013175964355,0.0,-2.8668075429904207,-3.182408368151368,-0.0005120419775790919,1952.9648813715403,2.599998712539673
1657.3967137550162,77.35879516601562,-646.6628875732422,8.179855346679688,-0.9638193249702454,-0.2665562927722931,0.0,-2.8717743696361326,-3.291274482812434,-0.0005297971299978166,1887.5149436995275,2.5499987602233887
1664.7814588059018,70.24137878417969,-648.6165618896484,7.934906005859375,-0.964645266532898,-0.2635517418384552,0.0,-2.87489037891595,-3.2975777305439324,-0.00015320111332925435,6527.367708163033,2.4999988079071045
1671.8247908435696,63.45109558105469,-650.4732360839844,7.703948974609375,-0.9644535779953003,-0.26425233483314514,0.0,-2.8741640352921705,-3.2011184605282295,0.00022502786481004566,4443.894096600601,2.399998903274536
1678.5387058951887,56.98089599609375,-652.2534332275391,7.4940185546875,-0.9638456702232361,-0.26646119356155396,0.0,-2.8718730505867525,-3.0189580853523967,0.00022699425303746024,4405.397875139036,2.349998950958252
1684.9244583325647,50.82966613769531,-653.9579925537109,7.3077850341796875,-0.9636440277099609,-0.26718950271606445,0.0,-2.871117343017469,-2.7585954112670286,-0.00018163695165279714,5505.487682437663,2.349998950958252
1691.004320516767,44.971099853515625,-655.5756378173828,7.149200439453125,-0.9643991589546204,-0.26445090770721436,0.0,-2.873958140615425,-2.3932080740649675,-0.0005552901011769973,1800.8604833408558,2.2999989986419678
1696.826929713757,39.354248046875,-657.1045379638672,7.0218505859375,-0.9653772711753845,-0.2608574628829956,0.0,-2.877682327218895,-1.9859745242895577,-0.0006815000761494772,1467.351266708684,2.1999990940093994
1702.4284294015188,33.94450378417969,-658.5541534423828,6.92144775390625,-0.9664241075515747,-0.256952166557312,0.0,-2.881725497902379,-1.5750927935121006,-0.000358414049399014,2790.0691997894405,2.1499991416931152
1707.8129987714606,28.740982055664062,-659.9367370605469,6.8478851318359375,-0.9664366841316223,-0.25690481066703796,0.0,-2.8817744953579005,-1.1381341299921521,5.79551349761398e-05,17254.726443337615,2.049999237060547
1712.9930754884278,23.734649658203125,-661.2662353515625,6.80029296875,-0.9662735462188721,-0.25751784443855286,0.0,-2.881140126060297,-0.6884625710847581,0.0004132801493400562,2419.666179459245,1.949999213218689
1717.9895228887895,18.909378051757812,-662.5626525878906,6.7769927978515625,-0.9653750061988831,-0.26086583733558655,0.0,-2.877673651875724,-0.24298053742213277,0.0008548030842233101,1169.8600747429666,1.8999992609024048
1722.824989347943,14.244049072265625,-663.8340454101562,6.77569580078125,-0.9640887379646301,-0.2655803859233856,0.0,-2.8727867814263046,-0.012041553420227835,0.001257287619168157,795.3629581285602,1.8499993085861206
1727.5100823081577,9.731475830078125,-665.0937194824219,6.7758026123046875,-0.962203323841095,-0.27233225107192993,0.0,-2.865776598296101,0.0012914537857011688,0.0020767617155583173,481.51889189230343,1.7999993562698364
1732.0325404208265,5.3863677978515625,-666.3477783203125,6.77581787109375,-0.9588870406150818,-0.2837879955768585,0.0,-2.853850429709592,0.0010477342262005251,0.0038392722880253305,260.4660271476432,1.8499993085861206
1736.4236979204807,1.188385009765625,-667.6358795166016,6.7758941650390625,-0.9524168968200684,-0.3047983944416046,0.0,-2.8318659103879105,-0.000193845203455556,0.006785898383961042,147.36442301634986,1.949999213218689
1740.771129326896,-2.9291534423828125,-669.0308837890625,6.7758026123046875,-0.9404357671737671,-0.33997148275375366,0.0,-2.7947060871269778,-0.0024683643123135646,0.010861148175362934,92.07129705387564,2.1499991416931152
1745.087287004588,-6.947021484375,-670.6075744628906,6.7756805419921875,-0.9196220636367798,-0.392804354429245,0.0,-2.7379135757241153,-0.004427417425068025,0.013968081022571022,71.59179549317476,2.599998712539673
1749.3940130742017,-10.85137939453125,-672.4252319335938,6.775421142578125,-0.8927804231643677,-0.45049208402633667,0.0,-2.67427621011352,0.0037333983940568416,0.015249251112886442,65.5769908041547,3.2999980449676514
1753.6958331939015,-14.625961303710938,-674.48876953125,6.7760009765625,-0.8602949380874634,-0.5097965598106384,0.0,-2.606644331324541,-0.0002277066700751007,0.015635837071902248,63.9556421188994,4.2989983558654785
1757.9819513803554,-18.238937377929688,-676.794677734375,6.7754058837890625,-0.824431836605072,-0.5659612417221069,0.0,-2.539993914807563,-0.0069353504809410715,0.015227522805867644,65.67056327866202,4.598665237426758
1762.2597496601807,-21.68609619140625,-679.3277893066406,6.7754058837890625,-0.7866940498352051,-0.6173431277275085,0.0,-2.476231732314957,1.1102230246251565e-14,0.01453493021379193,68.79977992953266,4.898331642150879
1766.5369528402503,-24.970657348632812,-682.0675201416016,6.7754058837890625,-0.7478720545768738,-0.6638428568840027,0.0,-2.415647124737971,0.0001785033961643201,0.014748171236867946,67.80501690271728,5.197998523712158
1770.8120797553045,-28.073715209960938,-685.0082244873047,6.775421142578125,-0.7027863264083862,-0.7114010453224182,0.0,-2.350102926563585,0.000537251064314237,0.016614183181758446,60.189537400668044,5.497664928436279
1775.06937681052,-30.951400756835938,-688.1456604003906,6.77545166015625,-0.6466139554977417,-0.7628173828125,0.0,-2.273933513904105,-4.701691314057399e-06,0.018072103821698993,55.333900793515255,5.797331809997559
1779.2989321882426,-33.555633544921875,-691.4783935546875,6.775421142578125,-0.5858603715896606,-0.8104119896888733,0.0,-2.196737636362577,-0.0025356859604253046,0.018654266596201563,53.60703916409252,6.09699821472168
1783.5143035846381,-35.886077880859375,-694.9909973144531,6.775238037109375,-0.5189436078071594,-0.8548084497451782,0.0,-2.1164110039957795,-0.0005480376200739379,0.0192272666905845,52.00947259392284,6.396665096282959
1787.7357366005333,-37.92791748046875,-698.6857757568359,6.7753753662109375,-0.4472805857658386,-0.8943936228752136,0.0,-2.0345188658375326,0.0036205965414537467,0.019339988833733612,51.7063380230995,6.696331977844238
1791.9455417727158,-39.65653991699219,-702.5243072509766,6.775543212890625,-0.37329035997390747,-0.9277145266532898,0.0,-1.9533495780528969,0.013177992048796217,0.019381178687416567,51.59644911840478,6.995998382568359
1796.1207177081724,-41.05804443359375,-706.4572296142578,6.7764739990234375,-0.2966841757297516,-0.9549756050109863,0.0,-1.8720149578250171,0.029062218619335667,0.019689656425143226,50.788087836973304,7.295665264129639
1800.258495692347,-42.122833251953125,-710.4556579589844,6.7779541015625,-0.2171458601951599,-0.9761391282081604,0.0,-1.7896859435973402,0.05018973540049654,0.020082310903283912,49.795066156279724,7.59533166885376
1804.392364251443,-42.85194396972656,-714.5247192382812,6.7806243896484375,-0.1346956491470337,-0.9908870458602905,0.0,-1.7059026291639114,0.0765960347359318,0.02019450738156009,49.518415136638346,7.244999408721924
1808.5258736184223,-43.2384033203125,-718.6401214599609,6.7842864990234375,-0.05191059783101082,-0.9986517429351807,0.0,-1.6227302665854126,0.11307862123950407,0.02033222512295474,49.18300844854491,6.245999336242676
1812.6533018892628,-43.2786865234375,-722.7673492431641,6.7899627685546875,0.03284846991300583,-0.9994603395462036,0.0,-1.5379419465150035,0.07656086427433317,0.019921459428117017,50.197125547368614,5.246999263763428
1816.7870010942427,-42.97602844238281,-726.8899536132812,6.7906036376953125,0.11239399015903473,-0.9936637282371521,0.0,-1.4581643475714996,0.007427257612413474,0.0179978861538736,55.56208053826226,4.24799919128418
1820.9625915538913,-42.35693359375,-731.0193939208984,6.7905731201171875,0.18128646910190582,-0.9834303259849548,0.0,-1.388501887311569,-0.007132902588824486,0.0139862781845555,71.49864937651968,3.2489991188049316
1825.2113519042628,-41.47802734375,-735.1762542724609,6.7899932861328125,0.22803513705730438,-0.9736529588699341,0.0,-1.3407371673107922,-0.01315166306287141,0.008907498083934234,112.26496941982201,2.2499990463256836
1829.555465981646,-40.42274475097656,-739.3902435302734,6.7894439697265625,0.25551971793174744,-0.966803789138794,0.0,-1.3124110846412913,-0.003851741374427675,0.0051018061639601375,196.00901481991573,1.399999737739563
1834.0015326327991,-39.24736022949219,-743.6781311035156,6.7896728515625,0.27117374539375305,-0.9625303745269775,0.0,-1.2961840562475664,0.0662220648698697,0.002793302206732906,357.99921597800085,0.9500001072883606
1838.5528080607678,-37.99293518066406,-748.0531158447266,6.7955322265625,0.2795594036579132,-0.9601283669471741,0.0,-1.2874611328497834,0.555939884593204,0.0014338348608272655,697.4303856882374,0.9500001072883606
1843.2121156030864,-36.67793273925781,-752.5227661132812,6.8418121337890625,0.2837601602077484,-0.9588953256607056,0.0,-1.2830831450850704,1.4568869420704234,0.00041537715601941416,2407.4506397584883,1.0000001192092896
1847.9814637476666,-35.32569885253906,-757.0954742431641,6.933929443359375,0.2832055985927582,-0.9590592384338379,0.0,-1.2836614235412438,2.3397262541910435,-5.616714972722647e-05,17804.00117963009,1.0500000715255737
1852.8629750892994,-33.943572998046875,-761.7752990722656,7.06854248046875,0.2832545042037964,-0.9590448141098022,0.0,-1.2836104351164608,3.1045362233066753,-1.9789060062114228e-05,50532.9710891363,1.100000023841858
1857.8592368093784,-32.529937744140625,-766.5642852783203,7.24139404296875,0.28301137685775757,-0.959116518497467,0.0,-1.2838639157296918,3.7462812975200377,-0.000129868156365745,7700.117010853074,1.149999976158142
1862.9728496979058,-31.085861206054688,-771.4654083251953,7.447967529296875,0.2819770276546478,-0.9594210982322693,0.0,-1.2849421769705787,4.246694150795305,-0.00035964970556356946,2780.4832995289253,1.2499998807907104
1868.2069701514376,-29.616912841796875,-776.4837493896484,7.68133544921875,0.2794051766395569,-0.9601732492446899,0.0,-1.28762175786512,4.595252012697837,-0.0004452533330635555,2245.9124407211566,1.2999998331069946
1873.562123907103,-28.128799438476562,-781.6217346191406,7.934906005859375,0.2774660289287567,-0.9607354402542114,0.0,-1.289640756169614,4.790897155953311,-0.00037874676066051993,2640.286608012272,1.2999998331069946
1879.0393089427664,-26.619216918945312,-786.8800811767578,8.200439453125,0.2754631042480469,-0.9613115787506104,0.0,-1.2917248974134556,4.816754436662396,-0.00027268189843628055,3667.276800310516,1.3499997854232788
1884.6385525803291,-25.080291748046875,-792.2570190429688,8.468353271484375,0.27458861470222473,-0.9615617990493774,0.0,-1.2926344809823411,4.662094049427267,-0.00018496757872145386,5406.352869580018,1.4499996900558472
1890.357647697766,-23.515167236328125,-797.7516632080078,8.727813720703125,0.2734447419643402,-0.9618877172470093,0.0,-1.293823879012008,4.314803712007709,-0.0001935485720881286,5166.661728429954,1.5499995946884155
1896.1954009530828,-21.92303466796875,-803.363037109375,8.966476440429688,0.27244043350219727,-0.9621726870536804,0.0,-1.2948678346307465,3.7642933905869036,-0.00014717401424388377,6794.677750264313,1.699999451637268
1902.1508680806141,-20.303848266601562,-809.0905151367188,9.170974731445312,0.2717820703983307,-0.962358832359314,0.0,-1.2955520071593296,2.9936871271078913,-5.267595375503531e-05,18983.994189272933,1.7999993562698364
1908.191368339232,-18.663406372070312,-814.9019622802734,9.324844360351562,0.2718426287174225,-0.9623417258262634,0.0,-1.2954890790779505,1.9971433018068252,0.00037143516909782237,2692.2598698149577,1.8999992609024048
1914.1790822189446,-17.025070190429688,-820.6605224609375,9.411773681640625,0.2760424017906189,-0.9611454606056213,0.0,-1.2911222524848895,0.8566070934426073,0.0010814324401404313,924.6994660805101,1.9999992847442627
1919.9666908757285,-15.406356811523438,-826.2171325683594,9.428054809570312,0.2839420735836029,-0.9588415026664734,0.0,-1.2828934363958904,0.18082463733846144,0.001836895181121928,544.3968770113632,2.049999237060547
1925.543669312847,-13.792144775390625,-831.5553894042969,9.4327392578125,0.2958812415599823,-0.9552246928215027,0.0,-1.270418378891912,0.10416865112322649,0.002860607952898525,349.5760399417002,2.2499990463256836
1930.9674023704385,-12.142623901367188,-836.7221984863281,9.439453125,0.3137910068035126,-0.9494920969009399,0.0,-1.2516132525909005,0.13219920377292027,0.004847954337507926,206.27256990915606,2.4999988079071045
1936.2803887842622,-10.401382446289062,-841.7417449951172,9.446914672851562,0.3448944687843323,-0.9386414289474487,0.0,-1.2186699602995694,0.12697894702937695,0.007862939673130537,127.1788976605313,2.899998426437378
1941.528504905472,-8.473953247070312,-846.6231079101562,9.452880859375,0.39126890897750854,-0.920276403427124,0.0,-1.1687863067224586,0.06379908396624279,0.010348300340375663,96.63422659838437,3.499997854232788
1946.7277031057113,-6.30462646484375,-851.3481140136719,9.453628540039062,0.44408807158470154,-0.8959831595420837,0.0,-1.110640128684118,-0.039732794953895034,0.011305031133146973,88.45619160374933,3.749997615814209
1951.8775710674524,-3.88409423828125,-855.8936767578125,9.448822021484375,0.49600741267204285,-0.8683183193206787,0.0,-1.0518017071527825,-0.15229338143312177,0.011241939982237839,88.95261863877505,4.699999809265137
1956.9992518351833,-1.21746826171875,-860.2663879394531,9.438018798828125,0.5443705916404724,-0.8388447761535645,0.0,-0.9951576898060793,-0.3031304054254558,0.011155739549781704,89.63995578577021,5.698999881744385
1962.1023239222689,1.679779052734375,-864.4672088623047,9.417861938476562,0.5916111469268799,-0.8062235116958618,0.0,-0.9377405968965853,-0.48373976960969234,0.011748392964790827,85.11802448189597,6.650007247924805
1967.1786327161437,4.808135986328125,-868.4648895263672,9.388824462890625,0.6405417323112488,-0.7679234147071838,0.0,-0.8755928516013636,-0.582241861377375,0.012544114541835488,79.71865982767703,7.550010681152344
1972.2422420431053,8.173828125,-872.2479248046875,9.35882568359375,0.6890985369682312,-0.7246676087379456,0.0,-0.8105519484778487,-0.5676519700650973,0.013203046803163379,75.74009354874099,8.350013732910156
1977.3044041570367,11.78607177734375,-875.7942504882812,9.331344604492188,0.7371841669082642,-0.6756919026374817,0.0,-0.7419028542032425,-0.5289413654863351,0.013174566225297654,75.90382733663073,8.900015830993652
1982.3800673186747,15.638397216796875,-879.0989837646484,9.305206298828125,0.7794550061225891,-0.6264582276344299,0.0,-0.6770009523900233,-0.4984648915984491,0.012397835035758496,80.65924390151561,9.350017547607422
1987.4912305487624,19.718704223632812,-882.1770477294922,9.28057861328125,0.8164063692092896,-0.5774778723716736,0.0,-0.6156359799886815,-0.451766338908155,0.01167577826295279,85.64739561498844,9.800019264221191
1992.647154131136,24.013748168945312,-885.0293579101562,9.25885009765625,0.8487632274627686,-0.5287731289863586,0.0,-0.5571544205833767,-0.36606271195924744,0.011203864257554902,89.25491928605685,10.150020599365234
1997.8459339209924,28.5032958984375,-887.6506195068359,9.242721557617188,0.8777573704719543,-0.4791053831577301,0.0,-0.4996352294510679,-0.26224855942129643,0.01098816361799327,91.0070176205318,10.450021743774414
2003.0815004548322,33.16841125488281,-890.0271148681641,9.231521606445312,0.9036815166473389,-0.4282051622867584,0.0,-0.44250571367906677,-0.1265224741503923,0.010924905717038823,91.53397071796866,10.70002269744873
2008.3558368133374,37.99784851074219,-892.1472930908203,9.2294921875,0.9268680810928345,-0.3753872215747833,0.0,-0.3848145121864936,0.027152612403558152,0.01133537851837458,88.21937426959374,10.800023078918457
2013.6521849805838,42.965423583984375,-893.9842681884766,9.234420776367188,0.9483935832977295,-0.3170956075191498,0.0,-0.32266547710592525,0.15117396811873407,0.012267235209944414,81.51796088407531,10.900023460388184
2018.9288073039934,48.02250671386719,-895.4904327392578,9.245452880859375,0.9676294326782227,-0.25237545371055603,0.0,-0.25513438163033647,0.2742338168433611,0.0132865368707968,75.26415722353913,10.85002326965332
2024.1652149094386,53.133087158203125,-896.6313171386719,9.263198852539062,0.9832980632781982,-0.18200276792049408,0.0,-0.18302284693883752,0.43399273321717,0.013551832819828658,73.79075681459325,10.750022888183594
2029.3730127133624,58.283660888671875,-897.4007263183594,9.290725708007812,0.9935563206672668,-0.11333967000246048,0.0,-0.11358373906426641,0.5732287023128113,0.013170962441660447,75.92459582429203,10.40002155303955
2034.57887841815,63.47294616699219,-897.8146362304688,9.322891235351562,0.9989483952522278,-0.045848168432712555,0.0,-0.045864247330388457,0.6036657365101172,0.012839179426878688,77.88659748040521,9.900019645690918
2039.7872049435755,68.68074035644531,-897.8824768066406,9.353591918945312,0.9997974634170532,0.02012375183403492,0.0,0.02012511099060955,0.534257423025275,0.012446139108349154,80.34620144404276,9.350017547607422
2045.0056405381854,73.89201354980469,-897.6103057861328,9.378585815429688,0.9964820742607117,0.08380573987960815,0.0,0.08390415456150845,0.42154532252351995,0.011980496636836804,83.46899384164668,8.850015640258789
2050.2572910108724,79.1090087890625,-897.0082855224609,9.397689819335938,0.9894269108772278,0.14503253996372223,0.0,0.1455458564777116,0.37221970340035604,0.011329057268376465,88.26859784629787,9.849015235900879
2055.5632279822316,84.33412170410156,-896.0859222412109,9.417892456054688,0.9793718457221985,0.2020660936832428,0.0,0.20346708283227202,0.3692202302187586,0.010119663585547023,98.81751419367411,9.500018119812012
2060.9407052538295,89.57066345214844,-894.8630065917969,9.437118530273438,0.9680296182632446,0.2508358955383301,0.0,0.2535436622013256,0.3263810551047741,0.008305084254197029,120.40817039208764,9.100016593933105
2066.40818823281,94.83409118652344,-893.3833312988281,9.453231811523438,0.9572798609733582,0.289163202047348,0.0,0.2933525672221736,0.16098382862180793,0.006776230357212469,147.57467607865814,8.500014305114746
2071.9828776183845,100.14117431640625,-891.6768646240234,9.454605102539062,0.9466052055358887,0.3223951756954193,0.0,0.32825866923704694,-0.04668465887034401,0.00602837492800826,165.882184161096,7.5990071296691895
2077.67655333174,105.50013732910156,-889.7534790039062,9.447799682617188,0.9354640245437622,0.35342174768447876,0.0,0.36122641945937534,-0.19557122534487048,0.005739303717909979,174.23716345232194,6.600007057189941
2083.4946681491247,110.90730285644531,-887.6057434082031,9.431900024414062,0.9232597947120667,0.3841763436794281,0.0,0.39431551590781044,-0.3326028076729104,0.005280113243788704,189.38987741907934,5.700003623962402
2089.4395544127206,116.3612060546875,-885.2401428222656,9.408523559570312,0.9117662906646729,0.4107094705104828,0.0,0.42323204500448136,-0.4441379477162166,0.004527767227900124,220.85941031552926,5.000000953674316
2095.5106295380424,121.86418151855469,-882.6761016845703,9.378402709960938,0.9010398983955383,0.4337362051010132,0.0,0.44863520797980466,-0.5373647773719736,0.004243933845844636,235.6304401349541,4.44999885559082
2101.704459511803,127.40965270996094,-879.91748046875,9.342514038085938,0.8891562223434448,0.45760366320610046,0.0,0.47529828107051825,-0.6153561770306903,0.004766754631231884,209.7863383711797,4.099997520446777
2107.9855009124326,132.948486328125,-876.9558715820312,9.30157470703125,0.8736310601234436,0.4865889251232147,0.0,0.508181005167225,-0.7058522867580463,0.005803583352612163,172.30733828435586,3.8499975204467773
2114.2870448470726,138.3931121826172,-873.7836151123047,9.253677368164062,0.8533880114555359,0.5212761759757996,0.0,0.5483457070783136,-0.8319612177772329,0.006771516417262771,147.67740907349477,3.8999974727630615
2120.589162221516,143.69680786132812,-870.3800506591797,9.19671630859375,0.8289729952812195,0.5592885613441467,0.0,0.5935273608072497,-0.9943632701381211,0.007456891073752123,134.10414475812166,4.199997901916504
2126.886410993627,148.8301239013672,-866.7331695556641,9.128402709960938,0.800723135471344,0.5990347266197205,0.0,0.6422950086003024,-1.2014978032136803,0.007994998948311412,125.07819031185808,4.800000190734863
2133.1729402989426,153.7644805908203,-862.8388519287109,9.045547485351562,0.7686110138893127,0.6397164463996887,0.0,0.6941292826963189,-1.458425986613443,0.008331429893442134,120.02741579655176,5.799000263214111
2139.443451740595,158.47605895996094,-858.702392578125,8.9453125,0.7337913513183594,0.6793748140335083,0.0,0.7469103573001576,-1.7410953825414799,0.008514543735316328,117.44610528597497,6.798000335693359
2145.6967433459977,162.94876098632812,-854.3337860107422,8.827545166015625,0.6961610317230225,0.7178856730461121,0.0,0.8007604086670734,-2.0771445961589197,0.008733622058524584,114.50003140723668,7.797000408172607
2151.933360309668,167.1644744873047,-849.7399749755859,8.685943603515625,0.6554723381996155,0.7552191615104675,0.0,0.8559884301331566,-2.3591370997634864,0.008913644663395545,112.18755489621033,8.796000480651855
2158.1725829805177,171.119873046875,-844.9171752929688,8.533218383789062,0.6121925115585327,0.7907088398933411,0.0,0.9119659134101419,-2.4753554936501443,0.009009596593895094,110.99276083877055,9.795000076293945
2164.4358376846635,174.81179809570312,-839.8601531982422,8.376449584960938,0.5664269924163818,0.8241118788719177,0.0,0.9686325245800779,-2.5074986061516924,0.009027437712028796,110.77340347278489,10.350021362304688
2170.7324460888344,178.22805786132812,-834.5732421875,8.218276977539062,0.5188014507293701,0.854894757270813,0.0,1.0253479554093625,-2.521594464463084,0.008863603744120332,112.82092801851047,10.500021934509277
2177.0747279533507,181.3665008544922,-829.0642547607422,8.0577392578125,0.47075900435447693,0.8822618722915649,0.0,1.0806454660164337,-2.5454885409115002,0.00843423822782162,118.5643531743445,10.650022506713867
2183.474192638267,184.23040771484375,-823.3437347412109,7.8939208984375,0.42414191365242004,0.9055957198143005,0.0,1.132782182774708,-2.5555200908806586,0.008038095924497168,124.40757231477752,10.900023460388184
2189.935690745162,186.81646728515625,-817.4246063232422,7.7290802001953125,0.3772145211696625,0.9261258840560913,0.0,1.1840095363317853,-2.5448114851379766,0.007738939681873988,129.2166680588276,11.00002384185791
2196.4649490781126,189.1273193359375,-811.3202056884766,7.5633392333984375,0.3311341106891632,0.9435837268829346,0.0,1.2332910948235434,-2.5550900511364993,0.007399455920653802,135.14507157326804,10.045000076293945
2203.0705215474873,191.1640625,-805.0387725830078,7.3934478759765625,0.2855870723724365,0.9583527445793152,0.0,1.2811773635332306,-2.6045028415391247,0.00707547984178028,141.33317066286594,9.046000480651855
2209.7584267981206,192.92312622070312,-798.5887603759766,7.2170562744140625,0.24107785522937775,0.9705057740211487,0.0,1.3273200155426133,-2.7191786573250387,0.006522716889885344,153.31034856819886,8.047000885009766
2216.538802797363,194.41717529296875,-791.9777679443359,7.027069091796875,0.2004716545343399,0.9796994924545288,0.0,1.3689569998717566,-2.9907395349702215,0.0057850890650857495,172.85818571665803,7.048001289367676
2223.41866143971,195.6676483154297,-785.2160491943359,6.808135986328125,0.16378073394298553,0.9864967465400696,0.0,1.4062743947430039,-3.2571181323574674,0.005188340582985146,192.73985275358376,6.049001216888428
2230.4027137585945,196.68951416015625,-778.3110809326172,6.575347900390625,0.1295926421880722,0.9915673136711121,0.0,1.4408381796530696,-3.361469128802619,0.0047117715367545054,212.23439893030246,5.05000114440918
2237.4910566244102,197.4957733154297,-771.2728424072266,6.3350372314453125,0.09810779243707657,0.9951757788658142,0.0,1.4725304637374788,-3.393455300358683,0.004244131392935738,235.61947249429593,4.249998092651367
2244.6844053671184,198.0958709716797,-764.1087341308594,6.0906982421875,0.06933709979057312,0.9975932836532593,0.0,1.5014035483270984,-3.372340345207092,0.0037813619440542484,264.45498071730043,3.6499977111816406
2251.9824442075615,198.50625610351562,-756.8263397216797,5.8463897705078125,0.043503981083631516,0.9990532398223877,0.0,1.527278610829965,-3.324595457026019,0.003243049729313649,308.3517316928833,3.199998140335083
2259.385659159654,198.74459838867188,-749.4309997558594,5.60198974609375,0.021778235211968422,0.9997628331184387,0.0,1.549016369829284,-3.288930813387858,0.0026160635413844946,382.2537121826834,2.9999983310699463
2266.893926267898,198.84103393554688,-741.9273834228516,5.355987548828125,0.004576067440211773,0.9999895691871643,0.0,1.5662202435642327,-3.264848265312148,0.0020842562397768855,479.7874565111282,2.899998426437378
2274.50709838017,198.8207550048828,-734.3182678222656,5.1083221435546875,-0.00969309639185667,0.9999529719352722,0.0,1.5804895754548043,-3.235951227564249,0.001829390295431485,546.6302092545742,2.899998426437378
2282.2233627837254,198.69322204589844,-726.6070556640625,4.8599700927734375,-0.023455966264009476,0.9997248649597168,0.0,1.5942544445758124,-3.1996030816257734,0.00177587348668172,563.1031757045565,3.0499982833862305
2290.0408176998067,198.4562530517578,-718.7971496582031,4.6113433837890625,-0.03726890683174133,0.9993053078651428,0.0,1.6080738652974975,-3.1550682859530053,0.0017528750442396268,570.491321264595,3.249998092651367
2297.906252558713,198.10838317871094,-710.9432678222656,4.3651885986328125,-0.050924792885780334,0.9987024664878845,0.0,1.6217431574911083,-3.0989850001431565,0.0015688874062063096,637.3943700766117,3.5999977588653564
2305.7919693942167,197.6609344482422,-703.073974609375,4.12322998046875,-0.061942778527736664,0.9980797171592712,0.0,1.6327787844088277,-2.9405428635608994,0.0012757997438462149,783.8220730357351,3.449997901916504
2313.726373348211,197.13330078125,-695.1602783203125,3.900115966796875,-0.07105812430381775,0.9974721670150757,0.0,1.6419143865128802,-2.780983674431439,0.0011719067989600235,853.3101786655923,4.049997329711914
2321.740687120584,196.5260467529297,-687.1720428466797,3.67974853515625,-0.0805886760354042,0.9967474341392517,0.0,1.651472490469412,-2.601536068251381,0.0010916407336774986,916.0522955489384,4.699999809265137
2329.8425066184586,195.83970642089844,-679.1017913818359,3.481109619140625,-0.08857707679271698,0.9960693120956421,0.0,1.6594896434475366,-2.285778394812338,0.0007534366749534366,1327.2515570891228,5.400002479553223
2338.0317394642175,195.09317016601562,-670.9485015869141,3.3076629638671875,-0.09277532994747162,0.9956870675086975,0.0,1.6637052652343443,-2.2037226910956194,0.00021157261045660902,4726.509720903065,6.150005340576172
2346.3093996444463,194.3268280029297,-662.7085723876953,3.118072509765625,-0.09199310094118118,0.9957596659660339,0.0,1.6629196745185102,-3.1595588738501714,-0.0003168571622521599,3155.9961999665466,6.900008201599121
2354.6666000429104,193.57476806640625,-654.3921203613281,2.7806854248046875,-0.08749058097600937,0.9961653351783752,0.0,1.658398912619172,-3.5697607898471344,-0.0006157266970572145,1624.0971924384141,7.550010681152344
2363.0122336627883,192.86956787109375,-646.0803680419922,2.5217132568359375,-0.08174936473369598,0.9966529011726379,0.0,1.6526370225324154,-2.7678435915170443,-0.0007232732390173996,1382.6033455330748,8.25001335144043
2371.254141650316,192.22084045410156,-637.8664855957031,2.3208770751953125,-0.07554000616073608,0.9971427321434021,0.0,1.64640836329231,-2.366886754363462,-0.000808080168930192,1237.5009788000225,8.900015830993652
2379.2605172266312,191.64248657226562,-629.8831481933594,2.136810302734375,-0.06868097931146622,0.9976387023925781,0.0,1.6395314146449782,-2.2233898621043497,-0.0010232514743610116,977.2768718701027,9.500018119812012
2386.985582954271,191.1453094482422,-622.1758880615234,1.9706878662109375,-0.059570349752902985,0.9982240796089172,0.0,1.630401966882651,-2.0676089797321495,-0.0013818527327033037,723.666116029391,9.950019836425781
2394.4052187027887,190.74478149414062,-614.7685394287109,1.82318115234375,-0.047908782958984375,0.9988516569137573,0.0,1.6187234586085322,-1.9042790659981739,-0.0016591027560751564,602.7354221058871,10.350021362304688
2401.5107489785078,190.4490509033203,-607.6703491210938,1.693572998046875,-0.035551734268665314,0.9993678331375122,0.0,1.606355554599373,-1.7350634420894198,-0.001489545065218395,671.3459185294145,10.650022506713867
2408.2983421851222,190.2389678955078,-600.8869323730469,1.581573486328125,-0.027073320001363754,0.9996334314346313,0.0,1.5978729557013434,-1.5613298822995225,-0.0009238324414010957,1082.4473737720095,10.85002326965332
2414.7654028317047,190.07815551757812,-594.4225769042969,1.4860687255859375,-0.023108109831809998,0.999733030796051,0.0,1.5939064923248716,-1.3860350519044218,-0.0005597499456520272,1786.5120090992516,11.00002384185791
2420.953746121374,189.94419860839844,-588.2362060546875,1.405670166015625,-0.019962215796113014,0.9998007416725159,0.0,1.5907598684887052,-1.2126016374046367,-0.0006724092246132851,1487.1895913907463,11.1500244140625
2426.898265020403,189.83975219726562,-582.2929840087891,1.338531494140625,-0.015029718168079853,0.9998870491981506,0.0,1.5858266108435015,-1.037758989281802,-0.000915581638086943,1092.201894840797,11.250024795532227
2432.597774182754,189.77099609375,-576.5941467285156,1.284393310546875,-0.00934347603470087,0.9999563694000244,0.0,1.580139938590654,-0.8594922782460281,-0.0007804190104235553,1281.3629430391143,11.30002498626709
2438.0362842489762,189.7291717529297,-571.1559600830078,1.242340087890625,-0.006227074656635523,0.9999806880950928,0.0,1.5770234412197697,-0.6843498502306755,-0.00048312827488078414,2069.843666771021,11.350025177001953
2443.2051468432383,189.70257568359375,-565.9872589111328,1.211334228515625,-0.004171589855104685,0.9999912977218628,0.0,1.574967928754046,-0.5112991590256786,-0.0005774611834311605,1731.7181287549013,11.400025367736816
2448.134865080176,189.68988037109375,-561.0576019287109,1.1902923583984375,-0.0004795778077095747,0.9999998807907104,0.0,1.5712759046230096,-0.34241890563896094,-0.001170881195415141,854.0576139711985,11.400025367736816
2452.853328202047,189.70269775390625,-556.3391723632812,1.177947998046875,0.006950758397579193,0.999975860118866,0.0,1.5638455125450752,-0.1738548243280319,-0.002102033264920339,475.7298643596381,11.400025367736816
2457.3852512781273,189.7602996826172,-551.8076171875,1.17388916015625,0.018771108239889145,0.999823808670044,0.0,1.5520241160598696,-0.001531898094736528,-0.0030006983292600875,333.2557592507408,11.350025177001953
2461.7669013897766,189.87283325195312,-547.4274139404297,1.17755126953125,0.03357551991939545,0.9994361996650696,0.0,1.5372144958555398,0.17318217985689,-0.00415664791484302,240.57847103890828,11.200024604797363
2466.010592778223,190.05580139160156,-543.1876831054688,1.1885833740234375,0.0543869324028492,0.9985199570655823,0.0,1.516382547613739,0.3521709150848734,-0.006440871421936584,155.2584944630565,11.050024032592773
2470.1173770900327,190.34095764160156,-539.0908508300781,1.2067108154296875,0.08684393763542175,0.9962219595909119,0.0,1.4838428587864008,0.5308723367922874,-0.009557931789265478,104.62514506779604,10.741997718811035
2474.1193423149903,190.77410888671875,-535.1124725341797,1.2314453125,0.13119903206825256,0.9913560748100281,0.0,1.439217960279117,0.7211036474618238,-0.011863990184169754,84.28867391801373,9.742998123168945
2478.0858616169435,191.3892364501953,-531.1940765380859,1.26409912109375,0.18044725060462952,0.9835846424102783,0.0,1.3893551758371026,0.9191151169742756,-0.013824329751256609,72.33623748804904,8.743998527526855
2482.0201120153356,192.2095184326172,-527.3464965820312,1.3040008544921875,0.2384025603532791,0.9711664319038391,0.0,1.3300756781277716,1.1026024078220815,-0.015924446332401032,62.79653176797284,7.744998931884766
2485.9295552536296,193.2645721435547,-523.5823974609375,1.3505401611328125,0.3015379309654236,0.9534541964530945,0.0,1.2644910779774536,1.2950195743415216,-0.017095892136754498,58.493583838780644,6.745998859405518
2489.846179193873,194.5711669921875,-519.8905487060547,1.405364990234375,0.36582478880882263,0.9306837916374207,0.0,1.1962774786616945,1.3205108246499453,-0.017948518455299406,55.71490496502479,5.7469987869262695
2493.7654679867246,196.134521484375,-516.2968902587891,1.454010009765625,0.43221816420555115,0.9017691016197205,0.0,1.1238452168239679,1.2189030755707653,-0.018928402574291153,52.83065996061471,4.7479987144470215
2497.6852569498747,197.9593505859375,-512.8280944824219,1.50091552734375,0.4993951618671417,0.8663743138313293,0.0,1.0478958114722223,1.2326025531582963,-0.01994878045772973,50.12837762784247,3.7489986419677734
2501.606451164068,200.05142211914062,-509.5119934082031,1.5506591796875,0.5674212574958801,0.8234276175498962,0.0,0.9674255544519537,1.440008784814989,-0.02096162313389212,47.706229313088585,2.7499985694885254
2505.5327359102544,202.41226196289062,-506.3754119873047,1.6139373779296875,0.6345304846763611,0.7728978395462036,0.0,0.883395434942313,1.6986577679833332,-0.02074834876189907,48.19660646134576,1.8499993085861206
2509.478788065102,205.0353546142578,-503.4282531738281,1.684417724609375,0.6937500238418579,0.720215916633606,0.0,0.8041134676051653,1.9557186676728429,-0.01937469599699279,51.613713069625106,1.6499994993209839
2513.4591869553888,207.9018096923828,-500.6678466796875,1.769073486328125,0.7452595233917236,0.6667744517326355,0.0,0.7298723072163991,2.419709570459955,-0.017462129268152576,57.266784860183094,2.2999989986419678
2517.4917708555604,210.99452209472656,-498.08233642578125,1.8786163330078125,0.787339448928833,0.6165196895599365,0.0,0.6643146944824886,2.783554790608736,-0.015269975902027819,65.48798808956877,3.298999071121216
2521.592979451905,214.29576110839844,-495.6516876220703,1.995574951171875,0.8220433592796326,0.5694249272346497,0.0,0.6058061093702278,2.986382003350596,-0.013833367148009715,72.28897992083408,4.199997901916504
2525.7736145911963,217.79627990722656,-493.3697967529297,2.12615966796875,0.852619469165802,0.5225323438644409,0.0,0.5498183290429345,3.2202951328707208,-0.013183467877116335,75.85257606883428,5.198997974395752
2530.0315076455922,221.484619140625,-491.2471008300781,2.2674713134765625,0.8801635503768921,0.4746704399585724,0.0,0.49458958989205565,3.31759141623062,-0.012815282200013614,78.03183608387006,6.150005340576172
2534.3463994597914,225.33482360839844,-489.3044891357422,2.4105682373046875,0.9047629833221436,0.42591553926467896,0.0,0.4399735314145486,3.2429131129481537,-0.012376992734861522,80.79507045224005,6.8000078201293945
2538.733439411603,229.35044860839844,-487.5433654785156,2.549560546875,0.9260731339454651,0.3773440718650818,0.0,0.38692666882738486,3.036748476291101,-0.012009719899269466,83.26588866246819,7.200009346008301
2543.2014977304193,233.530029296875,-485.96925354003906,2.67926025390625,0.9448567032814026,0.3274841904640198,0.0,0.33363969136640875,2.777089358856072,-0.011517728043070653,86.82267859255667,7.450010299682617
2547.7483638489343,237.86135864257812,-484.5911865234375,2.799713134765625,0.9601773619651794,0.2793913781642914,0.0,0.2831601708877665,2.535219910679709,-0.010310622033255036,96.98735893670448,7.400010108947754
2552.3785835207777,242.3342742919922,-483.39979553222656,2.9117279052734375,0.9715393781661987,0.23687824606895447,0.0,0.2391513738821089,2.325384797865598,-0.008341744922508387,119.87899525694165,7.200009346008301
2557.106984247061,246.9461212158203,-482.36175537109375,3.01715087890625,0.9789950251579285,0.203884094953537,0.0,0.20532372590910372,2.128871415596234,-0.005993521692793897,166.84681415307386,6.8000078201293945
2561.95276935149,251.70132446289062,-481.4343719482422,3.1153106689453125,0.9834756851196289,0.18104031682014465,0.0,0.1820441428658399,1.9061734719954149,-0.003621491661468544,276.12931175285155,6.300005912780762
2566.8846987773713,256.5571746826172,-480.57594299316406,3.2033233642578125,0.9855645895004272,0.16930000483989716,0.0,0.17011937339618238,1.7247689341758188,-0.001104758061921285,905.1755623859399,5.600003242492676
2571.8132449109776,261.41419982910156,-479.74339294433594,3.2853851318359375,0.9853909015655518,0.17030759155750275,0.0,0.17114182075458148,1.644550533325978,0.0010041868794033494,995.8305774659822,4.950000762939453
2576.706868629709,266.2324981689453,-478.89178466796875,3.3648681640625,0.983856737613678,0.1789579689502716,0.0,0.1799272169799995,1.6318549429880536,0.002533528582171464,394.7064213275657,4.249998092651367
2581.565292425726,271.0054931640625,-477.9882049560547,3.44451904296875,0.9808929562568665,0.19454850256443024,0.0,0.19579712579223807,1.6507597761315218,0.0045789553960293855,218.39042172525728,3.6499977111816406
2586.3871557507546,275.72227478027344,-476.99024963378906,3.524658203125,0.9749818444252014,0.22228474915027618,0.0,0.22415721105395767,1.7076654399665603,0.00764453407711151,130.81241968612565,3.149998188018799
2591.154178597998,280.3456573486328,-475.8318634033203,3.60821533203125,0.9640617370605469,0.2656782865524292,0.0,0.2689074279670308,1.7194909914099998,0.010481298986359574,95.40802159173268,2.8499984741210938
2595.7581142031777,284.75103759765625,-474.49664306640625,3.6858978271484375,0.9485960602760315,0.31648939847946167,0.0,0.32202634775075767,1.5681083847667476,0.012913108944712579,77.44068483286989,2.7999985218048096
2600.1919717016362,288.9114685058594,-472.9650573730469,3.750335693359375,0.9267405271530151,0.3757020831108093,0.0,0.3851542294086287,1.2813559295938581,0.014972387923403704,66.78961332793654,2.9999983310699463
2604.537186114443,292.8807830810547,-471.1978302001953,3.7986907958984375,0.8989888429641724,0.4379715621471405,0.0,0.45334106797574103,0.9068905371011127,0.016352594426501416,61.152375819911214,3.499997854232788
2608.8361582029393,296.6752014160156,-469.1772766113281,3.82891845703125,0.8645970821380615,0.5024657845497131,0.0,0.5264483723681466,0.4003148337214213,0.01750492725059237,57.12677269002417,4.349998474121094
2613.087331838364,300.2664794921875,-466.9023742675781,3.8332061767578125,0.8236587643623352,0.5670856833457947,0.0,0.6029632936646699,-0.25291151436850345,0.01824485946079432,54.80995905443183,5.348998546600342
2617.29345211933,303.63771057128906,-464.3872985839844,3.8078460693359375,0.7771144509315491,0.629359245300293,0.0,0.6807284339195806,-0.7539146719032441,0.018755445594620695,53.317848139359214,6.34799861907959
2621.4585222170776,306.7676696777344,-461.6396179199219,3.7702178955078125,0.7248725891113281,0.6888829469680786,0.0,0.7599468955357561,-0.9244218923676495,0.01865178374447271,53.61417512125836,7.346998691558838
2625.6083680170036,309.6641845703125,-458.66810607910156,3.730987548828125,0.6705639362335205,0.7418517470359802,0.0,0.8358276297241141,-0.9597297421363504,0.01846551775880559,54.15499381397705,8.34599781036377
2629.7732720029585,312.33612060546875,-455.47349548339844,3.6904144287109375,0.6109878420829773,0.7916399836540222,0.0,0.9134884959270199,-0.9315495258741202,0.018926695274254487,52.8354255991153,9.300017356872559
2633.939347496999,314.74853515625,-452.07716369628906,3.65338134765625,0.5457552075386047,0.8379446268081665,0.0,0.993506196281426,-0.8705907607256536,0.019493048073494765,51.300340317722174,9.950019836425781
2638.085459422766,316.8687744140625,-448.5143585205078,3.6180419921875,0.4752862751483917,0.8798312544822693,0.0,1.0755069701137099,-0.7701885845617817,0.02041399270623588,48.98600750917919,10.500021934509277
2642.202619481239,318.66827392578125,-444.81138610839844,3.589691162109375,0.39736208319664,0.9176618456840515,0.0,1.162155858217355,-0.4657813538991751,0.021616145830189948,46.26171602725594,10.85002326965332
2646.2811381169786,320.1208953857422,-441.0003356933594,3.5796966552734375,0.31283295154571533,0.9498081207275391,0.0,1.2526220841126945,-0.08704789293635384,0.022740444633739032,43.974513959869654,10.900023460388184
2650.3149355374376,321.2023010253906,-437.11419677734375,3.582489013671875,0.22233867645263672,0.9749694466590881,0.0,1.3465837817662922,0.10484999371102033,0.023157515654952138,43.18252505579778,10.900023460388184
2654.31957084741,321.9117736816406,-433.17291259765625,3.588104248046875,0.13163307309150696,0.9912985563278198,0.0,1.4387801247229508,0.1092052611638028,0.02309590922452151,43.297710875061576,10.85002326965332
2658.3173067410326,322.2543182373047,-429.18988037109375,3.5912322998046875,0.03938133269548416,0.9992242455482483,0.0,1.5314048072906803,0.006083609808610335,0.022919408714265205,43.63114303981118,10.900023460388184
2662.3026334279143,322.2314147949219,-425.2046203613281,3.5886077880859375,-0.050935015082359314,0.9987019896507263,0.0,1.6217533907069244,-0.154682114068877,0.022750817744925045,43.95446402022481,11.00002384185791
2666.2741511297545,321.8494415283203,-421.25152587890625,3.578948974609375,-0.14115795493125916,0.9899871349334717,0.0,1.7124273041393019,-0.35019799584666833,0.02303458101832645,43.412988463058824,11.100024223327637
2670.2322121797124,321.11370849609375,-417.36248779296875,3.5608673095703125,-0.2314871847629547,0.9728379249572754,0.0,1.8044024464551005,-0.4022499796037915,0.02420519068563179,41.313452679949364,11.250024795532227
2674.1651225298788,320.01686096191406,-413.5856475830078,3.54718017578125,-0.32648739218711853,0.945201575756073,0.0,1.903381246212508,-0.26983410619625947,0.025233613851133763,39.62967832905429,11.200024604797363
2678.071533382605,318.5608673095703,-409.9607238769531,3.5396728515625,-0.4181583821773529,0.9083741307258606,0.0,2.0022133218304177,-0.18058292062690384,0.025124345319362917,39.8020321440701,11.100024223327637
2681.97190861128,316.75929260253906,-406.50135803222656,3.5330810546875,-0.5044349431991577,0.8634496927261353,0.0,2.0995237539219094,-0.18181716045324037,0.024317367443318194,41.1228724626923,11.00002384185791
2685.8906394062137,314.6253967285156,-403.21458435058594,3.52545166015625,-0.5822828412055969,0.8129863142967224,0.0,2.192330153854058,-0.18631735561845386,0.02263882163261116,44.17191036831629,10.900023460388184
2689.845445268488,312.18603515625,-400.1017150878906,3.5184173583984375,-0.6494792103767395,0.7603793144226074,0.0,2.277695678214973,-0.11354120164544512,0.020607744452519006,48.52544645553211,10.800023078918457
2693.8534568212735,309.4635009765625,-397.16029357910156,3.5164794921875,-0.7071963548660278,0.7070172429084778,0.0,2.3563211414682725,0.04584710720035856,0.01902391245062679,52.56542273285391,10.600022315979004
2697.9207056059204,306.4801788330078,-394.3958282470703,3.5222320556640625,-0.7581371068954468,0.6520951390266418,0.0,2.431247929955656,0.12536219202259336,0.018295483494891795,54.658298605729975,10.200020790100098
2702.0320893184307,303.26573181152344,-391.8324737548828,3.5267181396484375,-0.8046855330467224,0.5937012434005737,0.0,2.5059419506430882,0.0569587671906957,0.01767019320156138,56.59247686729524,9.650018692016602
2706.173635115934,299.84666442871094,-389.49530029296875,3.5269012451171875,-0.8448326587677002,0.5350306034088135,0.0,2.5770486724832105,-0.04926309059424261,0.01588613580625947,62.94796999066185,9.150016784667969
2710.369296981782,296.2325134277344,-387.3642272949219,3.522552490234375,-0.8759742379188538,0.4823578894138336,0.0,2.6382481958310655,-0.12481695566583517,0.012664780002964782,78.95912915707208,8.650014877319336
2714.643183413707,292.43992614746094,-385.39385986328125,3.51629638671875,-0.8971231579780579,0.44178056716918945,0.0,2.684010203037403,-0.12186744697761376,0.008111139461051353,123.28724031954711,8.200013160705566
2719.0081025078202,288.4974365234375,-383.5205535888672,3.5120697021484375,-0.9073954224586487,0.4202779531478882,0.0,2.7078410379352906,-0.059603375648281665,0.0030921669833124388,323.3978001177558,7.750011444091797
2723.470488701454,284.44264221191406,-381.6573486328125,3.5111083984375,-0.9086512923240662,0.41755566000938416,0.0,2.7108390533089284,-0.052320591398064,-0.00108588330660625,920.9092670605055,7.1500091552734375
2728.039118900465,280.3017883300781,-379.7271423339844,3.5072784423828125,-0.9030680656433105,0.4294974207878113,0.0,2.69765646634977,-0.11589956580656535,-0.004273208776525317,234.01618135146023,6.500006675720215
2732.7088086653457,276.1099090576172,-377.66944885253906,3.500335693359375,-0.8913351893424988,0.4533449113368988,0.0,2.671078189940674,-0.07903090244334443,-0.00672128423545304,148.78109078102338,5.650003433227539
2737.4706169029823,271.9042663574219,-375.4362030029297,3.4999542236328125,-0.8739526867866516,0.48601090908050537,0.0,2.634073121239833,-0.0037221254014285776,-0.008640687189630902,115.73153593617317,5.398998737335205
2742.3041447139585,267.73338317871094,-372.99351501464844,3.4999847412109375,-0.850663423538208,0.5257107615470886,0.0,2.588042238118387,0.00047295047366224807,-0.010154173652780707,98.48167208822072,4.399998664855957
2747.1738081327353,263.6582794189453,-370.3275909423828,3.5,-0.8218798637390137,0.5696609020233154,0.0,2.5354994642836672,1.1665060528631699e-06,-0.011096984371544716,90.11457225840884,3.6499977111816406
2752.061667915227,259.7200012207031,-367.4325714111328,3.4999847412109375,-0.7888623476028442,0.6145699620246887,0.0,2.4797519560802233,-0.00046695751890757364,-0.01159283092726468,86.26020738801107,3.249998092651367
2756.965988855751,255.93988037109375,-364.3079833984375,3.4999542236328125,-0.7520572543144226,0.6590977907180786,0.0,2.4219741844107805,-0.00015738589574376682,-0.01178310881164657,84.86724649538904,2.7499985694885254
2761.8933723050877,252.32965087890625,-360.95457458496094,3.499969482421875,-0.7125369906425476,0.7016344666481018,0.0,2.363903815638663,0.0003089996459371136,-0.011827090584691807,84.55164800160853,2.399998903274536
2766.8423333314654,248.90664672851562,-357.3803253173828,3.4999847412109375,-0.6701179146766663,0.7422546744346619,0.0,2.3051639533843913,-0.00015136957138284224,-0.011665854190707509,85.7202553411438,2.349998950958252
2771.817045436198,245.67941284179688,-353.59446716308594,3.4999542236328125,-0.6267301440238953,0.779236376285553,0.0,2.248146188239552,-0.0003076407941338122,-0.011308757818044385,88.42704177503815,2.1999990940093994
2776.821484667696,242.65313720703125,-349.6087341308594,3.4999542236328125,-0.5822755694389343,0.8129914402961731,0.0,2.192321257225646,0.00015113498997298969,-0.010884804131384734,91.8711984092251,1.9999992847442627
2781.854952499446,239.8332977294922,-345.4392852783203,3.499969482421875,-0.5380356311798096,0.8429220914840698,0.0,2.138901273065405,1.8015941238846978e-06,-0.010440767296489462,95.77840129970464,1.8999992609024048
2786.9185129638527,237.22166442871094,-341.1011962890625,3.4999542236328125,-0.4935045540332794,0.8697431683540344,0.0,2.0869109287388503,0.00014746228822470897,-0.01001923900021462,99.80797942623978,1.6499994993209839
2792.013100001131,234.81918334960938,-336.60865783691406,3.4999847412109375,-0.4496232569217682,0.8932183384895325,0.0,2.0371398209366838,3.47559634406025e-06,-0.009529454445545399,104.93780160389518,1.4499996900558472
2797.1374190583724,232.6266632080078,-331.9770812988281,3.4999542236328125,-0.4066172242164612,0.9135985970497131,0.0,1.9895446389702123,-0.0001506025605724215,-0.008362378347123611,119.58320450114145,1.4499996900558472
2802.285468406502,230.62680053710938,-327.2333526611328,3.499969482421875,-0.371371865272522,0.9284842610359192,0.0,1.9512824267739723,0.00029591352098679025,-0.0066164557015497005,151.1383201380432,1.2999998331069946
2807.450480504011,228.78265380859375,-322.4087829589844,3.4999847412109375,-0.3434051275253296,0.9391873478889465,0.0,1.921336450701178,0.00029496208473478447,-0.00580249896103302,172.33953969066627,1.1999999284744263
2812.6317912627223,227.07608032226562,-317.51658630371094,3.5,-0.31499502062797546,0.9490932822227478,0.0,1.8912477474349847,-0.00014510225464503534,-0.00572209588983677,174.76113984320634,1.2999998331069946
2817.834774681172,225.51136779785156,-312.55445861816406,3.499969482421875,-0.2870289981365204,0.9579218626022339,0.0,1.8619202185360562,-0.00029445360922863983,-0.006169310480488133,162.09266872898206,1.399999737739563
2823.0799260376584,224.0926971435547,-307.5048065185547,3.499969482421875,-0.2531631588935852,0.9674236178398132,0.0,1.8267448577948528,-0.00014321177304599253,-0.007308465923842378,136.82762024485936,1.5499995946884155
2828.379687957846,222.85501098632812,-302.3515930175781,3.4999542236328125,-0.2123612016439438,0.9771912693977356,0.0,1.784786963419799,0.0002810311034162627,-0.008378019002950515,119.35995843979664,1.8999992609024048
2833.730672032054,221.84107971191406,-297.09754943847656,3.5,-0.16589835286140442,0.9861428737640381,0.0,1.7374652422226158,0.00042960520471035935,-0.00883617696231645,113.17111509476207,2.349998950958252
2839.1285823428652,221.0731201171875,-291.7545471191406,3.5,-0.11873144656419754,0.9929263591766357,0.0,1.6898085259543447,-0.0004174851849281236,-0.008386768034396946,119.23544277112052,2.699998617172241
2844.5826207093264,220.5460662841797,-286.32603454589844,3.4999542236328125,-0.0756337121129036,0.9971356391906738,0.0,1.646502337309781,-1.0725678539769135e-05,-0.00727880349724222,137.38521727903193,2.7999985218048096
2850.1072592067294,220.23194885253906,-280.8103332519531,3.5,-0.03918452560901642,0.9992319345474243,0.0,1.6099908890693433,0.00041607436735424663,-0.00579713192241138,172.49909323851287,2.899998426437378
2855.679615700578,220.09646606445312,-275.2396240234375,3.5,-0.011452816426753998,0.9999343752861023,0.0,1.5822493940557263,0.0015126444253055205,-0.00319171454528816,313.311226869042,2.949998378753662
2861.23579941251,220.06442260742188,-269.68353271484375,3.5001678466796875,-0.00361772277392447,0.9999934434890747,0.0,1.5744140575056091,0.006358495309627399,0.0005028357899835023,1988.7208108889968,2.7999985218048096
2866.7560545480424,220.01864624023438,-264.16346740722656,3.500701904296875,-0.016884874552488327,0.999857485294342,0.0,1.587682003001464,0.011943603876379827,0.004191913264602443,238.5545541803664,2.649998664855957
2872.23756922173,219.84344482421875,-258.68475341796875,3.5014801025390625,-0.049577780067920685,0.9987702369689941,0.0,1.6203944407891817,0.0179145527075375,0.0070364916265130695,142.11627798035903,2.649998664855957
2877.6762236084683,219.4581298828125,-253.259765625,3.502655029296875,-0.09349733591079712,0.9956194758415222,0.0,1.664430428177084,0.025246464987949135,0.0085429059700326,117.05618714613853,2.8499984741210938
2883.0693037133537,218.8260498046875,-247.9038543701172,3.50421142578125,-0.14161445200443268,0.9899218678474426,0.0,1.7128884433413822,0.026979554094180846,0.009223438107486104,108.41944059757509,3.2999980449676514
2888.415526907833,217.93577575683594,-242.6322784423828,3.50555419921875,-0.19147542119026184,0.9814973473548889,0.0,1.7634615001961695,0.004405542354946057,0.009619943019499866,103.95071966361702,4.099997520446777
2893.7149982058213,216.78892517089844,-237.45838928222656,3.50469970703125,-0.24205972254276276,0.97026127576828,0.0,1.8152844893110378,-0.050791880786615895,0.010123659733781737,98.77850760462547,5.098997592926025
2898.9659887716584,215.3817596435547,-232.3994598388672,3.5002288818359375,-0.2949863076210022,0.9555014967918396,0.0,1.8702375104403994,-0.1681408351263125,0.011008051219381004,90.84260057215025,6.097997665405273
2904.1746878713966,213.69711303710938,-227.47073364257812,3.4871826171875,-0.3518841564655304,0.9360435605049133,0.0,1.930379563533961,-0.19741733100402392,0.011549437072137042,86.58430655572772,7.0969977378845215
2909.370088838389,211.72544860839844,-222.66400146484375,3.47967529296875,-0.4073975682258606,0.9132509231567383,0.0,1.99039893046355,-0.15325096085961332,0.011533589191462218,86.7032788665868,8.09599781036377
2914.5780389153174,209.46075439453125,-217.9742431640625,3.4712371826171875,-0.4613983929157257,0.8871930837631226,0.0,2.050367067919872,-0.08950201733284868,0.011477673945913563,87.12566716150998,9.09499740600586
2919.8120682202925,206.90713500976562,-213.40542602539062,3.470367431640625,-0.5136644244194031,0.8579911589622498,0.0,2.1102466275485185,0.038978613737511436,0.011139552134662362,89.77021588582114,9.492998123168945
2925.08251407028,204.07009887695312,-208.96371459960938,3.475372314453125,-0.5618032217025757,0.8272709250450134,0.0,2.1673602262647282,0.12367819428373839,0.010402036347130134,96.13502266562399,8.493998527526855
2930.400252315674,200.96417236328125,-204.6472930908203,3.483489990234375,-0.6048262715339661,0.7963574528694153,0.0,2.2203440179039435,0.16788361410714492,0.008658997246831862,115.48681348361418,7.494998931884766
2935.778252747805,197.62100219726562,-200.4346923828125,3.49334716796875,-0.6357811689376831,0.7718693614006042,0.0,2.2598164712449442,0.19552805961940423,0.005221295093721212,191.52336384942782,6.495998859405518
2941.2304919434305,194.11044311523438,-196.26303100585938,3.5046844482421875,-0.6486268043518066,0.761106550693512,0.0,2.2765752011538862,0.11216424381121914,0.0007311550955985957,1367.6988726739316,5.4969987869262695
2946.768854864198,190.52838134765625,-192.0390167236328,3.5055084228515625,-0.6416513323783875,0.7669965028762817,0.0,2.2674456159664858,-0.006754843071377081,-0.0036763707898193054,272.00738368643994,4.4979987144470215
2952.3970353700042,186.9796600341797,-187.6706085205078,3.5038909912109375,-0.6165547966957092,0.7873119711875916,0.0,2.2351556030812234,-0.044352521653662214,-0.00701362008522563,142.57972171981848,3.4989988803863525
2958.101975203431,183.56533813476562,-183.10018920898438,3.500457763671875,-0.5785630345344543,0.8156377077102661,0.0,2.1877621254121076,-0.04170163856381803,-0.008866643271324831,112.7822524713552,2.4999988079071045
2963.8647367772082,180.35948181152344,-178.31146240234375,3.4991302490234375,-0.5333993434906006,0.8458635807037354,0.0,2.133410590288314,-0.014572565206272259,-0.00947679412330002,105.52091635517971,2.1499991416931152
2969.6728330917,177.39886474609375,-173.31459045410156,3.498779296875,-0.48582521080970764,0.8740559816360474,0.0,2.0781033652059584,0.0050948920489735094,-0.009121749685435304,109.62809049635509,2.7999985218048096
2975.5482746218386,174.67710876464844,-168.1075897216797,3.4997406005859375,-0.4404449462890625,0.8977795839309692,0.0,2.026890564118151,0.017654771975411654,-0.008434023298389604,118.56737462308652,3.7989985942840576
2981.50201550216,172.18646240234375,-162.69984436035156,3.5008697509765625,-0.3963923454284668,0.9180811643600464,0.0,1.9783802823795902,0.020607284696361194,-0.008015337676591627,124.76080738562612,4.797998428344727
2987.531514130062,169.92788696289062,-157.10934448242188,3.5022125244140625,-0.3523348271846771,0.9358740448951721,0.0,1.9308610608188026,-0.08474058957617103,-0.007739378739955671,129.20933754506083,5.796998500823975
2993.633715551171,167.91065979003906,-151.3502197265625,3.4904327392578125,-0.30859240889549255,0.9511943459510803,0.0,1.8845091956368394,-0.19124796673858913,-0.007755740753714657,128.93674914559827,6.795998573303223
2999.8119163707993,166.1493682861328,-145.42840576171875,3.478729248046875,-0.26171302795410156,0.9651457071304321,0.0,1.8355930016371662,-0.18173746625438358,-0.007596865213975318,131.63324237481316,7.794998645782471
3006.0755681681276,164.65150451660156,-139.34649658203125,3.46783447265625,-0.21749663352966309,0.9760610461235046,0.0,1.7900453024061695,-0.14474359798000713,-0.006870049786737359,145.55935270374627,8.793998718261719
3012.439960311086,163.3963623046875,-133.1071014404297,3.46051025390625,-0.17718255519866943,0.9841780066490173,0.0,1.7489192963977638,-0.08351435423362141,-0.006224700116830961,160.65030944962325,9.792998313903809
3018.9063551275312,162.37452697753906,-126.72195434570312,3.457183837890625,-0.13897861540317535,0.9902953505516052,0.0,1.7102262772160588,0.026906673263465963,-0.005776663011445637,173.11032303920828,10.791997909545898
3025.4714119056725,161.58277893066406,-120.20481872558594,3.46417236328125,-0.10270441323518753,0.9947119355201721,0.0,1.6736821586145634,0.29561171448013734,-0.0055828111657759555,179.12122948564925,11.790997505187988
3032.13179787357,161.02255249023438,-113.568115234375,3.49664306640625,-0.06554463505744934,0.9978495836257935,0.0,1.636387987445279,0.5562985157973044,-0.005475194651413787,182.64190840078777,12.789997100830078
3038.88347537067,160.70384216308594,-106.8240966796875,3.538909912109375,-0.029470739886164665,0.9995656609535217,0.0,1.6002713338422698,0.7125871881086432,-0.004981467414295004,200.7440613041777,13.788996696472168
3045.717604992793,160.6123046875,-99.99079895019531,3.593597412109375,0.0020245681516826153,0.9999979138374329,0.0,1.5687717571857889,0.8983442513479378,-0.003972810918271966,251.71094738003922,14.787996292114258
3052.573982179961,160.71063232421875,-93.13546752929688,3.6619415283203125,0.024883858859539032,0.9996903538703918,0.0,1.5459098993037392,1.5078914508559527,-0.002523029711169175,396.3488799093843,15.786995887756348
3059.454402872803,160.9280242919922,-86.2598876953125,3.8009796142578125,0.0366356335580349,0.9993286728858948,0.0,1.5341524924558785,2.5739070425158106,-0.001368396557464388,730.7823120024361,16.772512435913086
3066.397230911921,161.20787048339844,-79.32611083984375,4.0184326171875,0.04374546557664871,0.9990426898002625,0.0,1.5270368959865768,3.0748907516328194,-0.0009975551415388473,1002.4508504435968,16.195003509521484
3073.4303673241266,161.538818359375,-72.30397033691406,4.230621337890625,0.05055909603834152,0.9987210631370544,0.0,1.5202156654927546,2.6298491287600703,-0.0009745064798099279,1026.1604419449777,15.617493629455566
3080.5556979120674,161.92449951171875,-65.19087219238281,4.3900604248046875,0.057526037096977234,0.9983440637588501,0.0,1.5132385177000487,2.4742644664069724,-0.0008009102421460829,1248.5793630512767,15.039983749389648
3087.7741493677413,162.3574981689453,-57.98808288574219,4.585968017578125,0.06199553981423378,0.9980764389038086,0.0,1.5087610061482244,2.8753056742406025,-0.0003683795175463134,2714.5917521711235,14.462474822998047
3095.0844743434154,162.81613159179688,-50.69554138183594,4.80810546875,0.06282193213701248,0.9980247020721436,0.0,1.5079329958634917,3.046210239719999,0.00012267231364547493,8151.798643743013,14.127067565917969
3102.484445103778,163.27218627929688,-43.31309509277344,5.034088134765625,0.060151878744363785,0.9981892108917236,0.0,1.5106081132578923,2.902667294757827,0.0004611452798360949,2168.5140100651806,13.791659355163574
3109.9720203329534,163.70851135253906,-35.84107971191406,5.2399749755859375,0.05595121532678604,0.998433530330658,0.0,1.5148158788450625,2.4513135545712714,0.0007218684729178582,1385.2939108947492,13.456252098083496
3117.5449339068223,164.10903930664062,-28.280517578125,5.4027557373046875,0.049269117414951324,0.9987854957580566,0.0,1.5215072523958741,1.8827108615288524,0.0009951846763542604,1004.8386231823624,13.120844841003418
3125.2020339028263,164.45361328125,-20.632171630859375,5.5262603759765625,0.04079355672001839,0.9991676211357117,0.0,1.5299914484122088,1.4757090786579385,0.001080187173809699,925.7654823590545,12.785436630249023
3132.942209884441,164.73687744140625,-12.897872924804688,5.6297454833984375,0.032655976712703705,0.9994666576385498,0.0,1.538134543374728,1.3520769668116772,0.0008336920034298922,1199.4837372625623,12.450029373168945
3140.7650630708554,164.9719696044922,-5.07928466796875,5.7367095947265625,0.027862800285220146,0.9996117949485779,0.0,1.5429299211646945,1.5357932539266816,0.0005187829723937304,1927.5883234676598,11.850027084350586
3148.669836609121,165.17848205566406,2.8216400146484375,5.8715667724609375,0.02451561950147152,0.9996994733810425,0.0,1.546278251563307,1.8624147805054614,0.0004600810452574794,2173.5300993336095,11.500025749206543
3156.6556588755057,165.3605194091797,10.803756713867188,6.0329132080078125,0.020548051223158836,0.9997888803482056,0.0,1.5502468296067327,1.965392498877827,0.0006949757817125424,1438.899061397254,11.250024795532227
3164.7203650832553,165.4992218017578,18.865798950195312,6.1869354248046875,0.013331555761396885,0.9999111294746399,0.0,1.5574643760796787,1.8424778444528278,0.0009382402641537058,1065.8250750963045,11.00002384185791
3172.8627950324053,165.57525634765625,27.006591796875,6.3314208984375,0.0053365230560302734,0.9999857544898987,0.0,1.5654597783762751,1.6948207140792593,0.0008914491784038636,1121.7689400875283,10.85002326965332
3181.0818965522894,165.58975219726562,35.224609375,6.464111328125,-0.001239580800756812,0.9999992251396179,0.0,1.5720359079212582,1.524163552068264,0.0005853035674239782,1708.515128997372,10.750022888183594
3189.377445802518,165.56568908691406,43.51927185058594,6.5829925537109375,-0.004296527709811926,0.9999907612800598,0.0,1.575092867760869,1.3309194523723755,0.000250539408186673,3991.388050437621,10.650022506713867
3197.748528845829,165.52357482910156,51.889617919921875,6.6857757568359375,-0.0053973011672496796,0.9999854564666748,0.0,1.5761936540484054,1.1156720637402584,9.480880304195416e-05,10547.543771409988,10.650022506713867
3206.1516109145837,165.4763946533203,60.292144775390625,6.7700653076171875,-0.0058844927698373795,0.9999826550483704,0.0,1.5766808537093462,0.8741667971499945,5.7635839017938784e-05,17350.315654965245,10.600022315979004
3214.556797949295,165.42564392089844,68.69694519042969,6.83270263671875,-0.006366041488945484,0.9999797344207764,0.0,1.5771624112970775,0.606464914775362,6.47918846140294e-05,15434.031684015405,10.600022315979004
3222.9929680857017,165.37049865722656,77.13284301757812,6.8721160888671875,-0.006976119242608547,0.9999756813049316,0.0,1.5777725025196319,0.31593911257630225,9.000536470558929e-05,11110.448841255577,10.600022315979004
3231.49339956484,165.30702209472656,85.63302612304688,6.886016845703125,-0.007892669178545475,0.9999688267707825,0.0,1.578689078122655,-0.12152605604512923,9.160018700966888e-05,10917.008279627691,10.600022315979004
3240.0685591778097,165.23658752441406,94.20782470703125,6.8509368896484375,-0.008537763729691505,0.9999635815620422,0.0,1.579334194005436,-0.5437276713857908,8.682033325413396e-05,11518.03917951887,10.600022315979004
3248.719994343242,165.15805053710938,102.85870361328125,6.792144775390625,-0.009390007704496384,0.9999558925628662,0.0,1.580186472685565,-0.6373899017775686,7.825253974655388e-05,12779.137945411394,10.600022315979004
3257.4466577661956,165.0740509033203,111.58480834960938,6.740234375,-0.009894524700939655,0.9999510645866394,0.0,1.580691012787088,-0.6884818948058202,1.7885955278656995e-06,559097.8979989304,10.600022315979004
3266.248170842087,164.9884490966797,120.38563537597656,6.67132568359375,-0.009412934072315693,0.9999556541442871,0.0,1.5802094002823723,-0.8658325172983428,-0.00014308866016730926,6988.674006945974,10.650022506713867
3275.124295166819,164.91220092773438,129.2610321044922,6.5870513916015625,-0.007351907901465893,0.9999729990959167,0.0,1.5781483007452273,-1.0308289043042707,-0.00028154374185521136,3551.8459526415863,10.650022506713867
3284.0748043906865,164.8592987060547,138.21083068847656,6.4874420166015625,-0.0043867118656635284,0.9999904036521912,0.0,1.5751830526187072,-1.1850483589687044,-0.00030682095895599726,3259.2297586274576,10.600022315979004
3293.0992843585773,164.8328857421875,147.23455810546875,6.373931884765625,-0.001840504934079945,0.9999982714653015,0.0,1.572636832832141,-1.1244697952259741,-0.00019410830804225676,5151.763003272911,10.55002212524414
3302.1970273952134,164.82151794433594,156.33184814453125,6.2838592529296875,-0.0008820038056001067,0.9999995827674866,0.0,1.5716783307397848,-1.3174649463844224,-9.536552305532131e-05,10485.96985537323,10.500021934509277
3311.368760679633,164.8155059814453,165.50233459472656,6.13275146484375,-9.971228428184986e-05,1.0,0.0,1.570896039078848,-1.3077832627128416,-0.00024857536424392757,4022.924810113917,10.450021743774414
3320.61216714959,164.82913208007812,174.74530029296875,6.04351806640625,0.0037190348375588655,0.999993085861206,0.0,1.5670772833897135,-0.6506635701037378,-0.0007232357425501629,1382.6750271964622,10.350021362304688
3329.926385976333,164.90499877929688,184.0591583251953,6.012451171875,0.013365514576435089,0.9999107122421265,0.0,1.5574304147213451,-0.7006028467353931,-0.0011708239315917912,854.0993850718887,10.300021171569824
3339.310459074865,165.08676147460938,193.44093322753906,5.9120025634765625,0.025627590715885162,0.9996715188026428,0.0,1.545165928956862,-1.4588946605763653,-0.0013758301988783528,726.8338787847885,10.224002838134766
3348.7638853031103,165.39369201660156,202.88775634765625,5.737091064453125,0.03928259387612343,0.9992281794548035,0.0,1.531503624432688,-1.9243526856513482,-0.0014378643346919517,695.4759053914778,9.225003242492676
3358.284836159337,165.83189392089844,212.39671325683594,5.5467681884765625,0.05288729444146156,0.9986004829406738,0.0,1.5178843461412408,-2.0951923077395573,-0.0015246564728922107,655.8854520868173,8.226003646850586
3367.8721131054476,166.4108123779297,221.9641876220703,5.33660888671875,0.06838531047105789,0.9976589679718018,0.0,1.5023576014836342,-2.436976766421517,-0.0017663222346697566,566.1481129387281,7.227003574371338
3377.5241962924333,167.15765380859375,231.58384704589844,5.0775909423828125,0.08680459856987,0.9962253570556641,0.0,1.4838823442753637,-2.4668606223816143,-0.0019625006830614605,509.5539627736693,6.22800350189209
3387.236579098354,168.0948028564453,241.24844360351562,4.8591766357421875,0.1062464490532875,0.9943398833274841,0.0,1.4643489709935293,-2.4495931682381453,-0.0019702211165445876,507.55724400813426,5.229003429412842
3396.979007932385,169.22174072265625,250.92202758789062,4.6009063720703125,0.12491463869810104,0.9921674728393555,0.0,1.4455545288185316,-2.672847130748615,-0.0017803782908541177,561.6783832610431,4.440000534057617
3406.714034236489,170.5161590576172,260.5670471191406,4.3385772705078125,0.14065879583358765,0.9900581240653992,0.0,1.4296695312169847,-2.501201827454322,-0.0015051497432864852,664.3857227231798,3.6700003147125244
3416.4670565667257,171.95388793945312,270.2108917236328,4.1135406494140625,0.15395492315292358,0.9880779385566711,0.0,1.416226657747203,-2.017917727125704,-0.001317293906505243,759.1320320102155,3.1800003051757812
3426.2678265571903,173.52195739746094,279.88392639160156,3.94427490234375,0.16610556840896606,0.9861080050468445,0.0,1.4039172825766122,-1.8464941057271615,-0.0012786823131375469,782.0550810202931,2.9600002765655518
3436.1262480257446,175.2205810546875,289.5929718017578,3.750396728515625,0.17874440550804138,0.9838955402374268,0.0,1.3910861696834762,-1.8463378402865298,-0.001340447835129488,746.0193330860947,3.06000018119812
3445.9859097996164,177.04867553710938,299.2801818847656,3.5802154541015625,0.19210848212242126,0.98137366771698,0.0,1.377486124055864,-1.6694080213078166,-0.001308402335711903,764.2909009757301,3.7200002670288086
3455.7326724752743,178.9801788330078,308.8323516845703,3.4229583740234375,0.20393837988376617,0.9789837002754211,0.0,1.3654171472438135,-1.555258152781508,-0.0011234242498125852,890.1356724023223,4.719000339508057
3465.156590039294,180.9461669921875,318.04783630371094,3.2816925048828125,0.2132692039012909,0.9769935011863708,0.0,1.3558763999146306,-1.4291679407119702,-0.0010224398036978583,978.0526896383531,5.718000411987305
3474.197654368136,182.91542053222656,326.8709716796875,3.158538818359375,0.22237615287303925,0.9749609231948853,0.0,1.3465453483030587,-1.2916084681353412,-0.0008854172175873087,1129.4110619679616,6.583333969116211
3482.8643982567255,184.8721160888672,335.3132781982422,3.052459716796875,0.22866511344909668,0.9735051393508911,0.0,1.3400900808753318,-1.1518469070311816,-0.0005443689326051909,1836.9894755277303,7.030000686645508
3491.1783982314005,186.78684997558594,343.4032897949219,2.9624481201171875,0.23151364922523499,0.972831666469574,0.0,1.3371630127419585,-0.9997880757323968,-0.00039927399365938254,2504.54579031033,7.77000617980957
3499.1752447071085,188.64891052246094,351.1799774169922,2.8888702392578125,0.23497161269187927,0.9720022082328796,0.0,1.3336069579335232,-0.8375126885888151,-0.0009568051338707806,1045.144893772124,8.510011672973633
3506.91553375998,190.50563049316406,358.6940460205078,2.830230712890625,0.24588452279567719,0.9692991375923157,0.0,1.3223642033233907,-0.7575883273433223,-0.001452498031189381,688.4690915423465,9.250017166137695
