s_m,x_m,y_m,z_m,dir_x,dir_y,dir_z,heading_rad,slope_pct,curvature_1_per_m,radius_m,width_m
0.0,-29.615890502929688,-753.615478515625,6.885467529296875,0.369467169046402,-0.929243803024292,0.0,-1.1923607811230246,2.5765080572091343,-0.010881930761360398,91.89545696714079,7.5000104904174805
6.966371994838999,-27.322265625,-760.1909942626953,7.0649566650390625,0.2980297803878784,-0.9545565843582153,0.0,-1.2681683588287427,3.0922052338136163,-0.010323589706997108,96.86553111678019,7.900012016296387
12.530218966919255,-25.81317138671875,-765.542724609375,7.259918212890625,0.24514590203762054,-0.9694861769676208,0.0,-1.3231261379570927,3.817629829985425,-0.009104159208672497,109.83990691281122,7.900012016296387
18.165195091738305,-24.566787719726562,-771.0331878662109,7.4929351806640625,0.1994365006685257,-0.9799107313156128,0.0,-1.3700134872214842,4.355447605813156,-0.007262206273830368,137.69920080672142,7.65001106262207
23.892115331281108,-23.52996826171875,-776.6593627929688,7.75518798828125,0.16460151970386505,-0.9863601922988892,0.0,-1.405442327230814,4.705901726614503,-0.005250822275245301,190.44636203256056,7.1500091552734375
29.7256530506671,-22.648025512695312,-782.4189453125,8.0372314453125,0.13982263207435608,-0.9901766180992126,0.0,-1.430514049230631,4.853434662331635,-0.0035194160571416916,284.1380455632046,6.450006484985352
35.664324255262024,-21.870574951171875,-788.2993927001953,8.326583862304688,0.12376965582370758,-0.9923110008239746,0.0,-1.4467084725794497,4.753692731797243,-0.0019386662821433143,515.8185342215984,5.600003242492676
41.63596266702182,-21.15704345703125,-794.2217864990234,8.60333251953125,0.11697585880756378,-0.9931347966194153,0.0,-1.4535520460064406,4.455454214732635,-0.00037853086032041405,2641.7925321954795,4.800000190734863
47.62231548725452,-20.454986572265625,-800.1613159179688,8.85931396484375,0.11929918080568314,-0.9928582906723022,0.0,-1.4512123273791873,4.002239065417834,0.0011076053563396915,902.8486493643409,3.9499974250793457
53.59484640762315,-19.716156005859375,-806.0837860107422,9.08203125,0.13010036945343018,-0.9915007948875427,0.0,-1.4403261135054304,3.3481940924040887,0.0030399259408979973,328.9553822829641,3.149998188018799
59.495109202655584,-18.883148193359375,-811.9223175048828,9.25738525390625,0.15487560629844666,-0.9879339337348938,0.0,-1.4152947806760794,2.4964387377920727,0.004885398338940625,204.69159946061743,2.4999988079071045
65.20527024356059,-17.913284301757812,-817.5483093261719,9.3736572265625,0.18586412072181702,-0.9825754761695862,0.0,-1.3838450964156372,1.4758237579438505,0.0060272007396238725,165.91450047877532,1.949999213218689
70.69393823232959,-16.7960205078125,-822.9218139648438,9.425094604492188,0.2209353893995285,-0.975288450717926,0.0,-1.348022871264375,0.5032635619367842,0.007222773638015462,138.4509677468947,1.5999995470046997
75.98369718449067,-15.5291748046875,-828.0576324462891,9.429595947265625,0.26145508885383606,-0.9652156233787537,0.0,-1.3062668987764625,0.09658274348682827,0.00891917748719652,112.11796171065103,1.4499996900558472
81.13724576821387,-14.051986694335938,-832.9949340820312,9.435150146484375,0.3104281723499298,-0.9505968689918518,0.0,-1.2551529120968519,0.12754130833156907,0.008336665273321345,119.95203924045734,1.5999995470046997
86.22197369305525,-12.3831787109375,-837.7980041503906,9.442626953125,0.34299054741859436,-0.9393388032913208,0.0,-1.2206975818867554,0.14841469566366783,0.005556545110179972,179.96794413995332,1.9999992847442627
91.26498002225868,-10.601272583007812,-842.5157012939453,9.450180053710938,0.3634979724884033,-0.931594967842102,0.0,-1.1987763422702253,0.13660411048939114,0.005455165206752183,183.31250513957679,2.4999988079071045
96.2672169356343,-8.715164184570312,-847.1487274169922,9.45635986328125,0.39384153485298157,-0.919178307056427,0.0,-1.1659891251235728,0.08405046927895121,0.008466666762209155,118.11023488765208,3.149998188018799
101.2463311949348,-6.6426239013671875,-851.6759948730469,9.458587646484375,0.44075581431388855,-0.8976269960403442,0.0,-1.1143557919064169,-0.011880421000998176,0.011589785515940906,86.28287371017977,3.2999980449676514
106.23112164371614,-4.306915283203125,-856.0796966552734,9.455169677734375,0.49714094400405884,-0.8676697611808777,0.0,-1.050495751108874,-0.13048864322823261,0.012979974091878108,77.04175624092538,4.249998092651367
111.24246177633226,-1.6723785400390625,-860.3426361083984,9.445510864257812,0.5531986355781555,-0.8330493569374084,0.0,-0.9845972784582023,-0.2569800237375852,0.01311314810402664,76.25933849499734,5.248998165130615
116.2895292581116,1.2541961669921875,-864.4545440673828,9.429275512695312,0.6069325804710388,-0.7947532534599304,0.0,-0.9186009956958678,-0.4775392491537689,0.013139285390316613,76.10763982164356,6.247998237609863
121.3654444199189,4.4697113037109375,-868.3819274902344,9.397079467773438,0.6587916612625122,-0.7523254752159119,0.0,-0.8515848682912163,-0.6538044819064392,0.012927328717028161,77.35550181243384,7.246998310089111
126.47256429081753,7.955535888671875,-872.1142883300781,9.362686157226562,0.7059882283210754,-0.7082235813140869,0.0,-0.7869787972997937,-0.6563559382537609,0.012738896768626745,78.49973338843535,8.245997428894043
131.61243137667515,11.70269775390625,-875.6322326660156,9.329833984375,0.7511171102523804,-0.6601690053939819,0.0,-0.7210437312748854,-0.6235788065617087,0.012676361026456015,78.88699271920107,8.950016021728516
136.79092994682262,15.70166015625,-878.9222412109375,9.298355102539062,0.7923217415809631,-0.6101035475730896,0.0,-0.656191241988936,-0.5973288024368917,0.012376902864210441,80.79565711803725,9.550018310546875
142.02132322206356,19.945648193359375,-881.9791412353516,9.267669677734375,0.8296984434127808,-0.5582119822502136,0.0,-0.5922291706344085,-0.5572948177145598,0.011645282315882875,85.8716837320561,10.100020408630371
147.31119638543382,24.420623779296875,-884.7998809814453,9.239761352539062,0.8609054088592529,-0.508764922618866,0.0,-0.5337495936943879,-0.46359139153451245,0.010761509309900087,92.92376851637778,10.600022315979004
152.65879130275164,29.098358154296875,-887.3912353515625,9.218429565429688,0.8880141973495483,-0.459816038608551,0.0,-0.4777880259377464,-0.336652149344685,0.01069260503230001,93.52257910763744,11.00002384185791
158.00162519159187,33.9117431640625,-889.7100677490234,9.203765869140625,0.9133157730102539,-0.4072519838809967,0.0,-0.4194432289505895,-0.1858172166919303,0.011292201632317839,88.55669005573183,11.30002498626709
163.29999224425677,38.81428527832031,-891.719482421875,9.198577880859375,0.9367191791534424,-0.35008177161216736,0.0,-0.357658385388037,-0.039051123125910525,0.012134928797473635,82.40674640037356,11.550025939941406
168.5632260610976,43.80262756347656,-893.398193359375,9.199600219726562,0.9578678607940674,-0.28720933198928833,0.0,-0.29131213756920704,0.08370961344703609,0.012654340074310776,79.02427105069447,11.700026512145996
173.78697039063613,48.85301208496094,-894.7327575683594,9.207305908203125,0.9748038649559021,-0.2230639010667801,0.0,-0.22495643215913957,0.23501357694476477,0.01271959053243948,78.6188830096098,11.800026893615723
178.9581040227606,53.92901611328125,-895.7199401855469,9.22393798828125,0.9873709678649902,-0.1584250032901764,0.0,-0.1590953135895265,0.4345912880329261,0.012575137875768064,79.52199092202176,11.75002670288086
184.09542555041898,59.024810791015625,-896.3712158203125,9.252029418945312,0.9954609870910645,-0.09517107158899307,0.0,-0.09531532428691192,0.5937207545553713,0.012385680206710459,80.73839977381365,11.45002555847168
189.23081137634736,64.14958190917969,-896.6995849609375,9.284927368164062,0.9994924664497375,-0.03185534104704857,0.0,-0.03186073185612028,0.6275178451415564,0.012493440927446661,80.04200010287913,10.950023651123047
194.37417588919456,69.2928466796875,-896.6943511962891,9.3165283203125,0.9994521737098694,0.033097781240940094,0.0,0.03310382528933776,0.5683851798582551,0.012324396061433242,81.13987858028209,10.450021743774414
199.5310783157165,74.43910217285156,-896.3642425537109,9.343460083007812,0.9954837560653687,0.09493236243724823,0.0,0.09507553170969485,0.4725908215317487,0.012059059426943745,82.92520706595776,10.000020027160645
204.71922857911704,79.5858154296875,-895.710205078125,9.365386962890625,0.9875662922859192,0.15720325708389282,0.0,0.15785805224014499,0.42908385432717244,0.01174832117710036,85.11854459249753,10.999019622802734
209.94582924111882,84.7203369140625,-894.7337188720703,9.388153076171875,0.9764606952667236,0.2156956046819687,0.0,0.21740413815233894,0.4139669626903375,0.010827264686420781,92.3594304713146,10.70002269744873
215.2262711919189,89.84286499023438,-893.4521789550781,9.408859252929688,0.9633538126945496,0.268233984708786,0.0,0.2715593619804643,0.35074904765360904,0.009453280826376545,105.78338022179558,10.300021171569824
220.5889156265072,94.97323608398438,-891.8910980224609,9.4254150390625,0.9498991370201111,0.31255656480789185,0.0,0.3178832553998363,0.2616242127771562,0.007769558186466054,128.70744719331913,9.800019264221191
226.06214153877852,100.1378173828125,-890.0791473388672,9.437103271484375,0.9374533891677856,0.3481108844280243,0.0,0.35555518258748753,0.09191310997308522,0.006199175300513112,161.31177963578946,9.050016403198242
231.6578858162759,105.35183715820312,-888.0478057861328,9.435287475585938,0.9262972474098206,0.37679359316825867,0.0,0.3863323173733737,-0.13547539645887285,0.005035939823299123,198.57266668942924,8.150012969970703
237.38389893977134,110.626220703125,-885.8189239501953,9.421493530273438,0.9161420464515686,0.4008537232875824,0.0,0.41244853355584465,-0.30054185132615263,0.004189069351896162,238.7165062204938,7.400010108947754
243.24168187417203,115.9659423828125,-883.4104919433594,9.400314331054688,0.90697181224823,0.42119139432907104,0.0,0.4347585021683195,-0.4162890250582585,0.0037111252197713565,269.4600534286499,6.8000078201293945
249.2290977458666,121.36878967285156,-880.8302612304688,9.372039794921875,0.8976528644561768,0.44070330262184143,0.0,0.4563819973207245,-0.5205641160443752,0.003907330418580324,255.92921326662122,6.300005912780762
255.34165566282064,126.82249450683594,-878.0699615478516,9.337203979492188,0.8860176801681519,0.4636513888835907,0.0,0.48211191564937905,-0.6117143503695632,0.004910544246020991,203.64341504718118,6.000004768371582
261.57046439912835,132.29164123535156,-875.0892181396484,9.29644775390625,0.8692319989204407,0.49440428614616394,0.0,0.5171494025392525,-0.7277466388224907,0.0060532277173927715,165.20112024312164,5.800004005432129
267.8681461355297,137.70208740234375,-871.8665924072266,9.245941162109375,0.8483174443244934,0.5294880270957947,0.0,0.5579969180143984,-0.8873513353783613,0.006769302228132407,147.72571327132067,5.9000043869018555
274.1865322487667,142.98590087890625,-868.4025573730469,9.184463500976562,0.8238856792449951,0.5667560696601868,0.0,0.602563124269155,-1.075101031421133,0.007163344734570108,139.59959167873453,6.300005912780762
280.5423592470581,148.13807678222656,-864.6815338134766,9.109603881835938,0.7968125343322754,0.6042266488075256,0.0,0.6487949318125683,-1.3009407116063132,0.007210404122963303,138.68848166432923,6.950008392333984
286.96149155377094,153.16146850585938,-860.6862335205078,9.018112182617188,0.768266499042511,0.6401301622390747,0.0,0.694667661070308,-1.6176090837705548,0.007227963909964205,138.35154857669346,7.949008464813232
293.44149477012144,158.0415496826172,-856.4246063232422,8.900711059570312,0.7370918989181519,0.6757925748825073,0.0,0.74203941291469,-2.0058650129098243,0.007292627525219399,137.12478753944245,8.94800853729248
299.98024766346657,162.7524871826172,-851.8923187255859,8.756744384765625,0.7041248083114624,0.7100762724876404,0.0,0.7896064963730991,-2.2891641606101465,0.007498921959141973,133.35250125931702,9.94700813293457
306.5646774036844,167.26974487304688,-847.1043548583984,8.6002197265625,0.6671130061149597,0.7449565529823303,0.0,0.8404696957465201,-2.423047282446289,0.007704665606129882,129.79148623976536,10.85002326965332
313.1917392939717,171.56146240234375,-842.0573425292969,8.43658447265625,0.628327488899231,0.7779489755630493,0.0,0.8913949018851457,-2.4503888329914125,0.007832602254414775,127.67148994912375,11.45002555847168
319.85825147396815,175.6094512939453,-836.7630157470703,8.274490356445312,0.5860632061958313,0.810265302658081,0.0,0.9446046994982535,-2.414679390663288,0.008080395131234638,123.75632425876255,11.500025749206543
326.5591764380763,179.3865966796875,-831.2304077148438,8.113815307617188,0.5407937169075012,0.8411552309989929,0.0,0.9994158893148389,-2.4055694260726956,0.008019309494936913,124.69901562364714,11.250024795532227
333.2921148343763,182.87469482421875,-825.4737396240234,7.951324462890625,0.495553195476532,0.8685775995254517,0.0,1.0523247171728658,-2.41834735653067,0.007943616901222528,125.8872390794802,10.492997169494629
340.05464421466763,186.06784057617188,-819.5148162841797,7.787445068359375,0.44768306612968445,0.8941923379898071,0.0,1.1066237810313795,-2.4239206532370106,0.008042822105936903,124.33446703512668,9.493997573852539
346.8460508303047,188.93783569335938,-813.3618316650391,7.6227874755859375,0.39811304211616516,0.9173363447189331,0.0,1.1613373899756327,-2.467387909889518,0.007933142732225187,126.05344864626021,8.49499797821045
353.6597002431936,191.4828338623047,-807.0436401367188,7.4517364501953125,0.3487595021724701,0.9372122287750244,0.0,1.2145491446906689,-2.5545221342499147,0.008027746442245035,124.56796028554443,7.495997905731201
360.4918875881879,193.6847686767578,-800.5784454345703,7.2741851806640625,0.29542994499206543,0.9553644061088562,0.0,1.2708908070938831,-2.7257721936053803,0.007925709500444494,126.17166954503158,6.496997833251953
367.3427527855744,195.534423828125,-793.9848937988281,7.0787200927734375,0.24528267979621887,0.9694515466690063,0.0,1.3229850443243234,-3.0571917036350813,0.007267844077174124,137.59238494681892,5.497997760772705
374.2287218262386,197.06495666503906,-787.2749328613281,6.8540802001953125,0.1987595111131668,0.9800482988357544,0.0,1.3707043126017449,-3.3254283502827664,0.0073084558021606905,136.82780974119834,4.498997688293457
381.1699801705334,198.26065063476562,-780.4414825439453,6.61883544921875,0.14618781208992004,0.9892568588256836,0.0,1.4240827496741026,-3.4111773493798294,0.007312489576774522,136.7523316786855,3.499997854232788
388.17038755198575,199.11669921875,-773.4977722167969,6.37847900390625,0.09803088754415512,0.9951834082603455,0.0,1.4726077461257472,-3.4177305386940136,0.006909113242738338,144.7363742447016,2.599998712539673
395.2353972106744,199.63169860839844,-766.4556579589844,6.1381378173828125,0.049516696482896805,0.9987732768058777,0.0,1.521259371978632,-3.3561616363699254,0.006328591672064329,158.01303857447468,2.099999189376831
402.37384508040327,199.83824157714844,-759.3241119384766,5.90185546875,0.008382936008274555,0.9999648332595825,0.0,1.5624132923545664,-3.2634619232940363,0.004966761785407128,201.3384259615804,1.8999992609024048
409.61261336555623,199.77610778808594,-752.08935546875,5.669036865234375,-0.02170824073255062,0.9997643232345581,0.0,1.592506273428038,-3.20657933858689,0.0023735357088204706,421.3123890590002,1.949999213218689
416.9653211111135,199.5880126953125,-744.7428131103516,5.433990478515625,-0.025837821885943413,0.999666154384613,0.0,1.5966370242317949,-3.2047722355534436,-0.00025387233731777314,3938.9876445982986,2.1499991416931152
424.4300744622,199.42445373535156,-737.2837066650391,5.19415283203125,-0.01776309125125408,0.9998422265052795,0.0,1.5885603522553051,-3.214300887937982,-0.00045752522104967885,2185.6718580578936,2.2999989986419678
432.0046932480154,199.2950439453125,-729.714111328125,4.9505767822265625,-0.019096864387392998,0.9998176097869873,0.0,1.5898943526564917,-3.204420123507268,0.0009666424423341868,1034.5086830506464,2.4499988555908203
439.6847525497728,199.10162353515625,-722.0404052734375,4.705352783203125,-0.03267189860343933,0.9994661808013916,0.0,1.6034740391846731,-3.1669905954103292,0.0020669544056089867,483.803608481325,2.599998712539673
447.46611590754105,198.77711486816406,-714.2696533203125,4.460968017578125,-0.05109475553035736,0.9986937642097473,0.0,1.6219133427779202,-3.1108465518266017,0.0022391013035013146,446.6077521531901,2.949998378753662
455.3459523222573,198.307373046875,-706.4075775146484,4.2182159423828125,-0.06766709685325623,0.9977079033851624,0.0,1.638515173274709,-2.999099249512907,0.0017747048033642382,563.4739919023938,3.3999979496002197
463.3240316384763,197.7178497314453,-698.4547119140625,3.98553466796875,-0.07911171019077301,0.9968658089637756,0.0,1.6499907884045832,-2.8117636546976965,0.0012011918040814584,832.50651278352,3.3999979496002197
471.3492120314416,197.05081176757812,-690.4602508544922,3.768341064453125,-0.08681001514196396,0.9962248802185059,0.0,1.6577157468325803,-2.6350070409752235,0.0008559687493674556,1168.2669498611729,4.149997711181641
479.400710714315,196.32760620117188,-682.4439544677734,3.56195068359375,-0.09281618893146515,0.9956832528114319,0.0,1.6637463019064538,-2.4274801563164945,0.0007251158378617367,1379.0899988460567,4.90000057220459
487.50898209443454,195.55169677734375,-674.3750305175781,3.376220703125,-0.09847454726696014,0.9951395392417908,0.0,1.6694307307904566,-2.189219189932018,0.0005229693030055771,1912.15812142866,5.700003623962402
495.7069431338543,194.7303924560547,-666.2201080322266,3.2051544189453125,-0.1012715995311737,0.9948588013648987,0.0,1.6722418374553365,-2.569042658551188,8.373856707691307e-05,11941.928730181275,6.500006675720215
504.0027819518871,193.89288330078125,-657.9705505371094,2.9515380859375,-0.09979812800884247,0.9950076937675476,0.0,1.6707608621915342,-3.5475167011839255,-0.0004900191195943981,2040.7366978409466,7.300009727478027
512.3952089495101,193.08155822753906,-649.6243286132812,2.6121826171875,-0.09307251870632172,0.995659351348877,0.0,1.6640037436130841,-3.273593933505098,-0.0009691143639355693,1031.8699600519842,8.050012588500977
520.8707984193624,192.3319854736328,-641.1846008300781,2.400634765625,-0.08349277824163437,0.9965083599090576,0.0,1.6543864177822927,-2.4261585763470372,-0.001178916129886437,848.2367614194305,8.800015449523926
529.359402771256,191.66746520996094,-632.7244110107422,2.20062255859375,-0.07314153015613556,0.9973215460777283,0.0,1.6440032302958574,-2.2786192869536217,-0.001155664737996831,865.3028574129102,9.450017929077148
537.803220161638,191.089111328125,-624.3024749755859,2.014739990234375,-0.06397214531898499,0.9979517459869385,0.0,1.634812182378231,-2.1150798539271114,-0.0010250292680993867,975.5818990946512,10.050020217895508
546.0731149250564,190.59432983398438,-616.0491027832031,1.8468170166015625,-0.05602366477251053,0.9984294772148132,0.0,1.626849337472883,-1.9362390741161208,-0.0009157457077901138,1092.0062103410885,10.500021934509277
554.0511672529594,190.17477416992188,-608.0834503173828,1.6996002197265625,-0.04909010976552963,0.9987943768501282,0.0,1.619906173381807,-1.7506044290830234,-0.0008714499751481392,1147.5127988040947,10.950023651123047
561.7093754269774,189.8248748779297,-600.4342956542969,1.5724945068359375,-0.042414795607328415,0.9991000890731812,0.0,1.613223850122592,-1.5595959107423993,-0.0009091245474418391,1099.959299101397,11.250024795532227
569.042104518845,189.53749084472656,-593.1079864501953,1.4651641845703125,-0.03549704700708389,0.999369740486145,0.0,1.606300834097232,-1.3614054737545844,-0.0009895622729004933,1010.5478223911193,11.550025939941406
576.049405780312,189.31439208984375,-586.1047973632812,1.376617431640625,-0.028262322768568993,0.9996005296707153,0.0,1.5990624136938292,-1.1588877886958129,-0.0011791845929481903,848.0436447187678,11.800026893615723
582.7258456736831,189.1531524658203,-579.4306793212891,1.305908203125,-0.019462082535028458,0.9998105764389038,0.0,1.5902596385323746,-0.9563468492269565,-0.0013669460188077964,731.5577837317715,11.950027465820312
589.079405870653,189.05711364746094,-573.0780792236328,1.2513580322265625,-0.01048512663692236,0.9999450445175171,0.0,1.5812816454031422,-0.7532332765009433,-0.0016791881390411656,595.5258834611652,12.050027847290039
595.1382621368983,189.02749633789062,-567.0194244384766,1.2118072509765625,0.0012262531090527773,0.9999992251396179,0.0,1.5695700733503066,-0.5463255206218056,-0.002000814912378024,499.7963548819577,12.050027847290039
600.8925306635714,189.0672607421875,-561.2653503417969,1.186187744140625,0.013109889812767506,0.9999140501022339,0.0,1.5576860612699428,-0.3431418271279421,-0.0020777175613996834,481.2973710085677,12.000027656555176
606.370458714317,189.1710205078125,-555.7884216308594,1.1727142333984375,0.02455439232289791,0.9996984601020813,0.0,1.546239465552625,-0.14299792466738737,-0.002014889548487664,496.3051204223974,11.90002727508545
611.5481663037613,189.32247924804688,-550.6129302978516,1.17034912109375,0.034616898745298386,0.9994006752967834,0.0,1.5361725112592963,0.0562598921621707,-0.002540972176812706,393.5501573473977,11.75002670288086
616.4453510769667,189.52682495117188,-545.7200164794922,1.177825927734375,0.04981056600809097,0.9987587332725525,0.0,1.5209651428070723,0.24725798541058303,-0.003959116952984815,252.58157611284778,11.440998077392578
621.2261767489604,189.81390380859375,-540.9478454589844,1.194061279296875,0.07267972081899643,0.9973553419113159,0.0,1.49805246759862,0.44855628192209535,-0.007016713595195206,142.5168615525029,10.441998481750488
625.9684914256218,190.2515869140625,-536.2258453369141,1.220458984375,0.11621849238872528,0.9932236671447754,0.0,1.4543146087052616,0.6709974919881345,-0.011328485985792835,88.27304913067022,9.442998886108398
630.6652687907375,190.9394989013672,-531.5798645019531,1.257293701171875,0.178521528840065,0.9839360117912292,0.0,1.3913126911079587,0.8998017343715164,-0.01431909034115228,69.836838526401,8.443999290466309
635.3305550013868,191.93186950683594,-527.0215911865234,1.30462646484375,0.24787010252475739,0.9687932729721069,0.0,1.3203151969002846,1.1201922780135294,-0.01574192452489745,63.524634387517146,7.4449992179870605
639.9650586220304,193.2472381591797,-522.5780334472656,1.3614044189453125,0.32011234760284424,0.9473795294761658,0.0,1.2449482352083434,1.3401282672267645,-0.016416498741175706,60.91432867422635,6.4459991455078125
644.5629448083652,194.8820343017578,-518.2811126708984,1.4282684326171875,0.3912903964519501,0.9202672243118286,0.0,1.1687629408038216,1.3259957921577747,-0.016933276605180944,59.05531595072614,5.4469990730285645
649.114991124367,196.82647705078125,-514.1656188964844,1.48284912109375,0.4624471664428711,0.8866468071937561,0.0,1.0900430696359196,1.2197650677014449,-0.017119651685035944,58.412403382837894,4.447999000549316
653.62749754444,199.06375122070312,-510.24717712402344,1.538818359375,0.5288364291191101,0.8487237095832825,0.0,1.0135672833915343,1.3799806658135654,-0.017365486690333998,57.58548653615458,3.4489989280700684
658.1123300864862,201.5823516845703,-506.5369567871094,1.60693359375,0.5947650671005249,0.8038995862007141,0.0,0.9338229623039026,1.6936565998984299,-0.017691583062491495,56.52405420519619,2.4499988555908203
662.5822813164654,204.38084411621094,-503.05242919921875,1.6904296875,0.6561126112937927,0.7546629905700684,0.0,0.8551403288368034,2.0211739357751806,-0.017731334374757254,56.3973347332293,2.399998903274536
667.0707375885647,207.45675659179688,-499.78509521484375,1.788055419921875,0.7144394516944885,0.6996972560882568,0.0,0.7749736680079612,2.479688052294424,-0.017010441974469978,58.78742019171778,3.3999979496002197
671.6000207263054,210.80799865722656,-496.7408142089844,1.9142913818359375,0.7636721134185791,0.6456043124198914,0.0,0.7018143326897905,2.86585671461175,-0.015112361504118543,66.17099516362627,4.398997783660889
676.1966507905623,214.41188049316406,-493.8907775878906,2.0496978759765625,0.8037643432617188,0.5949478149414062,0.0,0.6372007131764211,3.00779468620847,-0.013688374550327655,73.05469296762217,5.397997856140137
680.8747893640034,218.25491333007812,-491.22705078125,2.193359375,0.8392366766929626,0.5437663197517395,0.0,0.5749184074482323,3.1106445102664333,-0.013058059661110795,76.58105614099593,6.396997928619385
685.6262720762502,222.31729125976562,-488.7671203613281,2.34307861328125,0.8707327246665955,0.49175652861595154,0.0,0.5141059167661158,3.18532317614289,-0.01285916293448263,77.76555947653785,7.395998001098633
690.4472591173483,226.5843963623047,-486.5289001464844,2.498321533203125,0.8996556997299194,0.436599999666214,0.0,0.451815983692018,3.110976358795192,-0.01266405797425723,78.96363093352404,8.394997596740723
695.3346682617745,231.04257202148438,-484.5314178466797,2.64495849609375,0.9244549870491028,0.38129112124443054,0.0,0.39119253642033797,2.838889983022269,-0.01218390028232176,82.07552399710221,9.393997192382812
700.2894533610892,235.67518615722656,-482.7789306640625,2.7775115966796875,0.9454153776168823,0.3258678615093231,0.0,0.3319295344302234,2.5514937415283545,-0.011729806541264917,85.25289794695644,9.800019264221191
705.3163129651434,240.47178649902344,-481.2799072265625,2.8994598388671875,0.9626574516296387,0.27072232961654663,0.0,0.27414330912891066,2.313126903820301,-0.011192434875503796,89.34606375853384,9.800019264221191
710.4311581552787,245.431396484375,-480.03440856933594,3.01190185546875,0.9762295484542847,0.21673913300037384,0.0,0.21847296005919195,2.0979964320149094,-0.010032600872532521,99.67505063794796,9.500018119812012
715.6496677537473,250.55140686035156,-479.0306701660156,3.1160430908203125,0.9854744076728821,0.16982413828372955,0.0,0.17065120854149102,1.9166387234672455,-0.008202327563104655,121.91661358394848,8.950016021728516
720.9881908022431,255.82855224609375,-478.2294464111328,3.21405029296875,0.9912856221199036,0.13173018395900726,0.0,0.13211417049853202,1.7705931656928076,-0.005736603909608054,174.31916439709775,7.9970011711120605
726.450205967203,261.2512512207031,-477.58192443847656,3.3071136474609375,0.9940584897994995,0.1088469922542572,0.0,0.10906307959137804,1.633869120629211,-0.0021092159284992907,474.1098274900195,6.9980010986328125
731.9120670024979,266.6812438964844,-476.9989929199219,3.3925323486328125,0.9940574169158936,0.10885655879974365,0.0,0.10907270607802516,1.5189910799254636,0.002357967789220542,424.09400356167015,5.9990010261535645
737.2220095760274,271.9528350830078,-476.3667907714844,3.4708709716796875,0.9910679459571838,0.13335822522640228,0.0,0.1337566995635984,1.5111347300625466,0.006719544199513908,148.81961786520282,5.000000953674316
742.2807696389852,276.9508361816406,-475.5890197753906,3.549041748046875,0.9842475652694702,0.17679570615291595,0.0,0.17772991669553997,1.5744570117746326,0.009764461420298002,102.41220247142735,4.149997711181641
747.0882830513904,281.6590118408203,-474.6198272705078,3.626068115234375,0.9737642407417297,0.22755907475948334,0.0,0.22957026383193108,1.591304339541938,0.012457737870793184,80.27139520606481,3.6499977111816406
751.6836357210021,286.10023498535156,-473.44189453125,3.6987152099609375,0.9570420980453491,0.2899489402770996,0.0,0.29417349096471573,1.494257640947677,0.014893138726433698,67.14501344334549,3.3999979496002197
756.1933354977225,290.36671447753906,-471.9822692871094,3.76226806640625,0.9341126084327698,0.3569786548614502,0.0,0.36503140719065713,1.2459461298708174,0.015764030303668096,63.435554280006194,3.499997854232788
760.6438704691022,294.4663391113281,-470.25079345703125,3.810546875,0.9066942930221558,0.42178836464881897,0.0,0.4354168261703762,0.8458371193687197,0.01687398970739807,59.2628072756006,3.8999974727630615
765.0323027342636,298.3707580566406,-468.2475128173828,3.8373260498046875,0.8707605004310608,0.49170735478401184,0.0,0.5140494405860164,0.28676610164258265,0.018482571007264338,54.10502681726275,4.699999809265137
769.3540710807804,302.0445861816406,-465.9714050292969,3.8359527587890625,0.8274028301239014,0.5616089105606079,0.0,0.5963290468176977,-0.28794952135376417,0.020008988490642796,49.97753886797676,5.698999881744385
773.6162282081267,305.4624786376953,-463.4251403808594,3.8129119873046875,0.7739822268486023,0.633207380771637,0.0,0.6856901901373624,-0.6195437732130993,0.02090963049166865,47.824852782474835,6.697999954223633
777.8664529863635,308.6277313232422,-460.5888214111328,3.783233642578125,0.7148958444595337,0.6992309093475342,0.0,0.7743211546582378,-0.7303033939635328,0.02016287778067065,49.596094906584234,7.65001106262207
782.1427685891964,311.55804443359375,-457.4744873046875,3.7506256103515625,0.6542743444442749,0.7562572956085205,0.0,0.8575736468345547,-0.7868577973807134,0.019252709769849746,51.940740392088934,8.300013542175293
786.4403037839512,314.2343292236328,-454.1121826171875,3.71575927734375,0.5902870893478394,0.8071933388710022,0.0,0.9393818445238663,-0.8048525401300688,0.01932736850949389,51.74010106491141,8.950016021728516
790.726999271854,316.6201629638672,-450.5509490966797,3.6815338134765625,0.5203992128372192,0.8539230823516846,0.0,1.023477929477417,-0.7043859254320717,0.020844566289215077,47.974133216549454,9.500018119812012
794.982106728836,318.66441345214844,-446.81915283203125,3.6555328369140625,0.4380618631839752,0.8989448547363281,0.0,1.117354813605359,-0.47423688653808194,0.02296114975794715,43.55182604276544,9.900019645690918
799.1923561964092,320.3187561035156,-442.94757080078125,3.641265869140625,0.34573718905448914,0.9383314251899719,0.0,1.2177720294364305,-0.18298794255673934,0.023936677452884636,41.776892468402664,10.100020408630371
803.3643986400482,321.56321716308594,-438.9654541015625,3.64007568359375,0.2501196563243866,0.9682149291038513,0.0,1.317992488052068,0.008945312984925957,0.023915329872154,41.81418384549894,10.100020408630371
807.519743658566,322.4029541015625,-434.8958435058594,3.641998291015625,0.15326209366321564,0.9881855845451355,0.0,1.416927799915949,0.013946472237513774,0.023854211034793404,41.921319407353884,10.150020599365234
811.6738657168906,322.83457946777344,-430.7642059326172,3.6412353515625,0.054561059921979904,0.9985104203224182,0.0,1.5162081591367542,-0.1034133708084306,0.02312677686676784,43.23992079661373,10.200020790100098
815.8498519031214,322.86639404296875,-426.5883483886719,3.6333465576171875,-0.03873646631836891,0.9992494583129883,0.0,1.6095424872151483,-0.2578902062891464,0.022006739268580655,45.44062560997915,10.350021362304688
820.0582712760663,322.5125732421875,-422.3948516845703,3.61956787109375,-0.12953785061836243,0.9915744662284851,0.0,1.700699217487394,-0.42801484957765146,0.022016196333153465,45.42110657389682,10.55002212524414
824.281340747028,321.7687225341797,-418.2378692626953,3.59722900390625,-0.22250770032405853,0.9749308824539185,0.0,1.7951822392654608,-0.5196664887206603,0.02245266083296063,44.538151065462785,10.800023078918457
828.5059634438243,320.63514709472656,-414.16822814941406,3.5756683349609375,-0.31416434049606323,0.9493685960769653,0.0,1.8903726318470968,-0.3716178053301489,0.022559201272296353,44.327810543010756,10.85002326965332
832.7345086909351,319.11509704589844,-410.22235107421875,3.565826416015625,-0.40326574444770813,0.9150829315185547,0.0,1.9858791675781315,-0.17766014441625844,0.022171006372885244,45.103951673704024,10.750022888183594
836.9705156918608,317.23146057128906,-406.4281921386719,3.560638427734375,-0.48576465249061584,0.8740896582603455,0.0,2.0780340728925535,-0.12731515666185578,0.022198477541061995,45.048134411480866,10.55002212524414
841.2078409190798,314.9987335205078,-402.8268280029297,3.5550384521484375,-0.5672634243965149,0.8235363960266113,0.0,2.173975411775304,-0.12258002820128566,0.022407043989609687,44.62882299261373,10.40002155303955
845.4480732458594,312.4311218261719,-399.45237731933594,3.5502471923828125,-0.6420685648918152,0.7666472792625427,0.0,2.267989711625382,-0.07932737749651309,0.02187135958374381,45.721894707600335,10.200020790100098
849.7034321683167,309.5520477294922,-396.31884765625,3.548309326171875,-0.7096350193023682,0.704569399356842,0.0,2.35977643224696,0.022641494396341555,0.020824738101866858,48.0198115869872,9.900019645690918
854.0038357821676,306.3699645996094,-393.42613220214844,3.55224609375,-0.7677341103553772,0.6407685279846191,0.0,2.4460937593543197,0.04191952237115326,0.019057601082404008,52.472501427438615,9.450017929077148
858.36432015266,302.91453552246094,-390.76646423339844,3.5518798828125,-0.815685510635376,0.5784956812858582,0.0,2.5247094478207432,-0.05865990617815453,0.017261955148914154,57.93086538420904,8.850015640258789
862.7985720681888,299.20423889160156,-388.33824157714844,3.5470123291015625,-0.8557494282722473,0.5173904299736023,0.0,2.5977939618102948,-0.1504787914614225,0.015397602408997402,64.94517610194053,8.350013732910156
867.3403316122768,295.2413635253906,-386.1194305419922,3.5382843017578125,-0.8874977231025696,0.46081218123435974,0.0,2.6626825555242872,-0.2044190081618602,0.01297072182993575,77.09671158717259,7.900012016296387
872.002562897108,291.04510498046875,-384.08775329589844,3.528167724609375,-0.911146879196167,0.412081778049469,0.0,2.716854986154837,-0.20009222375744207,0.010364614031251329,96.48212629865476,7.450010299682617
876.8052488541068,286.6253967285156,-382.2084197998047,3.5193939208984375,-0.928230881690979,0.37200459837913513,0.0,2.7604249728930514,-0.18483795795152802,0.005529176940387848,180.85874458013896,7.050008773803711
881.6599577166695,282.10211181640625,-380.4454650878906,3.51031494140625,-0.9317073225975037,0.36320996284484863,0.0,2.7698818181347566,-0.17596562179598152,-0.0031687120196365326,315.5856366255413,6.600007057189941
886.4879207219577,277.63490295410156,-378.6142883300781,3.502349853515625,-0.9164913296699524,0.4000545144081116,0.0,2.7300163205126196,-0.1069698494774951,-0.0101381610620081,98.63721772456499,6.100005149841309
891.3015660604489,273.2788391113281,-376.56590270996094,3.4999847412109375,-0.891837477684021,0.45235592126846313,0.0,2.6721874216847477,-0.024390335819590714,-0.01242254676340554,80.4987913545884,6.050004959106445
896.1083281288506,269.0611114501953,-374.26031494140625,3.5,-0.8622602224349976,0.5064654350280762,0.0,2.610511986262627,-0.00031359007516829074,-0.012833963791686998,77.91825006142955,5.150001525878906
900.9385595849802,264.9734649658203,-371.6869354248047,3.4999542236328125,-0.8292196989059448,0.5589228272438049,0.0,2.548506455014189,-0.0001636012436745382,-0.01278970263674506,78.18790071998866,4.2999982833862305
905.8074793407127,261.0222625732422,-368.8418731689453,3.4999847412109375,-0.7929710149765015,0.6092593669891357,0.0,2.4864663983878716,0.0004692686489837783,-0.012653263153307087,79.03099681749981,3.749997615814209
910.7286706164757,257.21417236328125,-365.7247314453125,3.5,-0.7538108825683594,0.6570913791656494,0.0,2.4246389365171357,-0.00030118916152233055,-0.012310645546018656,81.23050868956312,3.199998140335083
915.7069170294563,253.56297302246094,-362.3406982421875,3.4999542236328125,-0.7130442261695862,0.701119065284729,0.0,2.364626952202753,-0.0004630193032373331,-0.011393235339539398,87.77138101673125,2.649998664855957
920.7561624310832,250.06117248535156,-358.7030792236328,3.4999542236328125,-0.6740601658821106,0.7386764287948608,0.0,2.3104879794409197,0.00029492798168662127,-0.009898028794314478,101.03021730694596,2.399998903274536
925.887950397747,246.6942138671875,-354.8302459716797,3.4999847412109375,-0.6389985084533691,0.7692078948020935,0.0,2.2639919597604035,0.0004448220560671068,-0.008608277321058316,116.16726119565328,2.2499990463256836
931.1050827841576,243.4462127685547,-350.7474822998047,3.5,-0.6057300567626953,0.795670211315155,0.0,2.221479415998442,4.428139654955032e-06,-0.008381083081322543,119.31632108844326,2.049999237060547
936.4024181617897,240.3323211669922,-346.4619903564453,3.4999847412109375,-0.5687912106513977,0.8224819302558899,0.0,2.175831760333358,-0.000427064740932126,-0.008952097184466296,111.70566844774685,2.049999237060547
941.7747481634674,237.38658142089844,-341.9692687988281,3.4999542236328125,-0.5270423889160156,0.8498389720916748,0.0,2.125912932582815,0.00013088013365858409,-0.009549250759598837,104.72025765946164,1.9999992847442627
947.2248089158969,234.63717651367188,-337.26353454589844,3.5,-0.48087236285209656,0.8767905831336975,0.0,2.0724457301510903,1.185926860602926e-05,-0.009726667796787186,102.81013198891297,1.949999213218689
952.7529236337609,232.11111450195312,-332.3463134765625,3.4999542236328125,-0.4334780275821686,0.9011641144752502,0.0,2.0191450295080653,-0.0002817632766827227,-0.009408564304302258,106.28614182322478,2.099999189376831
958.3585964524353,229.8115692138672,-327.2340087890625,3.499969482421875,-0.38659152388572693,0.9222511053085327,0.0,1.9677291987927068,0.00027039238563175694,-0.009061485543529202,110.35718097173361,2.049999237060547
964.0403537076321,227.75094604492188,-321.9390869140625,3.4999847412109375,-0.33921730518341064,0.9407079815864563,0.0,1.9168810924434856,0.0002668490778512389,-0.008875907809930556,112.66453205847615,1.9999992847442627
969.7958152602038,225.93467712402344,-316.47772216796875,3.5,-0.29114940762519836,0.9566776156425476,0.0,1.8662243971625985,-0.0002571386820970911,-0.008752693653975269,114.25054269388527,2.099999189376831
975.6215004023654,224.3821563720703,-310.8627166748047,3.4999542236328125,-0.2422899603843689,0.9702039361000061,0.0,1.8155217598047155,-0.00026726974762247835,-0.00854858603492667,116.97840975271626,2.049999237060547
981.5273810020063,223.09202575683594,-305.09947204589844,3.499969482421875,-0.19392816722393036,0.9810157418251038,0.0,1.7659610822720322,0.0003823695717553033,-0.00816386070908831,122.4910658858698,2.099999189376831
987.5300008285232,222.07188415527344,-299.1841735839844,3.5,-0.1470157355070114,0.9891341328620911,0.0,1.7183468739856709,0.000256385801733483,-0.007477807649244661,133.72903488644974,2.2999989986419678
993.6366415096079,221.30458068847656,-293.1259307861328,3.5,-0.10451816022396088,0.9945229887962341,0.0,1.6755057210177797,0.0,-0.006674041613033671,149.8342470695882,2.5499987602233887
999.847916408355,220.77914428710938,-286.9369201660156,3.5,-0.06536569446325302,0.9978613257408142,0.0,1.6362086619954457,-0.0003648648454257497,-0.005530853783900225,180.80391185008403,2.599998712539673
1006.1002894365832,220.47113037109375,-280.692138671875,3.4999542236328125,-0.03583274036645889,0.9993577599525452,0.0,1.6066367411900648,4.0571696002800195e-07,-0.0035758248755126676,279.6557535152304,2.649998664855957
1012.3491996361549,220.29945373535156,-274.4455871582031,3.5,-0.020700467750430107,0.9997857213020325,0.0,1.5914982732430922,0.002825127984129594,-0.0012261323698072313,815.5726287180697,2.699998617172241
1018.5677206906497,220.18016052246094,-268.22821044921875,3.50030517578125,-0.0204797200858593,0.9997902512550354,0.0,1.5912774791020547,0.007390425111775123,0.0011472623840018403,871.6401879331519,2.599998712539673
1024.7568931266305,220.0172119140625,-262.0411834716797,3.50091552734375,-0.03486049920320511,0.9993921518325806,0.0,1.605663891854963,0.013989182880036477,0.0038363238755461937,260.6662087041923,2.599998712539673
1030.9128278772703,219.71133422851562,-255.89285278320312,3.5020294189453125,-0.0676889568567276,0.9977065324783325,0.0,1.6385370759380486,0.02078627354837881,0.006506908639701325,153.68280936028344,2.699998617172241
1037.026848457806,219.16067504882812,-249.80368041992188,3.5034637451171875,-0.1143588200211525,0.9934394955635071,0.0,1.6854058898932844,0.026345634604757473,0.008427198101063738,118.66340247463428,3.0499982833862305
1043.0872445986988,218.30442810058594,-243.8040771484375,3.5052337646484375,-0.1694343239068985,0.9855414628982544,0.0,1.7410519956403385,0.009671277978312576,0.009323720930509621,107.25331736686175,3.749997615814209
1049.08616947434,217.1201171875,-237.9232177734375,3.5046539306640625,-0.22508470714092255,0.9743392467498779,0.0,1.7978262893822756,-0.026012770791283835,0.009798575999958675,102.05564563710251,4.748997688293457
1055.0189746965127,215.61569213867188,-232.184326171875,3.5021514892578125,-0.28319671750068665,0.959061861038208,0.0,1.8579219698192249,-0.14281500989004048,0.010427996566966052,95.89569708603601,5.747997760772705
1060.878054219083,213.7815399169922,-226.6197509765625,3.4879608154296875,-0.3428526520729065,0.939389169216156,0.0,1.920748266206758,-0.1726214283370997,0.011011019247149673,90.81811388703743,6.746997833251953
1066.6631266039149,211.62359619140625,-221.25222778320312,3.4819488525390625,-0.40346193313598633,0.9149964451789856,0.0,1.9860935734716267,-0.09947656642410041,0.011232411214602778,89.02807962549865,7.745997905731201
1072.3927724104271,209.14706420898438,-216.08544921875,3.47650146484375,-0.4611554741859436,0.8873193860054016,0.0,2.050093276462787,-0.013423066143924967,0.01120340242831136,89.25859857296277,8.642999649047852
1078.1000411625946,206.35301208496094,-211.10888671875,3.480377197265625,-0.5170732736587524,0.855941116809845,0.0,2.1142244343986483,0.10092080076350984,0.010708205250116898,93.38633100902538,7.6439995765686035
1083.8168918542467,203.25357055664062,-206.30516052246094,3.488037109375,-0.5659776329994202,0.8244205713272095,0.0,2.1724149547792333,0.15583342509928322,0.00908565786887175,110.06357651063294,6.6449995040893555
1089.57432328245,199.88070678710938,-201.63914489746094,3.4982757568359375,-0.6032664775848389,0.7975397109985352,0.0,2.218386802385919,0.16120359257045802,0.006597390109436496,151.57509006018338,5.645999431610107
1095.3974024831411,196.29249572753906,-197.052978515625,3.506683349609375,-0.6271093487739563,0.7789312601089478,0.0,2.2486329038879833,0.06164984443773336,0.0040199628165308865,248.75851982704944,4.646999359130859
1101.3009883737066,192.5472869873047,-192.4894561767578,3.50537109375,-0.6400327086448669,0.7683476209640503,0.0,2.265337188942712,-0.033188830029190486,0.0013104001832446588,763.1256564112481,3.6479995250701904
1107.2925421142252,188.70689392089844,-187.89053344726562,3.502716064453125,-0.6389670968055725,0.7692341208457947,0.0,2.2639510392693474,-0.04926471927318987,-0.00225921059408396,442.6324852665933,2.6489994525909424
1113.3642574746568,184.87818908691406,-183.17813110351562,3.499420166015625,-0.6186003684997559,0.7857057452201843,0.0,2.2377564356487785,-0.03531471579488188,-0.0059442455688931695,168.22992731543593,1.6499994993209839
1119.461815219988,181.2133026123047,-178.3048553466797,3.4984283447265625,-0.5816317200660706,0.8134523034095764,0.0,2.191529463793414,-0.008119156383123993,-0.008274137460992537,120.85851905583927,1.399999737739563
1125.5387414597617,177.81057739257812,-173.26992797851562,3.4984283447265625,-0.5364755988121033,0.8439158201217651,0.0,2.137051624824148,0.01041023243125716,-0.009055853477955511,110.4258149090288,2.3989996910095215
1131.6196219239596,174.69381713867188,-168.0485382080078,3.49969482421875,-0.48872968554496765,0.8724352717399597,0.0,2.08142942657562,0.02041600232504659,-0.009356768631491957,106.87450330173952,3.3979997634887695
1137.722129627926,171.86404418945312,-162.64178466796875,3.50091552734375,-0.43698960542678833,0.8994665741920471,0.0,2.02304539375963,-0.006406806860659309,-0.009317522052892296,107.32467219539183,4.396999835968018
1143.844035539766,169.34716796875,-157.06118774414062,3.4989013671875,-0.3864150643348694,0.9223250150680542,0.0,1.9675378859028296,-0.13416519585048858,-0.008789570000538038,113.77120836841696,5.395999908447266
1149.99962355528,167.11553955078125,-151.3243865966797,3.484375,-0.3375885784626007,0.9412937164306641,0.0,1.9151502437809254,-0.22530902965086086,-0.008594869784765702,116.34847589808602,6.394999980926514
1156.2162166422922,165.17681884765625,-145.4178466796875,3.471038818359375,-0.2863296866416931,0.9581311345100403,0.0,1.8611902655593973,-0.2015220155494324,-0.008482889769292373,117.8843562980093,7.394000053405762
1162.5020316591276,163.53668212890625,-139.34979248046875,3.459197998046875,-0.23607510328292847,0.9717347621917725,0.0,1.8091211335019663,-0.15657425811611558,-0.007939612876418367,125.95072525136884,8.392999649047852
1168.8701675641703,162.18309020996094,-133.12718200683594,3.4512786865234375,-0.18884266912937164,0.9820073843002319,0.0,1.7607797981935496,0.03770487253129673,-0.007517505810290509,133.02284364464703,9.391999244689941
1175.3316615317292,161.12339782714844,-126.75318908691406,3.4643402099609375,-0.14141619205474854,0.9899502396583557,0.0,1.7126881636192577,0.25215852670836814,-0.006890313668896059,145.13127385102285,10.390998840332031
1181.8900708481829,160.33587646484375,-120.24226379394531,3.4842071533203125,-0.10021165758371353,0.9949661493301392,0.0,1.6711764733709162,0.35539024191246216,-0.005692783611420935,175.66098911502402,11.389998435974121
1188.5509924265468,159.7805938720703,-113.60458374023438,3.5114288330078125,-0.06671901792287827,0.9977717995643616,0.0,1.6375649435675994,0.48340542468394143,-0.005136728869985743,194.6764225464708,12.388998031616211
1195.3143893730205,159.44931030273438,-106.84941101074219,3.54925537109375,-0.03139917925000191,0.999506950378418,0.0,1.6022006669663227,0.647561309036998,-0.005030723760038061,198.77855507463488,13.3879976272583
1202.1783882178472,159.3502960205078,-99.98631286621094,3.599853515625,0.0017469011945649981,0.9999984502792358,0.0,1.5690494246701083,0.8379451074516264,-0.004391688514278319,227.70285204626558,14.38699722290039
1209.1423414804253,159.46176147460938,-93.0235595703125,3.6653289794921875,0.029231349006295204,0.9995726943016052,0.0,1.5415608139215045,1.4749587436862888,-0.00342806215292725,291.7099968990037,15.38599681854248
1216.2054750060165,159.74534606933594,-85.96755981445312,3.8078155517578125,0.04970841109752655,0.9987637996673584,0.0,1.5210674232684698,2.551794880319397,-0.002406989897161635,415.456666926279,16.38499641418457
1223.362830572007,160.1525115966797,-78.82522583007812,4.0292205810546875,0.06332787871360779,0.997992753982544,0.0,1.5074260415837786,3.004479494654233,-0.0016224950493624324,616.3347003079948,17.191648483276367
1230.6120512543393,160.64813232421875,-71.59605407714844,4.2404937744140625,0.07298614084720612,0.9973329901695251,0.0,1.497745233437239,2.593246932275073,-0.0011481002832109816,871.0040530633979,16.487472534179688
1237.9543480396576,161.21131896972656,-64.27728271484375,4.407012939453125,0.08000212907791138,0.9967947006225586,0.0,1.4907086114731196,2.532692386316593,-0.000688024964515449,1453.4356332611617,15.964041709899902
1245.3892968519192,161.82081604003906,-56.87028503417969,4.6152496337890625,0.08307195454835892,0.9965435862541199,0.0,1.4876285312887296,2.934549864274949,5.6678438937210474e-05,17643.39347997605,15.440611839294434
1252.9154119366442,162.43482971191406,-49.37281799316406,4.8462982177734375,0.07907072454690933,0.9968690276145935,0.0,1.4916429770023105,3.0483054499213234,0.0009085264495933137,1100.683420331497,14.917181015014648
1260.5286672766538,163.00172424316406,-41.78419494628906,5.0767059326171875,0.06929194927215576,0.9975963830947876,0.0,1.5014488050893458,2.8349795006444967,0.0013949246406699395,716.8846049774637,14.39375114440918
1268.2261106899412,163.4907989501953,-34.10499572753906,5.280029296875,0.057745832949876785,0.9983313083648682,0.0,1.5130183520567075,2.31897451991287,0.0013593378945934709,735.6522642216665,13.870320320129395
1276.005225315806,163.90081787109375,-26.338241577148438,5.4350738525390625,0.04831442981958389,0.9988321661949158,0.0,1.5224630801271042,1.7547327962910475,0.0009832974278844164,1016.9862867957659,13.34688949584961
1283.8660713900697,164.2563934326172,-18.486343383789062,5.5540771484375,0.042424432933330536,0.9990996718406677,0.0,1.5283591571170523,1.417404119133786,0.0006690542708195912,1494.647061702484,12.82345962524414
1291.8066900301824,164.5730743408203,-10.552734375,5.6588897705078125,0.03776521608233452,0.9992866516113281,0.0,1.53302212852842,1.3821414089896455,0.0006226177088126533,1606.122000459999,12.300028800964355
1299.8260483542545,164.85581970214844,-2.5391998291015625,5.7747650146484375,0.03248888626694679,0.9994720816612244,0.0,1.5383017218330888,1.65686541417418,0.0007500978914466438,1333.1593268065228,11.90002727508545
1307.922674433759,165.0924072265625,5.55255126953125,5.926239013671875,0.025668567046523094,0.9996705055236816,0.0,1.5451249401165028,1.929707213127685,0.0008556124656714653,1168.7534253199813,11.550025939941406
1316.095412288252,165.27284240722656,13.7216796875,6.08880615234375,0.018571294844150543,0.99982750415802,0.0,1.5522239636265553,1.926042490559654,0.0008122010155782733,1231.2222969679704,11.30002498626709
1324.2968965069067,165.39761352539062,21.920791625976562,6.2415771484375,0.012375161051750183,0.9999234676361084,0.0,1.5584208503870722,1.791455815210924,0.000547316807322798,1827.0953616270317,11.050024032592773
1332.50311859815,165.4862823486328,30.125320434570312,6.3827362060546875,0.00959397666156292,0.9999539852142334,0.0,1.5612022030298545,1.6376759440404953,0.00021344768225241284,4684.988796540075,10.900023460388184
1340.7456751027257,165.5604705810547,38.366546630859375,6.510894775390625,0.008873545564711094,0.9999606609344482,0.0,1.561922665056379,1.4611721979666092,5.621069008049373e-05,17790.210341982987,10.750022888183594
1349.060098783693,165.63377380371094,46.67987060546875,6.6245269775390625,0.0086678396910429,0.9999624490737915,0.0,1.5621283786966649,1.26339299651258,2.0404014685199146e-06,490099.6276607218,10.600022315979004
1357.4550115759876,165.7071990966797,55.07389831542969,6.721832275390625,0.008843124844133854,0.9999608993530273,0.0,1.5619530866948779,1.0373024954352994,1.491251056751075e-05,67057.78986528648,10.450021743774414
1365.931108093857,165.77955627441406,63.54933166503906,6.7993316650390625,0.008410420268774033,0.9999646544456482,0.0,1.5623858075614265,0.7817177128412456,7.283042195377343e-05,13730.525969418592,10.300021171569824
1374.4879983137414,165.84922790527344,72.10575866699219,6.854766845703125,0.007599111180752516,0.9999710917472839,0.0,1.5631971422123858,0.5017071340854995,0.0001532894662672063,6523.605465863203,10.150020599365234
1383.1256333190283,165.90887451171875,80.74313354492188,6.8853607177734375,0.00576526066288352,0.9999834299087524,0.0,1.5650310344771239,0.16389078300699245,0.0002620871981431905,3815.5240205729287,10.050020217895508
1391.843535208192,165.94676208496094,89.46095275878906,6.882904052734375,0.003042488591745496,0.9999954104423523,0.0,1.567753833627326,-0.32919981872975845,0.0003495702788234162,2860.6550973549597,9.900019645690918
1400.6420144482493,165.9592742919922,98.25924682617188,6.82720947265625,-0.0003639442438725382,0.9999998807907104,0.0,1.571160271066086,-0.6098924566903474,0.0003030452176949888,3299.8375872952643,9.850019454956055
1409.5204110843786,165.9466094970703,107.13748168945312,6.7751312255859375,-0.0023008915595710278,0.9999973177909851,0.0,1.5730972204655516,-0.634635315142823,0.00017394441243423486,5748.963050929166,9.800019264221191
1418.4774621171462,165.91995239257812,116.09428405761719,6.7139434814453125,-0.003459326922893524,0.9999940395355225,0.0,1.5742556605377716,-0.7772652299307792,2.613951380203705e-05,38256.25861189775,9.750019073486328
1427.513085529974,165.89076232910156,125.1295166015625,6.6351318359375,-0.002754922490566969,0.9999961853027344,0.0,1.5735512528250664,-0.9564219708520949,-0.00014259329982239943,7012.952230192473,9.700018882751465
1436.627244065234,165.8732147216797,134.2431640625,6.54022216796875,-0.0008611000957898796,0.9999996423721313,0.0,1.5716574269858066,-1.118076388171374,-0.0002740150266923175,3649.434894396749,9.650018692016602
1445.819767295757,165.87974548339844,143.43502807617188,6.430328369140625,0.002271801931783557,0.9999973773956299,0.0,1.5685245228133986,-1.191561393639723,-0.00034485445603207876,2899.774042377399,9.550018310546875
1455.0897456565917,165.91525268554688,152.70428466796875,6.3202362060546875,0.005506377201527357,0.999984860420227,0.0,1.565289921880853,-1.230340431197935,-0.0003805850761606361,2627.533402223905,9.450017929077148
1464.4350112290356,165.98419189453125,162.0485382080078,6.20123291015625,0.009361136704683304,0.9999561905860901,0.0,1.5614350534294454,-1.3735750061072305,-0.00043171616550494174,2316.336704302895,9.300017356872559
1473.85299403383,166.09249877929688,171.46487426757812,6.0623626708984375,0.013609188608825207,0.999907374382019,0.0,1.5571867178359164,-0.8690634051302937,-0.00043383470377705846,2305.0253732441975,9.100016593933105
1483.341514837959,166.24046325683594,180.95220947265625,6.03778076171875,0.01756022498011589,0.9998458027839661,0.0,1.553235199126252,-0.5418562464669485,-0.0003536265848271686,2827.841692073971,8.950016021728516
1492.9016090434316,166.42276000976562,190.51023864746094,5.958740234375,0.020335275679826736,0.9997931718826294,0.0,1.5504596484198756,-1.2506613821715806,-0.00027213446175100575,3674.654042584903,8.850015640258789
1502.5339113138934,166.63040161132812,200.13894653320312,5.7971343994140625,0.02277943305671215,0.9997405409812927,0.0,1.5480149238176948,-1.8432872268642986,-0.0002667548816131654,3748.7598875515614,8.22751235961914
1512.23707655334,166.86325073242188,209.8373565673828,5.6020965576171875,0.02549358829855919,0.9996749758720398,0.0,1.5452999759604211,-2.0349891194354317,-0.00046769935046428457,2138.1256976459367,7.605008125305176
1522.0095727437283,167.13917541503906,219.6038818359375,5.4007720947265625,0.031910885125398636,0.9994906783103943,0.0,1.5388800220855874,-2.3898129467208262,-0.0009541516623485513,1048.0514151582543,6.816256046295166
1531.820520220985,167.5082244873047,229.4042510986328,5.1338348388671875,0.044190432876348495,0.9990231394767761,0.0,1.5265914994035148,-2.503674369720943,-0.0015244574947563122,655.971060813245,6.027503967285156
1541.6279558933022,168.0226593017578,239.19561767578125,4.909576416015625,0.061782412230968475,0.998089611530304,0.0,1.5089745404171233,-2.4444509174404634,-0.001995232231836175,501.19479028249197,5.238752365112305
1551.4575391085373,168.73373413085938,248.99610900878906,4.65374755859375,0.08329743146896362,0.9965246915817261,0.0,1.487402264089446,-2.665596723099892,-0.002360695149241143,423.6040389719337,4.450000286102295
1561.336804760725,169.67738342285156,258.8265075683594,4.3841552734375,0.10815294831991196,0.994134247303009,0.0,1.462431413533018,-2.570244340738931,-0.0025866423771689073,386.6015684373442,4.190000534057617
1571.2709720676007,170.8794708251953,268.6847686767578,4.1446685791015625,0.13424430787563324,0.9909482598304749,0.0,1.4361454979062878,-2.161493881840723,-0.0026594339276803936,376.01987009025567,3.9300003051757812
1581.2587478099613,172.35435485839844,278.5612030029297,3.9538116455078125,0.16064830124378204,0.987011730670929,0.0,1.4094488792314135,-1.86401652683795,-0.0025232139259523806,396.3199432733602,3.950000286102295
1591.3015497003219,174.08547973632812,288.4519958496094,3.7713470458984375,0.18411926925182343,0.9829038977622986,0.0,1.3856205873894287,-1.77368904970151,-0.002185504228905344,457.56031343891345,3.9700002670288086
1601.4016905987285,176.0486297607422,298.35797119140625,3.596588134765625,0.2039082646369934,0.9789900183677673,0.0,1.365447918081292,-1.6741735005802254,-0.0018125137039042144,551.7199665006488,4.310000419616699
1611.5590164771413,178.2034912109375,308.28273010253906,3.4322662353515625,0.22005560994148254,0.9754872918128967,0.0,1.3489248411947377,-1.5557877263150415,-0.0015109190374702763,661.8488318701012,5.309000492095947
1621.7218412658174,180.51187133789062,318.1787567138672,3.28045654296875,0.23386326432228088,0.9722695350646973,0.0,1.3347470894447868,-1.4211033719540271,-0.001184743469575103,844.0645807979347,6.308000564575195
1631.750838613533,182.90936279296875,327.91603088378906,3.1451263427734375,0.24338039755821228,0.96993088722229,0.0,1.3249467901345386,-1.2717202242788965,-0.0008445634810678865,1184.0436182909257,7.307000637054443
1641.4321033980161,185.29672241210938,337.297607421875,3.029266357421875,0.25010281801223755,0.9682192802429199,0.0,1.318009879462806,-1.1124850069535426,-0.0007119255061400209,1404.6413443196975,8.306000709533691
1650.7287266009703,187.65176391601562,346.2904815673828,2.9333648681640625,0.25646573305130005,0.9665533304214478,0.0,1.3114324762959875,-0.9379590964478324,-0.0006524000173615124,1532.801921195954,9.000016212463379
1659.6466126949883,189.96315002441406,354.9032897949219,2.85772705078125,0.2616298496723175,0.965168297290802,0.0,1.3060858432550908,-0.7555646051219111,-0.000456905333912766,2188.637176625571,8.7000150680542
1668.19332602989,192.21127319335938,363.1488342285156,2.8007354736328125,0.26427024602890015,0.9644486308097839,0.0,1.3033491266744204,-0.571415200786976,-0.00020188556288119885,4953.301195630605,8.850015640258789
1676.370423350645,194.37713623046875,371.0337829589844,2.761474609375,0.2649695575237274,0.964256763458252,0.0,1.302623971727521,-0.3872320688518477,7.05183237209861e-05,14180.711441137139,9.000016212463379
1684.1742811247268,196.43980407714844,378.56007385253906,2.7381744384765625,0.2632952332496643,0.964715301990509,0.0,1.3043599498864185,-0.2021137382252458,0.00026589189155502846,3760.9270224513107,9.100016593933105
1691.6067819704738,198.3882293701172,385.7326354980469,2.72998046875,0.2610913813114166,0.9653140902519226,0.0,1.3066436996592672,-0.043755477356272054,0.000184416234426249,5422.516098494116,9.300017356872559
1698.6710439655603,200.2293243408203,392.5527648925781,2.731353759765625,0.2606300115585327,0.9654387831687927,0.0,1.307121622634883,0.04010434893670367,-0.00032738978079256686,3054.4630854974575,9.500018119812012
1705.3681302762163,201.98583984375,399.01539611816406,2.7353515625,0.2651653289794922,0.9642029404640198,0.0,1.302420936314185,0.07946255938303393,-0.001408358264414239,710.0466019673748,9.650018692016602
1711.6960987837765,203.699462890625,405.10691833496094,2.7415618896484375,0.27780795097351074,0.9606366157531738,0.0,1.289284839084875,0.1052982884992254,-0.0029164530297399738,342.88225793547525,9.700018882751465
1717.6609801646034,205.41558837890625,410.81959533691406,2.7482452392578125,0.2989899516105652,0.9542562365531921,0.0,1.2671623082953227,0.09812894452674303,-0.004119074256829433,242.77299646686342,9.650018692016602
1723.278221438409,207.16090393066406,416.1588134765625,2.753021240234375,0.323042094707489,0.946384608745575,0.0,1.241854161289036,0.021154179049542865,-0.00526742292158687,189.8461571980134,9.500018119812012
1728.5653088910747,208.94415283203125,421.13609313964844,2.7509613037109375,0.35282015800476074,0.9356911778450012,0.0,1.2102129538261084,-0.14789249428741047,-0.007131406619246716,140.22479061860437,9.200016975402832
1733.5688575851855,210.7984161376953,425.7833557128906,2.7384033203125,0.3909798860549927,0.9203991889953613,0.0,1.1691003298854536,-0.4356641165812025,-0.009774634382948774,102.30561684684966,8.7000150680542
1738.3247132974725,212.77137756347656,430.1105651855469,2.7093353271484375,0.43966466188430786,0.8981619477272034,0.0,1.1155710232642322,-0.8164320313295115,-0.011900535843641105,84.02982967647938,8.10001277923584
1742.8494683526158,214.8720703125,434.11785888671875,2.6635589599609375,0.4897904098033905,0.871840238571167,0.0,1.0589470031182984,-1.2487098998331225,-0.014503390808134675,68.94939350590478,7.300009727478027
1747.1775623491865,217.1168212890625,437.8177795410156,2.599700927734375,0.5504108667373657,0.8348939418792725,0.0,0.9879400556337333,-1.7830362719515214,-0.01828959426218145,54.67589852814631,6.349002361297607
1751.3663660534773,219.56272888183594,441.2171936035156,2.512542724609375,0.6187131404876709,0.785616934299469,0.0,0.9036926738627883,-2.1961523604252964,-0.02213188372606137,45.18368216540246,5.350002288818359
1755.4723260033904,222.25425720214844,444.3164825439453,2.417724609375,0.6933327913284302,0.7206175327301025,0.0,0.8046925862966385,-2.2090937253022522,-0.0255445409105651,39.14730757938205,4.75
1759.5040456512195,225.1999969482422,447.06787109375,2.3326263427734375,0.7673935294151306,0.6411764025688171,0.0,0.6960302670448741,-1.902555218390406,-0.028052970916421796,35.64684834912136,3.799997568130493
1763.4559380256158,228.3709259033203,449.4254455566406,2.2655029296875,0.8359676599502563,0.5487787127494812,0.0,0.5809026083675783,-1.4128658905427915,-0.02928810636961488,34.1435525868431,3.249998092651367
1767.3637619254414,231.75494384765625,451.3793029785156,2.2213287353515625,0.8934410810470581,0.44918033480644226,0.0,0.4658477177343152,-0.7802820043583347,-0.030105879984300636,33.216102652421114,2.9999983310699463
1771.241102321512,235.3157196044922,452.9136962890625,2.2045440673828125,0.9405454993247986,0.33966782689094543,0.0,0.3465636918386057,0.034566293617710464,-0.031331002073024125,31.91726832321767,2.9999983310699463
1775.079425576198,238.99818420410156,453.99620056152344,2.2236328125,0.9749829173088074,0.222279891371727,0.0,0.2241522363227674,1.0221854407602038,-0.03154270556378492,31.703050899607312,3.3999979496002197
1778.8914992487355,242.75856018066406,454.6191101074219,2.282470703125,0.9944682717323303,0.10503709316253662,0.0,0.10523120392208714,1.8862197365962785,-0.03061568709435115,32.66299387363769,4.149997711181641
1782.7073623756014,246.56906127929688,454.8025665283203,2.3675384521484375,0.9999560713768005,-0.009377753362059593,0.0,-0.009377890409958178,2.5456609640703345,-0.030075949946959158,33.24915760810759,5.100001335144043
1786.5125670855762,250.36424255371094,454.54893493652344,2.476409912109375,0.9923244714736938,-0.12366141378879547,0.0,-0.12397877719839258,2.7433270835458323,-0.029627193631762333,33.75277498196566,6.099001407623291
1790.301040748458,254.09060668945312,453.87303161621094,2.575897216796875,0.9726600050926208,-0.23223377764225006,0.0,-0.23437361978776236,2.3565802423773152,-0.02878529661677776,34.73995815687171,7.000008583068848
1794.066951078716,257.70111083984375,452.8052520751953,2.6545562744140625,0.9422701597213745,-0.3348536491394043,0.0,-0.3414499049121521,1.9608631969607382,-0.029033280189519173,34.443231817843085,7.65001106262207
1797.7882238710627,261.13258361816406,451.36712646484375,2.7228240966796875,0.8997073173522949,-0.43649372458457947,0.0,-0.4516978364529065,1.7903362818478374,-0.028298796450537317,35.33719187485137,8.25001335144043
1801.5431710045618,264.4213409423828,449.55621337890625,2.7883758544921875,0.8509904146194458,-0.5251812934875488,0.0,-0.5529281136328295,1.4972373367485359,-0.025864086647265888,38.66365024359794,8.25001335144043
1805.3625731054487,267.5724639892578,447.3984375,2.835906982421875,0.7976189851760864,-0.6031616926193237,0.0,-0.6474590819726757,1.0399192843556226,-0.024230241905745242,41.27073942926214,8.600014686584473
1809.2525219132008,270.5619812011719,444.90977478027344,2.868255615234375,0.738702118396759,-0.6740319728851318,0.0,-0.7396535108043479,0.7975633765388013,-0.022956635139927184,43.560390880663356,8.800015449523926
1813.233592838883,273.3815002441406,442.09938049316406,2.89862060546875,0.6763399243354797,-0.7365896105766296,0.0,-0.8280140242397583,0.8742667877579158,-0.021810442631073096,45.8495967695452,8.850015640258789
1817.309014213461,276.0050048828125,438.98094177246094,2.93890380859375,0.6095561981201172,-0.792742908000946,0.0,-0.9152957168051561,1.0872077414081416,-0.020799689265985036,48.077641315313265,8.750015258789062
1821.4169857330032,278.36741638183594,435.6205749511719,2.9876556396484375,0.5418280959129333,-0.840489387512207,0.0,-0.9981857317579267,1.3277120337062631,-0.017883069353493236,55.91881238243156,8.600014686584473
1825.583721613179,280.5012664794922,432.04222106933594,3.0489349365234375,0.48625171184539795,-0.8738187551498413,0.0,-1.0630012519603929,1.6898949107312045,-0.012120308369433036,82.50615161920818,8.350013732910156
1829.839710992841,282.49664306640625,428.2838592529297,3.1303863525390625,0.45390623807907104,-0.8910494446754456,0.0,-1.099651991939839,2.152119623797988,-0.008389534041747165,119.19613115864354,8.10001277923584
1834.230325322377,284.42189025878906,424.3392639160156,3.2356719970703125,0.42169588804244995,-0.9067373275756836,0.0,-1.135481500111479,2.588259682823746,-0.008885470264905798,112.54328360645319,7.850011825561523
1838.7604091261526,286.24217224121094,420.1929016113281,3.36181640625,0.3817364573478699,-0.9242712259292603,0.0,-1.1791220306821288,2.9933971175659932,-0.010104663041575215,98.96421047248599,7.550010681152344
1843.428549070372,287.9198303222656,415.83921813964844,3.5115966796875,0.3355959355831146,-0.94200599193573,0.0,-1.2285585298651285,3.4401761590697024,-0.011199339505992417,89.29098001403844,7.200009346008301
1848.2269802808705,289.3999481201172,411.27818298339844,3.6880950927734375,0.2816314995288849,-0.9595226645469666,0.0,-1.2853023233318173,3.9322666043565935,-0.011579779717450445,86.35742858674803,6.8000078201293945
1853.150107358811,290.65293884277344,406.5216522216797,3.8945159912109375,0.22771109640598297,-0.9737287759780884,0.0,-1.3410699593904793,4.353576557854488,-0.01091271304904562,91.63624073185503,6.200005531311035
1858.1942444987674,291.66839599609375,401.58604431152344,4.1224212646484375,0.1759057343006134,-0.9844070076942444,0.0,-1.3939705515984333,4.3995891831480725,-0.009917880005861968,100.82799947256365,5.450002670288086
1863.3562573748172,292.45068359375,396.4884338378906,4.34326171875,0.12828437983989716,-0.9917374849319458,0.0,-1.4421574630876435,4.234789560024799,-0.009205705449572943,108.62828552116997,4.699999809265137
1868.6358699583966,293.00279235839844,391.242431640625,4.5644989013671875,0.08064630627632141,-0.9967427849769592,0.0,-1.4900623456554134,4.324385481020459,-0.00911257558492698,109.7384587573781,4.099997520446777
1874.0283316201896,293.305419921875,385.8638458251953,4.8050689697265625,0.0313747301697731,-0.9995076656341553,0.0,-1.5394164461075392,4.637456717994237,-0.00890992658052392,112.23437039154572,3.499997854232788
1879.5284853682642,293.34339904785156,380.3702087402344,5.0700225830078125,-0.01626495271921158,-0.9998676776885986,0.0,-1.5870619973826972,4.742960547297731,-0.008545136000303127,117.02563890902688,2.899998426437378
1885.133363370153,293.1223907470703,374.7758026123047,5.3316192626953125,-0.06344664841890335,-0.9979852437973022,0.0,-1.6342856189167887,4.691890338138293,-0.008410454117688787,118.89964394393515,2.399998903274536
1890.8410206657625,292.62255859375,369.09645080566406,5.6008453369140625,-0.11117581278085709,-0.9938007593154907,0.0,-1.682202445581302,4.87307799522918,-0.008101116804333564,123.43977060854942,2.049999237060547
1896.649210094727,291.8455047607422,363.347900390625,5.8931121826171875,-0.15608011186122894,-0.9877444505691528,0.0,-1.727517191447677,4.987366769533192,-0.007108603793568258,140.67460067260785,1.8499993085861206
1902.5485717820648,290.81178283691406,357.54713439941406,6.184661865234375,-0.1932789832353592,-0.9811438322067261,0.0,-1.7652993821801872,4.830770960807051,-0.005276857868692697,189.50671495871515,1.6499994993209839
1908.4682964692859,289.59112548828125,351.76136779785156,6.464019775390625,-0.2172951102256775,-0.9761059880256653,0.0,-1.7898388286470384,4.559984047815924,-0.0028745933118050626,347.87529627001857,1.4999996423721313
1914.407312449357,288.26829528808594,345.9774475097656,6.7253570556640625,-0.2265586405992508,-0.9739974737167358,0.0,-1.7993393290660746,3.9822166759230004,-0.0010071162618937035,992.9340214601216,1.4999996423721313
1920.4069831491247,286.9020538330078,340.1393127441406,6.938934326171875,-0.22894515097141266,-0.9734393954277039,0.0,-1.8017902240086896,3.1216719937966264,-0.0004881323837212792,2048.6245808493504,1.5499995946884155
1926.5031282189823,285.49774169921875,334.20936584472656,7.1020965576171875,-0.23232057690620422,-0.9726393222808838,0.0,-1.8052591759976824,2.2497927219243707,-0.000739050802540886,1353.0869549995216,1.5999995470046997
1932.6380227837556,284.0556335449219,328.24742126464844,7.213775634765625,-0.23774777352809906,-0.9713269472122192,0.0,-1.8108428011865003,1.4312659116459514,-0.00019888044642085712,5028.146396473129,1.5499995946884155
1938.6665441903021,282.62489318847656,322.3914794921875,7.277008056640625,-0.23481857776641846,-0.9720392227172852,0.0,-1.8078282480144074,0.710298060302117,0.0016077712939262523,621.9790114288915,1.4999996423721313
1944.4245570419057,281.3085479736328,316.78599548339844,7.299285888671875,-0.21987102925777435,-0.97552889585495,0.0,-1.7924786010631648,0.08061309566910202,0.0041747523365742445,239.53516744913998,1.4499996900558472
1949.8851608966754,280.1846923828125,311.4423065185547,7.2878265380859375,-0.1899108588695526,-0.9818013310432434,0.0,-1.761867680243673,-0.5017711155602345,0.007310075782172548,136.7974874403834,1.4499996900558472
1955.0962515210367,279.30409240722656,306.3063201904297,7.247161865234375,-0.1440000683069229,-0.9895776510238647,0.0,-1.7152987656132557,-1.0856121762016335,0.010001435334599823,99.98564871389152,1.699999451637268
1960.1771796003243,278.71421813964844,301.26023864746094,7.1768798828125,-0.08829503506422043,-0.9960944056510925,0.0,-1.6592064876267303,-1.6933259020400215,0.010882773221342068,91.88834313288021,2.1999990940093994
1965.2105605815862,278.4041442871094,296.2374267578125,7.0761871337890625,-0.0344090536236763,-0.9994078278541565,0.0,-1.605212174177733,-2.292943190211527,0.010603165656541097,94.3114568226235,2.9999983310699463
1970.2246574838434,278.3648223876953,291.22515869140625,6.9466094970703125,0.018128694966435432,-0.9998356699943542,0.0,-1.5526666388338337,-2.7324267101432986,0.01023880235230501,97.66767299447626,3.9989984035491943
1975.2691148944016,278.5832824707031,286.1875305175781,6.8012542724609375,0.06850335001945496,-0.9976509213447571,0.0,-1.5022392880004178,-2.953342272501669,0.010254489451192977,97.51826307487819,4.9979987144470215
1980.342085861861,279.06211853027344,281.13954162597656,6.64776611328125,0.12159188091754913,-0.992580235004425,0.0,-1.4489028271851523,-3.1092767718235215,0.011232278572079035,89.02913096241926,5.9969987869262695
1985.3883500299894,279.82484436035156,276.1538543701172,6.486663818359375,0.18117474019527435,-0.9834508895874023,0.0,-1.388615492813816,-2.838655918631361,0.012207333507192386,81.91797163654243,6.995998859405518
1990.388463195694,280.8795928955078,271.26783752441406,6.3622589111328125,0.24208001792430878,-0.9702563285827637,0.0,-1.3262872749408865,-2.183975752930578,0.012756820887003528,78.3894364323,7.994998931884766
1995.3361742578008,282.2336120605469,266.5099182128906,6.2690887451171875,0.30415669083595276,-0.9526219964027405,0.0,-1.2617432670352886,-1.518247330758915,0.013356875123238243,74.86781082951083,7.793999671936035
2000.2262780580118,283.8712921142578,261.9025421142578,6.2124786376953125,0.36708733439445496,-0.9301864504814148,0.0,-1.1949205078361755,-1.0215261862635883,0.01250376036695948,79.97594088914617,6.794999599456787
2005.0665199027999,285.7790069580078,257.4543151855469,6.1695556640625,0.4176288843154907,-0.9086176753044128,0.0,-1.1399621541713092,-1.0805018084765083,0.008525716911549214,117.29218907624852,5.795999526977539
2009.9058038280548,287.8717498779297,253.09136962890625,6.1078948974609375,0.4425193667411804,-0.8967589735984802,0.0,-1.1123901923940873,-1.645988007860355,0.0018902130852873344,529.040883159471,4.796999454498291
2014.7977338178289,290.0277099609375,248.70126342773438,6.0089874267578125,0.4339073598384857,-0.900957465171814,0.0,-1.1219711472878386,-2.6582097866782894,-0.00504196158909978,198.33550540367077,3.797999382019043
2019.7623452808198,292.0959930419922,244.19097900390625,5.8449554443359375,0.3970113694667816,-0.9178137183189392,0.0,-1.1625380432738865,-3.702389400137718,-0.008515420595718193,117.4340114806343,2.798999309539795
2024.7658487129077,293.9781494140625,239.5595245361328,5.639617919921875,0.35593611001968384,-0.9345102310180664,0.0,-1.2068807168865148,-3.5831020831455285,-0.011415744695762772,87.59831501585472,1.7999993562698364
2029.7479547400335,295.61187744140625,234.85537719726562,5.4869384765625,0.2901409864425659,-0.9569839239120483,0.0,-1.2764221720342126,-2.914270432751742,-0.0139566696499515,71.65033099450592,2.699998617172241
2034.7040244027346,296.8844909667969,230.06744384765625,5.34991455078125,0.22331272065639496,-0.9747468829154968,0.0,-1.3455846337164925,-3.4767922464534418,-0.01435002180281783,69.68630527123211,3.6989986896514893
2039.652211747564,297.81446838378906,225.21185302734375,5.1427001953125,0.15166650712490082,-0.9884316921234131,0.0,-1.4185422552297708,-3.2930411969409157,-0.015099219319497648,66.22858962706094,4.697998523712158
2044.6078759440973,298.3779754638672,220.28976440429688,5.0239105224609375,0.07559377700090408,-0.9971387386322021,0.0,-1.4951303714252295,-2.361429373899626,-0.014912668268464047,67.05708073146836,5.696998596191406
2049.5804398505684,298.5737762451172,215.32240295410156,4.90826416015625,0.0042160372249782085,-0.9999911189079285,0.0,-1.5665802771069486,-2.5815001257788017,-0.01388467690764908,72.02184153446878,6.695998668670654
2054.5804757642168,298.42698669433594,210.3265380859375,4.766326904296875,-0.06273248046636581,-0.998030424118042,0.0,-1.6335700232789272,-3.116779750203469,-0.013148534855455973,76.05410115979963,7.694998741149902
2059.614031571537,297.9462585449219,205.31890869140625,4.5953521728515625,-0.12734746932983398,-0.991858184337616,0.0,-1.6984905373145072,-3.5873688667189763,-0.012122654839446079,82.49018166763982,8.693998336791992
2064.7067783676684,297.1482696533203,200.29275512695312,4.40283203125,-0.18437811732292175,-0.9828553795814514,0.0,-1.756235422118049,-3.857767723135824,-0.009612714771902758,104.02888504742955,9.692997932434082
2069.9016852364443,296.0796661376953,195.2130584716797,4.1983184814453125,-0.22430549561977386,-0.974518895149231,0.0,-1.7970266368733057,-3.9172243125973893,-0.006035538345072811,165.68530308756348,10.300021171569824
2075.223441959649,294.82057189941406,190.0465545654297,3.9909210205078125,-0.2458982765674591,-0.9692956209182739,0.0,-1.8192426464813916,-3.8146755535944488,-0.0024864193932933876,402.18476524809023,10.200020790100098
2080.6787967405417,293.4654235839844,184.76611328125,3.7874298095703125,-0.24989324808120728,-0.968273401260376,0.0,-1.8233663286595347,-3.6290658750506966,-0.0003769346117207528,2652.9800366033705,10.100020408630371
2086.2725397914555,292.06773376464844,179.3533935546875,3.5902252197265625,-0.2498302012681961,-0.9682896733283997,0.0,-1.8233012158286552,-3.403293175056948,6.889048702346523e-05,14515.792284345203,9.950019836425781
2092.0077699686085,290.63841247558594,173.80230712890625,3.4022216796875,-0.24912159144878387,-0.9684722423553467,0.0,-1.822569464962566,-3.122865969493377,0.00015178704875407067,6588.177372235665,9.800019264221191
2097.883456288707,289.17750549316406,168.11380004882812,3.2280731201171875,-0.2481166571378708,-0.9687302112579346,0.0,-1.8215319482448082,-2.794642779835932,0.00046664198848142546,2142.970467047469,9.550018310546875
2103.8931666348612,287.69818115234375,162.2911376953125,3.070526123046875,-0.24367015063762665,-0.9698581695556641,0.0,-1.816944601982384,-2.439824218406575,0.0012413852166851536,805.5517228328853,9.350017547607422
2110.030532484898,286.2302551269531,156.33351135253906,2.9321746826171875,-0.2333613783121109,-0.9723901152610779,0.0,-1.8063293964032412,-2.0719619067335824,0.0021552361627701355,463.9862755062049,9.200016975402832
2116.2828563282897,284.81959533691406,150.24354553222656,2.814239501953125,-0.21759212017059326,-0.9760398268699646,0.0,-1.790143118311914,-1.681089185329926,0.0028669998945736186,348.7966643782247,9.150016784667969
2122.5777307208077,283.5074462890625,144.087646484375,2.7214202880859375,-0.198215052485466,-0.9801585674285889,0.0,-1.7703328282859099,-1.2760729688984922,0.0036452109747560912,274.3325439666526,9.300017356872559
2128.904497156017,282.3314666748047,137.8715057373047,2.6533050537109375,-0.17244015634059906,-0.9850200414657593,0.0,-1.7441027194706802,-0.8659787525263446,0.004621143109559217,216.39667421928942,9.350017547607422
2135.295975036799,281.3284606933594,131.55935668945312,2.6115570068359375,-0.14023806154727936,-0.9901177883148193,0.0,-1.711498178646396,-0.4215744694829826,0.005621878250348378,177.87649526882439,9.450017929077148
2141.779521317809,280.54345703125,125.12351989746094,2.599456787109375,-0.10065726190805435,-0.9949211478233337,0.0,-1.6716243442825702,-0.07470092643590276,0.006236790334062728,160.33888369445742,9.750019073486328
2148.3523432117736,280.0203399658203,118.57154846191406,2.6020050048828125,-0.059221748262643814,-0.9982448816299438,0.0,-1.6300527452899194,-0.008486340812546844,0.006334008112315964,157.87791588955835,9.850019454956055
2155.011885581152,279.76548767089844,111.91688537597656,2.5982513427734375,-0.01701168157160282,-0.9998552799224854,0.0,-1.5878088291821695,0.07921731227749917,0.00614318847088717,162.7819176864005,9.500018119812012
2161.7603669335094,279.7878875732422,105.16845703125,2.6128692626953125,0.023073704913258553,-0.9997337460517883,0.0,-1.5477205735253188,0.49415626281357483,0.00551308332441143,181.38670162522143,8.850015640258789
2168.59870359487,280.0689697265625,98.33610534667969,2.6658935546875,0.05778326094150543,-0.9983291625976562,0.0,-1.5129808626118182,1.0732643880648929,0.004656441595403543,214.75626387907838,8.7000150680542
2175.5284081912687,280.57115173339844,91.42527770996094,2.7611846923828125,0.08699777722358704,-0.9962085485458374,0.0,-1.4836884357532454,1.6620612225436981,0.0043194844046147984,231.50911227544475,8.7000150680542
2182.546451741694,281.2884063720703,84.44532775878906,2.898223876953125,0.11780478060245514,-0.9930368065834045,0.0,-1.452717352421714,2.262985589137828,0.004780317262264591,209.1911363067705,8.800015449523926
2189.646145813372,282.24822998046875,77.41319274902344,3.0811767578125,0.15403969585895538,-0.9880646467208862,0.0,-1.416140849367425,3.0529230837206183,0.0056970907463024245,175.5281852670205,8.300013542175293
2196.8148656843423,283.50535583496094,70.360107421875,3.3344879150390625,0.19812346994876862,-0.980177104473114,0.0,-1.3713532650290476,3.9821888418945877,0.006335803431714568,157.8331794503581,8.050012588500977
2204.0378411751317,285.1002197265625,63.32269287109375,3.6547698974609375,0.24337895214557648,-0.9699313044548035,0.0,-1.3249482936311188,4.86708586338905,0.006553640087226545,152.58695727723324,8.950016021728516
2211.30626815849,287.03578186035156,56.32733154296875,4.040191650390625,0.29019084572792053,-0.9569687843322754,0.0,-1.2763700648871354,5.634301483669846,0.006423479983523495,155.67885360661876,9.949015617370605
2218.617744692581,289.31524658203125,49.39398193359375,4.476531982421875,0.3329961597919464,-0.9429281949996948,0.0,-1.2313170254134986,6.222747986735594,0.006130416176481329,163.12106245517074,10.948015213012695
2225.969000105254,291.9114074707031,42.532928466796875,4.95281982421875,0.3749217689037323,-0.9270564317703247,0.0,-1.1864839322995104,6.715655875794358,0.005827916762234597,171.58790023908477,10.840350151062012
2233.3620015812785,294.8193054199219,35.75529479980469,5.4669036865234375,0.41267144680023193,-0.9108799695968628,0.0,-1.1454113959128918,7.139921317012576,0.0055515553100481535,180.12970134514,9.94801139831543
2240.795631653565,298.0184020996094,29.067398071289062,6.0115814208984375,0.44987282156944275,-0.8930926322937012,0.0,-1.1041733965113596,7.474298509713023,0.005778864713096674,173.04436937824386,8.94901180267334
2248.2227528754474,301.4922790527344,22.5272216796875,6.5776214599609375,0.4892766773700714,-0.8721286058425903,0.0,-1.0595361352779709,7.638498443719416,0.005894744135355581,169.64264725286134,7.95001220703125
2255.5954167658,305.22625732421875,16.195159912109375,7.1420440673828125,0.525987982749939,-0.8504919409751892,0.0,-1.0169199391456591,7.539014725653242,0.00594988845994085,168.07037757644645,7.400010108947754
2262.9356569209963,309.2145233154297,10.057083129882812,7.6869049072265625,0.5636428594589233,-0.8260185718536377,0.0,-0.9720069705991259,7.213604899677328,0.005976546437877442,167.32071111542268,7.300009727478027
2270.261056866471,313.46136474609375,4.110443115234375,8.200027465820312,0.5984223484992981,-0.8011808395385742,0.0,-0.9292658441565935,6.684771087406727,0.005544832122735849,180.34811115374126,8.050012588500977
2277.584146688861,317.94873046875,-1.6579132080078125,8.6661376953125,0.6288039684295654,-0.7775638103485107,0.0,-0.8907822151774735,5.99518740403715,0.005382139562636584,185.79971558933775,8.7000150680542
2284.931069888872,322.6739196777344,-7.2685394287109375,9.079345703125,0.6597549319267273,-0.7514808177947998,0.0,-0.8503037216554445,5.198421819918875,0.0053864614453354095,185.65063727801936,9.200016975402832
2292.306595709091,327.64239501953125,-12.708099365234375,9.431228637695312,0.6884203553199768,-0.7253118753433228,0.0,-0.811487368138109,4.282528696474264,0.005183361847869904,192.9249836977808,9.600018501281738
2299.7147904198214,332.83921813964844,-17.980239868164062,9.712142944335938,0.7153443694114685,-0.698772132396698,0.0,-0.77367955436624,3.2178308138827494,0.005038052515555953,198.4893958354559,9.900019645690918
2307.1648106774937,338.2630615234375,-23.083770751953125,9.908859252929688,0.7407324314117432,-0.6718001961708069,0.0,-0.736636392090871,2.4075083353371385,0.005528247547764743,180.8891500172299,10.100020408630371
2314.6556811622168,343.91761779785156,-27.994232177734375,10.0716552734375,0.7705854773521423,-0.6373366713523865,0.0,-0.6910370597575637,2.3279324907764964,0.006230191135374097,160.5087192786348,10.200020790100098
2322.184350151711,349.83299255371094,-32.64764404296875,10.258621215820312,0.8002700209617615,-0.5996398329734802,0.0,-0.6430509625878532,2.6183739631315928,0.006320353457141978,158.21899942478746,10.200020790100098
2329.742569248047,355.9832763671875,-37.03596496582031,10.466766357421875,0.8277639150619507,-0.5610765218734741,0.0,-0.5956857583398918,2.8757072955508667,0.006034926913837564,165.70208956583826,10.100020408630371
2337.340991919195,362.3622283935547,-41.158233642578125,10.694580078125,0.8516868948936462,-0.5240509510040283,0.0,-0.5516004242412926,3.110382435025749,0.005607082691567476,178.34586272535373,9.950019836425781
2344.980790251557,368.95013427734375,-45.01898193359375,10.940826416015625,0.8726176023483276,-0.48840412497520447,0.0,-0.5102599588815991,3.3370324332430146,0.004886585144780752,204.64188597390483,9.750019073486328
2352.6604638675126,375.7108154296875,-48.65220642089844,11.205886840820312,0.8884761333465576,-0.4589228630065918,0.0,-0.4767824675917749,3.5297288851878106,0.0036596257495069354,273.2519848879987,9.350017547607422
2360.3020910708747,382.53758239746094,-52.074737548828125,11.4815673828125,0.8986400961875916,-0.4386866092681885,0.0,-0.4541366286171336,3.6323478171339407,0.0025355908239355802,394.38539947382543,8.850015640258789
2367.886225583776,389.3769226074219,-55.34056091308594,11.7589111328125,0.9055477976799011,-0.4242442548274994,0.0,-0.43812714953789744,3.901427765074117,0.0013297010676234823,752.0487306122549,8.750015258789062
2375.415484681938,396.19927978515625,-58.51039123535156,12.070938110351562,0.9073099493980408,-0.42046239972114563,0.0,-0.43395490407670617,4.15058111586164,-0.0005326832290359872,1877.288312248407,8.993998527526855
2382.8882837311508,402.9605407714844,-61.67765808105469,12.381576538085938,0.9021813869476318,-0.43135687708854675,0.0,-0.44599623053930454,3.9176480397236424,-0.003192148495701961,313.26863438415876,7.994998455047607
2390.30149690478,409.5915069580078,-64.98092651367188,12.654403686523438,0.8864005208015442,-0.462919145822525,0.0,-0.4812856306486682,3.347829021952109,-0.00503263213983304,198.70317802190397,6.995998382568359
2397.646725353005,416.0341491699219,-68.50166320800781,12.876113891601562,0.8677033185958862,-0.49708250164985657,0.0,-0.5202331842573213,2.7364972515531827,-0.005745802197430927,174.04010191076918,5.996998310089111
2404.924099642355,422.2646179199219,-72.25791931152344,13.054931640625,0.8444578051567078,-0.5356221795082092,0.0,-0.5652443221012947,2.106354256526466,-0.006179440194244629,161.82695657955784,4.997998237609863
2412.1313935059097,428.2637939453125,-76.25027465820312,13.18170166015625,0.8197963237762451,-0.5726552605628967,0.0,-0.6097411114326209,1.3580634420676696,-0.006499407005394045,153.860190502006,3.9989984035491943
2419.264426431807,434.0110626220703,-80.47453308105469,13.250274658203125,0.7909723520278931,-0.6118519902229309,0.0,-0.6583998400417808,0.6818779636069472,-0.007084226782075584,141.15866568955508,2.9999983310699463
2426.322832917197,439.48097229003906,-84.93551635742188,13.278884887695312,0.7582070231437683,-0.6520138382911682,0.0,-0.7102374944773655,0.21357159482530141,-0.007588694149997022,131.77497738532426,2.2999989986419678
2433.30744731905,444.65423583984375,-89.6282958984375,13.280548095703125,0.7214293479919434,-0.6924880146980286,0.0,-0.7649321212039756,-0.12653536974104318,-0.007992812658172269,125.11240320108689,1.8499993085861206
2440.215278619359,449.4995422363281,-94.55178833007812,13.26153564453125,0.681304931640625,-0.7319996953010559,0.0,-0.8212524566711549,-0.3334318893166821,-0.008725169163074843,114.61095840204767,1.6499994993209839
2447.0484818138752,453.9983825683594,-99.69497680664062,13.234817504882812,0.6334906816482544,-0.773750364780426,0.0,-0.8847400500597059,0.13449287972766566,-0.010064139924869597,99.36268846271602,1.6499994993209839
2453.8344645624875,458.1039276123047,-105.09794616699219,13.27935791015625,0.5749567151069641,-0.8181838393211365,0.0,-0.958245090094558,1.2069199691369104,-0.010406389190080093,96.094810768105,1.8999992609024048
2460.6026007157975,461.80242919921875,-110.76492309570312,13.398208618164062,0.5184109807014465,-0.8551316261291504,0.0,-1.0258046541045087,2.1954717491713627,-0.009768153086298637,102.3734979545577,2.349998950958252
2467.37703023177,465.12330627441406,-116.66685485839844,13.576736450195312,0.4620169401168823,-0.8868710994720459,0.0,-1.0905282517957648,2.907076707921652,-0.00904411650327816,110.56911967438022,2.899998426437378
2474.1726630220473,468.0819091796875,-122.78082275390625,13.792816162109375,0.4098449647426605,-0.9121551513671875,0.0,-1.1485122179449574,3.4076519882169976,-0.008174443264284154,122.33249013657094,3.5499978065490723
2481.002826097523,470.7106628417969,-129.0799560546875,14.041213989257812,0.3605985939502716,-0.9327211380004883,0.0,-1.2018867542683056,3.8673051768877365,-0.007555932240165,132.34634300772433,4.349998474121094
2487.8757072409026,473.02210998535156,-135.54635620117188,14.322952270507812,0.3133959174156189,-0.9496225714683533,0.0,-1.2520293285861452,3.950848996062395,-0.00683964462106558,146.20642670820598,5.348998546600342
2494.7979127950216,475.04498291015625,-142.16116333007812,14.586090087890625,0.27116313576698303,-0.9625334143638611,0.0,-1.296195092659868,3.582767882487059,-0.006308661394570786,158.5122322241921,6.34799861907959
2501.7765582590664,476.7889099121094,-148.91432189941406,14.82073974609375,0.22902832925319672,-0.9734197854995728,0.0,-1.3397169709749628,3.208135062136308,-0.006268066977305989,159.5388185258032,7.346998691558838
2508.817870162453,478.2460174560547,-155.79986572265625,15.035675048828125,0.18563614785671234,-0.9826185703277588,0.0,-1.3840771066136806,2.910486805249235,-0.005831180066556821,171.49187447241314,7.80001163482666
2515.9281023723015,479.4331970214844,-162.80752563476562,15.232421875,0.14807753264904022,-0.9889757633209229,0.0,-1.4221722367747716,2.7028231243835688,-0.005211613591410466,191.87915267704275,8.000012397766113
2523.112432241977,480.3609161376953,-169.92918395996094,15.42193603515625,0.11200772225856781,-0.9937072992324829,0.0,-1.458553065113002,2.596369642301144,-0.0038161466479570694,262.0444370331886,7.750011444091797
2530.3762530370063,481.0943145751953,-177.15350341796875,15.60748291015625,0.09355030208826065,-0.9956145286560059,0.0,-1.4771090287019504,2.45927188017403,-0.0013750110798970011,727.2668668785619,7.1500091552734375
2537.7239581807303,481.76731872558594,-184.46826171875,15.781112670898438,0.09222006797790527,-0.9957386255264282,0.0,-1.4784450388727,2.200227299911117,0.0004891520357049178,2044.3541619098003,6.550006866455078
2545.1548411595545,482.48095703125,-191.86325073242188,15.932373046875,0.10085675120353699,-0.9949009418487549,0.0,-1.4697677993032612,1.773030229056305,0.0012324785095819413,811.3731738326226,6.150005340576172
2552.6678698773267,483.2765655517578,-199.3331756591797,16.045639038085938,0.11055358499288559,-0.9938701391220093,0.0,-1.4600162918667126,1.269067582497585,0.0010406933665729062,960.897832272235,5.850004196166992
2560.2637977207746,484.1402282714844,-206.8794403076172,16.12371826171875,0.1164446622133255,-0.9931972026824951,0.0,-1.4540868958246385,0.8190628692650748,0.0009155179819230891,1092.2778358754379,5.650003433227539
2567.929630396603,485.05865478515625,-214.4899139404297,16.17034912109375,0.12444791942834854,-0.9922261834144592,0.0,-1.4460249263140093,0.4016862316665204,0.0017137643661895574,583.5107904731584,5.500002861022949
2575.601586140988,486.0741882324219,-222.09434509277344,16.185302734375,0.14251600205898285,-0.98979252576828,0.0,-1.4277934293065047,-0.015450208251865938,0.003222205704018058,310.346418527225,5.450002670288086
2583.26876880925,487.2787780761719,-229.66629028320312,16.167999267578125,0.17330965399742126,-0.9848673939704895,0.0,-1.3966071388768475,-0.41310474605325,0.004661296947501406,214.53256706505897,5.600003242492676
2590.9214047602395,488.7536163330078,-237.17532348632812,16.1220703125,0.2127571552991867,-0.9771050810813904,0.0,-1.3564004646502084,-0.7909743920641921,0.0052291202186275365,191.23675842022723,6.000004768371582
2598.5599312001373,490.5244903564453,-244.60536193847656,16.047103881835938,0.25142204761505127,-0.9678775668144226,0.0,-1.3166471120298169,-1.2632824387907249,0.005099121808090051,196.11220081337186,6.750007629394531
2606.2110280728693,492.59519958496094,-251.969970703125,15.928848266601562,0.2882098853588104,-0.9575672745704651,0.0,-1.2784394599841151,-1.8432797953827906,0.004680721314892472,213.64228560635266,7.749007701873779
2613.906999259223,494.93702697753906,-259.29913330078125,15.763946533203125,0.3202149569988251,-0.9473448991775513,0.0,-1.2448399395733307,-2.2579092336435513,0.004216485581053198,237.16433526857196,8.748007774353027
2621.6629672283675,497.5369415283203,-266.6040344238281,15.579818725585938,0.3499256670475006,-0.9367774724960327,0.0,-1.2133045749778857,-2.3557218416251247,0.004105101836545749,243.59931612353205,9.500018119812012
2629.4906320037776,500.3890380859375,-273.8913116455078,15.396865844726562,0.38012775778770447,-0.9249339699745178,0.0,-1.180861899853312,-2.169863704488062,0.004498270029468912,222.30768572114042,10.000020027160645
2637.3910871433586,503.52906799316406,-281.1392364501953,15.238784790039062,0.41531842947006226,-0.9096761345863342,0.0,-1.1425035201450422,-1.7038588801017718,0.004769917824931233,209.64721756279246,10.300021171569824
2645.3605295878965,506.9763641357422,-288.3236389160156,15.126876831054688,0.448977530002594,-0.8935430645942688,0.0,-1.1051756122130982,-1.2871867264787396,0.004321553016964075,231.39829502832478,10.40002155303955
2653.3914924163537,510.6976776123047,-295.4397735595703,15.032974243164062,0.4771375358104706,-0.8788287043571472,0.0,-1.0734016734630794,-1.2226526975804286,0.003460871160972004,288.94459039010997,10.450021743774414
2661.405165779654,514.6116943359375,-302.4318389892578,14.93072509765625,0.497891902923584,-0.8672391176223755,0.0,-1.0496300760948198,-1.430179010556154,0.0022941781482658657,435.8859405734837,10.450021743774414
2669.368659684928,518.6262969970703,-309.3081970214844,14.80462646484375,0.509080708026886,-0.860718846321106,0.0,-1.0366799552455475,-1.7270663657479424,0.0010127061233022316,987.453296657475,10.40002155303955
2677.180468454122,522.6181945800781,-316.0214538574219,14.658706665039062,0.5118409395217896,-0.8590802550315857,0.0,-1.0334699914626357,-1.9790267310883403,-0.00017566801501163465,5692.555926779096,10.450021743774414
2684.767741662848,526.4874420166016,-322.5460662841797,14.5003662109375,0.5069742798805237,-0.8619611859321594,0.0,-1.0391254510860048,-2.176837916047969,-0.0014296654772536638,699.4643263828152,10.450021743774414
2692.1169796714917,530.1689910888672,-328.9045104980469,14.333984375,0.49365952610969543,-0.8696552515029907,0.0,-1.0545035515706838,-2.3421959386326296,-0.0026700099107477143,374.53044498998065,10.40002155303955
2699.2474637330547,533.6208648681641,-335.1413879394531,14.16156005859375,0.47349873185157776,-0.8807945251464844,0.0,-1.0775375371701468,-2.500412809178898,-0.004067714215712545,245.83831286309507,10.200020790100098
2706.237567401491,536.8299102783203,-341.3487243652344,13.98114013671875,0.44312986731529236,-0.8964574337005615,0.0,-1.111709283247782,-2.6894612255667028,-0.005694459886968081,175.60927987016396,9.646002769470215
2713.1688335029403,539.7651977539062,-347.6247863769531,13.787277221679688,0.40234652161598206,-0.9154874682426453,0.0,-1.1567177870770466,-2.9819889176948444,-0.006835229013168326,146.30087712839796,8.647003173828125
2720.0380625917132,542.3746948242188,-353.975341796875,13.569839477539062,0.35676220059394836,-0.9341952800750732,0.0,-1.2059966242535674,-3.447933401752268,-0.007690605281562152,130.02877711035967,7.648003578186035
2726.8373027538255,544.6231536865234,-360.3870391845703,13.316390991210938,0.30413636565208435,-0.9526285529136658,0.0,-1.2617646234586637,-3.9301101725910725,-0.008447581134854831,118.37708144334795,6.649003505706787
2733.560563896134,546.4810485839844,-366.842529296875,13.0386962890625,0.2479895055294037,-0.9687627553939819,0.0,-1.320191955681059,-4.069368624066039,-0.009556462242808789,104.6412338156306,5.650003433227539
2740.1978147387804,547.9087066650391,-373.31895446777344,12.772598266601562,0.1805056482553482,-0.9835739731788635,0.0,-1.3892958115714544,-3.7454679452283757,-0.010439533927982733,95.78971694507759,4.75
2746.7436618031707,548.8652648925781,-379.79051208496094,12.544448852539062,0.11274383217096329,-0.9936240911483765,0.0,-1.4578122672793208,-3.2243399626657343,-0.010767458898614912,92.87242323522001,4.349998474121094
2753.1992218862306,549.3672027587891,-386.2236785888672,12.352920532226562,0.04155028611421585,-0.9991364479064941,0.0,-1.5292340772086492,-2.7816182015422353,-0.010901727019901705,91.72858558781051,4.399998664855957
2759.568503414266,549.4139556884766,-392.59063720703125,12.187393188476562,-0.026853380724787712,-0.9996393322944641,0.0,-1.597652937274618,-2.5444522470451814,-0.010807587069835436,92.52759136135525,4.649999618530273
2765.8670337498984,549.0268859863281,-398.87530517578125,12.030517578125,-0.09519264847040176,-0.9954589009284973,0.0,-1.6661333285659228,-2.3749654149725186,-0.010946611891705371,91.35246685394362,4.90000057220459
2772.13582547603,548.2190246582031,-405.0902099609375,11.88885498046875,-0.1636819690465927,-0.9865131974220276,0.0,-1.7352181332619105,-2.132906534559864,-0.010490611486511897,95.32332803342597,5.300002098083496
2778.41736343196,546.9895477294922,-411.24896240234375,11.762863159179688,-0.2250400334596634,-0.9743495583534241,0.0,-1.797780441080983,-2.0093293814681834,-0.009399297102429982,106.39093424778241,5.9000043869018555
2784.737124291691,545.3969879150391,-417.3634490966797,11.635650634765625,-0.2790668308734894,-0.9602717161178589,0.0,-1.8536185130072793,-2.0661365302021784,-0.008602305040746577,116.24791207278695,6.650007247924805
2791.1104548580456,543.4537200927734,-423.4317932128906,11.50054931640625,-0.32985395193099976,-0.9440319538116455,0.0,-1.9069451981585526,-2.1900286049459927,-0.007848402740100596,127.41446038320692,7.450010299682617
2797.5474488003265,541.1841735839844,-429.4536590576172,11.355010986328125,-0.37397968769073486,-0.927436888217926,0.0,-1.9540927172374505,-2.3513429597236457,-0.006946285300592492,143.96183812298983,8.300013542175293
2804.0570239085328,538.6214447021484,-435.43544006347656,11.195999145507812,-0.41325366497039795,-0.9106159210205078,0.0,-1.9968205539010557,-2.4825736735287096,-0.006293380242013674,158.89712071171994,9.050016403198242
2810.647639936614,535.778564453125,-441.3790588378906,11.02972412109375,-0.44904547929763794,-0.8935089111328125,0.0,-2.036493091133059,-2.4551395946945997,-0.005609092077157096,178.28197259811049,9.600018501281738
2817.326697305034,532.6738128662109,-447.2904815673828,10.870330810546875,-0.47976070642471313,-0.8773993849754333,0.0,-2.0711782839267845,-2.2199439477085026,-0.004525533332728732,220.96843100634868,9.900019645690918
2824.101119991806,529.3423461914062,-453.1875,10.73138427734375,-0.502469539642334,-0.8645949363708496,0.0,-2.097249023979726,-1.8197971057159923,-0.003152305136260136,317.22817328096295,10.050020217895508
2830.9785004412392,525.8312683105469,-459.10009765625,10.62237548828125,-0.5169398188591003,-0.8560217618942261,0.0,-2.11406850552989,-1.483214163044999,-0.0018371421959916534,544.3236795615701,10.000020027160645
2837.960747679032,522.1936492919922,-465.05914306640625,10.526031494140625,-0.524209201335907,-0.851589560508728,0.0,-2.122582538944993,-1.2139815152665268,-0.0010019841230387294,998.0198059099857,9.900019645690918
2845.046916376634,518.4616546630859,-471.0824737548828,10.451934814453125,-0.5289161801338196,-0.8486740589141846,0.0,-2.128119313863261,-0.6901103937320019,-0.0008777385005412086,1139.2914853152797,9.750019073486328
2852.234572845691,514.6413421630859,-477.1707458496094,10.428253173828125,-0.5348536968231201,-0.8449446558952332,0.0,-2.135130929539333,-0.28825855148281176,-0.0013118762369400683,762.2670278200061,9.550018310546875
2859.5212118080476,510.70994567871094,-483.30580139160156,10.410293579101562,-0.544991135597229,-0.8384418487548828,0.0,-2.1471748457448006,-0.2796012664843528,-0.0020497695586718934,487.8597185568166,9.300017356872559
2866.9030282056856,506.63389587402344,-489.46018981933594,10.387176513671875,-0.5600760579109192,-0.8284412026405334,0.0,-2.16527392670298,-0.15914585587174512,-0.0029220484158200832,342.2256779134669,8.592999458312988
2874.3740684543827,502.37684631347656,-495.5997314453125,10.386932373046875,-0.5809242129325867,-0.8139576315879822,0.0,-2.1906600255114217,0.16908274295790449,-0.004089055239699102,244.55526799720764,7.593999862670898
2881.922847517769,497.88623046875,-501.66749572753906,10.412841796875,-0.6099539399147034,-0.7924368381500244,0.0,-2.2267988105602083,0.4492064943251606,-0.00504744192417636,198.1201596813181,6.59499979019165
2889.5324758097026,493.1219482421875,-507.6009826660156,10.455154418945312,-0.6414651870727539,-0.7671521306037903,0.0,-2.2672029844324646,0.2851080956763563,-0.005149198469740046,194.20498275151635,5.595999717712402
2897.1934088477587,488.10047912597656,-513.38671875,10.456100463867188,-0.6703030467033386,-0.7420874238014221,0.0,-2.3054134461521905,-0.0671519990280367,-0.005358904311610735,186.60530993870805,4.596999645233154
2904.906198484849,482.80210876464844,-518.9915618896484,10.444747924804688,-0.702448308467865,-0.7117347717285156,0.0,-2.3496279218933487,0.0589695932993739,-0.006011199515276067,166.35614862869423,3.5979995727539062
2912.6605208724122,477.2198028564453,-524.3736572265625,10.46539306640625,-0.7363205552101135,-0.6766329407691956,0.0,-2.398412545285923,0.14823793730125434,-0.005780562091529495,172.99355740254788,2.598999500274658
2920.4087982126835,471.4093322753906,-529.4994964599609,10.467742919921875,-0.7633295059204102,-0.6460093259811401,0.0,-2.439247834436913,0.01495441441440315,-0.005405784537633962,184.9870251095295,1.5999995470046997
2928.144918072429,465.39837646484375,-534.3694000244141,10.46771240234375,-0.7903121113777161,-0.6127044558525085,0.0,-2.482114567094845,-0.000295934276961507,-0.005511352102994166,181.443678667659,1.100000023841858
2935.86962854259,459.1949768066406,-538.9725494384766,10.467697143554688,-0.8155403137207031,-0.5787002444267273,0.0,-2.524458592850272,9.924677794037606e-05,-0.005592887178017092,178.79852894771625,2.0989999771118164
2943.583613388565,452.808349609375,-543.2988128662109,10.467727661132812,-0.8402058482170105,-0.5422675609588623,0.0,-2.5684590632838518,0.00029673094387172583,-0.005623978484201264,177.8100685856417,3.0980000495910645
2951.2943733053057,446.24317932128906,-547.3428649902344,10.467742919921875,-0.8626123070716858,-0.5058655738830566,0.0,-2.611207541456781,-1.1277382361285504e-07,-0.005812585653719615,172.04047554294115,4.0970001220703125
2959.0007414966026,439.5034484863281,-551.0797271728516,10.467727661132812,-0.8853627443313599,-0.46490079164505005,0.0,-2.658070082537806,-2.1184032306109657e-07,-0.005943247951732483,168.25816592566957,5.0960001945495605
2966.715363469516,432.59608459472656,-554.515380859375,10.467742919921875,-0.9052890539169312,-0.42479607462882996,0.0,-2.7028560342466754,8.060298095635687e-07,-0.005470466328828361,182.7997724307674,6.095000267028809
2974.4615524763803,425.52064514160156,-557.6684112548828,10.467727661132812,-0.9214631915092468,-0.38846567273139954,0.0,-2.742626743652114,-9.88037707538858e-05,-0.005106075280829098,195.84513447236628,7.094000339508057
2982.2569004294305,418.27789306640625,-560.5511169433594,10.467727661132812,-0.9361139535903931,-0.35169684886932373,0.0,-2.782209515131397,-9.705294068407255e-05,-0.004890786776276634,204.46607994660974,8.092999458312988
2990.0959778273304,410.89002990722656,-563.1723022460938,10.46771240234375,-0.948440432548523,-0.31695541739463806,0.0,-2.819074987590292,9.755454822846232e-05,-0.004711253140096239,212.25775186844928,9.091999053955078
2997.929780111145,403.41542053222656,-565.5172271728516,10.467742919921875,-0.95950847864151,-0.28167977929115295,0.0,-2.8560483294043406,0.0001948931765194395,-0.004448174724705822,224.8113129292902,10.090998649597168
3005.7725792299148,395.8538818359375,-567.5987243652344,10.467742919921875,-0.9682183265686035,-0.250106543302536,0.0,-2.888802360843187,0.0,-0.0036112059694662635,276.9158027692893,11.089998245239258
3013.6680485833103,388.1847229003906,-569.4755401611328,10.467742919921875,-0.9739460945129395,-0.22677966952323914,0.0,-2.9128227292903017,-9.518568897526336e-05,-0.0022359471448997192,447.2377633259526,12.088997840881348
3021.643120707069,380.4051513671875,-571.2305450439453,10.467727661132812,-0.9764542579650879,-0.215724378824234,0.0,-2.924159030120949,-9.61655009290574e-05,-0.0005638696816170352,1773.4594226315799,13.087997436523438
3029.701991072841,372.5363464355469,-572.970458984375,10.467727661132812,-0.975925087928772,-0.21810603141784668,0.0,-2.9217192979385427,1.1102230246251565e-14,0.0007885804260494567,1268.1014731873195,14.086997032165527
3037.8434727943195,364.59934997558594,-574.78369140625,10.467727661132812,-0.9736003279685974,-0.22825947403907776,0.0,-2.9113030660536108,1.1102230246251565e-14,0.001376108916632951,726.68666550522,13.99702262878418
3046.065793372453,356.6057434082031,-576.7095184326172,10.467727661132812,-0.9707629084587097,-0.2400403767824173,0.0,-2.899185210784756,-0.00018288792126286424,0.0013120773625952542,762.1501814664545,12.99802303314209
3054.3684690925174,348.55615234375,-578.7438507080078,10.467697143554688,-0.9684292674064636,-0.24928855895996094,0.0,-2.8896471060408278,-0.00018466889271095965,0.0008896880502266002,1123.989469955569,11.9990234375
3062.7517052937314,340.4438171386719,-580.8577728271484,10.467697143554688,-0.9671032428741455,-0.25438404083251953,0.0,-2.8843819050712893,8.970605311908741e-05,0.0005099279728159323,1961.061273963427,11.00002384185791
3071.2157792809644,332.2619323730469,-583.0251007080078,10.46771240234375,-0.966256856918335,-0.25758039951324463,0.0,-2.881075382953116,0.00026831013305583795,0.0003493954758120865,2862.086286823658,10.55002212524414
3079.759912513704,324.0091857910156,-585.2374267578125,10.467742919921875,-0.9655762314796448,-0.2601202130317688,0.0,-2.8784459518703156,3.2432657115499808e-06,0.0003786910014474676,2640.6753690415353,10.55002212524414
3088.3823400253164,315.68760681152344,-587.4952087402344,10.46771240234375,-0.964559018611908,-0.2638671398162842,0.0,-2.874563400950452,-0.09753413176559755,0.0003661911027973974,2730.81457293972,10.600022315979004
3097.081434030773,307.30003356933594,-589.8022766113281,10.450698852539062,-0.9639103412628174,-0.2662270963191986,0.0,-2.872115916518131,-0.5460145987180587,0.0002071842552001102,4826.621593586558,10.600022315979004
3105.854144846468,298.8446807861328,-592.1392059326172,10.371795654296875,-0.9636005163192749,-0.26734644174575806,0.0,-2.8709544838807957,-0.8990994252939033,0.00025237203987046875,3962.404078174647,10.55002212524414
3114.707771457619,290.31707763671875,-594.5183563232422,10.292221069335938,-0.9627112746238708,-0.2705310881137848,0.0,-2.8676480156045954,-0.8987711501191264,0.0005012285499019775,1995.0978454750123,10.500021934509277
3123.637963154276,281.7266387939453,-596.9568481445312,10.211959838867188,-0.9611737132072449,-0.2759438753128052,0.0,-2.8620210764762923,-0.899047226802574,0.0006674698839521931,1498.1949358956008,10.500021934509277
3132.643920416569,273.0787048339844,-599.4696044921875,10.130966186523438,-0.9594019651412964,-0.2820422947406769,0.0,-2.8556704900496794,-0.899116097216035,0.0006545388765441529,1527.7931316774025,10.55002212524414
3141.723863248274,264.3752136230469,-602.0557098388672,10.049346923828125,-0.9578419923782349,-0.2872953712940216,0.0,-2.8501906720831025,-0.898946101158582,0.00037310046912700234,2680.243212611997,10.650022506713867
3150.877476143859,255.6112060546875,-604.6965484619141,9.967056274414062,-0.9574708938598633,-0.2885298430919647,0.0,-2.8489016278457764,-0.8991068769830579,-0.00022277299666934036,4488.8743920982915,10.800023078918457
3160.103494096069,246.77197265625,-607.3386077880859,9.88409423828125,-0.9590253233909607,-0.28332042694091797,0.0,-2.8543380182218367,-0.898920605855158,-0.0006986677888970172,1431.295410911521,10.950023651123047
3169.4001718513255,237.84666442871094,-609.9386291503906,9.800552368164062,-0.961128830909729,-0.2761002779006958,0.0,-2.861858361417989,-0.8841775963749687,-0.0006832455883056254,1463.6025714851537,11.00002384185791
3178.748581212787,228.8543701171875,-612.4929962158203,9.719253540039062,-0.9625531435012817,-0.27109313011169434,0.0,-2.8670641520498537,-0.7086962200031466,-0.0002084917635938044,4796.352540564899,11.00002384185791
3188.093996478109,219.8589324951172,-615.0260314941406,9.668060302734375,-0.9621982574462891,-0.2723501920700073,0.0,-2.8657579556673265,-0.5479737112780936,0.0004238276739378932,2359.4495156692806,11.00002384185791
3197.452624017659,210.8622283935547,-617.6029663085938,9.61676025390625,-0.960371732711792,-0.2787221670150757,0.0,-2.8591293496580827,-0.5478805235817674,0.0006676271039845472,1497.8421247905865,11.00002384185791
3206.856977036898,201.83921813964844,-620.2533416748047,9.565261840820312,-0.9587122797966003,-0.2843780815601349,0.0,-2.853235008880551,-0.5475633265965896,0.00035888911636178245,2786.3759429024817,11.100024223327637
3216.323969661353,192.76577758789062,-622.9540710449219,9.513427734375,-0.9584717154502869,-0.28518781065940857,0.0,-2.8523903004256517,-0.5474743171963059,-0.00019089200776267745,5238.564001292445,11.250024795532227
3225.8540270393573,183.6261749267578,-625.6535034179688,9.461257934570312,-0.9597471356391907,-0.28086552023887634,0.0,-2.856896842811103,-0.5475489037768344,-0.0005865681410425205,1704.83176638724,11.350025177001953
3235.4437964262415,174.41342163085938,-628.3154754638672,9.408737182617188,-0.9616134762763977,-0.27440765500068665,0.0,-2.8636190016889684,-0.43092550926525086,-0.0005802340390106686,1723.44249521289,11.400025367736816
3245.029553384562,165.18959045410156,-630.9244537353516,9.378616333007812,-0.9628129005432129,-0.2701689898967743,0.0,-2.868024104613931,-0.15646326162122026,-0.00029431744562122275,3397.69189654822,11.350025177001953
3254.5364106077845,156.0337677001953,-633.4839935302734,9.378616333007812,-0.9631472229957581,-0.26897475123405457,0.0,-2.869264256910118,0.00016538953808709067,-2.459156290210429e-05,40664.35321662416,11.350025177001953
3263.8547637393863,147.0596466064453,-635.9933471679688,9.378646850585938,-0.9629485011100769,-0.26968517899513245,0.0,-2.8685265591118996,0.000246161053085725,0.00012132490555386011,8242.330751752097,11.30002498626709
3273.0548609181897,138.20220947265625,-638.4808349609375,9.378662109375,-0.9625431299209595,-0.27112847566604614,0.0,-2.8670274154619477,-0.036952175687976485,0.00015210435667095679,6574.433644680361,11.30002498626709
3282.2055049795326,129.39588928222656,-640.9673919677734,9.371902465820312,-0.9621917009353638,-0.2723729610443115,0.0,-2.865734261733069,-0.46421223332698824,0.00013170500596118573,7592.725824671434,11.250024795532227
3291.2086494040436,120.73493957519531,-643.4247741699219,9.2955322265625,-0.9618914127349854,-0.27343180775642395,0.0,-2.864633657574046,-1.2566000076907335,0.0001089184540370991,9181.180625822934,11.250024795532227
3299.933642818916,112.34442138671875,-645.8130645751953,9.1513671875,-0.9616619944572449,-0.27423739433288574,0.0,-2.8637960404046283,-1.9727866471724864,8.692271886928671e-05,11504.472168016136,11.250024795532227
3308.324988166984,104.27754211425781,-648.1159973144531,8.9599609375,-0.9614818692207336,-0.27486830949783325,0.0,-2.863139916117455,-2.5195487905698144,9.44986278187121e-05,10582.164239658785,11.30002498626709
3316.371616352532,96.54490661621094,-650.3308715820312,8.738815307617188,-0.961237907409668,-0.2757202982902527,0.0,-2.862253686840846,-2.9132016557554152,9.012707851449586e-05,11095.444526576572,11.30002498626709
3324.081969389523,89.13771057128906,-652.4585266113281,8.50201416015625,-0.9610869288444519,-0.2762461304664612,0.0,-2.861706609139706,-3.169517082013762,8.02691247235865e-05,12458.090248817143,11.350025177001953
3331.4534961850436,82.05747985839844,-654.4961395263672,8.261444091796875,-0.960905134677887,-0.27687785029411316,0.0,-2.8610492514985237,-3.3050422862359152,2.4837648918418775e-05,40261.45966087931,11.350025177001953
3338.4774384135762,75.31182861328125,-656.4395294189453,8.026519775390625,-0.9609760046005249,-0.2766317129135132,0.0,-2.8613053884850057,-3.3347502764047077,-7.067835720789284e-05,14148.602761926211,11.400025367736816
3345.1547761544502,68.89817810058594,-658.2841491699219,7.804473876953125,-0.9611663818359375,-0.27596941590309143,0.0,-2.8619945044834347,-3.272636094334802,-0.00011638915310166476,8591.865937253706,11.400025367736816
3351.495871215277,62.805633544921875,-660.0301818847656,7.600128173828125,-0.9613916277885437,-0.27518361806869507,0.0,-2.8628119481042904,-3.1318714326451613,-0.0001560037276453763,6410.103239796773,11.45002555847168
3357.50639056935,57.029205322265625,-661.68115234375,7.41705322265625,-0.9616916179656982,-0.2741336226463318,0.0,-2.8639039575683016,-2.9244125582940983,-0.00024758157672916115,4039.072750126064,11.45002555847168
3363.203056653055,51.55174255371094,-663.2380065917969,7.25701904296875,-0.9621742367744446,-0.27243465185165405,0.0,-2.8656701465785654,-2.662444342506942,-0.0004747887533118611,2106.1998478787855,11.45002555847168
3368.635244431873,46.32432556152344,-664.7090606689453,7.1199951171875,-0.963103711605072,-0.2691303491592407,0.0,-2.8691026897258283,-2.3528383572688605,-0.0008121446936812382,1231.3076817226536,11.45002555847168
3373.867701668372,41.282745361328125,-666.1047515869141,7.00543212890625,-0.9644791483879089,-0.26415911316871643,0.0,-2.874260700292919,-1.9980534167913122,-0.0009316863279397736,1073.322608705966,11.400025367736816
3378.90619554723,36.42088317871094,-667.4239807128906,6.9140472412109375,-0.9656403660774231,-0.2598820626735687,0.0,-2.878692586905037,-1.605910890737683,-0.0007002619049804037,1428.0371285197702,11.350025177001953
3383.7694532181977,31.723526000976562,-668.6815338134766,6.845703125,-0.9663034677505493,-0.2574056088924408,0.0,-2.8812562816254035,-1.1797247541556533,-0.00032277960123838767,3098.0892106048973,11.30002498626709
3388.4648543264843,27.185775756835938,-669.8871765136719,6.800537109375,-0.9664549827575684,-0.2568363547325134,0.0,-2.8818453546860705,-0.723450986075358,0.00013746234693728931,7274.719385201553,11.200024604797363
3392.9446740174376,22.857070922851562,-671.0406951904297,6.7783203125,-0.9660066366195679,-0.25851714611053467,0.0,-2.8801057930914675,-0.2764666615903022,0.0005500168641815462,1818.1260705306777,11.1500244140625
3397.2069129193064,18.741561889648438,-672.1494140625,6.7754364013671875,-0.9652267098426819,-0.2614140510559082,0.0,-2.877105734510243,-0.03343712389575204,0.0005064553957503382,1974.5075447729246,11.050024032592773
3401.2777004722075,14.8134765625,-673.2178039550781,6.7754058837890625,-0.9648876190185547,-0.26266297698020935,0.0,-2.8758115942944333,0.00025922840549696957,-0.00044384283873977193,2253.04975707022,11.050024032592773
3405.0841217705374,11.1390380859375,-674.2114562988281,6.77545166015625,-0.9660341739654541,-0.25841426849365234,0.0,-2.880212292433931,0.00012458450024954715,-0.002843390031612214,351.69286973725366,11.00002384185791
3408.594040239747,7.7427978515625,-675.0975036621094,6.775421142578125,-0.9699090123176575,-0.24346759915351868,0.0,-2.895653213481486,5.9818207565065507e-05,-0.008226355834521415,121.5605087010167,10.900023460388184
3411.878024776019,4.5444793701171875,-675.8426971435547,6.77545166015625,-0.9786179065704346,-0.20568633079528809,0.0,-2.9344276581036803,-0.00030765442020630474,-0.017129514765420684,58.37876984225484,10.800023078918457
3414.97962238168,1.4908294677734375,-676.3859558105469,6.7754058837890625,-0.9904317855834961,-0.13800323009490967,0.0,-3.0031475844399353,-0.0007175999151121104,-0.026408984313811112,37.865901547642245,10.042997360229492
3417.914762189765,-1.4311676025390625,-676.6634063720703,6.7754058837890625,-0.9987939596176147,-0.04909893870353699,0.0,-3.092473968227813,0.0002738604285124069,-0.03414070227693122,29.290551550127226,9.043997764587402
3420.749237750038,-4.265625,-676.6532592773438,6.775421142578125,-0.9983301162719727,0.057767897844314575,0.0,3.083792581939748,0.0002671526815989367,-0.03853815806928451,25.948308121062354,8.044998168945312
3423.541661575812,-7.0404510498046875,-676.3402557373047,6.775421142578125,-0.9859774112701416,0.16687899827957153,0.0,2.9739292315951684,0.0002716529921231725,-0.03942383699945995,25.36536461465429,7.045998573303223
3426.3447941309832,-9.774673461914062,-675.7225341796875,6.7754364013671875,-0.9614963531494141,0.27481770515441895,0.0,2.863192552449678,4.763003902397145e-06,-0.039792769623187896,25.130193486639936,6.046998500823975
3429.1726704011417,-12.445205688476562,-674.7924041748047,6.775421142578125,-0.924241840839386,0.38180750608444214,0.0,2.749841471812991,-0.0005353415083009239,-0.03919748137867218,25.51184323144068,5.047998428344727
3432.046103475074,-15.035598754882812,-673.548828125,6.7754058837890625,-0.8767201900482178,0.4810006022453308,0.0,2.6397969610387078,0.014214628940845131,-0.03689390941810522,27.104744814851816,4.0489983558654785
3434.970342535427,-17.52178955078125,-672.0093383789062,6.7762603759765625,-0.8222141265869141,0.5691782832145691,0.0,2.536086535461351,0.024467254931259674,-0.03549896098726857,28.16983855833534,3.0499982833862305
3437.9171246393275,-19.855194091796875,-670.2096862792969,6.7768402099609375,-0.7582234144210815,0.6519947648048401,0.0,2.4313803081051817,0.025690788893584227,-0.03664258882053606,27.290648182574852,2.649998664855957
3440.8140840013302,-21.9449462890625,-668.203369140625,6.7777557373046875,-0.6825675368309021,0.7308225631713867,0.0,2.322066410294086,0.2227863697957133,-0.036391433792367756,27.47899425193097,2.4499988555908203
3443.655377447122,-23.792678833007812,-666.0449676513672,6.7894134521484375,-0.606469452381134,0.7951067686080933,0.0,2.22240902540322,1.2409249639211195,-0.0390793769518305,25.588944297464277,2.649998664855957
3446.4126898953496,-25.346603393554688,-663.7679290771484,6.845855712890625,-0.5082424283027649,0.8612140417098999,0.0,2.103939080658674,2.729239966000674,-0.0435469573638706,22.96371688254081,3.3999979496002197
3449.0956239647803,-26.567138671875,-661.3804321289062,6.9368896484375,-0.4029994010925293,0.9152002334594727,0.0,1.985588137463692,3.719253810988965,-0.045931671479584324,21.77146983306452,3.99999737739563
3451.7488522298345,-27.479248046875,-658.8912200927734,7.04412841796875,-0.28418031334877014,0.9587708711624146,0.0,1.8589477066064493,3.6169668400433785,-0.04647800726401241,21.515552384155093,4.59999942779541
3454.4216741606697,-28.079254150390625,-656.2880096435547,7.129364013671875,-0.16651758551597595,0.9860385060310364,0.0,1.7380932085455911,2.0119586388084976,-0.042823535970987314,23.351644774908216,5.150001525878906
3457.1267761579347,-28.380615234375,-653.5998382568359,7.1515655517578125,-0.05797253176569939,0.9983181357383728,0.0,1.6288013827364185,1.1743770792888686,-0.03892706051297157,25.689070451820335,5.650003433227539
3459.9093831881287,-28.397506713867188,-650.8176116943359,7.194366455078125,0.046075258404016495,0.9989379644393921,0.0,1.5247047500593318,1.5497050432262682,-0.03244477347496644,30.821605235480366,6.350006103515625
3462.804386580137,-28.13531494140625,-647.9348602294922,7.2395782470703125,0.12473931908607483,0.9921895265579224,0.0,1.4457312300756102,1.5757169807196991,-0.018679844426773506,53.533636424012016,6.350006103515625
3465.8504906077,-27.704681396484375,-644.9197387695312,7.28802490234375,0.15379118919372559,0.9881033897399902,0.0,1.4163923579817486,1.6084500479490949,-0.008723052069314563,114.63877460020454,6.600007057189941
3469.0599184613297,-27.1739501953125,-641.7549285888672,7.3402557373046875,0.17836809158325195,0.9839638471603394,0.0,1.3914686327606365,1.6267101797991845,-0.008691120832743038,115.05995823146164,6.850008010864258
3472.436444852301,-26.51873779296875,-638.4430389404297,7.3951568603515625,0.21037700772285461,0.9776203036308289,0.0,1.3588357387656917,1.662131585532478,-0.009952345422263975,100.4788276101171,7.1500091552734375
3475.979893808817,-25.708847045898438,-634.9939117431641,7.4553985595703125,0.24575266242027283,0.9693325161933899,0.0,1.3225002227591685,1.623361761712916,-0.009709335975669142,102.99365502501139,7.700011253356934
3479.6787307147447,-24.745147705078125,-631.4232788085938,7.512481689453125,0.27837833762168884,0.9604714512825012,0.0,1.2886910207096427,1.7470595274445722,-0.011395349281707268,87.75509861775633,8.500014305114746
3483.4884465424907,-23.591506958007812,-627.7931976318359,7.5870361328125,0.3281705379486084,0.9446184635162354,0.0,1.2364301155966408,1.6980343374982998,-0.013763814705489374,72.654276550321,9.250017166137695
3487.470425407681,-22.1783447265625,-624.0708465576172,7.6438751220703125,0.37960097193717957,0.9251502752304077,0.0,1.1814313656751814,1.1337421025286787,-0.012928539719598175,77.34825600482283,10.050020217895508
3491.5420280904796,-20.54034423828125,-620.3434143066406,7.6778106689453125,0.4244253635406494,0.9054629802703857,0.0,1.1324691913705849,0.7477237701282724,-0.009940832005579159,100.59520163289787,11.049019813537598
3495.734916438319,-18.69140625,-616.5803070068359,7.7054595947265625,0.4537844955921173,0.891111433506012,0.0,1.0997886076365602,0.5490880528121744,-0.005692189176722096,175.6793333730802,12.048019409179688
3500.0848489921227,-16.68865966796875,-612.7188873291016,7.724365234375,0.4673420190811157,0.8840765953063965,0.0,1.0845144486147877,0.3140975391011991,-0.002235352196553575,447.3567975291686,13.047019004821777
3504.5247220379983,-14.594451904296875,-608.803955078125,7.73284912109375,0.471000075340271,0.8821331858634949,0.0,1.0803721979899366,0.09940193527795405,0.0012482053567014484,801.1502231032202,13.90003490447998
3509.0265782388033,-12.502761840820312,-604.8175354003906,7.7331390380859375,0.4572036862373352,0.8893619775772095,0.0,1.0959478421352045,0.029705650723910182,0.003982802167776245,251.07950580390974,14.89903450012207
3513.5627137991214,-10.468704223632812,-600.7630157470703,7.7355499267578125,0.4389157295227051,0.8985282182693481,0.0,1.1164047221752227,0.09096843438873847,0.006230031163999672,160.51284073481284,15.89803409576416
3518.1821896945326,-8.514266967773438,-596.5773620605469,7.7415313720703125,0.40549415349960327,0.9140976071357727,0.0,1.1532769569131514,0.13400969283837716,0.008962100746079837,111.58098177343248,16.494020462036133
3522.903909219464,-6.695037841796875,-592.2201843261719,7.748077392578125,0.3620556592941284,0.932156503200531,0.0,1.200324111560888,0.1345841634278644,0.010942969795999291,91.38287125361492,15.495019912719727
3527.711074852981,-5.0834197998046875,-587.6912231445312,7.7543487548828125,0.3079868257045746,0.9513906836509705,0.0,1.257720073602625,0.11180844599233408,0.011068108216145511,90.34967678950395,14.496020317077637
3532.631793409483,-3.691741943359375,-582.9714050292969,7.7589111328125,0.2599816620349884,0.9656135439872742,0.0,1.3077931123651982,-0.04417211093701301,0.00911254123253652,109.73887244860731,13.497020721435547
3537.690517476065,-2.474853515625,-578.0612335205078,7.7495574951171875,0.22060605883598328,0.9753629565238953,0.0,1.3483605245455144,-0.2171691730575076,0.007341851924912879,136.2054165934253,12.498021125793457
3542.895247090992,-1.4205780029296875,-572.9644165039062,7.7365264892578125,0.18674826622009277,0.982407808303833,0.0,1.382945193194283,-0.2874373650302853,0.005645629064861601,177.12817978495977,11.499021530151367
3548.2477503007376,-0.487274169921875,-567.6939392089844,7.7191009521484375,0.16241049766540527,0.9867233037948608,0.0,1.4076632345274,-0.359297503289846,0.004610371162994953,216.90227633438258,10.500021934509277
3553.744037597824,0.33721923828125,-562.2598876953125,7.69744873046875,0.13740037381649017,0.9905155897140503,0.0,1.4329599109406939,-0.43229987063991837,0.004644679994565193,215.3000855107595,9.600018501281738
3559.3799645380004,1.0369720458984375,-556.6676330566406,7.670867919921875,0.1111852303147316,0.9937997460365295,0.0,1.459380736204543,-0.509775599115414,0.004327822299038109,231.06309152810124,8.850015640258789
3565.151652934863,1.6101226806640625,-550.924560546875,7.639190673828125,0.08844950050115585,0.9960806369781494,0.0,1.4822310881015301,-0.5906648053792596,0.0035279172183273477,283.45336302253685,8.200013160705566
3571.0557128382748,2.0771942138671875,-545.0391235351562,7.6017913818359375,0.0702819749712944,0.9975271821022034,0.0,1.500456363774727,-0.665953526760743,0.002851393193642582,350.7057540256402,7.65001106262207
3577.0879726692806,2.4531402587890625,-539.0187377929688,7.5596160888671875,0.05456402897834778,0.9985103011131287,0.0,1.516205187998882,-0.6849901404595071,0.00259174526825523,385.84038803829003,7.1500091552734375
3583.2435721832303,2.7409820556640625,-532.8700103759766,7.518341064453125,0.03874717652797699,0.9992491006851196,0.0,1.5320394503508057,-0.5836494584563923,0.0026991513875943562,370.48681470632863,6.700007438659668
3589.5186389356145,2.929046630859375,-526.5978393554688,7.487274169921875,0.02100674994289875,0.9997794032096863,0.0,1.5497880330126328,-0.6282840457605743,0.0026673039747005522,374.91039997129167,6.400006294250488
3595.910133061046,3.010162353515625,-520.2070465087891,7.438446044921875,0.005009154323488474,0.9999874830245972,0.0,1.5657871516680484,-0.8692936686877872,0.0022890535784576005,436.8617709131192,6.250005722045898
3602.398306630827,2.9985504150390625,-513.7191925048828,7.3751068115234375,-0.008432137779891491,0.9999644756317139,0.0,1.579228564274696,-1.0592096977573018,0.0018060721453340145,553.6877375488565,6.150005340576172
3608.925435620457,2.9081878662109375,-507.193115234375,7.3005218505859375,-0.018475593999028206,0.9998293519020081,0.0,1.5892729713115223,-1.2126549416523247,0.0013467899221204505,742.5062985514119,6.150005340576172
3615.5004327501833,2.761993408203125,-500.6202850341797,7.216156005859375,-0.026056643575429916,0.9996604919433594,0.0,1.5968559191688303,-1.3540092704820705,0.0011661747240109266,857.5044368656977,6.200005531311035
3622.166340503665,2.562591552734375,-493.9580383300781,7.1211090087890625,-0.03391370549798012,0.9994247555732727,0.0,1.6047165368890808,-1.5038312204013526,0.0013032387060368245,767.319137597609,6.350006103515625
3628.9496591701095,2.3009490966796875,-487.1806182861328,7.0137176513671875,-0.04360269382596016,0.9990489482879639,0.0,1.6144128487454201,-1.6721726128853198,0.0015571479565402169,642.1997317595124,6.500006675720215
3635.850534795889,1.9608917236328125,-480.28919982910156,6.8920745849609375,-0.05523069575428963,0.9984736442565918,0.0,1.6260551393951979,-1.6751727789589554,0.0017208933544992089,581.0935334171282,6.750007629394531
3642.866331680337,1.5299224853515625,-473.28753662109375,6.780792236328125,-0.06752205640077591,0.9977177977561951,0.0,1.6383697957398888,-1.6072512225967228,0.0017006846500060568,587.9984863722023,7.100008964538574
3649.9941606495668,1.0064849853515625,-466.1799011230469,6.664703369140625,-0.07921724021434784,0.9968573451042175,0.0,1.6500966572653144,-1.6573887747210525,0.0016202727793052096,617.180028432503,7.450010299682617
3657.232031029535,0.3916778564453125,-458.96922302246094,6.542633056640625,-0.09071938693523407,0.9958764910697937,0.0,1.6616406140558715,-1.7236471715071866,0.0015192171454161962,658.2337508612343,7.750011444091797
3664.5785618613604,-0.314300537109375,-451.6578369140625,6.413238525390625,-0.10126674175262451,0.9948593378067017,0.0,1.6722369503253371,-1.8001505082665958,0.0013909165145885583,718.9504111221271,8.10001277923584
3672.0338701901233,-1.1060333251953125,-444.24595642089844,6.276092529296875,-0.11119073629379272,0.993799090385437,0.0,1.6822174621242763,-1.8813000105953825,0.0013377967503018229,747.497704546216,8.40001392364502
3679.596531284199,-1.9853057861328125,-436.7359924316406,6.130615234375,-0.12123246490955353,0.9926241040229797,0.0,1.6923277430601558,-1.9601635904963943,0.0011785370942380968,848.5095674026978,8.7000150680542
3687.264844623195,-2.945770263671875,-429.1296081542969,5.9774627685546875,-0.12897741794586182,0.9916475415229797,0.0,1.7001340407120007,-2.0400305903214733,0.0007953316344242456,1257.337136757948,9.000016212463379
3695.0369492447685,-3.9684906005859375,-421.4267883300781,5.8155364990234375,-0.13336658477783203,0.9910668134689331,0.0,1.7045614622678893,-2.1050172089256467,0.00020557504445178898,4864.403666635314,9.250017166137695
3702.9113801899734,-5.0166168212890625,-413.6242218017578,5.6480560302734375,-0.13209207355976105,0.991237461566925,0.0,1.7032755774494666,-2.1333805925100533,-0.0004833733631837145,2068.7941789211345,8.797003746032715
3710.885340566725,-6.0482330322265625,-405.7191162109375,5.4774169921875,-0.12570688128471375,0.9920674562454224,0.0,1.6968366557103238,-2.147724543160323,-0.001068109041077625,936.2340000334524,7.798004150390625
3718.9557750978884,-7.020751953125,-397.7093811035156,5.3034515380859375,-0.1150362491607666,0.993361234664917,0.0,1.686087824683282,-2.1552703943650497,-0.0014124211661420416,708.0041165989111,6.799004077911377
3727.118541204076,-7.910308837890625,-389.5971374511719,5.1275482177734375,-0.1029147133231163,0.9946901798248291,0.0,1.6738935810271118,-2.1598359103594253,-0.001513028128515559,660.9262452913589,5.800004005432129
3735.3704111825054,-8.707138061523438,-381.3857727050781,4.94891357421875,-0.09032896906137466,0.9959119558334351,0.0,1.6612485887099988,-2.1545895557051775,-0.0015014751458250486,666.0116904236254,5.250001907348633
3743.6917739866276,-9.407867431640625,-373.09588623046875,4.770477294921875,-0.07813753932714462,0.9969425797462463,0.0,1.6490135971972133,-2.1358413645544805,-0.001356436262213212,737.2259411351645,5.350002288818359
3752.0300082103577,-10.015838623046875,-364.78173828125,4.5930938720703125,-0.06780636310577393,0.9976985454559326,0.0,1.6386547535407876,-2.107020175500346,-0.0011205268597347384,892.4373309861838,5.5500030517578125
3760.3971799280234,-10.546356201171875,-356.4332275390625,4.4185028076171875,-0.059470366686582565,0.9982300996780396,0.0,1.630301802760311,-2.0686393607014795,-0.0009346018105687581,1069.9743876929185,5.700003623962402
3768.83055985784,-11.016799926757812,-348.01475524902344,4.245574951171875,-0.05214141309261322,0.998639702796936,0.0,1.6229613956619102,-2.0206020758808343,-0.0008569105134424437,1166.982998006089,5.800004005432129
3777.349297913971,-11.431304931640625,-339.50779724121094,4.076019287109375,-0.04496617242693901,0.9989884495735168,0.0,1.6157776690236623,-1.961098192074534,-0.0009629784580387213,1038.4448288040417,6.100005149841309
3785.9538698885644,-11.781021118164062,-330.9119415283203,3.909820556640625,-0.03564748540520668,0.99936443567276,0.0,1.6064513659906399,-1.8910606590372554,-0.0012764911610832486,783.397512248644,7.099005222320557
3794.642139487271,-12.037384033203125,-322.22894287109375,3.7490692138671875,-0.022872788831591606,0.9997383952140808,0.0,1.593671110200966,-1.8128192881032734,-0.001679209888807709,595.5181699829263,7.945997714996338
3803.411911485012,-12.167449951171875,-313.4615173339844,3.5933990478515625,-0.006305179558694363,0.9999801516532898,0.0,1.5771015479457369,-1.7236093036566813,-0.0020193998806030122,495.196622325931,6.94699764251709
3812.2604172825295,-12.140731811523438,-304.6142883300781,3.4454803466796875,0.012723784893751144,0.999919056892395,0.0,1.5580721986529191,-1.6229054558292848,-0.0021947259689042986,455.63774893466217,5.947997570037842
3821.1866543995534,-11.937652587890625,-295.69146728515625,3.3050079345703125,0.03270652890205383,0.9994649887084961,0.0,1.5380839636462684,-1.5903271425381227,-0.0022125050886065423,451.97636161361777,4.948997497558594
3830.189475366128,-11.555206298828125,-286.69793701171875,3.1603240966796875,0.052364181727170944,0.9986280202865601,0.0,1.518408183170766,-1.5974454367804203,-0.0021483657178934523,465.47009741923034,3.9499974250793457
3839.2675817414274,-10.993331909179688,-277.6383819580078,3.0161895751953125,0.07149015367031097,0.997441291809082,0.0,1.4992451358507026,-1.4468402666811846,-0.0020826310259369207,480.1618661904484,3.699997663497925
3848.418125751938,-10.25189208984375,-268.5187072753906,2.89678955078125,0.0902247205376625,0.9959214329719543,0.0,1.4804487432940403,-1.0204482672171666,-0.0019128531762228063,522.7792767527712,3.5999977588653564
3857.6397824598525,-9.343063354492188,-259.3421936035156,2.8291168212890625,0.10647214204072952,0.9943156838417053,0.0,1.4641219843555668,-0.6387214100788741,-0.001693641926112599,590.4435787647811,3.5499978065490723
3866.9322152080576,-8.2828369140625,-250.11058044433594,2.7786712646484375,0.12139276415109634,0.9926045536994934,0.0,1.4491034234980142,-0.6113960902318583,-0.0014834350393304607,674.1110823776577,3.6499977111816406
3876.294592010322,-7.0861968994140625,-240.82521057128906,2.7149658203125,0.13392528891563416,0.990991473197937,0.0,1.4364674303323188,-0.6561121426098632,-0.0012386393578497912,807.3374979267122,3.799997568130493
3885.7261919796824,-5.772216796875,-231.48577880859375,2.6553955078125,0.14444932341575623,0.9895122051239014,0.0,1.425839890922079,-0.6072667893893408,-0.00096407519829389,1037.2634850161955,3.9499974250793457
3895.2257071034487,-4.3603363037109375,-222.09193420410156,2.60003662109375,0.1519666612148285,0.9883856773376465,0.0,1.4182385945162619,-0.5571494611515349,-0.0006349149021623313,1575.0142209519693,3.9724974632263184
3904.7910474474347,-2.8827667236328125,-212.64154052734375,2.5492095947265625,0.15639449656009674,0.9876946806907654,0.0,1.4137571623262843,-0.5024413307322811,-0.000345824105307313,2891.643424079303,3.994997501373291
3914.4204257154074,-1.3661041259765625,-203.13246154785156,2.503631591796875,0.15850858390331268,0.9873575568199158,0.0,1.4116163634821586,-0.44322268545203547,-0.00017917673315392957,5581.081775505453,3.9499974250793457
3924.113182452923,0.176849365234375,-193.56338500976562,2.4636077880859375,0.15980760753154755,0.9871481657028198,0.0,1.4103005719439543,-0.3794846338355487,-6.668390130604163e-05,14996.12320836722,3.8499975204467773
3933.849115411495,1.7341461181640625,-183.95286560058594,2.429931640625,0.15978175401687622,0.9871523380279541,0.0,1.410326759963889,-0.3108691530465918,5.311132591317991e-05,18828.37573354281,3.749997615814209
3943.578543122876,3.2841339111328125,-174.3477325439453,2.4030914306640625,0.15878762304782867,0.9873127341270447,0.0,1.4113337472691072,-0.2388342516552941,0.00016492483752592046,6063.3681075649665,3.699997663497925
3953.3195771020974,4.8189544677734375,-164.7283935546875,2.3834381103515625,0.15660962462425232,0.9876605868339539,0.0,1.4135393493916377,-0.16279627537674896,0.00010154858952812762,9847.502605863503,3.5999977588653564
3963.104838806708,6.350006103515625,-155.06365966796875,2.371337890625,0.15684054791927338,0.9876239895820618,0.0,1.4133055440835964,-0.08403602304443564,-0.00017100217684720698,5847.878772289051,3.5499978065490723
3972.9490588754743,7.906829833984375,-145.34332275390625,2.3669891357421875,0.1599411815404892,0.9871265888214111,0.0,1.410165266459648,-0.0018745905049522005,-0.00044225417297802383,2261.1431640458286,3.499997854232788
3982.8518994759293,9.517379760742188,-135.57232666015625,2.3710174560546875,0.16547387838363647,0.9862141609191895,0.0,1.404557830282016,0.08432447442124485,-0.0005890854057576944,1697.5467228114035,3.3999979496002197
3992.812277803849,11.195022583007812,-125.75425720214844,2.3837890625,0.17148305475711823,0.9851870536804199,0.0,1.3984614980974388,0.17335918745898377,-0.0005088383895656967,1965.2605237853988,4.398997783660889
4002.8290313614216,12.933486938476562,-115.88954162597656,2.40570068359375,0.17547866702079773,0.9844832420349121,0.0,1.3944043696925954,0.2658875224527138,-0.0003760889552295865,2658.945406651312,5.148997783660889
4012.8632374866183,14.712295532226562,-106.01431274414062,2.4371185302734375,0.1789063662290573,0.9838661551475525,0.0,1.3909215648390894,0.3642089570800991,-0.00024043167251788788,4159.185807458878,4.149997711181641
4022.789064408449,16.497146606445312,-96.2503662109375,2.4782867431640625,0.18022380769252777,0.9836256504058838,0.0,1.3895823506359115,0.46756346606645627,5.8772092195957804e-05,17014.878365497043,3.1989991664886475
4032.3730736778975,18.215423583984375,-86.82177734375,2.527984619140625,0.17790617048740387,0.9840474724769592,0.0,1.391938062509967,0.5722285184606185,0.00041802480790381624,2392.2025226552846,2.1999990940093994
4041.57799635128,19.831832885742188,-77.76007080078125,2.5854034423828125,0.1726187765598297,0.9849887490272522,0.0,1.3973085935645502,0.6758209725787806,0.0006876416591100609,1454.245807757183,2.049999237060547
4050.4124719413576,21.326171875,-69.05313110351562,2.6495208740234375,0.16576063632965088,0.9861660003662109,0.0,1.4042670562092419,0.7798050253715244,0.0007895243862934831,1266.585323215436,1.9999992847442627
4058.866544746995,22.698440551757812,-60.71147155761719,2.719818115234375,0.15915966033935547,0.9872528910636902,0.0,1.4109569277692822,0.8813537649994901,0.0006755192680821809,1480.3426745161978,1.949999213218689
4066.943024361154,23.964813232421875,-52.73524475097656,2.7948455810546875,0.15465383231639862,0.9879686832427979,0.0,1.4155192605897633,0.9761288317894634,0.0004579992680477374,2183.4096029510897,1.9999992847442627
4074.6391154423554,25.143600463867188,-45.13037109375,2.8734283447265625,0.1519453376531601,0.9883888959884644,0.0,1.4182601595456534,1.0717302514832912,0.0003263969239671871,3063.7543633852706,1.9999992847442627
4081.974165426067,26.2496337890625,-37.87965393066406,2.9555816650390625,0.1497841626405716,0.9887186884880066,0.0,1.420446353174842,1.1672466062741886,0.00034740257337773084,2878.5048719621886,1.9999992847442627
4088.983186213078,27.290985107421875,-30.948944091796875,3.040557861328125,0.14704929292201996,0.9891291856765747,0.0,1.4232118595053993,1.2581616137021856,0.0005353218720516306,1868.035012594352,2.049999237060547
4095.679077665536,28.263214111328125,-24.3245849609375,3.1277313232421875,0.14261172711849213,0.9897786974906921,0.0,1.4276967106085185,1.347186727005445,0.0012017803010133665,832.0988446530359,2.1499991416931152
4102.068345134536,29.145248413085938,-17.997116088867188,3.2165679931640625,0.13179321587085724,0.991277277469635,0.0,1.4386185744298245,1.4372214501942093,0.0029018795355316707,344.60424278666136,2.2499990463256836
4108.1600883395495,29.882598876953125,-11.950836181640625,3.3068389892578125,0.10736692696809769,0.9942194819450378,0.0,1.4632220427392884,1.6534708129814613,0.005441279295941848,183.78031077099985,2.4499988555908203
4114.06698355161,30.406723022460938,-6.0682220458984375,3.414337158203125,0.0673494040966034,0.9977294206619263,0.0,1.5033959009324573,2.010145353158055,0.007755428508051887,128.94194034046913,2.8499984741210938
4119.8459297693,30.653182983398438,-0.295928955078125,3.541259765625,0.017186276614665985,0.9998523592948914,0.0,1.5536092049538548,2.241183532047258,0.008714675983641618,114.74895932758801,3.499997854232788
4125.561348845726,30.607711791992188,5.417816162109375,3.6718902587890625,-0.0327601358294487,0.9994632005691528,0.0,1.6035623266772414,2.1792442937460024,0.008265643159648728,120.98272096741445,4.44999885559082
4131.233022116868,30.294082641601562,11.07958984375,3.7895050048828125,-0.07689987123012543,0.9970387816429138,0.0,1.6477721958141893,1.841607899507397,0.006914474304004881,144.6241544958519,5.448998928070068
4136.886461610569,29.757186889648438,16.706741333007812,3.8805389404296875,-0.11087680608034134,0.9938341379165649,0.0,1.6819015815931901,1.1995168142818646,0.005014483042785289,199.4223515101471,6.447999000549316
4142.545917554668,29.062042236328125,22.323165893554688,3.9251556396484375,-0.1332939863204956,0.9910765886306763,0.0,1.704488208672192,0.6707432175683536,0.00358113459022924,279.2411105487065,7.4469990730285645
4148.213968702869,28.256698608398438,27.933624267578125,3.9564971923828125,-0.15108278393745422,0.988521158695221,0.0,1.7224598587536657,1.3224272941004034,0.0037038194834495552,269.9915599203688,8.241999626159668
4153.8720890054465,27.34033203125,33.51579284667969,4.0747833251953125,-0.1747298538684845,0.9846163988113403,0.0,1.7464277236469765,1.9400796659583108,0.005172649156505782,193.3245363726772,7.243000030517578
4159.501326488711,26.262664794921875,39.03999328613281,4.175567626953125,-0.20845510065555573,0.9780318737030029,0.0,1.7807914331292372,1.5082272657860107,0.004892533764143003,204.3930707906242,6.24399995803833
4165.081815292126,25.045944213867188,44.48579406738281,4.2441253662109375,-0.2285548895597458,0.9735310673713684,0.0,1.8013893403615138,1.626553528838398,0.00463499335965889,215.7500394075202,5.244999885559082
4170.64191122689,23.701156616210938,49.879638671875,4.3566131591796875,-0.25861990451812744,0.9659792184829712,0.0,1.8323895406532968,2.1572126864212224,0.009170659395708713,109.04341300342443,4.245999813079834
4176.161612619713,22.075393676757812,55.15296936035156,4.4830322265625,-0.3258518874645233,0.9454208016395569,0.0,1.9027089916032254,2.246025591765055,0.011146159060671068,89.71700426638212,3.246999979019165
4181.641353823621,20.15814208984375,60.284942626953125,4.60369873046875,-0.37493035197257996,0.9270529747009277,0.0,1.9551179744102802,2.077193002143879,0.00932370346653838,107.25351826008587,2.247999906539917
4187.111707573405,17.976486206054688,65.30029296875,4.71051025390625,-0.4205147624015808,0.9072856903076172,0.0,2.0048089400890103,2.4429639032300776,0.006632652072864231,150.7692532360079,1.2489999532699585
4192.580144609176,15.605987548828125,70.22561645507812,4.87091064453125,-0.4411540627479553,0.8974313735961914,0.0,2.0276805619977214,2.0253369712108285,0.0002482227659117431,4028.63934066207,0.25
4198.035721075772,13.233917236328125,75.13813781738281,4.9319915771484375,-0.4230649769306183,0.9060993194580078,0.0,2.0076216034863434,1.4827080126228631,-0.005610447757226078,178.23889344875047,0.6000000834465027
4203.490987107634,11.016098022460938,80.1212158203125,5.032684326171875,-0.38542717695236206,0.922738254070282,0.0,1.96646705069345,1.7251258944681158,-0.00869501872188938,115.00837801332594,1.599000096321106
4208.9480908261185,9.055511474609375,85.21321105957031,5.1202392578125,-0.3353133201599121,0.9421066641807556,0.0,1.912734113088366,1.588953094929746,-0.010016203853063899,99.83822360944718,2.5980000495910645
4214.41757370776,7.3618927001953125,90.41316223144531,5.206298828125,-0.2823314964771271,0.9593169689178467,0.0,1.8570199235675522,1.4561440284626193,-0.010105956103139635,98.9515479578749,3.5970001220703125
4219.918253531395,5.9597015380859375,95.73161315917969,5.2799072265625,-0.22902782261371613,0.9734199047088623,0.0,1.8018751621396598,1.293160143160621,-0.009990792100908807,100.0921638544591,4.5960001945495605
4225.469056224491,4.835601806640625,101.16696166992188,5.3491668701171875,-0.17490963637828827,0.9845845103263855,0.0,1.7466103123244459,1.2349244078062427,-0.00959074272778071,104.26721145416433,5.595000267028809
4231.07695897608,4.0023345947265625,106.71218872070312,5.417694091796875,-0.1237822100520134,0.9923093914985657,0.0,1.6948968378947618,1.1984502559897359,-0.008552126985043262,116.92997563634064,6.594000339508057
4236.753689207097,3.4280853271484375,112.35940551757812,5.484375,-0.079315684735775,0.996849536895752,0.0,1.650195410958683,1.1801805704556856,-0.007421879859243696,134.73675389053008,7.593000411987305
4242.508220382211,3.0889739990234375,118.10353088378906,5.5526123046875,-0.03931983560323715,0.9992266893386841,0.0,1.610126300674005,1.24705728776906,-0.006711943185928548,148.98815027166492,8.592000007629395
4248.3462257263,2.9698028564453125,123.9398193359375,5.6290435791015625,-0.0016328635392710567,0.9999986886978149,0.0,1.5724291910241408,1.2381108978600452,-0.006174033167354931,161.96867961245798,9.590999603271484
4254.2734100022035,3.0654144287109375,129.86582946777344,5.698150634765625,0.033251676708459854,0.9994469881057739,0.0,1.5375385187185586,1.0722957594235472,-0.005523787979131001,181.03518885555044,10.589999198913574
4260.296384661293,3.361053466796875,135.88125610351562,5.7570037841796875,0.06426290422677994,0.9979329705238342,0.0,1.5064891067494255,0.8714536448473698,-0.004662749294813584,214.4657447296831,11.588998794555664
4266.422203650574,3.8362884521484375,141.98843383789062,5.803802490234375,0.08968178182840347,0.9959704279899597,0.0,1.4809938882030123,0.6739910151605188,-0.0035784620146700474,279.44966186603637,12.587998390197754
4272.657615157247,4.456573486328125,148.19281005859375,5.840118408203125,0.10820014029741287,0.9941291213035583,0.0,1.4623839439786401,0.4952128184196214,-0.002597998424565262,384.91170377339074,13.586997985839844
4279.00624274203,5.1890106201171875,154.49899291992188,5.8659210205078125,0.12210197001695633,0.9925175309181213,0.0,1.4483888985090825,0.32448926352466323,-0.0019470291171607146,513.6030022284749,13.6000337600708
4285.46835438225,6.0145111083984375,160.90814208984375,5.881500244140625,0.13290193676948547,0.9911291599273682,0.0,1.4375000034917145,0.1705888434337277,-0.0015113295628240708,661.6690525998841,13.250032424926758
4292.043964250851,6.917755126953125,167.42141723632812,5.88800048828125,0.14159448444843292,0.9899247288703918,0.0,1.4287243817317044,0.04792719087062247,-0.001183278753415784,845.1094022547846,12.900031089782715
4298.733005123119,7.8887176513671875,174.03961181640625,5.8877410888671875,0.1484072357416153,0.9889262914657593,0.0,1.4218388427196438,-0.0031786947218337414,-0.0008996706956044265,1111.517808555684,12.450029373168945
4305.535018411117,8.916656494140625,180.7635040283203,5.8875732421875,0.1535697728395462,0.9881377816200256,0.0,1.4166164294030619,-0.031012042263833806,-0.0006680919611549707,1496.7999289667248,12.000027656555176
4312.4492017283565,9.991806030273438,187.5935821533203,5.8834228515625,0.15744082629680634,0.9875284433364868,0.0,1.412697709237875,-0.160834431101331,-0.0007017593049123416,1424.9900115323906,11.45002555847168
4319.474153564643,11.116500854492188,194.52789306640625,5.86492919921875,0.163257896900177,0.986583411693573,0.0,1.4068043659108092,-0.33939315977462026,-0.0008931263351482088,1119.662426966792,10.900023460388184
4326.607327619735,12.305099487304688,201.561279296875,5.835205078125,0.16992685198783875,0.9854567050933838,0.0,1.4000408902063382,-0.4643904173063762,-0.0009840972322090469,1016.1597525838534,10.300021171569824
4333.847053747095,13.561416625976562,208.69107055664062,5.7980804443359375,0.1772032529115677,0.9841742515563965,0.0,1.3926523216208466,-0.6712483593839802,-0.0009750568102461776,1025.5812681801842,9.600018501281738
4341.192083379512,14.887985229492188,215.91505432128906,5.736968994140625,0.18391385674476624,0.9829424023628235,0.0,1.3858295775784084,-0.7036994150528997,-0.0008950985800542655,1117.1953819202515,8.950016021728516
4348.6409164831975,16.28173828125,223.23220825195312,5.694244384765625,0.19021280109882355,0.9817428588867188,0.0,1.379417421551773,-0.4091665560717217,-0.0007685621830211264,1301.1308936241426,8.300013542175293
4356.190731015411,17.737579345703125,230.6403045654297,5.675933837890625,0.19521375000476837,0.9807607531547546,0.0,1.3743209445659226,-0.5447405685370721,-0.0006404622619413658,1561.3722453666596,7.5000104904174805
4363.841654204212,19.248260498046875,238.14031982421875,5.6108245849609375,0.1997544914484024,0.9798459410667419,0.0,1.3696889630788291,-1.0516462998542142,-0.0005779988664242897,1730.1071993209298,6.850008010864258
4371.5941153306285,20.813217163085938,245.73255920410156,5.5135345458984375,0.2039322555065155,0.9789850115776062,0.0,1.3654234103342662,-1.3691859122026473,-0.00045099062360559605,2217.3409992544057,6.200005531311035
4379.446083982868,22.426788330078125,253.4160614013672,5.396942138671875,0.20662567019462585,0.978420078754425,0.0,1.362671386275291,-1.4735659280738889,-9.659557281910258e-05,10352.441326402504,5.500002861022949
4387.350063572603,24.059036254882812,261.1488037109375,5.2813720703125,0.20539605617523193,0.9786789417266846,0.0,1.363927953368596,-1.467363902238994,0.000449338725421522,2225.4925814860626,4.649999618530273
4395.271855627471,25.666015625,268.90501403808594,5.1647186279296875,0.19965267181396484,0.9798666834831238,0.0,1.3697928740341132,-1.5205497091076825,0.0009603492516083167,1041.287842235811,3.8499975204467773
4403.24060007556,27.220672607421875,276.7196350097656,5.039703369140625,0.19041728973388672,0.9817032814025879,0.0,1.3792091381518299,-1.615140909957219,0.0012454240684590112,802.9393564212394,3.199998140335083
4411.290797068742,28.713180541992188,284.62913513183594,4.905914306640625,0.18005526065826416,0.9836564660072327,0.0,1.38975369152959,-1.7088865953335086,0.001412925552990163,707.7513729465137,2.7499985694885254
4419.4311857991515,30.128738403320312,292.64422607421875,4.762939453125,0.1678934544324875,0.9858051538467407,0.0,1.4021039276564267,-1.803914304317089,0.0014731099110597001,678.8359731288737,2.399998903274536
4427.660457646698,31.463821411132812,300.76304626464844,4.61053466796875,0.15629279613494873,0.9877107739448547,0.0,1.4138601281901375,-1.8981618859143234,0.0015625913289073479,639.9625938659576,2.099999189376831
4435.970133388029,32.70536804199219,308.9778594970703,4.4489288330078125,0.14234201610088348,0.9898175001144409,0.0,1.4279691985533496,-1.9789276047886217,0.0015573726998151516,642.1070564025506,1.7999993562698364
4444.276974514104,33.83551025390625,317.2057647705078,4.281707763671875,0.13068243861198425,0.9914242625236511,0.0,1.4397390345202892,-2.009188500816106,0.001101974908928105,907.4616780274096,2.1999990940093994
4452.513731343011,34.880828857421875,325.37425231933594,4.1165313720703125,0.12423075735569,0.9922533631324768,0.0,1.446243782658552,-1.9930114227138973,0.0004452572583969472,2245.8926410324775,1.9999992847442627
4460.50113629501,35.86601257324219,333.29908752441406,3.9582977294921875,0.12334922701120377,0.9923633337020874,0.0,1.4471321459357556,-1.9621474575522713,3.949113933160442e-05,25322.13597594812,1.8499993085861206
4468.163400773704,36.813690185546875,340.90106201171875,3.8093414306640625,0.12357214838266373,0.9923355579376221,0.0,1.446907500814207,-1.918073659258801,0.000244839369956118,4084.3104610963005,1.699999451637268
4475.484610128372,37.70750427246094,348.1661834716797,3.6707305908203125,0.11988940089941025,0.99278724193573,0.0,1.4506178463319488,-1.8608654866587249,0.0006264821600999726,1596.2146469428951,1.5499995946884155
4482.466298651117,38.52685546875,355.09844970703125,3.54296875,0.1147543415427208,0.9933938980102539,0.0,1.4557886224960779,-1.7930524914335833,0.0007960792571534703,1256.156332443187,1.4499996900558472
4489.120558853589,39.27131652832031,361.70989990234375,3.425994873046875,0.1091408059000969,0.9940263032913208,0.0,1.461437675839042,-1.716603389197724,0.0007477734584442342,1337.3034155030468,1.399999737739563
4495.464234181613,39.94917297363281,368.016357421875,3.3195953369140625,0.10503273457288742,0.9944687485694885,0.0,1.4655695074377297,-1.633504810350589,0.00045907073641177076,2178.313537944693,1.3499997854232788
4501.513941230664,40.578216552734375,374.0325012207031,3.223297119140625,0.10337379574775696,0.9946426153182983,0.0,1.4672375326944318,-1.5452299379951462,0.000133290582232104,7502.405520734103,1.3499997854232788
4507.314039759894,41.17570495605469,379.80108642578125,3.136260986328125,0.10339260846376419,0.994640588760376,0.0,1.4672186112724532,-1.4529238840119696,-0.00024609138185660573,4063.5311665757035,1.399999737739563
4512.900219098004,41.76091003417969,385.35597229003906,3.0576629638671875,0.10605903714895248,0.9943598508834839,0.0,1.4645374435940943,-1.3578824734766182,-0.00041632835077043406,2401.9502831105683,1.399999737739563
4518.290058822023,42.33821105957031,390.71434020996094,2.987030029296875,0.10796105861663818,0.9941551089286804,0.0,1.4626244339127663,-1.2580066884063212,-0.00010674977910440919,9367.700883220807,1.399999737739563
4523.469494930749,42.8973388671875,395.8631286621094,2.9244842529296875,0.10728268325328827,0.9942286014556885,0.0,1.4633067786105767,-1.1532829067247286,0.0009138507588838385,1094.270580046771,1.399999737739563
4528.418111905496,43.41259765625,400.7845458984375,2.8699798583984375,0.09910641610622406,0.9950768947601318,0.0,1.471526956219124,-1.044591999312211,0.0033274476319208324,300.53065010154074,1.399999737739563
4533.230122441346,43.84034729003906,405.5772705078125,2.8223724365234375,0.07538896054029465,0.9971542358398438,0.0,1.4953357733310515,-0.9233780641219713,0.007270969598122179,137.53323906872927,1.4499996900558472
4537.999885995939,44.10089111328125,410.33973693847656,2.7814483642578125,0.029791606590151787,0.9995561242103577,0.0,1.5410003113513484,-0.7913603205001007,0.01144106663066169,87.40443808971729,1.699999451637268
4542.724605404267,44.09782409667969,415.0643310546875,2.7471771240234375,-0.03299304097890854,0.9994555711746216,0.0,1.6037953567576593,-0.6468076086450725,0.014075304797739219,71.04641884278203,2.2499990463256836
4547.404088771072,43.783721923828125,419.7331848144531,2.720550537109375,-0.10232097655534744,0.9947514533996582,0.0,1.673296690915439,-0.48480396980313256,0.015171200397906037,65.91436232943191,3.0999982357025146
4552.076141234127,43.13847351074219,424.3604278564453,2.7018280029296875,-0.17397846281528473,0.984749436378479,0.0,1.7456646459596445,-0.32803111777763294,0.015653619550469344,63.882988645269386,4.098998069763184
4556.750020352079,42.15716552734375,428.93011474609375,2.6898956298828125,-0.24623973667621613,0.9692088961601257,0.0,1.8195949477708402,-0.22047716002147055,0.015781244491494983,63.36635875193062,5.097998142242432
4561.417068631042,40.8428955078125,433.4082794189453,2.6812286376953125,-0.316730260848999,0.9485156536102295,0.0,1.8930766034969078,-0.25435782357356995,0.015350983220523584,65.14240720835681,6.09699821472168
4566.076494201914,39.212738037109375,437.77320861816406,2.6661834716796875,-0.38201451301574707,0.9241563081741333,0.0,1.9627714900631545,-0.2784662955427619,0.015014610836692643,66.60179280545881,7.095998287200928
4570.730690164056,37.28656005859375,442.0101013183594,2.6552886962890625,-0.445846825838089,0.8951092958450317,0.0,2.03291641272528,-0.16466154038520808,0.015302166003934248,65.35022556564188,8.094998359680176
4575.356239902427,35.07664489746094,446.07359313964844,2.6508636474609375,-0.5089479684829712,0.8607972860336304,0.0,2.1047585147800065,-0.02944270192007936,0.015851612820674044,63.085063413596416,8.893998146057129
4579.929640169964,32.60691833496094,449.9228057861328,2.6525115966796875,-0.5711491107940674,0.8208463191986084,0.0,2.178701415792883,0.11892752915588778,0.017077784475483748,58.555604881626415,7.894998550415039
4584.444379270001,29.880935668945312,453.52166748046875,2.6615753173828125,-0.6358129978179932,0.7718430757522583,0.0,2.259857750904613,0.21383605885025303,0.017892910220367986,55.8880577661242,6.895998477935791
4588.899389279332,26.91650390625,456.8471984863281,2.6716766357421875,-0.6949927806854248,0.7190167307853699,0.0,2.339206175238431,0.09843613766302162,0.01783298321447907,56.07586728327505,5.896998405456543
4593.303721999812,23.732040405273438,459.88978576660156,2.6704254150390625,-0.7493286728858948,0.6621982455253601,0.0,2.41784405112297,-0.0825318650484741,0.017376406178744475,57.549299303514246,4.897998332977295
4597.704504083326,20.32745361328125,462.6782684326172,2.6644134521484375,-0.7964577674865723,0.6046941876411438,0.0,2.4922108213859016,-0.1271198677893326,0.015674189492692836,63.79915213263122,3.898998498916626
4602.144092910085,16.703857421875,465.2433166503906,2.6591949462890625,-0.8335583209991455,0.5524314641952515,0.0,2.5563142552538953,-0.10014345301144756,0.010751901871978997,93.00680120659804,2.899998426437378
4606.660149291425,12.891586303710938,467.6643371582031,2.6554718017578125,-0.8506056070327759,0.5258042812347412,0.0,2.587932289587216,-0.07580902616213248,0.0034475770917621884,290.05877849387315,1.9999992847442627
4611.280510292454,8.95819091796875,470.0884094238281,2.65228271484375,-0.8501481413841248,0.5265436172485352,0.0,2.5870628687588266,-0.050859284941767724,-0.0018318432829461107,545.8982268350617,1.3499997854232788
4616.008605646787,4.95697021484375,472.60736083984375,2.6507568359375,-0.8412833213806152,0.5405944585800171,0.0,2.5704490937744695,-0.020217028053787223,-0.004641718980133935,215.43742830617146,1.149999976158142
4620.842652701915,0.9245147705078125,475.2733154296875,2.6503753662109375,-0.8258117437362671,0.5639458894729614,0.0,2.54243641176688,-0.006600302345599607,-0.006815617159290743,146.72185608853408,0.9500001072883606
4625.745343053281,-3.0720062255859375,478.1130676269531,2.650115966796875,-0.8034989833831787,0.5953060984611511,0.0,2.5039460895983257,-0.04111898598369579,-0.008358050162959707,119.64513020413429,0.9500001072883606
4630.698836967522,-6.9884490966796875,481.14598083496094,2.6462860107421875,-0.7765741348266602,0.6300258636474609,0.0,2.4600061278374135,-0.04886471053070496,-0.009414399535978946,106.22026356309894,1.149999976158142
4635.700238785902,-10.792922973632812,484.39251708984375,2.6452789306640625,-0.7442278265953064,0.6679258346557617,0.0,2.4101743575299346,0.03294150896628878,-0.00998753791137158,100.12477638371946,1.3499997854232788
4640.767719455028,-14.478073120117188,487.8708801269531,2.6496734619140625,-0.7093976736068726,0.7048084139823914,0.0,2.3594395925542906,0.10859579554063359,-0.01006694033239025,99.33504788763999,1.7499994039535522
4645.9221384422135,-18.037811279296875,491.59864807128906,2.6564178466796875,-0.6716732978820801,0.7408474683761597,0.0,2.307261439354202,0.09510308443666793,-0.009472412097874583,105.56973130681041,2.1999990940093994
4651.175274855564,-21.472885131835938,495.5730285644531,2.6595001220703125,-0.636682391166687,0.7711261510848999,0.0,2.2609846164521286,0.05715471846366171,-0.007886792324337921,126.7942604389482,2.7999985218048096
4656.554465644574,-24.815444946289062,499.7876434326172,2.6624908447265625,-0.6074492335319519,0.794358491897583,0.0,2.2236418633348,0.05960396939559409,-0.005234470148651693,191.04130343690704,3.499997854232788
4662.040846193444,-28.096099853515625,504.1851043701172,2.665985107421875,-0.5921162962913513,0.805852472782135,0.0,2.2044788307810275,0.07123393426129165,-5.610713795956013e-06,178230.44203765332,4.349998474121094
4667.5051062136745,-31.35723876953125,508.56951904296875,2.6702880859375,-0.6072781085968018,0.794489324092865,0.0,2.2234264548679876,0.0979122948226413,0.00640398986506413,156.15265187337798,5.250001907348633
4672.9216063490285,-34.74690246582031,512.7942810058594,2.6766204833984375,-0.646573007106781,0.7628520727157593,0.0,2.2738798467815537,0.22094871242883118,0.010482040328102571,95.40127386449554,5.850004196166992
4678.282382382215,-38.33650207519531,516.7757873535156,2.6939849853515625,-0.6928749084472656,0.7210577726364136,0.0,2.336264876035627,0.5696883587785972,0.011934642525583794,83.78969021119333,6.84900426864624
4683.589977354342,-42.13499450683594,520.4825592041016,2.7371368408203125,-0.7381845712661743,0.6745988130569458,0.0,2.4011715733378582,1.0401030518958965,0.01231040635405628,81.23208700340747,7.848004341125488
4688.862042230344,-46.14031982421875,523.9100341796875,2.803863525390625,-0.7806484699249268,0.6249704360961914,0.0,2.4664990240444804,1.5255773274018836,0.012322445518768599,81.15272236155373,8.750015258789062
4694.10196986711,-50.33332824707031,527.0511779785156,2.8973388671875,-0.8191417455673218,0.5735911726951599,0.0,2.5307094369815903,2.0843828977407663,0.012686951493009024,78.82114159189753,9.300017356872559
4699.310792483387,-54.69642639160156,529.8936767578125,3.0214691162109375,-0.8563908338546753,0.5163280367851257,0.0,2.599034961700036,2.8088586181128083,0.013798897227802642,72.4695592329766,9.700018882751465
4704.484595399521,-59.21971130371094,532.3997039794922,3.1886749267578125,-0.8926247358322144,0.4508005976676941,0.0,2.6739306392738555,3.7849913327018534,0.015039347606499609,66.49224595140194,9.850019454956055
4709.638247889329,-63.904541015625,534.5357208251953,3.412139892578125,-0.9259465336799622,0.3776547610759735,0.0,2.7543304919819556,4.867699775039935,0.015742212242607523,63.52347335868222,9.800019264221191
4714.769434458461,-68.72349548339844,536.2764282226562,3.6890716552734375,-0.9536177515983582,0.30102014541625977,0.0,2.8358304076912733,5.6425959753661825,0.015814708145724388,63.2322766114629,9.600018501281738
4719.8574314338985,-73.62449645996094,537.6099243164062,3.988555908203125,-0.974650502204895,0.22373297810554504,0.0,2.915949792843145,5.835348215403324,0.015730346133088824,63.571391979512605,9.300017356872559
4724.8867332846685,-78.55851745605469,538.539794921875,4.279510498046875,-0.9892717599868774,0.14608705043792725,0.0,2.9949809339900937,5.929952103949426,0.01684015161096991,59.38188818612452,8.850015640258789
4729.845285010822,-83.48147583007812,539.0507202148438,4.58062744140625,-0.9983413815498352,0.05757225304841995,0.0,3.0839885507817675,6.4020860016889225,0.017925718876734498,55.785768307338785,8.200013160705566
4734.757158779033,-88.38177490234375,539.1166687011719,4.9111175537109375,-0.9995402097702026,-0.030320391058921814,0.0,-3.1112676142354285,7.0943347626394875,0.017777577106659448,56.25063494312742,7.450010299682617
4739.652462525635,-93.25018310546875,538.7571258544922,5.2762603759765625,-0.993192732334137,-0.11648281663656235,0.0,-3.024844807206677,7.626538295798557,0.0169575769960153,58.97068904566852,6.700007438659668
4744.54571346027,-98.06849670410156,537.9940338134766,5.6576385498046875,-0.9807913899421692,-0.19505944848060608,0.0,-2.945274584962509,7.715472260460377,0.01572554330507203,63.5908076815041,6.050004959106445
4749.461255701144,-102.83636474609375,536.8586578369141,6.03302001953125,-0.9635109901428223,-0.26766857504844666,0.0,-2.870620141547899,7.657284030041578,0.014720937010909263,67.93045845240209,5.450002670288086
4754.416811746007,-107.54689025878906,535.3674468994141,6.41351318359375,-0.9422224164009094,-0.33498790860176086,0.0,-2.8000002529671204,7.875674832441682,0.014326441303399162,69.8010049266551,4.75
4759.425259305434,-112.18826293945312,533.5293426513672,6.817962646484375,-0.9156278967857361,-0.4020267426967621,0.0,-2.72786336841238,8.281160345489791,0.013869407435950998,72.10113370870425,3.8499975204467773
4764.482475668719,-116.72917175292969,531.3450164794922,7.2472686767578125,-0.8864656686782837,-0.46279439330101013,0.0,-2.660447761837491,8.426972164062253,0.012773623895874386,78.2863193837247,2.9999983310699463
4769.592626688237,-121.16716003417969,528.8479766845703,7.6746978759765625,-0.8558810949325562,-0.5171725749969482,0.0,-2.5980485141723153,8.43639657704448,0.012116435791258873,82.53252171083408,2.349998950958252
4774.757937036503,-125.487548828125,526.0512847900391,8.114227294921875,-0.8221399784088135,-0.5692853927612305,0.0,-2.535956264945295,8.655847896747604,0.011804575091167696,84.71291785404544,1.6499994993209839
4779.971583052655,-129.664306640625,522.96484375,8.573226928710938,-0.786273181438446,-0.6178789734840393,0.0,-2.475550365383952,8.684668535485907,0.011001200691723168,90.89916892002135,0.8500001430511475
4785.234769014488,-133.6953887939453,519.6109924316406,9.02398681640625,-0.7512542605400085,-0.6600128412246704,0.0,-2.420756762270821,8.405838144686218,0.009383392946854974,106.57125899594448,0.30000001192092896
4790.551690216081,-137.59274291992188,516.02099609375,9.46240234375,-0.72123783826828,-0.692687451839447,0.0,-2.376384034370461,8.111515030147931,0.0069394352894970035,144.10394481428816,0.0
4795.947791594673,-141.41458129882812,512.2359924316406,9.89276123046875,-0.7003176808357239,-0.7138313055038452,0.0,-2.346638769063718,7.911445559071195,0.004690655095614921,213.18983801108172,0.9990000128746033
4801.445868336579,-145.20545959472656,508.27720642089844,10.32415771484375,-0.685038149356842,-0.7285072207450867,0.0,-2.3254523735538117,7.775092907999737,0.0027318352331463513,366.0542875597459,0.9990000128746033
4807.045772501469,-149.01063537597656,504.1914367675781,10.7554931640625,-0.6785266995429993,-0.7345757484436035,0.0,-2.3165514450496807,7.654551484633054,0.0012697553077731516,787.5533135228723,0.0
4812.744466658776,-152.85507202148438,500.0072326660156,11.188919067382812,-0.6745635271072388,-0.738216757774353,0.0,-2.3111696465218303,7.5525213357624965,0.0007684616559544,1301.3011023406734,0.15000000596046448
4818.532568883959,-156.74005126953125,495.73866271972656,11.622940063476562,-0.6720396280288696,-0.7405152320861816,0.0,-2.307755988365662,7.440090466887006,0.00021047329783194235,4751.196518992518,0.3500000238418579
4824.4009296793365,-160.67503356933594,491.4066925048828,12.056076049804688,-0.6727957725524902,-0.7398282885551453,0.0,-2.3087775782951994,7.313331407874646,-0.0003970068015835826,2518.8485336049544,0.5500000715255737
4830.350391917762,-164.6739044189453,487.022705078125,12.487106323242188,-0.6755333542823792,-0.7373294234275818,0.0,-2.312484153009226,7.170972393876096,-0.0011495128289351064,869.9337448250898,0.7000001072883606
4836.378555456942,-168.75559997558594,482.6073303222656,12.914871215820312,-0.6829788684844971,-0.7304381132125854,0.0,-2.3226294338292917,7.0054463540819345,-0.001690005407961409,591.7140828598075,0.8500001430511475
4842.506315910793,-172.9561767578125,478.16603088378906,13.3385009765625,-0.6905381083488464,-0.7232959270477295,0.0,-2.333029141203148,6.786737785664543,-0.0009626362040851544,1038.8140356203978,0.9500001668930054
4848.704254396313,-177.23211669921875,473.6983184814453,13.751205444335938,-0.691522479057312,-0.7223549485206604,0.0,-2.334390914556605,6.503697380415185,0.00015359621238630883,6510.577210620966,0.9500001668930054
4854.90699971859,-181.50650024414062,469.2207489013672,14.144989013671875,-0.6891566514968872,-0.7246124148368835,0.0,-2.3311208528658636,6.169264386346929,0.0005401731935929799,1851.258099922484,1.0000001192092896
4861.124056530509,-185.7751007080078,464.716064453125,14.517364501953125,-0.6866605281829834,-0.7269782423973083,0.0,-2.3276816984956805,5.798093019012973,0.0005493173885820768,1820.441188984106,1.100000023841858
4867.399286441018,-190.0695343017578,460.1539764404297,14.86907958984375,-0.6841683387756348,-0.7293241620063782,0.0,-2.3242590741029563,5.389748111954362,0.0008776337054749728,1139.4275239905503,1.7499994039535522
4873.761004764908,-194.40164184570312,455.50682067871094,15.198089599609375,-0.6785133481025696,-0.7345881462097168,0.0,-2.316533225191107,4.934010990672122,0.0018343985797623086,545.1377966775217,1.8999992609024048
4880.213171062703,-198.7407684326172,450.7412414550781,15.500885009765625,-0.6667534112930298,-0.7452784180641174,0.0,-2.300640354937888,4.439053791414782,0.0029983976476692376,333.51146762582874,2.1499991416931152
4886.753520199727,-203.04368591308594,445.8232879638672,15.774383544921875,-0.6493163108825684,-0.7605184316635132,0.0,-2.277481459041473,3.9036810086019003,0.004416704033771424,226.41317877623328,2.4999988079071045
4893.323706696532,-207.2257080078125,440.76153564453125,16.01251220703125,-0.6224634051322937,-0.7826489210128784,0.0,-2.242682618332967,3.3289197546467753,0.0058234564981493875,171.7193217323399,3.0499982833862305
4899.849022256249,-211.18031311035156,435.5748596191406,16.210586547851562,-0.5895254015922546,-0.8077498078346252,0.0,-2.2012675031444973,2.7335115531069487,0.0068423309236616825,146.14902599081668,3.8999974727630615
4906.328279023871,-214.8766632080078,430.25575256347656,16.368270874023438,-0.5504892468452454,-0.8348422050476074,0.0,-2.153746513550859,2.1861621891979155,0.007671402356483004,130.35426295361927,4.8989973068237305
4912.765201689184,-218.2831573486328,424.79551696777344,16.4931640625,-0.5067532062530518,-0.8620911836624146,0.0,-2.1022107401127084,1.4702041105530528,0.007621950444507336,131.200013340501,5.8979973793029785
4919.158867516886,-221.38613891601562,419.20567321777344,16.55731201171875,-0.4663171172142029,-0.8846176266670227,0.0,-2.0559192662673538,0.46617647644819904,0.007492944217286052,133.45888758827576,6.896997451782227
4925.521539193606,-224.22592163085938,413.5118865966797,16.552963256835938,-0.42217883467674255,-0.9065125584602356,0.0,-2.006643843458372,-0.022657362211941923,0.008429832746710997,118.62631561583026,6.444999694824219
4931.860956011991,-226.73138427734375,407.68858337402344,16.554412841796875,-0.36913514137268066,-0.9293757081031799,0.0,-1.9488746032037556,0.06886965973564863,0.008776144827826321,113.9452481264123,5.445999622344971
4938.188493366668,-228.90814208984375,401.74725341796875,16.561676025390625,-0.31899842619895935,-0.9477552771568298,0.0,-1.8954688302731937,0.14296459431220043,0.008193518213838374,122.0476935428127,4.446999549865723
4944.5260156499935,-230.7734375,395.6904602050781,16.572525024414062,-0.27088454365730286,-0.9626118540763855,0.0,-1.8451081367583588,0.02182027391917085,0.007226081095501047,138.387597202943,3.4479997158050537
4950.908850058639,-232.37481689453125,389.51177978515625,16.564315795898438,-0.23072205483913422,-0.9730197191238403,0.0,-1.803616015941034,-0.10987438380423153,0.005672330026805117,176.2943967072452,2.4489996433258057
4957.371593235413,-233.7588348388672,383.198974609375,16.558441162109375,-0.20021823048591614,-0.9797513484954834,0.0,-1.7723769786403745,-0.07223491946677374,0.003675008371286148,272.10822370182206,1.4499996900558472
4963.927249703373,-235.0113525390625,376.7640838623047,16.554946899414062,-0.18413704633712769,-0.9829005599021912,0.0,-1.7559901539317082,-0.05233376490632047,0.0018309358090566608,546.1687925122959,2.4489996433258057
4970.5833115973055,-236.2094268798828,370.21673583984375,16.551528930664062,-0.17659515142440796,-0.9842835664749146,0.0,-1.7483224831250286,-0.14257641202632954,0.0012015143070538414,832.2830565805228,3.4479997158050537
4977.342814800418,-237.37847900390625,363.5591125488281,16.535629272460938,-0.16826026141643524,-0.9857425689697266,0.0,-1.7398608337593255,-0.34798474794066614,0.0016366545631189278,611.0024818519599,4.446999549865723
4984.20555514292,-238.48928833007812,356.7869415283203,16.503890991210938,-0.15452946722507477,-0.9879881739616394,0.0,-1.7259475098644703,-0.41421748143126713,0.0023689322960138565,422.1311017130693,5.445999622344971
4991.169666924095,-239.5023651123047,349.89695739746094,16.47845458984375,-0.13581879436969757,-0.9907336831092834,0.0,-1.707036196735996,-0.3368608198271561,0.0028692836700099644,348.51904342958437,6.444999694824219
4998.232715652643,-240.387451171875,342.8896179199219,16.456695556640625,-0.11462017148733139,-0.9934093952178955,0.0,-1.6856689690075133,-0.3447159242421671,0.0029145795621880605,343.1026598049945,7.443999767303467
5005.393221945661,-241.13502502441406,335.76829528808594,16.429351806640625,-0.09466394037008286,-0.9955092668533325,0.0,-1.6656022268975617,-0.4712119287105132,0.002648653970476117,377.550261810999,8.442999839782715
5012.650933632029,-241.75558471679688,328.5372772216797,16.388580322265625,-0.07663864642381668,-0.9970589280128479,0.0,-1.6475101952835773,-0.6568516382607248,0.0022929656224457695,436.1164381232021,8.298005104064941
5020.004850892965,-242.26034545898438,321.20091247558594,16.33319091796875,-0.06130218133330345,-0.9981192350387573,0.0,-1.6321369694490797,-0.8806000680527948,0.0018974835673267326,527.013786690574,7.29900598526001
5027.453994136078,-242.6689910888672,313.76336669921875,16.257980346679688,-0.048643097281455994,-0.9988162517547607,0.0,-1.6194586259926995,-1.1143980276290932,0.0016143331992118926,619.4508051300647,6.300005912780762
5034.996755897034,-242.9927520751953,306.2281188964844,16.165924072265625,-0.0371466800570488,-0.9993098378181458,0.0,-1.607951554612048,-1.3044841064271395,0.0015487555414765708,645.6796913518116,5.350002288818359
5042.631972198618,-243.23077392578125,298.59735107421875,16.059829711914062,-0.025148358196020126,-0.9996837377548218,0.0,-1.5959473363555383,-1.4697670496658377,0.0016832716435520173,594.0811774680725,4.44999885559082
5050.358968515035,-243.37359619140625,290.8726043701172,15.939987182617188,-0.011275704018771648,-0.9999364018440247,0.0,-1.5820722700485588,-1.625526341990513,0.002057956743596906,485.91886253750675,3.6499977111816406
5058.175157593864,-243.39349365234375,283.0575714111328,15.807037353515625,0.006883198861032724,-0.9999762773513794,0.0,-1.5639130733519724,-1.7706736266839385,0.002451944241827847,407.8396167991698,2.9999983310699463
5066.078177818023,-243.25942993164062,275.1570281982422,15.661529541015625,0.027285762131214142,-0.9996276497840881,0.0,-1.5435071770938786,-1.902651899726704,0.0026867801989974988,372.19270871994803,2.4499988555908203
5074.065615334334,-242.95291137695312,267.17701721191406,15.504592895507812,0.049574870616197586,-0.9987704157829285,0.0,-1.5212011275396637,-2.020051643950571,0.002695760748481865,370.9528008237216,2.099999189376831
5082.13645513464,-242.4660186767578,259.12261962890625,15.337051391601562,0.07050363719463348,-0.9975115060806274,0.0,-1.5002341479384116,-2.1260218856833935,0.0022996399852656946,434.8506750653244,1.2999998331069946
5090.289962169412,-241.8218536376953,250.9965362548828,15.159576416015625,0.08674663305282593,-0.99623042345047,0.0,-1.4839405307786502,-2.2202484574860515,0.0016723181017772176,597.9723588097701,1.2499998807907104
5098.522336258544,-241.05972290039062,242.8016357421875,14.973175048828125,0.0977565348148346,-0.9952103495597839,0.0,-1.472883418485941,-2.2828474512596286,0.0010856403416494992,921.115365407867,1.3499997854232788
5106.776614911726,-240.22256469726562,234.5921173095703,14.783203125,0.10455165803432465,-0.9945194721221924,0.0,-1.4660532506740789,-2.307184484319902,0.0007394260625498,1352.4002610235968,1.4999996423721313
5115.04567478989,-239.33619689941406,226.3729248046875,14.591949462890625,0.10990561544895172,-0.9939420223236084,0.0,-1.4606682364599626,-2.320470681567499,0.0007146572797374906,1399.2721103566203,1.699999451637268
5123.362920632279,-238.3971405029297,218.1111297607422,14.3983154296875,0.11633868515491486,-0.9932096004486084,0.0,-1.4541935955942034,-2.3390635218729527,0.000980621409781779,1019.7615410238019,1.949999213218689
5131.756755435507,-237.38243103027344,209.78118896484375,14.2010498046875,0.12620896100997925,-0.9920036792755127,0.0,-1.4442498837130018,-2.142265646674446,0.0013805480727816788,724.3500025211661,2.2999989986419678
5140.2274429471545,-236.259521484375,201.38685607910156,14.037353515625,0.13945920765399933,-0.9902278184890747,0.0,-1.4308810625560695,-2.1202118987024288,0.0016276383497335761,614.3870965953139,2.699998617172241
5148.773238814233,-235.00852966308594,192.9354248046875,13.839981079101562,0.15363961458206177,-0.9881269335746765,0.0,-1.4165457502037533,-2.5373055306706305,0.0017705905546298584,564.7833133330195,3.249998092651367
5157.3945813999735,-233.61720275878906,184.43043518066406,13.601425170898438,0.16950301826000214,-0.9855296611785889,0.0,-1.4004709571980638,-2.8123158197410403,0.001939301853368991,515.6494839948622,3.9499974250793457
5166.090746763074,-232.0687713623047,175.87684631347656,13.352890014648438,0.18674291670322418,-0.9824088215827942,0.0,-1.3829506378294427,-2.77633326718979,0.0019358628882954199,516.5655099057802,4.800000190734863
5174.859745724322,-230.35986328125,167.2792205810547,13.116653442382812,0.20270942151546478,-0.9792389273643494,0.0,-1.3666723284243263,-2.7613519495312544,0.0018323066326184217,545.7601812918014,5.705250263214111
5183.70135735028,-228.4982452392578,158.63943481445312,12.866500854492188,0.21833717823028564,-0.9758733510971069,0.0,-1.3506861050459165,-2.88063662441691,0.0016088098329748446,621.5775037568633,6.610500335693359
5192.615410051683,-226.49449157714844,149.9574432373047,12.6051025390625,0.23056714236736298,-0.9730563759803772,0.0,-1.338135828087781,-2.9174344623955517,0.0011755464636802188,850.6682048698908,7.607006549835205
5201.603026578409,-224.3839111328125,141.2250518798828,12.344253540039062,0.23879051208496094,-0.9710711240768433,0.0,-1.329676190799329,-2.8271253517059836,0.0007925101236360976,1261.8135342068854,8.60351276397705
5210.663489392289,-222.19346618652344,132.4368896484375,12.094970703125,0.24443989992141724,-0.969664454460144,0.0,-1.3238543013181785,-2.50928862613482,0.0005150130400485842,1941.6984080746076,9.600018501281738
5219.794363515481,-219.94639587402344,123.58924865722656,11.88812255859375,0.2478601634502411,-0.9687957763671875,0.0,-1.32032544632607,-2.3807851991174744,0.0004376744316002268,2284.8033327964727,9.700018882751465
5228.9939927003625,-217.64767456054688,114.68440246582031,11.658401489257812,0.25221821665763855,-0.9676704406738281,0.0,-1.3158244417608989,-2.4878568291645586,0.0004913153618554267,2035.3526016844914,9.850019454956055
5238.260406493804,-215.29107666015625,105.72560119628906,11.428726196289062,0.25663965940475464,-0.9665071368217468,0.0,-1.3112525201210052,-2.1699864516327994,0.00044315218401841383,2256.561145501312,10.100020408630371
5247.5416162064585,-212.89151000976562,96.76161193847656,11.256011962890625,0.2601618468761444,-0.965565025806427,0.0,-1.307606509602524,-1.857626629282827,0.00018837297348457682,5308.61716254575,10.350021362304688
5256.751809416405,-210.4932861328125,87.87077331542969,11.085220336914062,0.26003265380859375,-0.9655998349189758,0.0,-1.307740309911671,-1.9561663383008354,-0.0002551520488609377,3919.2317069929445,10.650022506713867
5265.683375619788,-208.18817138671875,79.24374389648438,10.901687622070312,0.2558172345161438,-0.9667251706123352,0.0,-1.3121033558771273,-2.0418112507901376,-0.0006343740713700835,1576.3569873533124,10.900023460388184
5274.250888347443,-206.0224609375,70.956298828125,10.727828979492188,0.24939852952957153,-0.9684009552001953,0.0,-1.3187372226222915,-2.0439385597836535,-0.0007462744817232081,1339.9895406994476,11.100024223327637
5282.460142381808,-203.99984741210938,63.00190734863281,10.558883666992188,0.24367496371269226,-0.9698569774627686,0.0,-1.3246430931299196,-1.7724776585111846,-0.0007370878703709532,1356.6903488680819,11.200024604797363
5290.307524367679,-202.1099853515625,55.38639831542969,10.441207885742188,0.23793229460716248,-0.9712817072868347,0.0,-1.3305598664117153,-1.2894312825083465,-0.0006545789746216918,1527.6995424088304,11.30002498626709
5297.7976730252385,-200.34352111816406,48.10798645019531,10.359649658203125,0.2338583618402481,-0.972270667552948,0.0,-1.3347521208259627,-1.3021330216970717,-0.0005970695846607837,1674.8466605749734,11.350025177001953
5304.935634444772,-198.68894958496094,41.16526794433594,10.252197265625,0.22946517169475555,-0.9733168482780457,0.0,-1.3392681643457454,-1.4492252236300462,-0.0007942863968382341,1258.9917238676592,11.350025177001953
5311.709427152518,-197.15411376953125,34.568328857421875,10.157638549804688,0.2232126146554947,-0.9747698307037354,0.0,-1.3456873362542745,-1.0525606560181089,-0.0012857612911979094,777.7493434013143,11.30002498626709
5318.1209332767885,-195.75244140625,28.312088012695312,10.110992431640625,0.21316517889499664,-0.9770162105560303,0.0,-1.3559828748725358,-1.1118655586178083,-0.002085602506617698,479.4777513102142,11.250024795532227
5324.31528491896,-194.47586059570312,22.25140380859375,10.019119262695312,0.1977117359638214,-0.9802601337432861,0.0,-1.3717732873292683,-1.466209432911647,-0.0028327859705325753,353.0093732467885,11.100024223327637
5330.371983137457,-193.3347625732422,16.303817749023438,9.931320190429688,0.17921262979507446,-0.9838103652000427,0.0,-1.3906102613157603,-1.3691576236462777,-0.003409880204941984,293.2654345307166,10.640998840332031
5336.31989480707,-192.33023071289062,10.441848754882812,9.854583740234375,0.15749491751194,-0.9875198006629944,0.0,-1.4126429319159703,-1.289915444497558,-0.004508428504980733,221.80677788174742,9.641999244689941
5342.2296541668275,-191.48471069335938,4.5933837890625,9.778366088867188,0.1264483481645584,-0.9919731616973877,0.0,-1.444008559173456,-1.3202713184417236,-0.006575569592151553,152.07808023103834,8.642999649047852
5348.105306690128,-190.86865234375,-1.2493438720703125,9.699005126953125,0.08065614849328995,-0.9967420101165771,0.0,-1.4900524730073064,-1.3991854202796472,-0.008700098635951892,114.94122559342551,7.6439995765686035
5353.96913243812,-190.55636596679688,-7.1042327880859375,9.614120483398438,0.024671055376529694,-0.9996956586837769,0.0,-1.5461227688901857,-1.4588482546425086,-0.009968461354869534,100.31638428447194,6.6449995040893555
5359.832479149797,-190.59115600585938,-12.966842651367188,9.527923583984375,-0.03614974394440651,-0.9993463754653931,0.0,-1.606953949134203,-1.5548137751955404,-0.010550790459466136,94.77962848772181,5.645999431610107
5365.687804236506,-190.98292541503906,-18.808258056640625,9.431930541992188,-0.09880340844392776,-0.9951069951057434,0.0,-1.6697611983282594,-1.7202548578845955,-0.010530814155171542,94.95941959140104,4.646999359130859
5371.550891770633,-191.7420654296875,-24.62103271484375,9.326324462890625,-0.15888282656669617,-0.9872974157333374,0.0,-1.7303553343442706,-1.8217980600471306,-0.01004064278719971,99.59521727780691,3.6479995250701904
5377.448971557353,-192.84486389160156,-30.414077758789062,9.2176513671875,-0.21533405780792236,-0.9765404462814331,0.0,-1.787830226698789,-1.6544858035208998,-0.010357770088892687,96.54587728997434,2.6489994525909424
5383.372866906283,-194.30442810058594,-36.154693603515625,9.130828857421875,-0.2783156633377075,-0.9604896903038025,0.0,-1.8528363586699155,-1.1277740717389295,-0.011117061278975049,89.95182943636668,1.6499994993209839
5389.307989244051,-196.1457061767578,-41.796783447265625,9.083984375,-0.34184038639068604,-0.9397580623626709,0.0,-1.9196708785960628,-0.5778921810663529,-0.011052489788783038,90.47735117700638,1.5999995470046997
5395.266976328883,-198.36276245117188,-47.32794189453125,9.06219482421875,-0.4018072783946991,-0.9157242774963379,0.0,-1.984285916708187,-0.33626396526134084,-0.01039972796621158,96.15636132492806,2.5499987602233887
5401.2622203955325,-200.93896484375,-52.741424560546875,9.043807983398438,-0.45570406317710876,-0.8901312947273254,0.0,-2.0439593681652797,-0.603927109766611,-0.009363924350306946,106.79283199967547,3.5489988327026367
5407.309921929019,-203.836669921875,-58.0494384765625,8.989151000976562,-0.5022481679916382,-0.8647235035896301,0.0,-2.096993026057727,-1.2429614671999545,-0.008413349385458402,118.85872726602747,4.547998905181885
5413.424393362243,-207.03863525390625,-63.25758361816406,8.892181396484375,-0.5442038774490356,-0.8389530181884766,0.0,-2.1462361926659153,-1.94355695263696,-0.007750446005583944,129.02483280052948,5.546998977661133
5419.618286345204,-210.5268096923828,-68.37388610839844,8.749359130859375,-0.5822907090187073,-0.812980592250824,0.0,-2.192339882127741,-2.545094484742161,-0.007436179367231871,134.47765991317817,6.545999050140381
5425.9108442769075,-214.3105010986328,-73.39874267578125,8.57391357421875,-0.6196447014808655,-0.7848824858665466,0.0,-2.239086242998989,-3.0105988435808695,-0.006500151036102936,153.84257911021317,7.544999122619629
5432.311574552301,-218.3702392578125,-78.34292602539062,8.366729736328125,-0.6471569538116455,-0.7623568177223206,0.0,-2.2746455303290554,-3.4018989429820734,-0.003953505238840416,252.94009735353364,8.543998718261719
5438.83263628174,-222.63265991210938,-83.27261352539062,8.133926391601562,-0.6586228609085083,-0.7524732351303101,0.0,-2.2897834495037017,-3.7016528656826253,-0.0017583720008653159,568.7078726844422,9.542998313903809
5445.477122786319,-227.0240020751953,-88.25260925292969,7.879058837890625,-0.6645256280899048,-0.7472654581069946,0.0,-2.297655166046536,-3.94937547444264,-0.0019187255013830007,521.1792928583108,10.541997909545898
5452.241253802087,-231.55508422851562,-93.26730346679688,7.604095458984375,-0.67789226770401,-0.7351612448692322,0.0,-2.3156881317399436,-3.956897761318745,-0.0034200196333723787,292.3959822458475,11.540997505187988
5459.117457746867,-236.28140258789062,-98.25469970703125,7.339569091796875,-0.6987720727920532,-0.7153444290161133,0.0,-2.34447579687323,-4.0090517912676376,-0.004719938258493983,211.8671781776814,12.539997100830078
5466.1007568962095,-241.24559020996094,-103.1575927734375,7.0481109619140625,-0.7245787382125854,-0.6891920566558838,0.0,-2.381219264033389,-4.407022426366564,-0.0052336783809042164,191.0702047815233,13.350032806396484
5473.188194306589,-246.4661865234375,-107.93972778320312,6.7189788818359375,-0.749505877494812,-0.6619977355003357,0.0,-2.418111643613076,-4.735020892009089,-0.00497800537112561,200.88367236411466,13.400032997131348
5480.381830703318,-251.93270874023438,-112.60287475585938,6.3717041015625,-0.7716718316078186,-0.6360208988189697,0.0,-2.4522618832626355,-4.769762947527606,-0.0044901054946782926,222.7119164984448,13.200032234191895
5487.682579446949,-257.63372802734375,-117.1505126953125,6.0277557373046875,-0.7909384369850159,-0.611895740032196,0.0,-2.483137457675492,-4.268483898602781,-0.0038641348943570797,258.79013733716494,12.441997528076172
5495.086742157171,-263.5431823730469,-121.60247802734375,5.7449493408203125,-0.8065018057823181,-0.5912315249443054,0.0,-2.509007625765433,-3.5350436964690815,-0.0032011225094339124,312.390418377596,11.442997932434082
5502.59504959147,-269.650146484375,-125.96369934082031,5.501190185546875,-0.8192009329795837,-0.5735065937042236,0.0,-2.5308126685405155,-3.863494743751783,-0.0027756032627952176,360.282037928192,10.443998336791992
5510.194293563689,-275.90850830078125,-130.26080322265625,5.1601409912109375,-0.8305644392967224,-0.5569226145744324,0.0,-2.5509166790489215,-4.737191774713506,-0.002721228315734181,367.4811092542238,9.444998741149902
5517.906328864902,-282.3542175292969,-134.4774627685547,4.775299072265625,-0.8423877358436584,-0.5388718247413635,0.0,-2.57249535872348,-4.868665123300541,-0.0022230829163443766,449.82577691901554,8.445999145507812
5525.723623846438,-288.96336364746094,-138.6357879638672,4.404327392578125,-0.849228024482727,-0.5280264019966125,0.0,-2.5853177996352175,-4.317664782206493,-0.0006580167576600571,1519.7181353800984,7.4469990730285645
5533.644214533454,-295.68409729003906,-142.8158416748047,4.0966796875,-0.8478146195411682,-0.5302926898002625,0.0,-2.582646886332504,-3.756552934755794,0.0012645615853545955,790.7878996020507,6.447999000549316
5541.661892708372,-302.44483947753906,-147.11595153808594,3.80584716796875,-0.8383151292800903,-0.5451859831809998,0.0,-2.564981705288711,-3.4736060146270757,0.0030319523538009097,329.82048637617345,5.448998928070068
5549.750985484225,-309.156005859375,-151.6239013671875,3.53741455078125,-0.8208494782447815,-0.5711446404457092,0.0,-2.5336930383470704,-3.146189662948262,0.0041500379689906886,240.961650826343,4.44999885559082
5557.847383188031,-315.7164764404297,-156.36245727539062,3.2966461181640625,-0.799829363822937,-0.6002274751663208,0.0,-2.4978071829580992,-2.7704992280839362,0.004464089998539339,224.00982066383125,3.5499978065490723
5565.954856224375,-322.1107940673828,-161.34246826171875,3.088531494140625,-0.7774243950843811,-0.6289764046669006,0.0,-2.4613567969123253,-2.3396968672609346,0.004626490571014635,216.14655528859967,2.949998378753662
5574.104374776483,-328.34271240234375,-166.5911102294922,2.916473388671875,-0.7524586319923401,-0.6586395502090454,0.0,-2.4225833546695363,-1.8586174721984734,0.004691763264974863,213.13948371292295,2.649998664855957
5582.313436072413,-334.41636657714844,-172.11216735839844,2.7847900390625,-0.7269142270088196,-0.6867282390594482,0.0,-2.3846141007150745,-1.3229721380196402,0.004424152071839882,226.03201331280817,2.699998617172241
5590.585078641287,-340.3294677734375,-177.8955841064453,2.69879150390625,-0.7024964094161987,-0.7116873264312744,0.0,-2.3496954848774037,-0.7358323841289954,0.004167890304225652,239.92953916904705,2.9999983310699463
5598.9203641918475,-346.08070373535156,-183.92874145507812,2.6629791259765625,-0.6776841878890991,-0.7353531122207642,0.0,-2.315405094132139,-0.20026129495948064,0.0037673891300104845,265.4358138993773,3.6499977111816406
5607.319551645159,-351.67877197265625,-190.19036865234375,2.6655731201171875,-0.6562954783439636,-0.7545039653778076,0.0,-2.2866946661872998,0.044142489975348975,0.003354706917702621,298.0886332344116,4.549999237060547
5615.784206706879,-357.14642333984375,-196.65219116210938,2.670440673828125,-0.635027289390564,-0.7724896669387817,0.0,-2.2588401959605102,0.059699963129561384,0.0033523861216388506,298.29499458467484,5.548999309539795
5624.311729543515,-362.46714782714844,-203.316162109375,2.67572021484375,-0.6122682094573975,-0.7906501293182373,0.0,-2.2297225373458884,-0.011633698232457745,0.0035782562931494233,279.4657280180018,6.547999382019043
5632.896446172616,-367.61244201660156,-210.18807983398438,2.668365478515625,-0.5865504741668701,-0.8099126815795898,0.0,-2.1975894287118396,-0.09491489949037257,0.0038964876427779044,256.6413887782985,7.546999454498291
5641.534990368025,-372.5575256347656,-217.2711944580078,2.65936279296875,-0.5578553080558777,-0.8299381732940674,0.0,-2.1625957453086624,-0.08792382075303862,0.004128134270440287,242.24018272868457,8.545999526977539
5650.213951862987,-377.2696990966797,-224.5595245361328,2.6531524658203125,-0.5271964073181152,-0.8497434258460999,0.0,-2.126094180354926,-0.028748783342930073,0.004254634265530993,235.03782877450138,9.544999122619629
5658.867020484007,-381.696533203125,-231.99449157714844,2.65435791015625,-0.49519604444503784,-0.8687812089920044,0.0,-2.0888568236830563,0.2298099816902488,0.0044460195927168294,224.92028636988752,8.843998908996582
5667.486724855235,-385.8130187988281,-239.567626953125,2.6927032470703125,-0.46045902371406555,-0.8876808881759644,0.0,-2.0493085936471394,0.6670451789752563,0.004397653660861006,227.39398713909006,7.844998836517334
5676.122501281346,-389.64727783203125,-247.30514526367188,2.76953125,-0.42791351675987244,-0.9038196802139282,0.0,-2.0129793234336355,0.8137587077235664,0.004134180542768637,241.88590451115272,6.845998764038086
5684.781326025517,-393.21217346191406,-255.19581604003906,2.833404541015625,-0.39587143063545227,-0.9183059334754944,0.0,-1.9778129435022231,0.5743120413179176,0.004033193220952039,247.9424974744823,5.846998691558838
5693.4522613554545,-396.51051330566406,-263.21484375,2.8690185546875,-0.3637489676475525,-0.9314970374107361,0.0,-1.9430857346629826,0.33948905079231595,0.004103356996798077,243.7029000353413,4.84799861907959
5702.128230433074,-399.51190185546875,-271.35508728027344,2.8922882080078125,-0.32955771684646606,-0.9441354274749756,0.0,-1.9066314115637084,0.19431393388048002,0.004220647430524652,236.93047487638503,3.848998546600342
5710.814299079665,-402.22515869140625,-279.60650634765625,2.902740478515625,-0.2945742607116699,-0.9556285738945007,0.0,-1.8698063129827738,0.06178211552180235,0.0040231043886687495,248.56426863209018,2.8499984741210938
5719.538519329813,-404.65447998046875,-287.9856719970703,2.9029998779296875,-0.2626892030239105,-0.9648805260658264,0.0,-1.8366045543311507,-0.05175688862380512,0.0036216585349199,276.1165886728515,2.049999237060547
5728.311480077428,-406.82684326171875,-296.48541259765625,2.8936309814453125,-0.23348397016525269,-0.9723606109619141,0.0,-1.8064554886742545,-0.15345137698465072,0.0028939284110715696,345.55104963004874,1.699999451637268
5737.142978068749,-408.7926788330078,-305.09532165527344,2.8759307861328125,-0.21327506005764008,-0.9769921898841858,0.0,-1.7857222547620957,-0.24079164116116714,0.0019157328732004736,521.993443861186,1.4999996423721313
5746.039370822432,-410.62835693359375,-313.80023193359375,2.85089111328125,-0.2003875970840454,-0.9797167181968689,0.0,-1.7725498494041927,-0.3138926732193126,0.0012464221431217198,802.2964013584157,1.5999995470046997
5755.003392199491,-412.3836212158203,-322.5906677246094,2.81982421875,-0.1915058046579361,-0.9814915060997009,0.0,-1.7634924399469873,-0.36807175970228756,0.0009390378153868173,1064.919839876811,1.699999451637268
5764.035710297841,-414.07798767089844,-331.4625701904297,2.7846221923828125,-0.1838129162788391,-0.9829612374305725,0.0,-1.7556603933200303,-0.4026530413845403,0.0007376117090017592,1355.7268516701583,1.8499993085861206
5773.135869180869,-415.722900390625,-340.4127502441406,2.746795654296875,-0.17837923765182495,-0.983961820602417,0.0,-1.7501353496306824,-0.41872504771807706,0.0003715912696743845,2691.128887059896,2.1499991416931152
5782.302643095568,-417.3498992919922,-349.43389892578125,2.7081298828125,-0.17716756463050842,-0.984180748462677,0.0,-1.7489040572094705,-0.41530581258491794,-0.00012611654300244413,7929.1738910146,2.399998903274536
5791.534167192423,-418.9981231689453,-358.5170135498047,2.6703948974609375,-0.18069516122341156,-0.9835391640663147,0.0,-1.7524895252763797,-0.39300867885959934,-0.0005334151188693681,1874.7125168098155,2.649998664855957
5800.82740805078,-420.7046356201172,-367.65216064453125,2.635345458984375,-0.18690146505832672,-0.9823786616325378,0.0,-1.7588034072206575,-0.35019386519957174,-0.0006994217954143372,1429.7524134311548,2.899998426437378
5810.179113895479,-422.4836730957031,-376.8330383300781,2.605133056640625,-0.19350776076316833,-0.9810987710952759,0.0,-1.7655325552041534,-0.2855899897344999,-0.000681347855266759,1467.6790897191324,3.0999982357025146
5819.58440842733,-424.3330535888672,-386.0546875,2.581817626953125,-0.19943667948246002,-0.9799107313156128,0.0,-1.7715793415900032,-0.20035570212146303,-0.0005664737769740941,1765.3067814394733,3.249998092651367
5828.9907680431115,-426.23199462890625,-395.2673645019531,2.56744384765625,-0.20395129919052124,-0.9789810180664062,0.0,-1.776188701142638,-0.09383472171131668,-0.0004675768075801945,2138.686059249184,3.2999980449676514
5838.390663290714,-428.16741943359375,-404.4658508300781,2.5641632080078125,-0.2080458551645279,-0.9781190752983093,0.0,-1.7803730003398401,0.04161959427623485,-0.0004791219913100192,2087.151118373406,3.0999982357025146
5847.815775203893,-430.14947509765625,-413.68019104003906,2.5753173828125,-0.21277445554733276,-0.9771013259887695,0.0,-1.7852098920235138,0.1973233231278404,-0.0005952361601503225,1680.005461609485,2.9999983310699463
5857.285207993673,-432.1932373046875,-422.92640686035156,2.6015167236328125,-0.21904021501541138,-0.9757158756256104,0.0,-1.7916270062173867,0.3573508958377547,-0.0006295073361078651,1588.5438383972248,2.8499984741210938
5866.730041511877,-434.28985595703125,-432.135498046875,2.6428680419921875,-0.22439543902873993,-0.9744982123374939,0.0,-1.797118927688171,0.5166634110440244,-0.000473687555978472,2111.0962012382856,2.599998712539673
5876.086415324036,-436.40699768066406,-441.2490234375,2.698516845703125,-0.22773951292037964,-0.9737221002578735,0.0,-1.8005518843114008,0.6746414537597445,-0.00020093896266978883,4976.635624636625,2.2499990463256836
5885.185128139987,-438.4813232421875,-450.1078643798828,2.7669677734375,-0.22808977961540222,-0.9736400842666626,0.0,-1.800911625027379,0.8295014445958898,7.493911459925673e-05,13344.166198754614,2.049999237060547
5893.945501868966,-440.47471618652344,-458.6380615234375,2.8461456298828125,-0.2265101671218872,-0.9740087389945984,0.0,-1.7992895637699446,0.9769742529762648,0.0002508532722657192,3986.3940819585505,1.8499993085861206
5902.33809182249,-442.36553955078125,-466.8144073486328,2.93402099609375,-0.22394433617591858,-0.9746019244194031,0.0,-1.7966560562427247,1.1193382040943307,0.00036714483422035926,2723.7207412260714,1.699999451637268
5910.36990938781,-444.1508331298828,-474.64471435546875,3.02947998046875,-0.2206694334745407,-0.9753486514091492,0.0,-1.7932970981167138,1.2553830768521457,0.00040959208048192697,2441.4534549188493,1.4999996423721313
5918.040656088778,-445.8326873779297,-482.1281280517578,3.13067626953125,-0.21766552329063416,-0.9760234355926514,0.0,-1.7902183292895368,1.3843314217445584,0.0005785964208613048,1728.3204042489397,1.949999213218689
5925.3293949064255,-447.40155029296875,-489.2452392578125,3.236083984375,-0.21234817802906036,-0.9771941304206848,0.0,-1.7847736292879286,1.5096025660373158,0.0009797388361354742,1020.6801681399554,1.8499993085861206
5932.239757412744,-448.8424530029297,-496.0028381347656,3.3445587158203125,-0.20423497259616852,-0.9789218902587891,0.0,-1.776478471225501,1.6309752821760004,0.0013584519448543164,736.1320389638386,1.7999993562698364
5938.776403481964,-450.1455993652344,-502.4073181152344,3.4549560546875,-0.1945759654045105,-0.9808874726295471,0.0,-1.7666214575228905,1.748108496930284,0.0014900300767365648,671.1273924014881,1.8499993085861206
5944.959044900083,-451.3201904296875,-508.47633361816406,3.566497802734375,-0.18563462793827057,-0.9826188683509827,0.0,-1.7575139981522125,1.8545452089609504,0.0011424356452912066,875.3228281362844,1.949999213218689
5950.801993000671,-452.388671875,-514.2196807861328,3.677642822265625,-0.1808672994375229,-0.9835075736045837,0.0,-1.7526645381824186,1.953170139096061,0.0006773604235716102,1476.3189067456353,1.9999992847442627
5956.287044306695,-453.3718719482422,-519.6147766113281,3.7873992919921875,-0.1779852658510208,-0.9840331673622131,0.0,-1.749734969638219,2.045184807871009,0.0005760134135289752,1736.0706825791601,2.099999189376831
5961.403558870621,-454.2767639160156,-524.6495056152344,3.8941497802734375,-0.17488741874694824,-0.9845884442329407,0.0,-1.746587749111199,2.134455417848141,0.0011569552298794916,864.3376806414194,2.1499991416931152
5966.2061233477325,-455.0996856689453,-529.3798828125,3.9988250732421875,-0.16700626909732819,-0.9859558939933777,0.0,-1.738588825711637,2.2227058367311034,0.002401636534612117,416.3827396810932,2.2499990463256836
5970.772199651337,-455.83387756347656,-533.8853607177734,4.1021881103515625,-0.15302729606628418,-0.9882219433784485,0.0,-1.7244272576379294,2.308463949682821,0.005128921363300704,194.9727689637364,2.399998903274536
5975.1052836635345,-456.4399719238281,-538.1746368408203,4.2040557861328125,-0.1227596178650856,-0.992436408996582,0.0,-1.6938663873305366,2.395513328838006,0.009835437449309703,101.67315944550943,2.649998664855957
5979.2298668493495,-456.84861755371094,-542.2776947021484,4.3046112060546875,-0.07151737064123154,-0.9974393844604492,0.0,-1.6423748014259294,2.486554826767884,0.014992876779656605,66.69834046504475,3.0499982833862305
5983.261250289523,-457.0006103515625,-546.3049163818359,4.406768798828125,-0.0012510144151747227,-0.9999992251396179,0.0,-1.5720473415268048,2.581858323787478,0.018992234657104812,52.65309838755123,3.699997663497925
5987.231308654472,-456.84703063964844,-550.2706298828125,4.511138916015625,0.0801125168800354,-0.9967858195304871,0.0,-1.490597866990516,2.653863244290944,0.021504275161794123,46.50238115333756,4.698997497558594
5991.155798255019,-456.3623046875,-554.1636505126953,4.6162567138671875,0.16763079166412354,-0.9858498573303223,0.0,-1.4023703673877232,2.665135239766614,0.02270391905747851,44.045259211343385,5.697997570037842
5995.069757721383,-455.5351867675781,-557.9878082275391,4.7200469970703125,0.25529932975769043,-0.9668620228767395,0.0,-1.3126390366547465,2.5019722436322334,0.022892783913404297,43.68188699909385,6.69699764251709
5998.990383043027,-454.36534118652344,-561.7286987304688,4.812255859375,0.34081247448921204,-0.9401313066482544,0.0,-1.2230153536344475,2.380209988910964,0.022928328370096424,43.614169505013706,7.695997714996338
6002.920073106944,-452.8631896972656,-565.3587188720703,4.9069061279296875,0.42426779866218567,-0.9055367708206177,0.0,-1.1326431791077765,2.509350105282393,0.023482037311724352,42.58574274135532,8.694997787475586
6006.862162878123,-451.025146484375,-568.8445587158203,5.0098114013671875,0.5078080296516418,-0.8614702224731445,0.0,-1.0381578851212003,2.740620041286723,0.02395431016505027,41.74614059473173,9.693997383117676
6010.80897202607,-448.8634033203125,-572.1447601318359,5.1231231689453125,0.5868201851844788,-0.8097172975540161,0.0,-0.9436701799124607,2.95260458404053,0.024289835155367312,41.16948483197221,10.692996978759766
6014.755144100603,-446.39857482910156,-575.2241363525391,5.24285888671875,0.6626541614532471,-0.748925507068634,0.0,-0.8464391176949247,3.1077837143707265,0.02498473362847263,40.02444111953224,9.896003723144531
6018.702969800536,-443.6390686035156,-578.0445404052734,5.3684539794921875,0.7341111302375793,-0.6790293455123901,0.0,-0.746439605699875,3.437325611037856,0.024714357535333784,40.46231016000774,8.897004127502441
6022.6714899562,-440.60162353515625,-580.5943603515625,5.51507568359375,0.7955889105796814,-0.605836808681488,0.0,-0.6508172748288557,4.0243830676433445,0.023451557677129392,42.641090786699756,7.898004531860352
6026.678650477105,-437.3088073730469,-582.8712463378906,5.6896820068359375,0.8475484848022461,-0.5307179689407349,0.0,-0.5594474544669441,4.554947039328761,0.02157592412614933,46.34795683157005,6.8990044593811035
6030.746256165487,-433.77613830566406,-584.8782958984375,5.88311767578125,0.8884928226470947,-0.45889046788215637,0.0,-0.47674602619512335,4.675033610754364,0.018106169009301468,55.22979485534913,5.9000043869018555
6034.885240137007,-430.03822326660156,-586.6455078125,6.0732269287109375,0.9166505932807922,-0.3996894657611847,0.0,-0.41117805501058496,4.351069712038824,0.009953588764382917,100.46627640256906,5.350002288818359
6039.099770455957,-426.15602111816406,-588.2767181396484,6.2462158203125,0.9231902956962585,-0.3843432664871216,0.0,-0.3944963288874565,3.6352442872614743,-0.0010127396959792867,987.4205622334495,4.950000762939453
6043.434668474477,-422.17515563964844,-589.9870910644531,6.38287353515625,0.9126602411270142,-0.40871912240982056,0.0,-0.42105015712887534,2.8274877655971364,-0.007950294253681559,125.78150796581247,4.59999942779541
6047.89602554099,-418.14378356933594,-591.8948059082031,6.4940948486328125,0.8938676118850708,-0.4483310878276825,0.0,-0.4648973761927895,2.393461265478203,-0.010545047233912433,94.831249004181,4.699999809265137
6052.485508162804,-414.0962829589844,-594.0558319091797,6.5992431640625,0.8694649934768677,-0.49399450421333313,0.0,-0.516678013401349,2.174539751517568,-0.011317272671967589,88.36051131620768,4.2999982833862305
6057.203312447476,-410.0589904785156,-596.4947967529297,6.6961822509765625,0.8417717218399048,-0.5398337244987488,0.0,-0.5702395402506816,1.9413597093381085,-0.01173144035314215,85.2410249634999,3.8499975204467773
6062.046975971203,-406.05860900878906,-599.2243041992188,6.784576416015625,0.8086490035057068,-0.5882914066314697,0.0,-0.6289443178298784,1.6922788175965264,-0.012768914960687168,78.31518990288461,3.3999979496002197
6066.942288100038,-402.19749450683594,-602.2326354980469,6.8608551025390625,0.768269419670105,-0.640126645565033,0.0,-0.6946630897457792,1.4434911707209674,-0.012957259018198969,77.17681637724935,2.949998378753662
6071.848922970856,-398.52711486816406,-605.4882659912109,6.9260406494140625,0.7276269793510437,-0.6859729886054993,0.0,-0.7559400831908911,1.2181328279203374,-0.01211869860571721,82.51711116309406,2.5499987602233887
6076.79677285557,-395.02723693847656,-608.9852752685547,6.980804443359375,0.686555027961731,-0.7270777821540833,0.0,-0.8140560014853669,0.9980331245017626,-0.011717509083445557,85.34237036886921,2.1999990940093994
6081.800450297092,-391.7003173828125,-612.7224426269531,7.025238037109375,0.6428799629211426,-0.7659668922424316,0.0,-0.8725440305677187,0.8171323824594512,-0.011652865518977137,85.81580199063156,1.8499993085861206
6086.869518654552,-388.55560302734375,-616.6979675292969,7.063018798828125,0.596688985824585,-0.8024725914001465,0.0,-0.9314275959312602,0.722360720031423,-0.011348153949404194,88.12005939102566,1.5499995946884155
6092.005255806607,-385.6149139404297,-620.9082946777344,7.0989227294921875,0.5500988364219666,-0.8350995779037476,0.0,-0.988313752155327,0.7705539493518265,-0.009857675977950592,101.44378880344368,1.3499997854232788
6097.196080712783,-382.8565979003906,-625.3053894042969,7.142669677734375,0.5121686458587646,-0.8588849306106567,0.0,-1.0330884903895556,0.9798838955484501,-0.01033780215168413,96.73236006331288,1.2999998331069946
6102.439344201282,-380.3113555908203,-629.8890686035156,7.2013092041015625,0.45683732628822327,-0.8895502686500549,0.0,-1.0963597561363199,1.175007185386856,-0.011663925419519605,85.73443022247876,1.5999995470046997
6107.7226539476915,-378.0374298095703,-634.6575469970703,7.2664031982421875,0.4031524956226349,-0.9151328206062317,0.0,-1.155837236636035,1.1901821336555263,-0.011756928305180506,85.05623016850122,2.1499991416931152
6113.040533770847,-376.0524139404297,-639.5906829833984,7.32745361328125,0.34267657995224,-0.9394534230232239,0.0,-1.2210318172224985,1.0338009239390433,-0.011880224581523352,84.17349294517916,2.699998617172241
6118.390930633046,-374.37522888183594,-644.6711730957031,7.376617431640625,0.28426748514175415,-0.958745002746582,0.0,-1.2825540179135873,0.7836440944299694,-0.011468531174230759,87.19512418878472,3.199998140335083
6123.784248121868,-373.00306701660156,-649.8869018554688,7.411529541015625,0.22461944818496704,-0.9744465947151184,0.0,-1.3442438466345203,0.5196563064205795,-0.010648012344054145,93.91424123943662,3.5499978065490723
6129.255946409879,-371.9222412109375,-655.2507476806641,7.4328765869140625,0.17181941866874695,-0.9851284623146057,0.0,-1.398120069288008,0.2874033735119408,-0.009245098643520869,108.16542241015654,3.8499975204467773
6134.81859085672,-371.10028076171875,-660.7523193359375,7.44305419921875,0.12432663142681122,-0.992241382598877,0.0,-1.4461471629424962,0.07052798574167518,-0.006799865583175094,147.06173052512978,4.199997901916504
6140.442283693587,-370.49607849121094,-666.3434600830078,7.4406280517578125,0.0966845452785492,-0.9953150153160095,0.0,-1.473960505611841,-0.16608645512827813,-0.0013875494744780004,720.6950226954629,4.149997711181641
6146.035416317,-369.93849182128906,-671.9087066650391,7.42449951171875,0.10865344852209091,-0.9940797090530396,0.0,-1.4619279506478826,-0.3919877761490387,0.00443719749032348,225.36747624616052,4.699999809265137
6151.580926735471,-369.2414855957031,-677.4101715087891,7.397064208984375,0.145524799823761,-0.98935467004776,0.0,-1.4247529379178139,-0.6111259850479556,0.007719357290902645,129.54446365353652,5.350002288818359
6157.073866372076,-368.31517028808594,-682.8242950439453,7.3571624755859375,0.1927577406167984,-0.9812463521957397,0.0,-1.3768245003913515,-0.7858524409331435,0.009295563554583386,107.57820051770047,6.300005912780762
6162.511269979571,-367.12892150878906,-688.1305236816406,7.3112335205078125,0.2450624406337738,-0.9695073366165161,0.0,-1.3232122398341966,-0.845493389221752,0.010725502470242967,93.23572511165966,7.29900598526001
6167.886063411742,-365.6525421142578,-693.2983703613281,7.2657470703125,0.3048970401287079,-0.9523853659629822,0.0,-1.26096602122404,-0.8396822306440788,0.011779795918843705,84.89111414912858,8.25001335144043
6173.193594967327,-363.8759765625,-698.2995452880859,7.221527099609375,0.3647768497467041,-0.9310949444770813,0.0,-1.1974031886763592,-0.8220340784410696,0.012230855640008559,81.76042865953573,9.050016403198242
6178.4331537040935,-361.80780029296875,-703.1134643554688,7.1790313720703125,0.4248496890068054,-0.9052639603614807,0.0,-1.1320005113005176,-0.7994322150423061,0.012827097238591698,77.95996096384089,9.700018882751465
6183.613400010153,-359.4507751464844,-707.7262420654297,7.138214111328125,0.48556411266326904,-0.8742010593414307,0.0,-1.0637879851926402,-0.7601076658600103,0.013463490023480434,74.27494641107113,10.050020217895508
6188.743804465467,-356.8034362792969,-712.1206970214844,7.1006317138671875,0.5460013151168823,-0.8377843499183655,0.0,-0.9932124998067055,-0.7205369231324865,0.013924953188829359,71.81352687075481,10.050020217895508
6193.834195381809,-353.8731231689453,-716.2829132080078,7.0645599365234375,0.6046441197395325,-0.7964957356452942,0.0,-0.9214773306849429,-0.7063847713719373,0.013956943841507016,71.64892338579646,9.900019645690918
6198.887513878908,-350.6800994873047,-720.199462890625,7.0289764404296875,0.6587597131729126,-0.7523534297943115,0.0,-0.8516273198935875,-0.7108761511355532,0.013905805656485554,71.91241016183828,9.650018692016602
6203.93561205754,-347.2228698730469,-723.8777160644531,6.9927520751953125,0.7102029919624329,-0.703997015953064,0.0,-0.7810098617866246,-0.7392101906308346,0.01399873963596067,71.43500243630145,9.400017738342285
6208.995234378938,-343.5062255859375,-727.3106231689453,6.954254150390625,0.7582759857177734,-0.6519336700439453,0.0,-0.7101317457920697,-0.7815201980388875,0.014098294028309297,70.93056776883824,9.100016593933105
6214.06256166529,-339.5479736328125,-730.4742279052734,6.913604736328125,0.803148090839386,-0.5957794189453125,0.0,-0.6382357650425854,-0.7568666607450036,0.014058619067482403,71.13074158990486,8.850015640258789
6219.143650123228,-335.3629913330078,-733.3555603027344,6.8774566650390625,0.8432675004005432,-0.5374940633773804,0.0,-0.5674626044373711,-0.6590263444916644,0.013682700838343026,73.08498605755528,8.850015640258789
6224.257688635488,-330.95806884765625,-735.9534606933594,6.8464508056640625,0.8781786561012268,-0.4783326983451843,0.0,-0.4987551592878107,-0.5470601337286163,0.013073103362156106,76.49293150200207,9.600018501281738
6229.421694197725,-326.34410095214844,-738.2724304199219,6.8212890625,0.9076552391052246,-0.41971656680107117,0.0,-0.4331330210177116,-0.42761773746798903,0.012317648668141237,81.18432559181787,10.583393096923828
6234.648403636477,-321.53399658203125,-740.3171844482422,6.802093505859375,0.9320322275161743,-0.36237531900405884,0.0,-0.37081518283438875,-0.310137725671944,0.011586987712883468,86.30370763991654,11.566768646240234
6239.9558868817785,-316.53125,-742.0896759033203,6.7887115478515625,0.9519888162612915,-0.30613282322883606,0.0,-0.3111281544393136,-0.2034287175739502,0.01052523844886918,95.00972399418075,12.550143241882324
6245.362416996929,-311.3414764404297,-743.6051788330078,6.7803955078125,0.9668532609939575,-0.2553326189517975,0.0,-0.25819171310234323,-0.11494022241931301,0.009205409381435239,108.63177926847263,13.533517837524414
6250.872874398921,-305.98106384277344,-744.88232421875,6.7762451171875,0.9778730869293213,-0.2091989815235138,0.0,-0.21075574557179097,-0.04514324525414226,0.008095711694642715,123.52218528999045,13.291999816894531
6256.485400055687,-300.4691162109375,-745.9400939941406,6.7754364013671875,0.9858794808387756,-0.16745619475841522,0.0,-0.1682488672551888,-0.007130011188261065,0.00819547748066223,122.01851598757558,12.293000221252441
6262.189229799632,-294.8240051269531,-746.7564239501953,6.77545166015625,0.9930580258369446,-0.11762537807226181,0.0,-0.11789832133043092,0.00013471171405043947,0.008730476800503933,114.54128140427324,11.294000625610352
6267.974881204875,-289.06288146972656,-747.2886047363281,6.77545166015625,0.997691810131073,-0.06790391355752945,0.0,-0.06795620938873473,1.1102230246251565e-14,0.008011885207667298,124.81456911576934,10.295001029968262
6273.863304965935,-283.18067932128906,-747.5592193603516,6.77545166015625,0.9997000694274902,-0.024493129923939705,0.0,-0.024495577802517158,-0.0001258168693230033,0.006648152617287544,150.41772618150296,9.296001434326172
6279.867940639832,-277.1761474609375,-747.5945281982422,6.7754364013671875,0.9999400973320007,0.010938506573438644,0.0,0.010938725543855679,-4.7873966235734144e-06,0.005568879690897614,179.5693309077065,8.297001838684082
6285.987871863208,-271.0584411621094,-747.4295196533203,6.77545166015625,0.9990779161453247,0.0429341197013855,0.0,0.04294732055368886,0.00012575103405243482,0.005389205799106338,185.5560981111214,7.298002243041992
6292.215398383708,-264.8421630859375,-747.0553894042969,6.77545166015625,0.9969971179962158,0.07743862271308899,0.0,0.07751622911956642,-0.00011951603194892968,0.005469492499426009,182.832319471129,6.299002170562744
6298.546383737341,-258.5395202636719,-746.4570007324219,6.7754364013671875,0.9937770962715149,0.11138737946748734,0.0,0.11161900467189584,-3.6197312480723554e-06,0.005384551121423126,185.7165021651242,5.300002098083496
6304.973900982916,-252.16554260253906,-745.6291198730469,6.77545166015625,0.9893296957015991,0.14569421112537384,0.0,0.14621463111160363,1.2712507269085904e-06,0.004655480491185313,214.80059939965383,4.349998474121094
6311.436022484447,-245.7852020263672,-744.6042938232422,6.7754364013671875,0.9853168725967407,0.1707354336977005,0.0,0.17157602025225713,-0.00011834440535318791,0.0038330475510347743,260.8890149901842,3.5499978065490723
6317.928988597415,-239.40113830566406,-743.4200897216797,6.7754364013671875,0.9808793663978577,0.19461646676063538,0.0,0.1958664352799317,-0.00011570043129127683,0.003748862104208772,266.74760826153624,2.949998378753662
6324.489141178361,-232.98265075683594,-742.0641326904297,6.775421142578125,0.9757857322692871,0.2187286913394928,0.0,0.22051141942597657,0.00011028650713784671,0.004387923486323856,227.8982309324146,2.5499987602233887
6331.147753674168,-226.5093536376953,-740.504150390625,6.77545166015625,0.9679164290428162,0.25127238035202026,0.0,0.25399458436115785,0.0002308417145824304,0.00532406688413703,187.82634060805728,2.2999989986419678
6337.904896438248,-220.0023193359375,-738.6827545166016,6.77545166015625,0.957671046257019,0.2878647446632385,0.0,0.2919964633360185,-0.00022102139696222878,0.005405821806739396,184.98574976210054,2.2499990463256836
6344.759317888622,-213.47462463378906,-736.5917510986328,6.775421142578125,0.9468386769294739,0.32170864939689636,0.0,0.32753352975450944,-6.181246170466892e-06,0.004834136977223118,206.86215651556316,2.4999988079071045
6351.710242008439,-206.92990112304688,-734.2503967285156,6.77545166015625,0.9363662004470825,0.3510247766971588,0.0,0.35866528785646823,6.2042585735611055e-06,0.003911231265021058,255.67396357847838,2.9999983310699463
6358.760799733252,-200.35928344726562,-731.6935729980469,6.775421142578125,0.9278528094291687,0.37294653058052063,0.0,0.3821826560783555,-0.00011199741609124736,0.0026271275106054467,380.6438766154675,3.699997663497925
6365.911331311981,-193.7450408935547,-728.9766082763672,6.7754364013671875,0.9226766228675842,0.3855748176574707,0.0,0.39583071195939357,0.00021194665686952163,0.0013486838662068734,741.4636039300042,4.549999237060547
6373.160868057412,-187.06605529785156,-726.1575775146484,6.77545166015625,0.9204789400100708,0.39079228043556213,0.0,0.4014921438078436,2.619658062696928e-06,0.00024152948920402872,4140.281185935286,5.450002670288086
6380.5017707290335,-180.3076171875,-723.2918548583984,6.7754364013671875,0.9213506579399109,0.38873255252838135,0.0,0.3992555452763768,1.08101266826921e-07,-0.0007710023624144767,1297.0128870531507,6.350006103515625
6387.838857616184,-173.53570556640625,-720.468017578125,6.77545166015625,0.9248409867286682,0.3803538978099823,0.0,0.3901789370576561,-0.00010975561870463224,-0.0014182088728994444,705.1147536226867,7.250009536743164
6395.061531375825,-166.84072875976562,-717.7579803466797,6.775421142578125,0.9291653633117676,0.3696644902229309,0.0,0.37864788603739546,-0.00020683432504498,-0.0016707437876174805,598.5358182453716,8.050012588500977
6401.987649860224,-160.39007568359375,-715.2360382080078,6.775421142578125,0.9335575103759766,0.35842761397361755,0.0,0.36658305686531356,0.0002357701728739059,-0.0017118637007168362,584.1586567793066,8.7000150680542
6408.606403441761,-154.197509765625,-712.8993682861328,6.77545166015625,0.9374924898147583,0.3480055630207062,0.0,0.3554428373209883,-1.888691778528795e-05,-0.0016522118061279463,605.2492763282921,9.300017356872559
6414.9647046407945,-148.22503662109375,-710.7181854248047,6.775421142578125,0.9410326480865479,0.3383156359195709,0.0,0.34512642543806576,0.001675850209315044,-0.0016226759856063228,616.2659759991111,9.750019073486328
6421.073174947656,-142.467041015625,-708.6788482666016,6.7756500244140625,0.944340169429779,0.32897070050239563,0.0,0.3352133875328881,0.001969470010609875,-0.0018060128870773032,553.70590495526,10.150020599365234
6426.948963377372,-136.907470703125,-706.7772521972656,6.775665283203125,0.9481075406074524,0.3179498314857483,0.0,0.32356632062935997,0.000539629790419216,-0.002344207201379525,426.5834519284462,10.450021743774414
6432.606236250382,-131.53085327148438,-705.0175018310547,6.7757110595703125,0.9528408050537109,0.3034704327583313,0.0,0.30833276299316614,0.0005396768152587939,-0.0031820745581437465,314.26039262365583,10.650022506713867
6438.033556440452,-126.34501647949219,-703.4165954589844,6.775726318359375,0.9586674571037292,0.2845287024974823,0.0,0.2885147934431692,0.0025357443735662955,-0.004800158145797824,208.32646959255385,10.800023078918457
6443.232876472132,-121.34007263183594,-702.0082397460938,6.775970458984375,0.9669440388679504,0.2549886703491211,0.0,0.2578359867092443,0.0011918948506162153,-0.007296780366893251,137.04674523810147,10.800023078918457
6448.195490076991,-116.51705932617188,-700.8394470214844,6.7758636474609375,0.9769740104675293,0.21335852146148682,0.0,0.21501134632037208,-0.0013809914872431328,-0.010746654820247881,93.05221175578188,10.600022315979004
6452.95671060736,-111.83802795410156,-699.9586029052734,6.7758331298828125,0.9881389141082764,0.1535627394914627,0.0,0.15417277355882442,-0.004921561589932288,-0.013841135452430216,72.24840790243266,10.246005058288574
6457.636728097388,-107.19163513183594,-699.3986053466797,6.7754058837890625,0.9964315891265869,0.08440455049276352,0.0,0.08450508959370352,-0.00453477609992925,-0.015178259594523283,65.88370647981449,9.247005462646484
6462.256030874243,-102.57786560058594,-699.1725769042969,6.7754058837890625,0.9999147057533264,0.013060139492154121,0.0,0.013060510883916476,0.0003366912438962366,-0.015778107838364967,63.37895584465892,8.248005867004395
6466.816873678694,-98.01826477050781,-699.2790069580078,6.7754364013671875,0.9981822371482849,-0.06026749312877655,0.0,-0.0603040380580533,0.00016651553763624705,-0.0160965597107105,62.12507628786102,7.2490057945251465
6471.369389077123,-93.48707580566406,-699.7191467285156,6.775421142578125,0.9910843968391418,-0.1332356482744217,0.0,-0.1336330236216038,-0.00016809239051784886,-0.015726350228740776,63.587544818405775,6.250005722045898
6475.949480950797,-88.97233581542969,-700.4900970458984,6.775421142578125,0.9792832136154175,-0.2024955004453659,0.0,-0.20390554129217953,0.00032843725923381584,-0.014923595485483257,67.0079808162006,5.799000263214111
6480.573290070078,-84.47785949707031,-701.5760498046875,6.77545166015625,0.9635166525840759,-0.267648309469223,0.0,-0.270951470274446,-0.00015556538832672828,-0.014379116135599508,69.54530379820922,4.800000190734863
6485.245709507797,-80.02061462402344,-702.9776458740234,6.7754058837890625,0.9435638785362244,-0.3311907649040222,0.0,-0.3375652624262876,0.0004681032847453359,-0.013579112704591802,73.64251418738488,4.59999942779541
6489.978231008267,-75.60585021972656,-704.6825256347656,6.7754974365234375,0.9216129183769226,-0.3881102502346039,0.0,-0.39858023741798204,0.006969150578006733,-0.012539120006851513,79.75041306356339,4.249998092651367
6494.779441190333,-71.23744201660156,-706.6746673583984,6.7760772705078125,0.8973534107208252,-0.44131264090538025,0.0,-0.4570609418594099,0.018370850411941753,-0.012215959893693402,81.86012468134075,3.8499975204467773
6499.649034753345,-66.93260192871094,-708.9509124755859,6.77728271484375,0.8694426417350769,-0.4940338730812073,0.0,-0.5167232848932268,0.03182557531025143,-0.012605202958465588,79.33232041523023,3.3499979972839355
6504.580506178912,-62.72492980957031,-711.5228576660156,6.779205322265625,0.8361066579818726,-0.548566997051239,0.0,-0.5806493417395593,0.04517366579251947,-0.012970742951905853,77.09658604043689,2.899998426437378
6509.565143078695,-58.64764404296875,-714.3903198242188,6.781768798828125,0.7988932132720947,-0.601472795009613,0.0,-0.645343417981809,0.05509594645904947,-0.01291298912889273,77.44140338215777,2.599998712539673
6514.599429798164,-54.72535705566406,-717.5462188720703,6.78472900390625,0.7583507895469666,-0.651846706867218,0.0,-0.7100170365700805,0.06015873327119836,-0.012800225595326856,78.12362309966497,2.4499988555908203
6519.683218335893,-50.97944641113281,-720.9832305908203,6.7878570556640625,0.7145242691040039,-0.6996106505393982,0.0,-0.7748524470765298,0.058547202205638804,-0.012546301224497111,79.7047657398392,2.5499987602233887
6524.821456952677,-47.425323486328125,-724.6939849853516,6.79071044921875,0.6687701344490051,-0.74346923828125,0.0,-0.8382429983467362,0.030871221202166677,-0.01178639390733588,84.8435923541973,2.7999985218048096
6530.033632083482,-44.05543518066406,-728.6702423095703,6.791015625,0.6241411566734314,-0.781311571598053,0.0,-0.8967644920848855,-0.00730391596783786,-0.010913282755878467,91.63145703902407,3.199998140335083
6535.3405216790525,-40.861602783203125,-732.9084625244141,6.7899169921875,0.5792561769485474,-0.8151454925537109,0.0,-0.9529803974686992,-0.02177538833546544,-0.010368026138494635,96.45037412542567,3.799997568130493
6540.745160722091,-37.853057861328125,-737.3983154296875,6.7886810302734375,0.5337414741516113,-0.8456476926803589,0.0,-1.0077775129022364,-0.013596713097518975,-0.009927129883852123,100.73405019376658,4.59999942779541
6546.24495836896,-35.04277038574219,-742.1259002685547,6.7884521484375,0.48783406615257263,-0.8729363679885864,0.0,-1.061189497760703,0.05110901953208069,-0.009825517897436978,101.77580565609205,5.5500030517578125
6551.834595506887,-32.45118713378906,-747.0784454345703,6.7944488525390625,0.4385986328125,-0.8986830115318298,0.0,-1.1167575837412662,0.10728252932330339,-0.009941268924868728,100.590780468521,6.5490031242370605
