s_m,x_m,y_m,z_m,dir_x,dir_y,dir_z,heading_rad,slope_pct,curvature_1_per_m,radius_m,width_m
0.0,14.800369262695312,-109.2550048828125,2.423309326171875,0.17775240540504456,0.9840752482414246,0.0,1.392094316127594,0.36858645453177846,0.0010155717686849833,984.6669933478493,3.8499975204467773
6.371171831861998,15.8746337890625,-102.97509765625,2.4467926025390625,0.1713813841342926,0.9852047562599182,0.0,1.398564698373474,0.4007554956698911,0.00040336139671062754,2479.166345998654,3.249998092651367
13.388595831011852,17.084915161132812,-96.06289672851562,2.4774017333984375,0.17325429618358612,0.9848771095275879,0.0,1.3966633427827917,0.4724188542853974,-0.00020537884621459057,4869.050627322873,2.699998617172241
20.1836177290482,18.267135620117188,-89.37159729003906,2.5118865966796875,0.1742037683725357,0.984709620475769,0.0,1.3956992109920867,0.5451983924443293,-5.870751836987986e-05,17033.593443681555,2.4999988079071045
26.727926497750136,19.40679931640625,-82.92739868164062,2.5499420166015625,0.17406584322452545,0.984734058380127,0.0,1.3958392843826077,0.6185977432042328,0.0001178222645051713,8487.360213282178,2.399998903274536
32.99368378709757,20.493911743164062,-76.75680541992188,2.5909271240234375,0.17276912927627563,0.9849624037742615,0.0,1.3971559501587756,0.6865153889885206,0.000287582023561439,3477.268807055181,2.2999989986419678
38.97432222294327,21.521591186523438,-70.86528015136719,2.6338348388671875,0.17063921689987183,0.9853336215019226,0.0,1.3993179702079437,0.7554659927910989,0.0003640874599722954,2746.5928106287793,2.2499990463256836
44.76005308077374,22.502273559570312,-65.1634521484375,2.6796722412109375,0.16854895651340485,0.9856932759284973,0.0,1.401438946706973,0.8260640727221186,0.0002168078148332142,4612.379866331292,2.1999990940093994
50.517718414317386,23.47216796875,-59.48828125,2.7291717529296875,0.1681644171476364,0.9857589602470398,0.0,1.4018290556105344,0.8933725119920549,0.00014066413762744978,7109.1325540878715,2.1499991416931152
56.28967290758516,24.43988037109375,-53.79827880859375,2.782684326171875,0.16694806516170502,0.9859656095504761,0.0,1.4030628369517395,0.9617753252911754,0.00027804927961937176,3596.4847719401528,2.099999189376831
61.97837375214015,25.383880615234375,-48.18873596191406,2.8393402099609375,0.16503280401229858,0.9862880706787109,0.0,1.4050050542313723,1.0269740371048663,0.0003422963251770439,2921.4453280583016,2.049999237060547
67.52487197941272,26.294342041015625,-42.71778869628906,2.897979736328125,0.16315530240535736,0.986600399017334,0.0,1.4069083572540708,1.096807376305653,0.0003060508821580987,3267.430542753422,1.9999991655349731
72.92502148162133,27.171234130859375,-37.38966369628906,2.95928955078125,0.1617170125246048,0.9868371486663818,0.0,1.4083660021374076,1.1690418604414443,0.00024490657429715457,4083.1896933344938,1.949999213218689
78.139173580738,28.010787963867188,-32.243927001953125,3.021942138671875,0.1605810523033142,0.9870226979255676,0.0,1.4095170165915347,1.236854739809845,0.0002759360528645227,3624.0280659917007,1.8999992609024048
83.12426602230478,28.807403564453125,-27.32330322265625,3.0852813720703125,0.15896350145339966,0.9872844815254211,0.0,1.411155614114024,1.3024653970986566,0.0003524836942649934,2837.0106653733915,1.8999992609024048
87.90658564066212,29.563690185546875,-22.601593017578125,3.1490325927734375,0.15719126164913177,0.987568199634552,0.0,1.4129504206826702,1.36514455506892,0.00029558420636680016,3383.1306898686835,1.8999992609024048
92.54029203988962,30.288742065429688,-18.025421142578125,3.2137298583984375,0.15619200468063354,0.9877266883850098,0.0,1.413962168309832,1.4281746062037415,0.00016913609190657986,5912.398641399005,1.8499993085861206
97.03789167165476,30.989715576171875,-13.583267211914062,3.27935791015625,0.15565280616283417,0.9878118634223938,0.0,1.4145080527558185,1.5338073296657762,9.64602585223906e-06,103669.63714573474,1.8499993085861206
101.3893730281632,31.668258666992188,-9.28558349609375,3.3492431640625,0.15607596933841705,0.9877450466156006,0.0,1.4140796469268508,1.7831591637874455,-3.868778087290359e-05,25847.954507527385,1.8499993085861206
105.58808326610949,32.32331848144531,-5.13909912109375,3.4312896728515625,0.15599726140499115,0.9877574443817139,0.0,1.414159325295661,2.070616531027347,0.00043506382217031736,2298.513342275845,1.8499993085861206
109.61601934553681,32.94598388671875,-1.160552978515625,3.519195556640625,0.15267731249332428,0.9882760643959045,0.0,1.4175195394158615,2.218499343192221,0.001414393948556969,707.0165995974791,1.8499993085861206
113.47560913518333,33.52203369140625,2.654815673828125,3.6061553955078125,0.14515753090381622,0.989408552646637,0.0,1.4251241383789734,2.2221527480573156,0.0025079755981443907,398.7279624011826,1.8499993085861206
117.22327876334059,34.04722595214844,6.364593505859375,3.6883087158203125,0.1339130699634552,0.990993082523346,0.0,1.4364797547385995,2.1023456432965992,0.00516095932079888,193.7624262934913,1.8999992609024048
120.87897755948826,34.495849609375,9.991912841796875,3.761962890625,0.10764189809560776,0.9941897392272949,0.0,1.4629454677066815,1.8703831650790037,0.00986409153026127,101.37781030642088,1.9999991655349731
124.44407381091563,34.80464172363281,13.543075561523438,3.8236236572265625,0.06351688504219055,0.9979807734489441,0.0,1.5072366559322206,1.535342169249887,0.014045826291155111,71.195526647636,2.2499990463256836
127.97143586401559,34.933929443359375,17.0677490234375,3.871002197265625,0.008353106677532196,0.9999651312828064,0.0,1.5624431231349276,1.1023119514792956,0.016555247631235975,60.40380804170081,2.649998664855957
131.46838312513052,34.85987854003906,20.56378173828125,3.9011993408203125,-0.05265038087964058,0.9986129999160767,0.0,1.623471063457344,0.6072153278519621,0.019246993056475148,51.95616775388071,3.2999980449676514
134.94652353204157,34.55351257324219,24.02838134765625,3.9134521484375,-0.12549714744091034,0.9920940399169922,0.0,1.6966252438559752,0.8193850018568094,0.022230925120645784,44.98238352983805,4.249998092651367
138.3902301081966,33.98588562011719,27.424697875976562,3.9575958251953125,-0.20500780642032623,0.9787603616714478,0.0,1.777268005027322,1.759959099981756,0.023273622959491452,42.967096345099975,5.248998165130615
141.81707483420752,33.148773193359375,30.746841430664062,4.034210205078125,-0.2818640470504761,0.959454357624054,0.0,1.856532702252885,2.333878857798377,0.020859000917574144,47.94093465701318,6.247998237609863
145.27591289054246,32.06463623046875,34.030303955078125,4.1183624267578125,-0.34285470843315125,0.9393884539604187,0.0,1.9207504431566582,2.055499200217481,0.017550142237919564,56.97959517612106,7.246998310089111
148.77862033546484,30.771133422851562,37.28489685058594,4.176971435546875,-0.39661160111427307,0.9179865121841431,0.0,1.9786190963053865,1.2479729254188388,0.018417708501861085,54.29557102062677,8.24599838256836
152.29858323749778,29.265106201171875,40.466278076171875,4.2058563232421875,-0.46121248602867126,0.8872897028923035,0.0,2.050157552704981,0.8863805321342233,0.02176930084995815,45.93624787917442,9.24499797821045
155.81632566549948,27.5172119140625,43.51885986328125,4.239349365234375,-0.5320520401000977,0.8467116355895996,0.0,2.1318186028454185,1.0985265949268852,0.022730136248972188,43.99445692038991,10.243997573852539
159.35373192229758,25.518356323242188,46.43705749511719,4.283416748046875,-0.5969601273536682,0.8022709488868713,0.0,2.210502959164545,1.4095958290378463,0.02187413892662321,45.716085252749814,11.242997169494629
162.92478233234337,23.2779541015625,49.217315673828125,4.33966064453125,-0.6567407846450806,0.754116415977478,0.0,2.2872849985060166,1.6297985573979434,0.020646567161220764,48.434201782378686,12.241996765136719
166.53309273117657,20.812301635742188,51.85108947753906,4.4004669189453125,-0.7088537216186523,0.7053555250167847,0.0,2.3586680912350335,1.7004763579113735,0.01872032810117924,53.41786717600358,12.898022651672363
170.18337675593847,18.14129638671875,54.33833312988281,4.463104248046875,-0.7527846693992615,0.6582668423652649,0.0,2.42307854304414,1.7415666993323753,0.015922488938619805,62.80425151211831,11.899023056030273
173.86044589123085,15.307830810546875,56.680999755859375,4.5280914306640625,-0.7860845923423767,0.618118941783905,0.0,2.47524515949656,1.6633393292989962,0.0134597597976297,74.29553090361262,10.900023460388184
177.64506097910265,12.27850341796875,58.948822021484375,4.5869903564453125,-0.8148996233940125,0.5796021223068237,0.0,2.523352307202588,1.5019502089731462,0.013197360510552258,75.77272737229741,10.200020790100098
181.54531913451467,9.04205322265625,61.12464904785156,4.6433868408203125,-0.8446885347366333,0.5352581143379211,0.0,2.5767793530411054,1.4767928575706524,0.014014534478808127,71.35449283114865,11.199020385742188
185.54215256088474,5.606658935546875,63.16648864746094,4.70367431640625,-0.8739600777626038,0.4859977662563324,0.0,2.634088199541659,1.0156748520428027,0.013286297285017401,75.26551442798687,10.245000839233398
189.6338031623055,1.979766845703125,65.06037902832031,4.7245941162109375,-0.8971378207206726,0.44175073504447937,0.0,2.684043443841898,0.549352029912209,0.01054508233598056,94.83093333353405,9.246001243591309
193.82002227409535,-1.81036376953125,66.83766174316406,4.7492218017578125,-0.9128718972206116,0.40824615955352783,0.0,2.7210606587547463,0.6166483906506315,0.007855787030559613,127.2946932127772,8.247001647949219
198.10240112474713,-5.7466583251953125,68.52395629882812,4.7768707275390625,-0.9244469404220581,0.38131067156791687,0.0,2.750378975667074,0.6940850692369493,0.004098734108172797,243.9777681616427,7.248002052307129
202.4505030661447,-9.7745361328125,70.161376953125,4.8091888427734375,-0.926602303981781,0.37604275345802307,0.0,2.7560707804300915,0.9750415299647375,0.003661114026081491,273.1409054391854,6.249001979827881
206.84424075114333,-13.85894775390625,71.77992248535156,4.8623199462890625,-0.9362510442733765,0.35133159160614014,0.0,2.78259965194024,0.8828064033775451,0.007301743215227197,136.95359731558085,5.250001907348633
211.29858303361053,-18.059906005859375,73.26063537597656,4.88690185546875,-0.9489957094192505,0.31528905034065247,0.0,2.8208314363667144,0.25642244035603,0.007712113990557601,129.66613320606507,4.399998664855957
215.67458703499148,-22.233154296875,74.57722473144531,4.8854217529296875,-0.9580270648002625,0.28667762875556946,0.0,2.850835542375833,-0.15926733137830995,0.006708559037390371,149.06330769789272,3.5499978065490723
219.96634421312964,-26.361785888671875,75.74916076660156,4.8733062744140625,-0.9657213091850281,0.2595810294151306,0.0,2.8790043124438163,-0.2994535954162658,0.0062688657491390964,159.51849026872685,2.7999985218048096
224.1687945899033,-30.43377685546875,76.78805541992188,4.860015869140625,-0.9719395637512207,0.23523077368736267,0.0,2.904136659988356,-0.3231418629296656,0.0053221000813443164,187.89575256303874,2.2499990463256836
228.2672916486097,-34.42680358886719,77.71176147460938,4.84649658203125,-0.9762725234031677,0.21654558181762695,0.0,2.9233179582676074,-0.15301225846051647,0.004482381126924728,223.09570999958228,1.7999993562698364
232.27251798505017,-38.34446716308594,78.544677734375,4.8472900390625,-0.979848325252533,0.19974292814731598,0.0,2.940497096379754,0.14896987685175667,0.0046723038493050595,214.02717636797877,1.4999996423721313
236.09122093582667,-42.0928955078125,79.27383422851562,4.8576812744140625,-0.9835092425346375,0.18085774779319763,0.0,2.9597341381712776,0.33119966905467146,0.00694676152293644,143.95196908635114,1.2499998807907104
239.67461368560376,-45.6259765625,79.87203979492188,4.8715362548828125,-0.9886893630027771,0.14997775852680206,0.0,2.9910468755971564,0.37466884133822154,0.01164602955230204,85.86617400454155,1.100000023841858
243.09834353415667,-49.021759033203125,80.30842590332031,4.88397216796875,-0.9948875904083252,0.10098873823881149,0.0,3.0404314654898963,0.32723976568038715,0.017924182913359232,55.79054871475793,1.100000023841858
246.40011352600862,-52.31596374511719,80.53160095214844,4.8936309814453125,-0.9995246529579163,0.03083031065762043,0.0,3.1107574573812498,0.37183455205460625,0.022549044810730112,44.34777651974612,1.2999998331069946
249.62629411276671,-55.542022705078125,80.50762939453125,4.9081268310546875,-0.9989489912986755,-0.04583505168557167,0.0,-3.0957415365412717,0.7588236810462834,0.023067394736434654,43.35123282996986,1.7499994039535522
252.80271456129782,-58.707672119140625,80.24845886230469,4.9419097900390625,-0.9931719899177551,-0.1166592687368393,0.0,-3.024667140130316,1.6570862819526022,0.021010069163443,47.59622599148675,2.5499987602233887
256.00799246339943,-61.8770751953125,79.77574157714844,5.01422119140625,-0.9838702082633972,-0.17888383567333221,0.0,-2.9617407838121625,2.270374428473221,0.020569416150387154,48.61586700802775,3.499997854232788
259.2740920620177,-65.06735229492188,79.08006286621094,5.0888519287109375,-0.9688745141029358,-0.24755226075649261,0.0,-2.8914395839254037,2.0620139309202035,0.02222290448993447,44.998618450299105,4.498997688293457
262.5634781083608,-68.22137451171875,78.14810180664062,5.1492919921875,-0.9474697113037109,-0.3198455274105072,0.0,-2.816026210325393,1.5947649270925734,0.022561266738761243,44.32375236634902,5.497997760772705
265.8683229847246,-71.3109130859375,76.97560119628906,5.193939208984375,-0.9214826226234436,-0.38841965794563293,0.0,-2.7426766929031667,1.264531733245855,0.021624433699600654,46.24398557167614,6.496997833251953
269.19749538350527,-74.33157348632812,75.57650756835938,5.2331390380859375,-0.8920227885246277,-0.4519904553890228,0.0,-2.6725971843217478,0.9683604966100878,0.02213689373023353,45.17345623041262,7.495997905731201
272.5279152204826,-77.24334716796875,73.96014404296875,5.2584228515625,-0.8544310927391052,-0.5195646286010742,0.0,-2.595251295441957,0.7688875809779838,0.024482890058956208,40.844851142652786,8.49499797821045
275.84597563928776,-80.00344848632812,72.11875915527344,5.2842559814453125,-0.8070021271705627,-0.590548574924469,0.0,-2.509854232097187,0.7906916802502328,0.02661984942762874,37.5659525317262,8.89001178741455
279.1495127868847,-82.57896423339844,70.05009460449219,5.3107757568359375,-0.7501009106636047,-0.6613234281539917,0.0,-2.419010951612192,0.8449221018147601,0.02751654535352821,36.34177136526983,9.030008316040039
282.41111461967176,-84.9244384765625,67.78382873535156,5.339691162109375,-0.6877676844596863,-0.7259308695793152,0.0,-2.3292057671356545,1.0138271071205018,0.024111525387494948,41.47394177386362,9.170005798339844
285.662899122304,-87.07444763183594,65.34452819824219,5.3767852783203125,-0.6373850703239441,-0.770545482635498,0.0,-2.261896172194193,1.4381462660784772,0.018772658078382465,53.268961477093306,9.310002326965332
288.92770819163576,-89.08668518066406,62.77418518066406,5.4334869384765625,-0.5940836071968079,-0.8044033050537109,0.0,-2.206922271489087,1.4889835112122607,0.02065268620252525,48.419851548305026,9.44999885559082
292.17911678766353,-90.92027282714844,60.08941650390625,5.473876953125,-0.528323233127594,-0.8490433096885681,0.0,-2.127420792342384,0.8298405359098093,0.027385921026351845,36.515112967636156,9.164286613464355
295.3688976983712,-92.47360229492188,57.303436279296875,5.4874420166015625,-0.444025456905365,-0.8960142135620117,0.0,-2.0308826324915796,0.27432906492430575,0.030354878381940176,32.94363388373699,8.878573417663574
298.4927781588877,-93.72601318359375,54.44160461425781,5.49139404296875,-0.3569360375404358,-0.9341288805007935,0.0,-1.93578211583283,0.15386648463274755,0.030808033254576705,32.45906649530912,8.59286117553711
301.55055191363425,-94.68113708496094,51.536834716796875,5.496917724609375,-0.26643210649490356,-0.963853657245636,0.0,-1.840485766122914,0.5242665022555215,0.03144973141213958,31.796773934101086,8.307147979736328
304.54727286568766,-95.34176635742188,48.61395263671875,5.5227203369140625,-0.1737220585346222,-0.9847947359085083,0.0,-1.7454042708410817,1.5147652318880378,0.030672784877372683,32.60219129100665,8.021435737609863
307.49145027440665,-95.72392272949219,45.69537353515625,5.5862274169921875,-0.08724451065063477,-0.9961869120597839,0.0,-1.6581518981078438,2.7752991715582764,0.02830613731228271,35.328027592308615,7.73572301864624
310.39489787581977,-95.864501953125,42.7969970703125,5.68450927734375,-0.00897660106420517,-0.9999597072601318,0.0,-1.5797730484384296,3.7101399440221394,0.02650040634439821,37.73527043336772,7.450010299682617
313.26074879741986,-95.78155517578125,39.93467712402344,5.8000335693359375,0.065523162484169,-0.9978510141372681,0.0,-1.5052261863070913,4.1740168428255675,0.025575705530934467,39.099605631229785,7.1500091552734375
316.0934085857665,-95.49710083007812,37.118988037109375,5.922271728515625,0.1363692730665207,-0.9906581044197083,0.0,-1.4340008140414437,4.326565562507434,0.0266727832003133,37.49140059700459,6.8000078201293945
318.8822888192004,-95.01181030273438,34.37532043457031,6.043243408203125,0.21371814608573914,-0.9768953919410706,0.0,-1.3554168626458918,4.2512327848044595,0.030330680300257207,32.9699166026131,6.450006484985352
321.6202572752815,-94.31158447265625,31.730865478515625,6.157318115234375,0.29954084753990173,-0.9540835022926331,0.0,-1.266584966580184,3.9899162953471734,0.03373602584868174,29.6419028277178,6.150005340576172
324.3160285964969,-93.385498046875,29.201248168945312,6.26019287109375,0.3881138265132904,-0.921611487865448,0.0,-1.172212238236139,3.562824111320251,0.0350752713601441,28.510114425979786,5.950004577636719
327.002871444122,-92.2274169921875,26.778427124023438,6.3491363525390625,0.4732767641544342,-0.8809137940406799,0.0,-1.077789518768739,3.044397850142433,0.034617132572652975,28.88743017352007,5.800004005432129
329.7040233780839,-90.8409423828125,24.461471557617188,6.4241485595703125,0.5522710084915161,-0.83366459608078,0.0,-0.9857103873535786,2.7474389194301008,0.03247837755353877,30.78971535297773,5.825008869171143
332.4255085652777,-89.2425537109375,22.26007080078125,6.49810791015625,0.620248556137085,-0.7844053506851196,0.0,-0.9017368013219077,2.733069255053988,0.027858319105413476,35.895920217443354,5.850013732910156
335.18003478014793,-87.45860290527344,20.162643432617188,6.573822021484375,0.6723945736885071,-0.7401928901672363,0.0,-0.8333571960064303,2.782917407941654,0.020979365595809596,47.66588367189422,5.450008869171143
337.985132037669,-85.52090454101562,18.135910034179688,6.652862548828125,0.7070404887199402,-0.7071730494499207,0.0,-0.7854918979898662,2.8779756712397297,0.014895583244139754,67.13399425923264,5.050004482269287
340.86172013183494,-83.45013427734375,16.141036987304688,6.7374267578125,0.7323434948921204,-0.6809353828430176,0.0,-0.7490391281265443,3.0324510120898873,0.012411124071666113,80.57287915467245,4.649999618530273
343.8190645740751,-81.24998474121094,14.167037963867188,6.829925537109375,0.7563186287879944,-0.6542035341262817,0.0,-0.7131290004217236,3.2700874216858633,0.011852897206852675,84.36755862708878,4.499999046325684
346.8558735017744,-78.91827392578125,12.224212646484375,6.9336700439453125,0.7788050770759583,-0.627265989780426,0.0,-0.678037720229303,3.5553705715070105,0.007702789022808965,129.8231065447683,4.349998474121094
349.95440251686097,-76.49092102050781,10.301788330078125,7.0482330322265625,0.7860829830169678,-0.6181210875511169,0.0,-0.6663501756020979,3.7267191626021656,-0.00016509301500966522,6057.1914562312395,4.249998092651367
353.1241283820045,-74.010498046875,8.331893920898438,7.1673126220703125,0.7777992486953735,-0.6285127401351929,0.0,-0.6796396184306887,3.8044001509871306,-0.007257180251465933,137.7945655680803,4.149997711181641
356.37410244234644,-71.51603698730469,6.2523956298828125,7.29254150390625,0.7561169266700745,-0.6544365286827087,0.0,-0.7134371727715932,3.9349398639668465,-0.012673854301863408,78.90259554687893,4.049997329711914
359.69847540041405,-69.05714416503906,4.019134521484375,7.4261322021484375,0.7225556969642639,-0.6913127303123474,0.0,-0.763304252657742,4.155706600878828,-0.01745368519645485,57.29449046113869,3.8999974727630615
363.054612429534,-66.708984375,1.6255950927734375,7.57025146484375,0.6747331023216248,-0.738061785697937,0.0,-0.8301932852781544,4.5079996312017645,-0.022877496415145915,43.71107667786392,3.8499975204467773
366.37193326248547,-64.57591247558594,-0.9101715087890625,7.726806640625,0.6091969609260559,-0.7930189967155457,0.0,-0.915748791113313,4.8423256582991625,-0.027662707205897585,36.14975181412482,3.799997568130493
369.6251061037274,-62.71998596191406,-3.577117919921875,7.8882598876953125,0.5304092764854431,-0.8477417230606079,0.0,-1.0117130591699754,4.952300481727545,-0.03059794717192632,32.68193105835224,3.8999974727630615
372.81280220252796,-61.16825866699219,-6.357177734375,8.045791625976562,0.4422561526298523,-0.8968887329101562,0.0,-1.1126836530303157,4.960943957223707,-0.03231137848024057,30.948849818076674,4.049997329711914
375.93740165066896,-59.93272399902344,-9.222900390625,8.201385498046875,0.3477814495563507,-0.93757563829422,0.0,-1.2155925302927764,5.015123500544694,-0.033378294416774756,29.959589531855624,4.249998092651367
379.0036976236012,-59.0167236328125,-12.14508056640625,8.356231689453125,0.24887870252132416,-0.9685347080230713,0.0,-1.3192739813429808,5.148227385465898,-0.0341598314185223,29.274149153375955,4.44999885559082
382.0254422139932,-58.41839599609375,-15.102752685546875,8.514724731445312,0.1467362642288208,-0.9891756176948547,0.0,-1.4235283131265881,5.389543056106483,-0.034478581480585246,29.003513400430815,4.59999942779541
385.0049425569447,-58.133270263671875,-18.063995361328125,8.679550170898438,0.044591233134269714,-0.9990053772926331,0.0,-1.526190305772164,5.388880258006967,-0.03468557283342122,28.830430588606333,4.800000190734863
387.9407587127446,-58.151031494140625,-20.995712280273438,8.8336181640625,-0.05785590037703514,-0.9983249306678772,0.0,-1.6286845535797845,5.0578298203887595,-0.03509194666099713,28.496566738243903,5.05000114440918
390.85352123427333,-58.46875,-23.887619018554688,8.975448608398438,-0.1599339097738266,-0.9871276617050171,0.0,-1.731420037377506,4.587354893525086,-0.03401987594431255,29.394581027776507,5.300002098083496
393.7937295586165,-59.080291748046875,-26.7607421875,9.101959228515625,-0.2541188895702362,-0.9671729803085327,0.0,-1.8277329065611831,3.971539837226601,-0.0299791145403564,33.35655556650446,5.500002861022949
396.8025840225453,-59.96635437011719,-29.63409423828125,9.211257934570312,-0.33215320110321045,-0.9432253837585449,0.0,-1.9093818157809619,3.235052254334181,-0.02569770603637478,38.91397927054316,5.600003242492676
399.9011195389382,-61.1048583984375,-32.514556884765625,9.298812866210938,-0.40192726254463196,-0.9156715869903564,0.0,-1.9844169605350024,2.682856637747655,-0.022417299428303616,44.60840625331617,5.600003242492676
403.0953616991159,-62.48692321777344,-35.3931884765625,9.379806518554688,-0.4611607491970062,-0.8873166441917419,0.0,-2.0500992214843623,2.5016595916958817,-0.018942601290296568,52.79105993284325,5.600003242492676
406.39696506251414,-64.09335327148438,-38.27647399902344,9.46124267578125,-0.5109719634056091,-0.859597384929657,0.0,-2.107111453500439,2.338268127372012,-0.016920481206770144,59.09997403619258,6.050004959106445
409.81036296690473,-65.91943359375,-41.15936279296875,9.536529541015625,-0.558722734451294,-0.8293545246124268,0.0,-2.163641247324868,1.9381719515193518,-0.016499574542260365,60.607623392875965,6.650007247924805
413.3327286783934,-67.97108459472656,-44.021942138671875,9.595077514648438,-0.6057742834091187,-0.7956365942955017,0.0,-2.2215349686611474,1.4813818856501904,-0.01587158042272452,63.005697817479216,7.300009727478027
416.96149641960113,-70.24980163574219,-46.84562683105469,9.642074584960938,-0.6489646434783936,-0.760818600654602,0.0,-2.277019104862239,1.1027806405387919,-0.013686716011109046,73.06354564442879,7.850011825561523
420.699183131264,-72.74191284179688,-49.63104248046875,9.675888061523438,-0.6825211644172668,-0.7308657765388489,0.0,-2.322003024245568,0.739146714501171,-0.01027119671500032,97.35963858423375,8.200013160705566
424.54995721173884,-75.41777038574219,-52.400115966796875,9.697784423828125,-0.7059476971626282,-0.7082639336585999,0.0,-2.3545566628867234,0.4397685273548557,-0.00792085573988488,126.24898531664633,8.450014114379883
428.52389087919596,-78.26338195800781,-55.17401123046875,9.709976196289062,-0.7263879179954529,-0.6872848868370056,0.0,-2.3838480341474417,0.2176812262977723,-0.007714752683614323,129.62178322630362,8.650014877319336
432.6299814502943,-81.29232788085938,-57.94627380371094,9.715133666992188,-0.7487592101097107,-0.6628421545028687,0.0,-2.416984454328987,0.06469000718012374,-0.0075287661712242215,132.8238887033191,8.7000150680542
436.86919398955007,-84.50950622558594,-60.70683288574219,9.7152099609375,-0.7680144906044006,-0.6404324769973755,0.0,-2.4465314160165166,0.01948061841148263,-0.006050355457856704,165.27954546892735,8.600014686584473
441.2394676921552,-87.89842224121094,-63.466278076171875,9.71685791015625,-0.7821031808853149,-0.6231489181518555,0.0,-2.4688301426493875,0.7629167266344661,-0.004329020736360989,230.99912449035955,8.40001392364502
445.7346337477137,-91.43730163574219,-66.23724365234375,9.784683227539062,-0.7919022440910339,-0.6106479167938232,0.0,-2.4847141591133304,2.0538707887368,-0.002948946507964012,339.10415034635946,8.050012588500977
450.34470078734233,-95.10263061523438,-69.03073120117188,9.905136108398438,-0.7984694242477417,-0.6020353436470032,0.0,-2.4955449216449788,2.5843622341808814,-0.0020951626005695223,477.28992476678076,7.600010871887207
454.9770905174856,-98.8125,-71.80235290527344,10.023529052734375,-0.8035711050033569,-0.5952087640762329,0.0,-2.50406723212065,1.8997840336911986,-0.0015876363270330152,629.8671698126273,7.100008964538574
459.52291418789207,-102.47340393066406,-74.49661254882812,10.08062744140625,-0.8071825504302979,-0.5903019309043884,0.0,-2.5101598230356723,0.8094237449314923,-0.0012308051094624406,812.4763151468833,6.650007247924805
463.9836702633482,-106.08100891113281,-77.12020874023438,10.097183227539062,-0.8101305365562439,-0.586249589920044,0.0,-2.515171024573867,0.6762554569063939,-0.0009310744507390334,1074.027967587616,6.150005340576172
468.305900644945,-109.58631896972656,-79.64859008789062,10.139190673828125,-0.8120133876800537,-0.5836388468742371,0.0,-2.51838989331376,1.255497386418658,-0.0009653963674435273,1035.8439639130886,5.650003433227539
472.4081555701666,-112.92239379882812,-82.03504943847656,10.201736450195312,-0.8148167729377747,-0.5797185897827148,0.0,-2.5232093776019626,1.7484468056615077,-0.0013954507249993586,716.6143397864942,5.100001335144043
476.2690781790125,-116.0748291015625,-84.26286315917969,10.277374267578125,-0.8183892369270325,-0.574664294719696,0.0,-2.529398765262501,2.1298413221206847,-0.000152109914524301,6574.193425374915,4.59999942779541
479.8686926848918,-119.018798828125,-86.33251953125,10.359771728515625,-0.8158979415893555,-0.5781959295272827,0.0,-2.5250768413682665,1.7067539331663273,0.0028918000438954428,345.80537548264743,4.149997711181641
483.20327021371236,-121.72543334960938,-88.27983093261719,10.398696899414062,-0.8072121143341064,-0.5902615189552307,0.0,-2.5102098944829407,0.45245003190514943,0.0052517866286097,190.41139153528957,3.799997568130493
486.31547342769073,-124.22125244140625,-90.1390380859375,10.392013549804688,-0.7960644960403442,-0.6052117347717285,0.0,-2.491560807937792,-0.46900504572735535,0.00720514368235059,138.78973745514014,3.6499977111816406
489.2643908708461,-126.5478515625,-91.95083618164062,10.371078491210938,-0.7809141874313354,-0.6246383190155029,0.0,-2.4669243563175987,-0.570304157581969,0.009320818028428435,107.28672064512004,3.5499978065490723
492.1236982152318,-128.7552490234375,-93.76821899414062,10.358642578125,-0.7622600197792053,-0.6472708582878113,0.0,-2.4375939707347776,0.05707943217305722,0.012276525745601785,81.45627034246739,3.5499978065490723
494.9343660293476,-130.86412048339844,-95.62625122070312,10.37384033203125,-0.7357105016708374,-0.6772961020469666,0.0,-2.397511463585366,1.3704945273163238,0.018224630098779948,54.87079817696521,3.6499977111816406
497.7041311417906,-132.8462371826172,-97.5599365234375,10.4344482421875,-0.6928386688232422,-0.721092700958252,0.0,-2.336214544216605,2.8574784147122667,0.024015204103227772,41.64028736551919,4.44999885559082
500.4338934043432,-134.6662139892578,-99.59219360351562,10.53045654296875,-0.6402260661125183,-0.7681865096092224,0.0,-2.2655888712495664,3.7929529162373354,0.025945235322592075,38.542722298195535,4.75
503.12428054612246,-136.314453125,-101.71575927734375,10.639816284179688,-0.5849325060844421,-0.8110819458961487,0.0,-2.195593181948563,4.196284557768859,0.026055404431806095,38.37975352166439,5.250001907348633
505.7757978309495,-137.78880310058594,-103.91659545898438,10.7545166015625,-0.5274616479873657,-0.8495787978172302,0.0,-2.126406358201324,4.351515913377213,0.026652582334574904,37.51981655836613,5.800004005432129
508.38875857513887,-139.08795166015625,-106.18081665039062,10.868881225585938,-0.4657905399799347,-0.8848950862884521,0.0,-2.0553240625998574,4.2400207798495515,0.02853559491015778,35.043951357889206,6.500006675720215
510.9623169143026,-140.198486328125,-108.50003051757812,10.974533081054688,-0.3965115547180176,-0.9180297255516052,0.0,-1.9785101161393417,3.7616172172325157,0.03116293525683378,32.08940338123984,7.250009536743164
513.4973538878268,-141.10879516601562,-110.86439514160156,11.061309814453125,-0.3197157680988312,-0.9475134611129761,0.0,-1.8962258338568216,3.137754048196273,0.034865562442171316,28.681596680352396,8.050012588500977
515.9944776067294,-141.79855346679688,-113.2633056640625,11.132644653320312,-0.23035824298858643,-0.9731059074401855,0.0,-1.8032421342948763,2.4643660460447414,0.03934115129058369,25.418676556101452,8.950016021728516
518.4536340909118,-142.24415588378906,-115.68121337890625,11.183746337890625,-0.13023138046264648,-0.9914835691452026,0.0,-1.7013986786923392,1.7143658149204377,0.04289909281202775,23.31051624755167,9.800019264221191
520.8761131614792,-142.43276977539062,-118.09611511230469,11.216598510742188,-0.023134134709835052,-0.9997323751449585,0.0,-1.5939325254042538,1.0039871380592036,0.044207207334221565,22.620745808249296,10.55002212524414
523.2642771766988,-142.3606719970703,-120.48313903808594,11.232284545898438,0.08198118209838867,-0.9966338276863098,0.0,-1.4887230303450978,-0.6703131000857621,0.042898888857007544,23.310627073191657,11.00002384185791
525.6454458331675,-142.04641723632812,-122.84300231933594,11.184814453125,0.18048450350761414,-0.9835778474807739,0.0,-1.3893173083274306,-2.898643862741279,0.04245849828153625,23.552410953612693,11.400025367736816
528.0480297550079,-141.493896484375,-125.17939758300781,11.093231201171875,0.2813636362552643,-0.9596011638641357,0.0,-1.2855814521069864,-3.611378105362828,0.04514682630947098,22.14995120908905,11.700026512145996
530.4907491491188,-140.67518615722656,-127.47932434082031,11.009994506835938,0.38977617025375366,-0.920909583568573,0.0,-1.1704077834072202,-1.2959383890831067,0.04564745355864708,21.907027052784375,11.950027465820312
532.9864513561399,-139.57479858398438,-129.71923828125,11.031494140625,0.4885964095592499,-0.8725099563598633,0.0,-1.0603160022699454,2.068936396532317,0.04127961318423479,24.225033203119082,11.850027084350586
535.5299456937882,-138.22474670410156,-131.87322998046875,11.11541748046875,0.571334719657898,-0.8207170963287354,0.0,-0.9626650759038332,3.4290334616648543,0.03871846255825595,25.827471803545816,11.500025749206543
538.078511152568,-136.66835021972656,-133.88931274414062,11.20611572265625,0.6500424742698669,-0.7598978281021118,0.0,-0.863155965692193,3.1710819300245774,0.03983380666913949,25.104304198341445,11.100024223327637
540.5820727100092,-134.94773864746094,-135.70657348632812,11.275970458984375,0.723808765411377,-0.6900007128715515,0.0,-0.7614899839426902,2.069619656040711,0.04206240965482744,23.77419668074655,10.600022315979004
543.0371975844264,-133.08482360839844,-137.3053436279297,11.309432983398438,0.7932177186012268,-0.6089380383491516,0.0,-0.6547211443766393,1.174090764481761,0.04558850527721647,21.935353965197116,10.050020217895508
545.4423573932843,-131.09811401367188,-138.66078186035156,11.333221435546875,0.8576446175575256,-0.5142428874969482,0.0,-0.5401246229998337,1.0746382408704402,0.04899860117832988,20.408745881551003,9.200016975402832
547.7962599746007,-129.0113983154297,-139.74969482421875,11.360488891601562,0.912406325340271,-0.4092855751514435,0.0,-0.4216709162954103,1.1375425575344433,0.051340692512695574,19.47772714115064,8.300013542175293
550.099125741233,-126.85772705078125,-140.564697265625,11.386215209960938,0.9549973011016846,-0.2966145873069763,0.0,-0.30114573889584656,1.0017040885579753,0.0534102427811356,18.72300045700594,7.450010299682617
552.3496016167164,-124.67228698730469,-141.1014404296875,11.406219482421875,0.9840956926345825,-0.17763923108577728,0.0,-0.17858700458299015,0.9801520537941588,0.055777555758885766,17.92835821495625,6.650007247924805
554.5485427284362,-122.48837280273438,-141.35699462890625,11.429733276367188,0.998590350151062,-0.05307752266526222,0.0,-0.053102478556196035,1.2103084181728452,0.05933058961447912,16.854711987489814,6.000004768371582
556.6999972142717,-120.33723449707031,-141.33421325683594,11.458740234375,0.9968565106391907,0.07922864705324173,0.0,0.079311767565462,1.3968419778806584,0.06230035222950292,16.05127361585671,5.300002098083496
558.8626529373972,-118.198486328125,-141.0150604248047,11.490005493164062,0.976830005645752,0.2140166461467743,0.0,0.21568504171996214,1.4693858210208521,0.06733384264677356,14.851372811825067,4.699999809265137
561.0834569743328,-116.07443237304688,-140.3675537109375,11.523178100585938,0.9305183291435242,0.36624544858932495,0.0,0.3749708796280385,1.770249873737928,0.06748613540866355,14.817858422985424,4.149997711181641
563.344280263324,-114.03688049316406,-139.38900756835938,11.569564819335938,0.8689149618148804,0.4949614703655243,0.0,0.5177904694608969,1.954521656127417,0.05868771290956243,17.039341804663554,3.8499975204467773
565.6581899980687,-112.10520935058594,-138.11582946777344,11.61248779296875,0.8003186583518982,0.5995749235153198,0.0,0.64296985258105,1.7884283339773432,0.04915290974339159,20.344675528277264,3.699997663497925
568.041224867639,-110.2767333984375,-136.588134765625,11.653472900390625,0.7330744862556458,0.6801483631134033,0.0,0.7479650012504373,1.6880203144369776,0.042153191637223086,23.722996080727537,3.699997663497925
570.5074371313215,-108.55685424804688,-134.82106018066406,11.694290161132812,0.6621901988983154,0.749335765838623,0.0,0.8470584508376879,1.7025543874091387,0.03449525953794397,28.989490538548456,3.799997568130493
573.0647878582507,-106.93858337402344,-132.8413543701172,11.739089965820312,0.6056620478630066,0.7957219481468201,0.0,0.9201986888043631,2.0187581305138647,0.025862489650499088,38.66603770610701,3.99999737739563
575.7323361702548,-105.3924560546875,-130.66844177246094,11.800369262695312,0.5557171702384949,0.8313714861869812,0.0,0.9815710144752964,2.4506259812111075,0.018407363377355157,54.32608568102728,4.199997901916504
578.5084357100194,-103.89891052246094,-128.3294677734375,11.872833251953125,0.5238916277885437,0.8517849445343018,0.0,1.01938297905722,2.784631000561766,0.011230378845938693,89.04419109259487,4.2999982833862305
581.4082112355961,-102.41294860839844,-125.84085083007812,11.9588623046875,0.5021536946296692,0.8647783398628235,0.0,1.0447088622936902,2.8984995596026852,0.00756848938109389,132.1267626401119,4.249998092651367
584.4293211441933,-100.92347717285156,-123.21382141113281,12.044281005859375,0.4854605793952942,0.8742586374282837,0.0,1.0639064519298804,2.8133759887428056,0.00488565757315973,204.68073847288977,3.99999737739563
587.584958702006,-99.40875244140625,-120.4468994140625,12.132598876953125,0.47618749737739563,0.8793437480926514,0.0,1.0744823413744056,2.7366196653436203,0.002069023198001174,483.3198588426037,3.5999977588653564
590.8738509657085,-97.84889221191406,-117.55278015136719,12.220474243164062,0.4740677773952484,0.8804883360862732,0.0,1.0768913447979576,2.533302740286092,-0.001232912309330647,811.0876924757965,3.149998188018799
594.2198829835506,-96.25125122070312,-114.6138916015625,12.300521850585938,0.48356306552886963,0.8753094673156738,0.0,1.0660755079593889,2.2558567780565086,-0.006434211367451592,155.4192025861394,2.7499985694885254
597.5316684850096,-94.61027526855469,-111.73809814453125,12.370758056640625,0.5111520290374756,0.8594903349876404,0.0,1.0342717166271382,2.001225682964347,-0.013381075331835302,74.73240940665443,2.399998903274536
600.7959012196333,-92.86849975585938,-108.97808837890625,12.432235717773438,0.558319091796875,0.8296263217926025,0.0,0.9784380283941577,1.7350082343465356,-0.01764248473311225,56.68135838729975,2.049999237060547
604.0143433370081,-90.9930419921875,-106.36305236816406,12.483367919921875,0.6058598160743713,0.7955713868141174,0.0,0.9199501309957699,1.1923158563073466,-0.015269079744461456,65.4918316451081,1.699999451637268
607.1922091410854,-89.01153564453125,-103.87873840332031,12.508819580078125,0.636736273765564,0.7710816264152527,0.0,0.8805381387821665,0.5056411131510563,-0.00830555796431165,120.40130287416257,1.7999993562698364
610.3353763019231,-86.99110412597656,-101.47097778320312,12.515533447265625,0.6469888091087341,0.7624995708465576,0.0,0.8671676931830837,0.022746575479404285,-0.002857067743554431,350.0092016564915,2.2499990463256836
613.4473980395403,-84.97038269042969,-99.10426330566406,12.510360717773438,0.6504800319671631,0.7595233917236328,0.0,0.8625800669614292,-0.04510458856437083,-0.001841046023675963,543.1694738425546,2.8499984741210938
616.5281170168273,-82.96124267578125,-96.76884460449219,12.512664794921875,0.6556226015090942,0.7550886869430542,0.0,0.8557894259204117,0.2714426544752069,-0.005221332996733219,191.52197353159823,3.3999979496002197
619.5764279887259,-80.93780517578125,-94.48899841308594,12.526870727539062,0.6743052005767822,0.7384527325630188,0.0,0.8307728880564249,0.422516357526348,-0.009325621857795952,107.23145493659801,3.8499975204467773
622.5922349550196,-78.86970520019531,-92.29402160644531,12.538314819335938,0.6972014307975769,0.7168752551078796,0.0,0.7993101069658322,0.33056335075944965,-0.011175485730158474,89.48156922623707,4.199997901916504
625.5644025031,-76.76231384277344,-90.19816589355469,12.546707153320312,0.7221307754516602,0.6917566061019897,0.0,0.7639187313018173,0.21573380220041294,-0.01442693448804544,69.31479454825471,4.44999885559082
628.4563619161054,-74.62834167480469,-88.24635314941406,12.551071166992188,0.7550228238105774,0.6556985378265381,0.0,0.715107420889266,0.05711838607962427,-0.019567384820116773,51.10544966499168,4.549999237060547
631.2950971295801,-72.42987060546875,-86.45048522949219,12.550079345703125,0.7948307991027832,0.6068311333656311,0.0,0.6520676406990409,-0.14878173546741813,-0.024378933729938712,41.01902122043768,4.499999046325684
634.1029872501716,-70.13761901855469,-84.82882690429688,12.542739868164062,0.8377853631973267,0.5459997653961182,0.0,0.5775819754048462,-0.37484557487386105,-0.02847056747096155,35.1239925589803,4.2999982833862305
636.8789459347031,-67.75152587890625,-83.41026306152344,12.529220581054688,0.8808149099349976,0.47346076369285583,0.0,0.49321569530786197,-0.42708692082631394,-0.032867912445742054,30.42481026596343,3.9499974250793457
639.6204326366015,-65.27818298339844,-82.22779846191406,12.519134521484375,0.9224550724029541,0.3861043453216553,0.0,0.3964047190630924,-0.31564150012379777,-0.035412293635453285,28.238780867863426,2.9900002479553223
642.3460312402834,-62.71589660644531,-81.29853820800781,12.511947631835938,0.955449640750885,0.2951540946960449,0.0,0.2996168012708819,-0.21720887791616406,-0.035215381663829426,28.396682152876515,2.7400002479553223
645.0719002657536,-60.07611083984375,-80.61892700195312,12.507293701171875,0.9791769981384277,0.20300844311714172,0.0,0.20442936560412628,-0.10298402845920762,-0.03456993389188834,28.92687047442243,2.870000123977661
647.7952579761231,-57.38655090332031,-80.19120788574219,12.506332397460938,0.9938197135925293,0.11100638657808304,0.0,0.11123563564385357,0.10547605507356117,-0.03384070518951732,29.550211628266112,2.870000123977661
650.5323774267036,-54.65531921386719,-80.01190185546875,12.513092041015625,0.9998068809509277,0.019652172923088074,0.0,0.01965343804397018,0.3218882511262233,-0.033278949332769425,30.049025586733613,3.120000123977661
653.2830539710081,-51.90559387207031,-80.08340454101562,12.524017333984375,0.997452974319458,-0.07132692635059357,0.0,-0.07138754608537931,0.4098649785205577,-0.03256791534066927,30.705066306508336,3.4700002670288086
656.0662771998502,-49.1412353515625,-80.40669250488281,12.535781860351562,0.9871411919593811,-0.15985074639320374,0.0,-0.16053945375709783,0.4218458952188531,-0.031038897732063253,32.217638932680195,3.820000171661377
658.9079562348436,-46.35810852050781,-80.98045349121094,12.547744750976562,0.9699281454086304,-0.24339152872562408,0.0,-0.24586100042721235,0.4228001186938002,-0.029908494254871965,33.43531745457578,4.170000076293945
661.8148210893329,-43.57160949707031,-81.80818176269531,12.560089111328125,0.9452441334724426,-0.3263639807701111,0.0,-0.33245437619070384,0.4223697782578473,-0.031066711373009426,32.18879488058057,4.570000171661377
664.7535902873515,-40.84185791015625,-82.8966064453125,12.572433471679688,0.9099853038787842,-0.4146403670310974,0.0,-0.42754758564062134,0.43064865743827063,-0.03306306637884193,30.245228574441317,4.970000267028809
667.6558192764069,-38.26243591308594,-84.22677612304688,12.585235595703125,0.8650609254837036,-0.501666784286499,0.0,-0.5255244935051504,0.3942869802612936,-0.03549797848442626,28.170618235027717,5.4200005531311035
670.5131291717632,-35.86700439453125,-85.78434753417969,12.595184326171875,0.806939423084259,-0.5906342267990112,0.0,-0.6318445725425855,0.6119011116322959,-0.0412017148492545,24.27083444605932,5.700003623962402
673.3386819541134,-33.69325256347656,-87.58932495117188,12.619842529296875,0.7252382040023804,-0.6884980797767639,0.0,-0.7594160499813263,1.22027540308296,-0.0473670425324666,21.11172550649693,6.150005340576172
676.1088319074684,-31.819244384765625,-89.62892150878906,12.6630859375,0.6242281794548035,-0.7812420725822449,0.0,-0.8966531229797542,1.7099542401400214,-0.049411665474669575,20.238135881346494,6.550006866455078
678.8213942911593,-30.272140502929688,-91.85646057128906,12.713424682617188,0.5145266652107239,-0.8574743866920471,0.0,-1.0303407833567573,1.884910898521186,-0.04589025498129473,21.79111884228163,6.8000078201293945
681.5248234085606,-29.022903442382812,-94.25338745117188,12.765167236328125,0.412812739610672,-0.9108158946037292,0.0,-1.1452562532007953,1.86114376221318,-0.03620649265892684,27.619355716672725,6.950008392333984
684.3075506500072,-27.986297607421875,-96.83534240722656,12.815444946289062,0.3361584544181824,-0.9418054223060608,0.0,-1.227961323328302,1.6471589754199378,-0.028067607759456048,35.62825904402549,7.100008964538574
687.1990216664507,-27.117385864257812,-99.59283447265625,12.8582763671875,0.2634969651699066,-0.9646602272987366,0.0,-1.3041508351105668,1.1516072106798614,-0.0274856984818026,36.38255730201173,7.400010108947754
690.1970136461963,-26.451828002929688,-102.51591491699219,12.882553100585938,0.17973056435585022,-0.9837159514427185,0.0,-1.3900837918038629,0.19826610468927086,-0.028165912211256194,35.503909566272135,7.95001220703125
693.3115626225783,-26.024856567382812,-105.60102844238281,12.868942260742188,0.09445742517709732,-0.9955289363861084,0.0,-1.4761978764744124,-1.0088378239443863,-0.027514908547634498,36.343933263262535,8.55001449584961
696.5374969465998,-25.863479614257812,-108.822509765625,12.817291259765625,0.006285075563937426,-0.9999802708625793,0.0,-1.5645112099903813,-1.9057854963205445,-0.025079770670511703,39.87277288686615,9.150016784667969
699.8768669510076,-25.975845336914062,-112.15916442871094,12.743118286132812,-0.06947175413370132,-0.9975839257240295,0.0,-1.6403240843826594,-2.120080234120225,-0.020036837566965504,49.90807539652306,9.750019073486328
703.3505423232757,-26.324005126953125,-115.61463928222656,12.673126220703125,-0.1291346549987793,-0.9916270971298218,0.0,-1.7002926013083388,-1.541162814732755,-0.01606752010718704,62.237357932584615,10.250020980834961
706.970676314455,-26.889739990234375,-119.19009399414062,12.635208129882812,-0.1821276992559433,-0.9832748770713806,0.0,-1.7539462384235422,-0.5393702836534287,-0.013732712161185656,72.81882764763795,10.70002269744873
710.7448293494894,-27.666046142578125,-122.883544921875,12.634841918945312,-0.22865664958953857,-0.9735071063041687,0.0,-1.8014938833298273,-0.0015275721190866065,-0.012384593718555492,80.74548287375207,10.950023651123047
714.6756352156193,-28.656112670898438,-126.6876220703125,12.635116577148438,-0.27491796016693115,-0.9614676833152771,0.0,-1.8493007017421894,0.005576021804909459,-0.011142474815117098,89.74666908318166,11.100024223327637
718.7598580242159,-29.8642578125,-130.5890655517578,12.635284423828125,-0.3142683506011963,-0.9493342041969299,0.0,-1.890482180477579,0.0035085546002955326,-0.008592237003015368,116.38412670053899,11.200024604797363
722.9894913027638,-31.255538940429688,-134.5833282470703,12.635406494140625,-0.3424259424209595,-0.9395448565483093,0.0,-1.9202940419545615,0.0035243885436297973,-0.005917562501024709,168.98849819107716,11.200024604797363
727.3650565267411,-32.8011474609375,-138.67681884765625,12.635589599609375,-0.3618689477443695,-0.9322289824485779,0.0,-1.9410682561261017,0.004619768472524655,-0.004083166745094791,244.90795072264066,11.200024604797363
731.8806228481136,-34.466278076171875,-142.87416076660156,12.635818481445312,-0.37612682580947876,-0.9265681505203247,0.0,-1.956408944755106,0.005324739629264386,-0.0043009430902936074,232.50714529490187,11.30002498626709
736.5227639776562,-36.260162353515625,-147.1556854248047,12.636077880859375,-0.39850905537605286,-0.9171643853187561,0.0,-1.9806870002766148,0.005520590075813736,-0.006096951036516973,164.01640656298818,11.45002555847168
741.2810156489271,-38.225738525390625,-151.48898315429688,12.636337280273438,-0.42876940965652466,-0.9034138917922974,0.0,-2.0139265388369054,-0.02406273632757916,-0.007773796650366482,128.63727274791228,11.60002613067627
746.1291444803519,-40.39360046386719,-155.82542419433594,12.633712768554688,-0.4659533202648163,-0.8848093152046204,0.0,-2.0555080574196984,-0.2819767475854107,-0.008106872405020005,123.35213261538095,11.75002670288086
751.0394300334816,-42.7666015625,-160.12416076660156,12.608535766601562,-0.49877220392227173,-0.8667330741882324,0.0,-2.0929779640757205,-0.7690405211920659,-0.005731087538421498,174.48695265880167,11.75002670288086
756.021473123225,-45.30010986328125,-164.4136199951172,12.557266235351562,-0.5151056051254272,-0.8571266531944275,0.0,-2.111927214624325,-1.2765734308143317,-0.0024199004540117475,413.24013900744757,11.60002613067627
761.0782041640022,-47.91844177246094,-168.73899841308594,12.480010986328125,-0.5195004940032959,-0.8544701933860779,0.0,-2.117062571033958,-1.7655796550416492,-0.0009211539698021354,1085.5948438400594,11.350025177001953
766.2061875479342,-50.59025573730469,-173.11473083496094,12.377105712890625,-0.5231125950813293,-0.8522635698318481,0.0,-2.1212953582917584,-2.235423866080244,-0.0008753577557138459,1142.3900610608168,11.050024032592773
771.4489453351412,-53.339996337890625,-177.57664489746094,12.247650146484375,-0.5272457599639893,-0.8497127890586853,0.0,-2.12615226904975,-2.6899240280430448,-0.001065408554017877,938.6070688364498,10.750022888183594
776.8644933976217,-56.210784912109375,-182.16595458984375,12.089630126953125,-0.5327978134155273,-0.8462425470352173,0.0,-2.1326996374582015,-3.1306343388003866,-0.0009388201134514773,1065.1667829352325,10.40002155303955
782.4346436960788,-59.1864013671875,-186.87100219726562,11.903060913085938,-0.5359096527099609,-0.8442753553390503,0.0,-2.1363811320377013,-3.540675195439813,-0.0004992017068450871,2003.1982789480348,10.050020217895508
788.1604932871855,-62.25791931152344,-191.6985626220703,11.689071655273438,-0.5375182032585144,-0.8432521224021912,0.0,-2.138287553193659,-3.871974588613736,-0.00026906714547553223,3716.5444269781187,9.700018882751465
794.0530478257882,-65.42575073242188,-196.6615447998047,11.452743530273438,-0.5385281443595886,-0.8426075577735901,0.0,-2.139485653666671,-4.094505031496487,-0.0001506133481352645,6639.517761081235,9.300017356872559
800.1059474134536,-68.68417358398438,-201.7562713623047,11.199691772460938,-0.5390200614929199,-0.8422929644584656,0.0,-2.1400695641124035,-4.217372583767631,-0.00011007108055538506,9085.038458369858,8.850015640258789
806.2935346778763,-72.01873779296875,-206.96180725097656,10.936416625976562,-0.5396660566329956,-0.8418792486190796,0.0,-2.1408366824148137,-4.290160815215593,-8.438805407801064e-05,11850.018476259358,8.40001392364502
812.5374409540831,-75.38558959960938,-212.2132568359375,10.66632080078125,-0.5398995876312256,-0.8417294025421143,0.0,-2.1411141541509173,-4.279424028138134,8.581785891453864e-05,11652.586217466063,7.900012016296387
818.7460481444966,-78.73289489746094,-217.43563842773438,10.403488159179688,-0.538773775100708,-0.8424504995346069,0.0,-2.1397772042595014,-4.152675462019517,0.0005202631647325262,1922.1041730181157,7.400010108947754
824.7714834147558,-81.96638488769531,-222.5140380859375,10.157989501953125,-0.5346241593360901,-0.8450899124145508,0.0,-2.134859292063118,-3.9730807687949787,0.0012840212968749376,778.8032818722002,6.950008392333984
830.5184195637471,-85.01519775390625,-227.3804931640625,9.935211181640625,-0.5261947512626648,-0.8503641486167908,0.0,-2.124915786644911,-3.7642185901072156,0.0020955747677827707,477.19604920517963,6.600007057189941
835.9819607804147,-87.85781860351562,-232.04202270507812,9.735382080078125,-0.5147984623908997,-0.8573112487792969,0.0,-2.1115688681574554,-3.535764438364908,0.0026337200040940645,379.69108274437684,6.300005912780762
841.177536712149,-90.49940490722656,-236.51242065429688,9.557693481445312,-0.502204418182373,-0.8647489547729492,0.0,-2.0969424117589672,-3.320458247334468,0.0033090971318625595,302.1972339135115,6.150005340576172
846.1699374035704,-92.96708679199219,-240.8493194580078,9.396697998046875,-0.48578086495399475,-0.8740805983543396,0.0,-2.0780526450215047,-3.154806931430243,0.004634042458747878,215.79431110137062,6.050004959106445
850.9783054263542,-95.24943542480469,-245.07888793945312,9.248245239257812,-0.46269798278808594,-0.8865160346031189,0.0,-2.051832444876898,-2.991236125816732,0.006128530134523913,163.17126261102797,6.100005149841309
855.6135047686855,-97.32986450195312,-249.2187957763672,9.1138916015625,-0.4346151053905487,-0.9006162881851196,0.0,-2.0204071942507236,-2.767167238962309,0.006704225892759819,149.1596518369023,6.300005912780762
860.0737110194973,-99.20712280273438,-253.2629852294922,8.996109008789062,-0.4077901542186737,-0.9130756258964539,0.0,-1.9908288756885246,-2.4870095067255793,0.0056586261925576364,176.7213394154264,6.550006866455078
864.3320529723012,-100.90042114257812,-257.1689147949219,8.896453857421875,-0.3893188238143921,-0.9211031198501587,0.0,-1.9706882596194475,-2.155127444342919,0.00432635913350965,231.14123657801272,6.850008010864258
868.4270533508342,-102.46466064453125,-260.9525146484375,8.81549072265625,-0.3744131028652191,-0.927262008190155,0.0,-1.954560084055266,-1.7724334364426664,0.0046746152205537905,213.92135027565593,7.1500091552734375
872.400178073339,-103.91506958007812,-264.6509094238281,8.752960205078125,-0.3544757068157196,-0.9350652098655701,0.0,-1.9331496372105184,-1.3613935391352694,0.006485348463264873,154.19371922176978,7.450010299682617
876.2187933018361,-105.22138977050781,-268.2388610839844,8.708770751953125,-0.32741251587867737,-0.9448814392089844,0.0,-1.904360195322629,-0.9273268622403075,0.009752059855757778,102.54243870433008,7.7666754722595215
879.8544066411828,-106.3409423828125,-271.6977081298828,8.683013916015625,-0.28638315200805664,-0.9581152200698853,0.0,-1.8612460491669631,-0.4678792736458659,0.01225645632944472,81.58965145558554,8.083340644836426
883.4034851921504,-107.28018188476562,-275.1202392578125,8.67474365234375,-0.24311217665672302,-0.9699981808662415,0.0,-1.8163693297533856,-0.48614362867820393,0.012267587861562346,81.51561751868671,8.400005340576172
886.9225676465602,-108.06277465820312,-278.5511016845703,8.6488037109375,-0.20231175422668457,-0.9793211817741394,0.0,-1.7745142401230773,-1.28274069018397,0.011117091150378622,89.95158773758389,8.716670036315918
890.4161016772772,-108.70529174804688,-281.9844512939453,8.585067749023438,-0.16679039597511292,-0.9859923720359802,0.0,-1.7383698922832254,-1.9577800522790456,0.010310083743234388,96.99242265187351,9.03333568572998
893.885781129409,-109.22604370117188,-285.4140625,8.512542724609375,-0.13154254853725433,-0.9913105368614197,0.0,-1.7027212149776265,-1.811006231869139,0.01229054761363857,81.3633396521991,9.350000381469727
897.3407886943569,-109.60061645507812,-288.8482971191406,8.459579467773438,-0.08243077248334885,-0.9965968132019043,0.0,-1.653320734750734,-0.870397557799274,0.015233865788105816,65.64321977818477,9.599166870117188
900.8112555702018,-109.78919982910156,-292.3136291503906,8.452468872070312,-0.026391081511974335,-0.9996516704559326,0.0,-1.59719047342572,0.8660864122319811,0.01489884414330267,67.11930069082038,9.848333358764648
904.3087039661337,-109.79574584960938,-295.81040954589844,8.5205078125,0.02121882140636444,-0.9997748732566833,0.0,-1.5495759131887465,2.5877317446207915,0.012231856401975327,81.75373934560821,10.09749984741211
907.8448480976381,-109.6495361328125,-299.3416748046875,8.634979248046875,0.05949702486395836,-0.9982284903526306,0.0,-1.5112641441282006,3.274591425343898,0.009373990834423362,106.67814996445051,10.34666633605957
911.4254552535302,-109.38494873046875,-302.9105224609375,8.753585815429688,0.08768932521343231,-0.996147871017456,0.0,-1.4829942308973771,2.714011639849079,0.00857453493974214,116.62440085993431,10.595832824707031
915.0552839283168,-109.00973510742188,-306.5200958251953,8.830078125,0.12112747877836227,-0.9926369786262512,0.0,-1.449370683116254,1.0585021605718392,0.010409698424392988,96.06426230914678,10.844999313354492
918.7301055005083,-108.4881591796875,-310.15771484375,8.8299560546875,0.16321168839931488,-0.986591100692749,0.0,-1.4068512097405212,-0.5211637027340732,0.011189143688191017,89.37234411024649,10.892499923706055
922.4447041829105,-107.80606079101562,-313.80894470214844,8.791152954101562,0.20266284048557281,-0.979248583316803,0.0,-1.3667198997345968,-1.3876150329702241,0.009022783072444085,110.83054884185758,10.940000534057617
926.2026210144052,-106.99008178710938,-317.47662353515625,8.725967407226562,0.22915823757648468,-0.973389208316803,0.0,-1.339583512608175,-1.9631452752590262,0.005626621395302678,177.72654844607794,10.926674842834473
930.01932324331,-106.08502197265625,-321.1835174560547,8.642181396484375,0.2440180480480194,-0.9697706699371338,0.0,-1.3242893194037222,-2.318740993965185,0.0040849679092969104,244.79996470085277,10.913349151611328
933.8997286574532,-105.10923767089844,-324.9380340576172,8.547332763671875,0.25965529680252075,-0.9657013416290283,0.0,-1.3081310808481474,-2.4549505966678487,0.004496246401542892,222.40773985537112,10.900023460388184
937.8317778686508,-104.05271911621094,-328.7242431640625,8.45037841796875,0.27795857191085815,-0.9605931043624878,0.0,-1.2891280592899548,-2.3633615524293106,0.004614124280872822,216.7258485310753,10.250020980834961
941.8116900413141,-102.91256713867188,-332.5362854003906,8.360443115234375,0.2947089672088623,-0.9555870294570923,0.0,-1.2716453733006452,-2.040569937533143,0.004165910038540055,240.04358969557836,9.650018692016602
945.8309525441597,-101.69741821289062,-336.36676025390625,8.287322998046875,0.3097919225692749,-0.9508044123649597,0.0,-1.255822156464906,-1.4847785918344014,0.0036407741802988447,274.6668566842883,9.170014381408691
949.874583214515,-100.41802978515625,-340.20237731933594,8.240890502929688,0.32261568307876587,-0.9465299844741821,0.0,-1.2423046732061525,-0.7338130475961213,0.002906775977286613,344.02375959273945,8.690010070800781
953.9379820227641,-99.08645629882812,-344.0413818359375,8.227996826171875,0.3320935368537903,-0.9432464838027954,0.0,-1.2322741230932024,-0.2687663071892832,0.0018716982951085814,534.2741416249395,8.210004806518555
958.0063291813403,-97.72370910644531,-347.87469482421875,8.219039916992188,0.336978554725647,-0.9415122866630554,0.0,-1.2270904082301892,-0.21891557940194595,0.0002439050734512893,4099.9557157621475,7.7300004959106445
962.058041750746,-96.36093139648438,-351.6903381347656,8.210220336914062,0.33399325609207153,-0.9425755143165588,0.0,-1.2302593937514408,-0.22537350517832788,-0.0021792082849524386,458.882249533034,7.317500591278076
966.0914856346674,-95.03715515136719,-355.50035095214844,8.200820922851562,0.3203866481781006,-0.9472869038581848,0.0,-1.2446587178460886,-0.2551323472042233,-0.005123247877790615,195.18868183892107,6.905000686645508
970.1207890468152,-93.79423522949219,-359.33314514160156,8.189651489257812,0.29479628801345825,-0.9555600881576538,0.0,-1.2715539908242162,-0.3004461263778069,-0.007587999970581238,131.78703266697565,6.492500305175781
974.1863883018268,-92.66148376464844,-363.23773193359375,8.176483154296875,0.26156848669052124,-0.9651849269866943,0.0,-1.3061494196834555,-0.44080397578943886,-0.009013685189696918,110.94241466775972,6.080000400543213
978.301679689194,-91.66156005859375,-367.22962951660156,8.153472900390625,0.22354687750339508,-0.9746931791305542,0.0,-1.3453443973259582,-0.6758539098589145,-0.009729167656521764,102.78371545274675,5.253333568572998
982.45627064781,-90.81660461425781,-371.29725646972656,8.120498657226562,0.18313226103782654,-0.9830883145332336,0.0,-1.386624676441461,-1.0849677005135727,-0.009850937658927084,101.51317921434448,4.426666736602783
986.6408396618049,-90.13481140136719,-375.4255065917969,8.062820434570312,0.14281848073005676,-0.9897488951683044,0.0,-1.4274878201227006,-2.129656497264343,-0.009699796722318799,103.09494401042907,3.6000001430511475
990.8666044588512,-89.61869812011719,-379.61785888671875,7.940765380859375,0.10241863131523132,-0.9947413802146912,0.0,-1.468197789763016,-3.1430475204790143,-0.00943934112398881,105.93959756985953,2.8633334636688232
995.1375825154221,-89.26373291015625,-383.87158203125,7.7955322265625,0.06308061629533768,-0.9980084300041199,0.0,-1.5076738004237467,-3.257426102211225,-0.008404791871253758,118.97974575910922,2.126666784286499
999.4567277486171,-89.06854248046875,-388.18421936035156,7.6610870361328125,0.030476808547973633,-0.9995355010032654,0.0,-1.5403147990992556,-2.2917339133940673,-0.005830388174625667,171.51516675203257,1.6700000762939453
1003.8260721947128,-88.977783203125,-392.5521545410156,7.5972442626953125,0.012639307416975498,-0.999920129776001,0.0,-1.5581566829416693,0.15496482719847826,-0.0033165335916478522,301.5196355973407,1.9500001668930054
1008.2507256674993,-88.94804382324219,-396.9759979248047,7.676513671875,0.0014013064792379737,-0.9999989867210388,0.0,-1.5693950198129742,4.575909116366594,-0.002948767559769583,339.1247291387525,2.510000228881836
1012.740559701606,-88.97346496582031,-401.4534454345703,8.008819580078125,-0.013700367882847786,-0.9999061822891235,0.0,-1.5844971228040452,7.477922356255573,-0.003351517291322992,298.3723230636402,3.3500001430511475
1017.2555985473211,-89.07147216796875,-405.9545135498047,8.349929809570312,-0.028774097561836243,-0.9995859861373901,0.0,-1.5995743950866863,4.812802716814268,-0.0028026348944756307,356.8070896323792,4.348999977111816
1021.730396117857,-89.22152709960938,-410.4258117675781,8.443679809570312,-0.03892919048666954,-0.9992420077323914,0.0,-1.6097353553399556,0.4198863626308391,-0.0023740752567418255,421.21663884084165,5.3480000495910645
1026.171054083627,-89.41954040527344,-414.86170959472656,8.388504028320312,-0.04991624876856804,-0.9987534284591675,0.0,-1.6207333265911177,-1.9135028993104042,-0.002132879556488554,468.84972803918686,6.281393527984619
1030.5805137493471,-89.6583251953125,-419.2632293701172,8.274749755859375,-0.057804398238658905,-0.998327910900116,0.0,-1.628632965285433,-2.0430177056864562,-0.0008696877330042208,1149.8379959271506,7.142786026000977
1034.9294334223798,-89.91351318359375,-423.6041564941406,8.20892333984375,-0.05763294920325279,-0.9983378052711487,0.0,-1.6284612309801871,-0.6037331036469973,0.0017954026225480701,556.9781326156138,8.004179000854492
1039.157134350565,-90.132080078125,-427.82618713378906,8.220794677734375,-0.04284479841589928,-0.9990817308425903,0.0,-1.6136542446441524,0.2545341350182362,0.005669709291301617,176.3758860677716,8.558347702026367
1043.2385127325908,-90.24778747558594,-431.9059143066406,8.230148315429688,-0.011177890934050083,-0.9999374747276306,0.0,-1.5819744510794533,0.14762463932771475,0.009433532971815262,106.00482374818831,9.112516403198242
1047.1620301706919,-90.21055603027344,-435.8292541503906,8.232864379882812,0.032133474946022034,-0.999483585357666,0.0,-1.5386573192814417,0.06826528921861641,0.012779164841436486,78.25237505016733,9.666685104370117
1050.9461689623859,-89.98956298828125,-439.60693359375,8.23541259765625,0.08673407882452011,-0.9962314963340759,0.0,-1.4839531307516853,0.06522919845206587,0.015257633685443306,65.54096268244136,9.943342208862305
1054.6669837679808,-89.55728149414062,-443.30255126953125,8.237762451171875,0.14602221548557281,-0.9892812967300415,0.0,-1.4242501397769258,0.06320855965069594,0.01607475272242076,62.209355084213456,10.220000267028809
1058.3573190116826,-88.91021728515625,-446.9357147216797,8.240097045898438,0.20452050864696503,-0.9788622856140137,0.0,-1.3648224915171516,0.054729721734569914,0.016019423394681653,62.42421935935557,10.499170303344727
1062.0182362664232,-88.05738830566406,-450.49591064453125,8.241790771484375,0.26124709844589233,-0.9652719497680664,0.0,-1.306482381196271,0.04370188404545505,0.015655464029619703,63.875462145869825,10.778341293334961
1065.6514485513926,-87.00956726074219,-453.97474670410156,8.2432861328125,0.3147396147251129,-0.9491780996322632,0.0,-1.250614027244846,0.27415618685908694,0.013969776470624029,71.58310672349148,10.780000686645508
1069.2607677038598,-85.79200744628906,-457.37245178222656,8.26153564453125,0.3574700355529785,-0.9339246153831482,0.0,-1.2052388052110057,0.8270585674120756,0.009432703399885445,106.01414648658883,10.786667823791504
1072.8506997874078,-84.46356201171875,-460.70729064941406,8.302703857421875,0.37853413820266724,-0.9255872964859009,0.0,-1.182584241223768,1.3857410907436751,0.003914730033282243,255.4454563911693,10.793334007263184
1076.4238701353252,-83.10064697265625,-464.0098114013672,8.3607177734375,0.3835888206958771,-0.9235039949417114,0.0,-1.1771170631912224,1.7883565088886444,0.0016042254938686273,623.3537640574933,10.80000114440918
1079.9814476159297,-81.72698974609375,-467.29075622558594,8.43017578125,0.38909512758255005,-0.9211975932121277,0.0,-1.1711472215124006,2.049046879157257,0.001363866146160908,733.2097822171625,10.623326301574707
1083.524268971716,-80.3409423828125,-470.55030822753906,8.506179809570312,0.392522394657135,-0.9197424054145813,0.0,-1.167423816147591,2.1692840215537412,-0.0002544934218123851,3929.374648973085,10.446651458740234
1087.0530584941055,-78.96159362792969,-473.79742431640625,8.583572387695312,0.3874703347682953,-0.921882152557373,0.0,-1.1729103363725495,2.1478554137205563,-0.002989088796294892,334.5501148174468,10.269976615905762
1090.5682170839084,-77.62277221679688,-477.0467987060547,8.657485961914062,0.3731078803539276,-0.9277879595756531,0.0,-1.1884397763419232,1.986734854002603,-0.005749508308746765,173.9279163191561,10.093301773071289
1094.0888895150001,-76.34707641601562,-480.3275604248047,8.723342895507812,0.34985724091529846,-0.9368029832839966,0.0,-1.2133776019193996,1.630347503676588,-0.008940287236306577,111.85322949569138,9.916626930236816
1097.6528967954039,-75.16102600097656,-483.6880645751953,8.772781372070312,0.3134799897670746,-0.9495947957038879,0.0,-1.2519407867726764,1.0869411049721833,-0.012064872401718385,82.88525288154487,9.517444610595703
1101.2785540083846,-74.10614013671875,-487.15675354003906,8.801116943359375,0.26723405718803406,-0.9636316895484924,0.0,-1.30027478494721,0.43915553931903606,-0.013718788411707927,72.89273440113539,9.118263244628906
1104.9706369706416,-73.21270751953125,-490.7391052246094,8.804458618164062,0.216680645942688,-0.9762426018714905,0.0,-1.3523832927128947,-0.07349502454496726,-0.01362792317546524,73.37875236927738,8.522111892700195
1108.7318770054337,-72.48939514160156,-494.4301300048828,8.79541015625,0.16821248829364777,-0.9857507944107056,0.0,-1.401780295846175,-0.22653495064668405,-0.013016879584637708,76.82332724197451,7.925960540771484
1112.5485164234506,-71.9398193359375,-498.2069854736328,8.787307739257812,0.11949941515922546,-0.9928342700004578,0.0,-1.4510106573810337,-0.20426594321052427,-0.012903525697823826,77.49819881930793,7.329809188842773
1116.366374369761,-71.57679748535156,-502.0075378417969,8.779815673828125,0.07044568657875061,-0.9975155591964722,0.0,-1.5002922401082444,-0.2117964768611591,-0.013284467225845087,75.275882954078,6.7336578369140625
1120.166262889419,-71.40594482421875,-505.80357360839844,8.77117919921875,0.018600385636091232,-0.9998270273208618,0.0,-1.5521948689970217,-0.34660693772761153,-0.01406436858506288,71.10166332401542,6.137506484985352
1123.947081080989,-71.43820190429688,-509.58421325683594,8.753585815429688,-0.03609050437808037,-0.999348521232605,0.0,-1.6068946707185567,-0.5491069946998328,-0.014736021317068304,67.86092246227474,5.558337211608887
1127.7084027964643,-71.67837524414062,-513.3377838134766,8.72979736328125,-0.09239726513624191,-0.995722234249115,0.0,-1.6633255683799713,-0.6294945187971468,-0.015661222729624336,63.851974859435956,4.979167938232422
1131.4490901839017,-72.13568115234375,-517.0503387451172,8.70635986328125,-0.15295906364917755,-0.9882324934005737,0.0,-1.7243582144211897,-0.5941801735979135,-0.01757376254820342,56.90301079561535,4.399998664855957
1135.1659756144063,-72.82888793945312,-520.7019500732422,8.685470581054688,-0.22167040407657623,-0.9751216173171997,0.0,-1.7943234931454954,-0.48321653303100565,-0.020060495349705554,49.849217707113,3.699997663497925
1138.8541784770568,-73.78675842285156,-524.2635650634766,8.6705322265625,-0.2974693775177002,-0.9547313451766968,0.0,-1.8728372745478254,-0.08701625860534357,-0.021385782067461223,46.760038835405254,3.0999982357025146
1142.5106897943813,-75.00962829589844,-527.7095184326172,8.678878784179688,-0.3714715242385864,-0.9284443855285645,0.0,-1.9513897671888318,0.16862275112072833,-0.02178587759201489,45.901295266917636,2.649998664855957
1146.1319843983943,-76.48747253417969,-531.0155334472656,8.682846069335938,-0.44446155428886414,-0.8957979083061218,0.0,-2.0313694269945164,0.0474202215883901,-0.0223445338337267,44.7536747663362,2.4499988555908203
1149.7148304939788,-78.20777893066406,-534.1583557128906,8.682342529296875,-0.5154621005058289,-0.85691237449646,0.0,-2.112343152512216,-0.04553612791466932,-0.022873982685273186,43.71779124602659,2.4499988555908203
1153.2575700374834,-80.156005859375,-537.1173095703125,8.67962646484375,-0.5839141011238098,-0.8118154406547546,0.0,-2.1943381267811675,-0.09306693574586689,-0.02313998067873846,43.21524783807718,2.599998712539673
1156.7619477126289,-82.31629943847656,-539.8766174316406,8.675796508789062,-0.6477423310279846,-0.7618594765663147,0.0,-2.2754136544924726,-0.12751575955951555,-0.02242758993156535,44.58793847450216,2.7999985218048096
1160.2317361473858,-84.66244506835938,-542.4329833984375,8.670745849609375,-0.7032824754714966,-0.7109105587005615,0.0,-2.350800594827867,0.0482121967275706,-0.02175381291067402,45.96895285006917,3.0999982357025146
1163.668944727586,-87.16850280761719,-544.7854309082031,8.679000854492188,-0.754485011100769,-0.6563172936439514,0.0,-2.4256654148608767,0.3665805959247148,-0.022731547020147902,43.9917265249769,3.499997854232788
1167.0702942378734,-89.82044982910156,-546.9152374267578,8.695724487304688,-0.8048290610313416,-0.5935066342353821,0.0,-2.5061837625783756,0.5365932669127105,-0.023883447573174066,41.87000209815613,4.049997329711914
1170.4295902560084,-92.60250854492188,-548.7979583740234,8.715240478515625,-0.8501757383346558,-0.5264990329742432,0.0,-2.5871153029933347,0.599287582635144,-0.024573648867226572,40.69399727338343,4.699999809265137
1173.743950472257,-95.48919677734375,-550.4263305664062,8.735702514648438,-0.8909080028533936,-0.45418375730514526,0.0,-2.6701368340428395,0.6113437641112274,-0.02569319448658003,38.92081230001649,5.350002288818359
1177.007907822008,-98.45733642578125,-551.7839660644531,8.755462646484375,-0.9266015887260437,-0.37604454159736633,0.0,-2.7560688545693033,0.5760881799544704,-0.027204361060895854,36.758812227258005,6.000004768371582
1180.214177824611,-101.47877502441406,-552.8567047119141,8.77301025390625,-0.9566457271575928,-0.29125428199768066,0.0,-2.8460549679515363,0.4231431951103648,-0.028874611224643854,34.63250092685306,6.568579196929932
1183.357882036259,-104.52520751953125,-553.6326141357422,8.782485961914062,-0.9796128869056702,-0.2008945494890213,0.0,-2.9393216547248375,0.28689448550887064,-0.03022544142151351,33.08471118930398,7.100008964538574
1186.4415656812357,-107.57177734375,-554.1095275878906,8.7908935546875,-0.9942404627799988,-0.10717221349477768,0.0,-3.034214210110172,0.24925322550819473,-0.030798327770445333,32.46929532841777,7.5000104904174805
1189.5068494335715,-110.63148498535156,-554.2942047119141,8.797821044921875,-0.9999168515205383,-0.0128936767578125,0.0,-3.1286986192714474,0.21313482965474861,-0.030449240617124507,32.84154152066455,7.850011825561523
1192.5776873368513,-113.70059204101562,-554.1912994384766,8.803970336914062,-0.9968448281288147,0.0793740451335907,0.0,3.062135019406313,0.19493819419178493,-0.029797850016184235,33.55946819843934,8.200013160705566
1195.6598852058855,-116.75880432128906,-553.8075714111328,8.809814453125,-0.9855090379714966,0.16962280869483948,0.0,2.9711457312669594,0.2053943008143877,-0.029282074670604508,34.15058568250539,8.4933443069458
1198.7306692360332,-119.75865173339844,-553.1513824462891,8.816604614257812,-0.9664836525917053,0.256727933883667,0.0,2.88195750200994,0.18215339750116133,-0.02765592222221175,36.15862063702413,8.77168083190918
1201.7845606144308,-122.67543029785156,-552.2465972900391,8.82098388671875,-0.9427956342697144,0.3333713710308075,0.0,2.801715412748038,0.08610439827347882,-0.023676752441715798,42.23552205741322,9.050016403198242
1204.8729354489788,-125.55059814453125,-551.1190032958984,8.821853637695312,-0.9191481471061707,0.3939119875431061,0.0,2.7367088150884515,-0.01959493928354039,-0.017340381849041853,57.668856932078185,9.100016593933105
1208.0097738699442,-128.40322875976562,-549.8143005371094,8.819717407226562,-0.9015479683876038,0.43267932534217834,0.0,2.694130104982155,-0.09482645584120153,-0.0074634681252069845,133.98596781335715,8.936671257019043
1211.1889015849094,-131.2622528076172,-548.4240417480469,8.815841674804688,-0.899792492389679,0.4363180100917816,0.0,2.6900900871259075,-0.12388878528104552,0.0027389429627047157,365.1043536198711,8.740007400512695
1214.4129222459678,-134.17689514160156,-547.0459442138672,8.811782836914062,-0.9091482162475586,0.41647276282310486,0.0,2.712030522950279,-0.12071821421397733,0.008026590979175463,124.58589239123353,8.543342590332031
1217.6904943439213,-137.17645263671875,-545.7249145507812,8.807998657226562,-0.9213780164718628,0.38866758346557617,0.0,2.7424076027551836,-0.11492890898177066,0.011024433105387144,90.70761194163762,8.346677780151367
1221.0118568801367,-140.26158142089844,-544.4947052001953,8.80419921875,-0.9370689392089844,0.3491442799568176,0.0,2.7849348794062436,0.2358299770436556,0.01755121936174059,56.976098320545866,8.150012969970703
1224.317453730312,-143.3966827392578,-543.4469757080078,8.823516845703125,-0.9602155685424805,0.2792598009109497,0.0,2.858569494785058,1.8463730066292205,0.02584219307008545,38.69640619462694,7.95001220703125
1227.5796612256593,-146.5667724609375,-542.6838531494141,8.92437744140625,-0.9825219511985779,0.18614663183689117,0.0,2.954353886340169,3.5515647492818436,0.03019129631204498,33.12212863152367,7.750011444091797
1230.799861966314,-149.75399780273438,-542.2426605224609,9.053359985351562,-0.996184766292572,0.08726893365383148,0.0,3.054212565193361,3.5950982564942446,0.03093719070622797,32.32355547391994,7.600010871887207
1233.9941763583113,-152.94439697265625,-542.1217193603516,9.155197143554688,-0.999937117099762,-0.011211833916604519,0.0,-3.1303805844447625,1.8834797609741383,0.029540603552401068,33.851711872647904,7.5000104904174805
1237.1986316263153,-156.14352416992188,-542.3055114746094,9.173614501953125,-0.9948415160179138,-0.10144174098968506,0.0,-3.039976125689754,-0.10034222439427865,0.026685794271112562,37.4731210860942,7.700011253356934
1240.438199227993,-159.35009765625,-542.7659912109375,9.14825439453125,-0.9832897782325745,-0.18204732239246368,0.0,-2.9585244884260704,-0.7844972357514468,0.02500266810078866,39.99573149429028,7.877388000488281
1243.7162970331885,-162.54649353027344,-543.4928436279297,9.122482299804688,-0.9652063846588135,-0.2614891231060028,0.0,-2.877027959667141,-0.7527574617100852,0.025217141432694157,39.65556534903257,8.054763793945312
1247.0381398329353,-165.71324157714844,-544.4957275390625,9.098602294921875,-0.9395334124565125,-0.3424573838710785,0.0,-2.7920614790260783,-0.6225082794477421,0.026196712933107547,38.17272810346349,8.23214054107666
1250.4048378178213,-168.82164001464844,-545.7888641357422,9.0809326171875,-0.9048205018043518,-0.42579320073127747,0.0,-2.7017543075612034,-0.8713737128566823,0.02716858323760829,36.80721925226279,8.409517288208008
1253.8112297022535,-171.83270263671875,-547.3811187744141,9.039306640625,-0.860994815826416,-0.5086137652397156,0.0,-2.6080186792387186,-1.4198639224521026,0.027549226623146295,36.298659620441775,8.582141876220703
1257.2508291315442,-174.70758056640625,-549.2686614990234,8.983596801757812,-0.8089442849159241,-0.587885320186615,0.0,-2.513150428697209,-1.7585969772176524,0.027613311540017116,36.21441776553324,8.754766464233398
1260.7201020896887,-177.41310119628906,-551.4393005371094,8.917724609375,-0.7489284873008728,-0.6626508235931396,0.0,-2.417239919161811,-1.867650629757911,0.02786169452789411,35.89157145480999,8.92739200592041
1264.179516342249,-179.8898162841797,-553.8537139892578,8.85418701171875,-0.6811361908912659,-0.7321566939353943,0.0,-2.3201097147839858,-1.6952620324303558,0.02831459709245132,35.31747235303589,9.100016593933105
1267.6153246675647,-182.1043701171875,-556.4800567626953,8.800765991210938,-0.6061566472053528,-0.7953453063964844,0.0,-2.2220156460001355,-1.4778662667441322,0.02868584002314678,34.860404966111986,9.150016784667969
1271.0333923680512,-184.0399169921875,-559.2968902587891,8.75286865234375,-0.5249947905540466,-0.8511054515838623,0.0,-2.1235053129660795,-1.2860294429869024,0.028328374801722567,35.30029544579426,9.150016784667969
1274.4621924137616,-185.69818115234375,-562.2977600097656,8.712738037109375,-0.4414995610713959,-0.8972614407539368,0.0,-2.0280655896188904,-0.9911155585307974,0.027632635433492703,36.189092510080656,9.150016784667969
1277.9120922743575,-187.072998046875,-565.4617614746094,8.684768676757812,-0.35474464297294617,-0.9349632263183594,0.0,-1.933437260753119,-0.5839459402808389,0.027159640283660136,36.81933889977265,9.300017356872559
1281.3794963611292,-188.150634765625,-568.7574310302734,8.67242431640625,-0.26616010069847107,-0.9639288187026978,0.0,-1.8402035668989862,-0.34850352245490157,0.026705875151075475,37.44494401860966,9.600018501281738
1284.8749197527047,-188.9236297607422,-572.1662902832031,8.660507202148438,-0.17578469216823578,-0.9844286441802979,0.0,-1.7474991412855994,-0.3240301965063308,0.02630656519242336,38.01332453269168,10.000020027160645
1288.4095315477928,-189.3842315673828,-575.6707458496094,8.649658203125,-0.0843876302242279,-0.9964329600334167,0.0,-1.6552844407873852,-0.23931419017844124,0.02636532469663433,37.92860552662396,10.450021743774414
1291.9630430580178,-189.51780700683594,-579.2217407226562,8.643569946289062,0.010188152082264423,-0.9999480843544006,0.0,-1.5606079982984018,-0.03671907434805721,0.026998315682346452,37.03934763063297,10.900023460388184
1295.5101485780876,-189.3105926513672,-582.7627868652344,8.64703369140625,0.10700676590204239,-0.9942582845687866,0.0,-1.463584288010629,0.2487956622816201,0.02716032838661986,36.81840608718986,11.200024604797363
1299.0663399192497,-188.7599639892578,-586.2760620117188,8.661270141601562,0.2017190158367157,-0.9794434309005737,0.0,-1.3676836271937864,0.46227005154741985,0.026132824730750293,38.26605084996065,11.30002498626709
1302.6622618815638,-187.87428283691406,-589.7611541748047,8.680145263671875,0.2898310422897339,-0.9570778608322144,0.0,-1.276746038547971,0.5452542167825536,0.02481444976523206,40.29910030087053,11.30002498626709
1306.3000465880598,-186.66583251953125,-593.1922912597656,8.700729370117188,0.37330886721611023,-0.9277071356773376,0.0,-1.1882231471191398,0.5684843117857996,0.02342180869186683,42.695250958447446,11.30002498626709
1309.9867616288138,-185.14764404296875,-596.5518341064453,8.721786499023438,0.4488816559314728,-0.8935912251472473,0.0,-1.1052829028280973,0.555755849407813,0.022016004061785055,45.421503247984056,11.30002498626709
1313.7358521499884,-183.33053588867188,-599.8310699462891,8.742034912109375,0.5194604396820068,-0.8544945120811462,0.0,-1.0245769413514039,0.5428361158273054,0.02116883483947085,47.23925561247359,11.30002498626709
1317.5475470327663,-181.2228546142578,-603.0069580078125,8.762832641601562,0.5855199098587036,-0.8106580376625061,0.0,-0.945275081268381,0.5213017523053587,0.020556697147833924,48.645947002501366,11.250024795532227
1321.4159197045435,-178.8358917236328,-606.051025390625,8.78204345703125,0.6473236083984375,-0.762215256690979,0.0,-0.8667284607918447,0.4276566934684478,0.019166974640184464,52.173074716938004,11.00002384185791
1325.3404639214546,-176.18771362304688,-608.9474029541016,8.79608154296875,0.6995439529418945,-0.714589536190033,0.0,-0.7960371983218867,0.26839713678246113,0.014706816584091675,67.99568038957509,10.650022506713867
1329.323147717252,-173.330322265625,-611.7217559814453,8.80316162109375,0.7311258912086487,-0.6822425723075867,0.0,-0.7508255502202009,0.026178651455910362,0.008192854355602353,122.05758293703713,10.250020980834961
1333.369488645163,-170.3404998779297,-614.4482574462891,8.797988891601562,0.7447327971458435,-0.6673628091812134,0.0,-0.7306619938999528,-0.44656834856517946,0.004103373010350797,243.70194897648608,9.650018692016602
1337.4880421292646,-167.25643920898438,-617.177734375,8.7662353515625,0.7534846067428589,-0.6574655175209045,0.0,-0.7174501397171431,-0.9322461177203589,0.004395979475889322,227.48058890736664,9.050016403198242
1341.6739257657214,-164.073974609375,-619.8964538574219,8.720352172851562,0.7686971426010132,-0.6396128535270691,0.0,-0.6939945621144131,-1.1981466997729173,0.00672924516324136,148.6050776486077,8.55001449584961
1345.919972169876,-160.76629638671875,-622.5582427978516,8.665084838867188,0.7896406650543213,-0.6135695576667786,0.0,-0.6605731853282593,-1.391266694107629,0.008438946495035071,118.49820360732647,8.150012969970703
1350.2291885208451,-157.31507873535156,-625.1378479003906,8.601211547851562,0.812874972820282,-0.5824381113052368,0.0,-0.6217248917643471,-1.572255832107805,0.010186787592331048,98.16637393645404,7.900012016296387
1354.5885524088374,-153.7124786376953,-627.5914306640625,8.528701782226562,0.840738832950592,-0.5414409041404724,0.0,-0.5721500079289329,-1.6978830678789913,0.011803677777294186,84.7193577177803,7.850011825561523
1358.9768033746984,-149.9604949951172,-629.8659820556641,8.452667236328125,0.8685904145240784,-0.4955308437347412,0.0,-0.5184458448880982,-1.756636156512148,0.011275075318455952,88.69120354017674,7.850011825561523
1363.4109086081558,-146.05877685546875,-631.9711303710938,8.373703002929688,0.890312135219574,-0.4553506672382355,0.0,-0.47276606279713207,-1.7865520771146115,0.009707596217192305,103.01211315618838,7.65001106262207
1367.8949056620734,-142.02703857421875,-633.9319610595703,8.2933349609375,0.9081586003303528,-0.4186262786388397,0.0,-0.43193214594166673,-1.7973839510522116,0.009856839507574544,101.45239751865132,7.1500091552734375
1372.4205196284238,-137.87432861328125,-635.7290496826172,8.211761474609375,0.927212119102478,-0.3745366930961609,0.0,-0.38389703691116955,-1.8633086238091234,0.010557855994925869,94.71620000126943,6.34799861907959
1376.9747261629143,-133.61170959472656,-637.3300476074219,8.124114990234375,0.9440573453903198,-0.32978132367134094,0.0,-0.33607193245130396,-1.964857276415377,0.008874157522541282,112.6867533577014,5.348998546600342
1381.5581688759905,-129.2604217529297,-638.767333984375,8.032196044921875,0.9544743895530701,-0.2982928156852722,0.0,-0.30290354654621365,-2.12270738348459,0.006291487316104738,158.94492824299806,4.349998474121094
1386.1432957835618,-124.86775207519531,-640.0777893066406,7.9294891357421875,0.9614987969398499,-0.2748091220855713,0.0,-0.27839117695383203,-2.2535268045018597,0.004925434093201675,203.02779025715702,3.499997854232788
1390.7101665860473,-120.46493530273438,-641.2864227294922,7.825958251953125,0.9669504761695862,-0.2549641728401184,0.0,-0.25781065754931504,-2.3153459589612013,0.0038778931536772587,257.87198367024064,2.7999985218048096
1395.2584348438445,-116.05967712402344,-642.4128723144531,7.7184600830078125,0.970615565776825,-0.24063526093959808,0.0,-0.24302030253778456,-2.408117184272973,0.00291266410514901,343.3282946125505,2.1499991416931152
1399.7871463558502,-111.658203125,-643.4730224609375,7.607391357421875,0.9733555912971497,-0.22930073738098145,0.0,-0.23135922557727745,-2.4130041584508377,0.0022909360347300733,436.50280271479676,1.5499995946884155
1404.2947517176679,-107.26759338378906,-644.4877166748047,7.500396728515625,0.9753914475440979,-0.22048015892505646,0.0,-0.22230671884196734,-2.185093801907023,0.0027326118314089376,365.9502562734638,1.399999737739563
1408.736636352426,-102.92916870117188,-645.4366760253906,7.411590576171875,0.97865229845047,-0.20552317798137665,0.0,-0.2069982572781649,-1.8927416695498578,0.004907277811172728,203.77896635956355,1.7999993562698364
1413.0799392018985,-98.66856384277344,-646.276611328125,7.3339080810546875,0.983936607837677,-0.178518146276474,0.0,-0.1794802010536655,-2.3978907189624588,0.00762851683285759,131.08708047844823,1.8999992609024048
1417.359441847697,-94.44612121582031,-646.9611968994141,7.205596923828125,0.9900220632553101,-0.1409122347831726,0.0,-0.1413827871508445,-3.1287084380281494,0.008987924621724375,111.26039014423169,2.4499988555908203
1421.5958718435047,-90.24339294433594,-647.4763336181641,7.0675811767578125,0.9947056770324707,-0.10276523977518082,0.0,-0.102946979475989,-2.7723626601470874,0.009072994919243405,110.21718946177805,3.449997901916504
1425.7536647141335,-86.10162353515625,-647.8282928466797,6.9721221923828125,0.9978737831115723,-0.065175861120224,0.0,-0.06522209355188635,-1.4977059533222925,0.009640361716548584,103.73054760833365,4.448997974395752
1429.8608994357799,-81.99827575683594,-648.0045471191406,6.9429931640625,0.9997279644012451,-0.02332399971783161,0.0,-0.023326114842562636,-0.5710921075923081,0.012191920616100416,82.02153142954518,5.447998046875
1433.94008660492,-77.91915893554688,-647.9884033203125,6.92529296875,0.9994058012962341,0.03446795791387558,0.0,0.03447478652396818,-0.3206676404456599,0.00924662178496416,108.14760495839573,6.446998119354248
1437.9950651087865,-73.86882019042969,-647.7946624755859,6.9168548583984375,0.9986417889595032,0.0521014928817749,0.0,0.05212509418347553,0.1593237845513018,0.005901504937054991,169.4483035540807,7.445998191833496
1442.036720751629,-69.83494567871094,-647.5448913574219,6.9380950927734375,0.9966222047805786,0.08212332427501678,0.0,0.08221591301424307,0.10847392978098336,0.01160804584086872,86.14714429187353,8.444997787475586
1446.0203619234392,-65.8765869140625,-647.0969543457031,6.9260406494140625,0.9895342588424683,0.14429804682731628,0.0,0.14480356019588156,0.25300123097353744,0.016001162524798995,62.4954592174272,7.795997619628906
1449.9702976362285,-61.98858642578125,-646.4009399414062,6.957794189453125,0.9782092571258545,0.20762155950069427,0.0,0.209142899907863,0.9886983570177588,0.016605494114897867,60.22103245352001,6.796997547149658
1453.8856502959552,-58.18748474121094,-645.4631195068359,7.0036773681640625,0.9623196125030518,0.2719210684299469,0.0,0.2753887448645403,1.0746210661767952,0.016720836502763015,59.805620360844756,5.79799747467041
1457.7856119046749,-54.4708251953125,-644.2821502685547,7.04180908203125,0.9428121447563171,0.3333245515823364,0.0,0.33982759554844905,1.06705343592296,0.015778427600229072,63.37767142180137,4.798997402191162
1461.7155454405915,-50.807159423828125,-642.8609313964844,7.0872802734375,0.9214937090873718,0.3883933126926422,0.0,0.3988873777943581,1.2786384827185526,0.014288448226128181,69.98660625521093,3.799997568130493
1465.6992422061553,-47.179656982421875,-641.2153472900391,7.14312744140625,0.8992164731025696,0.43750396370887756,0.0,0.4528210066493308,1.5414461175549565,0.013879808894726287,72.04710148278451,2.9999983310699463
1469.7376305278428,-43.60008239746094,-639.3470306396484,7.211090087890625,0.872612714767456,0.48841285705566406,0.0,0.5102699657626811,1.898317052875853,0.014661586516694691,68.2054427644192,2.899998426437378
1473.8282588008253,-40.09455871582031,-637.2406005859375,7.29766845703125,0.8407923579216003,0.5413577556610107,0.0,0.5720511211667978,2.1999798615661037,0.01442578970651831,69.32029513421708,3.0499982833862305
1477.9732957054764,-36.677032470703125,-634.8969116210938,7.392364501953125,0.8086152076721191,0.5883378386497498,0.0,0.6290017468349529,2.158753855332707,0.013123021109409438,76.20196536017018,4.0489983558654785
1482.1748117710636,-33.34678649902344,-632.3366546630859,7.4777069091796875,0.7766204476356506,0.6299687623977661,0.0,0.6815130041289373,1.629340918292177,0.012448130245862443,80.33334968778816,5.047998428344727
1486.428770728101,-30.114425659179688,-629.5716400146484,7.5297088623046875,0.7423326373100281,0.6700316071510315,0.0,0.7342513201124238,1.027636404562593,0.01346917297596295,74.24360811050516,6.046998500823975
1490.7286963971949,-27.011688232421875,-626.5948791503906,7.5654296875,0.6989802122116089,0.7151409983634949,0.0,0.7968258136861753,1.1536450024366207,0.013634239702464801,73.34475715717538,7.045998573303223
1495.086194480328,-24.05645751953125,-623.3932800292969,7.6299591064453125,0.6583420634269714,0.7527188658714294,0.0,0.8521822747044152,1.2307029959815141,0.012308118616431551,81.2471857936909,8.044998168945312
1499.5106700408392,-21.231918334960938,-619.9879760742188,7.6731719970703125,0.6177940964698792,0.7863398790359497,0.0,0.9048619861580898,0.8679439050402915,0.011984683202828972,83.43983592023118,9.043997764587402
1504.0047111138929,-18.551895141601562,-616.3806610107422,7.70721435546875,0.5742743611335754,0.8186629414558411,0.0,0.9590788441441243,0.6087610179727587,0.012101577637443794,82.6338540279141,10.042997360229492
1508.5685642832793,-16.035110473632812,-612.5735473632812,7.7281036376953125,0.5280598402023315,0.8492071628570557,0.0,1.0144820606921288,0.3136007005890451,0.0115118211749633,86.86722846032987,11.041996955871582
1513.2023123497117,-13.69110107421875,-608.5764007568359,7.7358551025390625,0.48461657762527466,0.8747267127037048,0.0,1.0648715599205965,0.08799515363069332,0.010832413852651879,92.31552760100561,12.040996551513672
1517.9091905236407,-11.51409912109375,-604.4032287597656,7.7362060546875,0.4395870864391327,0.8981999158859253,0.0,1.1156573918438057,0.03181161442772362,0.009854678664569128,101.47464306424675,13.039996147155762
1522.7054048833647,-9.503082275390625,-600.0489807128906,7.738922119140625,0.4008491337299347,0.9161441326141357,0.0,1.1583528341716778,0.08833604491136349,0.008418116035540435,118.791425038346,13.558353424072266
1527.5985046887056,-7.6277008056640625,-595.529541015625,7.7448272705078125,0.3650326430797577,0.9309947490692139,0.0,1.197128471828295,0.12405696273597444,0.008418748282599253,118.7825038155499,13.73751449584961
1532.600760630045,-5.9044647216796875,-590.8334808349609,7.7512054443359375,0.3231232166290283,0.9463568925857544,0.0,1.2417684352647953,0.12384509279336209,0.008966446233839909,111.52690530011095,13.608353614807129
1537.7078800576548,-4.366790771484375,-585.9633483886719,7.7573394775390625,0.27925071120262146,0.9602182507514954,0.0,1.287782645102657,0.03647140946412275,0.008513652041793551,117.458406226963,13.479193687438965
1542.9202342468607,-3.0189208984375,-580.9282836914062,7.754791259765625,0.23894281685352325,0.9710336327552795,0.0,1.3295193394657534,-0.12956958711326516,0.007323270281875405,136.5510163505684,12.847018241882324
1548.2565379192279,-1.83892822265625,-575.7240905761719,7.74346923828125,0.2044820934534073,0.9788703322410583,0.0,1.3648617404002803,-0.24778198174045807,0.0060308437242315716,165.81427835413135,11.848018646240234
1553.7402541888657,-0.7992401123046875,-570.3398590087891,7.727874755859375,0.1752898246049881,0.9845169186592102,0.0,1.3945961914068647,-0.3234064253960445,0.0050008293547695315,199.96683131094085,10.849019050598145
1559.3736234592748,0.1150665283203125,-564.7812194824219,7.7073974609375,0.1499006748199463,0.9887010455131531,0.0,1.4203285127618703,-0.400599414344871,0.004144317020600918,241.2942820322664,9.850019454956055
1565.15473466477,0.91693115234375,-559.0560455322266,7.682037353515625,0.128664031624794,0.9916882514953613,0.0,1.441774632318351,-0.47920517892225956,0.003253097563002516,307.39932652896783,9.000016212463379
1571.0822687029938,1.6298065185546875,-553.1716156005859,7.6511688232421875,0.11227661371231079,0.993677020072937,0.0,1.4582824742076383,-0.5642573373370041,0.0026611313699591577,375.7800202157429,8.200013160705566
1577.155053974922,2.2655181884765625,-547.1323089599609,7.61419677734375,0.0969710573554039,0.9952872395515442,0.0,1.47367265034224,-0.6325831961116801,0.0025877960056165383,386.42922310321427,7.5000104904174805
1583.3708915933655,2.816802978515625,-540.9411010742188,7.5733642578125,0.08061035722494125,0.9967457056045532,0.0,1.4900984131501633,-0.3571337145355735,0.0025618753977285635,390.33904649954104,6.8000078201293945
1589.7254542004457,3.2795257568359375,-534.6034088134766,7.5701446533203125,0.06489687412977219,0.9978919625282288,0.0,1.5058538119159526,-0.15230780777728548,0.002376875565569647,420.7203837195145,6.200005531311035
1596.2140366116776,3.650970458984375,-528.12548828125,7.55352783203125,0.05017803981900215,0.9987402558326721,0.0,1.520597204755404,-0.37825140388062506,0.0022202331264631336,450.40315275045725,5.700003623962402
1602.829774560291,3.9356231689453125,-521.5159606933594,7.520263671875,0.03585353121161461,0.9993571043014526,0.0,1.5349351114136682,-0.615473199054406,0.0020795595391045474,480.8710600469738,5.300002098083496
1609.564994304321,4.131439208984375,-514.7837677001953,7.4710845947265625,0.022454265505075455,0.9997478723526001,0.0,1.5483401740030855,-0.8178275695416515,0.0019555825349801825,511.35658153652605,5.05000114440918
1616.4110280465843,4.23980712890625,-507.9388732910156,7.40899658203125,0.009309574961662292,0.9999566674232483,0.0,1.5614866173768507,-0.9950120875966362,0.0018784022245897924,532.3673422599257,4.850000381469727
1623.360551370834,4.2613067626953125,-500.9897918701172,7.3336334228515625,-0.003448707750067115,0.9999940395355225,0.0,1.5742450414283395,-1.1812464065631634,0.002047385890929898,488.4277089287804,4.75
1630.3657229575065,4.1847991943359375,-493.98561096191406,7.244049072265625,-0.01928337663412094,0.9998140931129456,0.0,1.5900808980425774,-1.3909748693127444,0.0024369981542362584,410.3408934724427,4.699999809265137
1637.3995297660251,3.9874725341796875,-486.9553680419922,7.1382904052734375,-0.037662893533706665,0.9992905259132385,0.0,1.6084681291940477,-1.6384372054354335,0.0030264515357640853,330.4199615235309,4.800000190734863
1644.5568682262665,3.629730224609375,-479.80810546875,7.011199951171875,-0.062295787036418915,0.9980577230453491,0.0,1.6331324774228906,-1.88945635089659,0.0032236925791682136,310.20327634901923,5.100001335144043
1651.8103633630362,3.0969085693359375,-472.57566833496094,6.86578369140625,-0.08398580551147461,0.9964669346809387,0.0,1.6548811823250134,-2.0332547460893413,0.0026307006958763424,380.12686185376884,5.500002861022949
1659.1574548493795,2.41552734375,-465.2618103027344,6.7142791748046875,-0.10050666332244873,0.9949363470077515,0.0,1.67147298064839,-2.081225657008645,0.0017162466478934935,582.6668335972522,6.000004768371582
1666.5987308181298,1.631378173828125,-457.8636169433594,6.5579681396484375,-0.10914471745491028,0.9940258860588074,0.0,1.6801589114761393,-2.0746796065779174,0.0008705955872886362,1148.6389485551817,6.500006675720215
1674.136394332016,0.7906951904296875,-450.37457275390625,6.403564453125,-0.11341512948274612,0.9935476779937744,0.0,1.6844560186597095,-2.013132700634107,0.00041605417323453686,2403.533155852478,6.900008201599121
1681.7689054271714,-0.0824432373046875,-442.7936706542969,6.2526397705078125,-0.1153872013092041,0.9933205842971802,0.0,1.686441123238807,-2.0126083859457413,0.00023408393833002084,4271.971871005349,7.250009536743164
1689.4912755822397,-0.9797821044921875,-435.125244140625,6.0944671630859375,-0.11698085814714432,0.9931341409683228,0.0,1.6880456492967522,-2.033170681991525,9.555002627859022e-05,10465.721873109194,7.550010681152344
1697.3024170962833,-1.8961639404296875,-427.36964416503906,5.9368438720703125,-0.11684148758649826,0.9931505918502808,0.0,1.687905311194186,-2.065365108634698,-0.0004176316092118215,2394.454772921182,7.80001163482666
1705.2091292463692,-2.7980194091796875,-419.5163116455078,5.769744873046875,-0.1103827953338623,0.9938891530036926,0.0,1.6814045169237153,-2.1309668611968924,-0.0010004283219604004,999.5718614207551,7.395998001098633
1713.2206169110889,-3.6447906494140625,-411.5515594482422,5.59759521484375,-0.10097399353981018,0.9948890805244446,0.0,1.6719426950923242,-2.1535921525743573,-0.0009809774840794372,1019.3913889251126,6.396997928619385
1721.3389822292568,-4.434417724609375,-403.4735870361328,5.42236328125,-0.09468615800142288,0.9955071806907654,0.0,1.665624542240072,-2.166044442887455,-0.0004964537983564443,2014.2861295665205,5.397997856140137
1729.5625068818101,-5.2039794921875,-395.28810119628906,5.2436065673828125,-0.09295862168073654,0.995669960975647,0.0,1.663889353510346,-2.172390705951155,-0.000201019899099375,4974.631887093157,4.398997783660889
1737.888967855277,-5.971588134765625,-386.9990692138672,5.062835693359375,-0.09137576818466187,0.9958164691925049,0.0,1.6622997339188685,-2.165127302726755,-0.0004040344475240709,2475.036487923282,3.3999979496002197
1746.3157300589576,-6.7235260009765625,-378.60789489746094,4.880889892578125,-0.0861741229891777,0.9962800741195679,0.0,1.6570774638081516,-2.1520190726605826,-0.0008123666287324638,1230.971293786773,3.0499982833862305
1754.8414809191456,-7.423004150390625,-370.11285400390625,4.698028564453125,-0.07761524617671967,0.9969833493232727,0.0,1.6484897152338578,-2.1271141857294786,-0.0010900446909126171,917.3935787557214,3.199998140335083
1763.4633659387632,-8.048690795898438,-361.515625,4.51617431640625,-0.06752202659845352,0.9977177381515503,0.0,1.638369770030209,-2.0916140691106975,-0.0010898708549587077,917.539904338379,3.449997901916504
1772.1779563181183,-8.596939086914062,-352.82017517089844,4.33544921875,-0.05878060311079025,0.9982709288597107,0.0,1.6296108318377138,-2.048510507954196,-0.000998253065836785,1001.7499912827723,3.5999977588653564
1780.9231883048217,-9.072784423828125,-344.0896911621094,4.1585235595703125,-0.05012353137135506,0.9987430572509766,0.0,1.6209408684836557,-1.9948808357145853,-0.0009306908419079996,1074.470656603766,3.699997663497925
1789.7129602095358,-9.4794921875,-335.31103515625,3.9856719970703125,-0.04248746484518051,0.9990969896316528,0.0,1.613296585427492,-1.927988408990866,-0.0008716713514360097,1147.221367723717,4.59999942779541
1798.5825310163543,-9.821929931640625,-326.4496612548828,3.818115234375,-0.034744083881378174,0.9993962049484253,0.0,1.6055474059935313,-1.8495157709988579,-0.0009583550150608078,1043.4546533223388,5.598999500274658
1807.5171107307085,-10.094573974609375,-317.5207061767578,3.65643310546875,-0.025423772633075714,0.9996767640113831,0.0,1.5962228390688613,-1.7639409919692095,-0.0013076097977630097,764.754135148534,5.4469990730285645
1816.5155260727845,-10.262832641601562,-308.5251922607422,3.5018463134765625,-0.011267660185694695,0.9999365210533142,0.0,1.5820642253827073,-1.6647578284191638,-0.0019026082833477065,525.5942638074006,4.447999000549316
1825.5758126597616,-10.278289794921875,-299.4660949707031,3.355865478515625,0.008972872979938984,0.9999597072601318,0.0,1.5618233330855567,-1.5854198572293505,-0.002520236890030947,396.78809716483465,3.4489989280700684
1834.69116641723,-10.08367919921875,-290.3539276123047,3.213714599609375,0.03456375375390053,0.9994025230407715,0.0,1.5362256883602377,-1.593931186859593,-0.002888027948266425,346.25703695155113,2.4499988555908203
1843.85994305389,-9.640243530273438,-281.1970977783203,3.06439208984375,0.06174732372164726,0.9980918169021606,0.0,1.5090096981479095,-1.5428932423032393,-0.0027007176208635464,370.2719574511655,2.1999990940093994
1853.0865669919554,-8.96246337890625,-271.9963836669922,2.92999267578125,0.08412083238363266,0.9964555501937866,0.0,1.4865759653119426,-1.2189146976398113,-0.0019433717754904212,514.5695808758178,2.049999237060547
1862.3132526716515,-8.115692138671875,-262.80908203125,2.8394622802734375,0.09749309718608856,0.9952361583709717,0.0,1.4731481173374832,-0.6751963686559698,-0.0009545131443674526,1047.654509422907,1.9999991655349731
1871.4801364397124,-7.199249267578125,-253.6881866455078,2.8054351806640625,0.10166104137897491,0.9948191046714783,0.0,1.4689593563249341,-0.579917503680985,-0.00042278456700034495,2365.27082124827,2.099999189376831
1880.5276133710358,-6.2634735107421875,-244.68951416015625,2.7343292236328125,0.10516226291656494,0.994455099105835,0.0,1.4654392619078669,-0.7125779092218509,-0.0004696630675984359,2129.185939855515,2.4499988555908203
1889.4076297170338,-5.3103790283203125,-235.86097717285156,2.6774444580078125,0.11000701040029526,0.9939307570457458,0.0,1.4605662176333856,-0.6161896318835958,-0.0006591692587302744,1517.0610382017073,2.7999985218048096
1898.1291951124292,-4.3227691650390625,-227.19566345214844,2.62579345703125,0.11665857583284378,0.9931721091270447,0.0,1.4538715154151107,-0.5708951729506528,-0.0007645081918669638,1308.0304575389237,3.149998188018799
1906.6654558888486,-3.298248291015625,-218.7212371826172,2.5788421630859375,0.12311185896396637,0.9923927783966064,0.0,1.4473713332680878,-0.5258301922288017,-0.0005977773511820494,1672.8636473472816,3.449997901916504
1915.0186977033497,-2.2541656494140625,-210.43360900878906,2.536895751953125,0.12673848867416382,0.991936206817627,0.0,1.4437160746902322,-0.47705029526592946,-0.0004617149211540439,2165.8386033973675,3.699997663497925
1923.235833161417,-1.1974334716796875,-202.2847900390625,2.499725341796875,0.13069431483745575,0.991422712802887,0.0,1.439727057620726,-0.4272750395047348,-0.0005853988658366394,1708.2369959340829,3.8999974727630615
1931.3482317446103,-0.1162567138671875,-194.2448272705078,2.467071533203125,0.1361941397190094,0.9906821250915527,0.0,1.4341775869961844,-0.37595646922155557,-0.0007767139786405419,1287.4752193211052,4.049997329711914
1939.3729071507753,1.0042266845703125,-186.29881286621094,2.4390106201171875,0.14309410750865936,0.9897090792655945,0.0,1.4272093323698574,-0.31907324633225487,-0.0008088841005590708,1236.2710545414811,4.149997711181641
1947.3086683698825,2.164398193359375,-178.44834899902344,2.4160919189453125,0.1489826887845993,0.9888398051261902,0.0,1.421256926821035,-0.26655438406900933,-0.0007204277550171834,1388.0642341106754,4.149997711181641
1955.1375037448445,3.349945068359375,-170.70982360839844,2.396942138671875,0.154331237077713,0.9880191683769226,0.0,1.4158457823188724,-0.2133514955197091,-0.0010615743225971253,941.9971628114698,4.149997711181641
1962.8324028231996,4.575775146484375,-163.1132049560547,2.3828887939453125,0.1651603877544403,0.9862667322158813,0.0,1.4048756983621278,-0.1541724106241288,-0.0016663618227986676,600.109763868985,4.099997520446777
1970.3564360467699,5.870697021484375,-155.70144653320312,2.373382568359375,0.17925530672073364,0.9838026165962219,0.0,1.3905668866674479,-0.09774601760098311,-0.0016312469519268458,613.0279653971397,3.9499974250793457
1977.696919874608,7.2277069091796875,-148.48748779296875,2.368255615234375,0.18912051618099213,0.9819539189338684,0.0,1.3805299110112725,-0.04085718454805709,-0.0008186690884134373,1221.494757958894,3.699997663497925
1984.8608518270753,8.593902587890625,-141.4550323486328,2.3673553466796875,0.19111226499080658,0.9815682172775269,0.0,1.378501160107379,0.020153162317829154,-3.196679533301605e-05,31282.460114704605,3.3999979496002197
1991.840485978452,9.922393798828125,-134.60299682617188,2.3709869384765625,0.18965420126914978,0.9818509221076965,0.0,1.3799863780126382,0.08361239681435872,0.00015414525451029615,6487.387517552186,3.149998188018799
1998.6643129725885,11.213607788085938,-127.90245056152344,2.3787994384765625,0.1890055537223816,0.9819759726524353,0.0,1.3806469696601853,0.14588415787886444,1.775614364907252e-05,56318.5351371177,4.148998260498047
2005.3796129879072,12.4844970703125,-121.30851745605469,2.3906707763671875,0.18940144777297974,0.9818997383117676,0.0,1.3802438024728982,0.2067045566294612,4.133818499330033e-05,24190.70890901644,5.147998332977295
2012.0066927246992,13.736419677734375,-114.80078125,2.4063262939453125,0.1884813755750656,0.9820767641067505,0.0,1.381180750200309,0.23623553963307936,0.00014138168916389717,7073.051722000201,4.59999942779541
