s_m,x_m,y_m,z_m,dir_x,dir_y,dir_z,heading_rad,slope_pct,curvature_1_per_m,radius_m,width_m
0.0,-467.41502380371094,-66.62391662597656,15.345260620117188,0.7335402965545654,-0.6796459555625916,-0.0,-0.7472798789238199,0.562891898052506,-4.959131986757699e-05,20164.81921978052,13.90003490447998
7.945310795362654,-461.5873107910156,-72.02426147460938,15.389984130859375,0.7332724332809448,-0.6799349188804626,-0.0,-0.74767389737292,0.5284408023594755,-0.0003767341333499527,2654.3918150126533,14.05003547668457
15.753916636687723,-455.8732452392578,-77.34613037109375,15.428604125976562,0.7295543551445007,-0.6839228868484497,-0.0,-0.7531262424441099,0.4620587492065953,-0.001079809951849399,926.0888902600798,14.20003604888916
23.42388779795292,-450.3040466308594,-82.61978149414062,15.461593627929688,0.7218787670135498,-0.6920195817947388,-0.0,-0.7642829626317512,0.39880015049977846,-0.00156474566823174,639.0814943939498,13.787997245788574
30.95243472668503,-444.8994598388672,-87.86083984375,15.489303588867188,0.7131062746047974,-0.7010559439659119,-0.0,-0.776877189754434,0.3380921208085974,-0.0019622312707961304,509.62392399050543,12.788997650146484
38.33737536500661,-439.6752014160156,-93.08041381835938,15.512100219726562,0.70138019323349,-0.712787389755249,-0.0,-0.7934643567260331,0.2796634514620644,-0.0029090434948841615,343.75560274660666,11.789998054504395
45.57790269283846,-434.65977478027344,-98.30252075195312,15.530288696289062,0.6827812790870667,-0.7306228280067444,-0.0,-0.819233702896438,0.2241580617184713,-0.004477706920958648,223.32859600956343,10.790998458862305
52.67239837953333,-429.9104766845703,-103.57279968261719,15.5443115234375,0.6544156670570374,-0.7561350464820862,-0.0,-0.8573867861177681,0.17120662449472412,-0.006155856860410966,162.44692212242893,9.791998863220215
59.62522589022134,-425.4833068847656,-108.93394470214844,15.554412841796875,0.6173011064529419,-0.7867269515991211,-0.0,-0.9054887750841226,0.11863871279060856,-0.006689793047888526,149.48145523210562,8.792999267578125
66.43496422331272,-421.39910888671875,-114.38296508789062,15.560714721679688,0.5820732712745667,-0.8131363391876221,-0.0,-0.9495202341372172,0.07200843062460383,-0.007187016911194347,139.1397866954259,7.793999671936035
73.11213868452685,-417.6481475830078,-119.90699768066406,15.564178466796875,0.5384243726730347,-0.8426738381385803,-0.0,-1.002230132569001,0.041447197078881004,-0.007539985741192912,132.62624550292432,6.794999599456787
79.66147572107042,-414.2482147216797,-125.50469970703125,15.56622314453125,0.49814552068710327,-0.8670934438705444,-0.0,-1.049337599068715,0.021809273433848197,-0.008384739801928887,119.26428531150755,5.795999526977539
86.10472959440727,-411.2064208984375,-131.18475341796875,15.567031860351562,0.4438383877277374,-0.8961068391799927,-0.0,-1.1109187658679978,0.16196989619503555,-0.009638442307123324,103.75120461746673,4.796999454498291
92.44852810324541,-408.56268310546875,-136.95138549804688,15.586639404296875,0.3877851068973541,-0.9217498302459717,-0.0,-1.1725688825880956,0.20798918053450688,-0.009808095549853443,101.95659237994907,3.797999382019043
98.70384228416894,-406.31085205078125,-142.78732299804688,15.593414306640625,0.3300155699253082,-0.9439755082130432,-0.0,-1.234476264075349,0.05044733281394098,-0.010354209678825527,96.57907566282061,2.798999309539795
104.87913745411002,-404.4636993408203,-148.6798858642578,15.593002319335938,0.2663372755050659,-0.9638798832893372,-0.0,-1.3012052781277277,-0.025616774695125244,-0.010910907974947509,91.65140080881407,1.7999993562698364
110.97376534188332,-403.0323486328125,-154.6040496826172,15.590301513671875,0.2010805755853653,-0.9795746803283691,-0.0,-1.368335418872527,-0.04278492008273904,-0.011738391604231513,85.19054685818413,1.0000001192092896
117.00001601876524,-402.0364532470703,-160.5474395751953,15.587814331054688,0.12706542015075684,-0.9918943643569946,-0.0,-1.4433864764873354,0.0006721234007578403,-0.012229191788506288,81.77155263358112,0.6000000834465027
123.03872422520737,-401.4816589355469,-166.56060791015625,15.59039306640625,0.05489421263337135,-0.9984921813011169,-0.0,-1.5158745075329185,0.11643883052174786,-0.012359890939828616,80.90686276021997,0.5500000715255737
129.17745864423915,-401.38746643066406,-172.6986083984375,15.602142333984375,-0.023171745240688324,-0.9997314810752869,-0.0,-1.593970146553618,0.28490943836860794,-0.012343550027337988,81.01397067984827,0.8000001311302185
135.4147274757887,-401.7625274658203,-178.92454528808594,15.625839233398438,-0.0976111888885498,-0.99522465467453,-0.0,-1.6685631869175142,0.2948895907830318,-0.011667239317890973,85.71007868730037,1.4499996900558472
141.75317655679146,-402.60284423828125,-185.20703125,15.639053344726562,-0.1690228432416916,-0.985612154006958,-0.0,-1.7406344868722745,0.26604168904991177,-0.011514443059170903,86.84744844897473,2.4489998817443848
148.19841186827816,-403.92999267578125,-191.5141143798828,15.65997314453125,-0.24255134165287018,-0.9701385498046875,-0.0,-1.815791195378091,0.46497367830808933,-0.010475496661492195,95.46086761461044,3.447999954223633
154.73944032310752,-405.7128448486328,-197.80735778808594,15.69970703125,-0.30091020464897156,-0.9536525011062622,-0.0,-1.8764432709232501,0.5228281353514941,-0.007804103265554974,128.13772011625053,4.447000026702881
161.36946843157932,-407.8488006591797,-204.08383178710938,15.728683471679688,-0.34056711196899414,-0.9402202367782593,-0.0,-1.9183163184768461,0.2949906328405971,-0.004635656326091558,215.71918400670694,5.446000099182129
168.08333707547857,-410.2080841064453,-210.3695068359375,15.73883056640625,-0.3590232729911804,-0.9333286285400391,-0.0,-1.938017503217248,0.03976899361224362,-0.0019263752547576396,519.1096581677238,6.445000171661377
174.8879229462854,-412.6770477294922,-216.7103729248047,15.733856201171875,-0.3647622764110565,-0.9311006665229797,-0.0,-1.9441738084837474,-0.18362399896503234,4.065804336908507e-05,24595.37934283292,7.444000244140625
181.87322794784492,-415.2077178955078,-223.2211151123047,15.713104248046875,-0.35817667841911316,-0.9336538314819336,-0.0,-1.9371105967398703,-0.4046009013586538,0.0020743862804113444,482.07029203919683,8.442999839782715
189.119258740318,-417.7333526611328,-230.01263427734375,15.675704956054688,-0.3365882933139801,-0.9416519403457642,-0.0,-1.9140877491350408,-0.6294594669850717,0.004120503903678324,242.68876413569515,9.441999435424805
196.56896233292966,-420.115966796875,-237.07083129882812,15.620132446289062,-0.3006468713283539,-0.9537355303764343,-0.0,-1.8761671580917565,-0.7279175747104016,0.006415294403991953,155.8774916670612,10.440999031066895
204.15827648078812,-422.19134521484375,-244.37066650390625,15.5662841796875,-0.24395136535167694,-0.9697874784469604,-0.0,-1.8172345656825362,-0.5372989973727371,0.0070768726504243235,141.30535469506304,9.991998672485352
211.84554263580753,-423.86924743652344,-251.87252807617188,15.53839111328125,-0.19611670076847076,-0.9805805683135986,-0.0,-1.7681924623493281,-0.21221828105500995,0.00712507651646721,140.34936995958392,8.992999076843262
219.63799885974512,-425.1886291503906,-259.55247497558594,15.53375244140625,-0.13556741178035736,-0.9907681345939636,-0.0,-1.7067824643749716,0.11643842904706103,0.007724436356243772,129.45928400221536,7.993999481201172
227.54298793333967,-426.0304718017578,-267.4124755859375,15.55706787109375,-0.07610398530960083,-0.9970998764038086,-0.0,-1.6469739683826963,0.33228721067843914,0.00756275425719638,132.22695938433336,6.994999408721924
235.56815152741905,-426.40087890625,-275.4290313720703,15.586776733398438,-0.01551045197993517,-0.9998797178268433,-0.0,-1.5863074005563662,0.4451647787030444,0.007230420311345825,138.30454620056054,5.995999336242676
243.71213366789917,-426.29307556152344,-283.5721893310547,15.629226684570312,0.040642090141773224,-0.9991737604141235,-0.0,-1.5301430393540034,0.5002484241841354,0.0065127084913419175,153.54594809969055,4.996999263763428
251.96642521034002,-425.74609375,-291.80824279785156,15.66876220703125,0.09107449650764465,-0.9958440661430359,-0.0,-1.4795954526749489,0.5545001552236917,0.005870136085620398,170.35380192456185,3.9979991912841797
260.29164412087624,-424.7922821044922,-300.07847595214844,15.721267700195312,0.13750410079956055,-0.9905012249946594,-0.0,-1.4328551940315348,0.8072260964683609,0.005693019436036298,175.6537126274487,2.9989991188049316
268.63069896664797,-423.44866943359375,-308.30816650390625,15.803329467773438,0.1850012093782425,-0.9827383160591125,-0.0,-1.3847232381092172,1.2507592121477784,0.006060452131561048,165.00419082469026,1.9999991655349731
277.04490901598825,-421.6769104003906,-316.53273010253906,15.93121337890625,0.237233504652977,-0.9714526534080505,-0.0,-1.331279262003258,1.8135561833436897,0.0058421546218256765,171.1697249956557,1.2999998331069946
285.5618459546385,-419.4649963378906,-324.7554626464844,16.110992431640625,0.2810443639755249,-0.9596948027610779,-0.0,-1.2859141727551282,2.0879058387044513,0.004983583635271571,200.65881766736052,1.0500000715255737
294.17895536757976,-416.8824005126953,-332.9745330810547,16.288909912109375,0.3191542327404022,-0.9477027654647827,-0.0,-1.2459594056982881,1.988372644698444,0.004390715587920049,227.7533080829122,1.149999976158142
302.89676676301366,-413.9516906738281,-341.1832733154297,16.455520629882812,0.35315853357315063,-0.9355635046958923,-0.0,-1.2098512931352585,1.8372039141084207,0.00401394001367128,249.13177491294084,1.5999995470046997
311.7148793310792,-410.69691467285156,-349.37725830078125,16.610931396484375,0.3849920928478241,-0.9229198694229126,-0.0,-1.1755970711555375,1.7283082357231527,0.003925303965070015,254.75734080689548,2.349998950958252
320.6020130804267,-407.1334686279297,-357.5173034667969,16.761474609375,0.41727903485298157,-0.9087784290313721,-0.0,-1.1403471689875462,1.5803502246607426,0.003901190682270711,256.33199744492987,3.3489990234375
329.41389748656695,-403.3246612548828,-365.46246337890625,16.89080810546875,0.44775792956352234,-0.8941548466682434,-0.0,-1.1065400544975108,1.2398176475582057,0.0036925793384756586,270.81340936409293,4.347999095916748
338.1291946119527,-399.30604553222656,-373.1954650878906,16.979217529296875,0.47520527243614197,-0.8798749446868896,-0.0,-1.075599004184137,0.8029974538181994,0.003571263932460614,280.012908290146,5.346999168395996
346.74917299894975,-395.0943298339844,-380.71629333496094,17.030410766601562,0.5022174119949341,-0.8647413849830627,-0.0,-1.0446352038632514,0.4553180571469584,0.0038219459514917606,261.6468188436013,6.345999240875244
355.27274077674406,-390.6924591064453,-388.01519775390625,17.057540893554688,0.5317579507827759,-0.8468964099884033,-0.0,-1.0101213691915274,0.2049492829490962,0.0042040331126046646,237.86682293290423,7.344999313354492
363.6989737870296,-386.08509826660156,-395.0702362060547,17.06536865234375,0.5624853372573853,-0.8268072605133057,-0.0,-0.9734076446559835,-0.035057518676540056,0.005041084918771178,198.36999695767105,8.343998908996582
372.0346295749791,-381.25242614746094,-401.8620147705078,17.051895141601562,0.6012382507324219,-0.7990698218345642,-0.0,-0.9257465099083995,-0.2533424335332768,0.005648091814304486,177.05094620936885,9.342998504638672
380.2899561450146,-376.1171569824219,-408.3256530761719,17.023483276367188,0.6373907327651978,-0.7705407738685608,-0.0,-0.879689116929691,-0.44323291097945194,0.005757577886799925,173.68414629572683,10.341998100280762
388.48820212889296,-370.74415588378906,-414.51759338378906,16.979080200195312,0.6741123199462891,-0.7386288642883301,-0.0,-0.8310340878315222,-0.37342980820769256,0.005982397689546393,167.15705840609598,11.200024604797363
396.656904265031,-365.0857849121094,-420.4091339111328,16.962265014648438,0.7096617221832275,-0.7045425176620483,-0.0,-0.7817783311146489,-0.38738377376921207,0.0055594009315483445,179.87549599548143,11.200024604797363
404.80796447554644,-359.184326171875,-426.0314483642578,16.915924072265625,0.7382733821868896,-0.6745015978813171,-0.0,-0.7402894057679161,-0.8584218552001532,0.005095613588983763,196.2472197974167,11.1500244140625
412.93442627482113,-353.0783386230469,-431.39312744140625,16.822677612304688,0.7655923962593079,-0.643325924873352,-0.0,-0.698834644346587,-1.1986697403965962,0.005434151073294716,184.0213837473793,11.00002384185791
421.0413602131099,-346.7517395019531,-436.46128845214844,16.721359252929688,0.794818639755249,-0.6068470478057861,-0.0,-0.6520876686565411,-1.1566475583405067,0.006077059703324998,164.55326240301056,10.70002269744873
429.13973321513845,-340.20867919921875,-441.2325134277344,16.635223388671875,0.8251326680183411,-0.564939022064209,-0.0,-0.6003593446173284,-1.148562634303274,0.006212469385256811,160.9665880001213,10.200020790100098
437.23157023961534,-333.422119140625,-445.63824462890625,16.535415649414062,0.8517373204231262,-0.5239689946174622,-0.0,-0.551504197511019,-1.3849646435990515,0.005604418126331563,178.4306555040285,9.242998123168945
445.31064291731997,-326.4541015625,-449.7251434326172,16.411300659179688,0.872881293296814,-0.48793265223503113,-0.0,-0.509719755721795,-1.7447761910552417,0.005410744890401015,184.81743646314942,8.243998527526855
453.3825601764877,-319.325927734375,-453.50933837890625,16.253646850585938,0.8942164182662964,-0.4476349353790283,-0.0,-0.4641187272857948,-1.8503461494419615,0.005988067855767259,166.99877557948426,7.244999408721924
461.47145132113354,-312.00341796875,-456.9431457519531,16.1123046875,0.9159464836120605,-0.40130048990249634,-0.0,-0.4129362273482123,-1.667104592015145,0.006124596893181927,163.27605186771197,6.245999336242676
469.58860963575853,-304.4927673339844,-460.01914978027344,15.9835205078125,0.9341684579849243,-0.35683223605155945,-0.0,-0.36487469844168136,-1.7168908064417177,0.005482040527511996,182.41382838770187,5.246999263763428
477.7824535163104,-296.77923583984375,-462.7791442871094,15.832061767578125,0.9481011629104614,-0.3179687559604645,-0.0,-0.3235862908547367,-2.1421210317811523,0.00510093888033011,196.0423411180501,4.24799919128418
486.07844951038663,-288.86241149902344,-465.2502746582031,15.629684448242188,0.9608483910560608,-0.2770747244358063,-0.0,-0.2807482905126999,-2.568235910247485,0.0051959695818405635,192.4568618520994,3.2489991188049316
494.4838351336333,-280.73960876464844,-467.3994903564453,15.402847290039062,0.9720938205718994,-0.234592467546463,-0.0,-0.23679931262866824,-2.516577546233767,0.004598078727868006,217.48213964654553,2.2499990463256836
503.02808250660104,-272.4014434814453,-469.2540740966797,15.203643798828125,0.9794683456420898,-0.20159797370433807,-0.0,-0.20298911990092774,-2.123013198946,0.0034827024955977476,287.1333400610685,1.4499996900558472
511.83637487886335,-263.75294494628906,-470.915771484375,15.035568237304688,0.984443187713623,-0.17570312321186066,-0.0,-0.17661995914256762,-1.711215431561841,0.0024416110850614195,409.5656372623508,0.9000001549720764
520.9598671478167,-254.75851440429688,-472.43873596191406,14.898056030273438,0.9872971177101135,-0.15888471901416779,-0.0,-0.15956092330874752,-1.1614483057533986,0.0021472870420317248,465.70392333472927,0.5000000596046448
530.342058952594,-245.48020935058594,-473.8290100097656,14.82244873046875,0.9906660318374634,-0.1363116353750229,-0.0,-0.13673733245413563,-0.14097464038691498,0.00196034888701455,510.1132796432566,0.30000001192092896
539.991620983573,-235.9106903076172,-475.0682067871094,14.874832153320312,0.9925052523612976,-0.12220199406147003,-0.0,-0.12250820314249801,1.1663343670266002,0.0009467223962152192,1056.27584601122,0.30000001192092896
549.9791464542379,-225.99734497070312,-476.26966857910156,15.055770874023438,0.9929859638214111,-0.11823230236768723,-0.0,-0.11850950874092316,2.207258880535512,0.00046174186949484927,2165.7121999657757,0.3500000238418579
560.3933105543643,-215.65618896484375,-477.47003173828125,15.328598022460938,0.9936184287071228,-0.11279385536909103,-0.0,-0.11303440217464525,2.7639289080688134,0.000332930478343158,3003.630082101646,0.4500000476837158
571.2556036850197,-204.86630249023438,-478.68145751953125,15.645156860351562,0.9937788844108582,-0.11137092113494873,-0.0,-0.11160244958197342,2.764327243235909,-7.2372098366977125e-06,138174.79699556326,0.6500000953674316
582.5294153747454,-193.66726684570312,-479.9439697265625,15.939254760742188,0.9935871362686157,-0.11306890845298767,-0.0,-0.11331122958446112,2.1481103230208465,-0.00013256274094104997,7543.597793023119,0.7500001192092896
593.9516790026793,-182.32078552246094,-481.24342346191406,16.131317138671875,0.9934399724006653,-0.114354707300663,-0.0,-0.11460542282877871,0.9846081531461603,-0.00014191268697491023,7046.586329358962,0.9000001549720764
605.3886500623423,-170.9600830078125,-482.56163024902344,16.16412353515625,0.993215024471283,-0.11629235744476318,-0.0,-0.11655608705045817,0.14363876456432445,-0.00019316184209334803,5177.0059198169,1.0000001192092896
616.7853030807104,-159.64231872558594,-483.90025329589844,16.164230346679688,0.9929261803627014,-0.11873342841863632,-0.0,-0.11901418822585927,-0.00040753509077395833,-0.00024180510977508344,4135.561903262327,1.100000023841858
628.1386826900083,-148.37130737304688,-485.26536560058594,16.164031982421875,0.9925605654716492,-0.12175208330154419,-0.0,-0.12205490497343022,-0.0010070805041229036,-0.0002625047527706247,3809.454836323649,1.149999976158142
639.4481524892478,-137.14793395996094,-486.658203125,16.16400146484375,0.9922021627426147,-0.12463877350091934,-0.0,-0.12496376020894284,-0.0002704541136377969,-0.00022523521891397013,4439.802997158964,1.1999999284744263
650.7065704910079,-125.97892761230469,-488.07427978515625,16.163970947265625,0.9919284582138062,-0.12679898738861084,-0.0,-0.1271412450123302,0.01938651893439447,-0.00021436342264632806,4664.974964734869,1.1999999284744263
661.9888920808244,-114.78947448730469,-489.5188903808594,16.168380737304688,0.9915882349014282,-0.1294325292110443,-0.0,-0.12979667310890677,0.25576421723469966,-0.0002884088928934176,3467.2994648939384,1.1999999284744263
673.2352356646652,-103.64071655273438,-490.9962615966797,16.221435546875,0.9910841584205627,-0.13323751091957092,-0.0,-0.13363490142594284,0.5820510216268282,-0.0003470778900545911,2881.1976465649027,1.1999999284744263
684.4265980281473,-92.55250549316406,-492.51025390625,16.298858642578125,0.9905502796173096,-0.13715001940727234,-0.0,-0.13758366949808368,0.6137584993137657,-0.00014237795708148173,7023.55912739855,1.1999999284744263
695.5644398791005,-81.52017211914062,-494.03851318359375,16.358566284179688,0.9906525015830994,-0.1364099383354187,-0.0,-0.13683656218419185,0.467328769479991,0.0003262973674088808,3064.6891451836555,0.9500001668930054
706.645244686173,-70.53842163085938,-495.5161590576172,16.40277099609375,0.9915147423744202,-0.12999434769153595,-0.0,-0.13036327805204856,0.14397115081652423,0.0006126607023940129,1632.224812351164,1.149999976158142
717.6675124202752,-59.60493469238281,-496.9122619628906,16.39068603515625,0.9924083948135376,-0.12298603355884552,-0.0,-0.1232982027333547,-0.3648447260157228,0.00089610049030861,1115.9462703291322,1.149999976158142
728.640989018132,-48.70707702636719,-498.1965026855469,16.322769165039062,0.9938814640045166,-0.11045189946889877,-0.0,-0.11067772071245734,-0.6729431007493014,0.0013852896445198859,721.8706961074414,1.2499998807907104
739.5616081411023,-37.84364318847656,-499.30979919433594,16.243408203125,0.9956792593002319,-0.09285937249660492,-0.0,-0.09299334292590136,-0.775757592134485,0.0016071138185697626,622.2334650136613,1.4999996423721313
750.4279134880176,-27.016372680664062,-500.22564697265625,16.15380859375,0.9971389770507812,-0.07559015601873398,-0.0,-0.07566232672528392,-0.8749631936056712,0.0014238888339089119,702.3020169733078,1.8499993085861206
761.2397475169785,-16.23046875,-500.96728515625,16.053787231445312,0.9980719685554504,-0.06206757575273514,-0.0,-0.06210749515908532,-0.9750869160978781,0.0011654581006849797,858.0317039387908,2.349998950958252
771.9944569021611,-5.493438720703125,-501.5737609863281,15.943572998046875,0.9987242817878723,-0.05049588531255722,-0.0,-0.050517368687071164,-1.074322956345708,0.001133645708690241,882.1098093824668,3.0499982833862305
782.6918049570419,5.192779541015625,-502.04656982421875,15.823379516601562,0.999285876750946,-0.03778586909174919,-0.0,-0.037794865805261646,-1.2191607790231762,0.0010042991393744512,995.7192641057833,3.8499975204467773
793.3251505731741,15.819320678710938,-502.4003143310547,15.683639526367188,0.9995774626731873,-0.02906726486980915,-0.0,-0.029071359468649312,-1.4898515892815989,0.0009803604131656235,1020.0330272118592,4.800000190734863
803.9049622540026,26.39471435546875,-502.65020751953125,15.507522583007812,0.9998552203178406,-0.01701458916068077,-0.0,-0.017015410569632683,-1.5395088740449703,0.001431962706236725,698.3422093638554,5.799000263214111
814.4284270413564,36.916778564453125,-502.73565673828125,15.358612060546875,0.9999994039535522,0.0011148769408464432,-0.0,0.0011148771434524797,-1.334898112713634,0.0017393797811630207,574.9175716710695,6.650007247924805
824.8899902890374,47.37696838378906,-502.6284637451172,15.227294921875,0.9998102188110352,0.01948224939405918,-0.0,0.019483481736684672,-1.3271933395565205,0.0017577089738120186,568.922395515372,7.649007320404053
835.2906361228394,57.77235412597656,-502.33143615722656,15.081817626953125,0.9992862343788147,0.037775348871946335,-0.0,0.03778433958486273,-1.5175367055113465,0.0017167709054061648,582.4889021889694,8.500014305114746
845.6307774157218,68.09977722167969,-501.8474426269531,14.912689208984375,0.9984825849533081,0.05506795644760132,-0.0,0.055095827890092014,-1.7088662845182512,0.002019641320837637,495.13742350312714,9.000016212463379
855.9171890037597,78.361572265625,-501.1602478027344,14.729415893554688,0.9968490600585938,0.07932213693857193,-0.0,0.0794055538597348,-1.8135995440471286,0.0025754548879054007,388.2809226036543,9.300017356872559
866.1434117957538,88.54231262207031,-500.2154998779297,14.54071044921875,0.9941844940185547,0.1076904833316803,-0.0,0.10789972663407289,-1.8851858848716985,0.002833657799160269,352.90076321013134,9.450017929077148
876.3133330097684,98.63407897949219,-498.97242736816406,14.344955444335938,0.9906033873558044,0.13676594197750092,-0.0,0.13719593775132222,-2.054487465079946,0.002876157302628848,347.68612936642444,9.650018692016602
886.4264214495668,108.62825012207031,-497.44195556640625,14.1241455078125,0.9862143397331238,0.16547276079654694,-0.0,0.1662373647435942,-2.1426005891142297,0.0029212034211087345,342.3246709811304,9.850019454956055
896.5216779001503,118.55677795410156,-495.6271514892578,13.911956787109375,0.980809211730957,0.1949699968099594,-0.0,0.19622685888813102,-1.8762632357077091,0.003146075780605816,317.85629772955997,9.950019836425781
906.6074944720123,128.41311645507812,-493.4944152832031,13.745452880859375,0.9737290143966675,0.22770999372005463,-0.0,0.22972523939690254,-1.4041869261721351,0.003623584353538864,275.96984158058314,9.950019836425781
916.6299190471864,138.1283721923828,-491.0348815917969,13.629287719726562,0.9640231728553772,0.26581820845603943,-0.0,0.26905256699420516,-1.0227387966958434,0.003814783725750174,262.13805864010044,9.950019836425781
926.5867115953891,147.6758575439453,-488.21080017089844,13.540939331054688,0.9535594582557678,0.3012048304080963,-0.0,0.30595591226321517,-0.8516652487659204,0.0039020667204466113,256.27444932195954,10.050020217895508
936.4854173189722,157.0505828857422,-485.03395080566406,13.46014404296875,0.9405645728111267,0.3396148383617401,-0.0,0.34650737506691104,-0.8773998096448521,0.003774459897483172,264.93856794366917,10.150020599365234
946.3142459557782,166.2400665283203,-481.54815673828125,13.367935180664062,0.928493320941925,0.3713490664958954,-0.0,0.38046156708036677,-0.9938672857806252,0.0038570849792716293,259.26314959978913,10.200020790100098
956.0825408597457,175.23316955566406,-477.7359161376953,13.26544189453125,0.9122525453567505,0.409628301858902,-0.0,0.4220465622420941,-0.9442853830811782,0.00421202998821478,237.41521375631004,10.200020790100098
965.7820101023043,183.99974060058594,-473.586181640625,13.1839599609375,0.8949547410011292,0.44615691900253296,-0.0,0.46246656099303357,-0.7846611743730358,0.0040828857179674195,244.9248078630595,10.250020980834961
975.4099135207398,192.53115844726562,-469.12451171875,13.11370849609375,0.8771170973777771,0.48027661442756653,-0.0,0.5009700450142093,-0.7501921466703476,0.0035939246421917807,278.24734783257526,10.300021171569824
984.956729138879,200.83151245117188,-464.4085388183594,13.040145874023438,0.862075924873352,0.506779134273529,-0.0,0.5314444980757774,-0.8954750029855463,0.0031491004487239835,317.55100108197576,10.40002155303955
994.4231894366253,208.9212188720703,-459.4931335449219,12.943649291992188,0.8468024134635925,0.5319075584411621,-0.0,0.560851643190231,-0.9266945225180456,0.003126444366260247,319.85216522377084,10.40002155303955
1003.8088226756413,216.7957763671875,-454.38673400878906,12.86529541015625,0.8307284712791443,0.5566778182983398,-0.0,0.5903813023450186,-0.5185596499800549,0.0025636252479730483,390.0726133005042,10.40002155303955
1013.1020785299278,224.4635772705078,-449.1361083984375,12.846206665039062,0.8203094601631165,0.5719199180603027,-0.0,0.6088444300090499,-0.0879496555333481,0.0015550850728128784,643.0516358768552,10.300021171569824
1022.293754020652,231.9757080078125,-443.8394317626953,12.848800659179688,0.8143348097801208,0.5803954005241394,-0.0,0.6192141558213522,0.05403793119710398,0.0009660963004983411,1035.0934989443292,10.300021171569824
1031.383591604976,239.35751342773438,-438.5352783203125,12.856033325195312,0.8100616931915283,0.5863445997238159,-0.0,0.6265389587535819,0.09736609799023688,0.0005364635344395144,1864.0595973494799,10.350021362304688
1040.3694996670145,246.62855529785156,-433.2552795410156,12.866363525390625,0.8086357712745667,0.5883095860481262,-0.0,0.6289668030052559,0.12576037412511676,1.724876978167339e-05,57975.149106719946,10.450021743774414
1049.2496274684383,253.8139190673828,-428.0373229980469,12.87847900390625,0.8098497986793518,0.5866373181343079,-0.0,0.6269003219399671,0.13981504488138619,-0.0002654357595014145,3767.389902092943,10.55002212524414
1058.0219001988728,260.9250030517578,-422.9006805419922,12.891036987304688,0.8113793730735779,0.5845199227333069,-0.0,0.6242882413968149,0.13959636765157324,-0.00020709465229134388,4828.709910834322,10.650022506713867
1066.6781350337405,267.9515838623047,-417.8452453613281,12.902816772460938,0.8119741082191467,0.5836935043334961,-0.0,0.6232700678804826,0.1253162499893712,7.073369675707902e-05,14137.533394222324,10.70002269744873
1075.2194673300578,274.8826141357422,-412.85374450683594,12.912612915039062,0.8106929063796997,0.5854716300964355,-0.0,0.6254616908220941,0.08533353142736733,0.0003411318189760759,2931.418133323211,10.750022888183594
1083.7416969057,281.7832489013672,-407.852783203125,12.917388916015625,0.8085646033287048,0.5884073972702026,-0.0,0.6290877654455894,-0.014480796089377801,0.0004145546577061926,2412.227148847355,10.85002326965332
1092.1478883071918,288.5709533691406,-402.8938446044922,12.910324096679688,0.8065627813339233,0.5911484360694885,-0.0,0.6324819658216685,-0.20051750094050025,0.00039997295657300674,2500.1690328467766,11.84902286529541
1100.4362926885563,295.2482604980469,-397.9835968017578,12.884185791015625,0.8046170473098755,0.593794047832489,-0.0,0.6357660414014469,-0.2526008280750336,0.0004689880585894979,2132.250452191776,12.8480224609375
1108.60311662252,301.80873107910156,-393.1197509765625,12.868606567382812,0.8019872307777405,0.5973411798477173,-0.0,0.6401817081148214,-0.05634565715932904,0.0006204758715452341,1611.6662159796776,13.84702205657959
1116.6404427585117,308.2407684326172,-388.3002624511719,12.874710083007812,0.7986186742782593,0.6018373966217041,-0.0,0.6457998235034421,0.06862542486639756,0.000437710584263222,2284.6146196881527,14.84602165222168
1124.5382966589136,314.54383850097656,-383.5413360595703,12.879562377929688,0.7977577447891235,0.6029781103134155,-0.0,0.6472289587658411,0.02748495654243399,-8.978120912303544e-05,11138.1881550471,15.84502124786377
1132.3029270342436,320.7445373535156,-378.867919921875,12.879104614257812,0.7994211912155151,0.6007709503173828,-0.0,0.6444651544789182,0.014046018097435553,-0.0005789667288874784,1727.2149678126825,16.547033309936523
1139.9265564393118,326.8513488769531,-374.30430603027344,12.881668090820312,0.8030609488487244,0.59589684009552,-0.0,0.6383819890273402,0.06412329127439831,-0.0010918224176564087,915.8998604795961,15.548032760620117
1147.4062471922366,332.8790283203125,-369.87567138671875,12.888702392578125,0.8091696500778198,0.5875751376152039,-0.0,0.6280588156079681,0.11264126495221793,-0.0016612530323103988,601.9552594039471,14.549033164978027
1154.7398506707127,338.84043884277344,-365.6044616699219,12.898300170898438,0.8174337148666382,0.5760226845741272,-0.0,0.6138546851330603,0.1060757698787329,-0.0019989771811145737,500.25583555807674,13.550033569335938
1161.922652844952,344.7405090332031,-361.5079040527344,12.9041748046875,0.8258663415908813,0.5638659000396729,-0.0,0.5990593953722285,0.02561090075937633,-0.0020841493433009922,479.81206491476473,13.350032806396484
1168.9469373579277,350.56787109375,-357.5858612060547,12.902114868164062,0.8341245651245117,0.5515761375427246,-0.0,0.5842526224480432,-0.09285015969492383,-0.0021471182759141144,465.74052823161776,12.900031089782715
1175.7763435601576,356.29034423828125,-353.8583984375,12.891555786132812,0.8422629237174988,0.5390669703483582,-0.0,0.5693289408758156,-0.23075969279188202,-0.002371062164295966,421.7519114674616,12.200028419494629
1182.5273704040967,362.00599670410156,-350.26573181152344,12.870895385742188,0.8514347076416016,0.5244606733322144,-0.0,0.5520815383604623,-0.4414753164543428,-0.0026044512778160486,383.9580369645255,11.539999008178711
1189.1462032003024,367.670166015625,-346.8415985107422,12.8328857421875,0.8605128526687622,0.5094287395477295,-0.0,0.5345207962216219,-0.7235394749871116,-0.0026282354578183106,380.48341408120893,10.540999412536621
1195.5896565997239,373.24041748046875,-343.6031951904297,12.776901245117188,0.8689388632774353,0.49491947889328003,-0.0,0.5177421521419044,-0.9938612240230738,-0.002801193264777714,356.9907198385878,9.541999816894531
1201.853853530143,378.709228515625,-340.5491180419922,12.70703125,0.8780644536018372,0.47854238748550415,-0.0,0.498993930616332,-1.2554861200459344,-0.0036647148400314536,272.8725272363667,8.543000221252441
1207.9244407355598,384.07420349121094,-337.7097625732422,12.622573852539062,0.8902990818023682,0.4553762674331665,-0.0,0.47279479884461206,-1.6356956519992805,-0.005905279143338556,169.34000505768623,7.544000148773193
1213.801864540562,389.3573913574219,-335.1368408203125,12.512527465820312,0.9093647599220276,0.41599974036216736,-0.0,0.42904189857095526,-2.1023484146632354,-0.00858333354697504,116.5048514690918,6.545000076293945
1219.4889053175846,394.5879364013672,-332.90830993652344,12.38031005859375,0.9308881163597107,0.36530447006225586,-0.0,0.3739598488701279,-2.5355612689857976,-0.008445512437762613,118.40607747241921,5.546000003814697
1224.9641314440926,399.72100830078125,-331.00904846191406,12.230377197265625,0.9446548819541931,0.32806578278541565,-0.0,0.33425530607543685,-2.846820028453201,-0.006637396954402238,150.66147269326,4.546999931335449
1230.1808489404548,404.67083740234375,-329.36903381347656,12.07647705078125,0.9545401334762573,0.2980823814868927,-0.0,0.3026830815444568,-3.0826253245444635,-0.00801700787028789,124.7348158040526,3.547999858856201
1235.3145877400177,409.6033477783203,-327.95538330078125,11.911529541015625,0.9685155749320984,0.24895304441452026,-0.0,0.25159910996981594,-3.1238792603724086,-0.01091671095657962,91.60268179467452,2.548999786376953
1240.3751868123832,414.536376953125,-326.83677673339844,11.757888793945312,0.9817132353782654,0.19036580622196198,-0.0,0.19153475170383258,-2.8564339083309687,-0.013532505006108482,73.8961485363284,1.5499995946884155
1245.272528941469,419.37017822265625,-326.0614929199219,11.626510620117188,0.9931191802024841,0.11710827052593231,-0.0,0.11737761020903122,-2.5305181920804554,-0.017166530718872797,58.25288850592304,0.8000001311302185
1250.049096307126,424.1337890625,-325.7288360595703,11.512725830078125,0.9996632933616638,0.025947291404008865,-0.0,0.025950204333218412,-2.1387031487544395,-0.019388268162306363,51.57758246526354,0.30000001192092896
1254.773215000179,428.8560791015625,-325.82493591308594,11.423065185546875,0.997769832611084,-0.06674876064062119,-0.0,-0.06679842445049791,-1.6351659312654032,-0.020238206597451118,49.411492821006384,0.10000000149011612
1259.4809250475366,433.5323791503906,-326.3639831542969,11.358413696289062,0.9864326119422913,-0.16416677832603455,-0.0,-0.16491326760347483,-0.9999702140619071,-0.02065064032415872,48.42464854855481,0.10000000149011612
1264.1807871825363,438.12965393066406,-327.34014892578125,11.328933715820312,0.9661133885383606,-0.2581181228160858,-0.0,-0.26107380413080195,-0.3289266272503033,-0.021795402917276017,45.88123485468374,0.3500000238418579
1268.8991195189692,442.6209259033203,-328.7862243652344,11.327545166015625,0.9322419762611389,-0.3618354797363281,-0.0,-0.370236027427336,0.16644040312927544,-0.021929982066869854,45.599672491785746,0.8000001311302185
1273.632917268611,446.945068359375,-330.7124481201172,11.3447265625,0.8923271894454956,-0.4513891339302063,-0.0,-0.46832149045840177,0.5027366860249183,-0.01967410605711971,50.82823062439057,1.399999737739563
1278.3426593505174,451.05101013183594,-333.01939392089844,11.374954223632812,0.8493311405181885,-0.5278604030609131,-0.0,-0.5560794350266711,0.7362056681663454,-0.018484113278420547,54.10051242043942,2.1499991416931152
1282.963629627292,454.8704833984375,-335.6200714111328,11.413253784179688,0.8016071915626526,-0.5978510975837708,-0.0,-0.6408176687350032,0.8762714739103394,-0.018781350092502896,53.24430858669623,3.149998188018799
1287.48645784222,458.3769989013672,-338.4763946533203,11.454986572265625,0.7466888427734375,-0.6651735305786133,-0.0,-0.72772617016455,0.8860182592957289,-0.019242442188259753,51.96845547027926,4.148998260498047
1291.9071313806846,461.55104064941406,-341.5531463623047,11.492568969726562,0.6873899698257446,-0.7262884974479675,-0.0,-0.8129070460898811,0.8670713583930345,-0.019523681573268628,51.21984786768787,5.147998332977295
1296.2226781512682,464.38262939453125,-344.8096160888672,11.53070068359375,0.6229904890060425,-0.7822294235229492,-0.0,-0.8982363917598374,0.8748095865114935,-0.020156940666491818,49.61070315905451,6.146998405456543
1300.4290748213432,466.8611297607422,-348.20806884765625,11.567138671875,0.5531959533691406,-0.8330511450767517,-0.0,-0.9846005020670476,0.917421469663493,-0.020703950830398415,48.29996014730472,7.145998477935791
1304.527419646945,468.98216247558594,-351.7146453857422,11.606781005859375,0.48000091314315796,-0.8772680163383484,-0.0,-1.0701405869313663,0.7768985156634267,-0.02011797435260057,49.70679365990612,8.144997596740723
1308.5104964773266,470.7582702636719,-355.27972412109375,11.630355834960938,0.4109014570713043,-0.911679744720459,-0.0,-1.147353689675762,0.2896777696594688,-0.018565878569520883,53.862250378049644,9.143997192382812
1312.3753972163338,472.2261505126953,-358.8550262451172,11.630218505859375,0.3473656475543976,-0.9377297759056091,-0.0,-1.2160359823277689,-0.318772874967177,-0.017492650952979083,57.16686411270872,10.142996788024902
1316.164507299406,473.42674255371094,-362.4488220214844,11.606430053710938,0.28548452258110046,-0.958383321762085,-0.0,-1.2812843748575053,-0.8878089029492608,-0.014745757321810798,67.81611674300895,11.141996383666992
1320.003064179225,474.4313049316406,-366.15333557128906,11.562240600585938,0.24016022682189941,-0.9707332849502563,-0.0,-1.3282654271817171,-1.3607053480246156,-0.012072477307182555,82.83304035742914,12.140995979309082
1323.9347396864375,475.29197692871094,-369.98915100097656,11.50030517578125,0.19448994100093842,-0.9809045195579529,-0.0,-1.3750588932470071,-1.8029904754457426,-0.013220522775998972,75.63997407238972,13.139995574951172
1327.99275979166,475.9548797607422,-373.99180603027344,11.4176025390625,0.13614024221897125,-0.9906895756721497,-0.0,-1.4342319970137434,-2.20209401951339,-0.010283014697271498,97.24774586438554,13.6000337600708
1332.3019788401728,476.4898376464844,-378.26646423339844,11.315200805664062,0.111689992249012,-0.9937431216239929,-0.0,-1.4588728081370006,-2.49101435589254,-0.006159958362224355,162.33875964689167,13.6000337600708
1336.9234026552285,476.93896484375,-382.8644256591797,11.19439697265625,0.08117666840553284,-0.9966997504234314,-0.0,-1.4895302404401343,-2.745973742387986,-0.007816052458947786,127.94182296655441,13.550033569335938
1341.7752675089882,477.2294158935547,-387.70556640625,11.054443359375,0.03731265291571617,-0.9993036389350891,-0.0,-1.5334750104006265,-3.0013929794569627,-0.009025050807839913,110.80270031624825,13.350032806396484
1346.8638818270797,477.29840087890625,-392.7912292480469,10.895477294921875,-0.008431503549218178,-0.9999644756317139,-0.0,-1.579227930066584,-3.0805461650450505,-0.007888341243936586,126.76936368195976,12.900031089782715
1352.203205055043,477.15647888183594,-398.12620544433594,10.733428955078125,-0.04435662180185318,-0.999015748500824,-0.0,-1.6151675073793086,-3.000607824420043,-0.006448838551085773,155.06668248527214,12.300028800964355
1357.7600113951194,476.81520080566406,-403.6700744628906,10.568679809570312,-0.07849287986755371,-0.9969146847724915,-0.0,-1.6493700309638308,-2.9915367127176795,-0.006308943911534387,158.50513398474513,11.60002613067627
1363.4978634439367,476.26060485839844,-409.37843322753906,10.39544677734375,-0.11542730778455734,-0.9933159351348877,-0.0,-1.6864814982801795,-3.029787522601357,-0.005204795249663108,192.1305165779052,10.900023460388184
1369.3621447200733,475.509033203125,-415.1916198730469,10.217132568359375,-0.13819386065006256,-0.9904052019119263,-0.0,-1.7094338711376404,-3.079964330005558,-0.0020367763137689177,490.97193110497597,10.150020599365234
1375.5156570493884,474.6567077636719,-421.2827911376953,10.025070190429688,-0.13860243558883667,-0.9903481006622314,-0.0,-1.709846416935655,-3.199588075753601,-0.000300818857947735,3324.2596784731577,9.550018310546875
1382.1291763817724,473.730712890625,-427.8275604248047,9.807891845703125,-0.14221739768981934,-0.9898354411125183,-0.0,-1.7134975517892412,-3.4332810116443513,-0.0004045691341044849,2471.765430680972,9.050016403198242
1389.1516358585563,472.7255554199219,-434.77313232421875,9.555648803710938,-0.14394067227840424,-0.9895862936973572,-0.0,-1.7152387440821701,-3.833249648482495,-0.0002080213130946501,4807.199729313304,8.900015830993652
1396.5800530699998,471.65162658691406,-442.1172332763672,9.251937866210938,-0.1451592892408371,-0.9894083142280579,-0.0,-1.7164702895327375,-3.9946728589285607,-2.1925813384934822e-05,45608.34220577184,9.000016212463379
1404.4876225425626,470.5044860839844,-449.9350891113281,8.943954467773438,-0.144132599234581,-0.9895583987236023,-0.0,-1.7154326875917802,-3.7156092125107563,0.0007837125968946784,1275.9779592191346,9.300017356872559
1412.8795315427412,469.34291076660156,-458.24095153808594,8.648101806640625,-0.1318632811307907,-0.9912679195404053,-0.0,-1.7030447665679875,-3.3980748404034253,0.002688073649945402,372.0136165243505,10.250020980834961
1421.6605535525455,468.3241424560547,-466.9579620361328,8.361419677734375,-0.09735481441020966,-0.9952497482299805,-0.0,-1.6683055873113486,-3.1583580942812937,0.004413155901269242,226.5952126713665,10.250020980834961
1430.5618202190008,467.6486511230469,-475.82940673828125,8.089889526367188,-0.054076697677373886,-0.9985367655754089,-0.0,-1.6248994162437072,-3.0060813613702053,0.00505774848920261,197.71643491858512,10.800023078918457
1439.425348430983,467.3694763183594,-484.6846466064453,7.827362060546875,-0.0076729790307581425,-0.999970555305481,-0.0,-1.5784693811716397,-2.9018331402066613,0.005286003036037393,189.17885464357235,11.200024604797363
1448.2305495555242,467.5051574707031,-493.48524475097656,7.5771026611328125,0.039278216660022736,-0.999228298664093,-0.0,-1.5315080029531085,-2.7898498923622173,0.005297092462578271,188.78281001598125,11.550025939941406
1456.9754752342587,468.0460205078125,-502.21014404296875,7.337677001953125,0.08519256114959717,-0.9963645339012146,-0.0,-1.4855003786798537,-2.6940325562392675,0.005067935641634269,197.3190014065624,11.800026893615723
1465.654603192803,468.96641540527344,-510.83726501464844,7.107635498046875,0.12727150321006775,-0.9918678998947144,-0.0,-1.4431787011445105,-2.631725264946266,0.004682529973697447,213.5597648316545,11.850027084350586
1474.2565284586597,470.22369384765625,-519.3438415527344,6.8828582763671875,0.16548007726669312,-0.9862131476402283,-0.0,-1.4045515491845773,-2.615944453896357,0.00436577293854036,229.05451430424986,11.850027084350586
1482.772294430721,471.78150939941406,-527.7129364013672,6.65985107421875,0.20099247992038727,-0.9795928001403809,-0.0,-1.3684253586984876,-2.6336648731454524,0.004347072494381987,230.03987195805152,11.650026321411133
1491.2030386497988,473.6300964355469,-535.9354858398438,6.4365692138671875,0.2376004010438919,-0.9713630080223083,-0.0,-1.3309015726398397,-2.6936975932562057,0.003896490228534208,256.6412184680834,11.350025177001953
1499.5508577039752,475.72528076171875,-544.0128631591797,6.2079620361328125,0.26464903354644775,-0.9643447995185852,-0.0,-1.3029563660265913,-2.7873755028123446,0.002634041226215633,379.6447793023783,11.1500244140625
1507.8867782981508,478.00144958496094,-552.0285186767578,5.9715423583984375,0.280060738325119,-0.9599822759628296,-0.0,-1.2869389460636032,-2.8574292088304754,0.001017602890517999,982.701611127462,11.200024604797363
1516.115646578762,480.31689453125,-559.9213562011719,5.73468017578125,0.28105056285858154,-0.9596929550170898,-0.0,-1.2859077044213574,-2.8770732520252196,-0.0011346599330433055,881.3213288653544,11.250024795532227
1524.2291226400864,482.5314483642578,-567.7232666015625,5.5013580322265625,0.26249128580093384,-0.9649343490600586,-0.0,-1.3051932044517034,-2.861229371444213,-0.002881577126299509,347.03218278394286,11.250024795532227
1532.2253034005432,484.5296630859375,-575.46240234375,5.273712158203125,0.2363278716802597,-0.9716733694076538,-0.0,-1.3322114029258507,-2.8219561348596045,-0.003413109911616141,292.9879276950944,11.100024223327637
1540.1035756297679,486.2896270751953,-583.1384124755859,5.0533294677734375,0.20985814929008484,-0.9777318239212036,-0.0,-1.3593664466591806,-2.7636180570026148,-0.0032979803884044395,303.21587220953705,10.242997169494629
1547.8592326831158,487.82582092285156,-590.7374572753906,4.8415679931640625,0.18590055406093597,-0.9825685620307922,-0.0,-1.3838080128203767,-2.6885406654093504,-0.0032618357204809156,306.57583204483484,9.243997573852539
1555.4893592640994,489.1516571044922,-598.2487945556641,4.6395721435546875,0.1605733036994934,-0.9870238900184631,-0.0,-1.4095248560668132,-2.5999236170983595,-0.0037864600619576805,264.09891657037014,8.24499797821045
1562.9917763013086,490.2440948486328,-605.6687774658203,4.4480133056640625,0.12943078577518463,-0.9915884733200073,-0.0,-1.4410014133155646,-2.502871041962984,-0.0042060148366070416,237.75474857970116,7.245998382568359
1570.3594746535537,491.08631896972656,-612.9859466552734,4.2672576904296875,0.09857002645730972,-0.9951301217079163,-0.0,-1.4720659802918314,-2.420946496544374,-0.004899919906238559,204.0849685577113,6.246998310089111
1577.599586640323,491.6669158935547,-620.2006683349609,4.0942840576171875,0.058357562869787216,-0.9982957243919373,-0.0,-1.5124055880428076,-2.346289863096762,-0.005687157453132516,175.83476600409486,5.247998237609863
1584.7029133910814,491.94696044921875,-627.2965850830078,3.93060302734375,0.017187397927045822,-0.9998522996902466,-0.0,-1.553608082782721,-2.1711710957803776,-0.006258867019807629,159.77332588074955,4.248998165130615
1591.6577662731936,491.90757751464844,-634.2498779296875,3.788665771484375,-0.02945857308804989,-0.9995660185813904,-0.0,-1.6002591617895268,-1.9403524151418772,-0.00692228607708123,144.460946696622,3.249998092651367
1598.45492865564,491.55165100097656,-641.0365600585938,3.6634521484375,-0.07786134630441666,-0.9969642162322998,-0.0,-1.648736557990082,-1.7214847724765114,-0.007866963278748182,127.11385124949044,2.399998903274536
1605.2283750594304,490.8347473144531,-647.7710876464844,3.55499267578125,-0.1357669234275818,-0.9907407760620117,-0.0,-1.7069838430880244,-1.4299554388762958,-0.008824340183292118,113.32292038031196,1.7499994039535522
1611.8727219767063,489.74122619628906,-654.3242950439453,3.4711456298828125,-0.19502787292003632,-0.9807977080345154,-0.0,-1.767082193979892,-1.1121049110204395,-0.009785225962850336,102.19488071062493,1.2999998331069946
1618.4099846312938,488.25390625,-660.6898040771484,3.4080810546875,-0.26192402839660645,-0.9650884866714478,-0.0,-1.835811623157564,-0.8783714595212877,-0.011164619496073919,89.56865931272031,1.0500000715255737
1624.8989795789546,486.3219299316406,-666.8843078613281,3.3566436767578125,-0.33504825830459595,-0.9422009587287903,-0.0,-1.9124527783223426,-0.6833522788487312,-0.011303475638621607,88.46836424216367,0.8500001430511475
1631.4074089559842,483.9325408935547,-672.9381561279297,3.319305419921875,-0.4003617763519287,-0.916357159614563,-0.0,-1.982707938127553,-0.4363578863141926,-0.011126740753380715,89.8735777317507,0.7500001192092896
1637.949480743148,481.0942840576172,-678.8324432373047,3.2997894287109375,-0.46787816286087036,-0.8837929964065552,-0.0,-2.0576847348544893,-0.15570023467442184,-0.01139936414217696,87.72419123800601,0.7500001192092896
1644.4691109292507,477.83909606933594,-684.4812774658203,3.2989044189453125,-0.5318718552589417,-0.8468248844146729,-0.0,-2.131605783976223,0.09913493380099836,-0.011190577740575136,89.3608912053012,0.8500001430511475
1650.9125093772082,474.2210998535156,-689.8130035400391,3.312469482421875,-0.5907391309738159,-0.8068626523017883,-0.0,-2.202770894098499,0.321035511843476,-0.010198712200261306,98.05159517829894,1.0000001192092896
1657.2448811098263,470.3323211669922,-694.8105621337891,3.3396759033203125,-0.6375331878662109,-0.7704229354858398,-0.0,-2.2620884132092085,0.5301189747976609,-0.009287886455419253,107.66712155665131,1.2999998331069946
1663.4538428114893,466.2412567138672,-699.4809875488281,3.3787078857421875,-0.6805232167243958,-0.732726514339447,-0.0,-2.319272796217303,0.7653071289888236,-0.009291081154087055,107.6301006756474,1.7499994039535522
1669.5269167654965,461.9863586425781,-703.8140106201172,3.4333038330078125,-0.7210965156555176,-0.6928346157073975,-0.0,-2.3761800018098502,1.0184096297121692,-0.010124328035074459,98.77198728998368,2.2999989986419678
1675.4690826879873,457.5750732421875,-707.7946319580078,3.500762939453125,-0.7642821669578552,-0.6448820233345032,-0.0,-2.4407237662312413,1.2002963078039997,-0.01179623640080657,84.77280091908169,2.9999983310699463
1681.3084781017506,452.97979736328125,-711.3969268798828,3.5745849609375,-0.8100113272666931,-0.5864142775535583,-0.0,-2.514967719706969,1.285743081889057,-0.013030319621044811,76.74408833264037,3.699997663497925
1687.0711090804298,448.18788146972656,-714.5968933105469,3.64990234375,-0.8526609539985657,-0.5224646925926208,-0.0,-2.5918536825026472,1.295643911465999,-0.013609866085555172,73.47610870773738,4.349998474121094
1692.7699129043701,443.21702575683594,-717.3828582763672,3.7230987548828125,-0.8912644982337952,-0.45348381996154785,-0.0,-2.6709223283410974,1.314695269378796,-0.014039735173940054,71.22641471586704,5.000000953674316
1698.407496475566,438.09632873535156,-719.7397766113281,3.7989044189453125,-0.9246810674667358,-0.38074254989624023,-0.0,-2.7509934492060633,1.4289100048560655,-0.014288981139191748,69.98399607773328,5.700003623962402
1703.9976468798864,432.8469696044922,-721.6598968505859,3.883453369140625,-0.9522586464881897,-0.3052924871444702,-0.0,-2.8313470936889025,1.6560696353859983,-0.014031919333458931,71.26608814059477,6.300005912780762
1709.5617004515695,427.4886779785156,-723.1556854248047,3.983551025390625,-0.9727312922477722,-0.2319350391626358,-0.0,-2.9075261600568054,1.881913355196324,-0.013275896738795645,75.32447861527412,6.750007629394531
1715.055198692366,422.10475158691406,-724.2420654296875,4.0914306640625,-0.9866817593574524,-0.16266240179538727,-0.0,-2.9782042543912923,2.0455240740273775,-0.012495418034722539,80.02933533085314,7.200009346008301
1720.4597659675953,416.74742126464844,-724.9457397460938,4.206329345703125,-0.9952189326286316,-0.097669318318367,-0.0,-3.043767383091974,2.200862857179642,-0.012398002878074521,80.65815194868753,7.65001106262207
1725.785989405653,411.4337463378906,-725.2904663085938,4.327484130859375,-0.9995383024215698,-0.03038487210869789,-0.0,-3.1112031050023083,2.3873968695082404,-0.013362968735877834,74.8336705536944,8.050012588500977
1731.0585404357698,406.1629333496094,-725.2594146728516,4.4592437744140625,-0.9990439414978027,0.0437169186770916,-0.0,3.097861797109919,2.644833473964553,-0.013850005793098641,72.20213586468627,8.650014877319336
1736.3336812165674,400.9067687988281,-724.8373107910156,4.6064605712890625,-0.993314802646637,0.11543703824281693,-0.0,3.0258976859652797,2.8987458415949794,-0.013201497975184884,75.74897953851296,9.050016403198242
1741.6765919003935,395.62586975097656,-724.0417175292969,4.767181396484375,-0.9831480383872986,0.18281105160713196,-0.0,2.9577477178435907,3.247407676618208,-0.011503861930978854,86.92732979583934,9.400017738342285
1747.0997773406614,390.3285369873047,-722.8956909179688,4.9564666748046875,-0.971493661403656,0.2370656132698059,-0.0,2.9022484157963726,3.507568883564738,-0.007797115245720965,128.2525611698246,10.399017333984375
1752.5984421512424,385.01210021972656,-721.5052795410156,5.150299072265625,-0.9641345143318176,0.26541417837142944,-0.0,2.872959177554199,3.489984254844214,-0.0034184620395142362,292.529210048534,10.999019622802734
1758.179196680912,379.6429901123047,-719.9952087402344,5.34307861328125,-0.9619066715240479,0.2733781337738037,-0.0,2.864689458352751,3.4999622562079336,-0.0010780623546643442,927.5901302678833,10.000020027160645
1763.8943705705053,374.153076171875,-718.4194641113281,5.5457763671875,-0.9608613848686218,0.2770296037197113,-0.0,2.8608913175007684,3.6570850383734865,-0.00033356771962828047,2997.892005600467,10.100020408630371
1769.8939411849722,368.39393615722656,-716.7533569335938,5.7721405029296875,-0.9608845114707947,0.2769494354724884,-0.0,2.8609747548258286,3.8855665368425996,0.0007173989003702586,1393.9246345148947,10.150020599365234
1776.2799333425687,362.25706481933594,-715.0057067871094,6.027923583984375,-0.9634354710578918,0.2679405212402344,-0.0,2.8703379043030606,4.045820722909821,0.002972699723707617,336.39455476275884,10.250020980834961
1782.9654679320877,355.7976531982422,-713.3034515380859,6.301239013671875,-0.9711387753486633,0.23851504921913147,-0.0,2.900756166116566,4.080844421173846,0.00605287245613767,165.2108163928005,10.500021934509277
1789.868333157526,349.0611877441406,-711.8234100341797,6.5824127197265625,-0.9823160171508789,0.1872304528951645,-0.0,2.9532506741802727,4.1266475574002754,0.007906887528167067,126.4720152446401,10.950023651123047
1796.870025769004,342.15513610839844,-710.7078552246094,6.8751373291015625,-0.9914533495903015,0.13046161830425262,-0.0,3.010758089102547,4.232079917721027,0.00802476041424649,124.61431225095312,11.350025177001953
1803.9523569408916,335.1172790527344,-709.9757843017578,7.1785430908203125,-0.997162401676178,0.07528036832809448,-0.0,3.0662409989214785,4.412953882980802,0.008352080858578387,119.73064161285079,11.75002670288086
1811.0264411967842,328.0579528808594,-709.6511993408203,7.4998321533203125,-0.9999205470085144,0.012607244774699211,-0.0,3.12898507509055,4.67762589391948,0.008907781187838748,112.26140145485827,12.100028038024902
1818.0429777310371,321.05113220214844,-709.8003082275391,7.837493896484375,-0.9987422227859497,-0.05013909935951233,-0.0,-3.0914325216547653,4.958151014927548,0.009005059404377541,111.04868442221267,12.350028991699219
1825.0058178443367,314.12060546875,-710.3683776855469,8.192794799804688,-0.9935916662216187,-0.1130291223526001,-0.0,-3.0283214671605903,5.335448871562876,0.008767365325216103,114.05935111701889,12.500029563903809
1831.9099549537884,307.2970886230469,-711.3476867675781,8.57708740234375,-0.9852834939956665,-0.1709282100200653,-0.0,-2.969820988657842,5.693949667979636,0.00873176029992509,114.5244447455319,12.550029754638672
1838.7618220815473,300.59571838378906,-712.7190551757812,8.975921630859375,-0.9728952646255493,-0.2312461882829666,-0.0,-2.908234257853394,5.970166568507085,0.009660174367482732,103.51780019272903,12.550029754638672
1845.5863411667215,294.02684020996094,-714.5216979980469,9.393508911132812,-0.954191267490387,-0.299197256565094,-0.0,-2.837741387938176,6.304704616144951,0.010550212650973695,94.78481932851928,12.500029563903809
1852.4152495366097,287.6032409667969,-716.7965393066406,9.836746215820312,-0.9296233654022217,-0.3685111105442047,-0.0,-2.764185755336724,6.669055873562257,0.009607409661888083,104.08632869762278,12.450029373168945
1859.2219394633319,281.3645324707031,-719.4783935546875,10.30279541015625,-0.9069097638130188,-0.42132484912872314,-0.0,-2.706686977413026,7.075095539079235,0.008177795800357296,122.28233920395873,12.350028991699219
1866.0321486121945,275.2753601074219,-722.4873046875,10.8001708984375,-0.882915198802948,-0.4695325195789337,-0.0,-2.6528314332907708,7.564091563861597,0.008585647724122542,116.47344872890189,12.100028038024902
1872.751322831777,269.45953369140625,-725.8110504150391,11.325698852539062,-0.852031946182251,-0.523489773273468,-0.0,-2.5906510015886273,7.894094736076795,0.009269167904553649,107.88454910917426,11.800026893615723
1879.3615495682043,263.9523620605469,-729.4289093017578,11.852249145507812,-0.8183222413063049,-0.5747596621513367,-0.0,-2.5292822175888485,7.941439647760484,0.009657008835125103,103.55173295096664,11.45002555847168
1885.8672182787332,258.7657775878906,-733.3222045898438,12.367340087890625,-0.7791268825531006,-0.6268662810325623,-0.0,-2.4640680862154567,7.89442394874178,0.010625407647725071,94.11403620021136,11.050024032592773
1892.266809072213,253.94033813476562,-737.4954681396484,12.87109375,-0.7321606874465942,-0.6811319589614868,-0.0,-2.3922850841615646,7.809562999560615,0.010721274413029419,93.27249368645145,10.70002269744873
1898.569488174514,249.48043823242188,-741.9220428466797,13.359451293945312,-0.6867379546165466,-0.7269050478935242,-0.0,-2.327788245604413,7.711990393306567,0.008638237220545159,115.76435961050049,10.350021362304688
1904.799240653657,245.32188415527344,-746.535888671875,13.837646484375,-0.6541054248809814,-0.756403386592865,-0.0,-2.283795676518825,7.7361866595409,0.006550715312364036,152.65508456955334,9.950019836425781
1910.9486704250703,241.39488220214844,-751.2437896728516,14.317031860351562,-0.6255356073379517,-0.7801955938339233,-0.0,-2.2466141906221546,7.814609686185303,0.008255925090926097,121.12513001106049,9.400017738342285
1917.0277241873107,237.7498016357422,-756.0854339599609,14.793228149414062,-0.5747929811477661,-0.818298876285553,-0.0,-2.1831474577434893,7.663139351149995,0.010774601672988576,92.81085559821236,8.800015449523926
1923.0987734910352,234.44020080566406,-761.1546783447266,15.248138427734375,-0.5183417201042175,-0.8551735877990723,-0.0,-2.1157070191695073,7.374020102644474,0.007178770015317165,139.29962902646616,8.300013542175293
1929.2161524299563,231.35629272460938,-766.4191741943359,15.69189453125,-0.5014022588729858,-0.8652142882347107,-0.0,-2.0960150526915573,7.332013906140888,0.0029014870896384992,344.6508528578673,7.4469990730285645
1935.3960147417656,228.2919464111328,-771.7662048339844,16.149871826171875,-0.48754027485847473,-0.8731005191802979,-0.0,-2.0800666161767047,7.194002641874242,0.00697370220706614,143.3958563625996,6.447999000549316
1941.6598954725682,225.4401397705078,-777.3261108398438,16.58673095703125,-0.4238542914390564,-0.9057303667068481,-0.0,-2.0084928919623293,6.685157599538938,0.011863039904110861,84.29542580004922,5.448998928070068
1948.0387014515288,222.97242736816406,-783.1941070556641,16.994384765625,-0.35151445865631104,-0.93618243932724,-0.0,-1.929984641009062,6.2066015119949025,0.011095944882494102,90.12301436155151,4.44999885559082
1954.541641569538,220.89303588867188,-789.3431854248047,17.385787963867188,-0.2908022105693817,-0.9567831754684448,-0.0,-1.8658615078238556,5.693211771710893,0.007633237102156604,131.00601836637196,3.499997854232788
1961.2239784291985,219.06912231445312,-795.7618103027344,17.743865966796875,-0.2564544379711151,-0.9665563106536865,-0.0,-1.8301484956689498,5.062437329573144,0.005137973674597146,194.6292572389264,2.7999985218048096
1967.9895939930918,217.44821166992188,-802.3224792480469,18.066085815429688,-0.2240854799747467,-0.9745694994926453,-0.0,-1.7968008766407224,4.5020937081516665,0.0047744868445840916,209.44659238811047,2.349998950958252
1974.8208729998883,216.02711486816406,-808.9980316162109,18.355667114257812,-0.19323121011257172,-0.9811532497406006,-0.0,-1.7652506896636597,4.005197960635254,0.004010290669198335,249.35848358341116,2.1499991416931152
1981.7302334287167,214.77928161621094,-815.7887878417969,18.616058349609375,-0.17016401886940002,-0.9854157567024231,-0.0,-1.7417924393034472,3.5920831891642413,0.0017640555067866548,566.8755864839916,2.1499991416931152
1988.714187916773,213.60879516601562,-822.6698303222656,18.854461669921875,-0.16937004029750824,-0.9855525493621826,-0.0,-1.7409867630504414,3.2929307393416263,-0.0022983674745526705,435.0914338424621,2.2499990463256836
1995.7719180358206,212.314208984375,-829.6042022705078,19.078262329101562,-0.2022228091955185,-0.9793395400047302,-0.0,-1.7744234202850881,3.0391865875748714,-0.005715661024428748,174.95789126157024,2.2499990463256836
2002.9090600428656,210.71148681640625,-836.5559692382812,19.285659790039062,-0.248837411403656,-0.9685452580451965,-0.0,-1.822276054691738,2.6897907642918106,-0.006997298478158123,142.91229724178163,1.9999991655349731
2010.1061063777104,208.74464416503906,-843.4767608642578,19.46356201171875,-0.2993037700653076,-0.9541578888893127,-0.0,-1.8747592134845563,2.2577325394060654,-0.007170839501828036,139.4536859659282,1.7999993562698364
2017.3558302679537,206.4047088623047,-850.3368835449219,19.611602783203125,-0.34764882922172546,-0.9376248121261597,-0.0,-1.9258586799558806,1.8277851929492384,-0.007112146171612099,140.60453425317206,1.5999995470046997
2024.627079059904,203.70538330078125,-857.0875091552734,19.7288818359375,-0.39607739448547363,-0.918217122554779,-0.0,-1.978037239039979,1.3969934563425879,-0.007189711771607127,139.08763407583285,1.4499996900558472
2031.882295782071,200.6646270751953,-863.6742095947266,19.814605712890625,-0.4435027241706848,-0.8962730169296265,-0.0,-2.0302993412335963,0.9681740831710473,-0.007384736133021985,135.41445245800267,1.3499997854232788
2039.1265073803313,197.28135681152344,-870.0796051025391,19.869308471679688,-0.4919354319572449,-0.8706316947937012,-0.0,-2.0851077026580707,0.5431210107246676,-0.007663977336711536,130.4805528599176,1.0500000715255737
2046.3706389674037,193.54795837402344,-876.2875518798828,19.893295288085938,-0.5400876998901367,-0.8416087031364441,-0.0,-2.1413376593443276,0.11240761351680728,-0.007711580308943394,129.67510677938014,1.0000001192092896
2053.6209333629618,189.4696502685547,-882.2820587158203,19.885574340820312,-0.5859773755073547,-0.810327410697937,-0.0,-2.1968820092223913,-0.3280974431934647,-0.007511688700436836,133.12585756407157,0.9500001668930054
2060.8733152066834,185.0689239501953,-888.0465240478516,19.845703125,-0.6283888220787048,-0.7778993844985962,-0.0,-2.250276625217632,-0.7699097793409937,-0.006829855134241641,146.41598984822917,0.9500001668930054
2068.114799459046,180.38912963867188,-893.5722351074219,19.774032592773438,-0.6632015109062195,-0.7484408617019653,-0.0,-2.2958846122247656,-1.2075227667538435,-0.0070792020183716164,141.25885903592615,1.0000001192092896
2075.340238835254,175.4595184326172,-898.8538360595703,19.67108154296875,-0.7046072483062744,-0.7095974683761597,-0.0,-2.3526658643154885,-1.6683469267557038,-0.007952021077108046,125.75419384623605,1.100000023841858
2082.5754986762995,170.21499633789062,-903.8362884521484,19.532730102539062,-0.7446978092193604,-0.6674018502235413,-0.0,-2.410878234907268,-2.155842313518619,-0.008525831373574266,117.2906143909309,1.149999976158142
2089.9204557538355,164.59259033203125,-908.5591888427734,19.356216430664062,-0.7872177362442017,-0.6166751980781555,-0.0,-2.4770804828484025,-2.5320795927140427,-0.008744919531690626,114.35210997380938,1.2499998807907104
2097.4032362621665,158.56298828125,-912.9859466552734,19.15692138671875,-0.824701726436615,-0.5655679106712341,-0.0,-2.540470936655395,-2.7263624318301316,-0.00811568450673053,123.21819547946647,1.2499998807907104
2105.0171920075477,152.16270446777344,-917.1046295166016,18.9444580078125,-0.8566343188285828,-0.5159240365028381,-0.0,-2.599506662005493,-2.8217041993355396,-0.00746570611728084,133.94580288732556,1.2999998331069946
2112.6835497829384,145.49317932128906,-920.8785705566406,18.725723266601562,-0.883706271648407,-0.46804186701774597,-0.0,-2.6545189883212585,-2.8485741957399835,-0.0068036652581067725,146.97960026890945,1.3499997854232788
2120.3102740509066,138.67086791992188,-924.2809143066406,18.508819580078125,-0.905598521232605,-0.4241359531879425,-0.0,-2.7035850955397787,-2.8255088053576793,-0.0066462758617451545,150.46020069010854,1.4999996423721313
2127.8920210883657,131.72940063476562,-927.3228912353516,18.295989990234375,-0.9264174699783325,-0.3764978349208832,-0.0,-2.7555795953737103,-2.6540705695145217,-0.0068801499748075146,145.34566886791984,1.699999451637268
2135.4276761084966,124.67964172363281,-929.9783477783203,18.107452392578125,-0.9447387456893921,-0.3278242349624634,-0.0,-2.8075930396653597,-2.3218295161576252,-0.006510569199354582,153.5964013867073,1.949999213218689
2142.9135614494367,117.55455017089844,-932.2687225341797,17.947036743164062,-0.9587640166282654,-0.28420335054397583,-0.0,-2.853417238463075,-1.98978722773282,-0.00623459292708059,160.395395769369,2.2999989986419678
2150.343660262278,110.38523864746094,-934.2151794433594,17.81048583984375,-0.9710956811904907,-0.23869045078754425,-0.0,-2.9005755482372253,-1.7125448799131249,-0.006612243921313377,151.23459023897775,2.7499985694885254
2157.7225485454314,103.17857360839844,-935.7957611083984,17.69329833984375,-0.9819509387016296,-0.18913567066192627,-0.0,-2.951310793181294,-1.4839816565983543,-0.006608145904580032,151.3283777991208,3.249998092651367
2165.0529459038926,95.95050048828125,-937.0120849609375,17.59210205078125,-0.9896799921989441,-0.14329515397548676,-0.0,-2.9978025194592286,-1.2944034250012448,-0.006002869842007014,166.58698694450746,3.799997568130493
2172.314380081138,88.74505615234375,-937.9077911376953,17.504302978515625,-0.994736909866333,-0.10246226191520691,-0.0,-3.0389502575482368,-1.142548186386172,-0.005696413806969558,175.54904434374146,4.499999046325684
2179.495092732794,81.58863830566406,-938.4928894042969,17.426986694335938,-0.9981078505516052,-0.06148766353726387,-0.0,-3.080066179683153,-1.0406563367325372,-0.006617208504551414,151.12112597210518,5.250001907348633
2186.6009097302895,74.48750305175781,-938.7407073974609,17.355575561523438,-0.9999660849571228,-0.008238174021244049,-0.0,-3.1333543865405438,-0.9898184091189588,-0.007523071797841646,132.92442593554642,6.050004959106445
2193.6305541876986,67.45916748046875,-938.6236419677734,17.28704833984375,-0.9989961385726929,0.044797010719776154,-0.0,3.096780647703676,-0.9864380230324876,-0.007408204447583777,134.98547550562742,6.900008201599121
2200.581696539161,60.52507019042969,-938.1421203613281,17.217681884765625,-0.9954570531845093,0.09521143138408661,-0.0,3.0462367783087467,-1.0285427286107707,-0.007505400873094231,133.23738690425643,7.700011253356934
2207.4585329834476,53.70054626464844,-937.2986450195312,17.144866943359375,-0.9889849424362183,0.1480160504579544,-0.0,2.9930307271878203,-1.0929700635155415,-0.008118601791131885,123.17391907216344,8.500014305114746
2214.2806895804256,46.98492431640625,-936.1001739501953,17.0679931640625,-0.9787482023239136,0.20506584644317627,-0.0,2.9350616753251155,-1.1698021054126206,-0.008487879147566185,117.81506105523898,9.250017166137695
2221.1085608603403,40.34580993652344,-934.5079650878906,16.985183715820312,-0.9652438163757324,0.2613510191440582,-0.0,2.8771710464869495,-1.2363707332046836,-0.007741352397133028,129.17639563474015,9.700018882751465
2228.0139174959318,33.72760009765625,-932.5392913818359,16.898162841796875,-0.9514972567558289,0.3076572120189667,-0.0,2.828862814887798,-1.2601608245128126,-0.0059251683223449925,168.77157670420945,9.850019454956055
2235.018930987401,27.10211181640625,-930.2665557861328,16.809890747070312,-0.940523624420166,0.3397282660007477,-0.0,2.7949646858187784,-1.2376232885581873,-0.003939426635410248,253.84404700199752,9.850019454956055
2242.120726111618,20.449234008789062,-927.7831573486328,16.723617553710938,-0.9330029487609863,0.35986876487731934,-0.0,2.773465428672312,-1.1937152289009711,-0.003615989352348914,276.54948689226893,9.450017929077148
2249.360835271741,13.734344482421875,-925.0771942138672,16.638748168945312,-0.9215848445892334,0.38817691802978516,-0.0,2.742940078541477,-1.1544202015759897,-0.003401577299815467,293.9812657070146,8.544997215270996
2256.9323645412546,6.7899017333984375,-922.0613403320312,16.552749633789062,-0.9139197468757629,0.4058949649333954,-0.0,2.7236347816193414,-1.1181886212356718,-0.002752647584254614,363.2866065820005,7.5459980964660645
2264.9169948515837,-0.4691162109375,-918.7366943359375,16.464950561523438,-0.9040495753288269,0.42742758989334106,-0.0,2.699947222476844,-1.1072971803631981,-0.002799804302090897,357.1678203555866,6.546998023986816
2273.311196291095,-8.01641845703125,-915.0635375976562,16.371322631835938,-0.8944148421287537,0.4472382962703705,-0.0,2.677917428965263,-1.1338702996359307,-0.0023383374569506676,427.6542707843632,5.547997951507568
2282.099533031042,-15.8414306640625,-911.0643157958984,16.269973754882812,-0.886258065700531,0.4631917476654053,-0.0,2.659999443322939,-1.131334340282908,-0.0019466978573409732,513.6903994777682,4.54899787902832
2291.1084030290367,-23.790390014648438,-906.8259429931641,16.170074462890625,-0.8784059286117554,0.4779152572154999,-0.0,2.6433127941093093,-1.0644556592088072,-0.002347894386925037,425.91353579138985,3.5499978065490723
2300.1638855969622,-31.691390991210938,-902.4024353027344,16.077728271484375,-0.8657983541488647,0.5003930926322937,-0.0,2.617539924960953,-0.9976327055239875,-0.003537756026587374,282.66505448218544,2.649998664855957
2309.135989488599,-39.37586975097656,-897.7721252441406,15.990188598632812,-0.8462218046188354,0.5328307747840881,-0.0,2.579650398098646,-0.9723799294603874,-0.004604345595131287,217.1861297851788,2.099999189376831
2318.025769641946,-46.795166015625,-892.8757171630859,15.904037475585938,-0.8218004703521729,0.569775402545929,-0.0,2.535360131306234,-0.9797743565260641,-0.005154548362747674,194.00341787984348,1.7499994039535522
2326.8372863844606,-53.91978454589844,-887.6916046142578,15.8167724609375,-0.7941688895225525,0.607697069644928,-0.0,2.488435072496902,-1.0076918524974499,-0.005622677325745645,177.85121607834503,1.5499995946884155
2335.600099571942,-60.742095947265625,-882.1929779052734,15.726959228515625,-0.761599600315094,0.6480478644371033,-0.0,2.436574219504607,-1.0586795373131785,-0.005947500202236833,168.13786733860113,1.4999996423721313
2344.3485987313434,-67.25619506835938,-876.35400390625,15.631393432617188,-0.7266898155212402,0.6869657039642334,-0.0,2.384287374375111,-1.1405133605999818,-0.005942422243359974,168.2815456470455,1.4999996423721313
2353.1179755070984,-73.47366333007812,-870.1706237792969,15.527145385742188,-0.6901386976242065,0.7236770987510681,-0.0,2.332477035394257,-1.220971034161733,-0.005760740333468267,173.58879972254323,1.6499994993209839
2361.908621458597,-79.38380432128906,-863.6641998291016,15.416976928710938,-0.6536054611206055,0.756835401058197,-0.0,2.283134919155147,-1.268803482148595,-0.0054933984525079305,182.0366770488794,1.8499993085861206
2370.7189291186623,-84.98411560058594,-856.8638153076172,15.303817749023438,-0.6170562505722046,0.7869189977645874,-0.0,2.235792693450571,-1.2995607423856081,-0.0054333877922145835,184.04723502947542,2.1999990940093994
2379.566951413306,-90.27548217773438,-849.7733001708984,15.187484741210938,-0.5780928730964661,0.8159709572792053,-0.0,2.1871858381089426,-1.317360868357631,-0.005754883304450037,173.76546961894732,2.649998664855957
2388.5294231743405,-95.26008605957031,-842.3257751464844,15.069183349609375,-0.5332509279251099,0.8459571003913879,-0.0,2.133235167627919,-1.334637543530548,-0.006082810626809543,164.39768740992415,3.249998092651367
2397.6335245759406,-99.89791870117188,-834.4925079345703,14.946319580078125,-0.48509860038757324,0.874459445476532,-0.0,2.0772722540059916,-1.3593873572964266,-0.006029900723725917,165.84020961825937,3.8999974727630615
2406.8875642555113,-104.16702270507812,-826.2830047607422,14.819595336914062,-0.43656447529792786,0.8996729850769043,-0.0,2.022572804003197,-1.376287986601188,-0.005746251016966131,174.02650824815058,4.649999618530273
2416.296779699915,-108.04856872558594,-817.7127075195312,14.689437866210938,-0.38875848054885864,0.9213396906852722,-0.0,1.9700800241986942,-1.4546085952511723,-0.005172413436367956,193.3333466673142,5.5500030517578125
2425.8926298947245,-111.59123229980469,-808.7959594726562,14.542877197265625,-0.346303254365921,0.9381226301193237,-0.0,1.9244239692569183,-1.5213397180983357,-0.005094791770593299,196.27887557091424,6.5490031242370605
2435.6203061961514,-114.71170043945312,-799.5835418701172,14.395477294921875,-0.29623177647590637,0.9551160931587219,-0.0,1.8715412469276278,-1.4860457164580065,-0.004965029604279303,201.40866816546497,7.548003196716309
2445.474706165602,-117.41844177246094,-790.1092529296875,14.251953125,-0.25371816754341125,0.9672781825065613,-0.0,1.8273186051614017,-1.6123477929263164,-0.004201385664453439,238.01671159605166,8.547002792358398
2455.4529575383513,-119.75929260253906,-780.4110717773438,14.0753173828125,-0.2157810479402542,0.9764418005943298,-0.0,1.7882879724226681,-1.9122847689848843,-0.0037397219829601036,267.3995565864149,9.546002388000488
2465.554638087772,-121.75914001464844,-770.5115051269531,13.86761474609375,-0.18047720193862915,0.983579158782959,-0.0,1.7522679269312078,-2.1722699739095908,-0.0033519855905129736,298.33063806427765,10.545001983642578
2475.7775246273236,-123.44255065917969,-760.4308929443359,13.633529663085938,-0.14886078238487244,0.988858163356781,-0.0,1.7202124458094359,-2.394650793663744,-0.002571359277262514,388.8993688445617,11.544001579284668
2486.1229552002555,-124.86573791503906,-750.1870880126953,13.37481689453125,-0.12836702167987823,0.9917267560958862,-0.0,1.6995185258476868,-2.6064350177511297,-0.0012635805019893531,791.4018920247837,11.950027465820312
2496.5846740304905,-126.17300415039062,-739.8112487792969,13.090957641601562,-0.12298475950956345,0.9924085736274719,-0.0,1.6940932431594413,-2.8217736321640707,-0.0003271550655127575,3056.6544902267597,12.050027847290039
2507.13562586008,-127.45744323730469,-729.3433380126953,12.781692504882812,-0.1215805634856224,0.9925815463066101,-0.0,1.692678433502087,-3.023529606864228,-0.0001394239318433521,7172.369813265176,12.100028038024902
2517.6545047621676,-128.72772216796875,-718.9065856933594,12.453964233398438,-0.1200692355632782,0.9927655458450317,-0.0,1.6911559459476924,-3.1951998898835043,-0.000170333428847258,5870.8381952242835,12.150028228759766
2528.1223408111373,-129.97618103027344,-708.5191192626953,12.1112060546875,-0.11803416162729263,0.9930095076560974,-0.0,1.689106300913381,-3.3405517032408127,-0.0002273625342561758,4398.262023563089,12.150028228759766
2538.5388919335805,-131.1920166015625,-698.1798553466797,11.756378173828125,-0.11535713076591492,0.9933241009712219,-0.0,1.6864108477703994,-3.4594326736894,-0.00027794978533274284,3597.772161625767,12.150028228759766
2548.905684168927,-132.36863708496094,-687.8864898681641,11.39227294921875,-0.11229777336120605,0.9936745762825012,-0.0,1.683331479619407,-3.551593149931098,-0.00030253206341285255,3305.4347652246793,12.100028038024902
2559.219970995176,-133.5111083984375,-677.6423645019531,11.02191162109375,-0.1091405600309372,0.9940263032913208,-0.0,1.6801547333503346,-3.6188719495758415,-0.00035825282337897946,2791.3248263284313,12.050027847290039
2569.4839992098205,-134.60646057128906,-667.4438171386719,10.647598266601562,-0.10497419536113739,0.9944749474525452,-0.0,1.675964279648857,-3.590482196740785,-0.00032751267261252326,3053.316966403585,11.950027465820312
2579.695505941216,-135.6628875732422,-657.2935180664062,10.28668212890625,-0.10246380418539047,0.9947367310523987,-0.0,1.6734402753111866,-3.5818993086067175,-0.00012041155602199316,8304.8507388888,11.800026893615723
2589.8519532255045,-136.7023468017578,-647.1971282958984,9.9180908203125,-0.10252104699611664,0.9947308301925659,-0.0,1.6734978214626175,-3.6027933310414206,-0.00013972783220558838,7156.7703027744055,11.650026321411133
2599.954969890664,-137.72750854492188,-637.1527557373047,9.556747436523438,-0.0996629074215889,0.9950212836265564,-0.0,1.6706249604257883,-3.420498965700014,-0.00047129311404695007,2121.821792415113,11.500025749206543
2609.98780211296,-138.69390869140625,-627.1719512939453,9.2291259765625,-0.09310272336006165,0.9956564903259277,-0.0,1.6640340834416285,-3.2371047703015687,-0.0004393263073548537,2276.212426296333,11.30002498626709
2619.976646945795,-139.6087646484375,-617.2302551269531,8.908599853515625,-0.0908878818154335,0.9958611130714417,-0.0,1.6618098092330214,-3.1500109529050633,-4.815345152575645e-05,20766.943351197104,11.050024032592773
2629.9610806128467,-140.5211639404297,-607.2923889160156,8.599960327148438,-0.09214354306459427,0.9957457184791565,-0.0,1.6630707617893503,-2.9658130470909425,0.00016368398649316274,6109.333120633466,10.750022888183594
2639.8775360445566,-141.44384765625,-597.4229736328125,8.318206787109375,-0.09412632882595062,0.9955602884292603,-0.0,1.6650621996979735,-2.6984044963868525,0.0002543692737882741,3931.2924281584274,10.55002212524414
2649.7237926235775,-142.38401794433594,-587.6249389648438,8.066482543945312,-0.09714054316282272,0.9952706694602966,-0.0,1.6680902971234521,-2.394646178554538,0.00033935817951596947,2946.7390514244025,10.300021171569824
2659.49673930481,-143.3499755859375,-577.9022979736328,7.8481597900390625,-0.10074794292449951,0.9949119687080383,-0.0,1.671715488690635,-2.053663959725088,0.0004213622124927263,2373.255053138545,10.150020599365234
2669.1943978967715,-144.3472442626953,-568.2577667236328,7.666351318359375,-0.10529503971338272,0.994441032409668,-0.0,1.6762869115266896,-1.677069386443425,0.0004997828610998623,2000.8689329588449,10.000020027160645
2678.8134763593966,-145.38232421875,-558.6956024169922,7.523895263671875,-0.11034373939037323,0.9938935041427612,-0.0,1.681365219355168,-1.2685783655075278,0.0005280239305666401,1893.853558733345,9.900019645690918
2688.3511118394654,-146.4569549560547,-549.21923828125,7.4229888916015625,-0.1153484433889389,0.9933251142501831,-0.0,1.6864021015008848,-0.8333065369781067,0.0005404839856098242,1850.193579503946,9.900019645690918
2697.8045095828634,-147.57012939453125,-539.831787109375,7.365264892578125,-0.12053735554218292,0.9927088022232056,-0.0,1.6916274924982342,-0.37287303045190345,0.000560031375815645,1785.61424088708,9.950019836425781
2707.1694343513163,-148.7232208251953,-530.5381317138672,7.3524017333984375,-0.12580907344818115,0.9920544624328613,-0.0,1.6969396706399056,-0.0755236609218446,0.00046730431720215515,2139.9331510292927,10.000020027160645
2716.43920928403,-149.90438842773438,-521.3439178466797,7.35107421875,-0.12919601798057556,0.9916190505027771,-0.0,1.700354489601947,-0.0008580230457855276,0.0003045426710192589,3283.612101559197,10.050020217895508
2725.616315665649,-151.10125732421875,-512.2451934814453,7.3522186279296875,-0.1313919574022293,0.9913305044174194,-0.0,1.702569305817818,0.016252808403832697,0.00029138922977295367,3431.8358327079754,10.150020599365234
2734.697241934979,-152.3079376220703,-503.2447967529297,7.354034423828125,-0.13446028530597687,0.9909189939498901,-0.0,1.7056651069209223,0.019165619262950795,0.0004673339953150113,2139.7972542655275,11.149020195007324
2743.680611682014,-153.5389862060547,-494.34617614746094,7.355682373046875,-0.1397317498922348,0.9901893734931946,-0.0,1.7109868314573244,0.02561369799095603,0.0006198650270447525,1613.2544285770823,12.148019790649414
2752.565238760132,-154.8067169189453,-485.5524597167969,7.3585968017578125,-0.14542163908481598,0.9893697500228882,-0.0,1.7167354586070647,0.03342986390298952,0.0004796968443597782,2084.649944559544,13.147019386291504
2761.3486841638032,-156.09793090820312,-476.86444091796875,7.3615875244140625,-0.14815209805965424,0.9889645576477051,-0.0,1.7194958195090522,0.02532295938839635,0.0002593000435341386,3856.5361824489755,14.146018981933594
2770.0299010828894,-157.39207458496094,-468.2802276611328,7.363037109375,-0.14991162717342377,0.9886993765830994,-0.0,1.7212752196054253,-0.004948557990008817,0.0001889599966777289,5292.125410573007,13.59802532196045
2778.6059177644647,-158.68348693847656,-459.802001953125,7.36077880859375,-0.1513795554637909,0.9884756803512573,-0.0,1.7227600946816823,-0.05441686785697675,3.897448077078147e-05,25657.81455515075,12.59902572631836
2787.061643954261,-159.95982360839844,-451.4431610107422,7.3538360595703125,-0.15059958398342133,0.9885948300361633,-0.0,1.7219710748994954,-0.041022579577354445,-0.000623750095602893,1603.2061671003646,11.60002613067627
2795.4672666734423,-161.19046020507812,-443.12811279296875,7.35382080078125,-0.1410277783870697,0.990005612373352,-0.0,1.7122958228000658,-0.020059198512262233,-0.0016449986134488004,607.9032479568253,11.700026512145996
2803.796111260889,-162.29647827148438,-434.87303161621094,7.3505096435546875,-0.12340667843818665,0.9923561811447144,-0.0,1.6945184026056244,-0.06748241825897394,-0.0023231205971827595,430.4554835477317,11.089998245239258
2812.0042785411206,-163.22396850585938,-426.7174377441406,7.3427276611328125,-0.10294453054666519,0.9946870803833008,-0.0,1.6739235589053614,-0.04516874977533725,-0.002977694061814029,335.83033691204463,10.090998649597168
2820.0968243567245,-163.94955444335938,-418.65748596191406,7.3430328369140625,-0.07522002607584,0.9971669316291809,-0.0,1.6460874694193766,0.04321050257031778,-0.0033739403212402763,296.3893562979191,9.091999053955078
2828.0595113755176,-164.44386291503906,-410.7101593017578,7.3495635986328125,-0.04892135411500931,0.998802661895752,-0.0,1.6197372144810536,0.09827061929195136,-0.0038439302431274025,260.15040251781596,8.092999458312988
2835.89785890696,-164.70059204101562,-402.8760223388672,7.3585205078125,-0.014684474095702171,0.9998921751976013,-0.0,1.5854813287174243,0.03958436333825199,-0.004685606787796726,213.41953033797395,7.094000339508057
2843.605253385843,-164.67079162597656,-395.16868591308594,7.3559112548828125,0.023816201835870743,0.9997163414955139,-0.0,1.5469778726149763,-0.25613419307726204,-0.005208278838372882,192.0020089232415,6.095000267028809
2851.182316458517,-164.3395233154297,-387.5989532470703,7.3199462890625,0.06482028216123581,0.9978969693183899,-0.0,1.505930567350721,-0.5584394795427716,-0.0056955317994744625,175.57622978986296,5.0960001945495605
2858.630731278402,-163.7011260986328,-380.1781005859375,7.272216796875,0.10910791903734207,0.9940299391746521,-0.0,1.4614707630678185,-0.4488557213177091,-0.005496276392104316,181.94135968790644,4.0970001220703125
2865.9435750930425,-162.768798828125,-372.9249572753906,7.253173828125,0.14560526609420776,0.9893427491188049,-0.0,1.4246715934505134,-0.13141617907498349,-0.005499340370021921,181.839990383431,3.0980000495910645
2873.1292095314307,-161.57960510253906,-365.8384094238281,7.252838134765625,0.18781766295433044,0.9822039008140564,-0.0,1.3818565299039214,0.0841199597942488,-0.005517166813700847,181.25244962988756,2.0989999771118164
2880.1723681561944,-160.13658142089844,-358.9446716308594,7.264892578125,0.22286446392536163,0.9748494625091553,-0.0,1.346044477888988,0.021949019282485605,-0.006088142873195479,164.2537011414009,1.100000023841858
2887.0908365098694,-158.42630004882812,-352.2409362792969,7.2562713623046875,0.27028799057006836,0.9627795219421387,-0.0,1.2971041845705256,-0.03802018579422972,-0.007153531457585294,139.79109561888393,0.20000000298023224
2893.927099861633,-156.4070281982422,-345.70970153808594,7.259521484375,0.31753966212272644,0.9482449889183044,-0.0,1.2476625925123246,-0.00849243289414714,-0.007900512188759534,126.5740721750612,0.05000000074505806
2900.673000614589,-154.09994506835938,-339.3705749511719,7.255218505859375,0.37173590064048767,0.9283385276794434,-0.0,1.1899181044448068,-0.07404359292625395,-0.007615369898209379,131.313385083912,0.6000000834465027
2907.3107163223867,-151.4996337890625,-333.2633972167969,7.2496337890625,0.4125555157661438,0.9109324812889099,-0.0,1.1455386652408128,-0.24895666967412744,-0.007988015361746481,125.18754092397768,1.599000096321106
2913.8505245853107,-148.62338256835938,-327.3901062011719,7.2227325439453125,0.4669932425022125,0.884260892868042,-0.0,1.0849089238291278,0.07408348210659055,-0.010762585081740939,92.91448034139411,2.5980000495910645
2920.319839527082,-145.38128662109375,-321.79193115234375,7.2585906982421875,0.535466730594635,0.8445563316345215,-0.0,1.005736047698686,0.6966835680366046,-0.011849469930972245,84.39196063835662,3.5970001220703125
2926.822553343348,-141.7042236328125,-316.428955078125,7.313201904296875,0.5968528985977173,0.802350640296936,-0.0,0.9312232935356226,0.9159313836648364,-0.011028980875160521,90.6702089086219,4.5960001945495605
2933.4284323915954,-137.58018493652344,-311.2689514160156,7.378814697265625,0.6514889001846313,0.7586581707000732,-0.0,0.8612509986016825,0.7629461816810346,-0.009998328722335414,100.01671557028178,5.595000267028809
2940.131610033023,-133.05422973632812,-306.3245544433594,7.4142913818359375,0.6979456543922424,0.71615070104599,-0.0,0.7982714311345785,0.3863063072643169,-0.008154913361463567,122.62545972904479,6.594000339508057
2946.9264866648978,-128.1942138671875,-301.5758361816406,7.430694580078125,0.7307307124137878,0.6826658248901367,-0.0,0.7514046089720589,0.1454779746848489,-0.006144827918804496,162.73848726337556,7.593000411987305
2953.8064519327086,-123.08026123046875,-296.9735107421875,7.43402099609375,0.7555056214332581,0.6551421284675598,-0.0,0.7143707493580976,-0.026261599253285528,-0.005900084653500837,169.48909358557194,8.592000007629395
2960.7744610907707,-117.71662902832031,-292.52552795410156,7.4269256591796875,0.7840645909309387,0.6206792593002319,-0.0,0.6696087270977737,-0.15863646772978912,-0.005897475741582392,169.56407178568287,9.590999603271484
2967.8494881780907,-112.08331298828125,-288.2451629638672,7.41162109375,0.8070449829101562,0.5904899835586548,-0.0,0.6316658297425736,-0.23724706198887668,-0.004261463816707889,234.66115002063555,10.589999198913574
2975.1911980948853,-106.10313415527344,-283.98631286621094,7.392608642578125,0.8203515410423279,0.57185959815979,-0.0,0.6087708821329524,-0.24534805683376626,-0.0026785390821593147,373.3378417588166,11.588998794555664
2982.7153175202643,-99.89364624023438,-279.7372741699219,7.3751983642578125,0.8298209309577942,0.5580297708511353,-0.0,0.5920096161170676,-0.19894081408042275,-0.0022204300725107706,450.36320322812117,11.541996002197266
2990.285530356598,-93.5777587890625,-275.5638427734375,7.36260986328125,0.8390532732009888,0.5440493226051331,-0.0,0.5752556424587402,-0.1544907912186977,-0.0032290505075524556,309.6885594267079,10.542996406555176
2997.763471013092,-87.24394226074219,-271.58863830566406,7.3519287109375,0.8558498024940491,0.5172244310379028,-0.0,0.5436047056161255,-0.10605156960306616,-0.005314199199744185,188.17510642960806,9.543996810913086
3005.1733892621965,-80.81600952148438,-267.9023742675781,7.346771240234375,0.8793575167655945,0.4761620759963989,-0.0,0.4962850748170428,-0.05931088110212035,-0.006517362783692082,153.4362951993752,8.544997215270996
3012.542127248401,-74.25326538085938,-264.55145263671875,7.3431549072265625,0.9016192555427551,0.43253061175346375,-0.0,0.44729763170728193,-0.058457805850076205,-0.006483344312509798,154.24138404472387,7.5459980964660645
3019.8593249061996,-67.5850830078125,-261.5386962890625,7.33819580078125,0.9206499457359314,0.390389084815979,-0.0,0.40105418300971607,-0.05645719747614519,-0.0061219140275626804,163.3476059117626,6.546998023986816
3027.11042996612,-60.85108947753906,-258.8494873046875,7.3349151611328125,0.9365694522857666,0.3504819869995117,-0.0,0.3580856914709336,-0.02870552326257325,-0.006299128564347889,158.75211781830396,5.547997951507568
3034.2972724619585,-54.06355285644531,-256.4872741699219,7.3340301513671875,0.9522861242294312,0.30520668625831604,-0.0,0.31015546651781956,-0.006358261516470343,-0.007423080197791809,134.71496647678364,4.54899787902832
3041.4549837783848,-47.18792724609375,-254.49765014648438,7.3339996337890625,0.9685031771659851,0.24900111556053162,-0.0,0.2516487540851469,-0.00021414237989514362,-0.0075508810544654414,132.43487651134694,3.5499978065490723
3048.6776326600348,-40.14984130859375,-252.87530517578125,7.3339996337890625,0.9797369837760925,0.20028848946094513,-0.0,0.20165236424685826,0.00031042805188619127,-0.006378272113159722,156.78227304488763,2.599998712539673
3056.000124990216,-32.94512939453125,-251.56724548339844,7.33404541015625,0.9873884320259094,0.15831632912158966,-0.0,0.1589852451042387,0.0004167814263378311,-0.004483009016228612,223.06446326116532,1.8499993085861206
3063.415706497424,-25.609283447265625,-250.4827117919922,7.3340606689453125,0.9907888174057007,0.1354159116744995,-0.0,0.13583323218461973,-0.00019945002524557331,-0.0031000085265171506,322.57975790908444,1.4999996423721313
3070.9235921448367,-18.159820556640625,-249.54791259765625,7.334014892578125,0.9936531186103821,0.11248788237571716,-0.0,0.11272646896918219,-0.00020757391060444164,-0.0034964247176790253,286.00644393791316,1.6499994993209839
3078.5395703309346,-10.579971313476562,-248.8069610595703,7.3340301513671875,0.9965688586235046,0.08276780694723129,-0.0,0.08286259974562586,0.0001969760455855507,-0.0028185079105552124,354.797655970748,2.1999990940093994
3086.4260709501596,-2.7164306640625,-248.2056121826172,7.33404541015625,0.997576117515564,0.06958354264497757,-0.0,0.06963981846025076,-0.0035270824308097914,-0.0015627880571725816,639.8820335300068,3.0499982833862305
3094.660795824324,5.5016937255859375,-247.68299865722656,7.33343505859375,0.9983329772949219,0.05771748721599579,-0.0,0.05774957993118327,-0.023181629407043047,-0.0009163297625231492,1091.3101820969578,3.8999974727630615
3103.247848618405,14.075469970703125,-247.2056884765625,7.3300323486328125,0.9985095262527466,0.054578110575675964,-0.0,0.054605241694810694,-0.027985956199733097,0.00019299693767943493,5181.429363718637,4.649999618530273
3112.2017742169687,23.014404296875,-246.68777465820312,7.32861328125,0.9981061220169067,0.06151512265205383,-0.0,0.061553987348860625,0.243327801418447,0.0009705740452108369,1030.318093641965,5.500002861022949
3121.5645975205452,32.35615539550781,-246.0618133544922,7.37677001953125,0.9973697066307068,0.07248209416866302,-0.0,0.07254571117631951,0.8441944740750218,0.0010165490371831787,983.7203749373119,6.450006484985352
3131.290617696144,42.05281066894531,-245.3154754638672,7.4922027587890625,0.9967340230941772,0.08075413107872009,-0.0,0.08084216134978923,1.4664858798615121,0.001217766131457243,821.1757365951272,7.4490065574646
3141.3965599388885,52.11799621582031,-244.42633056640625,7.669769287109375,0.9953012466430664,0.09682703018188477,-0.0,0.09697896977044416,2.0419497595238365,0.0026108329290771004,383.01952946238066,8.448006629943848
3151.754330416864,62.40391540527344,-243.232666015625,7.9115142822265625,0.9909300208091736,0.1343788504600525,-0.0,0.13478660211579432,2.6130864594599954,0.004014643962087228,249.0880908602656,9.447006225585938
3162.2132370367203,72.72874450683594,-241.59103393554688,8.21429443359375,0.9837316870689392,0.17964404821395874,-0.0,0.18062459951636195,3.106107214493808,0.004073656382891089,245.47971306561118,10.441998481750488
3172.644598055497,82.94668579101562,-239.5204620361328,8.560272216796875,0.9759185314178467,0.21813532710075378,-0.0,0.21990337605746357,3.338796833258079,0.003894602372597422,256.76562183498885,9.442998886108398
3183.024081659084,93.0235595703125,-237.0570068359375,8.909103393554688,0.9659615755081177,0.25868555903434753,-0.0,0.2616611975781552,3.478320666524165,0.004130189301489451,242.119652878713,8.443999290466309
3193.355008996292,102.93524169921875,-234.1676025390625,9.280532836914062,0.9537174701690674,0.3007041811943054,-0.0,0.3054309194965157,3.670464412072316,0.0041070716949145325,243.48247955793474,7.4449992179870605
3203.6333800688767,112.66305541992188,-230.87118530273438,9.665481567382812,0.9406286478042603,0.339437335729599,-0.0,0.3463186615516807,3.7495512667379325,0.003959972336892548,252.52701658636224,6.4459991455078125
3213.8568560216204,122.20327758789062,-227.216552734375,10.04925537109375,0.9261889457702637,0.3770597279071808,-0.0,0.38661964461675824,3.706392861621582,0.0038804346991854755,257.7030867727024,5.4469990730285645
3224.025794965082,131.53890991210938,-223.2022247314453,10.421356201171875,0.9108502864837646,0.4127368927001953,-0.0,0.4254567936136214,3.6028077813734294,0.0038728679816657507,258.20658094570325,4.447999000549316
3234.194953461637,140.71035766601562,-218.8242950439453,10.781997680664062,0.8936482071876526,0.44876816868782043,-0.0,0.46538643456909784,3.49965056577044,0.003951931415172694,253.04082863399123,3.4489989280700684
3244.3822286804543,149.7143096923828,-214.0718536376953,11.133743286132812,0.8747363090515137,0.484599232673645,-0.0,0.5059049442332975,3.3941615699169425,0.003842178195431145,260.26903207902524,2.4499988555908203
3254.557349049999,158.5162811279297,-208.97840881347656,11.47314453125,0.8558389544487,0.5172423720359802,-0.0,0.5436256712900408,3.2470439272485163,0.0034171352378091213,292.6427929850224,1.6499994993209839
3264.7379566254235,167.13832092285156,-203.5745391845703,11.794692993164062,0.8389420509338379,0.5442208051681519,-0.0,0.5754600358537909,3.0337675954353993,0.0022771398684709454,439.1473768677549,1.2499998807907104
3274.8422141767887,175.56561279296875,-198.0076446533203,12.088729858398438,0.8309704661369324,0.5563164949417114,-0.0,0.5899464275500849,2.739925726435277,0.0005825496569271116,1716.5918614988038,1.100000023841858
3284.8580329975134,183.89035034179688,-192.4444580078125,12.346267700195312,0.8324227333068848,0.5541411638259888,-0.0,0.587330868467725,2.3653980651358597,-0.00034454534255828895,2902.3756135401063,0.9500001668930054
3294.7834976759573,192.1637420654297,-186.96542358398438,12.560791015625,0.834764838218689,0.5506066083908081,-0.0,0.5830907547429854,1.9325066120968182,-0.0001949771361053898,5128.80648456892,0.8500001430511475
3304.618092736723,200.37344360351562,-181.55322265625,12.728546142578125,0.8345746397972107,0.5508948564529419,-0.0,0.5834360986141433,1.4549938339856516,0.0001715085203723432,5830.614116599049,0.6500000953674316
3314.359373673308,208.4981231689453,-176.1802978515625,12.846084594726562,0.83292555809021,0.5533850789070129,-0.0,0.586422850187982,0.9258154415733189,0.0002372379432496463,4215.177329149648,0.5000000596046448
3324.0054543208616,216.53001403808594,-170.8387908935547,12.9085693359375,0.8320247530937195,0.5547385215759277,-0.0,0.5880486598996474,0.3056658744926888,0.00015727440208851418,6358.313792458096,0.40000003576278687
3333.5605842020573,224.4789276123047,-165.53640747070312,12.9053955078125,0.831249475479126,0.5558995604515076,-0.0,0.5894447497745202,-0.12647423684262193,0.0003958688698745827,2526.089005980226,0.25
3343.0278376264737,232.33319091796875,-160.25067138671875,12.884674072265625,0.8278483152389526,0.5609520077705383,-0.0,0.5955353350965203,0.018048603314102518,0.0008079104828309647,1237.7608921423357,0.20000000298023224
3352.4016989137576,240.06991577148438,-154.9580535888672,12.908355712890625,0.8227090239524841,0.5684627294540405,-0.0,0.6046360947759386,0.3137861753353621,0.0010416478262154638,960.0173636738824,0.20000000298023224
3361.672754503143,247.67019653320312,-149.64891052246094,12.94305419921875,0.8168067336082458,0.5769113898277283,-0.0,0.6149422984102935,0.28365324493815347,0.0011554410738226495,865.4703581651379,0.30000001192092896
3370.842217875324,255.1302947998047,-144.3173370361328,12.960845947265625,0.8104161620140076,0.5858545899391174,-0.0,0.625934179648536,0.11678537301339498,0.0011674295674130586,856.5827249141284,0.5000000596046448
3379.9122175450007,262.4512634277344,-138.9630584716797,12.964508056640625,0.8043344616889954,0.5941767692565918,-0.0,0.6362417832794878,-0.020913602356931182,0.00097125509854884,1029.5956247685165,0.7500001192092896
3388.879360842528,269.64404296875,-133.60829162597656,12.957199096679688,0.8000086545944214,0.5999884009361267,-0.0,0.6434866367850164,-0.12509873365533775,0.0010192259848078034,981.1366810752683,1.149999976158142
3397.743203049696,276.7086486816406,-128.25489807128906,12.942291259765625,0.7934302091598511,0.6086612343788147,-0.0,0.6543721849506049,-0.19490023037664894,0.0017507382827163798,571.1876011807074,1.5499995946884155
3406.500273621223,283.606689453125,-122.86018371582031,12.92291259765625,0.781190812587738,0.6242923140525818,-0.0,0.6742253063954011,-0.2285304499677676,0.0025173460288869798,397.2437593103322,2.1499991416931152
3415.1437238131152,290.2930603027344,-117.38284301757812,12.902542114257812,0.7660527229309082,0.6427777409553528,-0.0,0.698118818750517,-0.25405614669039567,0.003009760437371334,332.2523572252749,2.899998426437378
3423.686158121246,296.765625,-111.80802917480469,12.879287719726562,0.7479013800621033,0.6638098955154419,-0.0,0.725901410451494,-0.3137152440125135,0.0033944137364158578,294.6016831336225,3.8499975204467773
3432.195546567479,303.04164123535156,-106.06169128417969,12.849075317382812,0.7275924682617188,0.6860095858573914,-0.0,0.7559903860160081,-0.2808401475402955,0.0039665600666017875,252.10761546760472,4.848997592926025
3440.598182966935,309.05055236816406,-100.18827819824219,12.831634521484375,0.7017875909805298,0.7123862504959106,-0.0,0.7928926175958717,-0.10409029702097561,0.004402895336054979,227.12327313599192,5.847997665405273
3448.8864906154517,314.76043701171875,-94.18051147460938,12.831466674804688,0.6752620935440063,0.7375778555870056,-0.0,0.8294763333264351,0.017891688898197255,0.004557898353707013,219.39936400439552,6.8469977378845215
3457.0587483222444,320.16578674316406,-88.05123901367188,12.83453369140625,0.646441638469696,0.7629634141921997,-0.0,0.8678850120478816,-0.020403723336415158,0.004943298621392145,202.2940705367254,7.8459978103637695
3465.112077591355,325.24769592285156,-81.80381774902344,12.828292846679688,0.6140403747558594,0.7892746329307556,-0.0,0.9096267789467876,-0.12053075136652103,0.005493472376406849,182.03422743959922,8.84499740600586
3473.0447825357346,329.97926330566406,-75.43672180175781,12.81536865234375,0.5770947337150574,0.8166772127151489,-0.0,0.9556295497817734,-0.18955937537651346,0.006148303930769372,162.64648125078364,9.84399700164795
3480.8581897063646,334.33033752441406,-68.94694519042969,12.798507690429688,0.5349430441856384,0.8448880910873413,-0.0,1.0063559765716499,-0.22577377985240066,0.0067225644131714835,148.7527584028359,10.55002212524414
3488.5523494500635,338.2767791748047,-62.34199523925781,12.780380249023438,0.48902416229248047,0.8722702264785767,-0.0,1.059825652585839,-0.2322335197096126,0.0070779253837587874,141.2843376810144,10.85002326965332
3496.124405289175,341.8042297363281,-55.64178466796875,12.763046264648438,0.44073593616485596,0.8976368308067322,-0.0,1.1143779698005627,-0.22048533561931372,0.007578133102056184,131.95862180471187,11.050024032592773
3503.574520286667,344.89662170410156,-48.863800048828125,12.747238159179688,0.386857271194458,0.922139585018158,-0.0,1.1735752562549906,-0.20302899927581164,0.008237126126202532,121.40156465723787,11.200024604797363
3510.920777479368,347.5265808105469,-42.00445556640625,12.732986450195312,0.32839030027389526,0.9445421099662781,-0.0,1.2361974670508318,-0.26366739736354283,0.008290091402604116,120.62593178235358,11.30002498626709
3518.2032410508896,349.7151794433594,-35.058685302734375,12.708755493164062,0.2724302113056183,0.9621755480766296,-0.0,1.2948784496070318,-0.7659320850724738,0.007968208933789855,125.49871725368753,11.400025367736816
3525.441672031371,351.4939727783203,-28.042755126953125,12.622146606445312,0.21714182198047638,0.9761400818824768,-0.0,1.351910858938342,-1.626833156272911,0.007984211443635092,125.24718402807166,11.45002555847168
3532.649611254596,352.85755920410156,-20.966522216796875,12.4739990234375,0.15989215672016144,0.9871345162391663,-0.0,1.4102149280804408,-2.445766406036143,0.008159112887733022,122.56234394102692,11.500025749206543
3539.8345592362775,353.8017883300781,-13.8468017578125,12.270309448242188,0.10128153860569,0.9948577880859375,-0.0,1.4693408255420162,-3.1843842649551424,0.008431304012822105,118.60561527365475,11.500025749206543
3547.0156579776017,354.31231689453125,-6.6883697509765625,12.016555786132812,0.03944820910692215,0.9992216229438782,-0.0,1.531337879477051,-3.7932964409520653,0.008702866575001467,114.90466863785413,11.45002555847168
3554.2091176653867,354.37538146972656,0.4989013671875,11.7249755859375,-0.02364387921988964,0.9997204542160034,-0.0,1.5944424092889047,-4.273858025243571,0.008869444674145521,112.74663034034198,11.45002555847168
3561.4331399786224,353.9776153564453,7.70465087890625,11.400238037109375,-0.08830737322568893,0.9960932731628418,-0.0,1.6592188775929446,-4.6777798875710435,0.008871148005813734,112.72498208176067,11.45002555847168
3568.726019515168,353.1070098876953,14.936691284179688,11.045654296875,-0.15182501077651978,0.9884073734283447,-0.0,1.7232107567321124,-4.998587893262851,0.008884645106054356,112.55373603145495,11.45002555847168
3576.1016234511408,351.75181579589844,22.17681884765625,10.666793823242188,-0.21702435612678528,0.9761661887168884,-0.0,1.7895614626393024,-5.2392322312638795,0.008919122849368966,112.118648536246,11.45002555847168
3583.543219375487,349.90553283691406,29.374771118164062,10.269210815429688,-0.2807358205318451,0.9597851037979126,-0.0,1.8553569947076685,-5.415711064898732,0.00873094979026745,114.53507625421445,11.500025749206543
3591.0580513405807,347.56907653808594,36.50523376464844,9.856689453125,-0.3422708511352539,0.9396013021469116,-0.0,1.9201289982972338,-5.431431629205619,0.008577611079963188,116.58257650966983,11.500025749206543
3598.6398520156267,344.7533721923828,43.53300476074219,9.449325561523438,-0.40231865644454956,0.9154996871948242,-0.0,1.9848444400446876,-5.309324217734968,0.008469273126157306,118.07388722787853,11.550025939941406
3606.2466716961394,341.47227478027344,50.38420104980469,9.050308227539062,-0.4599739909172058,0.8879323601722717,-0.0,2.0487622466770516,-4.980494056138818,0.00880543984518023,113.56616109839905,11.550025939941406
3613.8632392302743,337.7412567138672,57.01463317871094,8.691177368164062,-0.5210704207420349,0.8535137176513672,-0.0,2.1189009171759445,-4.412258153481108,0.00887267443766615,112.70558916878707,11.60002613067627
3621.459207030031,333.5870361328125,63.366302490234375,8.37896728515625,-0.5752875208854675,0.8179512619972229,-0.0,2.183751945338736,-3.783302350990281,0.0085600560323153,116.82166521163798,11.60002613067627
3629.017034166804,329.03736877441406,69.39564514160156,8.11761474609375,-0.6270965933799744,0.7789415121078491,-0.0,2.2486165391890114,-3.121100909145602,0.00849779888140656,117.67753202397272,11.650026321411133
3636.4912913176354,324.1753387451172,75.06854248046875,7.90924072265625,-0.6748115420341492,0.7379900813102722,-0.0,2.311505642993461,-2.47162647184479,0.008347763933317431,119.792558580726,11.650026321411133
3643.85821956373,319.0417175292969,80.349853515625,7.7501220703125,-0.7185568809509277,0.6954681873321533,-0.0,2.372521387454968,-1.9367566920413082,0.008342162532385011,119.87299409690374,11.650026321411133
3651.1104625692515,313.67999267578125,85.23159790039062,7.6255950927734375,-0.7595696449279785,0.6504259705543518,-0.0,2.433447541448309,-1.5314195596753177,0.008610049506941386,116.1433507663114,11.60002613067627
3658.2535958840726,308.1117706298828,89.70484924316406,7.529266357421875,-0.7989965677261353,0.6013355851173401,-0.0,2.4964210165623117,-1.188690698395467,0.009061111698884683,110.36173410411531,11.60002613067627
3665.2946388443047,302.3544616699219,93.75755310058594,7.4566650390625,-0.8366432189941406,0.5477482080459595,-0.0,2.5619222465748064,-0.860055549318095,0.008314600321449428,120.27036313703131,11.60002613067627
3672.1913828075694,296.4868927001953,97.38169860839844,7.408905029296875,-0.8633110523223877,0.5046722292900085,-0.0,2.612590406795079,-0.5193534607638606,0.008294007010612725,120.5689841738058,11.550025939941406
3678.9515267243123,290.5526123046875,100.61949157714844,7.3852691650390625,-0.8930776119232178,0.44990265369415283,-0.0,2.674936323199419,-0.19893567419055902,0.009085292502539977,110.06800273303583,11.500025749206543
3685.692237143504,284.4443054199219,103.47006225585938,7.381988525390625,-0.9185745120048523,0.3952479064464569,-0.0,2.7352549454573456,0.07561089222324346,0.009421578265182529,106.13932951080002,11.500025749206543
3692.323838858279,278.2716064453125,105.89405822753906,7.395111083984375,-0.9424974322319031,0.33421334624290466,-0.0,2.8008221900750923,0.30403593790224726,0.009621008697407119,103.9392054878302,11.500025749206543
3698.8107796292875,272.0958557128906,107.87895202636719,7.42156982421875,-0.9610421657562256,0.27640172839164734,-0.0,2.8615447003745444,0.4777655812856718,0.009219217391050971,108.46907688397638,11.500025749206543
3705.14353746547,265.96287536621094,109.4566650390625,7.456146240234375,-0.9753400683403015,0.2207074612379074,-0.0,2.919052897919759,0.5728195771848688,0.008439761609920715,118.48675901278143,11.60002613067627
3711.308840971689,259.9188537597656,110.6729736328125,7.493072509765625,-0.9848385453224182,0.1734732985496521,-0.0,2.9672372977352075,0.5877492384953498,0.0071830535225698156,139.21655976221086,11.650026321411133
3717.2972151375134,254.00216674804688,111.59614562988281,7.527618408203125,-0.9908987879753113,0.13460882008075714,-0.0,3.0065739706297605,0.5450393094894146,0.005115142402256356,195.49797862106183,11.650026321411133
3723.0892918037857,248.25462341308594,112.31239318847656,7.557403564453125,-0.9935618042945862,0.11329155415296555,-0.0,3.02805734184255,0.4670953838257663,0.003914397432852212,255.46716120528248,10.9399995803833
3728.6934934714027,242.67984008789062,112.8853759765625,7.581024169921875,-0.9959090352058411,0.090361587703228,-0.0,3.051107642561499,0.357960381965039,0.004010306373545547,249.3575070963696,9.940999984741211
3734.092203150338,237.29859924316406,113.31903076171875,7.5970458984375,-0.997594952583313,0.06931319832801819,-0.0,3.0722238347792588,0.20558762879708814,0.002945769484261951,339.46987547484406,8.942000389099121
3739.2761840893504,232.12522888183594,113.65048217773438,7.6031646728515625,-0.9982656240463257,0.058870360255241394,-0.0,3.0826882347779603,0.0168415256540988,-6.418247712436376e-05,15580.576581086782,7.943000793457031
3744.3975289105556,227.01402282714844,113.97254943847656,7.598907470703125,-0.9975669980049133,0.06971430778503418,-0.0,3.071821752379265,-0.162083952968628,-0.003637441134495767,274.91853834182336,6.944000720977783
3749.3602438581356,222.06776428222656,114.37619018554688,7.587066650390625,-0.9954803586006165,0.09496785700321198,-0.0,3.0464814650886773,-0.28113456310679963,-0.005761839885189024,173.55567317490528,5.945000648498535
3754.089583493905,217.36680603027344,114.893310546875,7.5718536376953125,-0.9921582341194153,0.1249883770942688,-0.0,3.016276540724453,-0.19200357307053162,-0.00757038490903178,132.09367978198296,4.946000576019287
3758.572009282994,212.93035888671875,115.53367614746094,7.568756103515625,-0.9865366220474243,0.16354061663150787,-0.0,2.9773141273267654,0.06084949484560509,-0.011539563272315811,86.65839221134713,3.94700026512146
3762.818675018873,208.76168823242188,116.34379577636719,7.576568603515625,-0.9748523831367493,0.2228517085313797,-0.0,2.9168538901763226,0.22594002216865805,-0.017068248594528046,58.588319385071095,2.948000192642212
3766.8939088462753,204.8263702392578,117.40242004394531,7.5874176025390625,-0.9537364840507507,0.3006438612937927,-0.0,2.836224979789017,0.36193773872856827,-0.02134858087420749,46.841521030944044,1.9490001201629639
3770.8463864770783,201.11158752441406,118.75228881835938,7.6053924560546875,-0.922711193561554,0.3854919672012329,-0.0,2.7458517153944935,0.4264023743920875,-0.02322779055082641,43.051877784579965,0.9500001668930054
3774.6875856304746,197.63497924804688,120.3856201171875,7.6207122802734375,-0.884059727191925,0.46737390756607056,-0.0,2.6552747003670696,0.27536737122053623,-0.024351650499276567,41.06497832784302,1.5499995946884155
3778.41464144275,194.42127990722656,122.27322387695312,7.6265106201171875,-0.8365355134010315,0.5479126572608948,-0.0,2.561725665699557,-0.01426183325330399,-0.025561325373870458,39.12160208336574,1.4490000009536743
3782.0160592821517,191.50137329101562,124.38137817382812,7.620086669921875,-0.7816250324249268,0.6237486004829407,-0.0,2.4680631714073225,-0.0881453079397021,-0.026925402937525322,37.139648469524765,0.4500000476837158
3785.481643730862,188.8946990966797,126.66513061523438,7.6200408935546875,-0.7179774045944214,0.6960663795471191,-0.0,2.371688544833993,-0.010895095596730187,-0.03042292795344237,32.86994603314799,1.4490000009536743
3788.8192577611676,186.62220764160156,129.10960388183594,7.6193695068359375,-0.6372697949409485,0.7706407904624939,-0.0,2.261746599488589,0.00011821605776507482,-0.03601395284348641,27.76701586593161,2.447999954223633
3792.0608597598457,184.7100372314453,131.72715759277344,7.6200103759765625,-0.5350190997123718,0.8448399305343628,-0.0,2.135326698584733,0.006041880883689288,-0.040739108735782126,24.546437834111877,3.447000026702881
3795.2789051842574,183.17172241210938,134.5537109375,7.6197662353515625,-0.41493529081344604,0.9098509550094604,-0.0,1.9986679952225928,-0.01898145622531988,-0.0407618334116997,24.532753222846306,4.446000099182129
3798.567290415577,181.9990234375,137.62588500976562,7.6187591552734375,-0.2950986325740814,0.9554668068885803,-0.0,1.8703550701447607,-0.02745864255857544,-0.036356469400021685,27.50542108468331,5.445000171661377
3801.902658712244,181.19061279296875,140.86180114746094,7.617950439453125,-0.1862141191959381,0.982509195804596,-0.0,1.7581037762308847,-0.002713668518428136,-0.03373898355883165,29.639304285983332,6.444000244140625
3805.194749479258,180.75120544433594,144.1244354248047,7.618560791015625,-0.0758892148733139,0.9971162676811218,-0.0,1.6467585733644905,0.028007069652802308,-0.033701407005006345,29.6723516573492,7.443000316619873
3808.4591382449203,180.67788696289062,147.38800048828125,7.619781494140625,0.03365543484687805,0.9994335174560547,-0.0,1.537134535930545,0.018857205470435012,-0.029614290191635972,33.767481628934405,8.442000389099121
3811.779855871803,180.931884765625,150.69898986816406,7.619781494140625,0.11832233518362045,0.9929752349853516,-0.0,1.4521961482360817,-0.016258877958286178,-0.022279061128319455,44.88519485809372,9.440999984741211
3815.169936995026,181.4400634765625,154.05076599121094,7.6186676025390625,0.18169474601745605,0.9833549857139587,-0.0,1.3880867172274909,-0.018127727225047963,-0.023946585889059624,41.75960634358595,10.4399995803833
3818.6320367276235,182.22531127929688,157.42263793945312,7.618560791015625,0.27964040637016296,0.9601048231124878,-0.0,1.2873767779461784,0.03491376512139155,-0.028394397113264525,35.21821562229427,11.43899917602539
3822.2374771466752,183.4098358154297,160.82794189453125,7.621246337890625,0.3738762140274048,0.9274786114692688,-0.0,1.1876115052941607,0.07842809189225752,-0.023434425965984995,42.67226350888634,12.43799877166748
3826.131272548113,185.00674438476562,164.37921142578125,7.6244659423828125,0.4409160315990448,0.8975483775138855,-0.0,1.11417732496786,0.07575922733156215,-0.012377259342998825,80.79333011355605,13.43699836730957
3830.407607716134,186.9403533935547,168.19342041015625,7.62738037109375,0.46098580956459045,0.8874074816703796,-0.0,1.091690549632129,0.062382017009776636,-0.003364624222736201,297.21001033119046,14.43599796295166
3835.0887803443693,189.11361694335938,172.33953857421875,7.6300048828125,0.466342568397522,0.8846042156219482,-0.0,1.0856446189572977,0.053665398242441764,-0.003197245296201523,312.76924582172245,15.43499755859375
3840.200469891026,191.55479431152344,176.8306427001953,7.6326141357421875,0.49003708362579346,0.8717015981674194,-0.0,1.0586640382196197,0.08824196682681862,-0.004996836963669815,200.12660154226293,16.433998107910156
3845.751785481497,194.3414764404297,181.6318359375,7.6397552490234375,0.512569785118103,0.8586455583572388,-0.0,1.0326213589506723,0.1574646334369545,-0.0035070209257523355,285.14229631677415,17.432998657226562
3851.7747695693897,197.4676971435547,186.77993774414062,7.651123046875,0.5240156650543213,0.8517085909843445,-0.0,1.0192373249934372,0.2116564991524017,-0.0017232826400746526,580.2878626785679,18.43199920654297
3858.280767096147,200.8985137939453,192.30780029296875,7.66650390625,0.5305630564689636,0.8476454615592957,-0.0,1.011531635468874,0.26550155858972024,-0.001052872245243086,949.7828483161516,19.39999008178711
3865.1709268098416,204.5760498046875,198.13442993164062,7.686920166015625,0.5358881950378418,0.8442889451980591,-0.0,1.0052369206723164,0.3360335643652901,-0.0009198353580427976,1087.151076827243,19.099994659423828
3872.387412588381,208.4651336669922,204.21324157714844,7.71417236328125,0.5415204763412476,0.8406875729560852,-0.0,0.9985516651716526,0.4488333688563717,-0.0008181929531994037,1222.2055886568944,18.75
3879.864923256208,212.53639221191406,210.48512268066406,7.7532501220703125,0.5459515452384949,0.8378167748451233,-0.0,0.9932719002818992,0.5889552714927082,-0.00043681872312967274,2289.279161010557,18.400005340576172
3887.580022634147,216.7567901611328,216.94332885742188,7.8039703369140625,0.5469788312911987,0.8371464014053345,-0.0,0.9920452310574406,0.7256687822958907,0.00024373902971636108,4102.748752071834,18.000011444091797
3895.547186944254,221.10552978515625,223.61866760253906,7.867401123046875,0.5425717830657959,0.8400094509124756,-0.0,0.9973006273989629,0.8494340737476125,0.0008353516000632055,1197.1007177388979,17.550018310546875
3903.8735261320894,225.5995635986328,230.62765502929688,7.9427642822265625,0.5354253053665161,0.8445826172828674,-0.0,1.0057851087258203,0.954569736826566,0.0011458703415259675,872.6990862406733,17.1500244140625
3912.542918822246,230.20611572265625,237.9713897705078,8.029983520507812,0.5260352492332458,0.8504627346992493,-0.0,1.016864377228062,0.9935572591219799,0.0010941048335822434,913.9891985723783,16.800029754638672
3921.541836123008,234.9143524169922,245.6398468017578,8.11822509765625,0.5191051959991455,0.8547103404998779,-0.0,1.0249926094681485,0.9852894888838337,0.0009268493356136553,1078.9240080081759,16.50003433227539
3930.8803968712764,239.7335662841797,253.6383056640625,8.210693359375,0.5114914178848267,0.8592883944511414,-0.0,1.0338767928773,0.9676061565079719,0.001078979881083575,926.8013403509816,16.300037384033203
3940.577032778569,244.6503448486328,261.9954376220703,8.30224609375,0.5013617873191833,0.8652377128601074,-0.0,1.045624362626563,0.8599805686685114,0.0015570716413264574,642.2312072603851,16.150039672851562
3950.6683737056082,249.63693237304688,270.76829528808594,8.38018798828125,0.4845335781574249,0.8747726678848267,-0.0,1.064966432412252,0.5870771998670921,0.0022879382755244537,437.07472823792614,16.150039672851562
3961.0916778259134,254.5692901611328,279.9506378173828,8.421432495117188,0.45999112725257874,0.887923538684845,-0.0,1.0928111333512145,0.1251010875909231,0.002478233307144778,403.513259674538,16.450035095214844
3971.8425012882803,259.4002380371094,289.5549011230469,8.404876708984375,0.43810003995895386,0.8989262580871582,-0.0,1.117312348309467,-0.4637976529805632,0.0022079837296113403,452.90188808412313,17.050025939941406
3982.905484208431,264.14048767089844,299.5505065917969,8.31829833984375,0.41674867272377014,0.9090217351913452,-0.0,1.1409306772436654,-0.9058670406066283,0.002073334444959496,482.3148539451076,17.95001220703125
3994.271454111328,268.76219177246094,309.93373107910156,8.200942993164062,0.39587369561195374,0.918304979801178,-0.0,1.1637772526137884,-0.8185025642606758,0.0021778448068653367,459.16954084498883,18.75
4005.907739058621,273.24034118652344,320.673583984375,8.131195068359375,0.370621919631958,0.9287838339805603,-0.0,1.1911177925491887,-0.4360848702781195,0.003137309878673944,318.74441437792336,19.24999237060547
4017.698657373656,277.3705596923828,331.7174072265625,8.099288940429688,0.3271400034427643,0.9449759125709534,-0.0,1.2375208819825934,-0.2014476109893859,0.0041782527653074775,239.33449127422764,19.499988555908203
4029.6293542396734,280.98609924316406,343.0870666503906,8.083602905273438,0.2768316864967346,0.9609184265136719,-0.0,1.2903009639478555,-0.09961147858604247,0.004490001838736352,222.71705801381944,19.69998550415039
4041.7016777757844,284.01654052734375,354.77284240722656,8.075469970703125,0.22357715666294098,0.9746862053871155,-0.0,1.3453133254762313,-0.03615699595612698,0.004623164768307542,216.30204635040127,19.799983978271484
4053.8391083135652,286.40045166015625,366.6738586425781,8.07489013671875,0.16776394844055176,0.9858272075653076,-0.0,1.4022352980035429,0.008657159708980178,0.004744206678776786,210.7833970373806,19.899982452392578
4065.988355149146,288.093505859375,378.7045593261719,8.07757568359375,0.1100374162197113,0.9939274191856384,-0.0,1.460535629163807,0.02973003715961431,0.004801496222064411,208.26841337595565,19.949981689453125
4078.156971261979,289.08457946777344,390.83274841308594,8.082122802734375,0.05177563056349754,0.9986587166786194,-0.0,1.5189975343154818,0.0689321350960892,0.004625380026321513,216.19845165355704,19.949981689453125
4090.343567351397,289.3890838623047,403.0155334472656,8.094375610351562,-0.002384972758591175,0.9999971389770508,-0.0,1.5731813018549619,0.1758444786114144,0.004382148137514752,228.19858403215235,19.949981689453125
4102.526415850741,289.0417022705078,415.1933898925781,8.124969482421875,-0.05496449023485184,0.9984883069992065,-0.0,1.6257885303691049,0.3465063305233551,0.004392877325767736,227.64123052883835,19.633996963500977
4114.70324821967,288.0417938232422,427.3289794921875,8.17877197265625,-0.10917511582374573,0.9940225481987,-0.0,1.680189492550484,0.5203619462029907,0.004416256547917108,226.43612053553412,18.63499641418457
4126.875138190316,286.3905334472656,439.38812255859375,8.251663208007812,-0.16180838644504547,0.9868221879005432,-0.0,1.733319242045013,0.703688486558457,0.004189352319317219,238.7003822497746,17.635995864868164
4139.039336747425,284.12620544433594,451.3393096923828,8.350006103515625,-0.20977839827537537,0.9777489304542542,-0.0,1.782144641876402,0.9388589603132935,0.003946530949832938,253.38709178052468,16.636995315551758
4151.192043152068,281.294921875,463.1568908691406,8.479934692382812,-0.25562283396720886,0.9667766094207764,-0.0,1.829288206879658,1.1873571285426099,0.00398833646827762,250.73110254207168,15.637994766235352
4163.332779193106,277.8992614746094,474.81201171875,8.638427734375,-0.3033783733844757,0.9528701901435852,-0.0,1.879032454351177,1.3698763882483256,0.00417291225141006,239.64079274901889,14.638995170593262
4175.464364397294,273.9214324951172,486.27159118652344,8.812423706054688,-0.3520652949810028,0.9359754323959351,-0.0,1.9305730902793878,1.4677866274218965,0.004158879488872308,240.4493812998541,13.639995574951172
4187.5885545175115,269.37420654296875,497.50927734375,8.99444580078125,-0.3977968692779541,0.9174734950065613,-0.0,1.9799106254408014,1.6113384652112428,0.004077379658993019,245.25555225018405,12.640995979309082
4199.703201047586,264.2850646972656,508.5011749267578,9.202972412109375,-0.44269996881484985,0.8966698050498962,-0.0,2.029403876532065,1.7220261985082363,0.004063352938296044,246.10217600722305,11.641996383666992
4211.806428512419,258.66148376464844,519.2165832519531,9.411483764648438,-0.4860118329524994,0.8739522099494934,-0.0,2.0783168983133966,1.7035320838947987,0.003923614529898478,254.86703456210174,10.642996788024902
4223.899818605613,252.53672790527344,529.6423187255859,9.61517333984375,-0.5257087349891663,0.8506646156311035,-0.0,2.124344391651571,1.686657217018106,0.0036313128351036783,275.38249812383594,9.643997192382812
4235.98032136839,245.96778869628906,539.7786865234375,9.8192138671875,-0.5607638359069824,0.8279758095741272,-0.0,2.166104365926963,1.7146765800667318,0.0035373803807834114,282.6950715937802,8.644997596740723
4248.045740209422,238.98983764648438,549.6193389892578,10.029190063476562,-0.5963600873947144,0.8027170300483704,-0.0,2.209755271820568,1.6978312742974844,0.0037022349481024286,270.10711476119246,7.645998001098633
4260.097764298985,231.578857421875,559.1213836669922,10.22869873046875,-0.632358729839325,0.774675726890564,-0.0,2.2553905466948385,1.504385076830539,0.003553713308768358,281.3958001430844,6.646997928619385
4272.137716232715,223.77072143554688,568.2847290039062,10.39166259765625,-0.6628214120864868,0.7487775087356567,-0.0,2.2953768658805545,1.028326186333528,0.002790362956990672,358.37631713634556,5.647997856140137
4284.157423120436,215.67742919921875,577.1709442138672,10.476242065429688,-0.6829187870025635,0.7304942607879639,-0.0,2.3225472004135606,0.1971347776895671,0.002234906343850873,447.44604298582914,4.648997783660889
4296.159823729066,207.3674774169922,585.8312530517578,10.439193725585938,-0.7020474672317505,0.7121301293373108,-0.0,2.349064910928389,-0.7229115303646338,0.002184609075398164,457.7478008589438,3.6499977111816406
4308.150723719719,198.82858276367188,594.2485198974609,10.302886962890625,-0.7202533483505249,0.6937111616134644,-0.0,2.3749637518467006,-1.4109456647105945,0.0020358233229293143,491.20176035763046,2.899998426437378
4320.1327235162735,190.10491943359375,602.4598083496094,10.100997924804688,-0.7359544634819031,0.6770310401916504,-0.0,2.397871706775707,-1.6424642613630691,0.0013920085872953514,718.3863728477298,2.349998950958252
4332.1029889172305,181.2393798828125,610.5005035400391,9.909469604492188,-0.7429864406585693,0.6693064570426941,-0.0,2.408317705092517,-1.826131897610772,0.0005254037983846438,1903.2980025544243,2.099999189376831
4344.028767393496,172.36593627929688,618.4645690917969,9.664825439453125,-0.7444170117378235,0.6677150130271912,-0.0,2.4104576184997404,-2.3520841376010795,0.00028739846655137513,3479.489685520785,1.8999992609024048
4355.975587187751,163.44766235351562,626.4075164794922,9.34783935546875,-0.7475640177726746,0.6641897559165955,-0.0,2.415183200583326,-2.364592876724597,0.0003277706145592141,3050.914131960243,1.699999451637268
4367.898501731275,154.5186309814453,634.3047943115234,9.100265502929688,-0.7496203780174255,0.6618680357933044,-0.0,2.4182846533872837,-2.070191167478902,0.0002698199744230467,3706.174838012974,1.4999996423721313
4379.80723419336,145.57484436035156,642.1639404296875,8.854476928710938,-0.7518192529678345,0.6593692302703857,-0.0,2.4216131801536283,-2.002763575513594,0.00026811454921193967,3729.7491051465404,1.399999737739563
4391.700416305638,136.61795043945312,649.9849700927734,8.623550415039062,-0.7538291215896606,0.657070517539978,-0.0,2.424666646942135,-1.8749714445471022,0.00017764595982761033,5629.173897173971,1.3499997854232788
4403.575866827554,127.65774536132812,657.7756652832031,8.408798217773438,-0.7545984983444214,0.6561867594718933,-0.0,2.4258383845804334,-1.8448242938151171,5.881001220359172e-05,17003.907371046706,1.2999998331069946
4415.432689745829,118.70703125,665.5486450195312,8.185745239257812,-0.7547464370727539,0.6560166478157043,-0.0,2.4260638260192593,-1.7960342667341644,0.00015839170735937325,6313.461838826642,1.2999998331069946
4427.273441323321,109.75752258300781,673.2990417480469,7.983154296875,-0.7570532560348511,0.6533531546592712,-0.0,2.429587406916664,-1.377049679590936,0.0002858089753144666,3498.8404366928353,1.2999998331069946
4439.104113014537,100.78408813476562,681.0079345703125,7.859710693359375,-0.7591675519943237,0.6508952379226685,-0.0,2.432829568465191,-0.6474216344049655,7.483156601104102e-05,13363.344552383884,1.2999998331069946
4450.896145842166,91.83633422851562,688.6883544921875,7.8299102783203125,-0.7582170367240906,0.652002215385437,-0.0,2.4313705006748996,-0.45503099536829406,-0.00015672601441676925,6380.561668216599,1.3499997854232788
4462.643794499732,82.93739318847656,696.3571319580078,7.752777099609375,-0.7567629814147949,0.6536893844604492,-0.0,2.4291432111972506,-0.7095552265841576,-0.00013736302595421246,7279.979405326528,1.3499997854232788
4474.446352951777,74.00955200195312,704.0763244628906,7.662750244140625,-0.7561076879501343,0.6544472575187683,-0.0,2.428141322408025,-0.5629279736779402,-0.00018022584663474062,5548.5937154545645,1.3499997854232788
4486.24507118011,65.09858703613281,711.8095397949219,7.619903564453125,-0.7539761066436768,0.6569018363952637,-0.0,2.424890383248482,-0.18409213249028777,-0.00030738871220620245,3253.209894477778,1.3499997854232788
4498.008174509152,56.24519348144531,719.5547332763672,7.6192474365234375,-0.7513494491577148,0.6599045395851135,-0.0,2.4209009500559255,0.003008954828731536,-0.00010594922216078384,9438.483639666974,1.2499998807907104
4509.741573600433,47.425262451171875,727.2930450439453,7.62060546875,-0.7523293495178223,0.658787190914154,-0.0,2.422387110600601,0.003365431812224484,0.0002686205432901878,3722.72346616361,1.149999976158142
4521.446596847906,38.60150146484375,734.9838714599609,7.6200408935546875,-0.7554840445518494,0.6551670432090759,-0.0,2.4271889450795587,-0.0027355179443633304,0.0004346578820394742,2300.6599933443363,1.100000023841858
4533.117933472903,29.763031005859375,742.6063079833984,7.619964599609375,-0.7589830756187439,0.6511103510856628,-0.0,2.4325461867309963,0.014041249254931332,0.0005154818738297429,1939.9324220084745,1.100000023841858
4544.761105819729,20.90118408203125,750.158203125,7.6233062744140625,-0.7633011937141418,0.6460428237915039,-0.0,2.439203974621154,0.10581415733116328,0.0005041984051987747,1983.3462178559669,1.1999999284744263
4556.370077686843,12.021774291992188,757.6364288330078,7.6445159912109375,-0.7665671110153198,0.6421641707420349,-0.0,2.4442744992857497,0.2588272412971271,0.00040178311206787165,2488.9050086084103,1.2999998331069946
4567.94434580955,3.1348419189453125,765.0515899658203,7.683258056640625,-0.7692871689796448,0.6389031410217285,-0.0,2.44852103409637,0.4016871866969529,0.00032224867577479444,3103.1935122639775,1.4999996423721313
4579.482004217114,-5.7511444091796875,772.4105224609375,7.7373046875,-0.7713305950164795,0.6364346742630005,-0.0,2.4517255507734825,0.526290918518213,0.00023675089354058265,4223.84889469735,1.7499994039535522
4590.981842174136,-14.627685546875,779.7213897705078,7.8044586181640625,-0.7727623581886292,0.6346954703330994,-0.0,2.4539782776273764,0.6329718765376358,0.00020153739020298267,4961.858437249925,1.9999991655349731
4602.442370311165,-23.49029541015625,786.9871826171875,7.882598876953125,-0.7742670774459839,0.6328589916229248,-0.0,2.4563524799582956,0.7211758033933702,0.00022306694098322977,4482.95922108503,2.2999989986419678
4613.862500133236,-32.339630126953125,794.2052917480469,7.9694366455078125,-0.775990903377533,0.6307440996170044,-0.0,2.4590809133207143,0.7915176884843944,0.000133197751509051,7507.634240597886,2.599998712539673
4625.241686762874,-41.16947937011719,801.3824005126953,8.063034057617188,-0.7761908173561096,0.6304980516433716,-0.0,2.4593979388810414,0.8491637445312117,8.95555021784844e-06,111662.59757072176,2.899998426437378
4636.579923721067,-49.965667724609375,808.5359191894531,8.162322998046875,-0.7761201858520508,0.6305850148200989,-0.0,2.4592859058348746,0.889879128022697,0.00020797515902998276,4808.266548101713,3.249998092651367
4647.877080471162,-58.74566650390625,815.6441497802734,8.264450073242188,-0.7791391611099243,0.6268510222434998,-0.0,2.4640876717607796,0.8956159935497476,0.0005538907066937326,1805.4103235802045,3.5999977588653564
4659.132998145921,-67.53875732421875,822.6703338623047,8.36431884765625,-0.7839300632476807,0.6208491325378418,-0.0,2.4717672363586045,0.8562783199176305,0.0007643607852867995,1308.2827105328083,3.99999737739563
4670.348620755654,-76.35966491699219,829.5966033935547,8.456893920898438,-0.7897866368293762,0.6133816242218018,-0.0,2.481257431999961,0.769268585713212,0.0008760755549267474,1141.4540610982058,4.549999237060547
4681.523229868639,-85.21957397460938,836.4059753417969,8.536605834960938,-0.7959553003311157,0.605355441570282,-0.0,2.4913803215299137,0.6975159220612259,0.000980220805083365,1020.1783055553008,5.150001525878906
4692.658050885788,-94.1214599609375,843.0943908691406,8.612518310546875,-0.8030067682266235,0.5959699153900146,-0.0,2.5031196945828267,0.6089509785989045,0.0011860296384381686,843.1492498929935,5.950004577636719
4703.752007352174,-103.07415771484375,849.6458435058594,8.672027587890625,-0.811630129814148,0.5841716527938843,-0.0,2.517733563558735,0.40524766476286445,0.0015467081748309908,646.5343729816843,6.8000078201293945
4714.806218782847,-112.10403442382812,856.0220489501953,8.702377319335938,-0.8229373097419739,0.568132221698761,-0.0,2.5373582424903645,0.09201459714202609,0.0019292191382337398,518.3444328234951,7.799007892608643
4725.822328856801,-121.23721313476562,862.1815643310547,8.692474365234375,-0.8357537388801575,0.5491044521331787,-0.0,2.56030034229554,-0.3142010537869444,0.002030405244784622,492.51251816288345,8.798007011413574
4736.80087450775,-130.47579956054688,868.1122894287109,8.633438110351562,-0.8474821448326111,0.5308238863945007,-0.0,2.5820202211299277,-0.7688315718976046,0.002160453284015179,462.86582885120794,9.797006607055664
4747.746762454761,-139.81954956054688,873.8127136230469,8.524063110351562,-0.860809862613678,0.5089266896247864,-0.0,2.607655183212961,-1.030190181449292,0.0025446198462536485,392.98600986401317,10.796006202697754
4758.661724397676,-149.29408264160156,879.2308502197266,8.408248901367188,-0.8756784200668335,0.4828947186470032,-0.0,2.6376352571406336,-1.0240498080416882,0.0028514290273636,350.701346729499,11.795005798339844
4769.543721856531,-158.9016876220703,884.3396911621094,8.300827026367188,-0.8907553553581238,0.45448315143585205,-0.0,2.6698007713953364,-0.9359291839702466,0.003067854543913673,325.96069523045134,12.794005393981934
4780.392052207497,-168.64785766601562,889.1030120849609,8.204833984375,-0.9058986306190491,0.4234945774078369,-0.0,2.704293211746685,-0.8055583892673746,0.0031429296252338534,318.1744802591925,13.793004989624023
4791.206586823053,-178.5181427001953,893.5217742919922,8.126266479492188,-0.9196120500564575,0.3928277790546417,-0.0,2.7378881005436506,-0.6718002832459768,0.0031636832572120577,316.08726876192816,14.792004585266113
4801.986803524546,-188.5009765625,897.5901489257812,8.059722900390625,-0.932694137096405,0.3606683909893036,-0.0,2.7726082434054833,-0.5468021419885616,0.003401514885603779,293.9866599532746,15.791004180908203
4812.732338547661,-198.59344482421875,901.2787780761719,8.008514404296875,-0.945881187915802,0.3245130777359009,-0.0,2.8110957456263166,-0.42950473703873837,0.0037781668552289704,264.67862281307225,16.79000473022461
4823.4446263247755,-208.79547119140625,904.5452880859375,7.967529296875,-0.9588348269462585,0.2839644253253937,-0.0,2.853666435896992,-0.35403239017025023,0.00410717293540927,243.47647779295477,17.789005279541016
4834.126592456429,-219.1022186279297,907.3513793945312,7.9327545166015625,-0.9707082509994507,0.24026134610176086,-0.0,2.8989575819699542,-0.2986679843679396,0.004332341060964778,230.82208577948566,18.788005828857422
4844.779469346318,-229.49880981445312,909.6738433837891,7.9037933349609375,-0.9809502959251404,0.19425876438617706,-0.0,2.946090885277486,-0.24160054871341652,0.004444797760057184,224.98211481890564,19.787006378173828
4855.403256409253,-239.96539306640625,911.4945526123047,7.8813323974609375,-0.989058256149292,0.147525355219841,-0.0,2.9935268690331047,-0.18575457366331039,0.004496172969557871,222.4113722427219,19.999980926513672
4865.997577303026,-250.47747802734375,912.8119049072266,7.8643646240234375,-0.9949938654899597,0.09993621706962585,-0.0,3.0414893384797583,-0.14021325530248485,0.00450787114342846,221.8342024833146,20.149978637695312
4876.561075494458,-261.00999450683594,913.6202545166016,7.851654052734375,-0.9986123442649841,0.05266350135207176,-0.0,3.0889047801330247,-0.08524836460219731,0.004473477109204649,223.5397601437135,20.249977111816406
4887.091374307675,-271.53564453125,913.9330749511719,7.8463592529296875,-0.999983549118042,0.005739662330597639,-0.0,3.135852959865616,0.0016299275711451067,0.004443893718283853,225.0278839670767,20.299976348876953
4897.585485159797,-282.0282440185547,913.7550659179688,7.851959228515625,-0.9991701245307922,-0.04073214530944824,-0.0,-3.1008492376196295,0.11676785790959432,0.004467306839164659,223.84851455311943,20.299976348876953
4908.041200238486,-292.4624328613281,913.0847473144531,7.8707733154296875,-0.9961439371109009,-0.08773376047611237,-0.0,-3.053745948637324,0.2250622930831725,0.004547370366531828,219.90731332549814,20.249977111816406
4918.4515444923745,-302.8081359863281,911.9267730712891,7.8988800048828125,-0.9908169507980347,-0.13520987331867218,-0.0,-3.0059673716260265,0.3016823412036185,0.004493895577800777,222.52408465827773,20.099979400634766
4928.805563895978,-313.03172302246094,910.2888488769531,7.933380126953125,-0.9836335182189941,-0.1801808774471283,-0.0,-2.960422322686697,0.39371927658818917,0.004593872736638721,217.68125878290817,19.949981689453125
4939.191435173625,-323.1985168457031,908.1674346923828,7.9805755615234375,-0.9734575748443604,-0.22886750102043152,-0.0,-2.9106785059818585,0.4837768278133536,0.0046752388475579665,213.8928154488478,19.69998550415039
4949.53612196848,-333.21327209472656,905.5762176513672,8.033645629882812,-0.9615787863731384,-0.27452918887138367,-0.0,-2.8634926139105947,0.5038626439073046,0.004733497508654122,211.26027808649476,19.449989318847656
4959.837232820382,-343.04454040527344,902.5010833740234,8.084609985351562,-0.9464867115020752,-0.32274287939071655,-0.0,-2.8129666443347707,0.49806443764439656,0.00488376546329683,204.76003762165536,19.199993133544922
4970.093590132847,-352.6675109863281,898.9530334472656,8.136032104492188,-0.9292200803756714,-0.36952686309814453,-0.0,-2.763092872853434,0.5099337086378664,0.0047697017222307625,209.65671612947438,18.949996948242188
4980.303196767817,-362.0623779296875,894.9568176269531,8.18896484375,-0.9105221033096313,-0.413460373878479,-0.0,-2.7153414235380073,0.5533528857931569,0.004589220378559633,217.90193486281404,18.650001525878906
4990.463981163948,-371.2172546386719,890.5493011474609,8.24871826171875,-0.8906641006469727,-0.45466187596321106,-0.0,-2.669600097835371,0.6664296259902558,0.0040968228972116105,244.09158635600832,18.350006103515625
5000.568248215865,-380.1252136230469,885.7807769775391,8.323928833007812,-0.8730766773223877,-0.4875829815864563,-0.0,-2.632273453077703,0.8465224937161064,0.0038298477718477497,261.10698376858454,18.000011444091797
5010.615522562965,-388.79591369628906,880.7055816650391,8.419189453125,-0.8529661893844604,-0.5219662189483643,-0.0,-2.592438186228477,1.0317770359509648,0.003994376127371385,250.35198692169206,17.500019073486328
5020.598326196153,-397.2102508544922,875.3350219726562,8.530487060546875,-0.831317126750946,-0.5557984113693237,-0.0,-2.5522695912462434,1.1585776843630713,0.004086931696069274,244.68233735390766,16.900028228759766
5030.517928079729,-405.34368896484375,869.6577453613281,8.64971923828125,-0.8077409267425537,-0.5895376205444336,-0.0,-2.51110637175426,1.3153822845798635,0.004256971227344891,234.90879937746453,16.250038146972656
5040.371834817519,-413.1834411621094,863.6896667480469,8.790435791015625,-0.7816532254219055,-0.6237132549285889,-0.0,-2.4681083837198785,1.4191310888791941,0.004657281236593813,214.71754639652556,15.550041198730469
5050.160314621224,-420.6834716796875,857.4011993408203,8.928482055664062,-0.7505329847335815,-0.6608330011367798,-0.0,-2.419664562093458,1.3693184529400992,0.0050510124344061436,197.98011051967876,14.850038528442383
5059.880898413148,-427.8255310058594,850.8084716796875,9.057632446289062,-0.7165092825889587,-0.6975775361061096,-0.0,-2.369581656567393,1.2336994888779929,0.005028012842474519,198.88572908016945,14.150035858154297
5069.534982498669,-434.57630920410156,843.9080200195312,9.167633056640625,-0.6826885342597961,-0.7307094931602478,-0.0,-2.32223201586004,1.06499712148303,0.005084560669438104,196.6738259237863,13.500033378601074
5079.125374523692,-440.9418640136719,836.7354125976562,9.262680053710938,-0.6449504494667053,-0.7642243504524231,-0.0,-2.2717547958514004,0.9059179920586191,0.005123375907580746,195.18380420229582,12.850030899047852
5088.645968678726,-446.90589904785156,829.3147735595703,9.34088134765625,-0.607971727848053,-0.7939586639404297,-0.0,-2.2242997863762417,0.7402766820536644,0.0050983234305975456,196.14291121636347,12.250028610229492
5098.0959206643665,-452.4659881591797,821.6738891601562,9.403228759765625,-0.5681504011154175,-0.8229247331619263,-0.0,-2.175052843574575,0.551769810992242,0.005265539018767876,189.9140802937204,11.700026512145996
5107.476265302751,-457.5938415527344,813.8193206787109,9.444931030273438,-0.5263986587524414,-0.8502378463745117,-0.0,-2.125155641837732,0.3638364649564019,0.005401714695459678,185.12640085203566,11.1500244140625
5116.786160447795,-462.3006286621094,805.7869110107422,9.471343994140625,-0.48232659697532654,-0.8759914636611938,-0.0,-2.074105064210737,0.2499759585802952,0.005012103806824125,199.51701691382985,10.70002269744873
5126.017813727606,-466.5847473144531,797.6095428466797,9.4913330078125,-0.4451606869697571,-0.8954507112503052,-0.0,-2.032150024418127,0.16119845495173868,0.004615395997504587,216.6661323406857,10.250020980834961
5135.174077195296,-470.4740905761719,789.3203887939453,9.501068115234375,-0.4063463509082794,-0.913719117641449,-0.0,-1.9892481637351178,0.07133313533851382,0.004781230001633427,209.15120160677625,9.850019454956055
5144.247960601572,-473.9839172363281,780.9528045654297,9.50439453125,-0.36553439497947693,-0.930797815322876,-0.0,-1.9450031974120578,-0.01861595141469108,0.0046310421796924295,215.93411616614017,9.400017738342285
5153.233997041036,-477.1007080078125,772.5246124267578,9.497802734375,-0.32855454087257385,-0.9444850087165833,-0.0,-1.905569070197569,-0.12095991667141481,0.004648373013679305,215.12903483803566,9.000016212463379
5162.137367379638,-479.8385009765625,764.0526428222656,9.482833862304688,-0.2869994342327118,-0.9579307436943054,-0.0,-1.861889349494141,-0.2286346390896643,0.004917120886600984,203.37104233596776,8.600014686584473
5170.952756002908,-482.1830139160156,755.5547790527344,9.4573974609375,-0.24512577056884766,-0.9694913029670715,-0.0,-1.8184457418341442,-0.3609920940573552,0.00510594957926816,195.84995591423973,8.150012969970703
5179.68331508392,-484.1271514892578,747.0435180664062,9.41961669921875,-0.20017282664775848,-0.9797605872154236,-0.0,-1.77233064440885,-0.5017733534975477,0.005034151108556567,198.64322274718688,7.80001163482666
5188.344770012171,-485.6826477050781,738.5230255126953,9.370223999023438,-0.15937869250774384,-0.9872175455093384,-0.0,-1.7308575915371236,-0.6061797414273706,0.004545663795464588,219.98987276572117,7.450010299682617
5197.017921381576,-486.89892578125,729.9357604980469,9.314529418945312,-0.12243473529815674,-0.9924765825271606,-0.0,-1.6935390303462419,-0.6322711455999164,0.003961298012096354,252.4425067102667,7.1500091552734375
5205.624555478089,-487.8154602050781,721.3782348632812,9.260955810546875,-0.09143773466348648,-0.9958108067512512,-0.0,-1.662361958569182,-0.6070136481973076,0.0036532174459272537,273.73131076958975,6.750007629394531
5214.13149302617,-488.45664978027344,712.8956451416016,9.210617065429688,-0.06019279733300209,-0.9981867671012878,-0.0,-1.6310255318253473,-0.6703212814812787,0.0033252252299613566,300.7315086477981,6.300005912780762
5222.529086589479,-488.8526611328125,704.5076293945312,9.147811889648438,-0.03526906669139862,-0.9993778467178345,-0.0,-1.6060727097083358,-0.8908995120913699,0.0026518658401908923,377.0929829270759,5.9000043869018555
5230.818854115438,-489.058349609375,696.2208557128906,9.062255859375,-0.015907419845461845,-0.9998734593391418,-0.0,-1.5867044177551577,-1.13042689312145,0.0023046496797734656,433.9054255301372,5.650003433227539
5238.994996599566,-489.11146545410156,688.0455017089844,8.961898803710938,0.0026789361145347357,-0.9999964237213135,-0.0,-1.5681173875083858,-1.3186101867448952,0.0027907553250643563,358.325930983197,5.600003242492676
5247.05711960925,-488.9841613769531,679.9851837158203,8.848342895507812,0.02928757481276989,-0.9995710253715515,-0.0,-1.541504563356649,-1.495214392431632,0.0034516323137145505,289.7179969102294,5.700003623962402
5255.002828887902,-488.6374816894531,672.0480346679688,8.722747802734375,0.057864923030138016,-0.9983243942260742,-0.0,-1.5128990614337803,-1.642711292890553,0.0037188056331680236,268.90354017994406,6.050004959106445
5262.831730221796,-488.0657043457031,664.2411804199219,8.58935546875,0.08781369775533676,-0.9961369037628174,-0.0,-1.4828693757415172,-1.734773315927518,0.0036592382959128728,273.2809178120304,6.650007247924805
5270.5396826595015,-487.2826843261719,656.5743103027344,8.453292846679688,0.11454074084758759,-0.9934185743331909,-0.0,-1.4560036438357107,-1.755591188378658,0.00307325931557334,325.38744613337076,7.400010108947754
5278.124894978414,-486.33221435546875,649.050048828125,8.320846557617188,0.13461725413799286,-0.9908976554870605,-0.0,-1.4357691340944863,-1.698805327168318,0.002131638299841365,469.12274004197576,8.399009704589844
5285.58112074922,-485.28013610839844,641.6694488525391,8.197647094726562,0.14646391570568085,-0.9892160296440125,-0.0,-1.423803643551831,-1.5815361940359374,0.0013193650993684192,757.9403157463394,9.398009300231934
5292.906708780245,-484.17523193359375,634.4285125732422,8.086883544921875,0.1539885550737381,-0.9880726337432861,-0.0,-1.4161926100883808,-1.4192106330124576,0.0007261988019608978,1377.0333926464464,10.397008895874023
5300.096463429574,-483.0527648925781,627.3275604248047,7.99139404296875,0.15696607530117035,-0.987604022026062,-0.0,-1.413178438516995,-1.2363728190364687,0.0002592098650138902,3857.877862582172,11.396008491516113
5307.145479685264,-481.939697265625,620.3674468994141,7.91058349609375,0.15767835080623627,-0.9874905347824097,-0.0,-1.412457178679496,-1.0629595442735673,4.190379300347824e-05,23864.188139651094,12.395008087158203
5314.028001187765,-480.8523254394531,613.5717010498047,7.8430328369140625,0.1575622260570526,-0.9875090718269348,-0.0,-1.412574773658661,-0.9088384567131458,-9.241057682830844e-05,10821.272134876088,13.394007682800293
5320.865217587591,-479.7749481201172,606.8201446533203,7.78582763671875,0.15643295645713806,-0.9876886010169983,-0.0,-1.4137182248642606,-0.7692010710801278,-0.00045856443562068694,2180.718612961026,14.393007278442383
5327.579179315438,-478.737548828125,600.1869812011719,7.7386322021484375,0.151493102312088,-0.9884583353996277,-0.0,-1.4187176949375964,-0.6377816555519944,-0.0011862688442514369,842.9792326131799,15.392006874084473
5334.126614138869,-477.7777404785156,593.7103881835938,7.7010345458984375,0.14102014899253845,-0.9900067448616028,-0.0,-1.4293045436454959,-0.49919547788899177,-0.0019046635541573598,525.0271092851403,16.391006469726562
5340.5001159359745,-476.9187469482422,587.3950958251953,7.6738739013671875,0.12722164392471313,-0.9918743371963501,-0.0,-1.4432289742538946,-0.3731135979579303,-0.002902695220012033,344.50740577436665,17.39000701904297
5346.692111321204,-476.1931915283203,581.2457885742188,7.653961181640625,0.10508054494857788,-0.9944637417793274,-0.0,-1.4655214356368929,-0.27687440838118915,-0.004674122387778257,213.94390583669087,17.132999420166016
5352.697368006657,-475.6575927734375,575.2644805908203,7.6399383544921875,0.07089142501354218,-0.997484028339386,-0.0,-1.4998453878266402,-0.1892641310833887,-0.006622034177377001,151.01099952282362,16.13399887084961
5358.512400692432,-475.36444091796875,569.4568481445312,7.6314239501953125,0.027336494997143745,-0.9996262788772583,-0.0,-1.543456425710368,-0.10482104764414357,-0.008173432898057359,122.34761237688481,15.134997367858887
5364.132936667173,-475.3442840576172,563.8363494873047,7.6277923583984375,-0.022257383912801743,-0.9997522830963135,-0.0,-1.593055548594512,-0.058106750014941255,-0.008944745221870026,111.79748278967031,14.135997772216797
5369.549169315151,-475.6004333496094,558.4261779785156,7.6249847412109375,-0.07127251476049423,-0.9974569082260132,-0.0,-1.642129319284991,-0.04703251527918839,-0.007973130283397356,125.42125419451936,13.136998176574707
5374.72653534674,-476.05543518066406,553.2688446044922,7.6227874755859375,-0.10702599585056305,-0.9942561984062195,-0.0,-1.6780277083489203,-0.021714099167513545,-0.007257455407099961,137.7893412919494,12.137998580932617
5379.853408055497,-476.70021057128906,548.1826782226562,7.6227264404296875,-0.1455639898777008,-0.989348828792572,-0.0,-1.7168793385801735,-0.013002069552026096,-0.00814252817552863,122.81197908597694,11.138998985290527
5384.8385099232055,-477.5290832519531,543.2669677734375,7.6215057373046875,-0.18828004598617554,-0.9821153879165649,-0.0,-1.760206902409138,-0.027037235243765334,-0.009587939029263276,104.29770120021702,10.139999389648438
5389.6014167363255,-478.5333709716797,538.6111450195312,7.6201019287109375,-0.2368835061788559,-0.9715380668640137,-0.0,-1.8099531216996594,-0.014601565503047365,-0.012354128768145484,80.944599070268,9.140999794006348
5394.170700330635,-479.75201416015625,534.2073669433594,7.620086669921875,-0.2993174195289612,-0.9541535973548889,-0.0,-1.8747735217002082,1.3989020442028988e-05,-0.014743331646338287,67.82727432224344,8.142000198364258
5398.556270289315,-481.1997375488281,530.0676422119141,7.6201019287109375,-0.362529456615448,-0.931972324848175,-0.0,-1.9417768781025506,-0.008860723610681909,-0.015344935721056496,65.16808008702105,7.143000602722168
5402.775608256828,-482.85154724121094,526.1850738525391,7.619354248046875,-0.42231449484825134,-0.9064493775367737,-0.0,-2.0067934947571993,-0.0166777672288676,-0.01740384554176047,57.45856555670431,6.14400053024292
5406.8661693235945,-484.71546936035156,522.5438537597656,7.61871337890625,-0.49262088537216187,-0.870244026184082,-0.0,-2.085895188125238,-0.004066228360977142,-0.021607477376786977,46.28027522890317,5.145000457763672
5410.859759561722,-486.83860778808594,519.1613922119141,7.6190032958984375,-0.573064386844635,-0.8195103406906128,-0.0,-2.1810366081759427,0.012247248563768132,-0.024938912693632243,40.09797910136372,4.146000385284424
5414.776945510347,-489.23863220214844,516.0655517578125,7.6196746826171875,-0.6535128355026245,-0.7569153904914856,-0.0,-2.2830125352689676,0.013893041181223253,-0.02618664032371193,38.18741112408004,3.1470000743865967
5418.626289780192,-491.8938446044922,513.278564453125,7.620086669921875,-0.7267639636993408,-0.6868873238563538,-0.0,-2.384395269655689,0.005117609930915812,-0.02717000009474463,36.80529983485077,2.1480000019073486
5422.429868836846,-494.7875518798828,510.8100280761719,7.6200714111328125,-0.7956442832946777,-0.6057641506195068,-0.0,-2.4908667315390627,-0.000605754196913999,-0.029883218493125308,33.46359764528215,1.1489999294281006
5426.203416342155,-497.9215393066406,508.7081756591797,7.6200408935546875,-0.8623610734939575,-0.506293773651123,-0.0,-2.6107110806229983,0.036216853871429144,-0.03046409892030527,32.825523663641626,0.15000000596046448
5429.975152396145,-501.2729949951172,506.9779357910156,7.622802734375,-0.9127375483512878,-0.40854644775390625,-0.0,-2.720731686689493,0.0014887615977343671,-0.029897562205066508,33.447543085320106,1.0500000715255737
5433.8146239400285,-504.8572082519531,505.6013641357422,7.62005615234375,-0.9543783068656921,-0.29860013723373413,-0.0,-2.838367115708657,-0.03592526469651247,-0.02998226793196257,33.3530472834562,1.0500000715255737
5437.730088525196,-508.65394592285156,504.64447021484375,7.6200714111328125,-0.982295572757721,-0.18733765184879303,-0.0,-2.9531415431172454,-0.00018379700426063295,-0.027727060895117117,36.06584930810699,2.0490002632141113
5441.710150516704,-512.5966186523438,504.10020446777344,7.6200408935546875,-0.9964309334754944,-0.08441182225942612,-0.0,-3.057080262838146,5.3071186334463505e-06,-0.025346374030156382,39.45337501964695,2.8499984741210938
5445.662853975511,-516.5465545654297,503.9523162841797,7.6200714111328125,-0.9999198913574219,0.012657295912504196,-0.0,3.1289350196644645,0.0001841488482701159,-0.024124224611323575,41.452109492075195,3.0999982357025146
5449.544096747674,-520.4214019775391,504.17503356933594,7.62005615234375,-0.9945406317710876,0.10435017943382263,-0.0,3.037052164132295,-0.0006016665456964887,-0.023024769450236404,43.431488083357664,3.0999982357025146
5453.333811326751,-524.1709594726562,504.7252655029297,7.620025634765625,-0.9821179509162903,0.18826673924922943,-0.0,2.9521956292880676,2.17214598530191e-05,-0.0224267216756337,44.58966470728021,2.7499985694885254
5457.0239870833875,-527.7643127441406,505.5650329589844,7.62005615234375,-0.963159441947937,0.26893097162246704,-0.0,2.869309709711806,-0.0841450985558323,-0.022495004879580893,44.45431353996804,2.949998378753662
5460.611159934661,-531.1796112060547,506.6620788574219,7.61407470703125,-0.9383072257041931,0.3458027243614197,-0.0,2.7884984957325734,-0.31821842342012463,-0.02394164092375778,41.7682314752152,3.94899845123291
5464.106394859286,-534.4058990478516,508.0065002441406,7.5977935791015625,-0.9040729403495789,0.42737817764282227,-0.0,2.7000018804563664,-0.5400763552750876,-0.027330010060567456,36.58981455856943,4.947998523712158
5467.5500552075155,-537.4448547363281,509.6260986328125,7.5766754150390625,-0.856406033039093,0.5163029432296753,-0.0,2.599064299357076,-0.6417866576563513,-0.029908309739510974,33.435523729344354,5.946998596191406
5471.002849633839,-540.3071594238281,511.55702209472656,7.55352783203125,-0.7973752617835999,0.6034837961196899,-0.0,2.493729651139899,-0.6766086554642836,-0.028856575395123207,34.65414680388585,6.945998668670654
5474.515224602319,-543.0047760009766,513.8062591552734,7.529541015625,-0.7362252473831177,0.67673659324646,-0.0,2.3982717354296086,-0.6896047468021305,-0.02491345057148797,40.13896016252534,7.944998741149902
5478.108413635325,-545.5499267578125,516.3425140380859,7.5045166015625,-0.6789116859436035,0.7342199087142944,-0.0,2.3170756935136274,-0.7030382496509446,-0.02009178571949688,49.77158396775103,8.943998336791992
5481.782383243912,-547.9559936523438,519.1188812255859,7.4784393310546875,-0.6302495002746582,0.7763926386833191,-0.0,2.252670870244962,-0.7141507276218317,-0.014792070173349825,67.60378961706475,9.942997932434082
5485.538610504009,-550.2554931640625,522.0888671875,7.451446533203125,-0.5946472883224487,0.8039867281913757,-0.0,2.2076231799688104,-0.7238233350632783,-0.010444658099087123,95.74272230963705,10.941997528076172
5489.384922757099,-552.4911193847656,525.2186126708984,7.42340087890625,-0.5669107437133789,0.8237792253494263,-0.0,2.173547218188499,-0.7022635982066316,-0.007847376767376624,127.43111865830545,11.940997123718262
5493.444866770625,-554.7407989501953,528.5981597900391,7.3960418701171875,-0.5440260171890259,0.8390683531761169,-0.0,2.1460242105186746,-0.6074723345679267,-0.004336129312784487,230.62042846638272,12.300028800964355
5497.880538092577,-557.1388854980469,532.3296203613281,7.372314453125,-0.5378068685531616,0.8430680632591248,-0.0,2.138629905971511,-0.43693056692776233,-0.0015580913839662314,641.8108785470782,12.400029182434082
5502.660971532543,-559.6961059570312,536.3685455322266,7.356475830078125,-0.5319877862930298,0.8467520475387573,-0.0,2.131742697139352,-0.21233411364306454,-0.0017359843616445714,576.0420555013858,12.450029373168945
5507.811210155839,-562.411376953125,540.744873046875,7.352142333984375,-0.5230002999305725,0.8523325324058533,-0.0,2.1211635780368447,-0.01724047822972974,-0.0013897476142603615,719.5551118338927,12.550029754638672
5513.414812374563,-565.3328552246094,545.5266418457031,7.355255126953125,-0.5198113918304443,0.8542810678482056,-0.0,2.117426474760523,0.0326352408167252,-0.00036939760619564277,2707.1101253167662,12.650030136108398
5519.492154589564,-568.4908752441406,550.7190399169922,7.3557281494140625,-0.5195687413215637,0.8544286489486694,-0.0,2.1171424686863314,-0.002492915014018493,-0.00019309926416205547,5178.683638901731,12.650030136108398
5526.027033376725,-571.87890625,556.3070526123047,7.3548431396484375,-0.5176104307174683,0.8556164503097534,-0.0,2.1148520856120383,0.15971091552735572,-0.0002923422064183834,3420.6487398841664,12.700030326843262
5533.000980136691,-575.481689453125,562.2782592773438,7.378875732421875,-0.5162355899810791,0.8564466238021851,-0.0,2.1132460421696764,0.5226413683455833,5.341201158448605e-05,18722.38042220559,12.750030517578125
5540.418259711141,-579.3162994384766,568.627197265625,7.4316864013671875,-0.5184898972511292,0.8550837635993958,-0.0,2.115880295981129,0.8885515434997937,0.000275094414051269,3635.115614574534,12.800030708312988
5548.2785098041395,-583.3968353271484,575.3447570800781,7.5162353515625,-0.5197680592536926,0.8543074131011963,-0.0,2.1173757619983786,1.251087368224224,-0.000328406495271355,3045.006765696647,12.738997459411621
5556.509809426466,-587.6542205810547,582.3885498046875,7.63433837890625,-0.5136259198188782,0.8580142259597778,-0.0,2.11020174224493,1.6121029218133909,-0.0018770917873676685,532.738999088769,11.739997863769531
5565.032010073317,-591.9439849853516,589.7507781982422,7.7873687744140625,-0.49213117361068726,0.870521068572998,-0.0,2.085332542500607,1.971207830784355,-0.0033803521266058956,295.8271690482341,10.740998268127441
5573.782521094742,-596.1210327148438,597.4376678466797,7.9756317138671875,-0.462491899728775,0.8866235017776489,-0.0,2.051600024104331,2.313354762359138,-0.0038384057462537147,260.5248288240503,9.741998672485352
5582.698926461805,-600.1086578369141,605.4096374511719,8.196609497070312,-0.43201780319213867,0.9018650650978088,-0.0,2.0175252802381602,2.63267638736035,-0.003796282919492161,263.4155623295254,8.742999076843262
5591.696296090007,-603.8591613769531,613.5841979980469,8.447494506835938,-0.4011775851249695,0.9160003066062927,-0.0,1.98359838075402,2.8895350941067877,-0.0038440102512176666,260.14498782442894,7.74399995803833
5600.624859653869,-607.2985992431641,621.8193817138672,8.714447021484375,-0.36890581250190735,0.9294667840003967,-0.0,1.948627851200516,3.015440640789402,-0.004135503958253711,241.80849785046934,6.744999885559082
5609.449298801388,-610.3976287841797,630.077392578125,8.982772827148438,-0.3329494297504425,0.9429447054862976,-0.0,1.9102260671755313,2.9995557692196417,-0.004497727689657227,222.3344917700454,5.745999813079834
5618.167592236842,-613.1350708007812,638.3507537841797,9.240737915039062,-0.2945263981819153,0.955643355846405,-0.0,1.869756219798874,2.9006110356086134,-0.004535582891537215,220.47882795083842,4.746999740600586
5626.770829986928,-615.5131988525391,646.6151580810547,9.485336303710938,-0.2578943371772766,0.9661731123924255,-0.0,1.8316385128146928,2.9291989636696547,-0.004233314562597956,236.221519854718,3.747999668121338
5635.248102859777,-617.5610809326172,654.8373870849609,9.7408447265625,-0.22466903924942017,0.9744351506233215,-0.0,1.7973997013621574,3.155690123575261,-0.004292985302198682,232.93813735813237,2.74899959564209
5643.697899146343,-619.3056488037109,663.1004333496094,10.019424438476562,-0.18707965314388275,0.9823447465896606,-0.0,1.7589847941667456,3.299829794203868,-0.00493161608237358,202.7732863420101,1.7499994039535522
5652.045378639073,-620.6917572021484,671.3274078369141,10.295120239257812,-0.14334850013256073,0.9896722435951233,-0.0,1.714640366889059,3.28393856151723,-0.0053682218694233175,186.2814213577624,0.9000001549720764
5660.2935679239645,-621.68994140625,679.5105438232422,10.564453125,-0.09894809126853943,0.9950925707817078,-0.0,1.6699065983923995,3.2520504426924446,-0.005004930039970268,199.8029926520093,0.3500000238418579
5668.4357301802265,-622.3410491943359,687.6223449707031,10.828170776367188,-0.06168411299586296,0.9980957508087158,-0.0,1.6325196224275376,3.2381462977847497,-0.004825684814395437,207.22447454854765,0.15000000596046448
5676.495482130292,-622.686279296875,695.6704711914062,11.089096069335938,-0.020961763337254524,0.9997802972793579,-0.0,1.5917596251178854,3.2010167999700134,-0.005552384945376521,180.10278643102754,0.25
5684.475838481332,-622.6664428710938,703.6468048095703,11.3416748046875,0.027255944907665253,0.999628484249115,-0.0,1.5435370059848306,3.0998350409425113,-0.005603037335093375,178.47462727701688,0.6500000953674316
5692.35740091919,-622.2861022949219,711.5155487060547,11.580917358398438,0.06794556230306625,0.9976890087127686,-0.0,1.5027983745633662,2.9680484090194303,-0.0052400682924212405,190.83720749332778,1.2499998807907104
5700.143401190809,-621.6090850830078,719.2687683105469,11.80682373046875,0.10912712663412094,0.9940277934074402,-0.0,1.4614514360217683,2.8298191845826826,-0.006231556216946099,160.47355831928454,2.1499991416931152
5707.856119235504,-620.5596923828125,726.9067993164062,12.019607543945312,0.16370455920696259,0.986509382724762,-0.0,1.40635161043962,2.6642654001869714,-0.007311773193788451,136.7657302129567,3.1489992141723633
5715.580163966114,-619.0764617919922,734.4844970703125,12.21807861328125,0.22039440274238586,0.9754108190536499,-0.0,1.3485775248365506,2.444926415374027,-0.00726675064230764,137.61308860357957,4.147999286651611
5723.3865509305315,-617.1490783691406,742.0470428466797,12.39910888671875,0.27372634410858154,0.9618076086044312,-0.0,1.2935311040762876,2.162909662342316,-0.006698412866831038,149.2890957724873,5.146999359130859
5731.264834756857,-614.8022155761719,749.5659942626953,12.557098388671875,0.32142144441604614,0.9469362497329712,-0.0,1.2435661238528608,1.825598813196172,-0.005942218423817813,168.28731774513102,6.145999431610107
5739.1519224079975,-612.1015930175781,756.9751739501953,12.6868896484375,0.3624911606311798,0.9319872260093689,-0.0,1.1998568683935436,1.430458097391174,-0.0054534646305000045,183.36966823021538,7.1449995040893555
5746.948096021809,-609.1303558349609,764.1823272705078,12.781829833984375,0.4011521637439728,0.9160114526748657,-0.0,1.158022030380655,1.0002282887448422,-0.0057454220625092756,174.05161694304778,8.143999099731445
5754.6637672645265,-605.8677673339844,771.1739959716797,12.842391967773438,0.44394880533218384,0.8960521221160889,-0.0,1.1107955343593736,0.6191259125406523,-0.006565995601699071,152.2998278800601,9.142998695373535
5762.388611105118,-602.2514343261719,777.9999847412109,12.877395629882812,0.49180781841278076,0.8707037568092346,-0.0,1.056631505188979,0.33784294239026513,-0.006427146343524093,155.59004674097497,10.141998291015625
5770.204276792063,-598.2507019042969,784.7140350341797,12.894683837890625,0.5309956669807434,0.8473745584487915,-0.0,1.0110212039341087,0.1481744529218898,-0.004914876228729326,203.46392329365665,11.140997886657715
5778.12587854705,-593.93359375,791.3558959960938,12.900558471679688,0.5574533343315125,0.8302083015441895,-0.0,0.9794812141264169,0.02714179391577476,-0.003747120160346229,266.8716126540232,12.139997482299805
5786.156224348684,-589.3669281005859,797.9613494873047,12.898910522460938,0.5806262493133545,0.814170241355896,-0.0,0.9512986680121822,-0.042557241825036396,-0.0027691134397114237,361.12641167355446,11.488998413085938
5794.380233088408,-584.5321655273438,804.6141204833984,12.8935546875,0.5940104722976685,0.8044573068618774,-0.0,0.9347612936439829,-0.07401395804956801,-0.0019806248892264566,504.8911610873249,10.489998817443848
5802.921816595658,-579.401123046875,811.4428100585938,12.886444091796875,0.6073212623596191,0.7944563627243042,-0.0,0.9181118968007843,-0.0874737665185421,-0.0016088104208238918,621.5772766364154,9.490999221801758
5811.7600260941435,-573.9928283691406,818.43310546875,12.878326416015625,0.6161068081855774,0.7876626253128052,-0.0,0.9070059547483054,-0.09894271100885366,-0.0012596407069856985,793.8771702551477,8.491999626159668
5820.811100760603,-568.3784637451172,825.5324554443359,12.86871337890625,0.6250689029693604,0.7805695533752441,-0.0,0.8955765087274692,-0.06226771875826875,-0.001962701046899551,509.5019445675055,7.493000507354736
5829.96205501619,-562.5760345458984,832.6085968017578,12.867080688476562,0.6439546346664429,0.7650637030601501,-0.0,0.8711402248792303,0.020044886516912275,-0.0028449173525570415,351.50406007443047,6.494000434875488
5839.185634500131,-556.5401611328125,839.5830230712891,12.872451782226562,0.6650190353393555,0.7468264102935791,-0.0,0.8432770227702852,0.009938829325850662,-0.003102289546473569,322.34257474023303,5.49500036239624
5848.341237586364,-550.3552703857422,846.333740234375,12.868972778320312,0.6864985823631287,0.727131187915802,-0.0,0.8141337078212616,-0.10085095479961392,-0.0034923923345074326,286.3366724635307,4.496000289916992
5857.400550383529,-544.0271911621094,852.8165130615234,12.854202270507812,0.7111085653305054,0.7030822038650513,-0.0,0.7797226382423631,-0.2370305068383094,-0.004030067319563235,248.13481282202912,3.497000217437744
5866.366331305043,-537.5355072021484,859.0005645751953,12.826385498046875,0.7374330163002014,0.6754202842712402,-0.0,0.741534475927297,-0.4211787940501921,-0.0044354134572386905,225.45812462375483,2.498000144958496
5875.264307297873,-530.8506774902344,864.8729400634766,12.77911376953125,0.7645114064216614,0.6446101665496826,-0.0,0.7005132796513593,-0.5700643795132909,-0.005213248210678034,191.81898877397595,1.4989999532699585
5884.144561364442,-523.90869140625,870.4105224609375,12.725051879882812,0.7967650294303894,0.6042892336845398,-0.0,0.6488735039528938,-0.45483942754643847,-0.005640459966624378,177.2905057242106,0.5000000596046448
5893.002903147582,-516.7301483154297,875.6007080078125,12.6983642578125,0.8250804543495178,0.5650153160095215,-0.0,0.6004517947793244,-0.07749607581115647,-0.005630145444309231,177.6153049493184,0.5500000715255737
5901.839738223069,-509.3181610107422,880.412353515625,12.71124267578125,0.8529141545295715,0.522051215171814,-0.0,0.5492541266987719,0.22992062631795873,-0.005562022107409248,179.79072730902774,1.5490000247955322
5910.653258073123,-501.69573974609375,884.8368377685547,12.738906860351562,0.8764923214912415,0.48141583800315857,-0.0,0.502269343085307,0.2774685217962536,-0.005204808504054637,192.13002730474764,2.5480000972747803
5919.50907645591,-493.8392333984375,888.9234466552734,12.760238647460938,0.8972482085227966,0.44152653217315674,-0.0,0.45729930497813687,0.1607599204918153,-0.004703948860885376,212.58734513788488,3.5470001697540283
5928.459256027827,-485.73193359375,892.7151947021484,12.767379760742188,0.913666307926178,0.4064651131629944,-0.0,0.41858181131870287,0.0253030054586989,-0.003613754429882987,276.7205186192964,4.546000003814697
5937.497040464561,-477.4243927001953,896.274169921875,12.764694213867188,0.9239860773086548,0.3824261426925659,-0.0,0.392420604107571,-0.04077995001791068,-0.0022926222357989023,436.1817592035756,5.545000076293945
5946.484337931897,-469.09239196777344,899.6430358886719,12.760040283203125,0.9297008514404297,0.3683154881000519,-0.0,0.37719648859190974,-0.010309168763145138,-0.0015081731812589538,663.053827256924,6.544000148773193
5955.375262421364,-460.80589294433594,902.8652191162109,12.762771606445312,0.9339731931686401,0.35734301805496216,-0.0,0.3654215317108553,0.15193551362671087,-0.00046260390883356983,2161.6765031697305,7.543000221252441
5964.159068451598,-452.6090850830078,906.0222778320312,12.786636352539062,0.9327474236488342,0.3605304956436157,-0.0,0.3688365772308687,0.4543007213434813,0.001130762712451494,884.3588393819598,8.541999816894531
5972.833810345877,-444.54490661621094,909.2187042236328,12.841690063476562,0.92679762840271,0.3755611479282379,-0.0,0.38500216601025833,0.6282601299161583,0.0016766606597251044,596.4236079612879,9.540999412536621
5981.363755325096,-436.6536102294922,912.4566955566406,12.894744873046875,0.92194002866745,0.3873326778411865,-0.0,0.397736661680522,0.7955299806775673,0.0018456438028510713,541.8163561437168,10.095000267028809
5989.838467747795,-428.8689270019531,915.8052368164062,12.976776123046875,0.9145720601081848,0.4044230282306671,-0.0,0.41634786865199797,0.9734466116978924,0.00237633845115226,420.81547749021655,9.096000671386719
5998.232543443124,-421.22792053222656,919.2792510986328,13.058944702148438,0.9056892395019531,0.4239422678947449,-0.0,0.4377936800572208,0.9557801914230835,0.002931371370664737,341.13726087637724,8.097001075744629
6006.502919480029,-413.78489685058594,922.8840484619141,13.1361083984375,0.8937744498252869,0.44851675629615784,-0.0,0.4651051066599734,0.868369556587667,0.003751418142150742,266.5658591251269,7.098001480102539
6014.649061060233,-406.56585693359375,926.6577453613281,13.20166015625,0.8779332041740417,0.47878316044807434,-0.0,0.4992681532104188,0.7403698280136983,0.004299825603087781,232.56757187591103,6.099001407623291
6022.670286958364,-399.5918273925781,930.6200714111328,13.255966186523438,0.860474705696106,0.5094931721687317,-0.0,0.5345956744835727,0.6174230835241934,0.004389096866136477,227.8373046891204,5.100001335144043
6030.565175849735,-392.8669128417969,934.7556304931641,13.300079345703125,0.8423705101013184,0.5388988256454468,-0.0,0.5691293225645979,0.5049748612677041,0.003641770689042756,274.59169876037726,4.249998092651367
6038.324176967764,-386.3827819824219,939.0167236328125,13.335159301757812,0.8299373984336853,0.557856559753418,-0.0,0.5918008896053553,0.41303403159520524,0.0023842710441837056,419.41540264033466,3.5999977588653564
6045.948999635319,-380.0856475830078,943.3159332275391,13.363723754882812,0.8219605088233948,0.5695444941520691,-0.0,0.6059515756732148,0.34370796687435146,0.0016923595140265757,590.8909966894284,3.0999982357025146
6053.427860765877,-373.9626007080078,947.6102447509766,13.387161254882812,0.8153811693191528,0.5789244771003723,-0.0,0.6174090284351433,0.28852144364545085,0.0015990757770077413,625.361233268909,2.7499985694885254
6060.764592198773,-368.0063781738281,951.8940124511719,13.406539916992188,0.8082489967346191,0.5888408422470093,-0.0,0.6296239390020214,0.24585179104483768,0.0013683093269029056,730.8288998244615,2.4999988079071045
6067.9469765187805,-362.21697998046875,956.1448059082031,13.42291259765625,0.803665816783905,0.5950808525085449,-0.0,0.6373662621436325,0.21462192187868823,0.00113125635819189,883.9729321816324,2.2999989986419678
6074.9715329976325,-356.5895080566406,960.3490600585938,13.43707275390625,0.7986913919448853,0.6017408967018127,-0.0,0.6456789926590338,0.1940333967506258,0.0010812592090636008,924.8476143532932,2.1499991416931152
6081.787349400729,-351.1594543457031,964.4684906005859,13.449798583984375,0.7946452498435974,0.6070740222930908,-0.0,0.6523732933766612,0.17760399822086548,0.0007902081698493157,1265.4893206060997,2.049999237060547
6088.5395587995445,-345.7999725341797,968.5755767822266,13.461181640625,0.7921791672706604,0.6102886199951172,-0.0,0.6564248639740281,0.12611395155499583,0.00020473632809986375,4884.331028503317,1.9999991655349731
6095.141761494354,-340.5660095214844,972.5998382568359,13.466766357421875,0.7929110527038574,0.6093374490737915,-0.0,0.6552247046047711,0.04679692917337608,-2.253284968162239e-05,44379.65078227952,1.9999991655349731
6101.57751301607,-335.470947265625,976.5316619873047,13.4674072265625,0.7923903465270996,0.6100143790245056,-0.0,0.6560787356927433,-0.011941409406213133,0.0002919536879883444,3425.2007806112138,1.949999213218689
6107.826873016613,-330.52064514160156,980.3459777832031,13.46533203125,0.7906847596168518,0.6122235059738159,-0.0,0.6588696627048952,-0.04626470101372071,0.000821161533375081,1217.787194548519,1.949999213218689
6113.886269610446,-325.7401885986328,984.0693511962891,13.461761474609375,0.7862708568572998,0.6178819537162781,-0.0,0.6660460677925059,-0.05939826258976044,0.0012346352397931137,809.955821581416,1.949999213218689
6119.749612589824,-321.14295959472656,987.7086181640625,13.458251953125,0.7815994620323181,0.6237806677818298,-0.0,0.6735704962816257,-0.06696009618429866,0.0018016485632136314,555.0472053308126,1.949999213218689
6125.41305989817,-316.7361297607422,991.2659301757812,13.454071044921875,0.7733997106552124,0.6339187026023865,-0.0,0.6866095942246608,-0.10017999558191715,0.004356356635793146,229.54961762856993,2.049999237060547
6130.869056578445,-312.5705108642578,994.7894897460938,13.447219848632812,0.7510309815406799,0.6602669358253479,-0.0,0.7211741480044092,-0.1730511464584028,0.00743084392528226,134.57421661053326,2.2999989986419678
6136.150196958547,-308.69517517089844,998.3772583007812,13.435653686523438,0.720676600933075,0.6932713985443115,-0.0,0.7660185458587739,-0.24322761443611451,0.007748599353124441,129.05558210294785,2.7999985218048096
6141.281123211996,-305.06298828125,1002.0012664794922,13.421966552734375,0.6952180862426758,0.7187988758087158,-0.0,0.8020730722506054,-0.3123639265950384,0.006720522679575569,148.79795034977167,3.449997901916504
6146.348774025874,-301.6023712158203,1005.7032775878906,13.403854370117188,0.6714764833450317,0.7410258650779724,-0.0,0.8345968480924755,-0.39012931682977925,0.008813624944112641,113.46069368063861,4.249998092651367
6151.281035620416,-298.38417053222656,1009.44091796875,13.383041381835938,0.6297472715377808,0.7768000960350037,-0.0,0.8895685098838134,-0.47697179985897176,0.012725817854974952,78.58041120783967,5.248998165130615
6156.024056253245,-295.51771545410156,1013.2196807861328,13.35791015625,0.575863778591156,0.8175456523895264,-0.0,0.9571360153238061,-0.4360673554644201,0.014310484181529914,69.87883759311708,6.247998237609863
6160.532395958891,-293.04029846191406,1016.9862823486328,13.342269897460938,0.5217201709747314,0.8531166911125183,-0.0,1.0219302868465419,-0.16229769684883433,0.014061526373660094,71.11603487607076,7.246998310089111
6164.8011301524975,-290.91314697265625,1020.6872711181641,13.342803955078125,0.4707109332084656,0.8822875022888184,-0.0,1.0806999429058037,-0.04617309807017911,0.01485220225173045,67.33008230368588,8.245997428894043
6168.87692232117,-289.1084442138672,1024.3417358398438,13.338638305664062,0.4126310348510742,0.9108982682228088,-0.0,1.1454557576668618,0.0011534935397961021,0.017739582043029833,56.37111390642465,9.244997024536133
6172.779010055066,-287.6242370605469,1027.9505310058594,13.342544555664062,0.3421477973461151,0.9396461248397827,-0.0,1.2215946183013815,0.13986098499558786,0.02043879583750119,48.92656142516947,10.243996620178223
6176.503476818175,-286.4831848144531,1031.4958953857422,13.349166870117188,0.2665238380432129,0.9638283252716064,-0.0,1.3010117224242033,0.37470313427490076,0.02321887669758438,43.06840563497359,11.242996215820312
6180.060824536532,-285.67864990234375,1034.9610137939453,13.369186401367188,0.179763063788414,0.9837099313735962,-0.0,1.3900507396054755,0.7743466425416345,0.02678426932889466,37.335347390686806,12.241995811462402
6183.500852605372,-285.22181701660156,1038.3704071044922,13.402862548828125,0.08267545700073242,0.9965765476226807,-0.0,1.4880263965296334,1.2575842166394402,0.03021151944714473,33.09995717856916,12.638998031616211
6186.854504220003,-285.12681579589844,1041.7223205566406,13.454147338867188,-0.024204246699810028,0.999707043170929,-0.0,1.5950029372284795,1.8258654004675634,0.033937563776932245,29.465874644770807,11.639998435974121
6190.137992057132,-285.38287353515625,1044.9950714111328,13.523635864257812,-0.14171656966209412,0.9899072647094727,-0.0,1.7129915998626444,2.3954309511642347,0.0375567210510972,26.626392613973568,10.640998840332031
6193.390820633291,-286.04444885253906,1048.178726196289,13.610549926757812,-0.26633644104003906,0.9638801217079163,-0.0,1.8403865076382417,2.729755471590334,0.03699706195709007,27.029173320838826,9.641999244689941
6196.625713263609,-287.07347106933594,1051.2442626953125,13.700714111328125,-0.3730548918247223,0.9278092980384827,-0.0,1.9530957535807858,2.91903976551513,0.035870020104876166,27.87843433252105,8.642999649047852
6199.830945763936,-288.4371643066406,1054.1432800292969,13.7984619140625,-0.4798966348171234,0.8773250579833984,-0.0,2.071333206581354,3.091360904862661,0.03665070871456799,27.284601991953245,7.644000053405762
6202.9946894252025,-290.1069030761719,1056.8286895751953,13.897567749023438,-0.5775681138038635,0.8163424730300903,-0.0,2.1865428790927566,3.2381449208445545,0.03650338315780288,27.394721077688445,6.644999980926514
6206.166889882641,-292.0804443359375,1059.3099670410156,14.003646850585938,-0.6682260632514954,0.7439582943916321,-0.0,2.3026180888643264,3.7533629107551203,0.036827059894683156,27.153946116246257,5.645999908447266
6209.402061428061,-294.37774658203125,1061.5838470458984,14.138580322265625,-0.752428412437439,0.6586740016937256,-0.0,2.4225375275585845,4.576929567395549,0.03631737779414146,27.53502760216667,4.646999835968018
6212.706199680817,-296.9821014404297,1063.6105346679688,14.303512573242188,-0.8244376182556152,0.5659528374671936,-0.0,2.5400041157330944,4.598837152532775,0.03422892921744802,29.215053548629708,3.6479997634887695
6216.080663104262,-299.8614959716797,1065.3643951416016,14.445159912109375,-0.8820306658744812,0.47119200229644775,-0.0,2.650950932726215,3.772919220331472,0.030763637834324453,32.50590861150538,2.6489996910095215
6219.527623078696,-302.97608947753906,1066.836669921875,14.560256958007812,-0.9241290092468262,0.3820805847644806,-0.0,2.7495460011105637,2.986621142939816,0.025341995242831428,39.46019208108222,1.6499994993209839
6223.047344661688,-306.2778015136719,1068.0526428222656,14.6527099609375,-0.9509289860725403,0.3094092607498169,-0.0,2.8270209117266982,2.3670840480960464,0.019182764403264052,52.1301298904471,0.9000001549720764
6226.641413576799,-309.72584533691406,1069.0638885498047,14.728256225585938,-0.9674081206321716,0.25322219729423523,-0.0,2.8855830841244408,1.8955631125427308,0.017370656612096858,57.56834772173229,0.40000003576278687
6230.314290996784,-313.30584716796875,1069.8822937011719,14.790130615234375,-0.9823484420776367,0.18706010282039642,-0.0,2.9534240827267073,1.5181143648865358,0.01430530466313723,69.90413860788719,0.10000000149011612
6234.135598486412,-317.0738067626953,1070.5165100097656,14.841522216796875,-0.9887614250183105,0.14950193464756012,-0.0,2.991528125330914,1.2618745406957732,0.009268260567644016,107.8951107062152,0.05000000074505806
6238.140944592288,-321.04396057128906,1071.044204711914,14.888580322265625,-0.9932917952537537,0.11563491076231003,-0.0,3.025698480359015,1.1155075133454817,0.007847049507930859,127.43643314462584,0.10000000149011612
6242.391679077755,-325.27293395996094,1071.471435546875,14.933319091796875,-0.9963364601135254,0.08552011102437973,-0.0,3.0559679547271075,1.0032245422693764,0.007158057623686764,139.70270324325065,0.30000001192092896
6246.892011425457,-329.7623748779297,1071.7814025878906,14.976119995117188,-0.9985833764076233,0.053209349513053894,-0.0,3.0883581638598447,0.9910795029034691,0.006904984599760466,144.82291532332889,0.6500000953674316
6251.619764857327,-334.48658752441406,1071.9577026367188,15.02496337890625,-0.9997571110725403,0.022039437666535378,-0.0,3.1195514315033277,1.1734421504729475,0.006364954659374089,157.1103100518138,1.149999976158142
6256.518451918683,-339.3847198486328,1071.9932098388672,15.089569091796875,-0.9999683499336243,-0.007956205867230892,-0.0,-3.1336363637888702,1.4238252780153005,0.006475103551525363,154.43768459338793,1.8499993085861206
6261.4954095535795,-344.359619140625,1071.8720397949219,15.165740966796875,-0.9991198182106018,-0.041947755962610245,-0.0,-3.099632586430491,1.3285526316895613,0.008588979248467354,116.42827058622167,2.7499985694885254
6266.51257459452,-349.3654327392578,1071.5394897460938,15.222183227539062,-0.9955911040306091,-0.09379934519529343,-0.0,-3.047655213166861,0.8491453475989452,0.012488163080148995,80.07582809273092,3.7489986419677734
6271.498813523908,-354.3108215332031,1070.9031829833984,15.2508544921875,-0.9861289262771606,-0.1659812480211258,-0.0,-2.9748396778285744,0.8784626905925075,0.014825241662877964,67.45252608623407,4.7479987144470215
6276.463205113094,-359.17274475097656,1069.9014587402344,15.309463500976562,-0.9709926843643188,-0.2391091287136078,-0.0,-2.9001443875223396,1.3057299900190111,0.015139698497265874,66.05151352126286,5.7469987869262695
6281.470430279883,-363.9857940673828,1068.5224304199219,15.38116455078125,-0.9499475955963135,-0.312409371137619,-0.0,-2.823864363375022,1.2903473328069959,0.015461784318646088,64.67558849556926,6.745998859405518
6286.557161543908,-368.75286865234375,1066.7486114501953,15.439483642578125,-0.9220102429389954,-0.38716551661491394,-0.0,-2.744037300813736,1.4720482149545466,0.016834922041853106,59.40033446629046,7.744998931884766
6291.735946477792,-373.4308776855469,1064.5288543701172,15.532882690429688,-0.8819751143455505,-0.47129592299461365,-0.0,-2.650833096044125,2.7559448020255894,0.01831266237628673,54.607024333879004,8.743998527526855
6297.014134296403,-377.9547882080078,1061.816879272461,15.729583740234375,-0.8314334750175476,-0.5556243062019348,-0.0,-2.5524789940336374,4.857909287760509,0.016354976418339412,61.143469389455355,8.796000480651855
6302.377583204356,-382.288330078125,1058.6731262207031,16.051788330078125,-0.7872797846794128,-0.6165959239006042,-0.0,-2.4771811526153766,5.8435644710087775,0.012416124582708188,80.54042896707801,7.797000408172607
6307.7717050540505,-386.4273376464844,1055.2276458740234,16.358108520507812,-0.7501012682914734,-0.6613230109214783,-0.0,-2.4190115010863433,5.202950983606369,0.00972380683152299,102.84038106949673,6.798000335693359
6313.104236701016,-390.3366394042969,1051.6096954345703,16.6104736328125,-0.7187140583992004,-0.6953057646751404,-0.0,-2.372747409290329,4.257959431217184,0.008456348609959419,118.25434902509286,5.799000263214111
6318.377915871583,-394.04071044921875,1047.8611450195312,16.810272216796875,-0.6878331899642944,-0.725868821144104,-0.0,-2.329295994509696,3.4408291417240333,0.006276875300593787,159.31493810390035,4.800000190734863
6323.593259852388,-397.5740966796875,1044.0285339355469,16.971786499023438,-0.6712434887886047,-0.7412369251251221,-0.0,-2.3066814286412973,2.8528631224712386,0.001738008927050061,575.3710377640634,3.8499975204467773
6328.74753316674,-401.03453063964844,1040.2109680175781,17.106399536132812,-0.6744073033332825,-0.7383595108985901,-0.0,-2.310958023452018,2.5667438793876673,-0.0024606780304476383,406.3920543957079,2.8980002403259277
6333.830712567616,-404.49615478515625,1036.4908294677734,17.234619140625,-0.6895343065261841,-0.7242529988288879,-0.0,-2.331642200342655,2.55774360397778,-0.006497619295699059,153.90252252266083,1.8990000486373901
6338.8010671212605,-407.9886474609375,1032.9566650390625,17.36346435546875,-0.7207916975021362,-0.6931517124176025,-0.0,-2.3757401558852482,2.6907234578474215,-0.00882445926731068,113.32139111394612,0.9000001549720764
6343.638999606732,-411.55860900878906,1029.6943359375,17.498275756835938,-0.749569296836853,-0.6619258522987366,-0.0,-2.4182075039548425,2.8013017012850527,-0.010459059089361844,95.61089496254243,1.8990000486373901
6348.358037851221,-415.18626403808594,1026.6790771484375,17.631149291992188,-0.7861198782920837,-0.6180740594863892,-0.0,-2.4753022516925003,2.6462536528012226,-0.009709872040578937,102.98796892697017,1.3990000486373901
6352.955643630394,-418.83831787109375,1023.8884735107422,17.745223999023438,-0.8066413998603821,-0.5910412073135376,-0.0,-2.509243649707766,2.739495226003341,-0.007231066220001581,138.29219226812467,0.40000003576278687
6357.429422516179,-422.48289489746094,1021.29736328125,17.8790283203125,-0.8249641060829163,-0.5651851296424866,-0.0,-2.540935010354216,3.041186238099902,-0.007811193893348278,128.02140282954218,1.3990000486373901
6361.746669278078,-426.08331298828125,1018.9187469482422,18.012420654296875,-0.8451747298240662,-0.5344901084899902,-0.0,-2.5776883187801074,3.146105687726619,-0.013932281823813841,71.77575164254456,2.3980002403259277
6365.961858907125,-429.728271484375,1016.8059539794922,18.147354125976562,-0.8856639266014099,-0.4643268287181854,-0.0,-2.658718267873771,3.4107262473666022,-0.02136870354428283,46.79741089241461,3.397000312805176
6370.1547171286675,-433.5300598144531,1015.0442962646484,18.299102783203125,-0.9270495176315308,-0.37493884563446045,-0.0,-2.7572618357393432,3.67708819029966,-0.02272811788160617,43.99836384205392,4.396000385284424
6374.40226282902,-437.5345153808594,1013.6368865966797,18.457778930664062,-0.9579215049743652,-0.2870302200317383,-0.0,-2.8504674887188566,3.6688542297091953,-0.020667373616573448,48.38544164112301,5.395000457763672
6378.722013507773,-441.7187042236328,1012.5745239257812,18.613327026367188,-0.9785586595535278,-0.20596832036972046,-0.0,-2.9341395117328606,3.549638253206666,-0.01706894135269682,58.585941526010586,6.39400053024292
6383.193673004626,-446.12054443359375,1011.8031005859375,18.769683837890625,-0.9899665713310242,-0.14130190014839172,-0.0,-2.99981626962552,3.467440446399106,-0.013660386623961962,73.20437023692138,7.393000602722168
6387.990489621255,-450.8848571777344,1011.2705535888672,18.93450927734375,-0.9966779351234436,-0.08144398778676987,-0.0,-3.0600583591877357,3.4219749317408787,-0.00985849585185855,101.43535231203421,8.392000198364258
6393.158852948199,-456.04039001464844,1010.9520263671875,19.110580444335938,-0.9989596605300903,-0.04560314118862152,-0.0,-3.0959736923264036,3.3934204206650387,-0.0040606254506089234,246.26748075226735,9.250017166137695
6398.746581299999,-461.6200256347656,1010.7180938720703,19.299392700195312,-0.9991849064826965,-0.04036777839064598,-0.0,-3.1012139042533193,3.3215316152474417,-0.00020450327000459678,4889.897359477539,9.000016212463379
6404.692709781306,-467.55772399902344,1010.4678955078125,19.493255615234375,-0.9990408420562744,-0.04378873482346535,-0.0,-3.097789914126729,3.15570286088358,0.00042656872096422105,2344.2881553518223,8.750015258789062
6410.891612191244,-473.74754333496094,1010.1906585693359,19.682113647460938,-0.998965859413147,-0.045466694980859756,-0.0,-3.09611027926876,2.9975861154577066,0.00013377468209149757,7475.256037730908,8.500014305114746
6417.395755071568,-480.2421569824219,1009.8954467773438,19.873733520507812,-0.9989688396453857,-0.04540066421031952,-0.0,-3.0961763772565,2.796869534188162,-2.0255185864404002e-05,49370.07276528511,8.200013160705566
6424.259829804683,-487.0968322753906,1009.5854034423828,20.054901123046875,-0.9989784955978394,-0.04518873989582062,-0.0,-3.096388521429197,2.492467567329548,-6.297936086835376e-06,158782.17660708047,8.200013160705566
6431.517218642344,-494.3447723388672,1009.2563323974609,20.224517822265625,-0.9989719986915588,-0.04533171281218529,-0.0,-3.096245400978183,2.175391245001168,1.744589492794213e-05,57320.07467260135,7.95001220703125
6439.144402894216,-501.9625549316406,1008.9100189208984,20.377471923828125,-0.9989667534828186,-0.04544642195105553,-0.0,-3.096130571984197,1.83378589352734,-9.199167562212729e-05,10870.548810391103,7.65001106262207
6447.164398891014,-509.97344970703125,1008.5518035888672,20.51007080078125,-0.9990400075912476,-0.04380755499005318,-0.0,-3.097771075472389,1.4765883482859898,1.4658246206888936e-05,68220.98536795145,7.300009727478027
6455.620388564196,-518.4203491210938,1008.1753082275391,20.619171142578125,-0.9989467859268188,-0.045883819460868835,-0.0,-3.0956927189366406,1.1083560546003568,0.0012397528924349699,806.6123548507503,6.950008392333984
6464.3877972017835,-527.1741180419922,1007.6931457519531,20.699813842773438,-0.997835636138916,-0.06575733423233032,-0.0,-3.0757878369583893,0.7411205131341303,0.0029756871112233685,336.05683750428943,6.700007438659668
6473.256450799295,-536.0131378173828,1006.970458984375,20.74951171875,-0.9951505064964294,-0.09836367517709732,-0.0,-3.0430696627968823,0.3967882801610312,0.0034482764375159403,289.9999516049175,6.650007247924805
6482.094778613722,-544.7950897216797,1005.9739990234375,20.770172119140625,-0.9919617772102356,-0.12653782963752747,-0.0,-3.014714683195736,0.06197771546172515,0.0025458724459611615,392.7926560446601,6.900008201599121
6490.845798783394,-553.4655914306641,1004.7896575927734,20.760711669921875,-0.9897332191467285,-0.1429271548986435,-0.0,-2.9981743479540817,-0.2922574797791011,0.001726981948511619,579.0448480725809,7.350009918212891
6499.50360377025,-562.0261535644531,1003.496337890625,20.719635009765625,-0.9877050518989563,-0.15632909536361694,-0.0,-2.9846197075324565,-0.6499669560456001,0.0016122209526030218,620.2623768072506,7.900012016296387
6508.070087483828,-570.4775238037109,1002.0984802246094,20.649078369140625,-0.9853845834732056,-0.17034442722797394,-0.0,-2.970413459279818,-0.9455087932591866,0.0017469239794436764,572.4347548989848,8.600014686584473
6516.544834718112,-578.8166961669922,1000.5913696289062,20.558731079101562,-0.982617199420929,-0.18564331531524658,-0.0,-2.954866136040985,-1.1252610237808547,0.002273810922246461,439.79030543666676,9.400017738342285
6524.929449888059,-587.0378265380859,998.9467010498047,20.45947265625,-0.9781484603881836,-0.20790770649909973,-0.0,-2.9321572193343557,-1.1851405899415468,0.0031633159934106314,316.12396677507314,10.300021171569824
6533.220855523123,-595.1216888427734,997.1058044433594,20.361099243164062,-0.9714819192886353,-0.23711366951465607,-0.0,-2.902198945808651,-1.3201771968238685,0.0038938327155996766,256.8163742612125,11.00002384185791
6541.420578196778,-603.0536956787109,995.0310668945312,20.24200439453125,-0.9628049731254578,-0.2701973021030426,-0.0,-2.867994703513496,-1.6455736573652402,0.004405562174042782,226.9857876236362,11.500025749206543
6549.550501917522,-610.8371887207031,992.6878662109375,20.0926513671875,-0.9519354701042175,-0.30629873275756836,-0.0,-2.8302902241296954,-2.078695500714911,0.0050957466028739296,196.24209717100416,11.800026893615723
6557.636513283954,-618.4775390625,990.0471343994141,19.905136108398438,-0.9372321367263794,-0.34870603680610657,-0.0,-2.7854025229699593,-2.440097883606329,0.005990173036366286,166.94008569185047,12.000027656555176
6565.701263487207,-625.9589385986328,987.0427703857422,19.6986083984375,-0.9179044365882874,-0.39680150151252747,-0.0,-2.7335630059385356,-2.66110410547975,0.0061850019551902,161.68143635926273,12.200028419494629
6573.771055138681,-633.2861938476562,983.6688690185547,19.47576904296875,-0.8978300094604492,-0.4403422772884369,-0.0,-2.6856128000702717,-3.0277315080302403,0.006328453898898884,158.01647858634072,12.300028800964355
6581.876391571566,-640.4629974365234,979.9113922119141,19.20867919921875,-0.8725390434265137,-0.48854440450668335,-0.0,-2.631171915824586,-3.5168290627795473,0.006108416020574908,163.7085615373464,12.350028991699219
6590.055601853494,-647.5033874511719,975.7594299316406,18.902740478515625,-0.8497094511985779,-0.5272512435913086,-0.0,-2.586230291953897,-3.9278861334895554,0.005796294367680449,172.5240190656808,12.350028991699219
6598.276467960066,-654.3759613037109,971.2610015869141,18.564346313476562,-0.8222144246101379,-0.5691778659820557,-0.0,-2.536087048144167,-4.285330543410426,0.006162508313243831,162.27158636863865,12.300028800964355
6606.5318094009335,-661.0322570800781,966.3917999267578,18.196563720703125,-0.7918881773948669,-0.6106660962104797,-0.0,-2.484691172993875,-4.558944353573091,0.006070358587348779,164.73491402700623,12.200028419494629
6614.889947371381,-667.520751953125,961.1376647949219,17.806732177734375,-0.7607533931732178,-0.6490410566329956,-0.0,-2.435269421626533,-4.7496795617282705,0.006199337926086762,161.30754798702105,12.000027656555176
6623.376863718254,-673.8166656494141,955.4613342285156,17.396255493164062,-0.7238680720329285,-0.6899384260177612,-0.0,-2.380188675023508,-4.8820356927311686,0.005698122943048639,175.49638889767002,11.689998626708984
6631.968514942873,-679.9060821533203,949.4151611328125,16.972854614257812,-0.6942117810249329,-0.7197707891464233,-0.0,-2.3381205580909312,-4.930593124896976,0.005210063149595268,191.93625322519992,10.690999031066895
6640.616234743839,-685.7516174316406,943.056640625,16.546249389648438,-0.6590378880500793,-0.752109706401825,-0.0,-2.2903351746812795,-4.920259159940499,0.004559897737523577,219.30316370276483,9.691999435424805
6649.277405339325,-691.3533325195312,936.4645233154297,16.1212158203125,-0.6353204846382141,-0.7722485661506653,-0.0,-2.2592197918658763,-4.827263985016206,0.004223236703913447,236.78521241145535,8.692999839782715
6657.974253060404,-696.7341766357422,929.6446075439453,15.708389282226562,-0.602146327495575,-0.798385739326477,-0.0,-2.2169830572325973,-4.793492573299607,0.004513797668182745,221.542938676425,7.693999767303467
6666.707427445576,-701.862060546875,922.5880889892578,15.285675048828125,-0.5726812481880188,-0.8197781443595886,-0.0,-2.180569153324408,-4.900504870913947,0.004548689633137579,219.84353311664037,6.694999694824219
6675.497781823136,-706.7344512939453,915.28466796875,14.849578857421875,-0.5366265177726746,-0.8438198566436768,-0.0,-2.1372304697923608,-4.818494654855742,0.0046565396345429055,214.7517423843772,5.695999622344971
6684.341591188334,-711.3331909179688,907.7418823242188,14.436126708984375,-0.5035371780395508,-0.8639735579490662,-0.0,-2.0984843227503602,-4.539801101676256,0.004582339008817327,218.2291615866487,4.696999549865723
6693.248577524801,-715.6518707275391,899.9618072509766,14.043899536132812,-0.466268926858902,-0.884643018245697,-0.0,-2.055864795701309,-4.282831020137856,0.004835656995227727,206.79713242417571,3.6979994773864746
6702.263894232078,-719.6764526367188,891.9033966064453,13.668807983398438,-0.42685380578041077,-0.9043206572532654,-0.0,-2.011807160688603,-4.044938239226637,0.004922605138147684,203.1444676012116,2.6989994049072266
6711.402001148728,-723.3869018554688,883.5602111816406,13.309890747070312,-0.38545191287994385,-0.9227279424667358,-0.0,-1.9664938498519628,-3.811854331055431,0.004765481969830079,209.84236354914938,1.699999451637268
6720.6631283963525,-726.7724609375,874.9468841552734,12.967742919921875,-0.3460685610771179,-0.9382092356681824,-0.0,-1.9241738063895304,-3.56905956107878,0.004091037384957197,244.43677871950385,1.0500000715255737
6730.0508219062285,-729.8655090332031,866.0892639160156,12.644622802734375,-0.31411704421043396,-0.9493842720985413,-0.0,-1.8903228053912513,-3.301813862679015,0.0027756652224880524,360.2739955446138,0.7000001072883606
6739.663175792426,-732.7913818359375,856.9380645751953,12.341033935546875,-0.2964918315410614,-0.955035388469696,-0.0,-1.8718135370000233,-3.0016217470046347,0.0021767589944786114,459.3985841044039,0.6000000834465027
6749.596433518675,-735.6271820068359,847.4223785400391,12.0589599609375,-0.27329471707344055,-0.9619303345680237,-0.0,-1.8476128139932861,-2.665866696634378,0.0023964895459361035,417.2770132445479,0.5500000715255737
6759.860388821814,-738.3049468994141,837.5171661376953,11.80377197265625,-0.24996256828308105,-0.9682555198669434,-0.0,-1.8234379180048526,-2.2920334917010066,0.0023922475904139817,418.01693269840376,0.6500000953674316
6770.495950165457,-740.8283996582031,827.1876983642578,11.581405639648438,-0.2248525619506836,-0.9743927717208862,-0.0,-1.7975880535627287,-1.8614035547932617,0.001944288271970837,514.3270236292406,0.9000001549720764
6781.537181942482,-743.2192840576172,816.4099273681641,11.402175903320312,-0.2093377709388733,-0.9778434038162231,-0.0,-1.7816940004773192,-1.3604068923739276,0.0010924752823020523,915.3525175350518,1.2499998807907104
6793.081496869997,-745.5870819091797,805.1117401123047,11.27685546875,-0.2010941058397293,-0.9795719385147095,-0.0,-1.773271039937506,-0.786699511707678,0.0009213366542658585,1085.379589935909,1.5999995470046997
6804.957057374594,-747.9025268554688,793.4642333984375,11.219940185546875,-0.18806463479995728,-0.9821566343307495,-0.0,-1.7599875778868488,-0.2495702626128249,0.0012435389629161242,804.1565482234506,1.8999992609024048
6816.974002416281,-750.0657653808594,781.6436004638672,11.217880249023438,-0.17187029123306274,-0.9851195812225342,-0.0,-1.7435242262572996,-0.007425046209857955,0.0014240796060889516,702.2079353740409,2.2499990463256836
6829.110791797647,-752.0441589355469,769.6691436767578,11.218170166015625,-0.15416410565376282,-0.9880452752113342,-0.0,-1.7255777131233816,0.002701316303505008,0.0014712236152961133,679.7063271708903,2.599998712539673
6841.2602597609275,-753.8114166259766,757.6488952636719,11.218536376953125,-0.13656944036483765,-0.9906305074691772,-0.0,-1.7077939002747637,0.0032669958800357612,0.0014196636061130224,704.3922205894654,3.598998785018921
6853.399436929977,-755.3684234619141,745.6099853515625,11.218963623046875,-0.12000882625579834,-0.9927728176116943,-0.0,-1.6910951005541748,0.003772788636402513,0.0013375356672987448,747.6436138855095,4.597999095916748
6865.528246079504,-756.7297515869141,733.5578155517578,11.219451904296875,-0.10434719175100327,-0.9945409297943115,-0.0,-1.6753338137816978,0.0033977907667515073,0.0011711946945996698,853.8290043585055,5.596999168395996
6877.645455719113,-757.9159851074219,721.4988098144531,11.21978759765625,-0.09176968783140182,-0.9957802295684814,-0.0,-1.6626953170417325,0.002897913341909364,0.0008994336555715327,1111.8107420213933,5.500002861022949
6889.750353516104,-758.9697418212891,709.4398651123047,11.22015380859375,-0.08265337347984314,-0.9965783357620239,-0.0,-1.6535441013059788,0.0030901667580351955,0.0007326947013008844,1364.8249376234337,5.350002288818359
6901.8415116014585,-759.9182891845703,697.3859710693359,11.220535278320312,-0.07410204410552979,-0.9972506761550903,-0.0,-1.6449663552490283,0.0026511523025019024,0.000704134659602465,1420.182895931543,5.750003814697266
6913.9180184601155,-760.7631072998047,685.3390502929688,11.220794677734375,-0.06568300724029541,-0.9978405237197876,-0.0,-1.6365266559087746,0.0020859867570444113,0.0006996178681680509,1429.3517154135864,6.100005149841309
6925.979815144681,-761.5048065185547,673.3000793457031,11.221038818359375,-0.05725114047527313,-0.9983597993850708,-0.0,-1.628078789280935,0.0017718770217389768,0.0007175704784714021,1393.5913335373561,6.400006294250488
6938.026284821253,-762.1414947509766,661.2704467773438,11.221221923828125,-0.048412542790174484,-0.9988273978233337,-0.0,-1.6192278022386168,0.0007594885584827349,0.0007694427790971015,1299.641802049848,6.650007247924805
6950.056666360704,-762.6668395996094,649.2515411376953,11.221221923828125,-0.0387481153011322,-0.9992489814758301,-0.0,-1.6095541459262175,0.00019065657861361274,0.0008197366484403862,1219.9039800191672,6.8000078201293945
6962.070070399882,-763.0727081298828,637.2449951171875,11.221267700195312,-0.028718484565615654,-0.9995875358581543,-0.0,-1.599518760525552,0.00012674432515180634,0.0008860852381920442,1128.5595977655444,6.950008392333984
6974.066446061187,-763.3515930175781,625.2518615722656,11.22125244140625,-0.017483944073319435,-0.9998471736907959,-0.0,-1.5882811612474448,-6.355201923047282e-05,0.0010594474897956951,943.8882149721653,7.000008583068848
6986.0456774449785,-763.4782867431641,613.2733001708984,11.22125244140625,-0.0033257349859923124,-0.9999944567680359,-0.0,-1.5741220679547439,0.00012762358213014302,0.0013133592577903724,761.4062900675207,7.100008964538574
6998.009473942873,-763.4167633056641,601.3096618652344,11.221282958984375,0.013956456445157528,-0.999902606010437,-0.0,-1.55683941725989,0.00019135179856744067,0.0015045956829709967,664.6303796548088,8.099008560180664
7009.9584002089605,-763.1401672363281,589.3639373779297,11.221298217773438,0.03264565393328667,-0.9994670152664185,-0.0,-1.5381448723269169,0.0001277727754211977,0.001588242082012331,629.6269386924832,8.599010467529297
7021.893746438087,-762.636474609375,577.4392242431641,11.2213134765625,0.05186698958277702,-0.9986540079116821,-0.0,-1.5189060540332169,6.388816474189873e-05,0.001627745327211813,614.3467182995472,7.600010871887207
7033.816206337604,-761.9019317626953,565.5394134521484,11.2213134765625,0.07142461091279984,-0.9974460005760193,-0.0,-1.4993108475348695,-6.409566865595018e-05,0.0015626210327073231,639.9504288429085,7.850011825561523
7045.725778911972,-760.9461059570312,553.6682586669922,11.221298217773438,0.08901482075452805,-0.996030330657959,-0.0,-1.4816635339461934,-0.0004490944865320756,0.001313800205182597,761.1507412278232,8.200013160705566
7057.620778097784,-759.8057403564453,541.8280487060547,11.221206665039062,0.10258404165506363,-0.9947243332862854,-0.0,-1.4680315033272981,-0.0017984443978269482,0.0010728701789596007,932.0792204045923,8.600014686584473
7069.500113025562,-758.5161285400391,530.0189208984375,11.220870971679688,0.11439090222120285,-0.993435800075531,-0.0,-1.4561544693592303,-0.0026347308787921797,0.0009428765913988835,1060.5841836802485,8.950016021728516
7081.3631717578355,-757.0966796875,518.2410888671875,11.2205810546875,0.12482636421918869,-0.9921786189079285,-0.0,-1.445643504192697,-0.0020589697994510825,0.0008747849814478847,1143.1380524444623,9.300017356872559
7093.20821612852,-755.5581817626953,506.4963836669922,11.220382690429688,0.1349685788154602,-0.9908498525619507,-0.0,-1.4354145721744926,-0.0019342307996828012,0.0008907265058408498,1122.6790641600987,9.550018310546875
7105.034616883554,-753.8988342285156,494.78697204589844,11.220123291015625,0.14571593701839447,-0.9893264770507812,-0.0,-1.4245597326740542,-0.0018072116914069625,0.000969986440207446,1030.9422467659808,9.800019264221191
7116.840728114853,-752.1099700927734,483.11717224121094,11.219955444335938,0.15764251351356506,-0.9874962568283081,-0.0,-1.4124934699088814,-0.0014885909514150697,0.0010153058576839874,984.9248799579453,10.050020217895508
7128.613720189113,-750.184326171875,471.5027313232422,11.219772338867188,0.1693568378686905,-0.9855548143386841,-0.0,-1.4006192858454325,-0.001360090513613521,0.000995155096376009,1004.8684909936496,10.250020980834961
7140.406093698693,-748.1209106445312,459.8922882080078,11.219635009765625,0.18075449764728546,-0.9835282564163208,-0.0,-1.3890427976585191,-0.0012290778177770356,0.0009116760730229212,1096.880821588545,10.450021743774414
7152.201566918715,-745.9309387207031,448.30189514160156,11.219482421875,0.19050945341587067,-0.9816853404045105,-0.0,-1.3791152444881398,-0.0010354970159887067,0.0008023032298897365,1246.4115346231795,10.600022315979004
7163.969548094382,-743.6361541748047,436.75982666015625,11.219390869140625,0.1993168443441391,-0.9799351096153259,-0.0,-1.3701356016619706,-0.0005837300846245341,0.0007474750041540218,1337.837378430843,10.70002269744873
7175.708204710551,-741.2474212646484,425.26678466796875,11.219345092773438,0.20772887766361237,-0.9781864285469055,-0.0,-1.361543707563328,-0.0001947238708666088,0.0007372471694452598,1356.397204959699,10.750022888183594
7187.4159073772,-738.7660522460938,413.82505798339844,11.219345092773438,0.2162248194217682,-0.97634357213974,-0.0,-1.3528501682867795,0.0001308672965327773,0.0007698019652412694,1299.03539501433,10.750022888183594
7199.091607067321,-736.1896514892578,402.4371643066406,11.219375610351562,0.22530050575733185,-0.9742892980575562,-0.0,-1.343544860462805,0.0005898639761137137,0.0008356511740050254,1196.6715671651605,10.70002269744873
7210.734207070835,-733.5092315673828,391.10731506347656,11.219482421875,0.23520508408546448,-0.9719457626342773,-0.0,-1.333366760101591,0.0008529448135230489,0.0008804052604433621,1135.8405554010562,10.650022506713867
7222.342886351845,-730.7217407226562,379.83827209472656,11.219573974609375,0.24519574642181396,-0.9694736003875732,-0.0,-1.3230747314179314,0.0009879312366123383,0.000885259926332857,1129.6117335192703,10.500021934509277
7233.916230360217,-727.8270416259766,368.6327819824219,11.219711303710938,0.25510063767433167,-0.9669145345687866,-0.0,-1.3128445506885458,0.0015196278121631934,0.000888608349948028,1125.3551691906644,10.300021171569824
7245.453350614245,-724.8269653320312,357.4925537109375,11.219924926757812,0.26505157351493835,-0.9642342329025269,-0.0,-1.302538917340304,0.001788196337726422,0.0008931966725253884,1119.5742558832426,10.100020408630371
7256.952830530761,-721.721923828125,346.4202117919922,11.220123291015625,0.2749406695365906,-0.9614611864089966,-0.0,-1.2922683314060557,0.0016612148159178552,0.0008897148271342914,1123.9556423049949,9.900019645690918
7268.413689560562,-718.5152435302734,335.41709899902344,11.220306396484375,0.2846926748752594,-0.9586188197135925,-0.0,-1.2821104996209636,0.002001946893559481,0.0008945949534102243,1117.8243250623852,9.600018501281738
7279.834786995957,-715.2070159912109,324.4856262207031,11.2205810546875,0.2945622503757477,-0.9556322693824768,-0.0,-1.2717989066233506,0.0024762822548096697,0.000982984816886856,1017.309711015712,9.300017356872559
7291.215332631974,-711.7911224365234,313.62982177734375,11.220870971679688,0.3060993552207947,-0.9519995450973511,-0.0,-1.2597033179745085,0.002484797796187266,0.0011890668898484197,840.9955811043384,9.000016212463379
7302.553842721885,-708.2429504394531,302.86077880859375,11.221145629882812,0.3202575147151947,-0.9473305344581604,-0.0,-1.2447950229396538,0.0020208859381753985,0.0013446816816758203,743.670426709273,8.7000150680542
7313.850281405811,-704.5425109863281,292.1876220703125,11.221328735351562,0.334926575422287,-0.9422442317008972,-0.0,-1.229269023531079,0.0006730107287356013,0.001283831796754932,778.9182372080537,8.40001392364502
7325.102802607823,-700.7024078369141,281.6106262207031,11.221298217773438,0.34755128622055054,-0.9376609921455383,-0.0,-1.2158380103120938,1.1277260347775098e-06,0.0011235627365912479,890.0259571030967,8.10001277923584
7336.308727546797,-696.7466430664062,271.1261291503906,11.221328735351562,0.35859960317611694,-0.9334914684295654,-0.0,-1.2040290368574202,6.735443346395087e-05,0.0010593963119980773,943.9338127522336,7.850011825561523
7347.466832784432,-692.6841735839844,260.7338409423828,11.2213134765625,0.36966657638549805,-0.929164469242096,-0.0,-1.1921461718618014,-0.00020589456465325284,0.001064487581955327,939.419131750817,7.550010681152344
7358.575065798072,-688.5173034667969,250.43675231933594,11.221282958984375,0.3806226849555969,-0.9247304201126099,-0.0,-1.1803267499086585,-0.00020620674094917746,0.0010676109269423945,936.6708177706366,7.300009727478027
7369.632226374633,-684.2482757568359,240.2369384765625,11.221267700195312,0.3915484547615051,-0.9201574921607971,-0.0,-1.1684825210507912,-0.00013832930600976567,0.001065067373407995,938.9077395171793,7.000008583068848
7380.636858066457,-679.8804473876953,230.13624572753906,11.22125244140625,0.4022448658943176,-0.915532112121582,-0.0,-1.1568288139254674,-0.001116813985135856,0.0010236923339499437,976.8560013939674,6.650007247924805
7391.587326212005,-675.4216003417969,220.13467407226562,11.221023559570312,0.4121320843696594,-0.9111241102218628,-0.0,-1.146003440234582,-0.002306092488280065,0.0009533942169418774,1048.8840630978611,6.350006103515625
7402.482409722473,-670.88232421875,210.23023986816406,11.220748901367188,0.42122796177864075,-0.906954824924469,-0.0,-1.1359975040681796,-0.002668609106337705,0.0008857096717836965,1129.038139536332,6.000004768371582
7413.321459195104,-666.2712707519531,200.4208984375,11.220443725585938,0.4295971989631653,-0.9030206203460693,-0.0,-1.1267496554358227,-0.002893994564190372,0.0008132346739725821,1229.6573572239427,5.650003433227539
7424.103054497562,-661.5992431640625,190.70416259765625,11.220123291015625,0.43711280822753906,-0.8994066715240479,-0.0,-1.1184102661854443,-0.0025520711179116695,0.0007290517369931623,1371.6447671111973,5.300002098083496
7434.8268118080105,-656.8761901855469,181.07650756835938,11.219894409179688,0.4437064230442047,-0.8961721658706665,-0.0,-1.111066014822753,-0.0016380957384765082,0.0006484772704455147,1542.0740950765835,5.000000953674316
7445.492158980518,-652.1137237548828,171.5335235595703,11.219772338867188,0.44954922795295715,-0.8932555317878723,-0.0,-1.1045356796565509,0.05431083258067293,0.0006293365610493887,1588.9749013350627,4.800000190734863
7456.09989740663,-647.3125762939453,162.0745086669922,11.23138427734375,0.45566245913505554,-0.890152633190155,-0.0,-1.097680042510852,0.21138682159256295,0.0006802404957338276,1470.0683159435007,4.699999809265137
7466.648483153305,-642.4711608886719,152.70262145996094,11.264373779296875,0.4623538851737976,-0.8866955041885376,-0.0,-1.0901482969640888,0.41266633857248713,0.0007840594053093453,1275.4135633453143,4.649999618530273
7477.135666733214,-637.5819091796875,143.425048828125,11.318069458007812,0.47027379274368286,-0.8825205564498901,-0.0,-1.081195327638507,0.6100348239352793,0.0009500998209594699,1052.5209856266868,4.649999618530273
7487.559592108272,-632.6301727294922,134.2526397705078,11.391815185546875,0.4798673391342163,-0.8773410320281982,-0.0,-1.0702928147357091,0.802982407916264,0.0009662108003379091,1034.9708362298102,4.800000190734863
7497.906669592247,-627.6240997314453,125.19766235351562,11.484710693359375,0.4879000186920166,-0.8728995323181152,-0.0,-1.0611139556954996,0.9906518050394331,0.0008445758630326594,1184.0262595348765,5.05000114440918
7508.26238521637,-622.5345458984375,116.17964172363281,11.596923828125,0.4951329529285431,-0.8688172101974487,-0.0,-1.052808470289038,1.1749278916466155,0.0008020261422224534,1246.8421505924375,5.350002288818359
7518.555339539197,-617.4015197753906,107.25888061523438,11.727203369140625,0.5022883415222168,-0.864700198173523,-0.0,-1.0445531834327106,1.3543659293303811,0.0008668282158747626,1153.6311136236454,5.800004005432129
7528.7745468611965,-612.2302551269531,98.44590759277344,11.874603271484375,0.5104936957359314,-0.8598814606666565,-0.0,-1.0350374725068163,1.5277411314998157,0.0012300658433631942,812.9646111185741,6.300005912780762
7538.925131614535,-606.9832611083984,89.7581787109375,12.038284301757812,0.523759663105011,-0.8518660664558411,-0.0,-1.019537883683289,1.6948010480067222,0.001406347922146188,711.0615973847554,6.900008201599121
7548.997229562587,-601.6525573730469,81.21424865722656,12.217208862304688,0.5347550511360168,-0.8450071215629578,-0.0,-1.0065784841931706,1.8564897031099203,0.0013832341554419827,722.9433975916186,7.700011253356934
7558.99453175835,-596.2474365234375,72.80632019042969,12.410751342773438,0.5471911430358887,-0.8370076417922974,-0.0,-0.9917915964553258,2.0099933732237396,0.0017207218729379456,581.1514433140835,8.600014686584473
7568.911011282469,-590.7451934814453,64.55894470214844,12.617355346679688,0.5633584260940552,-0.8262126445770264,-0.0,-0.9723513055517666,2.1566430486196553,0.0021558723890102785,463.84934706598364,9.599014282226562
7578.746997089074,-585.1138000488281,56.49755859375,12.836624145507812,0.5823017954826355,-0.8129726648330688,-0.0,-0.9492391423193,2.2847653821466807,0.002317828975154007,431.4382168484003,10.598013877868652
7588.497808894348,-579.3499298095703,48.63600158691406,13.064773559570312,0.6002784967422485,-0.7997910380363464,-0.0,-0.9269470434187871,2.297282520148769,0.0022605422630117625,442.3717337041429,11.597013473510742
7598.16268502379,-573.4678802490234,40.970245361328125,13.282730102539062,0.6174144148826599,-0.786638081073761,-0.0,-0.905344772413241,2.197434070495363,0.0021612191039818845,462.7018140629864,12.596013069152832
7607.738921555193,-567.4818420410156,33.498321533203125,13.487686157226562,0.6330187916755676,-0.7741364240646362,-0.0,-0.8853497400754566,2.0841046354483472,0.0020389651518773477,490.44487056547507,13.450033187866211
7617.225267565681,-561.4089508056641,26.213150024414062,13.68011474609375,0.6475220918655396,-0.7620466947555542,-0.0,-0.8664680595386683,1.9772176631761784,0.0020236847938281816,494.1481020412825,13.75003433227539
7626.6207919562,-555.2592926025391,19.112106323242188,13.861114501953125,0.6621255278587341,-0.7493929862976074,-0.0,-0.8471448019873637,1.8787695008743666,0.001799564400632593,555.6900323480918,13.75003433227539
7635.9172136916595,-549.0529022216797,12.192916870117188,14.031387329101562,0.6728217005729675,-0.7398046851158142,-0.0,-0.8327800127184409,1.7828541919337138,0.0017135835889525025,583.5723488757794,13.650033950805664
7645.122139039821,-542.8039093017578,5.4360504150390625,14.191055297851562,0.6855249404907227,-0.7280491590499878,-0.0,-0.8154718594139243,1.6801749939850952,0.0016821795801862105,594.4668522782235,13.250032424926758
7654.222768521266,-536.5216827392578,-1.1467437744140625,14.339065551757812,0.6953096389770508,-0.7187103033065796,-0.0,-0.8019456870426322,1.5708101040971534,0.001509393013990605,662.51797294076,12.900031089782715
7663.224950673676,-530.2183380126953,-7.572357177734375,14.47552490234375,0.7051567435264587,-0.7090514302253723,-0.0,-0.7881521263040574,1.463125776731411,0.001483258982177764,674.1910967778338,12.650030136108398
7672.122749799227,-523.9036560058594,-13.8397216796875,14.60107421875,0.7141514420509338,-0.6999912261962891,-0.0,-0.7753852114239672,1.360727878960999,0.001337341301149944,747.7522747111202,12.500029563903809
7680.917042862018,-517.5906219482422,-19.961151123046875,14.71636962890625,0.7217481136322021,-0.6921557784080505,-0.0,-0.7644716947728797,1.2630039293330286,0.0009459716427907203,1057.1141403878557,12.500029563903809
7689.599644236138,-511.30543518066406,-25.950546264648438,14.821914672851562,0.7256710529327393,-0.6880417466163635,-0.0,-0.7587870840346796,1.1702151058682997,0.0006718667446367482,1488.390380953682,12.600029945373535
7698.182517343783,-505.0595703125,-31.836593627929688,14.918502807617188,0.7297261357307434,-0.6837395429611206,-0.0,-0.7528749984440766,1.081250069442019,0.0005787735440125619,1727.7914831198568,12.700030326843262
7706.691991249294,-498.83958435058594,-37.64306640625,15.006790161132812,0.732452929019928,-0.6808176636695862,-0.0,-0.7488783996832026,0.9952512774034528,0.00039239350895886593,2548.4621360156816,12.850030899047852
7715.145232559989,-492.6396942138672,-43.38868713378906,15.087371826171875,0.7342668175697327,-0.6788609623908997,-0.0,-0.7462102775034518,0.9128254396447932,0.0002553276543766081,3916.53619519412,13.050031661987305
7723.4794251431185,-486.5153503417969,-49.04075622558594,15.160125732421875,0.7353740334510803,-0.6776614189147949,-0.0,-0.7445778461145456,0.8331933579197481,0.00011180289173985669,8944.31248099381,13.250032424926758
7731.686914735187,-480.47869873046875,-54.601104736328125,15.225296020507812,0.7355353832244873,-0.6774863004684448,-0.0,-0.7443397280323317,0.7562660444798253,-0.0001597565219177005,6259.525357688719,13.450033187866211
7740.56384461984,-473.9395751953125,-60.60408020019531,15.288803100585938,0.7333423495292664,-0.679858386516571,-0.0,-0.7475702397175826,0.7154171645302915,-0.00036392218111760646,2747.840202894465,13.650033950805664
