s_m,x_m,y_m,z_m,dir_x,dir_y,dir_z,heading_rad,slope_pct,curvature_1_per_m,radius_m,width_m
0.0,-264.9955596923828,-123.68838500976562,12.574722290039062,0.34524238109588623,-0.9385123252868652,0.0,-1.2182988678004814,-0.7862645137557335,0.000299036233778367,3344.076359459362,1.8499993085861206
10.555296882789316,-261.4010925292969,-133.61245727539062,12.491729736328125,0.3482033908367157,-0.9374189972877502,0.0,-1.2151424515742395,-0.7861829677394239,0.00023801310074879345,4201.449402801703,1.7499994039535522
20.361516884531557,-257.97911071777344,-142.80191040039062,12.414642333984375,0.34986963868141174,-0.9367983937263489,0.0,-1.213364381964568,-0.8267097504261134,0.00021125923011654224,4733.520989583957,1.7499994039535522
29.736859659287376,-254.68972778320312,-151.5808868408203,12.33349609375,0.35197558999061584,-0.9360091686248779,0.0,-1.2111154023349484,-0.688739841197572,0.00022628386172732218,4419.228098577465,1.7999993562698364
38.674349784787786,-251.5366668701172,-159.94358825683594,12.287002563476562,0.3537594974040985,-0.9353364109992981,0.0,-1.20920885318789,-0.5539897964976448,0.00024086783435978143,4151.654381989053,1.8499993085861206
47.161994064531505,-248.52670288085938,-167.8794403076172,12.237258911132812,0.35587847232818604,-0.9345322251319885,0.0,-1.2069424084028328,-0.6657297596891709,0.0002768810871365407,3611.658746149251,1.8999992609024048
55.24609790362341,-245.64268493652344,-175.43136596679688,12.17730712890625,0.3580402135848999,-0.9337061643600464,0.0,-1.2046282121817915,-0.663066775056409,0.00028838982129125723,3467.5287620156923,1.9999991655349731
62.95935278089621,-242.8739471435547,-182.6304168701172,12.131942749023438,0.3601308763027191,-0.9329017996788025,0.0,-1.2023881507521392,-0.6306200943512974,0.0002737387942840924,3653.1175736902564,2.099999189376831
70.4129732729264,-240.18360900878906,-189.58139038085938,12.081878662109375,0.3619215786457062,-0.9322085380554199,0.0,-1.2004679352209835,-0.7048970795721088,0.0002512964799157996,3979.363341400818,2.1999990940093994
77.62775252523295,-237.56805419921875,-196.30516052246094,12.028701782226562,0.363569974899292,-0.9315668940544128,0.0,-1.198699060420229,-0.6537527467320947,0.0005348369094918953,1869.728850520092,2.2999989986419678
84.66086230355891,-234.99740600585938,-202.8515167236328,11.988433837890625,0.36891812086105347,-0.9294618964195251,0.0,-1.1929515591212783,-0.7377418457783946,0.0015941566527455514,627.2909241872438,2.4499988555908203
91.59830462812306,-232.39511108398438,-209.28208923339844,11.925949096679688,0.384088933467865,-0.9232960939407349,0.0,-1.1765754585215462,-0.8808498580215374,0.003753483587621037,266.41917478951905,2.649998664855957
98.48386352234945,-229.65185546875,-215.59730529785156,11.866653442382812,0.4164937138557434,-0.9091386198997498,0.0,-1.1412111519449246,-0.9253198340032909,0.006138462119081631,162.90725276147978,2.949998378753662
105.29979614519242,-226.67413330078125,-221.72801208496094,11.79925537109375,0.46017125248908997,-0.8878301978111267,0.0,-1.092608259947768,-1.361703378361978,0.0076043755027862675,131.50323779166308,3.449997901916504
112.05542503826459,-223.41529846191406,-227.64450073242188,11.682296752929688,0.5078882575035095,-0.8614229559898376,0.0,-1.0380647689126719,-1.9589221909942056,0.008669737709613323,115.34374320126932,4.099997520446777
118.7435247311169,-219.8529815673828,-233.3030548095703,11.536209106445312,0.5602284669876099,-0.8283381462097168,0.0,-0.9761347454908378,-2.327272500861577,0.009683423104158553,103.26926637859594,5.098997592926025
125.35952995005626,-215.9763641357422,-238.66184997558594,11.372879028320312,0.6143012046813965,-0.7890716195106506,0.0,-0.9092962540635804,-2.794665997672452,0.00997040557583638,100.2968226712396,6.097997665405273
131.92521004192096,-211.79013061523438,-243.71572875976562,11.16815185546875,0.6639595627784729,-0.7477684617042542,0.0,-0.8446947474707618,-3.374775361473925,0.010051354688148606,99.48907694791471,7.0969977378845215
138.46909060296255,-207.29176330566406,-248.46237182617188,10.930572509765625,0.7126438021659851,-0.7015260457992554,0.0,-0.7775366414289747,-3.86194342077949,0.010347203395478531,96.64447114637517,8.09599781036377
145.02650332299874,-202.47434997558594,-252.90310668945312,10.662124633789062,0.7589282393455505,-0.6511743068695068,0.0,-0.7091307126794588,-4.311962266800451,0.010121767856202009,98.79697047065353,7.743000507354736
151.61410976940087,-197.3477020263672,-257.02923583984375,10.363632202148438,0.7993975281715393,-0.600802481174469,0.0,-0.6445045769835757,-4.768668934755349,0.009791019968606256,102.13440511881106,6.744000434875488
158.24590178695314,-191.932373046875,-260.8429718017578,10.031524658203125,0.8366264700889587,-0.5477738380432129,0.0,-0.5797010243611448,-5.287373877756485,0.00979122974377468,102.13221690930149,5.74500036239624
164.9311533770866,-186.2355499267578,-264.3215026855469,9.659210205078125,0.8707296252250671,-0.49176204204559326,0.0,-0.5141122416605028,-5.492286693095538,0.009630803111949776,103.8335005269927,4.746000289916992
171.6789741301509,-180.26658630371094,-267.44737243652344,9.293838500976562,0.90029376745224,-0.435282826423645,0.0,-0.45035240034629376,-5.193490841657422,0.008485989997073302,117.84128903579735,4.190000534057617
178.4988191644993,-174.0524139404297,-270.2365417480469,8.95489501953125,0.9214046597480774,-0.3886045515537262,0.0,-0.39911661923831776,-4.194955870631889,0.005328368161375212,187.6747194852068,3.4300003051757812
185.4018499731338,-167.6603240966797,-272.8322296142578,8.719467163085938,0.9295530915260315,-0.36868828535079956,0.0,-0.37759750079436605,-2.6768529140233532,0.0013338682642141664,749.6992220510913,2.4900002479553223
192.388751383063,-161.1659698486328,-275.40553283691406,8.584320068359375,0.9283340573310852,-0.37174707651138306,0.0,-0.38089025913051927,-1.5397427993767865,-0.001351992179615718,739.6492487731948,1.749000072479248
199.44355524545264,-154.6304473876953,-278.06085205078125,8.503799438476562,0.9223402738571167,-0.38637852668762207,0.0,-0.3967019632955617,-0.8649946510627338,-0.002583192316207874,387.1179059048921,0.7500001192092896
206.56987768942076,-148.08978271484375,-280.88970947265625,8.462051391601562,0.9140762686729431,-0.405542254447937,0.0,-0.41757199146838536,-0.9284043801947583,-0.002206609925317196,453.183858427652,1.290000081062317
213.75014258816145,-141.54627990722656,-283.8444366455078,8.37060546875,0.9097176194190979,-0.415227472782135,0.0,-0.42819283610925457,-1.378165106686835,-0.0020066896543718543,498.3331616931198,1.8700001239776611
220.99444034148226,-134.984130859375,-286.91143798828125,8.26312255859375,0.9019270539283752,-0.4318884015083313,0.0,-0.44658547030493384,-1.4056931577378307,-0.001854340304958374,539.2753408455131,2.869000196456909
228.30544006294184,-128.4065399169922,-290.1015167236328,8.166107177734375,0.8982207775115967,-0.43954455852508545,0.0,-0.4550915658781529,-1.232236125218511,-0.0003892374405624621,2569.125926208342,3.830000162124634
235.64115328375496,-121.81578063964844,-293.32139587402344,8.082687377929688,0.8994669318199158,-0.43698880076408386,0.0,-0.45224818691786906,-1.255886438348086,0.0009018941883581558,1108.7775183699098,4.740000247955322
243.0529988979489,-115.13470458984375,-296.5289306640625,7.980712890625,0.9040210843086243,-0.42748787999153137,0.0,-0.441712114199174,-1.4668336261624226,0.00184174638697129,542.9629220798837,5.35481071472168
250.5489363272832,-108.33447265625,-299.68048095703125,7.863861083984375,0.9111538529396057,-0.41206637024879456,0.0,-0.42472075491340494,-1.3797154815906931,0.002597986398580481,384.91348551570246,6.353810787200928
258.1169889042825,-101.40690612792969,-302.72613525390625,7.77313232421875,0.9200735688209534,-0.39174559712409973,0.0,-0.402528067823059,-1.1867060005995134,0.0031272354326134094,319.7712553302413,7.352810859680176
265.75114434442503,-94.34819030761719,-305.6324768066406,7.6834716796875,0.9297165274620056,-0.3682760000228882,0.0,-0.3771540027715163,-1.1936350055069822,0.00347572762686775,287.70954095191235,8.351810455322266
273.44994622298105,-87.1536865234375,-308.37144470214844,7.590087890625,0.939641535282135,-0.3421604335308075,0.0,-0.3492151523429899,-1.1501025928684405,0.0037083293301612384,269.66321245166216,9.0600004196167
281.21334680435723,-79.82269287109375,-310.9248352050781,7.5057220458984375,0.9492968320846558,-0.3143812417984009,0.0,-0.3198047700258586,-1.128340665761729,0.0037708333780617845,265.1933670201047,9.050016403198242
289.0364352573713,-72.36248779296875,-313.27806091308594,7.4141693115234375,0.9581170678138733,-0.2863768935203552,0.0,-0.2904431968574071,-1.1587700362399755,0.0039082711640739815,255.86760949247957,9.050016403198242
296.92013847106955,-64.7755126953125,-315.41871643066406,7.32373046875,0.9668002128601074,-0.25553351640701294,0.0,-0.25839949638205006,-1.2752784863439448,0.004139726634882244,241.5618441019223,8.900015830993652
304.8607270106968,-57.06736755371094,-317.3226623535156,7.21221923828125,0.9748105406761169,-0.2230345904827118,0.0,-0.22492637097777846,-1.2611191915816666,0.004158404007770455,240.47687481336234,8.500014305114746
312.8552404935774,-49.24708557128906,-318.98020935058594,7.1229248046875,0.9815976023674011,-0.19096100330352783,0.0,-0.19214107717269932,-1.2719270256150161,0.003920507303605611,255.0690312654998,9.499013900756836
320.9047231408849,-41.32569885253906,-320.40589904785156,7.0079803466796875,0.9868993163108826,-0.16133742034435272,0.0,-0.1620456754124173,-1.3076245238111406,0.003878987634243901,257.79922348087655,10.498013496398926
329.01110482482864,-33.30583190917969,-321.58314514160156,6.91180419921875,0.9916321635246277,-0.12909537553787231,0.0,-0.12945666968893815,-1.1558356516569834,0.003872119071847132,258.256520898508,11.497013092041016
337.1704921070653,-25.200790405273438,-322.51881408691406,6.82000732421875,0.9950957298278809,-0.09891640394926071,0.0,-0.09907842719856366,-1.1374340074567946,0.0037910515855133047,263.7790537647356,12.496012687683105
345.3817572373648,-17.0189208984375,-323.20654296875,6.7255859375,0.9977303147315979,-0.06733661890029907,0.0,-0.06738760948049483,-1.172240135997965,0.003963097859490682,252.32785953171367,13.495012283325195
353.6426293059654,-8.76953125,-323.630615234375,6.62689208984375,0.9994292855262756,-0.03378099203109741,0.0,-0.03378741934433631,-1.1361292737196826,0.004194547141018994,238.4047589359234,14.494011878967285
361.9504542346702,-0.4633331298828125,-323.7685241699219,6.5373992919921875,0.9999977350234985,0.0021225442178547382,0.0,0.0021225458378742335,-1.0443310905707992,0.004341997947214525,230.3087224261631,15.493011474609375
370.30200347480076,7.8861541748046875,-323.60328674316406,6.45294189453125,0.9992570877075195,0.038539718836545944,0.0,0.03854926507161333,-0.9984987910811982,0.004202708969826275,237.9417673647139,16.49201202392578
378.69729677391234,16.268264770507812,-323.1403350830078,6.3701934814453125,0.9973737001419067,0.07242723554372787,0.0,0.07249070738724539,-0.9802730361503253,0.0037689790422415622,265.3238420252027,17.491012573242188
387.1401131223129,24.6787109375,-322.4063262939453,6.2878875732421875,0.9948039650917053,0.10180893540382385,0.0,0.10198563737684857,-0.9326387207393705,0.003225519962354528,310.02753406307596,18.490013122558594
395.6337893850939,33.11639404296875,-321.4355926513672,6.2122802734375,0.9919346570968628,0.12675049901008606,0.0,0.12709236200016683,-0.8858707178682312,0.002745652223275839,364.212186642815,18.189006805419922
404.17921272599966,41.58064270019531,-320.26295471191406,6.1369476318359375,0.9889575242996216,0.14819933474063873,0.0,0.14874725012352433,-0.9264384754440025,0.0024530918711005364,407.6488173071837,17.190006256103516
412.77609562531717,50.06925964355469,-318.90545654296875,6.0534210205078125,0.9857306480407715,0.16833040118217468,0.0,0.1691356525373193,-0.850649782263363,0.00249247649998457,401.20739353257324,16.19100570678711
421.4251462577619,58.579681396484375,-317.3644104003906,5.9903717041015625,0.9816731810569763,0.19057218730449677,0.0,0.19174498371778506,-0.33316223275347556,0.0028177622071336363,354.8915509862162,15.19200611114502
430.1235060489882,67.0985107421875,-315.6062927246094,5.9960174560546875,0.9763240218162537,0.2163131982088089,0.0,0.21803667383682174,-0.04012642033560665,0.0028102333020480538,355.84234208284977,14.19300651550293
438.86759232559325,75.61370849609375,-313.61875915527344,5.9832763671875,0.9711611270904541,0.2384241223335266,0.0,0.24074285361946285,-0.2513268761073162,0.0025403957691303644,393.6394526205351,13.19400691986084
447.65626054974695,84.12588500976562,-311.4318542480469,5.9518585205078125,0.9657256007194519,0.2595650255680084,0.0,0.2625717718879981,-0.3744508694331461,0.0024450401061630895,408.99124618829376,12.19500732421875
456.4916953720612,92.63388061523438,-309.04905700683594,5.917266845703125,0.9599897265434265,0.2800352871417999,0.0,0.2838308614316226,-0.4425330379950021,0.002274361571945648,439.68382702866813,11.19600772857666
465.37508006903386,101.13760375976562,-306.4801483154297,5.8733978271484375,0.9544879794120789,0.2982494533061981,0.0,0.3028581045086714,-0.536780217386823,0.0019225319944926635,520.147390454165,10.19700813293457
474.30728449654214,109.64237976074219,-303.7506103515625,5.82159423828125,0.9498437643051147,0.31272485852241516,0.0,0.31806042456138467,-0.6375922743174167,0.0015411608122530979,648.8615542579566,9.19800853729248
483.2887450619855,118.15545654296875,-300.8887481689453,5.759124755859375,0.9458963871002197,0.3244687616825104,0.0,0.3304500579060523,-0.7274599691747097,0.0013371705125458204,747.847780531829,8.19900894165039
492.3188083066578,126.68002319335938,-297.91064453125,5.6905364990234375,0.9420385956764221,0.33550456166267395,0.0,0.3421407804636446,-0.7406335347323489,0.0013605806871793448,734.9802987966307,7.200009346008301
501.39652902589535,135.2122344970703,-294.8119201660156,5.625030517578125,0.9376140236854553,0.347678005695343,0.0,0.35509346033458816,-0.7429083156793748,0.0014127832797392707,707.8226465028309,6.250005722045898
510.52206242485084,143.74835205078125,-291.5862121582031,5.5552825927734375,0.9331002831459045,0.35961633920669556,0.0,0.36785668342510897,-0.8409912962042077,0.001327741081506375,753.1588906366144,5.450002670288086
519.6949748926761,152.28807067871094,-288.2383117675781,5.4710693359375,0.9288935661315918,0.3703467845916748,0.0,0.3793823241256545,-0.9305281269446519,0.0011444061664582054,873.8156340898402,4.75
528.9144354647564,160.83531188964844,-284.7835235595703,5.384124755859375,0.92532879114151,0.37916576862335205,0.0,0.3888945678190793,-0.9308642349025342,0.0009354602882644496,1068.9924655757331,4.149997711181641
538.1798771848677,169.394775390625,-281.2371520996094,5.29901123046875,0.9223544597625732,0.3863447606563568,0.0,0.3966653383952334,-0.9634432720435737,0.0008569754380753289,1166.8945871376295,3.6499977111816406
547.4910372968831,177.96829223632812,-277.60621643066406,5.205108642578125,0.9191749095916748,0.39384958148002625,0.0,0.4048159360194217,-1.051293317819113,0.0008735400592811277,1144.767191126806,3.199998140335083
556.8473874055804,186.5532684326172,-273.8874816894531,5.10272216796875,0.9159321188926697,0.4013332426548004,0.0,0.41297199168433957,-1.1309481770737595,0.0008245466754546182,1212.7876198744536,2.7999985218048096
566.2487815076936,195.14984130859375,-270.0831298828125,4.9929351806640625,0.9129754304885864,0.40801456570625305,0.0,0.42027831226488843,-1.192669899130916,0.0007414810946266247,1348.6520522867186,2.5499987602233887
575.6946430832056,203.7605438232422,-266.20152282714844,4.8779144287109375,0.910235583782196,0.4140907824039459,0.0,0.4269436954831196,-1.2313836247406007,0.000638793682243774,1565.4506733496214,2.2999989986419678
585.1724900365457,212.37608337402344,-262.2533416748047,4.7599029541015625,0.9079784154891968,0.41901695728302,0.0,0.43236237423126367,-1.2585204095355185,0.000501039350687002,1995.8512213239264,2.099999189376831
594.5929312782118,220.92071533203125,-258.2885437011719,4.6400909423828125,0.9062705039978027,0.4226982593536377,0.0,0.43642057194933687,-1.2856342883547367,0.000373665672585545,2676.1890999528873,1.949999213218689
603.7199534389943,229.18603515625,-254.41905212402344,4.5215301513671875,0.905038595199585,0.4253295063972473,0.0,0.43932592319110764,-1.2779113641982032,0.0003051650318939697,3276.915424397158,1.8999992609024048
612.4156135594144,237.050537109375,-250.71066284179688,4.4121551513671875,0.9039533734321594,0.42763108015060425,0.0,0.44187051573795016,-1.1860388101068764,0.00029646235070980576,3373.1095958921846,1.8499993085861206
620.6722795609628,244.51010131835938,-247.17245483398438,4.319854736328125,0.9028909802436829,0.4298696219921112,0.0,0.44434836799986094,-1.087397328551326,0.0003700122925411539,2702.612913566316,1.7999993562698364
628.4777377089735,251.5520782470703,-243.80661010742188,4.2372283935546875,0.9014225006103516,0.4329405426979065,0.0,0.4477523358757709,-1.0673983044622193,0.0004549536992566744,2198.0258686408065,1.7499994039535522
635.8072084375253,258.1536407470703,-240.6231689453125,4.15838623046875,0.8999172449111938,0.43606075644493103,0.0,0.4512166597831545,-1.1150566907128567,0.00045354970697409486,2204.8299990570085,1.7499994039535522
642.6983980431625,264.3504638671875,-237.60960388183594,4.0789947509765625,0.8986042737960815,0.43876007199287415,0.0,0.45421835997045373,-1.1181264684804404,0.0003646178128831126,2742.5977685861853,1.7999993562698364
649.1540459371081,270.14845275878906,-234.7716827392578,4.0088653564453125,0.8977581262588501,0.4404887557029724,0.0,0.4561430194456371,-1.050766445680268,0.0003826271819914878,2613.5100877967593,1.8499993085861206
655.1992692394364,275.5723114013672,-232.10284423828125,3.947357177734375,0.8965250849723816,0.44299301505088806,0.0,0.4589343830214212,-1.0426255437279486,0.0005214595197498353,1917.6943983681406,1.8999992609024048
660.8679176666415,280.6502990722656,-229.58412170410156,3.8869171142578125,0.8950701951980591,0.4459252953529358,0.0,0.4622077576190801,-1.0514904156625815,0.0006470809771055713,1545.4016350056445,1.949999213218689
666.161313264406,285.3838195800781,-227.2154083251953,3.8319854736328125,0.8933829665184021,0.4492960274219513,0.0,0.4659771861746468,-0.9799230016153682,0.0006520416993767222,1533.644245384745,2.049999237060547
671.2454150590858,289.92225646972656,-224.92445373535156,3.7849884033203125,0.8920211791992188,0.45199355483055115,0.0,0.46899896144027137,-0.8767873117848102,0.0006150252979442022,1625.9493769485955,2.1499991416931152
676.1760254246742,294.3177490234375,-222.6908721923828,3.7440338134765625,0.8906015157699585,0.4547845125198364,0.0,0.4721302386926262,-0.8195702783575287,0.0011482640967511726,870.8797939684243,2.2499990463256836
680.9792579104393,298.58868408203125,-220.4934539794922,3.7051849365234375,0.8869732618331909,0.4618208110332489,0.0,0.48004693304297574,-0.8589520633606518,0.00314225263905029,318.24302972094523,2.399998903274536
685.618835274144,302.6846160888672,-218.31463623046875,3.6630859375,0.876948356628418,0.48058462142944336,0.0,0.5013212454598892,-1.0685444538985622,0.00734521938005421,136.1429724911252,2.5499987602233887
690.0421973902231,306.5228729248047,-216.11668395996094,3.6090240478515625,0.8548936247825623,0.5188033580780029,0.0,0.5454505895044,-1.454984130026865,0.013326579529117921,75.03800940181605,2.899998426437378
694.2725166249434,310.06932067871094,-213.81163024902344,3.538055419921875,0.8165541291236877,0.5772688388824463,0.0,0.615379995634309,-1.9619752528286794,0.019080639115781298,52.409145937512946,3.499997854232788
698.3784039007437,313.3232116699219,-211.30921936035156,3.4461669921875,0.762333333492279,0.6471845507621765,0.0,0.7038854402404283,-2.6110236692163946,0.0228900018188751,43.68719617904966,4.399998664855957
702.4156842673519,316.27891540527344,-208.56167602539062,3.3259429931640625,0.6955612301826477,0.7184668183326721,0.0,0.8015955683924102,-3.4188441969160213,0.024982006433660886,40.02881044224674,5.398998737335205
706.390903865235,318.9041748046875,-205.58058166503906,3.1727752685546875,0.6185049414634705,0.7857809066772461,0.0,0.9039576904212656,-4.200094309872748,0.026472271300946065,37.77537592568651,6.397998809814453
710.3039579568269,321.16725158691406,-202.39328002929688,2.99505615234375,0.5315837860107422,0.8470057249069214,0.0,1.010326997783326,-4.932101209167761,0.027609378031432777,36.21957723428315,7.396998882293701
714.158366695139,323.0470886230469,-199.03460693359375,2.790130615234375,0.43715542554855347,0.8993859887123108,0.0,1.1183628951604425,-5.811673290424901,0.028022777954575445,35.68525581657132,8.39599895477295
717.9739663109801,324.5386657714844,-195.53086853027344,2.5496826171875,0.338699072599411,0.9408947825431824,0.0,1.2252624328358308,-6.710322196602069,0.028469735968236404,35.125018409573485,9.394998550415039
721.7726262729988,325.6378173828125,-191.90476989746094,2.279327392578125,0.2334972321987152,0.972357451915741,0.0,1.3351235318492118,-7.447642061724053,0.02876130321422768,34.768939103750995,10.19700813293457
725.5690924405435,326.3337860107422,-188.18434143066406,1.984039306640625,0.12674564123153687,0.9919352531433105,0.0,1.4437088589426745,-7.747626542757594,0.029938001666602793,33.40236302797543,9.19800853729248
729.3665518229773,326.606201171875,-184.40802001953125,1.69097900390625,0.00832308828830719,0.9999653697013855,0.0,1.5624731424682012,-5.973002381469142,0.032141655638679156,31.1122740919607,8.19900894165039
733.1322257940885,326.4064025878906,-180.6510467529297,1.53118896484375,-0.11568964272737503,0.9932854175567627,0.0,1.6867456023209357,-3.329080499462536,0.03360522899347332,29.757273791951135,7.200009346008301
736.8141375097833,325.76417541503906,-177.0266876220703,1.4415283203125,-0.2395036667585373,0.9708954691886902,0.0,1.8126509314674446,-1.6597257248425672,0.03345376885075735,29.89199825171152,6.350006103515625
740.4142111724686,324.72174072265625,-173.58099365234375,1.4090728759765625,-0.3519739806652069,0.9360097646713257,0.0,1.9304755351176572,-0.2520113355902909,0.03355472338061011,29.802063591972832,6.000004768371582
743.9212155713218,323.3087921142578,-170.37124633789062,1.42242431640625,-0.4619377851486206,0.8869123458862305,0.0,2.050975144999297,0.3026168198789314,0.034493089468391025,28.99131435925407,6.250005722045898
747.355672755563,321.5609588623047,-167.41481018066406,1.4301910400390625,-0.5638932585716248,0.8258476853370667,0.0,2.1698888362836075,0.1433156391485224,0.03586348121587518,27.883517330084068,6.950008392333984
750.8003574026686,319.4563903808594,-164.6877899169922,1.4322662353515625,-0.6645669937133789,0.7472286820411682,0.0,2.2977105157872764,-0.013887864248859905,0.036183215120865364,27.63712391670085,7.949008464813232
754.2759321825096,317.00408935546875,-162.2248992919922,1.4291839599609375,-0.7509056925773621,0.6604094505310059,0.0,2.420228748461584,-0.21489595505442827,0.03359470084857513,29.766599336824083,8.94800853729248
757.7744538838066,314.26170349121094,-160.0526123046875,1.4172210693359375,-0.8198394775390625,0.5725934505462646,0.0,2.5319269260076074,-0.28664528559115277,0.03216136166924233,31.09321086228618,9.94700813293457
761.3301640941462,311.2398376464844,-158.1787567138672,1.409027099609375,-0.8802235722541809,0.4745592176914215,0.0,2.647129448101447,-0.41428647379829486,0.030083866106306867,33.240408545441475,10.94600772857666
764.960053463055,307.9667663574219,-156.60948181152344,1.387176513671875,-0.923441469669342,0.38373929262161255,0.0,2.747750444565741,-0.503068781575719,0.025093445809076964,39.85104347997809,11.94500732421875
768.7036334490057,304.45306396484375,-155.3179473876953,1.372161865234375,-0.9523200988769531,0.30510058999061584,0.0,2.8315485903695614,0.20391029799069482,0.019493690900511118,51.29864862963331,12.94400691986084
772.5847611052278,300.7210998535156,-154.25279235839844,1.4044189453125,-0.9698898196220398,0.24354416131973267,0.0,2.895574282346265,1.1218923647483947,0.014804379678211022,67.54757860417433,12.790995597839355
776.600225053089,296.8037872314453,-153.37225341796875,1.4615478515625,-0.9813175201416016,0.19239529967308044,0.0,2.9479901892252642,1.4180409926347477,0.013377432078002682,74.75276227672725,11.791996002197266
780.7496296150271,292.71258544921875,-152.68218994140625,1.5201873779296875,-0.990670382976532,0.13627977669239044,0.0,3.0048874755607047,1.7333854301806868,0.014192160174223811,70.4614369992968,10.792996406555176
785.02746162271,288.4599914550781,-152.22666931152344,1.60845947265625,-0.9972723722457886,0.07380939275026321,0.0,3.0677160796213347,1.7713030399440055,0.013970749346021327,71.5781219197656,9.793996810913086
789.4233798782619,284.06915283203125,-152.02554321289062,1.673126220703125,-0.9998767971992493,0.015697240829467773,0.0,3.1258947681482927,1.3473804899531316,0.012884892019390248,77.61027399338059,8.794997215270996
793.9300826663177,279.56304931640625,-152.07427978515625,1.7281341552734375,-0.999169647693634,-0.04074297100305557,0.0,-3.1008384014875072,1.2044507685355976,0.012878153696891548,77.65088253616464,7.795997619628906
798.5491356335011,274.95538330078125,-152.39373779296875,1.7830047607421875,-0.9948121905326843,-0.10172877460718155,0.0,-3.039687597913706,1.2039600398747878,0.01280506985941593,78.09406828535744,7.275924205780029
803.2754118773686,270.26954650878906,-153.0079803466797,1.8406829833984375,-0.9871749877929688,-0.15964175760746002,0.0,-2.9812649035687815,1.2088632768509744,0.01114370910176965,89.73672866614918,6.3100738525390625
808.1050406706655,265.5212860107422,-153.88888549804688,1.89849853515625,-0.9784172177314758,-0.20663928985595703,0.0,-2.933453796159751,1.140198876441187,0.009362147981800129,106.81309480943739,5.639000415802002
813.0376805615708,260.71788024902344,-155.0093231201172,1.951873779296875,-0.9685124158859253,-0.24896518886089325,0.0,-2.8899809950803674,1.0094224896178006,0.008498203415808203,117.67193029762247,4.640000343322754
818.0689697246548,255.87107849121094,-156.35845947265625,1.998931884765625,-0.9574534296989441,-0.2885878086090088,0.0,-2.848841088617994,0.8773075019723187,0.008075577195868211,123.8301579869288,3.6500003337860107
823.1955965706225,250.99264526367188,-157.9337158203125,2.0408782958984375,-0.9448620676994324,-0.327468603849411,0.0,-2.807969446101966,0.7817873023244187,0.007859297538059307,127.23783457203602,2.9000000953674316
828.4121067878746,246.09779357910156,-159.7367401123047,2.0797271728515625,-0.9308658242225647,-0.3653612434864044,0.0,-2.767571811598306,0.620861475417292,0.0075289527060702355,132.82059790251407,2.390000104904175
833.6734487587344,241.23721313476562,-161.75064086914062,2.1058197021484375,-0.9161249995231628,-0.4008927047252655,0.0,-2.729101574173679,0.33773585909513404,0.007512778093233086,133.106553606411,2.06000018119812
839.0084922754685,236.39346313476562,-163.9868621826172,2.1152801513671875,-0.8988495469093323,-0.4382573068141937,0.0,-2.687933696630974,0.13114124763591584,0.007216397272407804,138.573302196588,1.9400001764297485
844.4633246930438,231.53433227539062,-166.465576171875,2.1198577880859375,-0.8822227120399475,-0.47083228826522827,0.0,-2.65135870217023,0.005320942790240646,0.006109516508616575,163.67907322775002,2.0200002193450928
850.0181151233805,226.6736602783203,-169.15435791015625,2.1157073974609375,-0.8674202561378479,-0.49757620692253113,0.0,-2.6207903742162855,0.014026409684542163,0.004948994478280788,202.06124787340357,2.080000162124634
855.674638116727,221.80393981933594,-172.03221130371094,2.121612548828125,-0.8548135161399841,-0.5189352631568909,0.0,-2.595987738640116,0.3056519329897672,0.003676893328061148,271.96872761258675,2.3500001430511475
861.433757133204,216.9089813232422,-175.06634521484375,2.1510162353515625,-0.8458552360534668,-0.5334124565124512,0.0,-2.578962847237675,0.6402068260913246,0.0025455736504473303,392.83876144156005,2.4999988079071045
867.2915970269959,211.9735565185547,-178.2213134765625,2.1962432861328125,-0.8391406536102295,-0.5439144968986511,0.0,-2.5664976763283365,0.6825407113009802,0.0017162064130967214,582.6804936567047,3.199998140335083
873.2481123587879,206.9873046875,-181.47955322265625,2.231475830078125,-0.8349118232727051,-0.5503836870193481,0.0,-2.5587689167242638,0.6319563941263207,0.0006676987793904354,1497.6813360553595,3.9499974250793457
879.3010986375276,201.93502807617188,-184.8129425048828,2.272216796875,-0.8348196744918823,-0.5505235195159912,0.0,-2.5586014517321782,0.6865957868392059,-0.00027062360723228984,3695.169132608781,4.75
885.4496464184042,196.7971954345703,-188.1901397705078,2.315277099609375,-0.8367561101913452,-0.5475757122039795,0.0,-2.5621284000115865,0.6636285155855598,-0.0008160210979662463,1225.4585114187375,5.500002861022949
891.6908376479158,191.56387329101562,-191.5906219482422,2.3543701171875,-0.8403673768043518,-0.5420172214508057,0.0,-2.5687569917243125,0.609162797859783,-0.0012866380700510271,777.2193465100413,6.250005722045898
898.0217269610471,186.22854614257812,-194.9984130859375,2.3918304443359375,-0.8455253839492798,-0.5339352488517761,0.0,-2.57834469332532,0.6288689905024819,-0.001736721725267787,575.7974841051804,7.000008583068848
904.4407168388775,180.78187561035156,-198.39479064941406,2.4346160888671875,-0.852182924747467,-0.5232440233230591,0.0,-2.5909394241323858,0.5687893702647828,-0.0022182956820726574,450.79653180664053,7.65001106262207
910.9437611918137,175.2152099609375,-201.7564697265625,2.4651641845703125,-0.8605031967163086,-0.5094450116157532,0.0,-2.6070529360246355,0.6691257265012823,-0.002292162492220029,436.26924504443383,8.25001335144043
917.5289060751818,169.52699279785156,-205.0738525390625,2.52252197265625,-0.8674792647361755,-0.4974732995033264,0.0,-2.620908999474525,0.8681757450720251,-0.0019426586365633436,514.7584764398175,8.7000150680542
924.1627588543638,163.75404357910156,-208.34153747558594,2.579925537109375,-0.8732929229736328,-0.48719555139541626,0.0,-2.6327171470371176,0.7720321322503609,-0.0017402504282576503,574.6299404742605,9.100016593933105
930.6772886976626,158.04747009277344,-211.48353576660156,2.6242523193359375,-0.8786386251449585,-0.47748735547065735,0.0,-2.643799874787288,0.7304832537996492,-0.001725946620945662,579.3921943264334,9.450017929077148
936.8372057492578,152.620849609375,-214.3979949951172,2.6721649169921875,-0.8837327361106873,-0.4679919183254242,0.0,-2.65457551477175,0.7595398944446885,-0.0017882327597072423,559.2113188686429,9.700018882751465
942.6210441674064,147.4955291748047,-217.0779266357422,2.7151031494140625,-0.8886227011680603,-0.4586389362812042,0.0,-2.665129711444834,0.7272168069258234,-0.0021647093839785025,461.95577448004025,9.850019454956055
947.9676321079282,142.73150634765625,-219.50457763671875,2.75323486328125,-0.8946232199668884,-0.44682127237319946,0.0,-2.6783836159042544,0.6870922143657143,-0.003938541098309933,253.9011210087689,9.900019645690918
952.9497807289812,138.2484893798828,-221.67788696289062,2.7862548828125,-0.906105637550354,-0.42305150628089905,0.0,-2.7047822556088192,0.6136355506832836,-0.007192012755887711,139.043134925109,9.790999412536621
957.6721908533544,133.9329833984375,-223.59539794921875,2.8130340576171875,-0.9232381582260132,-0.3842281401157379,0.0,-2.747221003890719,0.4353006216002875,-0.010927837564107923,91.50941292213776,8.791999816894531
962.2099888442117,129.69979858398438,-225.22988891601562,2.8270416259765625,-0.9439758062362671,-0.3300146162509918,0.0,-2.805273589467744,0.20008567127434707,-0.013766020750966446,72.6426334879522,7.793000221252441
966.6515873848817,125.46455383300781,-226.56797790527344,2.831207275390625,-0.9635180830955505,-0.2676433324813843,0.0,-2.870646361599969,0.04659483784066887,-0.014998507954253504,66.67329864077612,6.794000148773193
971.0369519151607,121.20425415039062,-227.60781860351562,2.831207275390625,-0.9792723655700684,-0.20254795253276825,0.0,-2.9376335501706254,-0.21122255357524655,-0.01555906909603999,64.27119732082909,5.795000076293945
975.3688724916537,116.93681335449219,-228.35223388671875,2.813018798828125,-0.9908550381660461,-0.1349307894706726,0.0,-3.0062490424302553,-0.44522048844703455,-0.01750982019108499,57.110809196609765,4.796000003814697
979.642498733221,112.683349609375,-228.76638793945312,2.7929229736328125,-0.9985707402229309,-0.0534454770386219,0.0,-3.0881216984652515,-0.33839392827946235,-0.02058129049792784,48.587818149725926,3.7970001697540283
983.8462057562657,108.47991943359375,-228.81382751464844,2.784149169921875,-0.9992421865463257,0.038923561573028564,0.0,3.102659256652607,-0.10670165728001724,-0.02301927151584232,43.44186128182988,2.7980000972747803
987.9847896891209,104.35604858398438,-228.4651641845703,2.7838897705078125,-0.9904340505599976,0.13798671960830688,0.0,3.003164249525097,0.10692835674489531,-0.024801525109657774,40.32010110582262,2.2800002098083496
992.0634044066478,100.34927368164062,-227.7030792236328,2.7928009033203125,-0.970706582069397,0.24026794731616974,0.0,2.8989507731372046,0.443753466998853,-0.024458574289882518,40.88545751473576,1.5200001001358032
996.1004998096836,96.48094177246094,-226.54833984375,2.8197174072265625,-0.9437451362609863,0.3306737244129181,0.0,2.804575282776474,0.6653352882718622,-0.022868275341512312,43.72870210219659,1.130000114440918
1000.1430700389939,92.71856689453125,-225.06976318359375,2.8465576171875,-0.9100447297096252,0.41451001167297363,0.0,2.7141883297691,1.0154753394779392,-0.024736937067573128,40.425376725838404,1.5000001192092896
1004.225800891321,89.10308837890625,-223.17401123046875,2.9025115966796875,-0.8586304783821106,0.5125950574874878,0.0,2.6033882561978037,1.4466539294942515,-0.02590484040640556,38.60282419469094,2.4800002574920654
1008.3605059047666,85.658447265625,-220.88790893554688,2.96551513671875,-0.8020082116127014,0.5973130464553833,0.0,2.501446040812214,1.5720636383025122,-0.02453372256332681,40.76022288989309,3.4790003299713135
1012.5320484819438,82.43441772460938,-218.2416229248047,3.0331268310546875,-0.7371329665184021,0.6757476925849915,0.0,2.3996140762315687,1.8569615876668166,-0.02498345210309466,40.02649417196159,4.200000286102295
1016.7373953435188,79.48170471191406,-215.24851989746094,3.1212310791015625,-0.6603819131851196,0.7509298920631409,0.0,2.2921235724037587,2.164621617186202,-0.024099384198224938,41.4948362072113,5.199000358581543
1020.9636266365892,76.838134765625,-211.9525146484375,3.215667724609375,-0.5856510996818542,0.8105632662773132,0.0,2.1964794129365504,2.3005177045600176,-0.022308996190019775,44.82496619221995,5.800000190734863
1025.262275800429,74.48268127441406,-208.35809326171875,3.31744384765625,-0.5065621137619019,0.8622034788131714,0.0,2.1019890950351923,2.8571949837033928,-0.019392530704662653,51.56624554213363,6.794000148773193
1029.6650642375635,72.40266418457031,-204.48043823242188,3.4653167724609375,-0.4416939616203308,0.8971657752990723,0.0,2.028282254000083,3.6294455997168185,-0.012100608940540936,82.64046916264503,7.793000221252441
1034.1756399199057,70.48309326171875,-200.4025115966797,3.64154052734375,-0.4117268919944763,0.9113072752952576,0.0,1.9951445445909417,3.9031628408727537,-0.0059576434437402515,167.85160264176415,8.791999816894531
1038.8021978051743,68.62083435058594,-196.171142578125,3.8219451904296875,-0.3925260603427887,0.9197408556938171,0.0,1.9741728172291024,4.1783407227991285,-0.004768530935672893,209.70819178693003,9.790999412536621
1043.540076482085,66.81233215332031,-191.797119140625,4.033447265625,-0.3705866038799286,0.9287979006767273,0.0,1.9504368469148774,4.663700041496294,-0.00429725767065392,232.7065483713078,10.200020790100098
1048.3792155980375,65.06187438964844,-187.2918243408203,4.2689971923828125,-0.35448890924453735,0.9350602030754089,0.0,1.9331637571282716,4.806056535489861,-0.002629461624420376,380.3059876260542,10.250020980834961
1053.315594799057,63.334808349609375,-182.67335510253906,4.503143310546875,-0.3467658758163452,0.9379517436027527,0.0,1.9249171434709778,4.576262736352316,-0.0010991725701235688,909.7752502025957,10.250020980834961
1058.346864741237,61.59953308105469,-177.9560089111328,4.724822998046875,-0.3443259596824646,0.9388501644134521,0.0,1.92231707532692,4.383623688744592,-0.00023757990763909054,4209.110147138822,10.200020790100098
1063.4705712952884,59.83648681640625,-173.15037536621094,4.9482574462890625,-0.34455084800720215,0.938767671585083,0.0,1.9225566161890697,4.22842516870447,0.00012342432749867793,8102.1304330032635,10.150020599365234
1068.6805494083944,58.04142761230469,-168.26405334472656,5.1615447998046875,-0.34553563594818115,0.9384056329727173,0.0,1.9236058441560706,4.148543880383427,0.00023190517061946747,4312.107389968019,10.050020217895508
1073.973409408251,56.21128845214844,-163.3026580810547,5.384063720703125,-0.34684112668037415,0.9379239082336426,0.0,1.9249973775034972,4.300480549038987,0.0003762262361154123,2657.9751862207636,10.000020027160645
1079.2916006268713,54.36338806152344,-158.32131958007812,5.617919921875,-0.3492845296859741,0.9370167255401611,0.0,1.9276037547513507,4.285582181045999,0.0006168200372919097,1621.218409814321,10.000020027160645
1084.6998596815758,52.467071533203125,-153.26144409179688,5.8435516357421875,-0.35306060314178467,0.9356004595756531,0.0,1.9316366893872154,4.047349677709944,0.0008157623808376924,1225.8471627155902,9.950019836425781
1090.216863252385,50.50929260253906,-148.1080322265625,6.0598297119140625,-0.3576360046863556,0.9338610768318176,0.0,1.9365315641637637,3.7487534064567285,0.000749344673389829,1334.4993772709097,9.950019836425781
1095.8293054281635,48.4935302734375,-142.87391662597656,6.26043701171875,-0.36082619428634644,0.932633101940155,0.0,1.9399499326342229,3.40250313720204,0.0004877533531799094,2050.216556135385,10.000020027160645
1101.5331338083915,46.43110656738281,-137.5592041015625,6.444549560546875,-0.3627641797065735,0.9318809509277344,0.0,1.9420287592706456,3.0680887994574246,0.0002316563021312057,4316.739889224422,10.050020217895508
1107.3312054295739,44.326629638671875,-132.15916442871094,6.6130218505859375,-0.3632863759994507,0.931677520275116,0.0,1.9425891814459184,2.7641495053295273,-0.00015014692175099875,6660.143200660377,10.100020408630371
1113.2064778136921,42.19700622558594,-126.68560791015625,6.766998291015625,-0.36109453439712524,0.9325292110443115,0.0,1.9402376820592515,2.410608490991828,-0.0007988724942925851,1251.764214119697,10.150020599365234
1119.0497968151985,40.10481262207031,-121.231201171875,6.8956451416015625,-0.3545722961425781,0.935028612613678,0.0,1.9332529273669843,2.2318973244918716,-0.001466149228650876,682.0588112440519,10.150020599365234
1124.740639544255,38.11045837402344,-115.90281677246094,7.0243377685546875,-0.34535032510757446,0.9384738206863403,0.0,1.9234083861298499,1.8335718312296523,-0.0019012291589177721,525.9755223663966,10.100020408630371
1130.2380709623824,36.23907470703125,-110.73429870605469,7.1024169921875,-0.33466553688049316,0.9423369765281677,0.0,1.912046605287806,1.3354738401182176,-0.0026438840225585514,378.23141691074466,10.050020217895508
1135.5906571579096,34.48643493652344,-105.67723083496094,7.1694793701171875,-0.3184471130371094,0.9479406476020813,0.0,1.8948871874296462,1.023474550433845,-0.0045210881848569695,221.18568785042098,9.900019645690918
1140.7424503789684,32.910888671875,-100.77244567871094,7.2108306884765625,-0.2900483310222626,0.9570119976997375,0.0,1.865073666452285,0.43054079068162165,-0.007450471233409778,134.21969814684334,9.650018692016602
1145.765162589226,31.55224609375,-95.93698120117188,7.2142333984375,-0.24615392088890076,0.9692307710647583,0.0,1.819506387872489,0.06019923669416949,-0.010900168174639763,91.74170379559752,9.200016975402832
1150.6426428016987,30.483810424804688,-91.17796325683594,7.2168121337890625,-0.18580085039138794,0.9825873970985413,0.0,1.7576831736256557,-0.052016770566265524,-0.01414438878626631,70.69941410059117,8.545999526977539
1155.428839767874,29.754806518554688,-86.44761657714844,7.2093963623046875,-0.11205314099788666,0.993702232837677,0.0,1.6830852888858385,-0.44903937694945606,-0.0170816816736086,58.542245377690875,7.546999454498291
1160.1307818617224,29.416412353515625,-81.75799560546875,7.1746978759765625,-0.025060662999749184,0.9996859431266785,0.0,1.5958596134339833,-0.9655309107308607,-0.01872022335353385,53.41816607178612,6.547999382019043
1164.740604265836,29.489501953125,-77.14907836914062,7.119903564453125,0.061958763748407364,0.9980787038803101,0.0,1.5087978518912621,-1.109260950222657,-0.01913564203524898,52.258502649555275,5.548999309539795
1169.2584947353319,29.953201293945312,-72.65528869628906,7.07330322265625,0.14899905025959015,0.9888373613357544,0.0,1.4212403838612027,-1.1917939799848454,-0.02052063202964055,48.73144250896235,5.15000057220459
1173.6798860389306,30.80889892578125,-68.31790161132812,7.013671875,0.24277016520500183,0.9700838327407837,0.0,1.3255758973439042,-1.3627327899856323,-0.02178620754877092,45.90060008201912,4.380000114440918
1178.002165520278,32.04158020019531,-64.17555236816406,6.9541778564453125,0.3335041403770447,0.9427486658096313,0.0,1.2307782536624317,-1.4013014043775973,-0.022292531697534784,44.85807236109413,3.890000343322754
1182.2268288029675,33.62664794921875,-60.259979248046875,6.893951416015625,0.422030508518219,0.9065816402435303,0.0,1.1351124345237444,-1.4668552913028043,-0.02333752676008094,42.849442028729,3.483703851699829
1186.3544347037027,35.540771484375,-56.60356140136719,6.8317413330078125,0.5096744894981384,0.8603672981262207,0.0,1.0359899099089824,-1.6230320599661896,-0.024642541938009105,40.58022920344844,3.1700003147125244
1190.4006396500533,37.7645263671875,-53.22395324707031,6.761474609375,0.5947914123535156,0.8038800954818726,0.0,0.9337901909682331,-1.510725626928966,-0.025554094620431997,39.132671881102034,3.0059378147125244
1194.4309424355488,40.31758117675781,-50.10585021972656,6.70965576171875,0.6751624345779419,0.7376691102981567,0.0,0.8296114604194493,-1.48923785541758,-0.02385204533809998,41.925125741843765,2.8400001525878906
1198.50862495499,43.198883056640625,-47.22126770019531,6.640533447265625,0.738071620464325,0.6747223734855652,0.0,0.7405884871300934,-1.7870023710161664,-0.01869342030412928,53.49475824812569,2.5200002193450928
1202.6806730815435,46.36817932128906,-44.509185791015625,6.5620574951171875,0.7800848484039307,0.625673770904541,0.0,0.6759949336439641,-1.850955409601529,-0.012565345245104956,79.58396530247086,2.120000123977661
1206.9748423624221,49.77256774902344,-41.893096923828125,6.4839019775390625,0.8051129579544067,0.5931215286254883,0.0,0.6349304520911405,-1.7431840884845617,-0.010087555848990806,99.13204099881573,1.9950001239776611
1211.3993479171831,53.39057922363281,-39.34735107421875,6.4102783203125,0.8321039080619812,0.5546197891235352,0.0,0.5879059612526605,-1.5770391024669705,-0.009890875816769687,101.10328129936983,1.7200000286102295
1215.9450926261607,57.22047424316406,-36.89967346191406,6.3426513671875,0.8544068932533264,0.5196045637130737,0.0,0.5463880531475402,-1.4492999658784922,-0.01001168218920307,99.88331442226892,1.4450000524520874
1220.5996203741886,61.25117492675781,-34.57292175292969,6.2770233154296875,0.8796824216842651,0.47556164860725403,0.0,0.4956023770287809,-1.4037156767778058,-0.010959664969007257,91.24366509632287,1.3200000524520874
1225.3465481376554,65.47956848144531,-32.4166259765625,6.210693359375,0.9033230543136597,0.428960919380188,0.0,0.4433421729334554,-1.4407669143445934,-0.011225594574877353,89.08214111330719,1.3900001049041748
1230.1850213957728,69.90220642089844,-30.455520629882812,6.1388397216796875,0.9256824851036072,0.37830132246017456,0.0,0.3879605621197258,-1.524368353539518,-0.012457351523742027,80.27388470929276,1.5200001001358032
1235.1068760655326,74.51347351074219,-28.736526489257812,6.0618438720703125,0.9487358927726746,0.31606999039649963,0.0,0.32158424339127734,-1.2900554392273,-0.012724025120926106,78.59148268698293,1.5900001525878906
1240.112877425527,79.30712890625,-27.294876098632812,6.01123046875,0.9659340381622314,0.2587883472442627,0.0,0.2617676105554691,-1.1453685420290238,-0.011132802913645747,89.8246387506129,1.7000001668930054
1245.2090506389243,84.26058959960938,-26.099075317382812,5.945892333984375,0.978183388710022,0.20774318277835846,0.0,0.20926724376296013,-1.2394683379597482,-0.010396324974436466,96.18783584188654,1.8100001811981201
1250.397533226886,89.36177062988281,-25.1533203125,5.8838348388671875,0.988038182258606,0.15420956909656525,0.0,0.15482739974527313,-1.204181391383008,-0.010476285553144761,95.45367916205959,2.349998950958252
1255.6220054670896,94.54225158691406,-24.479736328125,5.82049560546875,0.9949862360954285,0.10001184046268463,0.0,0.10017932237442938,-1.231902804273688,-0.010129028934448225,98.72614704446735,2.699998617172241
1260.9282759516236,99.83322143554688,-24.08258056640625,5.7540740966796875,0.9988378286361694,0.04819709435105324,0.0,0.04821577464665354,-1.2542566370302044,-0.008468885844799115,118.07928673570642,2.8499984741210938
1266.3564422644906,105.25880432128906,-23.929656982421875,5.68585205078125,0.9999539256095886,0.009596935473382473,0.0,0.009597083012600363,-1.18005623503592,-0.004851611135634784,206.1170963713604,2.8499984741210938
1271.8919817843046,110.79400634765625,-23.925582885742188,5.6248626708984375,0.999989926815033,-0.004485093988478184,0.0,-0.004485109093416765,-1.0570235724102928,-0.0004399944909888505,2272.7557287196582,2.5499987602233887
1277.5359999558796,116.43772888183594,-23.9344482421875,5.567779541015625,0.9999867677688599,0.005139059852808714,0.0,0.0051390826131097475,-0.9585873705906078,0.00365009007273212,273.9658419583855,2.2499990463256836
1283.2832315892415,122.18370056152344,-23.825927734375,5.515777587890625,0.9992969632148743,0.03749033808708191,0.0,0.03749912692743694,-0.8567950164539817,0.006826988153443494,146.4774769669998,1.9999991655349731
1289.1203161442043,128.01036071777344,-23.480438232421875,5.4686126708984375,0.9964368939399719,0.08434144407510757,0.0,0.08444176061532996,-0.8190560320256279,0.008047008953004739,124.26977599255706,1.949999213218689
1295.032817316045,133.88905334472656,-22.850967407226562,5.419525146484375,0.9912942051887512,0.13166546821594238,0.0,0.13204888806436496,-0.9488909902604481,0.007863490514152569,127.16998872195725,2.1999990940093994
1300.9240121294627,139.7103271484375,-21.948196411132812,5.356658935546875,0.984329104423523,0.17634107172489166,0.0,0.1772680280665742,-1.1739847396542158,0.00727363952405574,137.48275491145122,2.7499985694885254
1306.7776207020868,145.45108032226562,-20.8067626953125,5.2817230224609375,0.976438581943512,0.21579553186893463,0.0,0.2175064828645257,-1.3817049408893833,0.007499730283237829,133.338128470438,3.699997663497925
1312.5945780720135,151.10145568847656,-19.427337646484375,5.1954803466796875,0.9651583433151245,0.2616664469242096,0.0,0.2647484103046969,-1.6367877379188323,0.008828690182389125,113.2670848496567,4.698997497558594
1318.381299298729,156.64505004882812,-17.770843505859375,5.091888427734375,0.9492639899253845,0.3144802749156952,0.0,0.31990910680904383,-1.9003373085590747,0.010085454537938604,99.15269522442297,5.697997570037842
1324.1409427529616,162.05743408203125,-15.804580688476562,4.9761199951171875,0.9282304644584656,0.3720057010650635,0.0,0.3811688594562704,-2.051562769280557,0.011203985455587113,89.25395377957476,6.69699764251709
1329.8606797688672,167.29629516601562,-13.512115478515625,4.856414794921875,0.9011077284812927,0.433595210313797,0.0,0.44847874568164825,-1.9837291058574624,0.012449273558031215,80.32597206082637,7.695997714996338
1335.5260296254207,172.3114471435547,-10.8790283203125,4.750152587890625,0.8664089441299438,0.49933508038520813,0.0,0.522831168064977,-1.7910244683761622,0.013189648048507287,75.81703441383131,8.694997787475586
1341.1203075911224,177.0571746826172,-7.9184722900390625,4.654632568359375,0.8270370364189148,0.5621473789215088,0.0,0.5969800101308266,-1.6251814422231226,0.013398618290707154,74.63456143784374,9.693997383117676
1346.6439166287084,181.5115509033203,-4.6532745361328125,4.5693511962890625,0.7827180624008179,0.6223765015602112,0.0,0.6717752385726548,-1.4878956400167787,0.013792633626865045,72.50246958290967,9.590999603271484
1352.1118471795805,185.66493225097656,-1.0977783203125,4.49102783203125,0.7326734662055969,0.6805803179740906,0.0,0.7485544095099729,-1.254095620753315,0.013769912572873418,72.62210233418544,8.592000007629395
1357.5695624839557,189.52671813964844,2.75836181640625,4.4322967529296875,0.6805920004844666,0.7326626181602478,0.0,0.8222259748530837,-0.9892940543474282,0.012267844935412442,81.5139093512173,7.593000411987305
1363.0648110802777,193.14517211914062,6.893829345703125,4.3827362060546875,0.6349666714668274,0.7725395560264587,0.0,0.8828309652818547,-1.0697615556693019,0.010655807059223199,93.84554303978729,6.594000339508057
1368.6270474708574,196.54934692382812,11.292160034179688,4.31378173828125,0.5897862911224365,0.8075593709945679,0.0,0.9400021496104222,-0.7081066342640441,0.008227839221685879,121.53859270418518,5.595000267028809
1374.267056280831,199.7950897216797,15.904617309570312,4.3042449951171875,0.5614328384399414,0.8275222778320312,0.0,0.9746800454507999,0.06921862656460998,0.004039202408007342,247.57362939217737,5.250469207763672
1380.0050119160048,202.9820556640625,20.676101684570312,4.3221282958984375,0.552410364151001,0.8335723280906677,0.0,0.9855432545341115,0.5005152089924747,-0.000727708057540466,1374.177446076159,4.492500305175781
1385.842844042751,206.2436981201172,25.517623901367188,4.3625640869140625,0.5688181519508362,0.82246333360672,0.0,0.9657281569137377,0.6942475920291402,-0.005196265214724938,192.44591233839373,3.7345316410064697
1391.7633333003891,209.69876098632812,30.325225830078125,4.4037628173828125,0.6025180816650391,0.7981052398681641,0.0,0.9241438913944988,1.0047423952903256,-0.008030314226570634,124.52812826317664,2.759000062942505
1397.7421106042457,213.43003845214844,34.99610900878906,4.48248291015625,0.6447842121124268,0.7643646597862244,0.0,0.8700553929471697,1.5219810392921806,-0.008490011979052692,117.78546396251129,1.7600001096725464
1403.7058756304812,217.37998962402344,39.46307373046875,4.5854644775390625,0.6802190542221069,0.733008861541748,0.0,0.8227348691520169,1.594006676615073,-0.007790398555065081,128.36313738400847,1.2500001192092896
1409.6362654891213,221.50262451171875,43.7252197265625,4.6721649169921875,0.7127497792243958,0.701418399810791,0.0,0.7773855825152423,1.137520732985714,-0.008255884691628801,121.12572272405494,1.5700000524520874
1415.5540559508386,225.8147735595703,47.77778625488281,4.7203216552734375,0.7485438585281372,0.6630852818489075,0.0,0.724932987200112,0.5928377235369264,-0.00907640515547764,110.17577806082144,2.1500000953674316
1421.4984471277514,230.3676300048828,51.59967041015625,4.74237060546875,0.7840027809143066,0.6207572817802429,0.0,0.6697082659576973,0.34518091281354746,-0.008706425547813708,114.85769843298235,2.3480000495910645
1427.5028779849488,235.16497802734375,55.21052551269531,4.76153564453125,0.813313364982605,0.5818259119987488,0.0,0.6209719138565597,-0.20399533020936667,-0.0070948516662490135,140.94727374740046,3.3470001220703125
1433.5820097417368,240.17127990722656,58.65882873535156,4.7169342041015625,0.8341917395591736,0.5514745116233826,0.0,0.5841308019580302,-0.7496794667310902,-0.0056512169782981445,176.95303575145127,4.199997901916504
1439.7538829063662,245.37416076660156,61.97843933105469,4.6696624755859375,0.8515743017196655,0.5242339372634888,0.0,0.5518152758042835,-0.915205648028361,-0.004198004142372244,238.20843574368448,4.349998474121094
1446.0165514122402,250.7413330078125,65.20489501953125,4.6028594970703125,0.8617331981658936,0.5073617100715637,0.0,0.532120409440954,-1.1422403876692022,-0.0017010608560036472,587.8684448417264,4.349998474121094
1452.37446216916,256.22857666015625,68.41537475585938,4.525360107421875,0.8624914288520813,0.5060716271400452,0.0,0.5306240043492301,-1.3361023128720506,0.001472212532818526,679.2497534887283,4.049997329711914
1458.8223202058562,261.760009765625,71.72737121582031,4.431549072265625,0.8518534302711487,0.5237802267074585,0.0,0.5512825788709094,-1.8204293207765287,0.00433071902140645,230.90853852606645,3.499997854232788
1465.3322528084534,267.2491912841797,75.22419738769531,4.2890167236328125,0.8326718807220459,0.5537667274475098,0.0,0.58688111627962,-2.1941626935447376,0.006012409097237555,166.3226809465539,3.0499982833862305
1471.8088573765058,272.5643310546875,78.92222595214844,4.1466064453125,0.8084239363670349,0.5886006355285645,0.0,0.6293267805501254,-2.6943529077361363,0.005358652200495341,186.61408924945016,2.649998664855957
1478.1977739751078,277.6785430908203,82.74606323242188,3.9432373046875,0.7924193739891052,0.6099766492843628,0.0,0.656031131841193,-3.3255146157639306,0.00401035582271779,249.35443242597538,2.349998950958252
1484.4152803376778,282.5567626953125,86.59495544433594,3.7278594970703125,0.7776102423667908,0.6287466287612915,0.0,0.6799403297261781,-3.4223376877592027,0.00342299747090824,292.14161228540587,2.1999990940093994
1490.380178997804,287.15773010253906,90.38578796386719,3.5261077880859375,0.7661672830581665,0.6426411867141724,0.0,0.6979405743014033,-3.53639938195644,0.002702346396246752,370.0487847852832,2.099999189376831
1496.0565038516982,291.4807586669922,94.05844116210938,3.317047119140625,0.7573332786560059,0.6530285477638245,0.0,0.7115765482806008,-3.7176062406264645,0.0037753841840684893,264.8737058919297,1.949999213218689
1501.4114058851396,295.49053955078125,97.6019287109375,3.1162261962890625,0.7393243312835693,0.6733494997024536,0.0,0.7387299748779617,-3.813632730261846,0.006075580042741155,164.59333807884855,1.9999991655349731
1506.5671350213895,299.24085998535156,101.13417053222656,2.9164581298828125,0.7143917083740234,0.6997460126876831,0.0,0.7750419075173339,-3.559768778611694,0.008228125106302955,121.53436986926394,2.1499991416931152
1511.5972090111059,302.75376892089844,104.73060607910156,2.7528533935546875,0.6805774569511414,0.7326761484146118,0.0,0.8222458389392073,-2.8185070386882396,0.011106401096278376,90.03816729931428,2.599998712539673
1516.5551726483957,306.01710510253906,108.46128845214844,2.6343231201171875,0.6327270865440369,0.7743748426437378,0.0,0.8857264831007962,-1.8860501372467475,0.013095995522727694,76.3592197526741,3.3499979972839355
1521.450072100683,308.99755859375,112.34359741210938,2.5663909912109375,0.5806721448898315,0.8141374588012695,0.0,0.9512422667868514,-1.5076229511121197,0.013643567704420753,73.29461191268781,3.9718732833862305
1526.277950711484,311.6770324707031,116.35890197753906,2.4878997802734375,0.5247751474380493,0.851240873336792,0.0,1.0183453757948686,-1.429171058663986,0.01514450724318507,66.03054057437184,4.9708733558654785
1531.0356302363612,314.02545166015625,120.49617004394531,2.4291229248046875,0.45694631338119507,0.8894942998886108,0.0,1.0962372380228897,-1.0438933966555652,0.016626605435612785,60.144567925939015,5.969873428344727
1535.7181420006416,316.01129150390625,124.73654174804688,2.389068603515625,0.38529789447784424,0.9227922558784485,0.0,1.1752657105454436,-0.7665063809679684,0.017415413571796795,57.420399227236224,6.968873500823975
1540.3220502806037,317.61915588378906,129.05044555664062,2.3578033447265625,0.3078344464302063,0.9514399170875549,0.0,1.257880209068773,-0.4422180015625832,0.018944276874595517,52.786390666672055,7.53000020980835
1544.8442516896139,318.8323059082031,133.40687561035156,2.34832763671875,0.2209661602973938,0.9752814769744873,0.0,1.347991320016526,0.0984081229275513,0.019778317366451664,50.56041833448471,7.970000267028809
1549.279649786432,319.63002014160156,137.76991271972656,2.3660888671875,0.13530810177326202,0.990803599357605,0.0,1.435071913166279,0.25548818428467457,0.019495074889058217,51.29500685125651,8.410000801086426
1553.6332009475814,320.0519561767578,142.10296630859375,2.3710174560546875,0.051418714225292206,0.9986771941184998,0.0,1.5193549286217287,0.15262771232727457,0.020097308866495994,49.75790572971136,8.051200866699219
1557.9078138019966,320.0923614501953,146.37738037109375,2.3791961669921875,-0.037554219365119934,0.9992945790290833,0.0,1.6083593794759765,0.13019356640668334,0.02096402673866815,47.700759613872265,7.173400402069092
1562.1060095212142,319.76051330566406,150.56243896484375,2.38214111328125,-0.12582680583000183,0.9920521974563599,0.0,1.6969575470836693,0.07303771817783744,0.021716428725840425,46.048087032381055,6.174400329589844
1566.2286203636002,319.0673522949219,154.62635803222656,2.3852691650390625,-0.21644286811351776,0.9762952923774719,0.0,1.7889658150312124,0.0617667591113813,0.022929683069705248,43.611592753377494,5.318800449371338
1570.2717303800719,318.0180969238281,158.53094482421875,2.38720703125,-0.3082018494606018,0.951321005821228,0.0,1.8840986114235552,-0.03911390475107024,0.0240616357451085,41.55993427019152,4.960000514984131
1574.2334433022754,316.6283721923828,162.24090576171875,2.3822784423828125,-0.3992446959018707,0.9168444275856018,0.0,1.981489209703919,-0.16858239363335414,0.025551707553212233,39.13632769620068,5.268518924713135
1578.1332436340767,314.90277099609375,165.73814392089844,2.3740081787109375,-0.49171513319015503,0.8707561492919922,0.0,2.0848546799967513,0.05315850354721263,0.027174154784337323,36.79967262777135,6.039815425872803
1581.9943781247493,312.8377227783203,169.00062561035156,2.386199951171875,-0.5822864174842834,0.8129836916923523,0.0,2.1923345884171894,0.2402994466137176,0.02729543150560343,36.636167477136674,7.038815498352051
1585.819548397769,310.4640808105469,172.000244140625,2.3925323486328125,-0.6623102426528931,0.7492296695709229,0.0,2.2946944117478,-0.031222661262364504,0.02700371874927765,37.03193657454124,8.03781509399414
1589.6571226906126,307.7852325439453,174.7480926513672,2.383758544921875,-0.7368958592414856,0.6760062575340271,0.0,2.3992632547674906,-0.09302617050001571,0.02709119359411083,36.91236403173403,8.816482543945312
1593.5532797533792,304.78675842285156,177.23590087890625,2.385498046875,-0.8036452531814575,0.5951086282730103,0.0,2.50419183200658,-0.09122002531561368,0.02538017676258919,39.400828818261694,9.125000953674316
1597.5210862553436,301.49745178222656,179.4548797607422,2.3763885498046875,-0.8561805486679077,0.5166767835617065,0.0,2.5986277219945806,-0.10138181801547241,0.0229076219099702,43.65359284914533,9.733438491821289
1601.587789468602,297.927490234375,181.40255737304688,2.3776092529296875,-0.8989068865776062,0.4381397068500519,0.0,2.6880645308364906,0.04662446621493399,0.019564556986962744,51.11283637377382,9.996004104614258
1605.7775095496045,294.0982971191406,183.1028594970703,2.380279541015625,-0.9279067516326904,0.3728123605251312,0.0,2.759554605136298,0.373628730909753,0.014936838680273179,66.94857067183048,8.997004508972168
1610.0983505604952,290.04640197753906,184.60316467285156,2.4102325439453125,-0.9470186829566956,0.3211784362792969,0.0,2.814619059672672,0.8549941170691966,0.011710657084902376,85.39230486812059,7.998004913330078
1614.5427607058002,285.80625915527344,185.93429565429688,2.45562744140625,-0.9611520171165466,0.27601945400238037,0.0,2.861942445317988,1.0903830636804335,0.010647971865353323,93.9145982582682,6.99900484085083
1619.1125681375486,281.38600158691406,187.09259033203125,2.508697509765625,-0.9734401106834412,0.22894175350666046,0.0,2.910602227356169,1.4278801056823665,0.009853434749027501,101.4874534079293,6.000004768371582
1623.7943405039684,276.80828857421875,188.07095336914062,2.5883331298828125,-0.9822544455528259,0.18755315244197845,0.0,2.9529221531594647,2.1356683369859297,0.00809791492706563,123.48857811011372,6.020000457763672
1628.587180483593,272.08811950683594,188.89315795898438,2.7120208740234375,-0.9880920648574829,0.15386375784873962,0.0,2.9871152377762784,2.6099660119487442,0.006691870754926443,149.4350438946862,5.6700005531311035
1633.4869256804411,267.2374725341797,189.57286071777344,2.84136962890625,-0.9923336505889893,0.12358780950307846,0.0,3.017688050826924,2.848664930168648,0.0054281739609907675,184.2240147766887,5.020000457763672
1638.4820061336557,262.2762451171875,190.13291931152344,2.994293212890625,-0.9949116110801697,0.10075157880783081,0.0,3.0406698382798814,3.091584368160727,0.004266940992061263,234.35993182481823,4.6700005531311035
1643.575311845232,257.20655822753906,190.59632873535156,3.1533203125,-0.9967274069786072,0.08083600550889969,0.0,3.060668350928031,3.387644608678114,0.003369249275449071,296.80202271965015,4.620080471038818
1648.7586327948425,252.04066467285156,190.97634887695312,3.3429107666015625,-0.997796356678009,0.06635071337223053,0.0,3.0751931591503405,3.5429912022391594,0.0022136757833432497,451.73733548719105,4.501040458679199
1654.0255037442164,246.7870330810547,191.3030242919922,3.52337646484375,-0.9983248114585876,0.05785777419805527,0.0,3.0837025492256327,3.1630711213353866,0.0011492898850829492,870.1024980549844,4.3589606285095215
1659.3764769574257,241.44668579101562,191.60235595703125,3.678314208984375,-0.998527467250824,0.05424894019961357,0.0,3.0873170708274063,2.8476822308918237,0.00042486312091361,2353.6992287060284,4.239920616149902
1664.806434371873,236.02664184570312,191.89297485351562,3.8303070068359375,-0.9985772371292114,0.05332426354289055,0.0,3.088243085950949,2.6609758846626197,8.387568584111715e-05,11922.40623694292,4.190000534057617
1670.2609860068148,230.58160400390625,192.1841278076172,3.9678802490234375,-0.9985763430595398,0.0533415824174881,0.0,3.0882257440415075,2.507143660857114,-7.777649434659306e-05,12857.35501967638,4.198997974395752
1675.8236289441159,225.02865600585938,192.48170471191406,4.1064910888671875,-0.9985303282737732,0.05419616773724556,0.0,3.087369920785666,2.4336555793063877,1.4230650705659986e-05,70270.85554157181,4.897998332977295
1681.4976431659634,219.36444091796875,192.78659057617188,4.2412109375,-0.9985868334770203,0.05314414203166962,0.0,3.0884234629165928,2.4342610640413764,0.00026021788571151117,3842.9333835593584,3.898998498916626
1687.2679787106613,213.60382080078125,193.0887451171875,4.38519287109375,-0.9986880421638489,0.05120782181620598,0.0,3.0903624266428413,2.3541570985894653,0.00030445696350228646,3284.536469445837,2.899998426437378
1693.1332828584673,207.74740600585938,193.3843536376953,4.514862060546875,-0.9987685680389404,0.04961230978369713,0.0,3.091959969600836,2.079937161022433,0.0002622069270894478,3813.781775715123,2.8499984741210938
1699.0934591476528,201.79544067382812,193.67477416992188,4.6309051513671875,-0.9988418817520142,0.048112865537405014,0.0,3.093461205220336,1.927810495096971,0.00021106212924043577,4737.941399524258,2.7999985218048096
1705.1462846834143,195.75051879882812,193.96160888671875,4.7464141845703125,-0.99889075756073,0.047087397426366806,0.0,3.0944878374940914,1.7178923388584344,9.0333964597622e-05,11070.033341881295,2.7499985694885254
1711.2894629320504,189.61483764648438,194.2501983642578,4.8400726318359375,-0.9988936185836792,0.04702681675553322,0.0,3.0945484856859133,1.4767249568385599,-2.2420955311741597e-05,44601.13256085531,2.699998617172241
1717.5237668434895,183.38812255859375,194.54454040527344,4.929107666015625,-0.9988774061203003,0.04737052693963051,0.0,3.0942043933528307,1.19230017951642,-0.00011639675963967533,8591.30445809367,2.649998664855957
1723.845728278709,177.07373046875,194.84788513183594,4.9893646240234375,-0.9988232851028442,0.04849744960665703,0.0,3.0930761717800017,0.9117160669920521,-0.0001385794770898674,7216.075720588194,2.599998712539673
1730.2565348283451,170.6708526611328,195.16171264648438,5.0451202392578125,-0.9987925887107849,0.04912584275007248,0.0,3.0924470293194224,0.7113205212577967,-0.00014134577342844734,7074.848973154647,2.4999988079071045
1736.7526335015687,164.18275451660156,195.48202514648438,5.080902099609375,-0.9987328052520752,0.05032696947455406,0.0,3.091244415648535,0.48887899869563545,-9.285713573631282e-05,10769.231595078576,2.4499988555908203
1743.3342366541522,157.60964965820312,195.81520080566406,5.10894775390625,-0.9987329840660095,0.05032283440232277,0.0,3.091248554480026,0.1615895756317487,-2.709112473547881e-06,369124.578534161,2.399998903274536
1749.9980432078182,150.9542999267578,196.15074157714844,5.10186767578125,-0.9987309575080872,0.05036335811018944,0.0,3.091207980133269,-0.1689526095872862,-8.721378962767146e-06,114660.7668660137,2.349998950958252
1756.7461312796288,144.21482849121094,196.4912872314453,5.086181640625,-0.9987270832061768,0.05044010281562805,0.0,3.091131137696579,-0.2321816840283042,-1.1210617316542715e-05,89201.15384942904,2.2999989986419678
1763.575815888865,137.39390563964844,196.83676147460938,5.070343017578125,-0.9987232685089111,0.050515349954366684,0.0,3.091055793925824,-0.17734186719373102,-5.412518024050517e-06,184756.89051870152,2.1999990940093994
1770.483853621837,130.4947509765625,197.18687438964844,5.0619049072265625,-0.9987233877182007,0.050513479858636856,0.0,3.0910576676558574,-0.10736753997634407,3.5336512691303e-05,28299.340366037854,2.049999237060547
1777.4673623260258,123.5201416015625,197.5392608642578,5.055450439453125,-0.998748242855072,0.050019778311252594,0.0,3.091551994465593,-0.2695989293244605,5.96228115838926e-05,16772.104056061573,1.9999991655349731
1784.5246185082462,116.47177124023438,197.89187622070312,5.0237884521484375,-0.998765230178833,0.04967903345823288,0.0,3.091893162493807,-0.2565778804146379,-3.077854775260236e-05,32490.16191530508,1.8999992609024048
1791.6568485951389,109.34828186035156,198.24484252929688,5.0193328857421875,-0.9987257122993469,0.05046787112951279,0.0,3.0911033355813897,-0.14581713294586351,1.5894582731823537e-05,62914.51728379365,1.8999992609024048
1798.856530679613,102.15776062011719,198.6075439453125,5.002777099609375,-0.9987773895263672,0.049434371292591095,0.0,3.092138126622345,-0.1595019224793881,6.344755575934946e-05,15761.048444370415,1.8499993085861206
1806.1258145727745,94.8973388671875,198.96632385253906,4.9963531494140625,-0.9987710118293762,0.04956221207976341,0.0,3.092010126855449,0.10859090202094968,-5.068655388273946e-05,19729.098220278393,1.7999993562698364
1813.4385590670834,87.59371948242188,199.33084106445312,5.0187835693359375,-0.9987404346466064,0.05017544701695442,0.0,3.0913961300586585,0.3686413257180554,-9.92455759071531e-05,10076.01589148444,2.0022218227386475
1820.7871847864133,80.25454711914062,199.70211791992188,5.050445556640625,-0.998697817325592,0.05101654678583145,0.0,3.0905539512881326,0.3397217214339665,-0.00013489766939758785,7413.0265145847015,2.3777778148651123
1828.221706619768,72.8299560546875,200.0858154296875,5.06884765625,-0.9986382126808167,0.05217054858803749,0.0,3.089398411163946,0.2620199278072777,-4.238650442500713e-05,23592.414934080323,2.580000162124634
1835.728167354913,65.33364868164062,200.47555541992188,5.0896148681640625,-0.9986661672592163,0.05163268744945526,0.0,3.0899369982564635,0.4182947162305328,0.00014881171404515503,6719.901093919008,2.5151853561401367
1843.3050792670895,57.76658630371094,200.8594207763672,5.13214111328125,-0.9987533092498779,0.04991799592971802,0.0,3.091653902859922,0.9119450249028993,0.0003034631485007988,3295.2930362065617,2.394814968109131
1850.9473961234662,50.13389587402344,201.23048400878906,5.2288665771484375,-0.998894453048706,0.047009751200675964,0.0,3.0945655716017555,1.5641818787277606,0.0003169770421836693,3154.802610028015,2.330000162124634
1858.6430987515437,42.44770812988281,201.58511352539062,5.37237548828125,-0.9989839196205139,0.045068539679050446,0.0,3.0965088439598314,2.0431541783133,0.0002981574792523811,3353.9322994930835,2.1303703784942627
1866.285928533203,34.81413269042969,201.92063903808594,5.5420684814453125,-0.9990987777709961,0.0424458384513855,0.0,3.0991340597355244,2.36908730919394,0.0004999771597438696,2000.0913651981307,1.759629726409912
1873.7020245043425,27.406448364257812,202.22055053710938,5.7284698486328125,-0.999292254447937,0.03761572390794754,0.0,3.1039680524523816,2.6621457786463187,0.000917158192720563,1090.3244477746023,1.5600000619888306
1880.838043240077,20.27734375,202.46253967285156,5.92864990234375,-0.9995720386505127,0.029253650456666946,0.0,3.112334829630885,2.9787949723250606,0.0016916104031780843,591.152666193863,1.5999995470046997
1887.7555046090272,13.365081787109375,202.61911010742188,6.1463470458984375,-0.9999009370803833,0.014074571430683136,0.0,3.127517617279247,3.2360249150414857,0.003293955127630449,303.5864063878015,1.699999451637268
1894.4678478409946,6.6564483642578125,202.6266632080078,6.369354248046875,-0.9998845458030701,-0.015193347819149494,0.0,-3.126398720741775,3.3798047171977927,0.005144033332848297,194.39998446633143,2.049999237060547
1900.9794505525,0.1522369384765625,202.4118194580078,6.5930633544921875,-0.9985617399215698,-0.05361378192901611,0.0,-3.087953153094027,3.0570417942767603,0.0073150618546151125,136.7042439113614,2.5499987602233887
1907.306483435419,-6.1533050537109375,201.91934204101562,6.763214111328125,-0.9941092729568481,-0.10838259011507034,0.0,-3.0329967445028543,2.800669401688227,0.010054560345538366,99.45735722236152,3.199998140335083
1913.522989918384,-12.304901123046875,201.0417938232422,6.944122314453125,-0.9839403629302979,-0.17849767208099365,0.0,-2.962133268198403,3.1355249523382978,0.011574145774595757,86.39946476178942,3.8999974727630615
1919.6319184405663,-18.271240234375,199.74574279785156,7.149200439453125,-0.9686111211776733,-0.24858099222183228,0.0,-2.890377668491658,3.2522885879518793,0.011533072875056727,86.70716042753536,4.549999237060547
1925.6309013653424,-24.029388427734375,198.07366943359375,7.338134765625,-0.9495033025741577,-0.31375694274902344,0.0,-2.8224454391761924,3.09696012735704,0.011930880594669457,83.81610997320561,4.90000057220459
1931.5450656361695,-29.572174072265625,196.01881408691406,7.5182342529296875,-0.923669695854187,-0.38318967819213867,0.0,-2.7483455607034397,3.075607147660553,0.012661349253665466,78.98052411045367,5.400002479553223
1937.4171279667369,-34.90830993652344,193.57473754882812,7.7006072998046875,-0.8923072814941406,-0.4514285624027252,0.0,-2.673226993800275,2.8501907357946887,0.012218679556953826,81.84190405671828,6.100005149841309
1943.2781923595212,-40.04554748535156,190.75733947753906,7.8527069091796875,-0.85944002866745,-0.5112366080284119,0.0,-2.6049696344221824,2.50279809681746,0.011845999809272756,84.41668209526938,6.750007629394531
1949.1537181430836,-44.98577880859375,187.57994079589844,7.99432373046875,-0.8211329579353333,-0.5707370042800903,0.0,-2.534189554175265,2.3990678416721867,0.01160813407218253,86.14648950311295,7.400010108947754
1955.0577333337726,-49.72373962402344,184.0601043701172,8.135299682617188,-0.781745433807373,-0.6235977411270142,0.0,-2.4682561870441506,2.2752561010058847,0.011319399470440472,88.34390928700805,8.000012397766113
1961.0048635057433,-54.24623107910156,180.2001953125,8.263870239257812,-0.7374129891395569,-0.675442099571228,0.0,-2.4000285635888976,1.9813492816925016,0.010832733143389839,92.312806635526,8.650014877319336
1966.994724704203,-58.5406494140625,176.02589416503906,8.371658325195312,-0.6948450803756714,-0.7191594243049622,0.0,-2.3390008052758966,1.6243792488210285,0.010484662590136529,95.37741356987037,9.250017166137695
1973.0372819503377,-62.60218811035156,171.5527801513672,8.459136962890625,-0.6465436816215515,-0.7628769874572754,0.0,-2.273841366574406,1.3026038197416656,0.010719177556256787,93.2907394015784,9.750019073486328
1979.1300082375249,-66.395263671875,166.78529357910156,8.529586791992188,-0.5956950187683105,-0.8032106757164001,0.0,-2.2089270192102313,1.082891038338074,0.010245709508394707,97.60183022763442,10.250020980834961
1985.2703382952086,-69.90322875976562,161.7460479736328,8.591537475585938,-0.5461386442184448,-0.8376948237419128,0.0,-2.148544087358643,0.8653119551397803,0.009627523919805647,103.86886683738172,10.750022888183594
1991.4629079921363,-73.14619445800781,156.47071838378906,8.636154174804688,-0.4963741600513458,-0.8681086897850037,0.0,-2.0902133777082823,0.45623385308105613,0.009653754024605499,103.58664592563669,11.00002384185791
1997.6992063896735,-76.076416015625,150.96571350097656,8.64801025390625,-0.4419236481189728,-0.8970526456832886,0.0,-2.028538289543852,0.07097401354846378,0.009558864808391687,104.614932844547,11.100024223327637
2003.9550197455128,-78.68663024902344,145.2804718017578,8.644973754882812,-0.38943636417388916,-0.9210533499717712,0.0,-1.9708159027583714,-0.09346013834113931,0.009213869219749482,108.53203753495312,11.250024795532227
2010.208022571217,-80.95606994628906,139.45384216308594,8.636322021484375,-0.335830956697464,-0.9419222474098206,0.0,-1.913283619363634,-0.35573828574245736,0.009183868424544384,108.88657739558268,11.250024795532227
2016.4694997330564,-82.905517578125,133.50367736816406,8.600418090820312,-0.28124240040779114,-0.9596367478370667,0.0,-1.8558848513775938,-0.7233895919495748,0.009607986706631766,104.08007739121508,11.1500244140625
2022.7296501989865,-84.48849487304688,127.44721984863281,8.545745849609375,-0.22035737335681915,-0.9754192233085632,0.0,-1.7929771576390325,-1.0378844031696088,0.010187655484835412,98.15801108395605,10.85002326965332
2029.0019007296937,-85.67588806152344,121.28884887695312,8.470306396484375,-0.15676014125347137,-0.9876366853713989,0.0,-1.7282057067421872,-1.31865831514405,0.010613212191243171,94.22218099295965,10.500021934509277
2035.2968721915684,-86.46308898925781,115.0439453125,8.379974365234375,-0.08867257833480835,-0.996060848236084,0.0,-1.659585519306354,-1.6258537467290668,0.010540373614506604,94.8732973396418,10.100020408630371
2041.615526261071,-86.83001708984375,108.73699951171875,8.26513671875,-0.024471715092658997,-0.9997005462646484,0.0,-1.5952704845118866,-1.9527108931684856,0.010335523716884287,96.7536844181764,9.600018501281738
2047.96963428058,-86.77613830566406,102.38450622558594,8.132415771484375,0.04218907281756401,-0.9991096258163452,0.0,-1.5285947276314331,-2.1458595179924878,0.010182024830169722,98.21229241525344,9.100016593933105
2054.37052241258,-86.30860900878906,96.00227355957031,7.9913787841796875,0.10517343133687973,-0.9944539070129395,0.0,-1.4654280300525395,-2.354454623184399,0.008953176968390486,111.69219636007821,8.913346290588379
2060.828625444966,-85.46331787109375,89.60177612304688,7.8294830322265625,0.15657825767993927,-0.9876655340194702,0.0,-1.4135711040636583,-2.711801913904066,0.007150390170850951,139.85250819970184,8.566671371459961
2067.3640128907377,-84.30197143554688,83.17323303222656,7.638702392578125,0.1968461573123932,-0.9804344177246094,0.0,-1.3726562377135485,-2.9852465291562824,0.005229608701977528,191.21889552116187,8.380001068115234
2073.986106821525,-82.91065979003906,76.70210266113281,7.43658447265625,0.22393850982189178,-0.9746032953262329,0.0,-1.3449425827296868,-3.016538238692401,0.00396201727788098,252.39667822317864,8.720000267028809
2080.698527159931,-81.33067321777344,70.18135070800781,7.2365264892578125,0.248306006193161,-0.9686816334724426,0.0,-1.3198652242432338,-2.890218160994762,0.003754552321460436,266.34333853443883,8.391875267028809
2087.4951993448562,-79.56245422363281,63.62147521972656,7.046295166015625,0.27306482195854187,-0.9619956612586975,0.0,-1.2942188361206017,-2.773587503486258,0.003912528396039727,255.58919930452208,7.670000076293945
2094.3739194559507,-77.59754943847656,57.032073974609375,6.857269287109375,0.2997775077819824,-0.9540091156959534,0.0,-1.2663368911202726,-2.6063751219608355,0.004226152001261252,236.62187249809287,6.94812536239624
2101.332645726476,-75.41500854492188,50.42669677734375,6.6858673095703125,0.3288489282131195,-0.9443825483322144,0.0,-1.2357118751379055,-2.4156866671689095,0.004161461837800029,240.30017310663442,6.62000036239624
2108.365461136129,-73.01353454589844,43.818695068359375,6.51934814453125,0.35475221276283264,-0.9349603652954102,0.0,-1.208147300428989,-2.1964312570193156,0.0038699430958557546,258.4017323331912,6.555185317993164
2115.471754568015,-70.40435791015625,37.210296630859375,6.3755645751953125,0.37999850511550903,-0.9249870777130127,0.0,-1.1810016377722135,-1.9344299716962998,0.003554719011086227,281.31618754710706,6.434815406799316
2122.649330724545,-67.60014343261719,30.604507446289062,6.2431640625,0.401712566614151,-0.9157658219337463,0.0,-1.157410159612406,-1.6148687230867542,0.002799802816090158,357.16800992309544,5.698999881744385
2129.896578090122,-64.63259887695312,23.993438720703125,6.1429443359375,0.41697365045547485,-0.908918559551239,0.0,-1.1406831692751247,-1.498151226444977,0.0016856101790512779,593.2569774601361,4.699999809265137
2137.21077271008,-61.55377197265625,17.35986328125,6.0248565673828125,0.4239908754825592,-0.9056664705276489,0.0,-1.1329489706395055,-1.3127903106048389,0.0005462133164572669,1830.7865624477781,5.250001907348633
2144.549657005973,-58.43794250488281,10.715667724609375,5.9507293701171875,0.4242120385169983,-0.9055628776550293,0.0,-1.1327047482591857,-0.9855660217822582,-6.310027123840323e-05,15847.792416324728,5.850004196166992
2151.972668298812,-55.29359436035156,3.9918975830078125,5.8794097900390625,0.4231323003768921,-0.9060679078102112,0.0,-1.1338967592045701,-0.7413297697031362,-0.00032352772200350266,3090.9252344971337,6.400006294250488
2159.478289273735,-52.12757873535156,-2.8131866455078125,5.840423583984375,0.41980883479118347,-0.9076125621795654,0.0,-1.137561646042221,-0.3759874923617179,-0.0005725073234654765,1746.7025468719655,7.000008583068848
2167.05560458687,-48.96183776855469,-9.697479248046875,5.822906494140625,0.41528159379959106,-0.9096928834915161,0.0,-1.1425439848041328,-0.03247905660689887,-0.0007341994820466158,1362.0276565878971,7.550010681152344
2174.7018789468234,-45.805938720703125,-16.662078857421875,5.83575439453125,0.40962859988212585,-0.9122523665428162,0.0,-1.1487494194331136,0.46401650364347735,-0.0008893381913432918,1124.4316388679542,8.150012969970703
2182.415278573608,-42.66981506347656,-23.708908081054688,5.8945770263671875,0.4028072953224182,-0.9152848124504089,0.0,-1.1562144166570734,0.83766030165906,-0.0009139893944009603,1094.1045991626763,8.650014877319336
2190.192228004757,-39.558013916015625,-30.835800170898438,5.965606689453125,0.3966785967350006,-0.9179575443267822,0.0,-1.162900567218426,0.882884150335167,-0.0009373167256838122,1066.8752328840155,9.150016784667969
2198.0330660774166,-36.472991943359375,-38.043914794921875,6.0324249267578125,0.3893567621707916,-0.9210870265960693,0.0,-1.1708631834272571,0.9625284864903605,-0.0011717812156188945,853.4016305013342,9.550018310546875
2205.9369914375816,-33.4287109375,-45.337554931640625,6.1172943115234375,0.37965795397758484,-0.9251269102096558,0.0,-1.1813697793368556,0.9659332908019014,-0.0013159390278542626,759.9136273285967,9.900019645690918
2213.9001474835623,-30.440872192382812,-52.71861267089844,6.1855621337890625,0.3700423538684845,-0.9290148615837097,0.0,-1.1917417078033024,0.7354355068539375,-0.0013607222724000834,734.9038229793722,10.200020790100098
2221.92522429137,-27.511154174804688,-60.18963623046875,6.2347259521484375,0.3594363033771515,-0.9331696033477783,0.0,-1.203132563530328,0.5322422435440399,-0.001442627595378554,693.1795864736624,10.350021362304688
2230.010128993308,-24.649856567382812,-67.75120544433594,6.271209716796875,0.34835079312324524,-0.9373642206192017,0.0,-1.2149852004431196,0.44410189006665046,-0.0013953628352983416,716.6594771647266,10.500021934509277
2238.090885974232,-21.874343872070312,-75.34027099609375,6.3065185546875,0.3382966220378876,-0.941039502620697,0.0,-1.2256901130377147,0.45825444699519324,-0.00125993329696239,793.6928108900124,10.500021934509277
2245.995842982328,-19.234329223632812,-82.791259765625,6.344390869140625,0.32938075065612793,-0.9441971778869629,0.0,-1.235148672403255,0.4751277389410058,-0.0011728947864704797,852.5913931370081,10.40002155303955
2253.525724176142,-16.782791137695312,-89.91079711914062,6.3798828125,0.32118967175483704,-0.9470148682594299,0.0,-1.2438108674736668,0.6488770342613637,-0.0012215827904707988,818.6100915964929,10.250020980834961
2260.625484655753,-14.530502319335938,-96.64358520507812,6.437835693359375,0.31251153349876404,-0.9499139785766602,0.0,-1.252960485422642,0.47951836581163754,-0.0011854718763963934,843.5459498540006,10.000020027160645
2267.3560271732404,-12.45245361328125,-103.0452880859375,6.4486236572265625,0.3055497705936432,-0.9521760940551758,0.0,-1.260280563865255,0.30992520630435116,-0.0014801724909694336,675.5969362361637,9.750019073486328
2273.7258651730453,-10.535980224609375,-109.11991882324219,6.477386474609375,0.2942977547645569,-0.9557138085365295,0.0,-1.2720756855239408,0.5189661544582447,-0.0026257443868111796,380.8443826531205,9.600018501281738
2279.713181494513,-8.827407836914062,-114.85816955566406,6.5122528076171875,0.27505165338516235,-0.9614294767379761,0.0,-1.2921529064669472,0.37478310421443783,-0.003760788510419555,265.9016845082947,9.600018501281738
2285.3144209086095,-7.34161376953125,-120.25874328613281,6.522369384765625,0.2526741027832031,-0.9675514698028564,0.0,-1.3153532876321095,0.2510264357803771,-0.005503567015619881,181.70034037231895,9.600018501281738
2290.533450103641,-6.1037750244140625,-125.32882690429688,6.5388946533203125,0.2183258831501007,-0.9758759140968323,0.0,-1.3506976872123067,0.3156552956602887,-0.007248127761781409,137.96666295990138,9.600018501281738
2295.36684369975,-5.124267578125,-130.06190490722656,6.554107666015625,0.18191666901111603,-0.9833139777183533,0.0,-1.3878610372129536,0.28608889545532756,-0.00959197860481309,104.25377716107678,9.600018501281738
2299.8863851340448,-4.406829833984375,-134.5241241455078,6.565826416015625,0.13116227090358734,-0.9913609027862549,0.0,-1.4392550371082118,0.22670656432476344,-0.013394716408672847,74.65630249196745,9.600018501281738
2304.144708588948,-3.9721221923828125,-138.76019287109375,6.5741729736328125,0.06633598357439041,-0.9977973699569702,0.0,-1.5044115969255447,0.2565732754976957,-0.01769029589734561,56.5281669567804,9.500018119812012
2308.2033526599294,-3.850738525390625,-142.81700134277344,6.5869293212890625,-0.014655983075499535,-0.9998925924301147,0.0,-1.5854528346422745,0.24773724812591214,-0.021925124239619342,45.60977575638868,9.350017547607422
2312.119782634796,-4.0743560791015625,-146.72703552246094,6.5941162109375,-0.10771334916353226,-0.9941819906234741,0.0,-1.678719055875757,0.25123323220604954,-0.024723189549050728,40.44785556556136,8.842000007629395
2315.9503870826156,-4.6595001220703125,-150.51266479492188,6.6062774658203125,-0.20457898080348969,-0.9788500666618347,0.0,-1.7768298972870245,0.2218031742464821,-0.026396455117584594,37.883874768238385,7.843000411987305
2319.703705416231,-5.6005706787109375,-154.14608764648438,6.611083984375,-0.3031452000141144,-0.9529443979263306,0.0,-1.8787877573676794,0.06799033013048517,-0.027978831425057193,35.74130687618437,6.844000339508057
2323.3815963528405,-6.886474609375,-157.59185791015625,6.611419677734375,-0.40211763978004456,-0.9155880212783813,0.0,-1.984624870899579,-0.009113624517098629,-0.02926697211880036,34.168208311430526,6.437125205993652
2326.99430565874,-8.503707885742188,-160.82237243652344,6.610443115234375,-0.49800950288772583,-0.867171585559845,0.0,-2.0920981884477197,-0.09332257462422167,-0.030397798998176295,32.8971186387539,5.5420002937316895
2330.5533818057006,-10.433151245117188,-163.8130645751953,6.60479736328125,-0.5905707478523254,-0.8069858551025391,0.0,-2.2025622513336063,-0.10041105818928697,-0.03169131013769888,31.55439127177121,4.646875381469727
2334.052932904345,-12.644424438476562,-166.5254669189453,6.6032867431640625,-0.6779143214225769,-0.7351409196853638,0.0,-2.3157181230644044,-0.04329062493034774,-0.03248500637775564,30.783432466393407,3.6690001487731934
2337.532467791561,-15.13458251953125,-168.95574951171875,6.601776123046875,-0.756847083568573,-0.6535919904708862,0.0,-2.429271892047412,0.006453954705032405,-0.03313234409977317,30.18198763687373,2.6700000762939453
2340.9768536833735,-17.858016967773438,-171.06446838378906,6.60369873046875,-0.8273047804832458,-0.5617533326148987,0.0,-2.5450890460044784,0.2143591774860787,-0.032973207706810226,30.327652950594242,1.6700000762939453
2344.38451072972,-20.770584106445312,-172.83334350585938,6.6163482666015625,-0.8840497732162476,-0.46739280223846436,0.0,-2.6552533441196786,0.45937176919224054,-0.03324544536771923,30.079308276344623,1.5700000524520874
2347.804698834281,-23.874664306640625,-174.26931762695312,6.6350860595703125,-0.9325131773948669,-0.3611360192298889,0.0,-2.7721068228448233,0.5752400317887596,-0.03418276220168642,29.254511209473428,1.790000081062317
2351.2593887525695,-27.1595458984375,-175.33889770507812,6.655914306640625,-0.9685810804367065,-0.24869802594184875,0.0,-2.8902568407732945,0.8044942177465431,-0.03423807760115022,29.207247312460243,2.580000162124634
2354.775986380333,-30.609512329101562,-176.019287109375,6.6914215087890625,-0.9914581775665283,-0.13042494654655457,0.0,-3.0107950773058403,0.9690121720386746,-0.03271923011918426,30.563066317800374,3.3500001430511475
2358.3554780972154,-34.17791748046875,-176.298828125,6.7246246337890625,-0.9998127222061157,-0.019353719428181648,0.0,-3.1222377261935486,0.8423676533766411,-0.030612216467916842,32.666697004708915,3.9900002479553223
2361.9938054581116,-37.814300537109375,-176.18312072753906,6.7521209716796875,-0.9959442615509033,0.08997216820716858,0.0,3.051498652077259,0.8258570262991594,-0.02900912076074047,34.47191689288809,4.810000419616699
2365.727711272342,-41.51161193847656,-175.6627197265625,6.78564453125,-0.9811832308769226,0.19307902455329895,0.0,2.9472934013656666,0.9719582519225223,-0.0265306311813428,37.69228078912922,5.720000267028809
2369.5624147680874,-45.235748291015625,-174.74940490722656,6.825836181640625,-0.9580685496330261,0.2865391969680786,0.0,2.850980056550535,1.058668548988595,-0.024156903999191515,41.39603320166641,6.520000457763672
2373.4916274684115,-48.94770812988281,-173.46165466308594,6.86785888671875,-0.9280446767807007,0.37246882915496826,0.0,2.7599247904323994,1.0925652830236832,-0.0234053447589061,42.725283917020036,7.098001480102539
2377.51216182141,-52.608367919921875,-171.79965209960938,6.9127349853515625,-0.888503909111023,0.458869069814682,0.0,2.664870726896936,1.1561701028744764,-0.02366368621682774,42.25884297303094,8.097001075744629
2381.6020544577714,-56.15391540527344,-169.76153564453125,6.9616851806640625,-0.8399564027786255,0.5426539182662964,0.0,2.5679991774309516,1.1576172259836426,-0.024024942959705586,41.62340787560623,9.096000671386719
2385.7348871892736,-59.51533508300781,-167.35757446289062,7.0078887939453125,-0.7811431288719177,0.6243520379066467,0.0,2.46729092289224,1.1037967116524938,-0.024392895167507478,40.99554370782721,10.095000267028809
2389.902836801949,-62.64274597167969,-164.60275268554688,7.0532989501953125,-0.713668167591095,0.7004839181900024,0.0,2.3655172975218526,1.1211740241166113,-0.023714341667759486,42.168575202723694,11.093999862670898
2394.124884348988,-65.51625061035156,-161.5098114013672,7.10198974609375,-0.6423863172531128,0.7663809657096863,0.0,2.2684043071691944,1.13324835026829,-0.022075640851759892,45.298798196396596,12.092999458312988
2398.414912859567,-68.12553405761719,-158.1048583984375,7.1497344970703125,-0.5703552961349487,0.821398138999939,0.0,2.177734644438033,1.0260485898088256,-0.01923093590397315,51.999549319562654,13.091999053955078
2402.800945472397,-70.48915100097656,-154.41041564941406,7.1908416748046875,-0.5065070390701294,0.8622358441352844,0.0,2.1019252143997798,0.8899029812875492,-0.0144450353897001,69.22793700547392,14.090998649597168
2407.3062707157496,-72.66673278808594,-150.4664764404297,7.2287445068359375,-0.4610596299171448,0.8873691558837891,0.0,2.0499852803364926,0.726587492044839,-0.009822612246261908,101.80591220839038,14.850038528442383
2411.933091455883,-74.724853515625,-146.3227081298828,7.2569122314453125,-0.42761024832725525,0.9039632081985474,0.0,2.0126438058846365,0.7511809548658377,-0.007928271470248716,126.13089798357136,15.050039291381836
2416.6795125906656,-76.67860412597656,-141.99725341796875,7.29949951171875,-0.393935889005661,0.9191378951072693,0.0,1.9757061726674991,1.0644478940850743,-0.008313176253831267,120.29096574719358,15.050039291381836
2421.5356130623154,-78.50242614746094,-137.49705505371094,7.3594970703125,-0.3540538549423218,0.9352250099182129,0.0,1.9326985329311166,1.7583555014978214,-0.008810568348900483,113.50005588740427,14.95003890991211
2426.4925864952143,-80.15663146972656,-132.82562255859375,7.473114013671875,-0.3131047785282135,0.9497185945510864,0.0,1.8892567597040306,2.3466469004996826,-0.007739630749986154,129.20513036126292,14.700037956237793
2431.541700247669,-81.65757751464844,-128.00628662109375,7.5944061279296875,-0.2808208465576172,0.9597601890563965,0.0,1.8554455958805045,2.691031119809051,-0.005486076260885292,182.27963893426252,14.300036430358887
2436.683946370102,-83.04359436035156,-123.05673217773438,7.7479095458984375,-0.25976359844207764,0.9656722545623779,0.0,1.8335737123922844,3.0635456324307753,-0.0027837937470930607,359.22201529629723,13.75003433227539
2441.9173950473255,-84.38357543945312,-118.00041198730469,7.91241455078125,-0.2532476782798767,0.9674014449119568,0.0,1.8268322372146046,3.0776587161834845,-0.0006526431348039541,1532.230933985673,13.250032424926758
2447.214839973267,-85.72148132324219,-112.87718200683594,8.071929931640625,-0.2531996965408325,0.9674140214920044,0.0,1.8267826346191591,2.795936065438187,0.00020747154601449824,4819.938055168873,12.800030708312988
2452.542302563349,-87.07443237304688,-107.72621154785156,8.2093505859375,-0.2553921937942505,0.9668375253677368,0.0,1.8290496578482427,2.8513012179746777,0.0007059913918575911,1416.4478654177626,12.300028800964355
2457.986822281351,-88.47587585449219,-102.46791076660156,8.379714965820312,-0.26061350107192993,0.9654431939125061,0.0,1.8344539415186685,3.5784858331228797,0.0012732068729620627,785.4183175068335,11.800026893615723
2463.5327342746036,-89.94235229492188,-97.12408447265625,8.603561401367188,-0.2689511179924011,0.9631538391113281,0.0,1.8431001816156038,3.751185927447087,0.0015785455654767633,633.4945419823679,11.250024795532227
2469.1709353946626,-91.48088073730469,-91.703369140625,8.798721313476562,-0.2776200473308563,0.960690975189209,0.0,1.852112205901314,3.331020860156586,0.0016149300044096537,619.2218840875121,10.750022888183594
2474.901347386234,-93.09478759765625,-86.20797729492188,8.982009887695312,-0.2865907847881317,0.9580531120300293,0.0,1.8614627719777752,3.283230300718909,0.0017226300121245819,580.5077079591014,10.100020408630371
2480.726195850669,-94.79168701171875,-80.63923645019531,9.178268432617188,-0.2967032790184021,0.9549697041511536,0.0,1.8720349516926114,2.7798634358266905,0.0018763955983349123,532.9366583930309,9.850019454956055
2486.63965742983,-96.5753173828125,-75.00265502929688,9.307266235351562,-0.30763179063796997,0.9515054821968079,0.0,1.8834994465062476,1.9926457643300477,0.0019982107270926086,500.44771877238264,9.600018501281738
2492.6479787482917,-98.45762634277344,-69.29782104492188,9.41546630859375,-0.31937724351882935,0.9476276636123657,0.0,1.8958685649029163,1.8033571053000852,0.001982740013263401,504.3525592415394,9.350017547607422
2498.7467115918935,-100.43817138671875,-63.53068542480469,9.525604248046875,-0.33036893606185913,0.943851888179779,0.0,1.9074907550265432,1.4783354900549384,0.00180580626932636,553.7692591869454,9.150016784667969
2504.932286114071,-102.51051330566406,-57.70301818847656,9.59649658203125,-0.3403018116950989,0.9403162598609924,0.0,1.9180341754888615,1.060047413182541,0.001724353960299685,579.9273368596575,9.050016403198242
2511.2101110293092,-104.67866516113281,-51.811798095703125,9.657562255859375,-0.3505791425704956,0.9365330934524536,0.0,1.9289857543255646,0.8166066453543785,0.0015695755943793133,637.114901366346,9.050016403198242
2517.574757926659,-106.93572998046875,-45.86094665527344,9.699462890625,-0.35886403918266296,0.9333898425102234,0.0,1.9378469085074523,0.5720304822967148,0.0012081629726688192,827.7029031861575,9.100016593933105
2524.0274074219983,-109.27201843261719,-39.84617614746094,9.730728149414062,-0.36500874161720276,0.9310041069984436,0.0,1.9444385136767737,0.4394414905957489,0.0006826022522411768,1464.9819814053008,9.150016784667969
2530.564836848084,-111.66654968261719,-33.76312255859375,9.7564697265625,-0.3670724332332611,0.9301923513412476,0.0,1.9466561187638742,0.20501990829614458,5.133266939674752e-05,19480.771441497658,9.300017356872559
2537.187428288706,-114.09428405761719,-27.6015625,9.75738525390625,-0.3655916452407837,0.9307753443717957,0.0,1.9450646997369951,0.08885027958046576,-0.0004298605349446205,2326.3359129463497,9.450017929077148
2543.897461852932,-116.53524780273438,-21.351272583007812,9.768447875976562,-0.3617042303085327,0.9322928786277771,0.0,1.9408915797120483,0.123698588728538,-0.000539331121680281,1854.148518046779,9.550018310546875
2550.684894855187,-118.98017883300781,-15.019485473632812,9.774017333984375,-0.3588183522224426,0.9334074258804321,0.0,1.9377979547242896,-0.07640445483354519,-0.0004149137412127468,2410.139507737466,9.650018692016602
2557.5506141976534,-121.43553161621094,-8.60784912109375,9.757766723632812,-0.35642313957214355,0.9343246221542358,0.0,1.9352331357650574,-0.026360576654205214,-0.0003120623549481838,3204.487770292076,9.700018882751465
2564.494110410056,-123.90457153320312,-2.1181793212890625,9.770706176757812,-0.35480165481567383,0.9349415898323059,0.0,1.93349824015749,0.055615690963728426,-0.0002022960191890577,4943.251004190252,9.800019264221191
2571.512382951611,-126.39091491699219,4.444915771484375,9.765335083007812,-0.3537895083427429,0.9353250861167908,0.0,1.9324158770100277,-0.17268240290750914,-0.00017929338246586157,5577.450691413027,9.900019645690918
2578.603601363908,-128.8950653076172,11.079238891601562,9.746200561523438,-0.35243192315101624,0.93583744764328,0.0,1.9309648248977203,-0.28132544147803085,-0.0001683858430543972,5938.741534684416,9.900019645690918
2585.7659553583208,-131.41673278808594,17.782974243164062,9.7252197265625,-0.3515484631061554,0.9361696839332581,0.0,1.9300209590837674,-0.2028168470512126,-0.00014721924035501766,6792.590408621254,9.950019836425781
2592.997724491541,-133.95498657226562,24.554656982421875,9.717132568359375,-0.3504459857940674,0.9365829229354858,0.0,1.9288435794149899,-0.10092323723148722,-0.00017193520766858872,5816.144427658679,10.000020027160645
2600.294501909039,-136.50791931152344,31.3902587890625,9.7105712890625,-0.34920772910118103,0.9370453357696533,0.0,1.9275217982092885,-0.07522092865996921,-0.00018731009501329887,5338.7405517519,10.050020217895508
2607.6107639398515,-139.0578155517578,38.24778747558594,9.706146240234375,-0.34788087010383606,0.937538743019104,0.0,1.9261061690722883,-0.026603292755678076,-0.0001607896434011602,6219.306037672227,10.050020217895508
2615.0047323801336,-141.6261749267578,45.18135070800781,9.706710815429688,-0.34699520468711853,0.9378669261932373,0.0,1.9251616546599943,-0.04111527663291925,-8.150476642154736e-05,12269.22110086105,10.050020217895508
2622.4813148918524,-144.21939086914062,52.19380187988281,9.699951171875,-0.34675151109695435,0.9379570484161377,0.0,1.9249018305297394,-0.0056900428480832765,-1.0548909762264636e-05,94796.52613743853,9.900019645690918
2630.029855701683,-146.8367462158203,59.2740478515625,9.705978393554688,-0.34684982895851135,0.9379206895828247,0.0,1.9250066559384689,-0.014141896908692608,2.4051904713467964e-05,41576.7487819809,9.850019454956055
2637.646656469182,-149.4796600341797,66.41761779785156,9.697677612304688,-0.34709492325782776,0.9378300309181213,0.0,1.9252679798880292,-0.13676236163424615,2.90568484457715e-05,34415.29462034707,9.850019454956055
2645.33186782922,-152.14781188964844,73.62478637695312,9.685012817382812,-0.34726613759994507,0.9377666115760803,0.0,1.9254505623687435,-0.11489217841780253,1.3806972099475456e-05,72427.17612487906,9.900019645690918
2653.0872268839107,-154.84109497070312,80.8974609375,9.680007934570312,-0.34729352593421936,0.9377564787864685,0.0,1.9254797650089648,-0.020466810030983495,-1.2384857982106201e-05,80743.75995629604,9.900019645690918
2660.9109074716685,-157.558349609375,88.23411560058594,9.681884765625,-0.34708312153816223,0.9378343820571899,0.0,1.9252554016230947,-0.020587437744890025,-7.250487139448536e-05,13792.1767291909,9.900019645690918
2668.802244825302,-160.29612731933594,95.63531494140625,9.676712036132812,-0.3462192118167877,0.9381536245346069,0.0,1.9243343935717425,-0.07548365099478982,-4.17316982160576e-05,23962.600199558095,9.950019836425781
2676.7135386930922,-163.035400390625,103.05723571777344,9.669952392578125,-0.34646737575531006,0.9380620121955872,0.0,1.9245989274320436,0.1495692168800411,-8.806998293475754e-06,113546.06492212022,10.000020027160645
2684.3580161877067,-165.68319702148438,110.22845458984375,9.698745727539062,-0.3461114764213562,0.9381933808326721,0.0,1.9242195568221383,0.43936696682550513,-2.2593949793675572e-05,44259.636280147744,10.000020027160645
2691.555556630356,-168.17466735839844,116.98092651367188,9.734619140625,-0.3461307883262634,0.9381862878799438,0.0,1.9242401300757606,0.4314531916716269,3.7595735238427075e-05,26598.761632353646,10.000020027160645
2698.3164160888527,-170.51605224609375,123.3233642578125,9.759536743164062,-0.34657618403434753,0.9380218386650085,0.0,1.9247149151630598,0.347938372713108,-8.986119654727509e-05,11128.273809195383,10.000020027160645
2704.6399311811415,-172.7036895751953,129.25637817382812,9.780319213867188,-0.34515461325645447,0.938545823097229,0.0,1.9231998496161762,0.4253752182084902,-0.0003715875373425659,2691.155917530414,9.950019836425781
2710.5331200114824,-174.72959899902344,134.79031372070312,9.810699462890625,-0.34241750836372375,0.9395478963851929,0.0,1.9202850768607391,0.5100630939684048,-0.0006206733830734501,1611.1533493642028,9.950019836425781
2715.959342161397,-176.58018493652344,139.89114379882812,9.838104248046875,-0.3386586606502533,0.9409093260765076,0.0,1.9162872714827737,0.6192013736921909,-0.0011586707484345926,863.0579492500672,9.900019645690918
2721.040677868606,-178.28578186035156,144.6775360107422,9.875,-0.33121949434280396,0.9435537457466125,0.0,1.908392053166081,0.5861872348594366,-0.002921830556478877,342.2511951566105,9.800019264221191
2725.8254494110174,-179.83248901367188,149.2053680419922,9.896743774414062,-0.31214651465415955,0.950033962726593,0.0,1.8882479352244967,0.4150042670370002,-0.00669991106659254,149.2557125103129,9.650018692016602
2730.367904398816,-181.17344665527344,153.54534912109375,9.913894653320312,-0.27277886867523193,0.9620767831802368,0.0,1.8470765801183318,0.2735849486117825,-0.011545919286436168,86.61068687486606,8.692999839782715
2734.7792981732637,-182.25704956054688,157.8215789794922,9.9215087890625,-0.21306650340557098,0.9770377278327942,0.0,1.7855087844365274,0.046254572181902986,-0.014700014939854233,68.02714174723934,7.693999767303467
2739.134437823403,-183.05169677734375,162.10360717773438,9.9180908203125,-0.14696098864078522,0.9891422986984253,0.0,1.7182915214845624,-0.13220487236587086,-0.016325638227722095,61.253348019309215,6.694999694824219
2743.4341907609537,-183.53787231445312,166.3757781982422,9.910125732421875,-0.07344775646924973,0.997299075126648,0.0,1.6443102799654037,-0.3229914845706672,-0.01786577316952595,55.97294841433017,5.695999622344971
2747.6948369915726,-183.69200134277344,170.6335906982422,9.890548706054688,0.005391554906964302,0.9999854564666748,0.0,1.5654047457180276,-0.40106482112498565,-0.01743919503239627,57.34209624597523,4.696999549865723
2751.9836947821077,-183.52352905273438,174.9191131591797,9.875869750976562,0.07544958591461182,0.997149646282196,0.0,1.4952749744839584,-0.1491054142116921,-0.015497487383590997,64.52658906880718,3.6979994773864746
2756.337338007364,-183.0612030029297,179.24813842773438,9.877914428710938,0.13876785337924957,0.9903249144554138,0.0,1.4315792017898104,0.03734123416456736,-0.013847761922288537,72.2138353917292,3.4790003299713135
2760.768945429957,-182.32679748535156,183.61846923828125,9.879135131835938,0.19578146934509277,0.9806475639343262,0.0,1.3737420516200998,0.18034072203951812,-0.013799612588735688,72.4658024687068,2.4800002574920654
2765.286301060543,-181.3036346435547,188.01840209960938,9.894317626953125,0.2598230540752411,0.9656562209129333,0.0,1.307957361583262,0.272308493757345,-0.013732947385256489,72.8175803741582,1.6000001430511475
2769.831824509436,-180.00062561035156,192.37315368652344,9.903778076171875,0.3159591555595398,0.9487727880477905,0.0,1.2493288978797057,0.3728491272791512,-0.01353514562192934,73.88173189506158,1.2600001096725464
2774.365606091321,-178.43777465820312,196.6289825439453,9.928131103515625,0.3762205243110657,0.926530122756958,0.0,1.1850825875190938,0.4155264255668145,-0.014917050645151614,67.03738049753308,1.0100001096725464
2778.9325645462154,-176.5869598388672,200.8040771484375,9.941513061523438,0.44150322675704956,0.8972596526145935,0.0,1.113522985429652,0.16756938491857554,-0.017638667755105475,56.69362413782935,1.380000114440918
2783.554753849514,-174.3671112060547,204.8583221435547,9.943389892578125,0.5209956169128418,0.8535593748092651,0.0,1.0227793730988968,0.12406499100816593,-0.019450927736170173,51.411429499089635,2.2700002193450928
2788.2467256572486,-171.75454711914062,208.75563049316406,9.95318603515625,0.5959249138832092,0.8030401468276978,0.0,0.9323793969448352,0.11754083809243365,-0.018333957857557398,54.543596520147574,3.269000291824341
2793.0045865803686,-168.77023315429688,212.461181640625,9.954376220703125,0.6602457761764526,0.7510495781898499,0.0,0.8496503490961224,-0.1869788424402108,-0.017335384190722516,57.6854824212766,4.26800012588501
2797.824499254329,-165.4490966796875,215.95420837402344,9.935012817382812,0.7204456925392151,0.6935113668441772,0.0,0.7663515675875876,-0.5180216124507364,-0.016524285231732425,60.51698975031302,5.070000171661377
2802.7201960218204,-161.796630859375,219.21401977539062,9.90386962890625,0.7717406153678894,0.6359374523162842,0.0,0.6892226291035608,-0.7616379009476981,-0.01406019197185901,71.12278424088844,5.545999526977539
2807.705578960317,-157.8520050048828,222.26229858398438,9.859527587890625,0.8093637228012085,0.5873076915740967,0.0,0.6277283740794879,-1.043639290179399,-0.009982568894402487,100.17461542997502,6.544999599456787
2812.791625593099,-153.67715454101562,225.16656494140625,9.798446655273438,0.8314064741134644,0.5556647181510925,0.0,0.5891622617621611,-1.2146531979305042,-0.006719998036496075,148.80956728990617,7.543999671936035
2817.980422126083,-149.3216552734375,227.98599243164062,9.734695434570312,0.8478598594665527,0.5302204489707947,0.0,0.558860530025471,-1.2680918191259605,-0.005925061774002788,168.7746116652605,8.542999267578125
2823.2684318681986,-144.79725646972656,230.72242736816406,9.665512084960938,0.864284873008728,0.5030027031898499,0.0,0.5270694650903123,-1.3500119025737778,-0.005988830522632105,166.9775085838458,9.541998863220215
2828.600003615013,-140.14999389648438,233.33453369140625,9.591293334960938,0.8798434138298035,0.47526365518569946,0.0,0.49526367576073416,-1.426888872737908,-0.005820407649843463,171.80927181739486,9.900019645690918
2834.0300453690443,-135.3346405029297,235.84280395507812,9.511886596679688,0.8940629959106445,0.44794127345085144,0.0,0.46446133702129555,-1.5307263974776775,-0.005405594345748062,184.99353374279391,10.100020408630371
2839.588455876141,-130.33163452148438,238.26312255859375,9.42291259765625,0.9064760804176331,0.4222571551799774,0.0,0.4359339154418799,-1.6707368513687815,-0.004731311426834112,211.35788997705768,10.100020408630371
2845.25617174192,-125.16600036621094,240.59324645996094,9.324172973632812,0.9165476560592651,0.39992550015449524,0.0,0.4114355590043695,-1.7637435197734752,-0.0038915586357624044,256.96644804738696,9.950019836425781
2851.0340817302204,-119.84873962402344,242.8516387939453,9.220993041992188,0.924342155456543,0.3815647065639496,0.0,0.3914884754239044,-1.7814022928476447,-0.0032997040837845354,303.057478673381,9.700018882751465
2856.919632246098,-114.38943481445312,245.0481719970703,9.116409301757812,0.9312446117401123,0.3643947243690491,0.0,0.3729827479445017,-1.8147032695895793,-0.003004916924041149,332.78790238738264,9.300017356872559
2862.910749646188,-108.79344177246094,247.18499755859375,9.005386352539062,0.9373577237129211,0.34836825728416443,0.0,0.355829759834735,-1.8366221196341903,-0.0033679151686416726,296.91959266400227,8.493998527526855
2869.005603657539,-103.05899047851562,249.24679565429688,8.89447021484375,0.945336103439331,0.32609760761260986,0.0,0.3321725728264675,-1.8783908782607162,-0.0044844006307907525,222.99524113296405,7.494998931884766
2875.1999670052214,-97.17500305175781,251.17926025390625,8.774429321289062,0.9551593065261841,0.2960924208164215,0.0,0.30059901812942397,-1.948558794596278,-0.005471576809474434,182.76267241070747,6.495998859405518
2881.4868913130376,-91.1402587890625,252.9376983642578,8.6512451171875,0.9654033780097961,0.260761022567749,0.0,0.26381041491402496,-1.553571930530706,-0.00609533468750342,164.0599001151139,5.4969987869262695
2887.8544827109195,-84.96221923828125,254.4780731201172,8.5784912109375,0.97514408826828,0.22157169878482819,0.0,0.2234259355392198,-1.2450821448930616,-0.006223207517029795,160.68884048354516,4.4979987144470215
2894.3013262059603,-78.65020751953125,255.7867889404297,8.491531372070312,0.9831045866012573,0.18304461240768433,0.0,0.18408250406941243,-1.424385577267273,-0.006003509722865907,166.56923135998989,3.4989988803863525
2900.830381624035,-72.21066284179688,256.8597412109375,8.393539428710938,0.9894275069236755,0.14502814412117004,0.0,0.14554142066667233,-1.576222019427631,-0.005327426867144408,187.70787942059863,2.4999988079071045
2907.4389732408795,-65.65888977050781,257.71754455566406,8.284332275390625,0.9934880137443542,0.11393680423498154,0.0,0.1141847674539406,-1.662296886879655,-0.004344652193889063,230.16802159826332,2.510000228881836
2914.131172418404,-59.001922607421875,258.39414978027344,8.17242431640625,0.9961462020874023,0.08770860731601715,0.0,0.08782145006978283,-1.57355477282205,-0.003904278250123989,256.12928585923476,2.0900001525878906
2920.90483273988,-52.248046875,258.9017639160156,8.072601318359375,0.9981023073196411,0.06157708168029785,0.0,0.061616063699165675,-1.425382508873041,-0.0040987345436159965,243.97774224182308,2.180000066757202
2927.755376540089,-45.40596008300781,259.2287292480469,7.978302001953125,0.9994898438453674,0.031938452273607254,0.0,0.0319438844464122,-1.3487221515361414,-0.00421880566440039,237.03390948730225,1.6499994993209839
2934.6798390260187,-38.48321533203125,259.35292053222656,7.8868560791015625,0.9999938011169434,0.003518711542710662,0.0,0.00351871883265438,-1.3024013868541462,-0.003592953734686381,278.32253734469174,2.049999237060547
2941.6782756893354,-31.48553466796875,259.3028564453125,7.7969970703125,0.9998379349708557,-0.0180033091455698,0.0,-0.018004281685454662,-1.3398962952460458,-0.002516310333025363,397.40726208348826,2.2999989986419678
2948.751459586034,-24.415313720703125,259.12355041503906,7.6982269287109375,0.9994942545890808,-0.03180045634508133,0.0,-0.03180581804781366,-1.4061455798548783,-0.0015696866097133885,637.0698417199287,2.399998903274536
2955.9002832499605,-17.271865844726562,258.8655090332031,7.5970001220703125,0.9991892576217651,-0.0402594618499279,0.0,-0.04027034543955348,-1.345073252211948,-0.0011219505944396776,891.3048443986235,2.4499988555908203
2963.1233654274315,-10.05633544921875,258.5483703613281,7.5050201416015625,0.998852014541626,-0.047902777791023254,0.0,-0.047921116407872104,-1.2444375410543773,-0.0010300741204075353,970.8039258421163,2.4499988555908203
2970.416379884505,-2.7735595703125,258.17236328125,7.4163970947265625,0.9984758496284485,-0.05519085004925728,0.0,-0.05521890591175735,-1.2437217528234845,-0.0007625138191836483,1311.4516417166128,2.399998903274536
2977.778751767156,4.5760498046875,257.7492980957031,7.3227081298828125,0.9982563257217407,-0.05902852863073349,0.0,-0.059062860257545355,-1.2665665486690236,-0.00034837130409104064,2870.5004925970247,2.2999989986419678
2985.167421565935,11.950851440429688,257.30650329589844,7.2295684814453125,0.99817955493927,-0.06031196564435959,0.0,-0.060348591385263134,-1.259216921377948,-3.909009300214969e-06,255819.29414826585,2.1499991416931152
2992.6279137188963,19.397445678710938,256.8611145019531,7.1357269287109375,0.9982542991638184,-0.05906195938587189,0.0,-0.05909635234474158,-1.2374750433035542,0.00018403096280497026,5433.86821846803,2.049999237060547
3000.176664462097,26.932815551757812,256.4213409423828,7.0438690185546875,0.9983425140380859,-0.057551734149456024,0.0,-0.057583552742758656,-1.2210126295232437,0.00027132700898230364,3685.589590770234,1.8999992609024048
3007.7998085971153,34.54327392578125,255.9917755126953,6.950469970703125,0.9984895586967468,-0.05494152382016182,0.0,-0.054969203078356475,-1.3990733204579164,0.00035569425770989307,2811.4032721203153,1.7999993562698364
3015.4968937461795,42.22831726074219,255.5788116455078,6.8292694091796875,0.9986414313316345,-0.052108731120824814,0.0,-0.05213234122435557,-1.7031231090219645,0.0003588513707614774,2786.669026449626,1.699999451637268
3023.2699562162993,49.990020751953125,255.1836395263672,6.686798095703125,0.9987791180610657,-0.04939908906817436,0.0,-0.04941920243090206,-1.7892586941374133,0.00021801032651379455,4586.938683093644,1.6499994993209839
3031.0802113073555,57.789703369140625,254.8009490966797,6.55047607421875,0.998812198638916,-0.04872548580169678,0.0,-0.048744787345461525,-1.6593197249350267,8.085524204814662e-06,123677.81910844236,1.5999995470046997
3038.6614759847234,65.36099243164062,254.43096923828125,6.4310150146484375,0.998786985874176,-0.049239516258239746,0.0,-0.04925943577463535,-1.4912871372049774,-4.122387410812221e-05,24257.788032662684,1.5499995946884155
3045.79465355463,72.48480224609375,254.0796661376953,6.3303070068359375,0.9987813234329224,-0.04935450106859207,0.0,-0.04937455992452687,-1.24094969271773,8.304657087080877e-05,12041.436383395625,1.4999996423721313
3052.4894053317516,79.17108154296875,253.75082397460938,6.257965087890625,0.9988388419151306,-0.04817671701312065,0.0,-0.04819537215353564,-1.0300617493790964,0.00016535739365224587,6047.507026526105,1.4499996900558472
3058.7671820388737,85.44136047363281,253.4503631591797,6.1962738037109375,0.9988853335380554,-0.04720320180058479,0.0,-0.04722074741698428,-0.9222061640329238,0.00019928433730425233,5017.955818942636,1.4499996900558472
3064.5898411782155,91.25735473632812,253.17645263671875,6.145843505859375,0.9989503026008606,-0.04580653831362724,0.0,-0.04582257353913323,-0.8693691381192248,0.00016628869779159068,6013.637807503299,1.399999737739563
3070.083323474948,96.74482727050781,252.924072265625,6.0979156494140625,0.9989745020866394,-0.045276280492544174,0.0,-0.045291763793688156,-0.8947280463252771,0.00011417211468249706,8758.706123477828,1.399999737739563
3075.307774609141,101.96371459960938,252.6878204345703,6.0500640869140625,0.9990051984786987,-0.04459330067038536,0.0,-0.04460809447589019,-0.8924578748566669,0.0003277956702246003,3050.6809297231293,1.3499997854232788
3080.2738589626115,106.92488098144531,252.47113037109375,6.0068511962890625,0.9991160035133362,-0.0420382060110569,0.0,-0.042050597612263145,-0.92203540942698,0.0006359658952549974,1572.411362717869,1.3499997854232788
3084.9375461859804,111.58451843261719,252.28216552734375,5.961578369140625,0.9992568492889404,-0.03854527324438095,0.0,-0.03855482454152268,-1.0700312371407117,0.0008869525539132381,1127.4560240995938,1.3499997854232788
3089.24806982491,115.891845703125,252.12393188476562,5.9114990234375,0.9994157552719116,-0.03417760133743286,0.0,-0.03418425937334888,-1.160603389158088,0.00110552547426809,904.5472250759731,1.399999737739563
3093.238112586245,119.87954711914062,251.99533081054688,5.865234375,0.9995668530464172,-0.029430614784359932,0.0,-0.02943486424340014,-1.1802116672144036,0.0015653267294443132,638.844262472281,1.4499996900558472
3096.9827042535285,123.62254333496094,251.89569091796875,5.8203125,0.9997523427009583,-0.022253625094890594,0.0,-0.022255462586163257,-1.255165628408439,0.0031352807138601466,318.95070689501466,1.4999996423721313
3100.5129239598764,127.15202331542969,251.840087890625,5.7741546630859375,0.9999745488166809,-0.0071334936656057835,0.0,-0.007133554220477325,-1.3716937562691545,0.006437198618692007,155.34707863390315,1.5999995470046997
3103.840215760166,130.47894287109375,251.8544464111328,5.72650146484375,0.999778687953949,0.021037204191088676,0.0,0.021038756335605858,-1.4684117408995112,0.014620008607727967,68.39941253327386,1.7499994039535522
3106.963253400719,133.59799194335938,252.00509643554688,5.6795806884765625,0.9964122176170349,0.08463256806135178,0.0,0.08473392854530624,-1.546498182617917,0.025953540065953802,38.53038920543303,2.049999237060547
3109.9709156403524,136.58108520507812,252.38575744628906,5.6317901611328125,0.9840412139892578,0.17794057726860046,0.0,0.1788932356147037,-1.6467927972737328,0.03388285734409324,29.513449525363857,2.599998712539673
3112.9404755921223,139.47348022460938,253.05641174316406,5.5811920166015625,0.9590792655944824,0.28313779830932617,0.0,0.28706420696436574,-1.8037716870477838,0.03687901776350835,27.115689642621025,3.5499978065490723
3115.914032658584,142.27828979492188,254.04225158691406,5.5245819091796875,0.9218096137046814,0.38764289021492004,0.0,0.3980731728693692,-1.9048138864402264,0.03643176426304166,27.44857462240591,4.54899787902832
3118.9155857658284,144.984375,255.33961486816406,5.467376708984375,0.8753208518028259,0.4835425615310669,0.0,0.5046973663734825,-2.1719555378286293,0.03495761663436388,28.60606918541994,5.547997951507568
3121.950451968146,147.5678253173828,256.93043518066406,5.3932952880859375,0.8201895356178284,0.5720919370651245,0.0,0.6090541260571944,-2.1642808274896286,0.0345880229392484,28.91174212982438,6.546998023986816
3125.02309477111,149.99713134765625,258.81092834472656,5.3354034423828125,0.7544639110565186,0.656341552734375,0.0,0.7159593901721827,-1.9459103281119772,0.03449173719569289,28.99245098402506,7.5459980964660645
3128.121603758451,152.23370361328125,260.9544372558594,5.2731781005859375,0.6808364987373352,0.7324354648590088,0.0,0.8218922414023337,-2.020129422717498,0.03526027825691193,28.36052491457506,8.544998168945312
3131.220630418636,154.2238311767578,263.3291778564453,5.210205078125,0.5942308306694031,0.8042945265769958,0.0,0.9344873315396378,-2.0866359686979585,0.03601140727068322,27.768978659550942,9.543997764587402
3134.307270152683,155.928955078125,265.9012451171875,5.1441192626953125,0.5022005438804626,0.8647512197494507,0.0,1.044654729610356,-2.1510801064301366,0.03558092135366728,28.104949561597884,10.542997360229492
3137.376572584149,157.33847045898438,268.626953125,5.077789306640625,0.4052671790122986,0.9141982793807983,0.0,1.1535252557676043,-1.8212172217093148,0.039864102375617494,25.08522556403128,11.541996955871582
3140.4128967395122,158.3973388671875,271.47230529785156,5.0326995849609375,0.2792706787586212,0.9602124094963074,0.0,1.2877618407166305,-1.6733099368434035,0.04390028601241586,22.778894873650266,11.350025177001953
3143.4258387525883,159.0662078857422,274.40953063964844,4.976654052734375,0.15111103653907776,0.9885168075561523,0.0,1.4191042091610417,-1.8024497124793815,0.044761595767895845,22.340579750224755,10.450021743774414
3146.426937101296,159.33558654785156,277.39805603027344,4.924285888671875,0.013863631524145603,0.9999039173126221,0.0,1.5569322514393351,-1.5062128882823989,0.04674974844357899,21.39048943133615,10.050020217895508
3149.456520519625,159.1782684326172,280.4233093261719,4.885955810546875,-0.1299196034669876,0.9915245175361633,0.0,1.701084224130063,-1.1428824122903358,0.0467900537759941,21.372063489977343,9.900019645690918
3152.5417696736104,158.57789611816406,283.4494171142578,4.8545379638671875,-0.268812894821167,0.9631924033164978,0.0,1.8429566795509804,-0.920115963111634,0.0449107477452359,22.266385001485066,9.700018882751465
3155.667457144796,157.55055236816406,286.4013366699219,4.828887939453125,-0.397818922996521,0.9174639582633972,0.0,1.979934652829948,-0.15509877595468735,0.04351610469511091,22.97999802616412,9.250017166137695
3158.8590844226505,156.0931854248047,289.2407531738281,4.8456268310546875,-0.5201480984687805,0.854076087474823,0.0,2.1178206680038647,0.8751271772623914,0.03969764901279965,25.19040862287768,9.250017166137695
3162.139266264579,154.2288818359375,291.9393310546875,4.8861541748046875,-0.6173931956291199,0.7866547107696533,0.0,2.2362209218900038,1.9140148819480451,0.03186608815762554,31.381322836160564,8.500014305114746
3165.526889172177,152.01942443847656,294.5057373046875,4.9747314453125,-0.6878896355628967,0.7258152961730957,0.0,2.32937378285998,2.6664029968072156,0.02531609349969033,39.500565125193276,8.200013160705566
3169.03649545993,149.50772094726562,296.95513916015625,5.0701904296875,-0.7443050146102905,0.6678398251533508,0.0,2.4102899240665754,2.6156319493923608,0.020870011575049918,47.91564184830157,7.750011444091797
3172.6551586585133,146.74029541015625,299.284912109375,5.16094970703125,-0.7875729203224182,0.6162214279174805,0.0,2.4776567320057796,2.8085126170873553,0.01882088019821687,53.13247783675612,7.300009727478027
3176.3680721869587,143.74537658691406,301.4764404296875,5.27667236328125,-0.8291130661964417,0.5590810179710388,0.0,2.5483156806996115,3.106156281673489,0.019132155833224584,52.26802503162851,6.700007438659668
3180.2108941615397,140.4869384765625,303.5100860595703,5.3956146240234375,-0.8681411743164062,0.4963172972202301,0.0,2.622241090277502,3.0726324701887964,0.017344502325347844,57.655156731627066,6.300005912780762
3184.1845722601574,136.98130798339844,305.3771667480469,5.51678466796875,-0.8968468308448792,0.4423411786556244,0.0,2.6833851894877436,2.898480095845557,0.013740756922338448,72.77619461954768,6.150005340576172
3188.2893102839707,133.25930786132812,307.1042785644531,5.629364013671875,-0.9176037907600403,0.3974963128566742,0.0,2.7328059387430366,2.591335955323637,0.011604842713417385,86.17092232054223,6.000004768371582
3192.5271369540515,129.33462524414062,308.69970703125,5.7325592041015625,-0.9353634715080261,0.35368797183036804,0.0,2.7800816533686765,2.4400321566051875,0.010025735347024167,99.7433071377472,6.000004768371582
3196.8942477372148,125.22215270996094,310.1652526855469,5.8393402099609375,-0.9483469724655151,0.3172350525856018,0.0,2.818780147592222,2.5009077272731273,0.007254695430265634,137.84176187853893,5.348998546600342
3201.387239219617,120.94496154785156,311.5361633300781,5.95428466796875,-0.9560300707817078,0.2932685911655426,0.0,2.843948673650219,2.615676608274098,0.004514626191806537,221.50228114453213,4.349998474121094
3206.000951023234,116.52510070800781,312.8537139892578,6.0776824951171875,-0.9605104923248291,0.2782437205314636,0.0,2.8596275115657837,2.6174687393421325,0.0028312789127495908,353.1972761485558,3.8999974727630615
3210.732635010209,111.97480773925781,314.14561462402344,6.198760986328125,-0.9634179472923279,0.2680034339427948,0.0,2.8702725966472866,2.505334510730195,0.001911550589572264,523.13551388863,3.5999977588653564
3215.577080832657,107.30404663085938,315.42567443847656,6.317474365234375,-0.965422511100769,0.26069021224975586,0.0,2.877855588360211,2.3287861427160994,0.0013706041973892136,729.6052368034794,3.249998092651367
3220.5291393255197,102.52044677734375,316.70166015625,6.4266357421875,-0.9669187068939209,0.25508469343185425,0.0,2.8836573585657175,2.0002564249086974,0.0009809697337636591,1019.3994427976162,2.899998426437378
3225.5828795056764,97.6319580078125,317.98023986816406,6.5171966552734375,-0.9679248929023743,0.25123971700668335,0.0,2.8876318113510817,1.6358593399917076,0.0007275226898871834,1374.527576803233,2.599998712539673
3230.733678089801,92.64486694335938,319.2662658691406,6.59326171875,-0.9687829613685608,0.2479104846715927,0.0,2.891069845805325,1.441767186103693,0.000652775917329651,1531.9192596607409,2.349998950958252
3235.980475337765,87.5604248046875,320.5592803955078,6.6670379638671875,-0.9696071147918701,0.2446671426296234,0.0,2.8944162628299086,1.4973239517358294,0.0006752490066219141,1480.9351664250885,2.1499991416931152
3241.2624879756454,82.43740844726562,321.84275817871094,6.7509765625,-0.9705216288566589,0.24101407825946808,0.0,2.8981820605045914,1.7392877356680936,0.0007174467932775097,1393.8315835683138,1.949999213218689
3246.650947357215,77.20625305175781,323.13121032714844,6.8529510498046875,-0.971451997756958,0.23723629117012024,0.0,2.902072726286326,1.885923927172084,0.0007655742411012412,1306.2090471611857,2.9489991664886475
3252.1560606463345,71.85655212402344,324.42591857910156,6.9564056396484375,-0.9725002646446228,0.23290181159973145,0.0,2.9065321667186956,1.874566227948904,0.0008483827905024222,1178.7132072867582,3.9479992389678955
3257.761608244646,66.40315246582031,325.7188262939453,7.06121826171875,-0.9736467599868774,0.22806131839752197,0.0,2.911506589004328,1.8789673913965355,0.0009160702195851744,1091.6193743890415,4.9469990730285645
3263.466596592489,60.84614562988281,327.0052795410156,7.1689453125,-0.9748624563217163,0.22280757129192352,0.0,2.916899162294179,1.9522698089182278,0.0009814882025834248,1018.8609474549457,5.9459991455078125
3269.269549387478,55.186767578125,328.28277587890625,7.2860107421875,-0.9761620759963989,0.21704275906085968,0.0,2.922808660862448,1.9783738908344395,0.0010693540367948395,935.143989353878,6.9449992179870605
3275.168399362204,49.42597961425781,329.54637145996094,7.4003753662109375,-0.9775761961936951,0.21058198809623718,0.0,2.9294223933868904,1.9841269400609707,0.001258825179037859,794.3914823536629,7.943999290466309
3281.1607946850568,43.565155029296875,330.78924560546875,7.52203369140625,-0.9793067574501038,0.20238140225410461,0.0,2.937803614262026,2.161220335015146,0.0011790260500042227,848.1576806521099,8.942998886108398
3287.244428139846,37.60565185546875,332.00392150878906,7.6616058349609375,-0.9804673194885254,0.19668202102184296,0.0,2.9436199659602043,2.2656051665528865,0.0007762766039320634,1288.2006168094124,9.941998481750488
3293.41596744245,31.554092407226562,333.20703125,7.7996368408203125,-0.9811816215515137,0.19308708608150482,0.0,2.947285180802558,2.285842012454309,0.0006253869506557541,1599.0100192391967,10.940998077392578
3299.67416783874,25.412704467773438,334.40162658691406,7.9458160400390625,-0.9819676280021667,0.18904919922351837,0.0,2.9513988604348897,2.2637530829705432,0.0006801122693164408,1470.3454784091284,11.939997673034668
3306.0159133852867,19.184326171875,335.58726501464844,8.084747314453125,-0.9828009009361267,0.18466821312904358,0.0,2.9558583913608536,2.2031171748487344,0.000778421843334598,1284.6504868314166,12.938997268676758
3312.440617742718,12.868881225585938,336.7584686279297,8.227096557617188,-0.9838000535964966,0.17926917970180511,0.0,2.96134910575623,2.201721824794023,0.0007880043496542033,1269.0285281278282,13.250032424926758
3318.945576404975,6.4681854248046875,337.9096984863281,8.369400024414062,-0.9846295118331909,0.1746560037136078,0.0,2.9660362620488527,2.149314730842633,0.0006847571152560905,1460.3718277918333,12.400029182434082
3325.5289970821977,-0.0149383544921875,339.0460205078125,8.508346557617188,-0.9853662252426147,0.17045049369335175,0.0,2.9703058157959075,2.1462579671282622,0.0006541391811643038,1528.7266514445714,11.550025939941406
3332.1893929327744,-6.578704833984375,340.16705322265625,8.653701782226562,-0.9861057996749878,0.1661185622215271,0.0,2.9747004297449227,2.1733156252955466,0.0006386292344978117,1565.8537786582121,10.750022888183594
3338.92352471927,-13.21990966796875,341.27235412597656,8.7994384765625,-0.986787736415863,0.16201850771903992,0.0,2.9788568114655143,2.1095432202958952,0.0005987409729298343,1670.1713181689818,9.950019836425781
3345.7301356482817,-19.937255859375,342.3621520996094,8.93927001953125,-0.9874197244644165,0.15812109410762787,0.0,2.9828051353882703,2.0938188204456365,0.0005624560018123725,1777.9168446558529,9.200016975402832
3352.60827216084,-26.729278564453125,343.4371643066406,9.086029052734375,-0.9880051612854004,0.1544209122657776,0.0,2.986551346578267,2.1784297444929934,0.0005562035936178822,1797.902802992335,8.40001392364502
3359.554873720254,-33.592803955078125,344.49708557128906,9.240493774414062,-0.9886066317558289,0.15052229166030884,0.0,2.9904960936101688,2.223728998878882,0.0007342201014537142,1361.9894062012968,7.700011253356934
3366.567229268868,-40.52642822265625,345.53326416015625,9.396438598632812,-0.9895390868186951,0.14426521956920624,0.0,2.996822273757423,2.2718446762628797,0.0010199377200137416,980.4520220965326,7.000008583068848
3373.6446223374496,-47.53166198730469,346.5278625488281,9.560653686523438,-0.9906696677207947,0.13628505170345306,0.0,3.0048821522885594,2.306109996825645,0.0011574145317131135,863.9946817670235,6.300005912780762
3380.783257624008,-54.60569763183594,347.47198486328125,9.724258422851562,-0.9917790293693542,0.12796244025230408,0.0,3.013278398923128,2.2057249662763456,0.001207970836340666,827.8345552027755,5.700003623962402
3387.983128210777,-61.74848937988281,348.36383056640625,9.876815795898438,-0.9928819537162781,0.11910269409418106,0.0,3.022206560626995,2.2027360021086184,0.0013812079829283175,724.0039243618377,5.150001525878906
3395.234321262753,-68.95057678222656,349.18980407714844,10.04266357421875,-0.9941369891166687,0.10812797397375107,0.0,3.0332528647163004,2.2301479071046515,0.0016036634292657392,623.5722419995975,4.649999618530273
3402.4963609415327,-76.17269897460938,349.9336242675781,10.200469970703125,-0.9953849911689758,0.09596211463212967,0.0,3.0454826441641414,2.234517808562564,0.0017924761059140426,557.8874924472519,4.249998092651367
3409.8352340430324,-83.48019409179688,350.5902557373047,10.3690185546875,-0.9966275095939636,0.08205888420343399,0.0,3.059441398627075,2.2942747962559573,0.001963949191059522,509.17814195616467,3.8999974727630615
3417.2426830108157,-90.86476135253906,351.14671325683594,10.538787841796875,-0.9977469444274902,0.06709001958370209,0.0,3.0744522035084954,2.2323552483628273,0.002326406985298235,429.84740259099783,3.699997663497925
3424.710694273297,-98.31838989257812,351.5806427001953,10.701019287109375,-0.9988716840744019,0.04749052971601486,0.0,3.0940842542360687,1.9877850692759158,0.002745234057555973,364.26766499111557,3.6499977111816406
3432.23590297556,-105.83708190917969,351.8628692626953,10.83660888671875,-0.9996628761291504,0.025964265689253807,0.0,3.115625469860384,1.8321638302234322,0.0032099816571228568,311.5282599142051,3.749997615814209
3439.8212071915173,-113.42042541503906,351.9617462158203,10.9779052734375,-0.999999463558197,-0.0010379957966506481,0.0,-3.1405546576091092,1.7393109322597522,0.0036906493738033397,270.95502680317367,3.99999737739563
3447.4611474543367,-121.05853271484375,351.84869384765625,11.101287841796875,-0.9995428323745728,-0.030233552679419518,0.0,-3.1113544922103995,1.4535329227428395,0.0037793381924264846,264.5965904834678,4.44999885559082
3455.1572597578793,-128.74652099609375,351.50941467285156,11.200637817382812,-0.9982603788375854,-0.05895909667015076,0.0,-3.082599343474999,1.1472158656514297,0.003818005545741132,261.9168537131826,5.05000114440918
3462.9111544682614,-136.47923278808594,350.94195556640625,11.278366088867188,-0.9960211515426636,-0.08911746740341187,0.0,-3.0523568044939133,0.9472381734987878,0.00390924922270422,255.80359374178013,5.800004005432129
3470.72168089206,-144.2471160888672,350.1298828125,11.348007202148438,-0.992827832698822,-0.11955288797616959,0.0,-3.021753125276849,0.7843061431247356,0.0038932250530965273,256.85645868446187,6.550006866455078
3478.587819849729,-152.0422821044922,349.0769348144531,11.401199340820312,-0.988731324672699,-0.14970098435878754,0.0,-2.991326812593647,0.5994121035284516,0.004137799878415893,241.67432678808962,7.300009727478027
3486.5083703020546,-159.85272216796875,347.761474609375,11.442550659179688,-0.9829010963439941,-0.18413442373275757,0.0,-2.9564015029910764,0.6246249043869834,0.0044659770209174166,223.91516913684802,8.150012969970703
3494.4810683009396,-167.66184997558594,346.1558380126953,11.500579833984375,-0.9756237864494324,-0.2194499522447586,0.0,-2.92034201583189,0.6138487720299124,0.004540990611595741,220.2162667869053,8.900015830993652
3502.5024794169685,-175.45608520507812,344.26075744628906,11.540618896484375,-0.966947615146637,-0.25497516989707947,0.0,-2.8837706329725523,0.4786190624315956,0.004612830445137606,216.78663716202752,9.650018692016602
3510.5723199909394,-183.22024536132812,342.06103515625,11.57757568359375,-0.9566618800163269,-0.29120105504989624,0.0,-2.846110591869912,0.45195431016890053,0.004770821523259555,209.60750577748982,10.40002155303955
3518.6891367234675,-190.93881225585938,339.55003356933594,11.61376953125,-0.9443920850753784,-0.3288215696811676,0.0,-2.80653717499997,0.4286566708200157,0.004802239421609539,208.23618154066043,11.100024223327637
3526.850777811048,-198.5946044921875,336.7215881347656,11.6473388671875,-0.9310017824172974,-0.3650146424770355,0.0,-2.7679441244908545,0.3770751794381244,0.004670977472972487,214.08795178017124,11.800026893615723
3535.0578885578116,-206.1795196533203,333.5871124267578,11.675460815429688,-0.9165185689926147,-0.3999921679496765,0.0,-2.730084357715482,0.3599629874085797,0.004548998104010354,219.82862536662947,12.500029563903809
3543.310609790615,-213.68174743652344,330.1486511230469,11.70660400390625,-0.9010905623435974,-0.43363097310066223,0.0,-2.693074238628762,0.38576624024985184,0.004357851648710498,229.4708678979247,13.050031661987305
3551.609432268883,-221.09686279296875,326.4223327636719,11.73931884765625,-0.8853148221969604,-0.4649921655654907,0.0,-2.6579669044335934,0.42937655435341116,0.004363978744526764,229.14868713652302,13.650033950805664
3559.9524701199653,-228.41270446777344,322.4119415283203,11.778091430664062,-0.8672447204589844,-0.4978821277618408,0.0,-2.620437669899047,0.5142644773956762,0.004552468676046417,219.66103913282674,14.20003604888916
3568.3360915004323,-235.60289001464844,318.10101318359375,11.82537841796875,-0.8473731279373169,-0.5309978723526001,0.0,-2.581814902357606,0.6355954061746827,0.0045515939636072145,219.70325296931435,14.65003776550293
3576.7602740468046,-242.65830993652344,313.4983673095703,11.884979248046875,-0.8266586661338806,-0.5627036690711975,0.0,-2.5439398709553815,0.6327440885459668,0.004417805957098536,226.3567050502068,15.050039291381836
3585.223643616403,-249.56927490234375,308.6131896972656,11.932174682617188,-0.8054407835006714,-0.5926762819290161,0.0,-2.507215115785926,0.5223117788260012,0.004377245718579531,228.45416142745398,15.450040817260742
3593.7273642733926,-256.3263244628906,303.45045471191406,11.97357177734375,-0.7826248407363892,-0.6224936842918396,0.0,-2.4696676750102835,0.5236975254896192,0.004404775711042086,227.0263154360291,15.750041961669922
3602.2690486724437,-262.9131317138672,298.01243591308594,12.021469116210938,-0.7587150931358337,-0.6514225602149963,0.0,-2.4321347390938852,0.6650005653590196,0.004543924368145463,220.07408552183617,16.05004119873047
3610.8470761620156,-269.3110809326172,292.2989044189453,12.087493896484375,-0.7318752408027649,-0.681438684463501,0.0,-2.391866084977143,0.7424117993353962,0.00463664637887623,215.6731219693245,16.20003890991211
3619.4578803267805,-275.50096130371094,286.31329345703125,12.149063110351562,-0.7044469714164734,-0.70975661277771,0.0,-2.352439997931156,0.7643625402319221,0.00467381655313992,213.95790541419288,16.400035858154297
3628.100739672049,-281.4639587402344,280.05735778808594,12.219406127929688,-0.67460036277771,-0.7381831407546997,0.0,-2.3112195160481126,0.8365616690533817,0.004832782493448068,206.92013376470524,16.50003433227539
3636.773219118346,-287.18162536621094,273.5370330810547,12.293930053710938,-0.6426550149917603,-0.7661556601524353,0.0,-2.268754965228424,0.7716601824131364,0.004797062915482209,208.46088901034943,16.600032806396484
3645.4722962890064,-292.63890075683594,266.76292419433594,12.353408813476562,-0.6108201742172241,-0.7917693853378296,0.0,-2.2278923622246074,0.7248139067716375,0.004834168025089014,206.86082792531533,16.700031280517578
3654.199037020909,-297.8206481933594,259.741455078125,12.420257568359375,-0.5759057998657227,-0.817516028881073,0.0,-2.1845080516835744,0.7414861630285929,0.004930712466624992,202.81044712479184,16.700031280517578
3662.9514508181246,-302.7149963378906,252.48568725585938,12.483001708984375,-0.5404008626937866,-0.8414077162742615,0.0,-2.141709770431619,0.705092487771275,0.004729020954753499,211.46025986516804,16.65003204345703
3671.7289519517567,-307.31190490722656,245.00843811035156,12.543853759765625,-0.5062410831451416,-0.862392008304596,0.0,-2.1016167994188435,0.7060659513618006,0.0047881493120389695,208.84895913451857,16.65003204345703
3680.533187611794,-311.6018371582031,237.32032775878906,12.607147216796875,-0.4677272439002991,-0.8838728666305542,0.0,-2.057513984204291,0.6846720567204034,0.004941953382101821,202.34913660288277,16.600032806396484
3689.359616281341,-315.5675354003906,229.43516540527344,12.66455078125,-0.42927828431129456,-0.9031722545623779,0.0,-2.014489869998368,0.683448589558,0.0050413128037262445,198.36102994062546,16.450035095214844
3698.2068036244905,-319.1886749267578,221.3632354736328,12.727951049804688,-0.3872182071208954,-0.9219881296157837,0.0,-1.9684088222712273,0.7276234110518809,0.005027058791017253,198.9234742563344,16.300037384033203
3707.0709746030975,-322.4490509033203,213.12071228027344,12.793426513671875,-0.3472749888896942,-0.9377633333206177,0.0,-1.9254600012399687,0.7146635413593949,0.0051194492633344635,195.33351119660625,16.250038146972656
3715.9551053954447,-325.3359832763672,204.7189483642578,12.854782104492188,-0.30195242166519165,-0.9533230066299438,0.0,-1.8775363322204215,0.6929108972580922,0.00504551466892228,198.19583642467137,16.000041961669922
3724.857446795324,-327.8487548828125,196.17881774902344,12.916671752929688,-0.26184603571891785,-0.965109646320343,0.0,-1.8357308111000836,0.7635173961487496,0.004807276632586788,208.0179853227838,15.900042533874512
3733.781676888765,-329.99684143066406,187.5172882080078,12.990921020507812,-0.21924236416816711,-0.9756704568862915,0.0,-1.7918341948723355,0.7507069092288154,0.004572492343999507,218.699108662763,15.650041580200195
3742.7262955899528,-331.79713439941406,178.75592041015625,13.05078125,-0.18221966922283173,-0.9832578301429749,0.0,-1.7540397749017018,0.65054897908291,0.004504265564123255,222.01177656243448,15.450040817260742
3751.695887864772,-333.2505340576172,169.90504455566406,13.107452392578125,-0.13987340033054352,-0.9901694059371948,0.0,-1.7111298823196992,0.6261239922912942,0.004636072058976537,215.69983970886787,15.150039672851562
3760.687560878233,-334.3240509033203,160.9778594970703,13.163238525390625,-0.0998137816786766,-0.9950061440467834,0.0,-1.6707765923727282,0.5865140252036438,0.004096906844570869,244.08658481585397,14.80003833770752
3769.7045387009757,-335.0796813964844,151.99273681640625,13.213058471679688,-0.066524438560009,-0.9977847933769226,0.0,-1.6373699308295544,0.584847521119336,0.0037727748626296687,265.0568974855256,14.300036430358887
3778.7516834035982,-335.5279846191406,142.95687866210938,13.268905639648438,-0.031818922609090805,-0.9994936585426331,0.0,-1.6026206207215679,0.727060590771933,0.003688733733987093,271.09573965348704,13.800034523010254
3787.829953299756,-335.6717834472656,133.88006591796875,13.34490966796875,0.00027673461590893567,-0.9999999403953552,0.0,-1.5705195921695574,0.7856618021460093,0.0033286084397932125,300.42584403893545,13.150032043457031
3796.9380862797984,-335.541015625,124.77311706542969,13.411758422851562,0.028694771230220795,-0.9995881915092468,0.0,-1.542097615448806,0.7221480668890834,0.0031442259420433882,318.0433017323539,12.500029563903809
3806.0786439389485,-335.14996337890625,115.64115905761719,13.4766845703125,0.057624343782663345,-0.9983383417129517,0.0,-1.5131400446432934,0.659436686011583,0.0031044053202486377,322.1228856546052,11.650026321411133
3815.2506190419917,-334.4954528808594,106.49273681640625,13.532485961914062,0.08543993532657623,-0.9963433146476746,0.0,-1.4852520961031792,0.5936781418105608,0.0030514089324073512,327.7174649977409,10.800023078918457
3824.45468550071,-333.5823669433594,97.334228515625,13.585769653320312,0.11348478496074677,-0.9935397505760193,0.0,-1.457066529802924,0.5366201781587421,0.0030102494664729362,332.1983812762485,9.950019836425781
3833.6899486028256,-332.40997314453125,88.17379760742188,13.63140869140625,0.14058074355125427,-0.9900692105293274,0.0,-1.429748366923024,0.5088348111403351,0.0028237468137707333,354.1393991569077,9.000016212463379
3842.958196242001,-330.9925231933594,79.01470947265625,13.679931640625,0.16520923376083374,-0.9862585663795471,0.0,-1.4048261745000736,0.4116680115924032,0.0024872000042162057,402.0585390418296,8.10001277923584
3852.2591948560225,-329.35943603515625,69.85824584960938,13.707778930664062,0.18612834811210632,-0.9825254678726196,0.0,-1.3835761783231584,0.2871783599923128,0.0023118773757883626,432.54889315182413,7.200009346008301
3861.5950877177356,-327.52392578125,60.70460510253906,13.733444213867188,0.20753875374794006,-0.9782267808914185,0.0,-1.3617380665512087,0.2236168288380913,0.0024190274002823253,413.38928194169677,6.350006103515625
3870.9645505455414,-325.47593688964844,51.56172180175781,13.74957275390625,0.23038595914840698,-0.9730993509292603,0.0,-1.3383220381906369,0.12170018413135697,0.002531054421726797,395.09225539202583,5.450002670288086
3880.3658903442742,-323.2029266357422,42.439300537109375,13.756256103515625,0.2537645399570465,-0.9672660231590271,0.0,-1.3142261083568316,-0.025260759327438986,0.002457782793269525,406.87077911784297,4.699999809265137
3889.8002479745037,-320.7076721191406,33.340911865234375,13.7447509765625,0.27516505122184753,-0.9613969922065735,0.0,-1.2920349475217496,-0.1536542214512715,0.002074518356563415,482.03960058303363,3.99999737739563
3899.2693304061113,-318.0230712890625,24.2603759765625,13.727188110351562,0.2914730906486511,-0.9565790295600891,0.0,-1.2750298928449304,-0.2241228860181188,0.0015718708105073587,636.1845981968621,3.449997901916504
3908.775552350133,-315.1914367675781,15.185714721679688,13.702194213867188,0.3036978542804718,-0.9527683854103088,0.0,-1.2622248900591255,-0.3163353545802772,0.0011870919894748644,842.3946997084628,2.949998378753662
3918.308675397,-312.25347900390625,6.116668701171875,13.66693115234375,0.31300869584083557,-0.9497502446174622,0.0,-1.252437055188686,-0.41110991398476404,0.001111154245881818,899.9650621920583,2.599998712539673
3927.845127490544,-309.2174835205078,-2.9235076904296875,13.623794555664062,0.3238171339035034,-0.9461196660995483,0.0,-1.2410350883962082,-0.5742832809574216,0.0011430375693789463,874.8618827492575,2.2999989986419678
3937.4368802904114,-306.0661163330078,-11.9825439453125,13.55694580078125,0.3336923122406006,-0.9426820278167725,0.0,-1.2305786308436015,-0.7182431283040858,0.0010584727914282333,944.7573977321289,2.099999189376831
3947.0771069647008,-302.80162048339844,-21.052932739257812,13.485641479492188,0.34300553798675537,-0.9393333792686462,0.0,-1.22068164027509,-0.7308388191186621,0.0007394743312240659,1352.3119840342274,1.9999991655349731
3956.7609495809834,-299.4573974609375,-30.140731811523438,13.415725708007812,0.34710484743118286,-0.9378263354301453,0.0,-1.2163140838291784,-0.7428362701370039,0.00025006926527582074,3998.8920625532396,1.9999991655349731
3966.4882040945026,-296.0771179199219,-39.26145935058594,13.3414306640625,0.34754472970962524,-0.9376634359359741,0.0,-1.215845007438824,-0.817117637849063,-2.5015955555485192e-05,39974.48739393576,1.9999991655349731
3976.2600270640532,-292.68585205078125,-48.42555236816406,13.25634765625,0.3466412127017975,-0.9379978179931641,0.0,-1.216808415125697,-0.8053353384873452,-6.506644214987478e-05,15368.905490430669,1.9999991655349731
3986.0752179445217,-289.28466796875,-57.63232421875,13.183746337890625,0.34635215997695923,-0.9381045699119568,0.0,-1.2171165505642265,-0.8021794022085249,6.888524619275138e-06,145168.9665450056,1.9999991655349731
3995.933166399408,-285.87013244628906,-66.879638671875,13.098480224609375,0.34677138924598694,-0.9379496574401855,0.0,-1.2166696153778866,-0.8187897083202444,5.412722996861463e-05,18474.98940144996,1.9999991655349731
4005.8339953434884,-282.4332580566406,-76.16448974609375,13.022003173828125,0.3473559617996216,-0.9377333521842957,0.0,-1.216046307224633,-0.8056455083742642,4.9900493223675735e-05,20039.882081276526,1.9999991655349731
4015.7767500711147,-278.9777526855469,-85.48709106445312,12.938583374023438,0.34769895672798157,-0.9376062154769897,0.0,-1.2156805077363142,-0.8854263335811963,-3.579469031245175e-05,27937.1043937244,1.9999991655349731
4025.758453737406,-275.5109100341797,-94.84693908691406,12.845550537109375,0.34668177366256714,-0.9379827976226807,0.0,-1.2167651623539297,-0.9342725810302155,-0.00014062807168674363,7110.955785752024,1.9999991655349731
4035.7851937932633,-272.04302978515625,-104.25440979003906,12.75164794921875,0.3450566828250885,-0.9385818243026733,0.0,-1.218497142157206,-0.9490648160144333,-0.0001340755370573543,7458.482150791042,1.949999213218689
4045.8528986772844,-268.5733337402344,-113.704833984375,12.654830932617188,0.344156414270401,-0.9389123320579529,0.0,-1.219456161935474,-0.9616592631278299,-9.525704113456292e-05,10497.911630357807,1.949999213218689
