s_m,x_center_m,y_center_m,z_center_m,x_line_m,y_line_m,offset_m,heading_rad,curvature_1_per_m,radius_m,slope_pct,width_m,drive_left_m,drive_right_m,limit_left_m,limit_right_m,segment_id,segment_kind,v_target_ms,v_target_kmh
0.0,-604.5541534423828,-199.53273010253906,11.73345947265625,-603.771651387674,-199.52324360819256,-0.7825595563268934,1.5829190165365823,-0.00010495634553627811,9527.770759266294,-0.008341916991974693,14.100024938583374,-2.4999988079071045,11.60002613067627,-72.43148803710938,17.45001983642578,0,straight,80.0,288.0
10.975023422443298,-604.6797943115234,-188.5584259033203,11.7325439453125,-603.8587788824366,-188.54941835293832,-0.8210648395605217,1.5817671181859876,-1.500343929942971e-05,66651.38439544395,-0.008048908132463062,14.100025653839111,-2.349998950958252,11.75002670288086,-71.69536590576172,17.550018310546875,0,straight,80.0,288.0
21.99401026254993,-604.8045959472656,-177.54014587402344,11.731689453125,-603.960835840769,-177.53018851178354,-0.8438188587474534,1.5825969558543973,7.512995141260859e-05,13310.270820063066,-0.008221803681329742,14.10002613067627,-2.2499990463256836,11.850027084350586,-71.04501342773438,17.700016021728516,0,straight,80.0,288.0
33.055332449332305,-604.9406127929688,-166.4796600341797,11.730728149414062,-604.0930265517621,-166.46895473157505,-0.8476538443177006,1.5834259954734011,-3.5903343756360506e-06,278525.5899244325,-0.008057236918534993,14.100026845932007,-2.099999189376831,12.000027656555176,-70.5018539428711,17.900012969970703,0,straight,80.0,288.0
44.15796951157525,-605.0764007568359,-155.3778533935547,11.729904174804688,-604.2464919671589,-155.36813093980697,-0.8299657374193967,1.5825108779899395,-0.0001587831673215273,6297.896791383776,0.12447212007576924,14.100027441978455,-1.949999213218689,12.150028228759766,-70.08734130859375,18.050010681152344,0,straight,80.0,288.0
55.302313647235835,-605.1935119628906,-144.23416137695312,11.758529663085938,-604.4043842125404,-144.22698734434104,-0.7891603595699592,1.5798871678900412,-0.00023816428855000238,4198.782303124554,0.4128204422796711,14.100027918815613,-1.8499993085861206,12.250028610229492,-69.82291412353516,18.150009155273438,0,straight,80.0,288.0
66.48007958424108,-605.2785491943359,-133.05690002441406,11.822158813476562,-604.5535855122065,-133.05226161545048,-0.7249785205400329,1.5771943654647287,-0.0001298935110990579,7698.613976470246,0.6030905704181744,14.100028395652771,-1.7499994039535522,12.350028991699219,-69.7300033569336,18.200008392333984,0,straight,80.0,288.0
77.69006891934349,-605.3476409912109,-121.84735107421875,11.893569946289062,-604.7090549259708,-121.84339818765213,-0.6385982994270212,1.576986308530419,-4.3390825956904355e-05,23046.346271287788,0.48284061399430644,14.10002863407135,-1.699999451637268,12.400029182434082,-68.78634643554688,18.300006866455078,0,straight,80.0,288.0
88.93115725551519,-605.4144134521484,-110.60652160644531,11.930465698242188,-604.8819216270293,-110.60363423638562,-0.5324996532623288,1.5762186480882914,-0.00014826803003559208,6744.542297890838,0.2886202163472018,14.10002887248993,-1.6499994993209839,12.450029373168945,-66.17741394042969,18.300006866455078,0,straight,80.0,288.0
100.21229664832809,-605.4615783691406,-99.32551574707031,11.958541870117188,-605.0514230311752,-99.32434916468115,-0.4101569969852993,1.5736405644175984,-0.00019938735895234927,5015.363086478244,0.4060688211468988,14.100029110908508,-1.5999995470046997,12.500029563903809,-62.23625183105469,18.350006103515625,0,straight,80.0,288.0
111.52877709433554,-605.4808654785156,-88.00923156738281,12.0223388671875,-605.2051868613586,-88.00897830007702,-0.2756787334960174,1.5717150314704555,-8.107006126832628e-05,12335.009797145616,0.5361414462740743,14.100029349327087,-1.5499995946884155,12.550029754638672,-57.295928955078125,18.350006103515625,0,straight,80.0,288.0
122.87240432005872,-605.4917755126953,-76.66575622558594,12.08001708984375,-605.3582596229863,-76.66562110429032,-0.13351595808198963,1.5718083505306373,-5.936958427675554e-05,16843.641608444297,0.4292121999991072,14.100029349327087,-1.5499995946884155,12.550029754638672,-51.68949508666992,19.149993896484375,0,straight,80.0,288.0
134.25177832873453,-605.4975128173828,-65.28645324707031,12.11981201171875,-605.5091976459026,-65.28644816194053,0.011684829626387767,1.5703611360295189,-0.0002579688532929614,3876.436969948282,0.3262916454574438,14.100029349327087,-1.5499995946884155,12.550029754638672,-45.750003814697266,20.699970245361328,0,straight,80.0,288.0
145.6655803526284,-605.4680023193359,-53.87274169921875,12.154373168945312,-605.6230872587777,-53.87198535559487,0.15508678376096885,1.5659194017356648,-0.0004247601973950549,2354.2695528741697,0.34642079002317194,14.100029110908508,-1.5999995470046997,12.500029563903809,-39.810516357421875,22.649940490722656,0,straight,80.0,288.0
157.1125937738487,-605.3808135986328,-42.4261474609375,12.19903564453125,-605.6723998382536,-42.42318836444706,0.2916012540922682,1.560648403088604,-0.00043146620864553675,2317.67860370621,0.3272558117921265,14.10002887248993,-1.6499994993209839,12.450029373168945,-34.204078674316406,24.549911499023438,0,straight,80.0,288.0
168.5892469491358,-605.2378997802734,-30.950424194335938,12.229354858398438,-605.653731350001,-30.944283582801265,0.41587690665879645,1.5560303357379044,-0.0004653897365107934,2148.7366857236393,0.10136884397026202,14.100028157234192,-1.7999993562698364,12.300028800964355,-29.26375389099121,26.399883270263672,0,straight,80.0,288.0
180.09889243742924,-605.0352020263672,-19.44256591796875,12.22222900390625,-605.5575361206985,-19.43167384388283,0.5224476465435224,1.5499466524878753,-0.0006765576698125053,1478.0705985893715,-0.2526820965485288,14.100027203559875,-1.9999991655349731,12.100028038024902,-25.32259750366211,28.149856567382812,0,straight,80.0,288.0
191.64232902157278,-604.7401275634766,-7.90301513671875,12.170974731445312,-605.345949226331,-7.8846090087446115,0.6061012066731282,1.5404235804125126,-0.0009492695552816843,1053.4415587606852,-0.694669348839172,14.10002589225769,-2.2999989986419678,11.800026893615723,-22.713661193847656,29.849830627441406,0,straight,80.0,288.0
203.21956045601328,-604.3180236816406,3.6660003662109375,12.061447143554688,-604.9798212878508,3.694346479857343,0.6624043883794278,1.527990493060154,-0.0013501931145734752,740.6347945389272,-1.0016270540702754,14.241995096206665,-3.298999071121216,10.94299602508545,-21.770002365112305,31.39980697631836,0,straight,80.0,288.0
214.83765011149782,-603.7155303955078,15.267807006835938,11.9385986328125,-604.4025128825992,15.31025702229161,0.6882927730133809,1.5090828021665752,-0.0015948160212503754,627.0315739717583,-0.9118495939967053,14.241995334625244,-4.297998905181885,9.94399642944336,-21.949951171875,32.749786376953125,0,straight,80.0,288.0
226.48844702386012,-602.8880615234375,26.888839721679688,11.849365234375,-603.5684437487397,26.94332734161406,0.6825605271573433,1.4908830367522687,-0.001534001489117337,651.8898495824792,-0.6651571308267656,14.241995811462402,-5.296998977661133,8.94499683380127,-22.499942779541016,33.8997688293457,0,straight,80.0,288.0
238.17029578883708,-601.8531188964844,38.524566650390625,11.783462524414062,-602.4961585859089,38.58746510291191,0.6461085493203458,1.4732922365960937,-0.0015784500680975228,633.5328688637468,-0.5126138113469958,14.241996765136719,-6.295999050140381,7.945997714996338,-23.04993438720703,34.849754333496094,0,straight,80.0,288.0
249.88212996658683,-600.60107421875,50.169158935546875,11.729476928710938,-601.1790016429986,50.23699493644965,0.5818950341058909,1.4539529152416233,-0.0017638071735483901,566.9553990917392,-0.4545985438841882,14.241996765136719,-7.294999122619629,6.94699764251709,-23.299930572509766,35.5997428894043,0,straight,80.0,288.0
261.62327152808103,-599.1106567382812,61.81520080566406,11.676849365234375,-599.6005315348325,61.88367403533682,0.49463713920196906,1.4319191047564324,-0.0019006395840539883,526.1386789951201,-0.38852018159952206,14.24199628829956,-8.293998718261719,5.947997570037842,-23.349929809570312,36.099735260009766,0,straight,80.0,288.0
273.39236755700705,-597.3572235107422,73.452880859375,11.638168334960938,-597.7425235646432,73.51566508681128,0.3903818524866642,1.4092670832510286,-0.0018694451664658107,534.9180697770888,-0.26188519451894043,14.241995811462402,-9.292998313903809,4.948997497558594,-23.349929809570312,36.3497314453125,0,straight,80.0,288.0
285.1871977243428,-595.3385314941406,85.07365417480469,11.61517333984375,-595.6100056165226,85.12387522435297,0.27608033783807856,1.3878704839916567,-0.0018306430173048727,546.2561463633854,-0.1472285210446067,14.241995334625244,-10.291997909545898,3.9499974250793457,-23.199932098388672,36.3497314453125,0,straight,80.0,288.0
297.00826464979133,-593.056396484375,96.67233276367188,11.603424072265625,-593.2123324217489,96.70471643960481,0.15926304980000502,1.36603393531388,-0.0019461878570083968,513.8250125232826,-0.035991860962059086,14.740995407104492,-11.290997505187988,3.449997901916504,-22.949935913085938,36.14973449707031,0,straight,80.0,288.0
308.8572091675121,-590.4965362548828,108.241455078125,11.606689453125,-590.5430990777014,108.2523082347914,0.04781095563215861,1.3417986727336917,-0.001981085963209138,504.7736537288426,0.056861773529892634,14.98999571800232,-12.289997100830078,2.699998617172241,-22.699939727783203,37.14971923828125,0,straight,80.0,288.0
320.7312451656194,-587.6705322265625,119.7742919921875,11.616928100585938,-587.621857120436,119.76177208767916,-0.05025946642507459,1.3190399000841102,-0.001868284367121692,535.2504241849518,0.0729446410282164,15.388995885848999,-13.288996696472168,2.099999189376831,-22.44994354248047,37.14971923828125,0,straight,80.0,288.0
332.629095218001,-584.5944213867188,131.26760864257812,11.6240234375,-584.4720232987868,131.23328446859028,-0.12711978936954826,1.2973883371344346,-0.0018991042904935238,526.5640254754667,0.1338053700113695,15.987995743751526,-14.287996292114258,1.699999451637268,-22.049949645996094,34.199764251708984,0,straight,80.0,288.0
344.5503974045118,-581.2363433837891,142.70614624023438,11.648834228515625,-581.0684214024315,142.65475422557773,-0.17561016768266619,1.273801121925077,-0.002070182228572276,483.04926310263085,0.2145042510464379,16.736995577812195,-15.286995887756348,1.4499996900558472,-21.549957275390625,32.69978713989258,0,straight,80.0,288.0
356.46677244162356,-577.5988464355469,154.05374145507812,11.675155639648438,-577.4187660605156,153.99351353252203,-0.18988508136977483,1.248040903893658,-0.0020905043450369365,478.35346641306853,0.21915367614682157,17.400040984153748,-16.05004119873047,1.3499997854232788,-21.049964904785156,31.199810028076172,0,straight,80.0,288.0
368.3480024521599,-573.6943511962891,165.27505493164062,11.70098876953125,-573.5381494538935,165.21861160461418,-0.16608682516448453,1.2240471247290787,-0.002071347339605921,482.77755298647907,0.1868296146903703,16.750040411949158,-15.400040626525879,1.3499997854232788,-20.749969482421875,29.399837493896484,0,straight,80.0,288.0
380.2718860862848,-569.4984741210938,176.43629455566406,11.7196044921875,-569.4026418889918,176.39889652790495,-0.10287093462163684,1.198727811559487,-0.002034724317603112,491.4670706732357,0.10269848931306891,16.200037360191345,-14.65003776550293,1.5499995946884155,-19.749984741210938,27.299869537353516,0,straight,80.0,288.0
392.2179128387509,-565.0259704589844,187.51348876953125,11.725479125976562,-565.0244699971261,187.51286265619308,-0.0016258547599935919,1.1754823688806098,-0.00198789573093041,503.04449294831096,0.03874901061815539,15.650033831596375,-13.800034523010254,1.8499993085861206,-18.45000457763672,24.899906158447266,0,straight,80.0,288.0
404.18716131494153,-560.2811279296875,198.50209045410156,11.728866577148438,-560.4032099992595,198.556552083348,0.1336790962385338,1.151184784418945,-0.0019879984935817566,503.01848981701704,0.03259978756506299,15.24701738357544,-12.897018432617188,2.349998950958252,-17.500019073486328,22.999935150146484,0,straight,80.0,288.0
416.1772834613851,-555.2670135498047,209.39344787597656,11.733291625976562,-555.5353187686405,209.52072684918787,0.296964017140607,1.1278529311908956,-0.0019101655539711174,523.5148324819601,0.041568443511663666,14.898017168045044,-11.898018836975098,2.9999983310699463,-16.700031280517578,21.699954986572266,0,straight,80.0,288.0
428.18908197284446,-549.9947204589844,220.1863250732422,11.738845825195312,-550.424270694925,220.40207294284966,0.48068757882518437,1.1053386939287762,-0.0018502018597377837,540.4815667744076,0.06659280233563547,14.699016809463501,-10.899019241333008,3.799997568130493,-15.750041961669922,20.599971771240234,0,straight,80.0,288.0
440.2229996740918,-544.4748687744141,230.87960815429688,11.749313354492188,-545.0725807423682,231.19645152369418,0.6764978324922143,1.0833645713087343,-0.0018337009422810108,545.3451961234539,0.3133969073346621,14.150017738342285,-9.900019645690918,4.249998092651367,-14.80003833770752,19.499988555908203,0,straight,80.0,288.0
452.2803237165827,-538.7051086425781,241.46661376953125,11.814453125,-539.4696171253545,241.8938810961178,0.8758028251869286,1.0611622011257422,-0.0016142243498288092,619.492575555592,0.7802346898458656,14.350018501281738,-9.200016975402832,5.150001525878906,-14.000035285949707,18.350006103515625,0,straight,80.0,288.0
464.35501331832194,-532.7245788574219,251.95547485351562,11.93768310546875,-533.649925931107,252.49315917711058,1.0702203691844887,1.0444179830595404,-0.001310262816310838,763.2056619110884,1.2213213291777325,14.700019836425781,-8.750015258789062,5.950004577636719,-13.500033378601074,17.250022888183594,0,straight,80.0,288.0
476.44729437032515,-526.5699462890625,262.3628845214844,12.10968017578125,-527.6429315556476,263.0079561505818,1.251964372086984,1.0294998100533845,-0.0010354678887554286,965.7469930834274,1.5853538224924468,14.950020790100098,-8.450014114379883,6.500006675720215,-13.150032043457031,16.250038146972656,0,straight,80.0,288.0
488.55616659928523,-520.2749328613281,272.7046813964844,12.3214111328125,-521.4795445400274,273.4456094158005,1.4142360574764354,1.0193650480833047,-0.0006064612747174042,1648.909900250391,1.8768558693683046,15.200021743774414,-8.25001335144043,6.950008392333984,-13.000031471252441,15.200039863586426,0,straight,80.0,288.0
500.68061540552594,-513.8986358642578,283.0141906738281,12.564544677734375,-515.2165714347035,283.8331184607249,1.5516432863250569,1.0148104249783627,-0.00032483693411589076,3078.4676709306523,2.0991021628374296,15.45002269744873,-8.200013160705566,7.250009536743164,-12.900031089782715,14.100035667419434,0,straight,80.0,288.0
512.8201291445368,-507.4757080078125,293.31190490722656,12.830764770507812,-508.88326487738016,294.1930227428045,1.660597778283668,1.011484749006379,-0.0002939929433943625,3401.4421858370893,2.445677721940387,15.500022888183594,-8.150012969970703,7.350009918212891,-12.850030899047852,12.900031089782715,0,straight,80.0,288.0
524.9764923700807,-501.0074768066406,303.59934997558594,13.158828735351562,-502.47844958751415,304.528000938161,1.7395842987226404,1.007666932857926,-0.0002606590996967126,3836.428504370423,2.598012105318026,15.500022888183594,-8.150012969970703,7.350009918212891,-12.850030899047852,12.100028038024902,0,straight,80.0,288.0
537.132438215294,-494.5073699951172,313.866943359375,13.46240234375,-496.01788056510577,314.82588616503836,1.7891935296609667,1.0051474798370166,-0.0001541579914520197,6486.851512405967,2.285223196178565,17.498022079467773,-9.149012565612793,8.34900951385498,-12.900031089782715,11.800026893615723,0,straight,80.0,288.0
549.3108908844345,-487.9727783203125,324.1407012939453,13.714828491210938,-489.5012342342415,325.1136753231741,1.811865321258258,1.0039179834310263,0.00024473165131488894,4086.108170427575,2.023907168304395,17.75003147125244,-9.350017547607422,8.40001392364502,-13.000031471252441,11.700026512145996,0,straight,80.0,288.0
561.499877602026,-481.46083068847656,334.4415740966797,13.95556640625,-482.9958426575273,335.40326088483897,1.8113815786987313,1.0111182496619555,0.0008775604779331023,1139.5226028812017,1.8639798552499198,17.399025917053223,-9.199012756347656,8.200013160705566,-13.000031471252441,11.650026321411133,0,straight,80.0,288.0
573.7003965460118,-475.0522155761719,344.8211975097656,14.169418334960938,-476.58435829195594,345.75103578149947,1.7922222276021618,1.0253278686470109,0.0011105488882733536,900.4556310481464,1.674466960936094,15.500022888183594,-8.200013160705566,7.300009727478027,-12.900031089782715,11.75002670288086,0,straight,80.0,288.0
585.910789862556,-468.7825622558594,355.29722595214844,14.364303588867188,-470.2978887842094,356.19032002839543,1.7589290822966317,1.03822669181234,0.0010810079070194545,925.062613794557,1.4390978730107973,15.550023078918457,-7.95001220703125,7.600010871887207,-12.650030136108398,11.800026893615723,0,straight,80.0,288.0
598.1294459267801,-462.65248107910156,365.86572265625,14.520950317382812,-464.1421365189144,366.716784286075,1.715627939596566,1.0517362713039977,0.0013104592897894979,763.0912366309619,1.0523493699492459,15.500022888183594,-7.5000104904174805,8.000012397766113,-12.250028610229492,12.300028800964355,0,straight,79.7931311228066,287.25527204210374
610.3567903687169,-456.6916046142578,376.54119873046875,14.62152099609375,-458.1530021272968,377.340570934734,1.665736657478769,1.0702657404282165,0.0016859220571914177,593.1472310564005,0.5586889524297867,15.550023078918457,-6.900008201599121,8.650014877319336,-11.60002613067627,12.950031280517578,0,straight,77.96897770709681,280.68831974554854
622.5891503815433,-450.9527130126953,387.3437194824219,14.657577514648438,-452.3840722022632,388.08494115479704,1.6118928925828577,1.0929751373142258,0.0021598268780579424,463.0000719776081,0.13251765516841818,15.550023078918457,-6.000004768371582,9.550018310546875,-10.750022888183594,13.850034713745117,0,straight,76.10033606182222,273.96120982256
634.8269285601134,-445.4823455810547,398.29078674316406,14.6539306640625,-446.8850447538259,398.9643517096435,1.5560381529260543,1.1231202902641584,0.0024947715777189766,400.8383007611148,-0.028741437461698993,15.550023078918457,-5.05000114440918,10.500021934509277,-9.750019073486328,14.900038719177246,0,straight,74.18378051179774,267.06160984247185
647.0634861879772,-440.3591003417969,409.4031982421875,14.650543212890625,-441.73032667407904,410.01023473272215,1.4995849276331805,1.1540329378130672,0.00245762580968259,406.89676844220367,-0.029552587397696506,15.550023078918457,-4.199997901916504,11.350025177001953,-8.800015449523926,15.900042533874512,0,straight,74.74230309497581,269.0722911419129
659.3007263888276,-435.57061767578125,420.66465759277344,14.646697998046875,-436.9071666135601,421.21019539172096,1.4435977809480933,1.183267633779419,0.0023710364591447985,421.7564838124365,-0.03129556428640434,15.550026178359985,-3.3999979496002197,12.150028228759766,-7.850011825561523,16.85002899169922,0,straight,76.0948454940998,273.94144377875926
671.5395301435352,-431.1096649169922,432.06150817871094,14.64288330078125,-432.4101891818443,432.5491442295179,1.388939264876547,1.2120664742479224,0.002362524554844883,423.2760239250327,-0.029734031778327896,15.550029039382935,-2.7999985218048096,12.750030517578125,-6.8000078201293945,17.850013732910156,0,straight,75.1584684751181,270.57048651042516
683.7793121036636,-426.97857666015625,443.58306884765625,14.639419555664062,-428.24295719461145,444.015723198177,1.3363562110955969,1.2410989120837754,0.002415369175699518,414.0153853335438,-0.022938281447903996,15.500031471252441,-2.2499990463256836,13.250032424926758,-6.050004959106445,18.550003051757812,0,straight,73.21694042298556,263.580985522748
696.0194469113009,-423.19276428222656,455.2230224609375,14.63726806640625,-424.4219599794604,455.6027209923359,1.2865041923150782,1.2711945412570624,0.0024746400450446626,404.09917474763563,-0.016580035936342163,15.500033020973206,-1.8999992609024048,13.6000337600708,-5.600003242492676,19.149993896484375,0,straight,71.2224475967785,256.4008113484026
708.2595844003791,-419.76025390625,466.9720153808594,14.635360717773438,-420.9555484393559,467.3016875686459,1.239924502650359,1.301678774307955,0.002451028165427853,407.9920476252216,-0.013338597573431255,15.50003445148468,-1.5999995470046997,13.90003490447998,-5.250001907348633,19.649986267089844,0,straight,69.1704680867378,249.01368511225607
720.5003489393093,-416.6816711425781,478.81932067871094,14.634002685546875,-417.84447470458605,479.1033833005759,1.1969977848597053,1.3311978721224238,0.002302679520332994,434.27667253295783,-0.00953518713319168,15.500035405158997,-1.399999737739563,14.100035667419434,-5.100001335144043,20.249977111816406,0,straight,67.05561505780655,241.4002142081036
732.7447777681814,-413.9375305175781,490.7522888183594,14.633026123046875,-415.069331995701,490.99676388009095,1.1579044182011755,1.3580595297125615,0.0020107698646544547,497.321954927869,-0.0021521189499940085,17.498034954071045,-2.3989996910095215,15.099035263061523,-5.000000953674316,20.599971771240234,0,straight,64.87118870223941,233.53627932806188
744.9149075687121,-411.50550842285156,502.67694091796875,14.633468627929688,-412.6078017521782,502.8894816930972,1.1225970626053736,1.3803170442159918,0.0016527944709191222,605.035905912668,0.016749539594718144,19.4960355758667,-3.3979997634887695,16.09803581237793,-5.05000114440918,21.14996337890625,0,straight,62.624559363411535,225.44841370828152
753.0485575079867,-409.79803466796875,510.6293487548828,14.635543823242188,-410.8716240733885,510.82248423359,1.0908233241753695,1.3928031890685941,0.0013094475726549981,763.6808230301492,0.026687495427824004,19.945032596588135,-4.396999835968018,15.548032760620117,-5.350002288818359,21.499958038330078,0,straight,61.07701839347338,219.87726621650418
759.4052687796387,-408.49281311035156,516.8506164550781,14.637298583984375,-409.5395350710797,517.0311453541326,1.0621758547737699,1.4000058241274465,0.0006323535847311407,1581.3937394300888,0.017361034331786485,19.148030757904053,-4.598997592926025,14.549033164978027,-5.600003242492676,21.749954223632812,0,straight,59.83970983899851,215.42295542039463
769.1046690352581,-406.8406219482422,526.4082641601562,14.637466430664062,-407.8614820753126,526.5856755323191,1.0361612779943765,1.3987286631158022,-0.0003918415518302937,2552.051959086512,0.0032918572133167068,17.150031328201294,-3.5999977588653564,13.550033569335938,-5.650003433227539,22.299945831298828,0,straight,57.900830539598374,208.44298994255416
778.3590206830793,-405.2271270751953,535.5208740234375,14.637908935546875,-406.22340101979677,535.7000985984004,1.0122663784608887,1.3928052179903607,-0.00030097320893711366,3322.554866366672,0.005337507964742194,17.150031089782715,-3.6499977111816406,13.500033378601074,-5.750003814697266,22.299945831298828,0,straight,55.98835706614577,201.55808543812478
787.1993339919522,-403.66246032714844,544.2216186523438,14.638427734375,-404.6368591422698,544.3967038893398,0.9900039854081152,1.3930081359558384,0.00010182725293127193,9820.553645642858,0.006291116177992162,17.150030612945557,-3.749997615814209,13.400032997131348,-5.850004196166992,22.299945831298828,0,straight,54.09834439741324,194.75403983068767
795.6330778487026,-402.17811584472656,552.5237121582031,14.638992309570312,-403.1320227402273,552.6936451390637,0.9689249626612114,1.3945015274303947,0.00011051344595007506,9048.672687771897,0.006186542051944688,17.150030374526978,-3.799997568130493,13.350032806396484,-5.9000043869018555,22.199947357177734,0,straight,52.23154801916569,188.0335728689965
803.6592645666836,-400.7716369628906,560.4257049560547,14.639450073242188,-401.705589212712,560.5917183459497,0.948592246737728,1.3948801226512404,0.00037735911462116745,2649.995617580099,0.004931646763040032,17.15002989768982,-3.8999974727630615,13.250032424926758,-5.950004577636719,22.149948120117188,0,straight,50.39077890776721,181.40680406796199
811.2929122322977,-399.4545440673828,567.9448699951172,14.6397705078125,-400.36958085996145,568.1025436504372,0.9285221124747435,1.4001580234013806,0.0008848568393730327,1130.1263159230957,0.00140782535387185,17.15002965927124,-3.9499974250793457,13.200032234191895,-5.950004577636719,22.09994888305664,0,straight,48.57535767052562,174.87128761389224
818.5818886019431,-398.24432373046875,575.1326751708984,14.639678955078125,-399.1404156400735,575.2799003762901,0.9081057050595815,1.407954160928114,0.0010572714400694516,945.8309021705065,-0.004630722881460159,17.15002965927124,-3.9499974250793457,13.200032234191895,-5.950004577636719,22.149948120117188,0,straight,46.77619390825394,168.39429806971418
825.5666137903204,-397.13909912109375,582.0294036865234,14.639129638671875,-398.01492734230965,582.1667391190994,0.8865303684132784,1.415256533398274,0.0016418784970155947,609.0584667608945,-0.011247833477434632,17.1500301361084,-3.8499975204467773,13.300032615661621,-5.850004196166992,22.199947357177734,0,straight,44.98466520824549,161.94479474968375
832.2116143022437,-396.1512756347656,588.6005706787109,14.638168334960938,-397.00545592815735,588.7216919458648,0.862724947463411,1.429937144847046,0.001916448571676846,521.7985052033117,-0.018898372840259192,17.20003080368042,-3.749997615814209,13.450033187866211,-5.700003623962402,22.349945068359375,0,straight,43.21138319527999,155.56097950300799
838.5465223683931,-395.30213928222656,594.8783111572266,14.636703491210938,-396.13039222214223,594.9870050882869,0.8353545972389707,1.440309227787252,0.0008437193298927032,1185.228267944473,-0.023553687004729262,17.2500319480896,-3.5499978065490723,13.700034141540527,-5.450002670288086,22.549942016601562,0,straight,41.4502773790569,149.22099856460486
844.5953865926643,-394.5148162841797,600.8757171630859,14.63525390625,-395.3109297595713,600.9797721922857,0.8028848702036337,1.4408293153434042,0.0005941293909715872,1683.1350463317215,0.24056426735752368,17.250033140182495,-3.2999980449676514,13.950035095214844,-5.2000017166137695,22.799938201904297,0,straight,39.695839434037374,142.90502196253456
850.3533852662788,-393.78521728515625,606.5872344970703,14.663604736328125,-394.5430963552946,606.6815120455448,0.7637204600507813,1.4470355335872016,0.0008384306380648243,1192.7045060138698,0.9158260912634608,17.25003433227539,-3.0499982833862305,14.20003604888916,-4.950000762939453,22.999935150146484,0,straight,37.9504893500813,136.6217616602927
855.7690242711691,-393.1277160644531,611.9623413085938,14.734771728515625,-393.8389306844304,612.0484163335262,0.7164043171188665,1.4503566922571338,-0.0003352752902968381,2982.623619875606,1.6379369435462587,17.30003571510315,-2.7999985218048096,14.50003719329834,-4.699999809265137,23.299930572509766,0,straight,36.23226985598745,130.43617148155482
860.8406154123751,-392.5065155029297,616.9947814941406,14.833221435546875,-393.16106602481705,617.0781230634362,0.6598349815489097,1.444151371079115,-0.002434948341197757,410.68633082708345,2.1832590959321108,17.400037050247192,-2.599998712539673,14.80003833770752,-4.44999885559082,23.499927520751953,0,straight,34.54580455976265,124.36489641514555
865.6310154386204,-391.8626708984375,621.7403106689453,14.948760986328125,-392.44999879013443,621.8253498434523,0.5934523684054193,1.4270056384701795,-0.005606474199427336,178.36521928561507,2.5846001057969525,17.337994813919067,-2.399998903274536,14.937995910644531,-4.2999982833862305,23.649925231933594,1,right,32.87348398450658,118.34454234422368
870.1531756880419,-391.1420593261719,626.2029571533203,15.073013305664062,-391.6512499243195,626.2944566528673,0.5173463285452485,1.392997890647745,-0.00979034694393538,102.14142621569188,2.8623064720481706,16.288995265960693,-2.349998950958252,13.938996315002441,-6.510546684265137,23.649925231933594,1,right,31.212698802500814,112.36571568900293
874.5455385054256,-390.25311279296875,630.50244140625,15.203628540039062,-390.6739446029465,630.60119219252,0.43226280209857637,1.340310214607646,-0.012961190866805389,77.15340436510948,3.0335659358554867,15.48999547958374,-2.5499987602233887,12.939996719360352,-10.899967193603516,23.5499267578125,1,right,29.51023705360912,106.23685339299284
878.8736618618057,-389.1398010253906,634.6827850341797,15.337478637695312,-389.4650717750669,634.7800991120022,0.3395159647754594,1.280093195020239,-0.015961600233001166,62.65035995153325,3.1186520253990713,14.890995502471924,-2.949998378753662,11.940997123718262,-15.225020408630371,23.299930572509766,1,right,27.730624817507778,99.830249343028
883.1945756604173,-387.74388122558594,638.7697448730469,15.473358154296875,-387.9685573162205,638.8565033050951,0.24084511876782727,1.2022872560753177,-0.020574706094449335,48.60336742646258,3.366341439249587,14.641995191574097,-3.699997663497925,10.941997528076172,-19.542797088623047,24.317276000976562,1,right,25.831970471526304,92.9950936974947
887.4809066466229,-386.0036163330078,642.6838836669922,15.6270751953125,-386.12704182225775,642.7462101562566,0.13826945671628932,1.1031785616296679,-0.022890007280424535,43.68718575529668,3.501633156142181,14.641995906829834,-4.698997974395752,9.942997932434082,-23.82537078857422,28.599849700927734,1,right,24.490710815777728,88.16655893679982
891.7581699937466,-383.8894500732422,646.3992462158203,15.773239135742188,-383.9181603776775,646.417427985338,0.033983206493260684,1.0062623160051183,-0.022371173417019746,44.7003821104534,3.177398811753407,14.641996383666992,-5.697998046875,8.943998336791992,-28.099136352539062,30.549819946289062,1,right,24.77307819211954,89.18308149163035
896.0787793317638,-381.4028778076172,649.9303283691406,15.900054931640625,-381.3478188439136,649.8876023741041,-0.06969218131165074,0.9108590933326496,-0.02172288653676635,46.03439779089594,2.8058086606733035,14.64199686050415,-6.696998119354248,7.944998741149902,-32.41688537597656,30.549819946289062,1,right,25.140018256447735,90.50406572321185
900.433787922989,-378.5735626220703,653.2390289306641,16.016571044921875,-378.44928972049246,653.1225657006102,-0.17031570104120802,0.817827585409811,-0.021946400809147823,45.56555804736667,2.1171709711846898,14.64199686050415,-7.695998191833496,6.945998668670654,-36.76933670043945,29.699832916259766,1,right,24.667477178399228,88.80291784223722
904.7234225898763,-375.5014953613281,656.2321624755859,16.08380126953125,-375.32629422762164,656.0328940687198,-0.26533626820893125,0.7212161287203233,-0.027051561071435637,36.96644335457309,1.7552924067018916,14.641996383666992,-8.694997787475586,5.946998596191406,-41.05744552612305,28.549850463867188,1,right,22.528288004470596,81.10183681609415
908.9311971176608,-372.1607971191406,658.7891998291016,16.165420532226562,-371.9652559652175,658.4963269651197,-0.3521517532748182,0.5886938952256833,-0.02975478328038253,33.608041792033646,1.987298402593085,14.641995906829834,-9.693997383117676,4.947998523712158,-45.263427734375,28.04985809326172,1,right,21.48057783803279,77.33008021691805
913.0367890578095,-368.6190643310547,660.8640594482422,16.248916625976562,-368.4237804658683,660.4829285014576,-0.4282482768197324,0.47350246763855197,-0.030299999289813292,33.003301103581045,2.0709961857147796,15.312997341156006,-10.692996978759766,4.62000036239624,-49.36717224121094,26.799877166748047,1,right,21.2864405637581,76.63118602952916
917.0579952513795,-364.92506408691406,662.4506530761719,16.333663940429688,-364.75987426303635,661.9878331614419,-0.4914162709795188,0.3428265475563542,-0.03242463181478196,30.84075112131615,1.4503274263172106,15.411996841430664,-11.691996574401855,3.7200002670288086,-53.3864860534668,25.749893188476562,1,right,20.577226071008624,74.07801385563106
920.9862748997771,-361.14671325683594,663.5251007080078,16.36541748046875,-361.03112014240344,662.9976160222226,-0.540001723925186,0.21573007727684218,-0.0319931867910605,31.256654941277024,1.14257292918154,15.620996475219727,-12.690996170043945,2.9300003051757812,-57.313636779785156,23.899921417236328,1,right,20.715508809870542,74.57583171553395
924.8740654167525,-357.30357360839844,664.1098327636719,16.422698974609375,-357.25050009340777,663.5391696421794,-0.5731258118641539,0.0927364686598768,-0.030080910454606244,33.24367463907235,1.4875618752428377,16.219995975494385,-13.689995765686035,2.5300002098083496,-60.47111511230469,20.599971771240234,1,right,21.36381788583123,76.90974438899244
928.8199007252341,-353.36036682128906,664.2410736083984,16.481964111328125,-353.37202302752223,663.6503840636013,-0.5908045408393532,-0.019730658370211013,-0.027244545280441377,36.70459498246393,1.4065330934184495,17.338995456695557,-14.688995361328125,2.6500000953674316,-60.47111511230469,18.849998474121094,1,right,22.448357689120417,80.81408768083351
932.853213936519,-349.338623046875,663.9403991699219,16.534759521484375,-349.41233401481605,663.35106691955,-0.5939240760595456,-0.12442923551652646,-0.025376557229567772,39.4064486744025,1.1061623563404899,18.08004093170166,-15.450040817260742,2.630000114440918,-58.64889144897461,18.350006103515625,1,right,23.25990863803985,83.73567109694346
936.976907403873,-345.2802734375,663.2101440429688,16.571823120117188,-345.41150720534995,662.6410025302744,-0.5840756486073473,-0.22662104263392988,-0.024124801121380705,41.451118911556364,0.6236702235482561,17.14699649810791,-14.886996269226074,2.260000228881836,-56.280006408691406,18.849998474121094,1,right,23.855717582659715,85.88058329757497
941.1926314804622,-341.2261505126953,662.05419921875,16.586257934570312,-341.406279168276,661.520481030238,-0.5632951600270463,-0.3254937811943128,-0.022840197677085557,43.78245819664033,-0.048207030340452484,16.197996854782104,-13.887996673583984,2.31000018119812,-53.91111373901367,19.39999008178711,1,right,24.51740078278519,88.26264281802669
945.4697939973122,-337.2450866699219,660.4905853271484,16.567245483398438,-337.46299434472235,660.0033159154397,-0.5337745163680928,-0.42052436336561816,-0.022055235794068213,45.340707727502576,-0.7744632219502723,15.464332580566406,-12.888997077941895,2.5753355026245117,-52.08889389038086,20.04998016357422,1,right,24.94988240473847,89.81957665705849
949.8287573971538,-333.3585510253906,658.5175018310547,16.518829345703125,-333.60405062070805,658.0846605508527,-0.49761594141249627,-0.515938668882446,-0.02153389046134032,46.438426990018115,-1.347045755947085,15.14961862564087,-11.889997482299805,3.2596211433410645,-51.36000442504883,20.64997100830078,1,right,25.250100198975954,90.90036071631343
954.2962251286872,-329.5849151611328,656.1273345947266,16.447830200195312,-329.8467242031942,655.7531526360685,-0.4566794419395632,-0.6105136953771073,-0.020843082799782676,47.97754773638507,-1.753580601102489,15.086275100708008,-10.890997886657715,4.195277214050293,-51.56500244140625,21.699954986572266,1,right,25.665124700897692,92.39444892323169
958.8826953658902,-325.9585723876953,653.3206329345703,16.359664916992188,-326.2257751552438,653.0063262988824,-0.4125360350600109,-0.7045718717009424,-0.020153765208570498,49.61851989695427,-1.9605605744344778,15.086275577545166,-9.891998291015625,5.194277286529541,-51.56500244140625,22.549942016601562,1,right,26.100345618524923,93.96124422668973
963.5963894099418,-322.51983642578125,650.0980377197266,16.265396118164062,-322.78220552663373,649.8421254636145,-0.3665087010024929,-0.7978557033744604,-0.01835002650485998,54.495834092400436,-1.9657232936534985,15.043377876281738,-8.892998695373535,6.150379180908203,-47.05825424194336,23.199932098388672,1,right,27.353065641041667,98.47103630775
968.447760086333,-319.2837219238281,646.4849243164062,16.171737670898438,-319.5301117000277,646.2811107446129,-0.31976224583720253,-0.8796887812526613,-0.016235322649663403,61.59409465266971,-1.7848560568291205,14.728664875030518,-7.8939995765686035,6.834665298461914,-42.20878601074219,24.449913024902344,1,right,29.07996595004617,104.68787742016622
973.4636367132377,-316.2446746826172,642.4953765869141,16.089767456054688,-316.4683001118801,642.3380951134408,-0.2733967712153144,-0.9578419485415612,-0.014875783928242403,67.22334801471881,-1.446446131709922,13.994999885559082,-6.8949995040893555,7.100000381469727,-37.194580078125,26.049888610839844,1,right,30.379766031553945,109.36715771359421
978.6536498619215,-313.4226837158203,638.1401062011719,16.0247802734375,-313.61872980438255,638.0227137550115,-0.2285061383334556,-1.0312594651548899,-0.013849396001789083,72.20531493725926,-0.9631826623303086,13.894004344940186,-5.895999431610107,7.998004913330078,-32.00597381591797,26.849876403808594,1,right,31.48537997898807,113.34736792435706
984.0217420157123,-310.8410949707031,633.4336700439453,15.989120483398438,-311.00735190417555,633.349877397562,-0.1861788804230649,-1.103957908273746,-0.012970609639862976,77.09737843984365,-0.394568033057241,13.894003868103027,-4.896999359130859,8.997004508972168,-26.638999938964844,26.89987564086914,1,right,32.53450182172657,117.12420655821566
989.5609059338944,-308.5254821777344,628.4017486572266,15.982681274414062,-308.6613830145044,628.3445689245636,-0.14744001920171176,-1.1725343711901097,-0.011858918486274822,84.32472161414819,-0.050248557941112715,13.89400339126587,-3.8979992866516113,9.996004104614258,-21.100839614868164,26.89987564086914,1,right,34.025288297152464,122.49103786974888
995.2609087157903,-306.4917907714844,623.0768890380859,15.983688354492188,-306.59870036377265,623.0398244079067,-0.11315232093760297,-1.2370721210705828,-0.01123370810059672,89.01780169513941,-0.12244348681620387,15.864004135131836,-4.869000434875488,10.995003700256348,-16.900028228759766,26.549880981445312,1,right,34.9593048413594,125.85349742889383
1001.1156188311948,-304.76087951660156,617.4839172363281,15.968093872070312,-304.84178253290463,617.4616583516845,-0.08390921279878771,-1.3023088259602231,-0.010970328996672898,91.15496903541197,-0.41675609448017514,15.864003658294678,-3.8700003623962402,11.994003295898438,-15.000039100646973,25.94989013671875,1,right,35.37647280223923,127.35530208806122
1007.1160033165065,-303.36512756347656,611.6482238769531,15.933837890625,-303.42384490844427,611.6360936602457,-0.05995722439728826,-1.3670755931702887,-0.009604433254947475,104.11858497583664,-0.6992267340864222,15.85003137588501,-2.9000000953674316,12.950031280517578,-13.550033569335938,25.099903106689453,1,right,37.31915911644433,134.3489728191996
1013.2718131269726,-302.2949676513672,605.5863647460938,15.8826904296875,-302.3356630483946,605.5801264383077,-0.0411707641810756,-1.4186876885889672,-0.007565596044992337,132.1772923181511,-0.9370650002046954,15.450031280517578,-2.2499990463256836,13.200032234191895,-12.550029754638672,24.399913787841797,1,right,39.21227525437955,141.16419091576637
1019.5974437520638,-301.48309326171875,599.3134002685547,15.816513061523438,-301.51002146191587,599.3104377967358,-0.02709066638409252,-1.4612232315060023,-0.005805411499857582,172.25307801600832,-1.1298592652183137,15.25003206729889,-1.8999992609024048,13.350032806396484,-11.850027084350586,24.149917602539062,1,right,41.066803138205785,147.84049129754084
1026.0982479212837,-300.8816833496094,592.8409576416016,15.737472534179688,-300.8986474879116,592.8396322215968,-0.017015837520539968,-1.4928240272970157,-0.004386138049473548,227.99099999144494,-1.1528886311289233,15.1500324010849,-1.7499994039535522,13.400032997131348,-11.45002555847168,24.19991683959961,1,right,42.889217606372135,154.40118338293968
1032.6890848474645,-300.45751953125,586.2641754150391,15.665695190429688,-300.46762262209666,586.2636471746756,-0.010116890952138547,-1.5185588674887616,-0.003605775016679108,277.33288831786086,-1.1328358162209229,15.100033164024353,-1.7000001668930054,13.400032997131348,-11.200024604797363,24.19991683959961,1,right,44.661019481734364,160.7796701342437
1039.4244973210211,-300.1746826171875,579.5351715087891,15.586380004882812,-300.18022301282195,579.5350052015272,-0.00554289111309261,-1.540788119730481,-0.0038605615298226426,259.0296754176952,-1.22940510982803,15.18003237247467,-1.9800001382827759,13.200032234191895,-11.100024223327637,23.999919891357422,1,right,46.40184327921668,167.04663580518005
1046.3480207253401,-300.0742950439453,572.6129455566406,15.497573852539062,-300.0767921969251,572.6129473231473,-0.0024971536046365494,-1.5715037349678067,-0.004005351265268187,249.66599276107257,-1.2935803400942802,15.090030908584595,-2.2900002002716064,12.800030708312988,-11.250024795532227,23.599925994873047,1,right,48.125698224671,173.2525136088156
1053.4258166475024,-300.1694793701172,565.5363922119141,15.405227661132812,-300.16975118125083,565.5363992635997,-0.00027190259037879053,-1.5967338377820095,-0.0033838003671567557,295.5257082261776,-1.307467802700546,14.05002772808075,-1.8499993085861206,12.200028419494629,-12.000027656555176,23.04993438720703,2,straight,49.82635398385353,179.3748743418727
1060.655398391735,-300.44378662109375,558.3126373291016,15.310501098632812,-300.4420350127337,558.3125513170224,0.0017537188841769355,-1.6198615449650726,-0.0030619623927689993,326.58794319667595,-1.2951935892658861,13.3000248670578,-1.8499993085861206,11.45002555847168,-12.000027656555176,22.299945831298828,2,straight,51.50554045996666,185.41994565587999
1068.0343424930643,-300.88768005371094,550.9476623535156,15.216064453125,-300.8835530316238,550.9473703891359,0.0041373366440775215,-1.6414232236549096,-0.0028158812500501396,355.128612040083,-1.2437362309284494,13.250020980834961,-2.649998664855957,10.600022315979004,-11.1500244140625,21.44995880126953,2,straight,53.16475553676877,191.3931199323676
1075.5591400617554,-301.497314453125,543.4481506347656,15.125244140625,-301.4899451086364,543.4474781589291,0.007399963644646624,-1.6617974340474828,-0.0027209182614451044,367.5229844901298,-1.1417305669688904,13.250017881393433,-3.2999980449676514,9.950019836425781,-10.500021934509277,20.699970245361328,2,straight,54.805059673986285,197.29821482635063
1083.2262772840306,-302.27557373046875,535.8210601806641,15.042800903320312,-302.26360963222174,535.8197149735316,0.01203948624704025,-1.6827630611314537,-0.002781209734316073,359.55576728409153,-0.9748624465148792,13.2500159740448,-3.699997663497925,9.550018310546875,-9.950019836425781,20.249977111816406,2,straight,56.42736925329036,203.1385293118453
1091.0320280510832,-303.2363739013672,528.0749664306641,14.974685668945312,-303.21801764770186,528.0724909755454,0.01852241686905172,-1.7048438528236693,-0.002840133874663961,352.0960786111951,-0.8215451320984335,13.2500159740448,-3.699997663497925,9.550018310546875,-9.600018501281738,20.19997787475586,2,straight,58.03243781429914,208.91677613147692
1098.9686916505243,-304.3873596191406,520.2224426269531,14.913604736328125,-304.36043852573414,520.2181897642386,0.02725494655049215,-1.7274766217526567,-0.003128311505629075,319.6612607793702,-0.7412741802246492,15.248015880584717,-4.698997974395752,10.549017906188965,-9.400017738342285,20.19997787475586,2,straight,59.62013783681147,214.63249621252132
1107.0340772168986,-305.7567596435547,512.2743682861328,14.85614013671875,-305.71886894757296,512.2673096311863,0.03854256674941252,-1.7549750437971394,-0.0035567983442204715,281.1517278242452,-0.6754789475711842,17.246015548706055,-5.697998046875,11.548017501831055,-9.450017929077148,19.949981689453125,2,straight,61.19139994929975,220.2890398174791
1115.2218563794368,-307.3807830810547,504.2494354248047,14.803909301757812,-307.32943491423634,504.2382477619762,0.05255281186738197,-1.785322197078017,-0.003832232065440755,260.9445312610491,-0.5663818243342389,17.843005657196045,-6.696998119354248,11.146007537841797,-9.700018882751465,19.599987030029297,2,straight,59.75264242336393,215.10951272411015
1123.527628736696,-309.2845916748047,496.16490173339844,14.762893676757812,-309.2174063394253,496.1479313235808,0.0692954839756688,-1.8182120703340583,-0.004068071530822323,245.8167198937771,-0.2726576556270621,17.843006134033203,-7.695998191833496,10.147007942199707,-10.100020408630371,19.24999237060547,2,straight,58.093837458071505,209.13781484905743
1131.942153551061,-311.49114990234375,488.0448455810547,14.758804321289062,-311.40603635312186,488.02013390665707,0.08862834260368685,-1.8533652479380975,-0.003824004032826331,261.50600036394246,0.07000999450552658,17.296013832092285,-8.148005485534668,9.148008346557617,-10.70002269744873,18.700000762939453,3,straight,59.7740568311599,215.18660459217566
1140.3708426314106,-313.9629364013672,479.98675537109375,14.77471923828125,-313.85796690527224,479.95292065183844,0.11028772976859942,-1.8826105606882058,-0.003493042025141724,286.2834150870048,0.15674606190944074,15.298014163970947,-7.14900541305542,8.149008750915527,-11.30002498626709,17.95001220703125,3,straight,61.411034506041986,221.07972422175115
1148.9208232036478,-316.70751953125,471.88926696777344,14.78533935546875,-316.58133186127515,471.84436238060334,0.1339393519567895,-1.9126781492717646,-0.0034425819292063925,290.4796517741923,-0.06002553093600316,13.30001449584961,-6.150005340576172,7.1500091552734375,-11.800026893615723,17.100025177001953,3,straight,63.02814577513154,226.90132479047355
1157.5781785352933,-319.72901916503906,463.7763214111328,14.763992309570312,-319.58062105299956,463.71858633004797,0.15923359960999905,-1.9418322107926809,-0.0035201723704213483,284.07699816140104,-0.2766394536241168,13.350014686584473,-7.050008773803711,6.300005912780762,-12.450029373168945,16.20003890991211,3,straight,62.451430501048605,224.825149803775
1166.3390477694084,-323.0351104736328,455.6632537841797,14.737091064453125,-322.86416187666464,455.5903263689774,0.1858543265395517,-1.9740250884746668,-0.0033825096656040082,295.63847523298415,-0.14177425691130896,13.4500150680542,-8.000012397766113,5.450002670288086,-13.450033187866211,15.250040054321289,3,straight,63.70959326821166,229.354535765562
1175.1959817964232,-326.627685546875,447.5676574707031,14.739334106445312,-326.43362482600764,447.4785227956566,0.2135522270527659,-2.001368169599171,-0.0028108077672595044,355.76961599724945,0.06827476091316731,13.749011993408203,-8.999011993408203,4.75,-14.400036811828613,14.05003547668457,3,straight,65.32510022482492,235.17036080936973
1184.1456880385986,-330.45526123046875,439.4777374267578,14.74932861328125,-330.2375509555612,439.37170319622885,0.24215908375322603,-2.024024580590242,-0.002488078028755114,401.9166555239991,0.042021283034443524,14.000017166137695,-9.850019454956055,4.149997711181641,-15.150039672851562,12.800030708312988,3,straight,66.91792471013287,240.90452895647832
1193.1877712254984,-334.5060272216797,431.3937683105469,14.74676513671875,-334.26455068021164,431.26948326130076,0.2715836768759528,-2.0461250770299007,-0.002479824540158479,403.25433667016324,-0.17593413823372428,14.100018978118896,-10.350021362304688,3.749997615814209,-15.150039672851562,11.700026512145996,3,straight,67.73085811876767,243.8310892275636
1202.323133196914,-338.7800598144531,423.3199462890625,14.717071533203125,-338.51496766937487,423.17570634299494,0.30179298769813484,-2.06910813886559,-0.002457441048720657,406.9273606870853,-0.2885130922137713,13.80001950263977,-10.40002155303955,3.3999979496002197,-15.050039291381836,10.85002326965332,3,straight,66.12457657754703,238.04847567916931
1211.5533670241985,-343.2899475097656,415.2665252685547,14.69384765625,-343.0012258702329,415.10104172309866,0.3327836969431982,-2.0912463086441497,-0.002023488527095066,494.19603156120036,-0.1951578611589122,13.750019788742065,-10.450021743774414,3.2999980449676514,-14.750038146972656,9.950019836425781,3,straight,64.46097434425161,232.0595076393058
1220.8756984064516,-347.9882354736328,407.21470642089844,14.68096923828125,-347.67477062993106,407.0285985121713,0.36454953288647857,-2.1065796327769104,-0.0012927439469091334,773.5483909175788,-0.11483844921499342,13.95002031326294,-10.600022315979004,3.3499979972839355,-14.65003776550293,9.150016784667969,3,straight,62.736011946017165,225.8496430056618
1230.2831260175703,-352.8305969238281,399.14927673339844,14.672378540039062,-352.4909882977147,398.9435746581043,0.3970483128171644,-2.115398901309339,-0.0009346711964362264,1069.8949575132553,-0.07864547126940069,14.050020217895508,-10.600022315979004,3.449997901916504,-14.65003776550293,8.750015258789062,3,straight,60.94583131710178,219.40499274156642
1239.784152684366,-357.78826904296875,391.0442810058594,14.666122436523438,-357.4223109317832,390.81816632689294,0.4301780877573882,-2.1242522920752283,-0.0009351843973826185,1069.3078314809213,-0.009750450805123823,14.050020217895508,-10.600022315979004,3.449997901916504,-14.700037956237793,8.750015258789062,3,straight,59.082811132714276,212.6981200777714
1249.3656000675899,-362.8603973388672,382.91546630859375,14.670608520507812,-362.4680766171733,382.6681606436565,0.46376248293757805,-2.1332450742793436,-0.0010102687488341838,989.8356265636905,0.11022284580421982,14.100020408630371,-10.650022506713867,3.449997901916504,-14.900038719177246,8.750015258789062,3,straight,57.142541149220214,205.71314813719277
1259.0289772698716,-368.0600128173828,374.77024841308594,14.68743896484375,-367.64191072695144,374.50053824715525,0.49754691399848805,-2.1437065370121147,-0.0009779939762586537,1022.5011853606001,0.25767971914107957,14.10002088546753,-10.750022888183594,3.3499979972839355,-15.150039672851562,8.600014686584473,3,straight,55.11654152514027,198.41954949050498
1268.6356426816437,-373.3008117675781,366.71910095214844,14.720169067382812,-372.856860645455,366.4274084400459,0.5312034642687024,-2.1521028885716764,-0.000731690942118085,1366.697252128363,0.489240390192236,14.900021314620972,-11.00002384185791,3.8999974727630615,-15.350040435791016,8.40001392364502,3,straight,53.025758427651546,190.89273033954558
1277.925299056535,-378.42181396484375,358.96864318847656,14.778961181640625,-377.95188759018254,358.6561574971422,0.5643386438043659,-2.1576215505091563,-0.0005431122350206263,1841.2400522739504,0.7617195357789153,15.150022268295288,-11.250024795532227,3.8999974727630615,-15.700041770935059,8.150012969970703,3,straight,50.92239267723455,183.32061363804436
1286.7422044844066,-383.32032775878906,351.6381378173828,14.856903076171875,-382.8250703062693,351.30568300794187,0.5964948822888201,-2.1619837341396684,-0.00039495505001135855,2531.933697192227,0.9857349458995412,15.150023698806763,-11.550025939941406,3.5999977588653564,-16.100040435791016,7.80001163482666,3,straight,48.84235602937582,175.83248170575297
1295.0761384526802,-387.9736328125,344.7248840332031,14.947067260742188,-387.45380879239264,344.37404585293973,0.6271398891883171,-2.164489119271033,-0.00018853784822187025,5303.974822197004,1.1752734017878463,15.790027618408203,-11.90002727508545,3.890000343322754,-16.550033569335938,7.5000104904174805,3,straight,46.7913304574723,168.44878964690028
1302.9342759261053,-392.3716278076172,338.2135009765625,15.046340942382812,-391.8284169484877,337.8463636370831,0.6556430915644846,-2.1651401686511904,-1.2307472090911098e-06,812514.53800857,1.3987132130082403,15.800028562545776,-12.200028419494629,3.6000001430511475,-16.950027465820312,7.200009346008301,3,straight,44.771417184754604,161.17710186511658
1310.3355635338123,-396.51426696777344,332.0812225341797,15.1593017578125,-395.94963029620817,331.70006457736383,0.6812458872685783,-2.164580307755049,0.00029851088054838604,3349.9616434849136,1.6198366601557712,16.0200297832489,-12.500029563903809,3.5200002193450928,-17.350021362304688,6.900008201599121,3,straight,42.78181141148482,154.01452108134535
1317.2802059973462,-400.39134216308594,326.32081604003906,15.27789306640625,-399.80725803996194,325.9295203467078,0.7030409536471822,-2.1610550157635995,0.0013285713102484387,752.6882390776624,1.7552183791450737,15.8900306224823,-12.750030517578125,3.140000104904175,-19.999980926513672,6.650007247924805,3,straight,40.82688526463679,146.97678695269246
1323.7491386697218,-403.95631408691406,320.9241027832031,15.394302368164062,-403.3527853594359,320.5315152769483,0.7199804684564266,-2.147513727138292,0.0021246873291083934,470.6574874805891,1.804874482871499,15.900029420852661,-12.900031089782715,2.9999983310699463,-21.249961853027344,6.450006484985352,3,straight,38.917631220207795,140.10347239274807
1329.7889843864234,-407.2173309326172,315.8414306640625,15.503616333007812,-406.5994902292377,315.450877250671,0.7309303000041845,-2.134503831708886,0.0023802368802535445,420.12625226337946,1.7781333096149599,15.950029850006104,-13.000031471252441,2.949998378753662,-22.299945831298828,6.350006103515625,3,straight,37.04630146988538,133.36668529158737
1335.4282606329532,-410.1940460205078,311.0528106689453,15.602218627929688,-409.56728381295954,310.6693207435474,0.7347757397277305,-2.1198898785378333,0.002378517023483101,420.4300369209045,1.6852912311304369,15.90002989768982,-13.000031471252441,2.899998426437378,-23.149932861328125,6.350006103515625,3,straight,35.20941170241781,126.75388212870412
1340.6782218819858,-412.91297912597656,306.5625762939453,15.687606811523438,-412.2854839434501,306.188441134459,0.7305664389073045,-2.1084435151609298,0.0037461857859654724,266.93817582308685,1.541648618233249,15.870031595230103,-12.950031280517578,2.9200003147125244,-23.949920654296875,6.400006294250488,3,straight,33.408678430485324,120.27124234974717
1345.5931562078597,-415.37815856933594,302.3111877441406,15.759475708007812,-414.7525283702973,301.95956696551457,0.7176700620136971,-2.0828260564211387,0.006750705468158813,148.13266624010186,1.3238592355222512,15.351997137069702,-12.291996955871582,3.06000018119812,-24.549911499023438,6.550006866455078,4,left,31.630082149358707,113.86829573769134
1350.369527305135,-417.63780212402344,298.103515625,15.8162841796875,-417.01820034383144,297.78671502440835,0.6958943788768219,-2.043440726180688,0.01049931746197813,95.24428646160723,0.8789817137909939,14.602997541427612,-11.292997360229492,3.31000018119812,-24.949905395507812,6.850008010864258,4,left,29.80009425630313,107.28033932269126
1355.0656629906669,-419.6551971435547,293.8628692626953,15.843231201171875,-419.04559655722977,293.595789068206,0.6655409116922641,-1.9837297760238013,0.01576392974113139,63.43595895322922,0.5322542701366562,14.163998126983643,-10.293997764587402,3.8700003623962402,-25.049903869628906,7.450010299682617,4,left,27.884001793775987,100.38240645759356
1359.6932822804752,-421.31748962402344,289.54417419433594,15.865966796875,-420.7231765942902,289.34320666303756,0.6273722387442037,-1.896876475337527,0.020534350898316928,48.698885343483816,0.6211724614177294,13.664998531341553,-9.294998168945312,4.37000036239624,-25.049903869628906,8.450014114379883,4,left,25.85734119230254,93.08642829228914
1364.2449711585625,-422.5617980957031,285.16600036621094,15.900054931640625,-421.993942113731,285.0362064370237,0.5825005410430225,-1.7955046102420078,0.020937934346897197,47.76020324794793,0.49678865298647956,13.165998935699463,-8.295998573303223,4.87000036239624,-24.84990692138672,10.961177825927734,4,left,25.606925548649603,92.18493197513857
1368.7329243846418,-423.35926818847656,280.7494812011719,15.91119384765625,-422.8320016656166,280.676983783194,0.5322272651248598,-1.7074362711121496,0.020159667159803357,49.60399356165532,-0.022736543276180576,12.794996738433838,-7.296998500823975,5.497998237609863,-24.84990692138672,15.44811725616455,4,left,26.096524765684222,93.9474891564632
1373.2188594847248,-423.76129150390625,276.2816162109375,15.898025512695312,-423.2838746443476,276.2606920437159,0.4778751704836408,-1.6145961729855676,0.019975081670551537,50.0623735358369,-0.5230076391000926,12.794996738433838,-6.297998428344727,6.496998310089111,-23.649925231933594,19.933032989501953,4,left,26.216823713205624,94.38056536754024
1377.7432822989226,-423.75697326660156,271.75732421875,15.8638916015625,-423.3367171260225,271.77552720611044,0.42065017822799977,-1.5275093529059038,0.019789232185910693,50.53253156087422,-0.8254882885780468,12.794996738433838,-5.2989983558654785,7.495998382568359,-22.59994125366211,24.456327438354492,4,left,26.33964295285769,94.82271463028769
1382.298672397333,-423.3480987548828,267.2205047607422,15.823028564453125,-422.98987801156926,267.26949484141136,0.361555153391675,-1.4348800213784974,0.02130451529422478,46.938406539156496,-0.9548355116302698,12.79499626159668,-4.2999982833862305,8.49499797821045,-21.29996109008789,29.010534286499023,4,left,25.385663951965224,91.38839022707481
1386.7953345097164,-422.5131378173828,262.8022766113281,15.77752685546875,-422.2201336153845,262.87274585943953,0.3013592164146484,-1.3347730254080543,0.022956269462091367,43.56108476820858,-1.0645283291654817,13.343995094299316,-3.8499975204467773,9.493997573852539,-17.250022888183594,33.50596618652344,4,left,24.455339636141094,88.03922269010793
1391.2291025037232,-421.2487030029297,258.55291748046875,15.72802734375,-421.0219330994168,258.63334849124544,0.2406111731275357,-1.2299573176318417,0.02301567107274355,43.448657084096766,-1.1199191462721414,13.79299521446228,-3.2999980449676514,10.492997169494629,-15.850042343139648,37.93845748901367,4,left,24.423760607065827,87.92553818543698
1395.6651318403253,-419.5523223876953,254.45436096191406,15.678192138671875,-419.3897706779486,254.5309198725176,0.1796783936213972,-1.1306315133896188,0.022149825153751287,45.14708324145125,-1.1032719302277227,14.19199538230896,-2.699998617172241,11.491996765136719,-14.95003890991211,42.373207092285156,4,left,24.8965519985738,89.62758719486568
1400.0927554794746,-417.4676208496094,250.54852294921875,15.630233764648438,-417.365558884905,250.60931015574948,0.11879279909629965,-1.0336249083816051,0.022765870830046872,43.925400766140655,-1.0552829021511556,15.640994548797607,-3.149998188018799,12.490996360778809,-14.400036811828613,46.7995719909668,4,left,24.557390822165583,88.40660695979611
1404.4849662840932,-415.0272674560547,246.8969268798828,15.585098266601562,-414.9807041511469,246.93166016420778,0.05809081169976687,-0.9299007187948493,0.023098370645596236,43.293096960960426,-0.9555714324183784,15.938995361328125,-3.449997901916504,12.488997459411621,-14.20003604888916,46.7995719909668,4,left,24.379998954821215,87.76799623735637
1408.8937581942605,-412.21067810058594,243.50535583496094,15.546157836914062,-412.21241766430745,243.50376604364715,-0.002356590410446095,-0.8303532666562252,0.021875887043019945,45.71243205057028,-0.8078163343538725,14.939995765686035,-3.449997901916504,11.489997863769531,-14.250036239624023,42.39195251464844,4,left,25.051949035478554,90.18701652772279
1413.353433213197,-409.0472717285156,240.36203002929688,15.513534545898438,-409.08924608117474,240.3156864723654,-0.06252656675537578,-0.7359671351624679,0.020760359832466102,48.16872193304421,-0.7497760946198584,13.890996217727661,-3.3999979496002197,10.490998268127441,-14.65003776550293,37.93339538574219,4,left,25.71620725773074,92.57834612783067
1417.8776499531573,-405.5514678955078,237.49032592773438,15.478775024414062,-405.6249670103926,237.39240788535236,-0.12243391242941956,-0.6438969670887321,0.019492906560236577,51.300712744393486,-0.5659954272777101,13.191996335983276,-3.699997663497925,9.491998672485352,-15.1000394821167,33.41031265258789,4,left,26.539091704290275,95.54073013544499
1422.485668361969,-401.7481231689453,234.88876342773438,15.462188720703125,-401.844567141197,234.7342809492809,-0.18211610563816427,-0.5580983990079015,0.017112652676421897,58.436293829408285,-0.14243009417900243,12.192996740341187,-3.699997663497925,8.492999076843262,-15.700041770935059,28.80332374572754,4,left,28.324724062822455,101.96900662616083
1427.2076366126864,-397.643310546875,232.55477905273438,15.465988159179688,-397.75586149513344,232.3409871620235,-0.24160854390440517,-0.4845837803980031,0.009649902136249895,103.62799392995873,0.06154731273400049,12.192997932434082,-4.698997974395752,7.49399995803833,-16.05004119873047,24.08235740661621,4,left,30.22293912089277,108.80258083521397
1432.0661105130582,-393.3192138671875,230.33961486816406,15.468032836914062,-393.45476174923806,230.07096805564794,-0.3009058626937575,-0.46728730831351195,-0.00022398818809276494,4464.521136203169,-0.03438238957482742,12.487998485565186,-5.697998046875,6.7900004386901855,-16.300037384033203,21.099964141845703,4,left,32.05892849870977,115.41214259535516
1437.085725867476,-388.85777282714844,228.03916931152344,15.46234130859375,-389.02652798832685,227.72128405923857,-0.3599018450141059,-0.488036114875651,-0.006301815509757579,158.68442966183702,-0.3107585458540507,12.68699836730957,-6.696998119354248,5.990000247955322,-16.600032806396484,19.449989318847656,5,right,33.851386421863836,121.86499111870981
1442.2903512327666,-384.3145751953125,225.5001220703125,15.435516357421875,-384.5269602137758,225.13973714818792,-0.41831171172034887,-0.5325356759254161,-0.010352867495149853,96.59159652806176,-0.6539812279303003,12.893998622894287,-7.695998191833496,5.198000431060791,-17.1500244140625,19.599987030029297,5,right,34.53478534469953,124.32522724091831
1447.5761784421088,-379.8458709716797,222.6772003173828,15.393508911132812,-380.11320275844054,222.28386302737758,-0.4755843856997491,-0.5969374562822325,-0.01285221831604972,77.807579626251,-0.8623334190259291,12.893998146057129,-8.694997787475586,4.199000358581543,-18.050010681152344,19.649986267089844,5,right,32.68400803204044,117.66242891534559
1452.8689610618958,-375.57763671875,219.5477752685547,15.344284057617188,-375.90664488527506,219.13121505446466,-0.5308189763025757,-0.6685035824552108,-0.01444434711454453,69.23123572633229,-0.9688303724344483,12.89399766921997,-9.693997383117676,3.200000286102295,-19.499988555908203,19.69998550415039,5,right,30.830132937921157,110.98847857651617
1458.1586504462668,-371.57550048828125,216.08932495117188,15.290985107421875,-371.97260701591904,215.6628797429799,-0.5827084261295934,-0.7497886474683197,-0.014868294651362093,67.25720894348764,-1.0316902411854345,12.952997207641602,-10.692996978759766,2.260000228881836,-22.035276412963867,19.69998550415039,5,right,30.387416331763287,109.39469879434783
1463.4327677695162,-367.87464904785156,212.3320770263672,15.235305786132812,-368.33732493777563,211.9051698113276,-0.6295385209579137,-0.825584872744922,-0.013473073699219601,74.22211310682007,-1.1193605240382931,13.791995763778687,-11.691996574401855,2.099999189376831,-27.3080997467041,19.599987030029297,5,right,31.922067597488038,114.91944335095694
1468.7301140488285,-364.4040222167969,208.3304901123047,15.172622680664062,-364.9250101864026,207.91037557687196,-0.6692717589707047,-0.8921769314051572,-0.014782334133094127,67.64831527933319,-1.150692250027352,15.19099497795105,-12.690996170043945,2.4999988079071045,-32.60407638549805,19.39999008178711,5,right,30.47564095220479,109.71230742793725
1474.109528460758,-361.21202087402344,204.00086975097656,15.112503051757812,-361.79460489039764,203.6133082402517,-0.6997199873735438,-0.9837781159351133,-0.015073708129288793,66.34067685422153,-1.1745161048885011,16.050032377243042,-13.550033569335938,2.4999988079071045,-37.982154846191406,18.999996185302734,5,right,30.17965735626288,108.64676648254637
1479.5784103213957,-358.3462219238281,199.34347534179688,15.04510498046875,-358.97163104660154,198.98916032311092,-0.7188015743685052,-1.0553483668647665,-0.012447436155631486,80.33782921212885,-1.2720077226968218,16.689993858337402,-13.639995574951172,3.0499982833862305,-43.449623107910156,18.200008392333984,5,right,32.241698200593106,116.07011352213519
1485.162436557296,-355.7542724609375,194.3979949951172,14.971817016601562,-356.40708249663743,194.08298454996577,-0.7248396534855637,-1.1212096917523342,-0.012051119234641666,82.97984448825632,-1.3415481793846107,16.440993547439575,-12.640995979309082,3.799997568130493,-43.449623107910156,16.950027465820312,5,right,33.75286667427024,121.51032002737286
1490.8718574789877,-353.4645538330078,189.1684112548828,14.893524169921875,-354.13044767905825,188.90299729050489,-0.7168397217611577,-1.1915121011563619,-0.011430845982241741,87.48258891367607,-1.4067352078191098,15.691993713378906,-11.641996383666992,4.049997329711914,-37.741737365722656,15.450040817260742,5,right,34.656537374619845,124.76353454863144
1496.7193312824159,-351.47230529785156,183.6714324951172,14.80914306640625,-352.132219962869,183.45440636884416,-0.6946853277492923,-1.2530681498227019,-0.009606190637242704,104.09953724247902,-1.4399373054963638,14.942995071411133,-10.642996788024902,4.2999982833862305,-31.895872116088867,14.900038719177246,5,right,36.58826987351211,131.7177715446436
1502.7378891073263,-349.74415588378906,177.90696716308594,14.722671508789062,-350.38024997066714,177.73392120318508,-0.6592120990995473,-1.3051798006935802,-0.008709770614846651,114.81358628382276,-1.3003569133809512,14.793998718261719,-9.643997192382812,5.150001525878906,-25.878934860229492,16.05004119873047,5,right,38.47536911534096,138.51132881522747
1508.9442479476152,-348.29559326171875,171.87245178222656,14.65069580078125,-348.8941435270599,171.744103949607,-0.6121565047257764,-1.3595639295908344,-0.007002505542655468,142.80602762947376,-1.231223737639775,14.793999195098877,-8.644997596740723,6.149001598358154,-21.499958038330078,16.900028228759766,5,right,40.328980175209225,145.1843286307532
1515.320515302961,-347.06309509277344,165.6169891357422,14.5675048828125,-347.61030886006444,165.51847936358473,-0.5560099660288041,-1.3926833971759311,-0.005007779531659817,199.68930215035888,-1.5424225237623768,14.793999671936035,-7.645998001098633,7.148001670837402,-17.65001678466797,17.600017547607422,5,right,42.148525661013856,151.73469237964989
1521.872554732622,-346.0207977294922,159.14944458007812,14.450439453125,-346.5093285489116,159.07733005302535,-0.4938247326072837,-1.4242396092162304,-0.005038153562537631,198.48541486224912,-1.8295567884441644,14.793999195098877,-6.646997928619385,8.147001266479492,-15.150039672851562,18.10000991821289,5,right,43.93980829876327,158.18330987554776
1528.5933712122112,-345.1482849121094,152.4866943359375,14.32452392578125,-345.5746478010323,152.43910090626574,-0.42901101104588324,-1.4596299551645613,-0.003950192135577887,253.1522431512579,-1.7218616131527975,14.793998718261719,-5.647997856140137,9.146000862121582,-13.000031471252441,18.45000457763672,6,straight,45.70435013390979,164.53566048207526
1535.376566852954,-344.4641876220703,145.73892211914062,14.218109130859375,-344.8277306472938,145.70487612562056,-0.36513375749634364,-1.4774181593780604,-0.0022197744148920867,450.49622758563714,-1.5857776436415172,14.79399824142456,-4.648997783660889,10.145000457763672,-11.500025749206543,19.04999542236328,6,straight,47.41873725053967,170.70745410194283
1542.304860149468,-343.8599548339844,138.83792114257812,14.107040405273438,-344.1646697174124,138.81323172256472,-0.3057134731135175,-1.4899482798690904,-0.0018402097214319096,543.4163227992715,-1.581002801550624,14.793997764587402,-3.6499977111816406,11.144000053405762,-10.100020408630371,19.54998779296875,6,straight,49.108051033722944,176.78898372140262
1549.3839548622734,-343.3360900878906,131.7790985107422,13.996719360351562,-343.58950758231475,131.76194338683703,-0.25399748966555635,-1.5032043454962276,-0.001838638059971226,543.8808331943535,-1.5627510487301266,14.842998266220093,-2.699998617172241,12.142999649047852,-8.950016021728516,19.84998321533203,6,straight,50.77611610124921,182.79401796449716
1556.6103278124742,-342.8951873779297,124.56707763671875,13.883468627929688,-343.107572521098,124.55547933581525,-0.21270159760206772,-1.516240759798678,-0.002013146362035395,496.7348717700527,-1.591805394452206,15.191998481750488,-2.049999237060547,13.141999244689941,-8.10001277923584,20.149978637695312,6,straight,52.42416991263236,188.7270116854765
1563.9833958046513,-342.5544891357422,117.20285034179688,13.764251708984375,-342.7380979650783,117.1958442529534,-0.18374244880010107,-1.5326571396653914,-0.002163144880910517,462.2898858161906,-1.6349746753856365,17.189998149871826,-3.048999309539795,14.140998840332031,-7.550010681152344,20.399974822998047,6,straight,54.053915902270276,194.594097248173
1571.4993901799635,-342.3299560546875,109.69123840332031,13.639984130859375,-342.4979168253763,109.6874810547382,-0.16800279211594787,-1.548429663520787,-0.0017670186448847658,565.9249849427672,-1.6508133266378233,17.297027587890625,-4.047999382019043,13.249028205871582,-7.300009727478027,20.64997100830078,6,straight,55.66616537311762,200.39819534322345
1579.1583966934706,-342.2043914794922,102.0343017578125,13.513748168945312,-342.36955717134197,102.03241541763192,-0.16517646334602606,-1.5593759273780239,-0.0010211269587742239,979.310154733761,-1.6414825575544412,17.297028064727783,-5.046999454498291,12.250028610229492,-7.200009346008301,20.749969482421875,6,straight,57.26241383568216,206.14468980845578
1586.9556233854776,-342.13580322265625,94.23841857910156,13.38629150390625,-342.30952248340805,94.23725503994154,-0.1737231572920947,-1.5640986137353647,-0.0005162049137006908,1937.215190051109,-1.623331687260543,18.29602813720703,-6.045999526977539,12.250028610229492,-7.1500091552734375,20.799968719482422,6,straight,58.84300513929358,211.8348185014569
1594.8897356184452,-342.0963439941406,86.30543518066406,13.258407592773438,-342.2872781101551,86.30480041444397,-0.19093517116126535,-1.5674718089205069,-0.00040383766581425506,2476.242521815559,-1.5950799500544344,19.29502820968628,-7.044999599456787,12.250028610229492,-7.100008964538574,20.84996795654297,6,straight,60.408908299799364,217.4720698792777
1602.9549298602647,-342.0827331542969,78.24125671386719,13.131134033203125,-342.2958296825099,78.24120509672888,-0.21309653446452453,-1.5705541025891099,-0.00035194866945119363,2841.3234280991496,-1.5563233344140892,19.300037384033203,-7.050008773803711,12.250028610229492,-7.100008964538574,20.84996795654297,6,straight,61.960134691923166,223.0564848909234
1611.149031076213,-342.0928649902344,70.04812622070312,13.005416870117188,-342.32857637696856,70.04868958735597,-0.23571205997602102,-1.5731863919840412,-0.00017120357650027285,5840.999472335242,-1.5066967269336762,19.350037574768066,-7.100008964538574,12.250028610229492,-7.1500091552734375,20.84996795654297,6,straight,63.49735687015463,228.5904847325567
1619.465961407742,-342.1139373779297,61.73213195800781,12.882431030273438,-342.3677290385146,61.73277846549686,-0.25379248403839694,-1.5733437158191004,-2.993586643908197e-05,33404.74550936921,-1.4460735410584236,20.349037170410156,-7.100008964538574,13.249028205871582,-7.1500091552734375,20.84996795654297,6,straight,65.02046807814772,234.07368508133177
1627.9035135417907,-342.13783264160156,53.29545593261719,12.763214111328125,-342.4000329423271,53.29621482181814,-0.2622013989538901,-1.5736906296610071,0.00018069746854802726,5534.1118391717355,-1.3745170494007475,20.299036979675293,-7.100008964538574,13.199028015136719,-7.1500091552734375,20.799968719482422,6,straight,66.53004703610475,239.5081693299771
1636.454988505229,-342.14898681640625,44.7447509765625,12.649002075195312,-342.40505319436403,44.74460415692856,-0.25606642004842434,-1.5702229613299765,0.0003298592794725441,3031.5957810828695,-1.2929328872573587,19.300037384033203,-7.100008964538574,12.200028419494629,-7.1500091552734375,20.799968719482422,6,straight,68.02583576338328,244.89300874817982
1645.1089111729143,-342.1313171386719,36.091522216796875,12.540847778320312,-342.36254271522654,36.09088276896553,-0.23122646074047104,-1.5680308619585623,3.230111050162021e-07,1000000.0,-1.1855695785269127,19.595027446746826,-6.395999431610107,13.199028015136719,-7.100008964538574,20.84996795654297,6,straight,69.50678174866486,250.22441429519353
1653.7761703238343,-342.11688232421875,27.424819946289062,12.44366455078125,-342.30154011832497,27.424714283727653,-0.18465782433668976,-1.570224119429425,-0.00031427792493195217,3181.8970429326882,-1.0454829026082857,19.595026969909668,-5.396999359130859,14.198027610778809,-7.100008964538574,20.84996795654297,6,straight,70.95903729435891,255.45253425969207
1662.5595470617702,-342.12684631347656,18.641860961914062,12.35858154296875,-342.24163969361973,18.642174715861355,-0.1147938089194282,-1.5735295259185318,-0.00023836146769479205,4195.308955222753,-0.900383890332479,19.298038005828857,-4.397999286651611,14.900038719177246,-7.1500091552734375,20.84996795654297,6,straight,72.4010371286987,260.64373366331534
1671.4514985805727,-342.1544189453125,9.750259399414062,12.28466796875,-342.1760600788609,9.750337540820228,-0.02164127462376189,-1.5744070926726617,-0.0001450570280958352,6893.840395925714,-0.7706901227309881,18.249037504196167,-3.398998975753784,14.850038528442383,-7.1500091552734375,20.799968719482422,6,straight,73.83217992569149,265.7958477324894
1680.4438944463905,-342.19439697265625,0.7581787109375,12.220870971679688,-342.1010766250728,0.7576806726692027,0.09332167655598275,-1.576133142964947,-0.00014553989156088076,6870.968428485397,-0.6565317228162559,17.200037240982056,-2.399998903274536,14.80003833770752,-7.250009536743164,20.749969482421875,6,straight,75.25181367901862,270.90652924446704
1689.5327614055523,-342.2474670410156,-8.330368041992188,12.166061401367188,-342.02002133576,-8.331785799777961,0.22745012393130104,-1.577029636068468,1.9801946361336364e-05,50500.08629214939,-0.5578069084881565,16.15003788471222,-1.399999737739563,14.750038146972656,-8.10001277923584,20.699970245361328,6,straight,76.65996785270582,275.97588426974096
1698.715980734156,-342.29925537109375,-17.513320922851562,12.119033813476562,-341.92191630887027,-17.515189720180032,0.3773436898679688,-1.5757488542073501,0.00023081095501550908,4332.549986341879,-0.47526055743852824,16.15003764629364,-1.4499996900558472,14.700037956237793,-8.150012969970703,20.64997100830078,6,straight,78.05694430329137,281.00499949184893
1707.992246710572,-342.3308868408203,-26.789443969726562,12.078399658203125,-341.7916450596145,-26.790498498144572,0.5392428123102028,-1.5727519005477046,0.0003469199469505191,2882.5093765583597,-0.40905157002437686,16.100037455558777,-1.4499996900558472,14.65003776550293,-8.150012969970703,20.64997100830078,6,straight,79.44313928173675,285.9953014142523
1717.357731823741,-342.3321990966797,-36.15486145019531,12.042831420898438,-341.62289679062434,-36.1537840597821,0.7093031243026815,-1.5692773840599896,0.00026888158858301425,3719.109237898827,-0.35879956236493094,16.100037455558777,-1.4499996900558472,14.65003776550293,-8.150012969970703,20.64997100830078,6,straight,80.0,288.0
1726.8125885088348,-342.3084411621094,-45.60963439941406,12.010910034179688,-341.4247598202672,-45.60690688081215,0.8836855511310291,-1.5677097956989325,5.1214587337505835e-05,19525.686957310947,-0.35803256494082447,15.498026728630066,-1.4499996900558472,14.048027038574219,-8.10001277923584,20.64997100830078,6,straight,80.0,288.0
1736.3516490990207,-342.28204345703125,-55.148590087890625,11.97479248046875,-341.2235628806654,-55.14597317367475,1.0584838112998503,-1.5683240009511943,-8.753944481663944e-05,11423.421773974063,-0.39470379311856707,14.449027180671692,-1.399999737739563,13.049027442932129,-8.10001277923584,20.699970245361328,6,straight,80.0,288.0
1745.9764865159764,-342.2647399902344,-64.77333068847656,11.93524169921875,-341.0351818279994,-64.7716032262297,1.2295593757295418,-1.5693913821868888,-0.00010735085821154955,9315.249236567473,-0.3588527426976351,13.450027585029602,-1.399999737739563,12.050027847290039,-8.050012588500977,20.699970245361328,6,straight,80.0,288.0
1755.6847724944098,-342.2562255859375,-74.4815673828125,11.905502319335938,-340.8638271798166,-74.48101391397682,1.3923985161208983,-1.5703988336606802,-0.00011121525634674723,8991.572135410966,-0.22125262050810557,13.450027585029602,-1.399999737739563,12.050027847290039,-8.050012588500977,20.699970245361328,6,straight,80.0,288.0
1765.4716013248342,-342.2589874267578,-84.26838684082031,11.892242431640625,-340.71688017491005,-84.26956560237224,1.5421077023607181,-1.571560710284398,-0.00011542911665662903,8663.325415325966,-0.3073904736012212,13.450027585029602,-1.399999737739563,12.050027847290039,-8.050012588500977,20.699970245361328,6,straight,80.0,288.0
1775.3329317882626,-342.2733917236328,-94.12959289550781,11.8448486328125,-340.5997711553824,-94.13272254377453,1.6736234944482278,-1.572666311353008,-0.00012005892206118363,8329.243531691769,-0.5192367835875178,14.449027180671692,-1.399999737739563,13.049027442932129,-8.050012588500977,20.699970245361328,6,straight,80.0,288.0
1785.2751413426658,-342.3009033203125,-104.07160949707031,11.789352416992188,-340.5187706755159,-104.07721123149547,1.7821414486730258,-1.573939592248736,-6.559113154255836e-05,15245.963539311055,-0.3511686122466884,14.449026942253113,-1.4499996900558472,12.999027252197266,-8.000012397766113,20.64997100830078,6,straight,80.0,288.0
1795.2939751559386,-342.3341979980469,-114.09037780761719,11.775070190429688,-340.47052327503496,-114.09628500640314,1.8636840848682081,-1.5739659673606752,7.236999390096421e-05,13817.88150166856,-0.3002555379864713,13.500027298927307,-1.4999996423721313,12.000027656555176,-9.253796577453613,20.64997100830078,6,straight,80.0,288.0
1805.3773368351378,-342.3603973388672,-124.17359924316406,11.728790283203125,-340.44473361187227,-124.1768151839248,1.9156664263903425,-1.5724750858037626,0.00015148787340146797,6601.188448595052,-0.5509614642901672,13.450027108192444,-1.4999996423721313,11.950027465820312,-19.33605194091797,20.599971771240234,6,straight,80.0,288.0
1815.5379374476636,-342.3704833984375,-134.333984375,11.66339111328125,-340.4331910673961,-134.3341826811162,1.9372923411909917,-1.570898689310002,8.836741243492541e-05,11316.388841151249,-0.3677946647153374,13.500027060508728,-1.5499995946884155,11.950027465820312,-29.49544334411621,20.599971771240234,6,straight,79.8689510693371,287.5282238496136
1825.773858870868,-342.3656311035156,-144.5699005126953,11.654190063476562,-340.4359744129323,-144.56968143558956,1.9296567030194347,-1.5706827951465627,0.00011529268994869835,8673.57679350676,0.056731283334676696,14.499027252197266,-2.548999786376953,11.950027465820312,-39.73036193847656,20.599971771240234,6,straight,78.34626415941274,282.04655097388587
1836.0440404602036,-342.35728454589844,-154.84005737304688,11.675125122070312,-340.4617637739061,-154.8357577431319,1.8955256484341478,-1.568528020056018,0.00011803358719519874,8472.164777524249,0.2555890699025398,15.498027324676514,-3.547999858856201,11.950027465820312,-49.9995231628418,20.599971771240234,6,straight,76.78814052089777,276.43730587523197
1846.3118022267872,-342.3273620605469,-165.10772705078125,11.706680297851562,-340.48852775503264,-165.10305981655202,1.8388402285711019,-1.5682581839111913,5.886666369431248e-05,16987.543326608076,0.1266001534734662,15.398027420043945,-3.3979997634887695,12.000027656555176,-49.9995231628418,20.64997100830078,6,straight,75.1981176255716,270.7132234520578
1856.668666689878,-342.29022216796875,-175.4645233154297,11.700912475585938,-340.5261438935222,-175.45836975853933,1.76408900700522,-1.5673080847928416,-4.843589254140135e-05,20645.846448379867,0.01723920374044896,14.399027347564697,-2.3989996910095215,12.000027656555176,-47.149566650390625,20.64997100830078,6,straight,73.55948712912956,264.81415366486647
1867.0906373702974,-342.25938415527344,-185.88644409179688,11.710357666015625,-340.583683640864,-185.88390809820436,1.675702433385938,-1.569282934852476,-0.00018514892169310682,5401.057650541156,0.10476721717057602,14.200030446052551,-1.399999737739563,12.800030708312988,-37.0997200012207,20.699970245361328,6,straight,71.87285344025972,258.742272384935
1877.5681991201038,-342.2588806152344,-196.36399841308594,11.722824096679688,-340.68129069710585,-196.36459915943738,1.5775900325106402,-1.5711771268466113,-0.00012396013751687918,8067.109475929985,0.12115789890919659,14.200030446052551,-1.399999737739563,12.800030708312988,-27.349868774414062,20.699970245361328,6,straight,70.13634997206569,252.4908598994365
1888.1080060759828,-342.26808166503906,-206.90379333496094,11.735824584960938,-340.7952026279627,-206.90539115709404,1.47287990375814,-1.571881155532412,2.4587236273646007e-05,40671.50894351866,0.16159031106253163,13.450027585029602,-1.399999737739563,12.050027847290039,-17.500019073486328,20.699970245361328,6,straight,68.34502990329868,246.04210765187526
1898.703349778659,-342.27232360839844,-217.49911499023438,11.75701904296875,-340.90846788338007,-217.49891173206925,1.3638557401643645,-1.5706472947822763,9.788871782646924e-05,10215.681870230797,0.2569563757805926,13.450027585029602,-1.399999737739563,12.050027847290039,-12.700030326843262,20.699970245361328,6,straight,66.49565043602739,239.38434156969862
1909.333699145348,-342.2655792236328,-228.12940979003906,11.7904052734375,-341.0135360608559,-228.12816823198392,1.2520437783571197,-1.5698047015178362,0.00011476998567185037,8713.079418334979,0.2786551117467395,13.450027585029602,-1.399999737739563,12.050027847290039,-12.500029563903809,20.699970245361328,6,straight,64.58696501175707,232.51307404232546
1919.8715591343905,-342.24639892578125,-238.66722106933594,11.816070556640625,-341.10801579181896,-238.66429317830924,1.1383868991848431,-1.568224359165254,0.00019759700225538412,5060.80552126773,0.1816667933343119,13.500027775764465,-1.399999737739563,12.100028038024902,-12.500029563903809,20.699970245361328,6,straight,62.637507918516576,225.49502850665968
1930.2482457045678,-342.2064666748047,-249.0438232421875,11.828598022460938,-341.1830313138498,-249.0385944231147,1.0234487181103256,-1.565687285445073,0.0002329732081573499,4292.33905438861,0.07890922236660769,13.950027585029602,-1.7999993562698364,12.150028228759766,-12.500029563903809,20.749969482421875,6,straight,60.656674143856556,218.3640269178836
1940.274490006508,-342.1436462402344,-259.0698699951172,11.83245849609375,-341.2360654497414,-259.06321436380483,0.9076051942888053,-1.5634630821116775,0.00023922621101640784,4180.143955594452,0.016098047679657945,13.950027585029602,-1.7999993562698364,12.150028228759766,-11.550025939941406,20.749969482421875,6,straight,58.679253858184886,211.2453138894656
1949.8350213689207,-342.05999755859375,-268.6300354003906,11.831954956054688,-341.26883945198347,-268.6222985041596,0.7911959360477209,-1.5610174348808852,0.00021472749912683498,4657.065369206955,-0.0101458614790495,13.95002806186676,-1.699999451637268,12.250028610229492,-11.200024604797363,20.84996795654297,6,straight,56.72952097126162,204.22627549654183
1958.9190533506833,-341.9641876220703,-277.71356201171875,11.830612182617188,-341.2896064510037,-277.7058883753083,0.6746248150293471,-1.5594214088814837,0.00016117839110878218,6204.305633781157,0.0028122839711541836,13.950028538703918,-1.5999995470046997,12.350028991699219,-11.100024223327637,20.949966430664062,6,straight,54.81274611135012,197.32588600086044
1967.5305379762126,-341.8600769042969,-286.3244171142578,11.832290649414062,-341.3017295343659,-286.31735677594446,0.5583920073621639,-1.5581519365476209,0.0002817501911179382,3549.2433777317606,0.25812718123879863,14.800028324127197,-2.349998950958252,12.450029373168945,-11.00002384185791,21.049964904785156,6,straight,52.93163117248754,190.55387222095516
1975.659024789708,-341.74403381347656,-294.4519805908203,11.87158203125,-341.3010094946551,-294.44490698200474,0.4430807860976477,-1.5548310456420684,0.00012917277171858865,7741.569579218796,0.8394366403040032,15.620029926300049,-3.070000171661377,12.550029754638672,-10.900023460388184,21.14996337890625,6,straight,51.09252233034989,183.9330803892596
1983.3619721686448,-341.6210021972656,-302.1534118652344,11.962234497070312,-341.291728073607,-302.14849842496653,0.32931078088400595,-1.5558753983759674,-0.0004922822840750934,2031.3548391829972,1.4798082421744518,15.530030488967896,-2.830000162124634,12.700030326843262,-10.750022888183594,21.29996109008789,6,straight,49.286403568170186,177.43105284541267
1990.6960145893866,-341.53167724609375,-309.4857635498047,12.0919189453125,-341.3140062230282,-309.48384370360225,0.21767948936879467,-1.561976611633907,-0.0012291410926700136,813.5762492715465,2.0111789936561486,15.520030975341797,-2.7200002670288086,12.800030708312988,-10.650022506713867,21.399959564208984,6,straight,47.50300882714334,171.01083177771602
1997.6503677826424,-341.5111846923828,-316.43833923339844,12.247802734375,-341.402442331171,-316.4385945261669,0.10874266088485213,-1.5731440070975617,-0.0016256867767027866,615.1246441385205,2.4306417877289155,15.500030994415283,-2.700000286102295,12.800030708312988,-10.650022506713867,21.399959564208984,6,straight,45.74777009920063,164.69197235712227
2004.2838615106887,-341.55487060546875,-323.0694274902344,12.421005249023438,-341.55183282529765,-323.06946776568867,0.003038047149092976,-1.5840537359498832,-0.002302376700860226,434.3337906548372,2.7471099032772006,14.629998445510864,-2.7900002002716064,11.839998245239258,-10.650022506713867,21.349960327148438,6,straight,44.00832678034656,158.42997640924762
2010.6144299946648,-341.69410705566406,-329.3958435058594,12.603134155273438,-341.79288830713256,-329.39270056544717,-0.09883123856410457,-1.6026027722704188,-0.004171693221221684,239.71081931742555,2.960080071634774,13.710998773574829,-2.870000123977661,10.840998649597168,-10.800023078918457,21.249961853027344,7,right,42.28163690527657,152.21389285899565
2016.7962518257316,-341.9870910644531,-335.56785583496094,12.7911376953125,-342.1827422315336,-335.55510284019516,-0.19606636135619954,-1.6358865560081968,-0.0067210907350237215,148.78537419365318,3.0678158617601703,13.121999263763428,-3.2800002098083496,9.841999053955078,-11.100024223327637,20.99996566772461,7,right,40.52458152833327,145.8884935019998
2022.8918198120016,-342.5317840576172,-341.6361083984375,12.979736328125,-342.81744374178515,-341.6033739283971,-0.2875291301551369,-1.6848911976491254,-0.008559421525103417,116.83032516475087,3.077486129873064,12.622999668121338,-3.7800002098083496,8.842999458312988,-11.700026512145996,22.09994888305664,7,right,38.714037037544905,139.37053333516167
2028.955396349319,-343.386474609375,-347.6362762451172,13.16534423828125,-343.75280708049166,-347.57371996659816,-0.37163526121263213,-1.7399286134902896,-0.010124377787618627,98.77150191125097,3.032916313189049,12.564000129699707,-4.720000267028809,7.843999862670898,-12.650030136108398,24.749908447265625,7,right,36.824781993993625,132.56921517837705
2035.033038950437,-344.6146697998047,-353.5857238769531,13.34796142578125,-345.04852687344845,-353.4809088856815,-0.44633859652285657,-1.8078429938998655,-0.010812804000675053,92.48294891293406,3.0010388802256704,12.564000129699707,-5.719000339508057,6.84499979019165,-14.100035667419434,26.949874877929688,7,right,35.633229931341255,128.27962775282853
2041.1155039193015,-346.2373809814453,-359.4449005126953,13.5302734375,-346.72379012007616,-359.2941094214349,-0.509246309114885,-1.871409983801405,-0.010985023586708415,91.03303166412617,2.992679007612198,12.132667064666748,-6.286667346954346,5.845999717712402,-16.05004119873047,28.799846649169922,7,right,35.3528034525779,127.27009242928045
2047.2169649641214,-348.2499084472656,-365.20201110839844,13.71258544921875,-348.7698444372842,-364.9998039512038,-0.5578719997788977,-1.9417040342526894,-0.01140856622653269,87.65343340640987,3.0179207478993275,11.950333595275879,-7.103333950042725,4.846999645233154,-18.60000228881836,30.199825286865234,7,right,34.69036119444358,124.8853002999969
2053.332684842875,-350.66485595703125,-370.81764221191406,13.89898681640625,-351.19865144133473,-370.56634758166206,-0.5899886526504144,-2.0107872955023276,-0.01196454780377823,83.5802586441432,3.300978232892393,11.950333595275879,-8.102334022521973,3.8479995727539062,-21.849952697753906,31.299808502197266,7,right,33.87475875641953,121.94913152311031
2059.4461483876307,-353.48663330078125,-376.236572265625,14.116256713867188,-354.0116311356939,-375.9379124934362,-0.6040036309384769,-2.0880176676127227,-0.012809361526767565,78.06790353370168,3.9695404949847246,11.95033311843872,-9.101333618164062,2.848999500274658,-26.481042861938477,32.04979705810547,7,right,32.73863846686795,117.85909848072461
2065.550366988982,-356.74217224121094,-381.39324951171875,14.383895874023438,-357.2379471385284,-381.056621339159,-0.5992589384991296,-2.1672847416308905,-0.012039501402940994,83.05991805904199,4.912132712374961,11.893333315849304,-10.043334007263184,1.8499993085861206,-32.578392028808594,32.449790954589844,7,right,33.76914810307162,121.56893317105784
2071.6316702029585,-360.32704162597656,-386.29443359375,14.714584350585938,-360.78080224662773,-385.93937067977123,-0.5761669668913965,-2.2347685546438676,-0.010237532288837725,97.67978960030521,5.5650946768524,11.320001006126404,-10.370000839233398,0.9500001668930054,-38.649696350097656,32.49979019165039,7,right,35.82575432282206,128.9727155621594
2077.703866187804,-364.2106628417969,-390.9494934082031,15.060226440429688,-364.6134223843408,-390.5955856284612,-0.536158526624446,-2.291722223894484,-0.00899759566563868,111.14080218329266,5.889169118769488,11.141997873783112,-10.241997718811035,0.9000001549720764,-42.999629974365234,32.49979019165039,7,right,37.767706239731986,135.96374246303515
2083.8086975782876,-368.35357666015625,-395.41795349121094,15.431838989257812,-368.69804209951354,-395.08158151722625,-0.48145876645249164,-2.344307534497773,-0.005438683899838259,183.86801263256703,6.054550253329594,11.092997431755066,-9.242998123168945,1.8499993085861206,-42.999629974365234,32.19979476928711,7,right,39.62426910397028,142.647368774293
2089.9586646377747,-372.660400390625,-399.7924499511719,15.802169799804688,-372.95313282706667,-399.49860886928104,-0.4147708533055963,-2.358084524594447,-0.001780031260293885,561.7878867109889,5.818216350408312,10.093997836112976,-8.243998527526855,1.8499993085861206,-41.249656677246094,31.649803161621094,7,right,41.4104827397274,149.07773786301865
2096.262463276616,-377.1447296142578,-404.208740234375,16.155792236328125,-377.3819712925327,-403.96663890737074,-0.33896410790507614,-2.3663322875344694,-0.000165525093573482,6041.380061543764,5.196261744385855,10.093998908996582,-7.244999408721924,2.848999500274658,-37.99970626831055,30.89981460571289,7,right,43.16473135963067,155.39303289467043
2102.6812860984887,-381.71044921875,-408.71002197265625,16.462310791015625,-381.8913902242501,-408.5277258550195,-0.25684922031572377,-2.3599251271886295,0.002322778366499828,430.51890547219546,4.294044270802155,10.093998908996582,-6.245999336242676,3.8479995727539062,-33.94976806640625,30.149826049804688,7,right,44.88058812595671,161.57011725344418
2109.2397865805433,-386.3134002685547,-413.3752746582031,16.711685180664062,-386.4368141361398,-413.25679126853163,-0.17108271783077528,-2.335814782895236,0.00445347770307658,224.54361886872667,3.2506155347282295,10.093998908996582,-5.246999263763428,4.846999645233154,-28.49985122680664,29.399837493896484,8,left,43.628283584138494,157.06182090289857
2115.875657198626,-390.82420349121094,-418.2389678955078,16.890350341796875,-390.8869282760827,-418.1828064814136,-0.08419324836512984,-2.3010433037201588,0.007233951455326543,138.23703492835503,2.3823164246167705,10.093998908996582,-4.24799919128418,5.845999717712402,-22.24994659423828,28.84984588623047,8,left,41.800066304560325,150.48023869641716
2122.5576203424116,-395.1419677734375,-423.33665466308594,17.028671264648438,-395.14093230834266,-423.33747247850357,0.0013194733873417549,-2.2392897623454915,0.008634899526219209,115.80910663332872,1.8796460218162947,10.093998908996582,-3.2489991188049316,6.84499979019165,-16.400035858154297,28.64984893798828,8,left,39.874542327054066,143.54835237739465
2129.242349365611,-399.129638671875,-428.70054626464844,17.141586303710938,-399.0619330995104,-428.74835541047565,0.08288400903642971,-2.1856266179266295,0.008179977075857936,122.24973135332627,1.3561246245523018,10.093998908996582,-2.2499990463256836,7.843999862670898,-16.400035858154297,28.949844360351562,8,left,40.968334835169166,147.486005406609
2135.9512142620974,-402.81488037109375,-434.3061828613281,17.21014404296875,-402.6810732575127,-434.3898732532124,0.1578240328297038,-2.1297231082192134,0.008249655229862873,121.21718691710976,0.862762716686527,10.642998814582825,-1.7999993562698364,8.842999458312988,-16.05004119873047,29.29983901977539,8,left,40.78240742659808,146.81666673575307
2142.7116042744183,-406.24205017089844,-440.13328552246094,17.25762939453125,-406.0463655600646,-440.2411361980468,0.223437318148754,-2.0745185078700534,0.009127969272078373,109.55339245706149,0.5909276074270498,12.091998100280762,-2.2499990463256836,9.841999053955078,-16.300037384033203,29.29983901977539,8,left,38.782631248983854,139.6174724963419
2149.5210469208982,-409.3419647216797,-446.1961212158203,17.29022216796875,-409.0905844342789,-446.31292420434494,0.2771912462938937,-2.005763365201277,0.009389744072411277,106.49917530107943,0.4201050930479733,12.446003437042236,-3.2489991188049316,9.197004318237305,-18.849998474121094,28.599849700927734,8,left,38.23820331099335,137.65753191957606
2156.3882262309,-412.05194091796875,-452.50592041015625,17.315017700195312,-411.7570195176798,-452.6221402028037,0.31699475161490465,-1.946180546762045,0.007699714518779183,129.87494504647603,0.2788115111348466,12.248002052307129,-4.049997329711914,8.198004722595215,-21.049964904785156,27.39986801147461,8,left,40.29622625018238,145.06641450065658
2163.342063478196,-414.4457092285156,-459.0347442626953,17.32861328125,-414.1225198881072,-459.1449824574699,0.34147299943157355,-1.8995158372680712,0.0060422678227858295,165.50077377055806,-0.17628631297417208,12.248003005981445,-5.048997402191162,7.199005603790283,-22.999935150146484,25.549896240234375,8,left,42.27825783194904,152.20172819501656
2170.408348154449,-416.5884094238281,-465.7682189941406,17.289459228515625,-416.2529465291251,-465.8686259438446,0.35016697341608416,-1.8616187443461658,0.005799659337530488,172.42392040664285,-0.9772950066274211,12.248003005981445,-6.04799747467041,6.200005531311035,-24.749908447265625,23.39992904663086,8,left,44.20139000974588,159.12500403508517
2177.609887702525,-418.4951629638672,-472.7120056152344,17.188018798828125,-418.1619158280465,-472.7956266096413,0.3435784106114297,-1.8166480897137784,0.006067580142247647,164.81034886332205,-1.802244524832175,12.644995212554932,-7.046997547149658,5.597997665405273,-26.199886322021484,21.44995880126953,8,left,46.078824046796186,165.88376656846629
2184.931476478903,-420.118408203125,-479.8495635986328,17.026763916015625,-419.80195397416986,-479.9146169226357,0.3230715307597022,-1.7735413531070157,0.005995109834060583,166.8026154114151,-2.572376432416279,12.644994258880615,-8.04599666595459,4.598997592926025,-27.39986801147461,19.899982452392578,8,left,47.85483064220471,172.27739031193695
2192.3845813009225,-421.4571075439453,-487.17816162109375,16.806976318359375,-421.17005323745826,-487.2236759024169,0.29064019797184026,-1.728043651766159,0.005614030616739332,178.12514185767068,-3.1217772936007693,12.644994020462036,-9.04499626159668,3.5999977588653564,-28.349853515625,18.700000762939453,8,left,49.45235374942164,178.0284734979179
2199.9755457434467,-422.4897155761719,-494.69439697265625,16.556640625,-422.2428284876362,-494.7237716903928,0.24862845478291035,-1.689219978513416,0.004120446173399406,242.69216437184784,-3.5714306610861613,12.843994379043579,-10.04399585723877,2.7999985218048096,-28.99984359741211,17.850013732910156,8,left,51.226906278230466,184.41686260162967
2207.72100954005,-423.2910919189453,-502.39251708984375,16.258392333984375,-423.0924942025721,-502.4113135235402,0.19948523471267257,-1.6651609989717804,0.0016402841200385682,609.6504793184774,-4.01745771633818,13.292994499206543,-11.04299545288086,2.2499990463256836,-30.09982681274414,17.30002212524414,9,straight,52.976342389192126,190.71483260109167
2215.6154851838673,-424.0345764160156,-510.2449493408203,15.927810668945312,-423.8895898832624,-510.258502924901,0.14561866062166548,-1.6640071151065419,5.904742065128421e-05,16935.54077333353,-4.234411744711286,13.791994452476501,-12.04199504852295,1.7499994039535522,-30.09982681274414,16.85002899169922,9,straight,54.70189133760159,196.92680881536572
2223.651883525465,-424.77830505371094,-518.2394561767578,15.58367919921875,-424.6893177657686,-518.2477962361659,0.08937725664990945,-1.6642452717093386,0.00020901811332299514,4784.274358340909,-4.165455258346662,14.440994381904602,-13.040994644165039,1.399999737739563,-29.9498291015625,16.400035858154297,9,straight,56.404266379616026,203.0553589666177
2231.8382774309152,-425.5241394042969,-526.3850708007812,15.252410888671875,-425.4911324019234,-526.3880410814421,0.03314037979393933,-1.6605439958070134,0.0004196011257769916,2383.2157221891657,-4.108348940564865,15.150034546852112,-13.850034713745117,1.2999998331069946,-29.749832153320312,15.950042724609375,9,straight,58.087140619293706,209.11370622945734
2240.158094811727,-426.2626190185547,-534.6647796630859,14.905380249023438,-426.2830794409238,-534.6630047563535,-0.020537263143678246,-1.6573279965772192,-0.00016194876938793734,6174.792212249341,-3.960245850817201,15.250033974647522,-13.75003433227539,1.4999996423721313,-29.549835205078125,15.500041007995605,9,straight,59.74889785098712,215.09603226355364
2248.605979821905,-427.00440979003906,-543.0740814208984,14.588912963867188,-427.07291851061154,-543.0677189903756,-0.06880352692004121,-1.6634010749228239,-0.0009620901098216506,1039.403679334545,-3.3279620765971796,15.300031661987305,-13.250032424926758,2.049999237060547,-29.349838256835938,15.450040817260742,9,straight,61.39022624239005,221.00481447260418
2257.182245176609,-427.8316955566406,-551.6067199707031,14.33990478515625,-427.9396057875122,-551.5955686498219,-0.10848488320573176,-1.6737696826384678,-0.001590928906673672,628.5635994199192,-2.440329113650419,15.296011209487915,-12.496012687683105,2.7999985218048096,-29.199840545654297,15.950042724609375,9,straight,63.01278058005007,226.84601008818026
2265.818156962307,-428.7914733886719,-560.1874389648438,14.16943359375,-428.9267050089934,-560.1711281857193,-0.13621171994520184,-1.6908301462657016,-0.0021913460780911,456.3405159951314,-1.4020677834235662,14.997010946273804,-11.497013092041016,3.499997854232788,-30.74981689453125,16.85002899169922,9,straight,61.92209799670618,222.91955278814225
2274.530162768333,-429.9270935058594,-568.8248138427734,14.097549438476562,-430.0743163453373,-568.803913503844,-0.14869898665191678,-1.7118179638384627,-0.0023594800810442795,423.82218355384936,-0.3644475017944182,13.998011350631714,-10.498013496398926,3.499997854232788,-31.299808502197266,17.95001220703125,9,straight,60.24367850773465,216.87724262784474
2283.3630566427983,-431.2619323730469,-577.5562591552734,14.106613159179688,-431.4032052822869,-577.5332549347435,-0.14313360558348534,-1.7322149151405954,-0.002885723514352928,346.5335452361354,0.13087211493300055,13.649011611938477,-9.499013900756836,4.149997711181641,-32.04979705810547,19.149993896484375,9,straight,58.49282146750684,210.57415728302465
2292.2840416421086,-432.82481384277344,-586.3392639160156,14.120834350585938,-432.9402197788376,-586.3167869236978,-0.117574424355384,-1.7631528286270965,-0.003983212257193919,251.05365605208218,0.1273048741162297,13.649012088775635,-8.500014305114746,5.148997783660889,-33.049781799316406,20.449974060058594,9,straight,56.6696234073005,204.0106442662818
2301.2885065283494,-434.73170471191406,-595.1394958496094,14.129379272460938,-434.801033436445,-595.1230503377344,-0.07125255718859441,-1.8037022102107143,-0.004577172841232477,218.47547267424886,-0.07338457103103213,13.748008728027344,-7.600010871887207,6.147997856140137,-34.54975891113281,21.749954223632812,10,right,54.76785089576997,197.1642632247719
2310.370456603139,-437.02259826660156,-603.927734375,14.1072998046875,-437.0271069480628,-603.926461513677,-0.004684910294399342,-1.8459489806889142,-0.004706029953540941,212.4933351194617,-0.33183187208947196,13.847005367279053,-6.700007438659668,7.146997928619385,-40.8441276550293,22.949935913085938,10,right,54.01283986969188,194.44622353089076
2319.526932064709,-439.7021179199219,-612.6832885742188,14.0687255859375,-439.6257378972269,-612.7084937298748,0.0804313852829645,-1.889540913897937,-0.004418932625793959,226.29899224144154,-0.6785170445865463,13.946001052856445,-5.800004005432129,8.145997047424316,-49.9995231628418,24.04991912841797,10,right,55.73983330770146,200.66339990772525
2328.752014532763,-442.7690887451172,-621.3831939697266,13.982223510742188,-442.59897052217764,-621.4465156174059,0.18152091020303882,-1.9271287652409776,-0.004330420697179593,230.92444589767013,-1.1726298645399091,14.044997215270996,-4.90000057220459,9.144996643066406,-49.9995231628418,25.049903869628906,10,right,55.48701841134839,199.7532662808542
2338.0542459935127,-446.20506286621094,-630.0265960693359,13.851104736328125,-445.9327571788482,-630.1414091282882,0.29552060144102593,-1.969811626518398,-0.004800672453065133,208.30415109064984,-1.4158867836741362,15.894000053405762,-5.750003814697266,10.143996238708496,-49.9995231628418,25.749893188476562,10,right,53.477773556968216,192.51998480508558
2347.4276424938585,-450.0471496582031,-638.5753479003906,13.717788696289062,-449.6689058890729,-638.7562065608823,0.4192591131516259,-2.0168146585440616,-0.004803852907457537,208.16624057068702,-1.431241793847804,17.8919997215271,-6.749003887176514,11.142995834350586,-49.9995231628418,26.149887084960938,10,right,53.46006779204024,192.45624405134487
2356.8662224506775,-454.31298828125,-646.9938354492188,13.58184814453125,-453.8277758143413,-647.2522418522954,0.5497317593105366,-2.0601540355334462,-0.004205465960262944,237.78577913812805,-1.619893095353897,19.598031044006348,-7.748003959655762,11.850027084350586,-49.9995231628418,26.149887084960938,10,right,55.49887285927555,199.795942293392
2366.3731885977986,-458.94154357910156,-655.2962188720703,13.41064453125,-458.3496883854839,-655.6395394690386,0.6842233571830892,-2.0964364866335528,-0.003940722652605103,253.7605632659603,-1.9467046226927853,20.597030639648438,-8.747003555297852,11.850027084350586,-49.9995231628418,26.149887084960938,10,right,57.47939164265772,206.92580991356778
2375.955896333709,-463.9065856933594,-663.4898986816406,13.210006713867188,-463.2136112785688,-663.9288158126418,0.8202815293791497,-2.13540005259786,-0.004124969655899369,242.42602574538688,-2.120796577629225,21.4960298538208,-9.746003150939941,11.75002670288086,-49.9995231628418,26.049888610839844,10,right,57.6917850263484,207.69042609485425
2385.6110515520063,-469.2440185546875,-671.532958984375,13.002609252929688,-468.45805192551194,-672.0764617352809,0.9555829542325489,-2.175800660075337,-0.004162879301510214,240.21835070673774,-2.1426707380105214,22.395029067993164,-10.745002746582031,11.650026321411133,-49.9995231628418,25.599895477294922,10,right,57.42849645029479,206.74258722106123
2395.3227951260333,-474.9226837158203,-679.4087219238281,12.7950439453125,-474.05360290352985,-680.0628742583981,1.087757663781243,-2.2160196769202614,-0.003924497205270494,254.80971133245475,-2.1892771494721797,23.040024757385254,-11.539999008178711,11.500025749206543,-46.29957962036133,24.49991226196289,10,right,58.04496854517387,208.96188676262594
2404.9525949891827,-480.8459167480469,-686.9983062744141,12.579254150390625,-479.9024776033017,-687.7627056129841,1.2142420552112974,-2.2517418707806955,-0.004187268885527645,238.8191509401929,-1.961562568152253,21.84102439880371,-10.540999412536621,11.30002498626709,-43.449623107910156,23.04993438720703,10,right,56.05864597921658,201.81112552517968
2414.4189519044153,-486.9767608642578,-694.2093505859375,12.4195556640625,-485.97961849822906,-695.0928241103002,1.3322230918202727,-2.295825584667102,-0.003920400286550857,255.0759940076919,-1.6360870993441634,20.99202537536621,-9.541999816894531,11.45002555847168,-40.099674224853516,21.29996109008789,10,right,54.034914558278864,194.52569240980392
2423.5811526375946,-493.14112854003906,-700.9861755371094,12.274169921875,-492.0927792205344,-701.9715006396203,1.438715348268736,-2.3252140875372223,-0.004212081114767063,237.4123319928757,-1.1965642732344128,20.2930269241333,-8.543000221252441,11.75002670288086,-37.49971389770508,21.599956512451172,10,right,52.001257690102236,187.20452768436806
2432.4078331007217,-499.35302734375,-707.2565307617188,12.201736450195312,-498.2866742501896,-708.3547925970634,1.5307801864148822,-2.3709344933272005,-0.003731021900324566,268.0230850194176,-0.9012554710901899,20.194030284881592,-7.544000148773193,12.650030136108398,-35.24974822998047,23.24993133544922,11,straight,49.963850962865905,179.86986346631727
2440.8933028476326,-505.4927215576172,-713.1131896972656,12.118682861328125,-504.3971488304103,-714.2872813864019,1.6058551911983105,-2.39077566426498,-0.002395747126040071,417.40632353502997,-0.7167574453084358,20.194029808044434,-6.545000076293945,13.649029731750488,-33.59977340698242,24.699909210205078,11,straight,47.92361345406846,172.52500843464645
2448.99939014944,-511.47654724121094,-718.5813751220703,12.08087158203125,-510.36695056988464,-719.8188903130794,1.6621217226774772,-2.410641018774556,-0.0017877681449607052,559.3566496968654,-0.6079551519523996,21.238029956817627,-6.590000629425049,14.648029327392578,-32.19979476928711,27.299869537353516,11,straight,45.88995728918395,165.20384624106222
2456.7269032582276,-517.2511444091797,-723.7160797119141,12.023468017578125,-516.1283959632776,-724.9909912660502,1.6988123921273202,-2.419572666305691,-0.0016834595203102376,594.0148770644121,-0.7333889493442713,22.07702922821045,-6.430000305175781,15.647028923034668,-31.04981231689453,30.199825286865234,11,straight,43.86358102771848,157.90889169978655
2464.0783374546104,-522.8038635253906,-728.5335540771484,11.97021484375,-521.6903468167736,-729.8397045422912,1.7163765606538768,-2.435638608438762,-0.00273105720813005,366.15856929804056,-0.5141201372753312,22.08103084564209,-5.435000419616699,16.64603042602539,-30.049827575683594,32.749786376953125,11,straight,41.844840534844046,150.64142592543857
2471.0381347675007,-528.1517181396484,-732.9876251220703,11.948287963867188,-527.0679721810321,-734.3186500754506,1.7164302285085946,-2.45824145604759,-0.002768453971128043,361.212434965114,-0.30504327019601485,22.085031509399414,-4.440000534057617,17.645030975341797,-29.14984130859375,34.94975280761719,11,straight,39.839492569838725,143.42217325141942
2477.625444364569,-533.2928619384766,-737.1059875488281,11.928817749023438,-532.2387809080425,-738.4416712728116,1.7015104552236902,-2.4734905722226714,-0.0021021503274131492,475.70337237992567,-0.526851272674389,22.783291339874268,-4.1392598152160645,18.644031524658203,-28.49985122680664,35.774742126464844,11,straight,37.84371167100315,136.23736201561135
2483.845714019702,-538.1969909667969,-740.9320983886719,11.882461547851562,-537.1751444164753,-742.2589050694102,1.6746899236742219,-2.48531675383252,-0.004071819135794935,245.59047606243234,-0.6090606833263346,21.266737937927246,-3.5807409286499023,17.685997009277344,-27.999858856201172,38.71250534057617,12,right,35.85730741767422,129.0863067036272
2489.6567991820957,-542.8587951660156,-744.4013214111328,11.854461669921875,-541.9052847098186,-745.7345975477871,1.6391483906738433,-2.520762158581514,-0.00631631335652752,158.32020097080235,-0.247430857936215,19.966996669769287,-3.2800002098083496,16.686996459960938,-27.599864959716797,44.52252197265625,12,right,33.89656365041893,122.02762914150816
2495.134798955034,-547.3699493408203,-747.5090484619141,11.853012084960938,-546.4874987278371,-748.8410543574226,1.597798106778193,-2.5564819334167628,-0.007146138304315319,139.9357187638158,0.01948825422490863,18.66799521446228,-2.9800002574920654,15.687994956970215,-27.499866485595703,49.9995231628418,12,right,31.938175335654602,114.97743120835656
2500.319639477257,-551.7461090087891,-750.2896575927734,11.856277465820312,-550.9410041842843,-751.6177047880237,1.5530303059672885,-2.5966033318671964,-0.008781061153942893,113.8814526477791,0.04004666328367712,17.688995599746704,-3.000000238418579,14.688995361328125,-27.599864959716797,49.9995231628418,12,right,29.966929182577143,107.88094505727771
2505.221076864061,-555.9973449707031,-752.7291412353516,11.857177734375,-555.2788541272896,-754.0533884122956,1.5066053490258446,-2.6444752180324502,-0.014609101655111423,68.45047858573294,0.14140793388535133,16.999995946884155,-3.31000018119812,13.689995765686035,-31.676267623901367,45.09908676147461,12,right,27.976004188505378,100.71361507861937
2509.8275927833006,-560.137451171875,-754.7488861083984,11.8690185546875,-559.5571442803166,-756.0882429280582,1.4596687222651958,-2.7327357816720026,-0.02036270466534129,49.109389761079626,0.3295046064020202,16.271871089935303,-3.5808749198913574,12.690996170043945,-36.281768798828125,40.493587493896484,12,right,25.966093967724294,93.47793828380746
2514.3194945431514,-564.341552734375,-756.3307800292969,11.886993408203125,-563.9076969809196,-757.6753683806892,1.412851248187969,-2.829471332111793,-0.02147595753392556,46.56369795946469,0.41804493745873916,15.971443176269531,-4.279446601867676,11.691996574401855,-40.77263641357422,36.00271987915039,12,right,25.284134235363055,91.022883247307
2518.729659215164,-568.5993499755859,-757.4798431396484,11.906204223632812,-568.3042715170334,-758.8140084245977,1.3664070785331306,-2.9239258346386543,-0.02131150179328717,46.92301883272188,0.3469722389306096,15.927632808685303,-5.234635829925537,10.692996978759766,-45.181758880615234,33.849769592285156,12,right,25.381502549894023,91.37340917961849
2523.115886318184,-572.9224395751953,-758.2212982177734,11.917556762695312,-572.7582810175094,-759.5314056507041,1.3203520431617783,-3.0169407099483676,-0.020833348687647912,47.99996462368528,0.1958202068913284,15.927633285522461,-6.233635902404785,9.693997383117676,-49.56697082519531,33.19977951049805,12,right,25.671119849114657,92.41603145681276
2527.550837481421,-577.3435516357422,-758.5713348388672,11.923416137695312,-577.3003151263532,-759.8451815515812,1.2745802615906245,-3.1076639892901046,-0.019505402152706908,51.26784837200717,0.10947095649862515,15.925551891326904,-7.230554103851318,8.694997787475586,-54.000919342041016,32.34979248046875,12,right,26.530589577547683,95.51012247917166
2532.0490573614115,-581.8415832519531,-758.5303649902344,11.92730712890625,-581.9023570153113,-759.7578115260419,1.2289501408025314,3.0921207028679962,-0.019016067739077935,52.58710758297334,0.03965830004439841,15.625123977661133,-7.929125785827637,7.695998191833496,-58.498138427734375,30.949813842773438,12,right,26.869773017463164,96.73118286286739
2536.6257813837105,-586.39794921875,-758.0991668701172,11.92694091796875,-586.5615719628588,-759.2711404744465,1.1833404124064617,3.0028762984897526,-0.017875319303637893,55.943056625370886,-0.33828957860395636,14.896998882293701,-8.200000762939453,6.696998119354248,-60.11502456665039,29.29983901977539,12,right,27.713887615368414,99.76999541532629
2541.2719190826083,-590.9720916748047,-757.2850189208984,11.895645141601562,-591.213819636718,-758.3967230257178,1.1376811610653779,2.9274863128642825,-0.017876293545520727,55.94000777921722,-0.7299189993593469,14.839998245239258,-9.142000198364258,5.697998046875,-60.11502456665039,26.699878692626953,12,right,27.71313241413328,99.76727669087981
2546.0011703054674,-595.5421905517578,-756.0690307617188,11.858413696289062,-595.8717566355156,-757.1100769988108,1.09196660723979,2.8350023803100024,-0.01913032575250162,52.27302519243472,-0.959537116608522,14.8399977684021,-10.140999794006348,4.698997974395752,-58.116390228271484,24.64990997314453,12,right,26.78941148111966,96.44188133203077
2550.807589788903,-600.0542144775391,-754.4136352539062,11.803878784179688,-600.4582311131666,-755.3787336648479,1.046252543445355,2.7451320161494883,-0.01888033604863787,52.96515895818207,-0.986652492429374,14.839997053146362,-11.139999389648438,3.699997663497925,-55.38356399536133,25.049903869628906,12,right,26.966184130057382,97.07826286820658
2555.685410057706,-604.4602813720703,-752.3212585449219,11.763076782226562,-604.930731384057,-753.2044136265973,1.0006428494060977,2.65213444612225,-0.02041896527393211,48.974078097711,-0.7352796356766111,14.988997459411621,-12.138998985290527,2.8499984741210938,-52.406009674072266,25.44989776611328,12,right,25.930296954868922,93.34906903752812
2560.531832365876,-608.6034240722656,-749.8070526123047,11.732315063476562,-609.1388122979577,-750.5981966500882,0.9552745368375131,2.5466577697857433,-0.021645131683791285,46.19976513004256,-0.49423342449137486,15.3879976272583,-13.137998580932617,2.2499990463256836,-49.67318344116211,25.44989776611328,12,right,25.18513246734161,90.6664768824298
2565.2757793200462,-612.3771209716797,-746.9323425292969,11.71539306640625,-612.961505001957,-747.6302919766857,0.9102956255818664,2.444525571893282,-0.022835740161751106,43.79100449193924,-0.14264467978111206,16.036997437477112,-14.136998176574707,1.8999992609024048,-47.6745491027832,25.44989776611328,12,right,24.519793552989515,88.27125679076225
2569.921801737062,-615.7626495361328,-743.7505645751953,11.718505859375,-616.389235289229,-744.3481200956954,0.8658419636765673,2.332484161205832,-0.025120988614314887,39.80735055268335,0.01952554631050596,16.88599717617035,-15.135997772216797,1.7499994039535522,-46.89957046508789,25.199901580810547,12,right,23.37792668344353,84.16053606039671
2574.4632318453055,-618.6942291259766,-740.2820739746094,11.71728515625,-619.3520196392129,-740.7750451029921,0.8220151414193673,2.2139356353886157,-0.026518106013205645,37.710083800932615,0.07453424029910671,16.435997128486633,-14.635997772216797,1.7999993562698364,-42.35913848876953,24.749908447265625,12,right,22.75375640699755,81.91352306519119
2578.9010964200306,-621.1364135742188,-736.5766296386719,11.724990844726562,-621.8109059943234,-736.9661019894461,0.7788637472602089,2.094455112619592,-0.026116951560593293,38.28930791099125,0.2492810535252188,15.586997389793396,-13.636998176574707,1.949999213218689,-37.922279357910156,24.149917602539062,12,right,22.927838493749277,82.5402185774974
2583.2432737249715,-623.1012420654297,-732.7044525146484,11.739028930664062,-623.7754981629732,-733.0004590046137,0.7363702378398064,1.984475117267222,-0.026245766482482003,38.101382966561864,0.27961982042419287,14.8879976272583,-12.637998580932617,2.2499990463256836,-33.58112335205078,23.199932098388672,12,right,22.871504064591978,82.33741463253112
2587.510963959789,-624.5915069580078,-728.7054290771484,11.749130249023438,-625.2553813642696,-728.9092060790513,0.6944453137533473,1.86861804530947,-0.027678641128427217,36.12894127858592,0.18393293602037009,14.2389976978302,-11.638998985290527,2.599998712539673,-29.314443588256836,23.149932861328125,12,right,22.271628471791246,80.17786249844849
2591.723206506086,-625.5687713623047,-724.6081237792969,11.754684448242188,-626.2112669809634,-724.7243908742865,0.6529308212766356,1.7498206207439637,-0.026828486633127646,37.27381322974835,0.12608141454346633,13.689997673034668,-10.639999389648438,3.0499982833862305,-25.94989013671875,23.39992904663086,12,right,22.62175361711192,81.43831302160292
2595.960712507606,-626.0850677490234,-720.4021911621094,11.759780883789062,-626.6951290906496,-720.4456994871456,0.6116108361484085,1.641993732084448,-0.02475647195955022,40.39347777962495,0.1135515652421315,13.19099760055542,-9.640999794006348,3.5499978065490723,-25.099903106689453,25.749893188476562,12,right,23.549407177561445,84.7778658392212
2600.279310319431,-626.1562652587891,-716.0841827392578,11.764389038085938,-626.7261899472593,-716.0655499535369,0.5702291918444504,1.5381145501643296,-0.02312102770642055,43.25067262136911,0.10936009970463623,12.791997909545898,-8.642000198364258,4.149997711181641,-24.49991226196289,27.749862670898438,12,right,24.368050642743032,87.72498231387492
2604.690611415237,-625.7831726074219,-711.6886901855469,11.769332885742188,-626.3071911524494,-711.6199298214871,0.5285105705644871,1.4403243173000693,-0.020848068118947682,47.966075048035464,0.12032406290334308,12.593001365661621,-7.643000602722168,4.950000762939453,-22.949935913085938,29.44983673095703,12,right,25.662055915646036,92.38340129632573
2609.2164699905793,-624.9842834472656,-707.2339019775391,11.775161743164062,-625.4588846421477,-707.128420614763,0.48618166571420407,1.3520984062668175,-0.017904746778561575,55.851111013608964,0.11152404153449424,12.593001365661621,-6.64400053024292,5.949000835418701,-21.199962615966797,31.099811553955078,12,right,27.659745845048096,99.57508504217314
2613.890561421781,-623.7868804931641,-702.7157897949219,11.779541015625,-624.2107702881976,-702.5871154998044,0.4429894271397178,1.27608033864932,-0.014484008956135386,69.04165849582706,-0.02755945940255966,12.593001365661621,-5.645000457763672,6.948000907897949,-18.999996185302734,32.749786376953125,12,right,29.581595108678012,106.49374239124084
2618.732352343935,-622.2245483398438,-698.1329956054688,11.772125244140625,-622.5982740588731,-697.9940630215624,0.3987144039721928,1.2148778990811127,-0.011155673152643597,89.64048931130854,-0.4063774235997464,12.593001365661621,-4.646000385284424,7.947000980377197,-17.1500244140625,34.54975891113281,12,right,31.448799128837024,113.21567686381329
2623.7627291990243,-620.3522491455078,-693.4641571044922,11.738449096679688,-620.6769599055825,-693.325232065625,0.35318160220000117,1.1665205857462313,-0.008530269846056482,117.22958570440734,-0.48826740504963606,12.593000411987305,-3.647000312805176,8.946000099182129,-15.650041580200195,34.849754333496094,12,right,33.27794637732696,119.80060695837707
2629.0081468509143,-618.1921081542969,-688.6842041015625,11.722747802734375,-618.4687940556554,-688.5528970531878,0.306262353160558,1.1276982407862628,-0.004579832425911534,218.34860034228606,-0.2520280093178284,12.81499981880188,-2.870000123977661,9.944999694824219,-14.400036811828613,34.849754333496094,12,right,35.083866023151224,126.30191768334441
2634.4519960206057,-615.8365173339844,-683.7763977050781,11.711700439453125,-616.0684878402977,-683.6637446478605,0.2578779306178887,1.1187064071295836,-0.0008511061753055382,1174.9415396275447,-0.009965656521404576,13.2839994430542,-2.3400001525878906,10.943999290466309,-13.350032806396484,34.049766540527344,12,right,36.86466969110556,132.71281088798003
2640.099365364803,-613.3834533691406,-678.6896362304688,11.722442626953125,-613.5705497095355,-678.5987488300511,0.20800375031192073,1.1185904190279692,0.0015603985090211214,640.8619299612931,0.16622373862931195,13.732998967170715,-1.790000081062317,11.942998886108398,-13.050031661987305,29.699832916259766,12,right,38.62538194535515,139.05137500327854
2645.9363349448813,-610.8800964355469,-673.416748046875,11.730697631835938,-611.0222785109163,-673.3509266835036,0.15667863425631237,1.137236107928992,0.0033676405026084044,296.94380953829557,-0.04617603681009719,12.800997614860535,-1.2600001096725464,11.540997505187988,-13.100031852722168,26.149887084960938,12,right,40.36457373715855,145.31246545377078
2651.9720758389403,-608.4004669189453,-667.9138946533203,11.716201782226562,-608.4957792806629,-667.8722247428881,0.10402320765873882,1.1586434777583066,0.004050538303791429,246.88076620926387,-0.03779240716076382,12.130886912345886,-1.5888890027999878,10.541997909545898,-13.100031852722168,23.149932861328125,13,left,42.08747758223872,151.5149192960594
2658.1877447369425,-605.9542694091797,-662.1998291015625,11.726806640625,-606.0008836756359,-662.1810076981752,0.05027061828463889,1.1870448995969043,0.005154805595996237,193.99373679129724,0.25207575224682754,11.95410966873169,-2.411111354827881,9.542998313903809,-12.950031280517578,20.249977111816406,13,left,43.790952305151684,157.64742829854606
2664.598330768026,-603.6729583740234,-656.2089385986328,11.74835205078125,-603.6690179892556,-656.2103628351758,-0.004189878500524678,1.2239611857444133,0.005224916923101008,191.3906028971837,0.5427513518803995,11.954110145568848,-3.410111427307129,8.543998718261719,-12.600029945373535,17.550018310546875,13,left,45.48105979631747,163.7318152667429
2671.1764126806106,-601.5325775146484,-649.989013671875,11.798004150390625,-601.4767271067285,-650.0072784912861,-0.05876114101125919,1.254728480423477,0.004723304695147257,211.7161742767525,0.629768397419761,11.954110622406006,-4.409111499786377,7.544999122619629,-12.650030136108398,15.150039672851562,13,left,47.15239413823571,169.74861889764856
2677.9007335601887,-599.5501098632812,-643.5636596679688,11.831756591796875,-599.4420294637772,-643.5952061177503,-0.1125901916278012,1.2868061087696259,0.004969254471083373,201.23743024614814,0.31238931284937044,11.917110443115234,-5.3711113929748535,6.545999050140381,-13.450033187866211,12.900031089782715,13,left,48.801758372177936,175.68633013984058
2684.6766701878,-597.7671203613281,-637.0265197753906,11.839981079101562,-597.6076501291674,-637.0670627691296,-0.16454327481457567,1.321835303342068,0.00554296139740218,180.40897785589308,0.017654421616719596,11.246999263763428,-5.700000286102295,5.546998977661133,-14.95003890991211,10.950023651123047,13,left,49.768371319209265,179.16613674915337
2691.633242204397,-596.1973571777344,-630.2493743896484,11.83380126953125,-595.9887149633691,-630.293351048846,-0.21322645278999658,1.363061539649379,0.005839432375509046,171.24952147644763,-0.1681717290500151,11.172119140625,-6.624120235443115,4.547998905181885,-16.20003890991211,9.250017166137695,13,left,48.48853233190098,174.55871639484351
2698.741162246732,-594.8771057128906,-623.2651672363281,11.816085815429688,-594.6236064898686,-623.3078628254937,-0.2570695808666776,1.403937394932087,0.0053924146182036115,185.44568079468868,-0.24578135614020669,11.172119140625,-7.623120307922363,3.5489988327026367,-17.400020599365234,7.850011825561523,13,left,50.18395649509316,180.6622433823354
2705.9908032171165,-593.8192749023438,-616.0931396484375,11.79852294921875,-593.527299353536,-616.1314351282126,-0.294476255193529,1.4403808823839237,0.0056501320209751404,176.98701486755928,-0.47200356749598216,11.172118663787842,-8.622119903564453,2.5499987602233887,-18.400005340576172,6.700007438659668,13,left,49.29411316872766,177.45880740741958
2713.380496725153,-593.0222930908203,-608.7467346191406,11.746337890625,-592.6994140486637,-608.7739101913036,-0.3240206591968391,1.4868278136845754,0.005585693234408939,179.02880771178206,-0.09389155192297549,11.371118903160095,-9.621119499206543,1.7499994039535522,-19.099994659423828,5.800004005432129,13,left,49.577636087307006,178.47948991430522
2720.8964374462767,-592.52490234375,-601.2473754882812,11.786087036132812,-592.1806374036698,-601.2636835602327,-0.34465098604119704,1.523461009996765,0.004700477395501557,212.7443482564172,0.23286718073677326,11.870118975639343,-10.620119094848633,1.2499998807907104,-19.54998779296875,5.300002098083496,13,left,51.3306621833401,184.79038386002438
2728.5424207836704,-592.2927398681641,-593.6049194335938,11.780868530273438,-591.9369201203755,-593.6094548760045,-0.3558486520337202,1.5580505564010565,0.0041930096246741155,238.4921785333896,-0.11831961494874754,12.619118809700012,-11.619118690490723,1.0000001192092896,-19.749984741210938,5.100001335144043,13,left,53.05461750092774,190.99662300333986
2736.315263787034,-592.3161468505859,-585.8321228027344,11.767715454101562,-591.9585003853292,-585.8259594703715,-0.3576995677610329,1.5880276514322444,0.003271303663655578,305.6885275158258,-0.21621134436290435,13.618118405342102,-12.618118286132812,1.0000001192092896,-19.749984741210938,5.2000017166137695,14,straight,54.75156399759911,197.1056303913568
2744.216832042333,-592.5429534912109,-577.933837890625,11.746856689453125,-592.1923542986636,-577.9203759693718,-0.35085754536372277,1.6091743711570794,0.001975746789684041,506.1377324368164,-0.5448397545609884,13.49589455127716,-12.495894432067871,1.0000001192092896,-21.620922088623047,5.450002670288086,14,straight,56.424327683873905,203.12757966194607
2752.249174088774,-592.8979644775391,-569.9096221923828,11.680160522460938,-592.5619489266849,-569.8933032307154,-0.3364115915448572,1.6193242875718057,0.0009541630836598647,1048.0388700056594,-0.33105204689404255,13.464187264442444,-12.216667175292969,1.247520089149475,-29.651987075805664,5.800004005432129,14,straight,58.0754133492697,209.07148805737094
2760.4066169494877,-593.3168640136719,-561.7629547119141,11.69451904296875,-593.0016243528027,-561.7459949686138,-0.31569554427927043,1.6245440339039294,0.00035848344929800824,2789.5290618248246,0.2310160389913274,13.745600938796997,-11.907840728759766,1.8377602100372314,-37.80841827392578,6.200005531311035,14,straight,59.705501292264316,214.93980465215154
2768.679899880353,-593.7940521240234,-553.5034790039062,11.718246459960938,-593.5043903885086,-553.4877196576689,-0.29009012050619887,1.6251487750336224,0.00011606241367428938,8616.053796764389,0.1579884901630524,14.123494148254395,-11.581254005432129,2.5422401428222656,-46.08066940307617,6.650007247924805,14,straight,61.31448883167911,220.73215979404478
2777.0767037387945,-594.2415161132812,-545.1186065673828,11.720535278320312,-593.9810594370542,-545.104085892888,-0.26086113198216526,1.6264894982361953,-9.429074922273628e-05,10605.49426368192,0.02762534880963452,14.381227016448975,-11.248746871948242,3.1324801445007324,-54.47647476196289,7.100008964538574,14,straight,62.90543204231436,226.4595553523317
2785.578910552125,-594.7019348144531,-536.6288757324219,11.722915649414062,-594.4731940999354,-536.6168087421117,-0.2290587844488806,1.623501482075142,-0.0002236427304302957,4471.417416859329,0.03247816695777228,14.220160961151123,-10.922161102294922,3.297999858856201,-62.97768020629883,7.600010871887207,14,straight,64.47635985305389,232.114895470994
2794.193735535807,-595.1499938964844,-528.0257110595703,11.726104736328125,-594.9547761030484,-528.0155713145122,-0.19548094869796093,1.6226903737504073,7.106880626545076e-05,14070.870928447519,0.03808529746227585,12.912334442138672,-10.613334655761719,2.298999786376953,-71.59150695800781,8.050012588500977,14,straight,66.02998679481497,237.70795246133392
2802.8447949463457,-595.6073303222656,-519.3867492675781,11.7294921875,-595.4468765297278,-519.378085307337,-0.16068753450986475,1.6247405464557767,0.0001971992876316775,5071.0122334101325,0.039845673689153926,13.284105777740479,-10.334107398986816,2.949998378753662,-80.24156951904297,8.500014305114746,14,straight,67.55420153008625,243.1951255083105
2811.576727593794,-596.0852813720703,-510.66790771484375,11.7330322265625,-595.9604264395699,-510.66099424968996,-0.12504619214560256,1.6261118220970523,4.694721825632131e-05,21300.5165618168,0.040613966457336836,13.546319007873535,-10.096321105957031,3.449997901916504,-88.39669036865234,8.950016021728516,14,straight,69.0585589328401,248.61081215822438
2820.4272680673876,-596.5723419189453,-501.8307800292969,11.73663330078125,-596.4836900796573,-501.8259220746639,-0.08878484292014732,1.625539701206011,-0.0001719496571049306,5815.65567990496,0.039100331691654944,13.361811637878418,-9.911813735961914,3.449997901916504,-91.37898254394531,9.450017929077148,14,straight,70.5506238699944,253.98224593197983
2829.3803681446666,-597.0516204833984,-492.89051818847656,11.739990234375,-596.9996442357166,-492.88780089215305,-0.05204722876764061,1.6230283539163364,-0.00032073217506983775,3117.866175360346,0.031172864630901742,13.092426061630249,-9.792428016662598,3.2999980449676514,-91.37898254394531,9.900019645690918,14,straight,72.02853832850046,259.3027379826017
2838.431518019983,-597.5087890625,-483.8509216308594,11.742233276367188,-597.4938644442731,-483.85019032367694,-0.014942524532873955,1.6197572263038231,-0.00037309320684220104,2680.295383729535,0.024567356974369847,13.54999852180481,-9.750000953674316,3.799997568130493,-91.09146118164062,10.40002155303955,14,straight,73.49243386335567,264.57276190808045
2847.580316764043,-597.9397735595703,-474.7122802734375,11.744461059570312,-597.9621580663966,-474.71329811384817,0.0224076358627542,1.6162357816582065,-0.00028684909109100154,3486.1536294105067,0.023733233465283998,13.500015258789062,-9.200016975402832,4.2999982833862305,-90.6407470703125,10.800023078918457,14,straight,74.94306903542152,269.79504852751745
2856.824269244897,-598.3509674072266,-465.47747802734375,11.746597290039062,-598.4107293439847,-465.480091510072,0.059819055300634597,1.6145000406961474,-0.0001445250411603871,6919.216157774672,0.021612530382497663,13.500015258789062,-8.750015258789062,4.75,-90.05015563964844,11.200024604797363,14,straight,76.38081494903835,274.9709338165381
2866.1615237855876,-598.7543487548828,-456.14894104003906,11.74847412109375,-598.8512466563441,-456.15308712679155,0.09698656269270355,1.6135584424422527,-0.00013850600516160383,7219.903561822001,0.018956173279771615,13.4500150680542,-8.300013542175293,5.150001525878906,-89.34300231933594,11.650026321411133,14,straight,77.80610606924594,280.1019818492854
2875.5907887234102,-599.149658203125,-446.72796630859375,11.750152587890625,-599.2829608184505,-446.7334477957053,0.13341526881729524,1.6118938001575216,-0.0001897079403769264,5271.260644194032,0.018994919991255355,13.4500150680542,-7.95001220703125,5.500002861022949,-88.54259490966797,12.000027656555176,14,straight,79.21942277033294,285.1899219731986
2885.108447178656,-599.5319061279297,-437.2179870605469,11.7520751953125,-599.7001303029674,-437.2245789976746,0.16835327945194106,1.609961721793555,-0.00024382966080233048,4101.223767073551,0.02026743866012648,13.500015258789062,-7.550010681152344,5.950004577636719,-87.67225646972656,12.400029182434082,14,straight,80.0,288.0
2894.7131616768966,-599.8936309814453,-427.6200866699219,11.7540283203125,-600.0942314789066,-427.62739732468106,0.200733667466948,1.6072240568813168,-0.0003167558220329436,3157.0059031022224,0.019149177523858363,13.4500150680542,-7.100008964538574,6.350006103515625,-86.75528717041016,12.750030517578125,14,straight,80.0,288.0
2904.402443046052,-600.2291107177734,-417.9366149902344,11.755767822265625,-600.4581427868571,-417.94418691817157,0.22915720098102912,1.603844847328743,-0.0003380694385093086,2957.972197692355,0.00022815093767558636,13.500015258789062,-6.750007629394531,6.750007629394531,-85.81500244140625,13.100031852722168,14,straight,80.0,288.0
2914.1735812924653,-600.5342407226562,-408.1702423095703,11.754043579101562,-600.7860680054406,-408.17776171696283,0.2519395202069141,1.600646840922741,-0.00028408750144498507,3520.0422226025134,-0.018962368676889163,13.500015258789062,-6.400006294250488,7.100008964538574,-84.87472534179688,13.400032997131348,14,straight,80.0,288.0
2924.0255604365475,-600.8150329589844,-398.322265625,11.752044677734375,-601.0821707927937,-398.32960864891743,0.2672387364372509,1.598277179067075,-0.000201314891014992,4967.342430349723,-0.015694965478130207,13.700016021728516,-6.150005340576172,7.550010681152344,-83.95775604248047,13.700034141540527,14,straight,80.0,288.0
2933.954890646197,-601.0787658691406,-388.3964385986328,11.750946044921875,-601.3519327879401,-388.4035081878821,0.27325838435182376,1.5966706587158197,-6.507402583955102e-05,15367.114406993012,-0.010794977780015369,13.600015640258789,-5.850004196166992,7.750011444091797,-83.08741760253906,13.950035095214844,14,straight,80.0,288.0
2943.9598147650204,-601.3383331298828,-378.39488220214844,11.749893188476562,-601.6067344582686,-378.4019154775901,0.26849346368709937,1.5969946556496637,2.9026267778425874e-05,34451.55290489196,-0.011842743896417485,13.600015640258789,-5.600003242492676,8.000012397766113,-82.2870101928711,14.20003604888916,14,straight,80.0,288.0
2954.038273440726,-601.6042022705078,-368.31993103027344,11.748565673828125,-601.8560818279016,-368.3265965080713,0.2519677360837051,1.597253108766575,-4.4766047820526955e-05,22338.357945046504,-0.013500908402219736,13.600015640258789,-5.300002098083496,8.300013542175293,-81.5798568725586,14.50003719329834,14,straight,80.0,288.0
2964.1870378933195,-601.8672332763672,-358.17457580566406,11.747161865234375,-602.0905534783742,-358.18022319159155,0.2233915969598435,1.5960792277978182,-0.00010459806834606233,9560.405998048678,-0.012744035770984041,13.650015830993652,-5.05000114440918,8.600014686584473,-80.98926544189453,14.750038146972656,14,straight,80.0,288.0
2974.4046444324517,-602.1194610595703,-347.9600830078125,11.7459716796875,-602.3026181585793,-347.96453973814977,0.18321131341348065,1.595124354939399,-2.1256811298386857e-05,47043.74451853408,-0.011537476714096329,13.600015640258789,-4.75,8.850015640258789,-80.5385513305664,15.000039100646973,14,straight,80.0,288.0
2984.687689587752,-602.3722381591797,-337.6801452636719,11.744796752929688,-602.5047217324862,-337.68343903346613,0.13252451137632265,1.5956529284964756,-1.3303270385511823e-05,75169.48622566288,-0.011464451791753927,13.600015640258789,-4.499999046325684,9.100016593933105,-80.25102996826172,15.250040054321289,14,straight,80.0,288.0
2995.0341802549274,-602.6270141601562,-327.3367919921875,11.743606567382812,-602.6998872421875,-327.3385445888771,0.07289415394864104,1.5948416787439965,-0.00015741461703785986,6352.650210110345,-0.01075567588066928,13.600015640258789,-4.249998092651367,9.350017547607422,-80.15000915527344,15.550041198730469,14,straight,80.0,288.0
3005.403494565083,-602.8625793457031,-316.97015380859375,11.742568969726562,-602.8686955756039,-316.9702858908838,0.006117655917896894,1.59238834758325,-0.0002302050883752349,4343.952633966098,-0.009924516612858092,13.600015878677368,-3.99999737739563,9.600018501281738,-80.05709838867188,15.800042152404785,14,straight,80.0,288.0
3015.7905115554745,-603.0743865966797,-306.5852966308594,11.741546630859375,-603.008406193615,-306.5840252049953,-0.06599265195696442,1.5900636921039284,-0.0002138297240350806,4676.618297631724,-0.009005562479824647,13.600016832351685,-3.799997568130493,9.800019264221191,-79.79267120361328,15.950042724609375,14,straight,80.0,288.0
3026.259608167849,-603.2649841308594,-296.11793518066406,11.740692138671875,-603.1232340251464,-296.1155061955745,-0.14177091534659847,1.5879303343986098,-0.00017922626835198407,5579.539256132315,-0.007995371934665929,13.550017833709717,-3.5499978065490723,10.000020027160645,-79.37815856933594,16.100040435791016,14,straight,80.0,288.0
3036.785881441655,-603.4358062744141,-285.5930480957031,11.7398681640625,-603.2160605324033,-285.5896401684776,-0.21977216634465793,1.5863035853935397,-0.00015769565344461722,6341.328870875952,-0.006800904848114353,13.550018548965454,-3.3999979496002197,10.150020599365234,-78.83499908447266,16.250038146972656,14,straight,80.0,288.0
3047.366194945651,-603.5908203125,-275.0138702392578,11.7392578125,-603.2920780889399,-275.00974576649173,-0.29877069369870807,1.5846015756575782,-0.00014683362376827214,6810.429207809829,-0.004895548298344821,13.600019454956055,-3.249998092651367,10.350021362304688,-78.18464660644531,16.400035858154297,14,straight,80.0,288.0
3057.999578810059,-603.7297058105469,-264.3813934326172,11.73883056640625,-603.3520342112357,-264.3767123811145,-0.3777006078489032,1.5831901944474076,-8.990150453513923e-05,11123.284367383822,-0.0050766864820750435,13.750020265579224,-3.199998140335083,10.55002212524414,-77.44852447509766,16.600032806396484,14,straight,80.0,288.0
3068.6847303991253,-603.8587799072266,-253.697021484375,11.738174438476562,-603.4032519612325,-253.6916035778345,-0.455560164295434,1.5826894524260575,-1.6564532234586427e-05,60369.95103985002,-0.007118562901897718,13.800020933151245,-3.0999982357025146,10.70002269744873,-76.64808654785156,16.750030517578125,14,straight,80.0,288.0
3079.420772117124,-603.987060546875,-242.9617462158203,11.7373046875,-603.4558050572306,-242.95534846061116,-0.5312940113995231,1.582838453565722,4.8133672097577795e-05,20775.47705009447,-0.008082556767563531,13.850021600723267,-2.9999983310699463,10.85002326965332,-75.80476379394531,16.900028228759766,14,straight,80.0,288.0
3090.206640490001,-604.1212005615234,-232.1767120361328,11.736434936523438,-603.5175907953335,-232.16890543225009,-0.6036602462512558,1.5837288025428642,7.764754462705192e-05,12878.707302376259,-0.00867799640904554,14.000022649765015,-2.899998426437378,11.100024223327637,-74.94000244140625,17.00002670288086,14,straight,80.0,288.0
3101.0413173535626,-604.2659606933594,-221.34300231933594,11.735427856445312,-603.5949329890752,-221.33379495319087,-0.6710908697845959,1.5845167563929805,2.2511280760278973e-05,44422.17262753411,-0.00927450191784418,14.1000235080719,-2.7999985218048096,11.30002498626709,-74.07524871826172,17.1500244140625,14,straight,80.0,288.0
3111.9240317138906,-604.4146423339844,-210.4613037109375,11.734420776367188,-603.6831400043203,-210.45148890124253,-0.7315681709816124,1.5842128538391158,-2.7925253186189778e-05,35809.88123303901,-0.009253942029354579,14.100024223327637,-2.649998664855957,11.45002555847168,-73.23192596435547,17.30002212524414,14,straight,80.0,288.0
