s_m,x_center_m,y_center_m,z_center_m,x_line_m,y_line_m,offset_m,heading_rad,curvature_1_per_m,radius_m,slope_pct,width_m,drive_left_m,drive_right_m,limit_left_m,limit_right_m,segment_id,segment_kind,v_target_ms,v_target_kmh
0.0,-163.74752807617188,-288.9122772216797,12.150100708007812,-164.0675214489162,-288.9617684593638,-0.323797994446853,-1.4173488236082783,-0.0053873458306956225,185.62016091528292,0.0,16.436996459960938,-14.186997413635254,2.2499990463256836,-20.449974060058594,9.516474723815918,0,right,30.042743316865657,108.15387594071636
3.2210580652344576,-163.3385772705078,-292.1072692871094,12.150100708007812,-163.6176430753478,-292.1454848533547,-0.2816702911817922,-1.4347017773464477,-0.0025331449552687124,394.7661968258431,-0.0004942234560489922,15.437996864318848,-13.187997817993164,2.2499990463256836,-20.04998016357422,12.736533164978027,0,right,28.75291002516434,103.51047609059162
7.305101003501706,-162.7749786376953,-296.15223693847656,12.150054931640625,-162.99712985063604,-296.1836627259163,-0.2243629682617945,-1.4302675173967623,0.0019557864464321006,511.3032671968244,0.00011579422420915364,14.438997268676758,-12.188998222351074,2.2499990463256836,-19.599987030029297,16.819576263427734,0,right,27.029153297442225,97.30495187079201
11.006733955182973,-162.24038696289062,-299.8150634765625,12.150100708007812,-162.3891190241155,-299.8376467141148,-0.15043679288840134,-1.4201089239619042,0.003444130418456176,290.3490514300117,-6.704258350698211e-05,13.439997673034668,-11.189998626708984,2.2499990463256836,-19.199993133544922,20.52020835876465,0,right,25.365801421643436,91.31688511791637
14.518010372472531,-161.68832397460938,-303.2826690673828,12.150054931640625,-161.74755660898603,-303.29253890657293,-0.06004930225105512,-1.4056848804642157,0.007635434192328094,130.9683214878306,-0.0006460955437548321,12.490998029708862,-10.190999031066895,2.2999989986419678,-18.799999237060547,24.030485153198242,1,left,23.680253161517992,85.24891138146478
17.967856431450468,-161.0615997314453,-306.67510986328125,12.150054931640625,-161.01796822652605,-306.6661103602545,0.04454996381869884,-1.3673873331405428,0.01795900515367277,55.682371681679236,0.000906236496422963,11.641998291015625,-9.191999435424805,2.4499988555908203,-18.350006103515625,27.479331970214844,1,left,21.898201163132242,78.83352418727607
21.36251556001833,-160.2468719482422,-309.9705505371094,12.150115966796875,-160.09459527303326,-309.92555976212464,0.15878399052301304,-1.283515241052773,0.03175959978369483,31.486542866116135,0.0001970534014184011,11.042998313903809,-8.192999839782715,2.8499984741210938,-17.95001220703125,30.87299156188965,1,left,19.99018158141653,71.9646536930995
24.693974181196587,-159.1030731201172,-313.09950256347656,12.150070190429688,-158.85074478103272,-312.9879844733961,0.2758729329244058,-1.1546516734980763,0.04276220053963006,23.385138916629078,-0.0009161198573748308,10.843997955322266,-7.194000244140625,3.6499977111816406,-17.600017547607422,34.20344924926758,1,left,17.921258267236254,64.51652976205052
27.965051761586665,-157.55377197265625,-315.98040771484375,12.150054931640625,-157.22747742578844,-315.7716626921907,0.3873533474724139,-1.0016646727885894,0.04883187193478131,20.47842854223521,0.0007187561305244117,10.843997955322266,-6.195000171661377,4.648997783660889,-17.30002212524414,37.47352600097656,1,left,16.770531822189135,60.37391455988089
31.195610284303864,-155.5926513671875,-318.547607421875,12.150115966796875,-155.23314595439763,-318.22362900208503,0.48394850791671523,-0.8373306992323085,0.05327753438012689,18.76963736469402,0.0002066935889777355,10.746003150939941,-5.196000099182129,5.5500030517578125,-17.00002670288086,40.70308303833008,1,left,16.05559714139302,57.80014970901487
34.36527381049369,-153.26951599121094,-320.7039489746094,12.150070190429688,-152.9278002734639,-320.2645313533138,0.5566484327296625,-0.6609672421273769,0.057627378830644296,17.35286282825402,-0.016399415005441398,11.07900333404541,-4.53000020980835,6.5490031242370605,-16.800029754638672,43.87174606323242,1,left,15.437753012768429,55.57591084596635
37.464177616763656,-150.65597534179688,-322.3690643310547,12.14910888671875,-150.38184638933967,-321.83780932406785,0.5978114795015848,-0.4763675590681101,0.05995825016327193,16.67827191882529,-0.07260441661163242,11.408003568649292,-3.8600003719329834,7.548003196716309,-16.800029754638672,46.96965026855469,1,left,15.134708009510673,54.48494883423842
40.49505119904709,-147.84487915039062,-323.5021667480469,12.145675659179688,-147.6707011722076,-322.92583125013937,0.6020802058133436,-0.2934888492439982,0.06163393109273565,16.22482912043011,-0.036425226357916785,11.636003017425537,-3.0890002250671387,8.547002792358398,-16.900028228759766,49.9995231628418,1,left,14.927551813341232,53.73918652802843
43.4826325071383,-144.91537475585938,-324.08837890625,12.1468505859375,-144.8556537095768,-323.52460831427555,0.5669249366047371,-0.10553787855986696,0.05651970589604856,17.692944153658672,0.12224154286681888,11.636002540588379,-2.0900001525878906,9.546002388000488,-16.900028228759766,49.9995231628418,1,left,15.588293524512174,56.117856688243826
46.45597994067218,-141.94308471679688,-324.1674346923828,12.152938842773438,-141.96456208347945,-323.6751760546475,0.49272694639588954,0.04360259523471159,0.05105986605051399,19.58485357189717,0.5513150451832871,11.63500201702118,-1.090000033378601,10.545001983642578,-13.927687644958496,49.9995231628418,1,left,16.400560324465616,59.04201716807622
49.40893479927946,-139.01107788085938,-323.81732177734375,12.17938232421875,-139.085939194323,-323.4422861907202,0.3824341871323071,0.1970217113374706,0.048977849235386686,20.417393078941004,0.05404690234880327,12.144001603126526,-0.6000000238418579,11.544001579284668,-12.400029182434082,49.9995231628418,1,left,16.74552108912039,60.28387592083341
52.35644020883009,-136.1698455810547,-323.0333251953125,12.156219482421875,-136.24851775349003,-322.80559524904504,0.2409361723417037,0.33262686029350663,0.045437775127192735,22.008119834228832,-0.49110845980711026,12.531996846199036,-1.290000081062317,11.241996765136719,-11.75002670288086,47.05310821533203,1,left,17.385612379300845,62.588204565483046
55.29337639504805,-133.46670532226562,-321.88502502441406,12.150421142578125,-133.50001245704158,-321.8185374689463,0.07436370256423754,0.4644096510282328,0.042690770793325394,23.424266683803886,-0.1004008901956066,12.531997203826904,-2.2890000343322754,10.242997169494629,-11.60002613067627,44.1171760559082,1,left,17.936244830938346,64.57048139137805
58.317153857671386,-130.8593292236328,-320.35374450683594,12.150405883789062,-130.7981528378911,-320.4457665679956,-0.11050162855129911,0.5867100826947249,0.033979737670408544,29.42930312469292,0.031155984605901743,11.893531322479248,-2.649533748626709,9.243997573852539,-12.200028419494629,41.094398498535156,1,left,19.821722811485543,71.35820212134796
61.47647842476634,-128.3107452392578,-318.4866485595703,12.152435302734375,-128.11968936840458,-318.72646154338685,-0.3066147631711052,0.6727175127705676,0.024441589897888805,40.91386870403129,0.07846269084794688,11.795960426330566,-3.550962448120117,8.24499797821045,-13.800034523010254,37.936073303222656,1,left,21.616748895776393,77.82029602479501
64.82112723604527,-125.77754211425781,-316.30271911621094,12.155563354492188,-125.43404013609765,-316.67544651489214,-0.5068720970102841,0.7446162331549437,0.018237141212153946,54.83315550211131,0.07020149682306354,11.795960903167725,-4.549962520599365,7.245998382568359,-15.450040817260742,34.59242630004883,1,left,23.367290053316005,84.12224419193763
68.3908969861862,-123.220703125,-313.8115692138672,12.157180786132812,-122.71683185903318,-314.3035872207253,-0.7042499355624201,0.7972997871630347,0.014317138141482666,69.8463610616836,0.06322297066854166,11.795960903167725,-5.548962593078613,6.246998310089111,-17.200023651123047,31.023656845092773,1,left,25.101332702331153,90.36479772839215
72.22189429520911,-120.62167358398438,-310.9970397949219,12.16033935546875,-119.95132632303498,-311.58552704821483,-0.892010480628239,0.850335144098684,0.012407537211193267,80.59617174453166,0.14575160423058175,11.795960903167725,-6.547962665557861,5.247998237609863,-18.799999237060547,27.193660736083984,1,left,26.83791914580478,96.6165089248972
76.3615652188272,-117.96524047851562,-307.8221130371094,12.169204711914062,-117.13487738882804,-308.4874685464919,-1.0640492538323767,0.8952737903455357,0.009690720047783055,103.1915064173967,0.26720798739665597,11.795960903167725,-7.546962738037109,4.248998165130615,-20.449974060058594,23.05499839782715,1,left,28.596124148255107,102.94604693371839
80.82121120073674,-115.24830627441406,-304.28565979003906,12.183670043945312,-114.27193386535384,-305.0094326644963,-1.215380703719649,0.9328944359322418,0.0062004281583776105,161.27918499448555,0.36287163146753176,11.795960426330566,-8.5459623336792,3.249998092651367,-22.09994888305664,18.596376419067383,1,left,30.376573560895526,109.35566481922389
85.47399071700215,-112.5159912109375,-300.5196990966797,12.202423095703125,-111.42317557389609,-301.2997112264052,-1.3426335833283518,0.9508925859595655,0.003408351046202185,293.3970082436983,0.4254819729107462,11.844960927963257,-9.544961929321289,2.2999989986419678,-23.949920654296875,13.944634437561035,2,straight,32.12913416560505,115.66488299617819
90.13715678627312,-109.83345031738281,-296.70542907714844,12.223312377929688,-108.64637766939738,-297.5283286290749,-1.4444047715775106,0.9646368844626126,0.0027533151188002813,363.1985286289119,0.4531853571732025,12.093961119651794,-10.543961524963379,1.5499995946884155,-25.749893188476562,10.350021362304688,2,straight,33.79453867367278,121.66033922522202
94.84995916111406,-107.17352294921875,-292.81507873535156,12.244918823242188,-105.91286537582808,-293.66668052852634,-1.521342542455749,0.9766882100005835,0.002190091178728523,456.60199434279207,0.4758346218543652,12.442961275577545,-11.542961120605469,0.9000001549720764,-27.299869537353516,9.550018310546875,2,straight,35.39815056298309,127.43334202673913
99.82135851305311,-104.40919494628906,-288.68316650390625,12.269485473632812,-103.09546322379018,-289.55357571101547,-1.5759134578143525,0.9856511221693127,0.00031505792116802434,3174.019546287451,0.5314648286075974,13.041960775852203,-12.541960716247559,0.5000000596046448,-28.84984588623047,8.850015640258789,2,straight,37.014533491882254,133.2523205707761
105.10853279112382,-101.47073364257812,-284.28785705566406,12.2996826171875,-100.13298957167225,-285.1871312749753,-1.6119098364243472,0.9789507691659475,-0.001943787444960432,514.459542679244,0.6310924807117146,13.74096031486988,-13.540960311889648,0.20000000298023224,-30.799816131591797,8.200013160705566,2,straight,38.65949974876253,139.1741990955451
110.70819848256264,-98.30960083007812,-279.66595458984375,12.338577270507812,-96.96740180693968,-280.59754899231916,-1.6338195581022075,0.9640541218790851,-0.002744440922901714,364.37293718193575,0.7463011185671498,14.639959909021854,-14.539959907531738,0.10000000149011612,-30.799816131591797,7.65001106262207,2,straight,40.32859345258405,145.1829364293026
116.60223565952187,-94.91012573242188,-274.8512878417969,12.385772705078125,-93.57360628856351,-275.81239951455643,-1.6462137987898533,0.947356125736312,-0.0032315430865186012,309.4496880365961,0.8561773920581217,15.638959504663944,-15.538959503173828,0.10000000149011612,-30.799816131591797,7.1500091552734375,2,straight,42.013862725987636,151.2499058135555
122.77426137821149,-91.25656127929688,-269.87713623046875,12.44219970703125,-89.93641672001773,-270.8723281096546,-1.653235776830317,0.9248353317956993,-0.004728148424920919,211.49928262176445,0.9661700687217389,16.787960052490234,-16.537960052490234,0.25,-30.299823760986328,6.8000078201293945,3,right,43.70902463655488,157.35248869159756
129.2051225004235,-87.29753112792969,-264.809814453125,12.5078125,-86.01186661921753,-265.8571568883969,-1.6582700038544298,0.8871973691939657,-0.006952730043032845,143.82839457459946,1.0843043527488216,17.986960649490356,-17.53696060180664,0.4500000476837158,-29.699832916259766,6.600007057189941,3,right,42.474250122596416,152.9073004413471
135.85626395163305,-82.96588134765625,-259.76316833496094,12.584335327148438,-81.73433231372238,-260.88184657145655,-1.663777034278447,0.833386773653634,-0.008336431780238976,119.95539894783779,1.194842385552397,17.249041438102722,-16.69904136657715,0.5500000715255737,-28.899845123291016,6.500006675720215,3,right,40.589006506067676,146.12042342184364
142.6186443772814,-78.27903747558594,-254.88912963867188,12.668182373046875,-77.10924257017525,-256.08274114103943,-1.6712655502070763,0.77532127153033,-0.008162703622219075,122.50842934906714,1.2625766217260082,16.250041842460632,-15.700041770935059,0.5500000715255737,-28.19985580444336,6.450006484985352,3,right,41.018663662777804,147.6671891860001
149.59328748746069,-73.15830993652344,-250.15460205078125,12.75787353515625,-72.04783276815066,-251.4170591198737,-1.6813558198010186,0.7214382783742085,-0.0067220471290787495,148.76420542696331,1.3054266899540812,16.200041830539703,-15.700041770935059,0.5000000596046448,-27.69986343383789,6.250005722045898,3,right,42.9737334434204,154.70544039631343
156.7824053661327,-67.66207885742188,-245.521484375,12.853164672851562,-66.5962508790239,-246.8380209672576,-1.6938883901512258,0.6805488755098561,-0.005485645136965499,182.29396452596117,1.3425047084803965,16.150042176246643,-15.800042152404785,0.3500000238418579,-27.299869537353516,6.050004959106445,3,right,44.899914893032964,161.63969361491868
164.1794965911042,-61.82096862792969,-240.9840545654297,12.953765869140625,-60.798860793798795,-242.35253673125138,-1.7080538231460272,0.6415087626543376,-0.005249726573283854,190.48611123654607,1.3821835628155643,16.050042152404785,-15.800042152404785,0.25,-27.04987335205078,5.850004196166992,3,right,46.79913966305718,168.47690278700586
171.77868384402908,-55.64466857910156,-236.55804443359375,13.060531616210938,-54.669452228711435,-237.97791933174514,-1.7225247912493644,0.6018340018108937,-0.005677535273216051,176.13276745589428,1.4235808161909946,15.950041592121124,-15.650041580200195,0.30000001192092896,-26.799877166748047,5.700003623962402,3,right,46.27776663284265,166.59995987823353
179.5747600704881,-49.12019348144531,-232.29220581054688,13.173004150390625,-48.20724461690739,-233.76824878510328,-1.7355628746888965,0.5539194775180508,-0.0065551983937181535,152.55068419566064,1.452020771036333,15.85004049539566,-15.350040435791016,0.5000000596046448,-26.649879455566406,5.650003433227539,3,right,44.250207523220645,159.30074708359433
187.55607283648715,-42.22344970703125,-228.2769012451172,13.289657592773438,-41.38947384120102,-229.80982948371187,-1.7451030713021731,0.4982566811491937,-0.00775858195247324,128.88953240755873,1.4531585379827239,15.700039207935333,-15.000039100646973,0.7000001072883606,-24.899906158447266,5.600003242492676,3,right,42.07337445565083,151.464148040343
195.70220046427514,-34.937408447265625,-224.63558959960938,13.407333374023438,-34.21071583081162,-226.22626386957185,-1.7488072483637083,0.42853216450891357,-0.008331197061305511,120.03077020522409,1.4232093213569996,15.550038278102875,-14.750038146972656,0.8000001311302185,-24.19991683959961,5.5500030517578125,3,right,40.60175609500835,146.16632194203007
203.96106883880003,-27.31854248046875,-221.44993591308594,13.523086547851562,-26.701476058100532,-223.08121779126301,-1.7440904608658436,0.36163519790818593,-0.007976059524410297,125.37519271760125,1.2663767344165966,15.500038087368011,-14.700037956237793,0.8000001311302185,-23.84992218017578,5.5500030517578125,3,right,41.49581782280638,149.38494416210298
212.33719380031792,-19.388153076171875,-218.75559997558594,13.61767578125,-18.8842542207504,-220.40866256406954,-1.7281579725069047,0.2958797432757578,-0.007378666266143488,135.5258476167207,0.9725908238404246,15.450037896633148,-14.65003776550293,0.8000001311302185,-23.449928283691406,5.500002861022949,3,right,43.14292515775955,155.31453056793438
220.84613382119738,-11.18017578125,-216.51364135742188,13.6868896484375,-10.781199066792945,-218.1642039836328,-1.6980987608861995,0.23717222342475638,-0.00720673646724659,138.75906307172912,0.6684690545004646,15.150037467479706,-14.550037384033203,0.6000000834465027,-23.099933624267578,5.400002479553223,3,right,43.654518348358025,157.1562660540889
229.5079776464862,-2.6985321044921875,-214.756591796875,13.732009887695312,-2.415881060663229,-216.38329211161286,-1.6510740524112975,0.17203963293077776,-0.007391827689332573,135.28453882158777,0.38744572830597956,14.900037229061127,-14.50003719329834,0.40000003576278687,-22.949935913085938,5.300002098083496,3,right,43.10449925675609,155.17619732432195
238.31469727861526,6.02294921875,-213.5344696044922,13.754180908203125,6.1938905437958764,-215.1098527036306,-1.5846301920824757,0.10808491013295576,-0.007168984521545986,139.48976971488156,0.1259572291936184,14.800037577748299,-14.600037574768066,0.20000000298023224,-23.099933624267578,5.100001335144043,3,right,43.76930999300975,157.5695159748351
247.2641497570733,14.94696044921875,-212.86013793945312,13.754013061523438,15.013968146040597,-214.35575767535155,-1.4971200438983767,0.04477268842413218,-0.005643342347199415,177.19995323272627,-0.07327242409604917,14.80003833770752,-14.80003833770752,0.0,-23.5499267578125,5.05000114440918,3,right,46.11353821186355,166.00873756270877
256.27348261185256,23.953598022460938,-212.64016723632812,13.740936279296875,23.96318893983256,-214.028262804405,-1.388128701457706,0.0069092971502780496,-0.004427333710194012,225.86957872578765,-0.27530457780728934,15.850038886070251,-14.900038719177246,0.9500001668930054,-23.84992218017578,5.250001907348633,3,right,48.35880622130702,174.09170239670527
265.3141467592254,32.99333190917969,-212.76455688476562,13.704238891601562,32.94908823123265,-214.02257808632228,-1.2587989698932711,-0.035154773296414775,-0.0051220068208526655,195.23597585399722,-0.4638722779920501,15.850038886070251,-14.900038719177246,0.9500001668930054,-23.84992218017578,5.750003814697266,3,right,49.5529080957282,178.39046914462153
274.47102849052067,42.13334655761719,-213.31802368164062,13.656387329101562,42.03738687258147,-214.42579458723185,-1.1119193497851247,-0.08640842669525194,-0.00571035566049206,175.1204407316777,-0.5840842692520831,14.800037771463394,-14.65003776550293,0.15000000596046448,-24.149917602539062,6.250005722045898,3,right,47.327593191098046,170.37933548795297
283.7459407416713,51.350067138671875,-214.35362243652344,13.596435546875,51.216854056291155,-215.29596154577297,-0.9517083177836537,-0.14043373660569458,-0.006504219694896025,153.74634420554975,-0.7332260367910237,14.800036311149597,-14.250036239624023,0.5500000715255737,-24.149917602539062,6.700007438659668,3,right,44.96145619551239,161.86124230384462
293.02978327160497,60.494232177734375,-215.9561767578125,13.520294189453125,60.33313808947894,-216.72276322738793,-0.7833301478986756,-0.20713078416838168,-0.007617499874429135,131.2766677367279,-0.9123628699017727,14.650034070014954,-13.650033950805664,1.0000001192092896,-24.149917602539062,7.200009346008301,3,right,42.461202935105604,152.86033056638018
302.27868939797435,69.466796875,-218.19821166992188,13.427413940429688,69.29666424057197,-218.78637227611517,-0.6122728247889799,-0.2815767287517911,-0.008201691841395402,121.9260634681276,-1.0905179082514427,14.3500314950943,-13.050031661987305,1.2999998331069946,-23.999919891357422,7.600010871887207,3,right,40.92105271948981,147.3157897901633
311.46831474179237,78.19264221191406,-221.0786895751953,13.319320678710938,78.0370004021094,-221.49427882921813,-0.4437778735116398,-0.35833991108404967,-0.008166024364637965,122.4586108670439,-1.254263254282817,14.000029444694519,-12.550029754638672,1.4499996900558472,-24.099918365478516,7.850011825561523,3,right,41.010322623066266,147.63716144303856
320.605303962926,86.62580871582031,-224.59315490722656,13.1976318359375,86.5077287725191,-224.84977390425408,-0.2824821811113436,-0.43125196239249186,-0.008101001077966432,123.441534000021,-1.3979572397599616,13.487997889518738,-12.03799819946289,1.4499996900558472,-24.599910736083984,8.000012397766113,3,right,41.174579875892945,148.22848755321462
329.73133961902073,94.75914001464844,-228.73025512695312,13.06402587890625,94.69496177035177,-228.8459973739617,-0.13234468173520988,-0.5062860434138018,-0.007633646224442958,130.9989971500116,-1.6175798990717194,12.438998341560364,-11.0389986038208,1.399999737739563,-24.599910736083984,8.000012397766113,3,right,42.41627313730262,152.69858329428942
338.8724606493234,102.59968566894531,-233.42703247070312,12.902099609375,102.60140699402972,-233.42435097501655,0.003186436750246043,-0.5706792089271586,-0.006442849412626388,155.21082923966028,-2.2335171042306756,11.439998745918274,-10.039999008178711,1.399999737739563,-22.549942016601562,7.95001220703125,3,right,44.881608487171064,161.57379055381583
348.0542548204622,110.18547058105469,-238.59422302246094,12.654403686523438,110.2561488930944,-238.49611369192934,0.12091676695207673,-0.6242887889712948,-0.005839020751164877,171.2615937870235,-3.1191038214103295,10.540999054908752,-9.040999412536621,1.4999996423721313,-21.199962615966797,8.150012969970703,3,right,47.22853949002655,170.02274216409558
357.3323522701311,117.55436706542969,-244.2222137451172,12.32550048828125,117.69100812207684,-244.05271102165432,0.2177198925752556,-0.6784669646753712,-0.005441325232365644,183.77875927207623,-3.913132228038474,9.7419992685318,-8.041999816894531,1.699999451637268,-20.449974060058594,8.450014114379883,3,right,49.48715458294205,178.15375649859138
366.7407389552171,124.71942138671875,-250.30638122558594,11.922210693359375,124.9122822031735,-250.08907222820326,0.29054861016198574,-0.7258635783639056,-0.0035593103982393126,280.95329940728715,-4.614721988502534,8.99299943447113,-7.043000221252441,1.949999213218689,-20.19997787475586,8.450014114379883,3,right,51.67677935813791,186.03640568929646
376.3036498941777,131.77963256835938,-256.739013671875,11.449005126953125,132.00802191936634,-256.49164725972196,0.33667764629516483,-0.745531055967036,-0.0005968333978713172,1675.5094530008344,-5.234261005144269,8.99299931526184,-6.044000148773193,2.9489991664886475,-20.299976348876953,8.450014114379883,3,right,53.618532529177536,193.02671710503913
386.0278449642444,138.9300994873047,-263.3072814941406,10.9117431640625,139.1680506543229,-263.04505347279905,0.3540964459890235,-0.7368999087802891,0.0018434611236282164,542.4578729557613,-5.732478215464654,8.99299931526184,-5.045000076293945,3.9479992389678955,-20.449974060058594,9.300017356872559,3,right,51.43929025417067,185.18144491501442
395.8859066665347,146.29319763183594,-269.8359069824219,10.325897216796875,146.51584349256132,-269.57644136066455,0.3418970432338527,-0.709174248221895,0.0042452450275585335,235.5576635761602,-6.126667462762581,8.992999076843262,-4.046000003814697,4.9469990730285645,-20.449974060058594,10.300021171569824,4,left,49.13148051030108,176.8733298370839
405.7165606969714,153.89898681640625,-276.0334014892578,9.705581665039062,154.08169310476563,-275.7947491664869,0.3005603416454492,-0.6533949142195935,0.006292929233994257,158.90850871133642,-6.383696437012815,8.99299931526184,-3.0470001697540283,5.9459991455078125,-20.099979400634766,11.850027084350586,4,left,46.71669357565339,168.1800968723522
415.4784209281605,161.82879638671875,-281.6915588378906,9.075271606445312,161.95713133914205,-281.49820385689145,0.23206897399410953,-0.5859647986532781,0.007018653113397444,142.47747877597283,-5.866729940795384,9.274999380111694,-2.330000162124634,6.9449992179870605,-18.949996948242188,14.05003547668457,4,left,44.23557045533844,159.2480536392184
425.16605402338456,170.06719970703125,-286.7627716064453,8.56365966796875,170.13632621993952,-286.64116754607613,0.1398785983813441,-0.5169021047488477,0.00699926188264037,142.87220806528308,-4.478415304510652,9.84399938583374,-1.9000000953674316,7.943999290466309,-18.500003814697266,17.100025177001953,4,left,44.29680468802008,159.4684968768723
434.780599198351,178.5836639404297,-291.210693359375,8.209671020507812,178.59622844063742,-291.1847388796669,0.02883577088252133,-0.45084491164579077,0.006556252718062601,152.52615220962747,-2.5086137130990007,10.142998933792114,-1.2000000476837158,8.942998886108398,-18.050010681152344,21.049964904785156,4,left,45.7689214909749,164.76811736750963
444.3541637422494,187.3252410888672,-295.11216735839844,8.081344604492188,187.28906618167133,-295.1999042399368,-0.09490197201697395,-0.3910743031199887,0.006299716255745758,158.7373080633487,-0.7712697093009202,10.99099850654602,-1.0490000247955322,9.941998481750488,-17.80001449584961,22.59994125366211,4,left,46.691521595917514,168.08947774530304
453.9030804077283,196.26220703125,-298.4755096435547,8.061904907226562,196.18956716593826,-298.6873178337466,-0.2239179748588188,-0.33038148356165664,0.005995401472794468,166.79450150882025,0.29935123952811726,11.241000056266785,-1.2499998807907104,9.991000175476074,-18.200008392333984,22.59994125366211,4,left,47.86183953550195,172.30262232780703
463.48041138112404,205.4006805419922,-301.3404083251953,8.138885498046875,205.30525426633747,-301.6767858890449,-0.3496513113756393,-0.27642529209624883,0.00525774392588506,190.19564552711938,1.78508079576431,10.602000713348389,-1.6100001335144043,8.992000579833984,-19.199993133544922,22.049949645996094,4,left,50.16218061607537,180.58385021787132
473.1290687414397,214.73268127441406,-303.77735900878906,8.406509399414062,214.62748817265566,-304.2279461772985,-0.46270334457721246,-0.2293499967750835,0.004715699891492385,212.05759972217578,3.552852575389159,10.0430006980896,-2.0500001907348633,7.993000507354736,-20.449974060058594,20.64997100830078,4,left,52.37759399830274,188.55933839388987
482.84785888974466,224.2351531982422,-305.77239990234375,8.828079223632812,224.13328546659287,-306.3163874346566,-0.5534432853176268,-0.18511720325827996,0.005114588684606142,195.51914370158326,4.524319741018873,9.533063173294067,-2.539062738418579,6.994000434875488,-20.899967193603516,18.45000457763672,4,left,51.21289184826496,184.36641065375386
492.6502568597629,233.9054412841797,-307.308349609375,9.290023803710938,233.82634272857624,-307.9161460938241,-0.6129218123115633,-0.12941254728084559,0.005741704485560306,174.16431000844426,4.747416929156229,9.533063173294067,-3.538062810897827,5.99500036239624,-20.899967193603516,16.65003204345703,4,left,48.907797268492615,176.06807016657342
502.52241558320253,243.7176971435547,-308.2862243652344,9.762161254882812,243.67199714605823,-308.91858502310725,-0.6340098511825989,-0.07214345927965365,0.004243705225329056,235.64313421945093,5.059155098621304,9.533063411712646,-4.537063121795654,4.996000289916992,-20.799968719482422,15.550041198730469,4,left,51.228924824171706,184.42412936701814
512.3247801988919,253.4915313720703,-308.8202209472656,10.285003662109375,253.46354501640127,-309.43214659027984,-0.6125652852406954,-0.045703048402050715,0.001143233859426036,874.7116714178261,5.44078201363285,9.177000522613525,-5.180000305175781,3.997000217437744,-20.249977111816406,15.550041198730469,4,left,53.43397431552725,192.3623075358981
522.016751652578,263.15809631347656,-309.27061462402344,10.82257080078125,263.13095354638307,-309.81833165582776,-0.5483891654054001,-0.049515678701060516,-0.001691998459863433,591.0170864344128,5.825699749974111,9.043000221252441,-6.045000076293945,2.998000144958496,-19.599987030029297,15.1000394821167,4,left,51.92618301949898,186.93425887019632
531.4415303548628,272.5478973388672,-309.8432159423828,11.397216796875,272.5134466815632,-310.28763228339056,-0.44574962921284667,-0.07736416322938666,-0.0037678014342260946,265.4067677017591,6.389827036987661,9.043000221252441,-7.044000148773193,1.999000072479248,-19.149993896484375,14.450037002563477,4,left,49.74365781894121,179.07716814818835
540.4415252274908,281.4868469238281,-310.70042419433594,11.997451782226562,281.44987982468166,-311.01155349165765,-0.313317739796545,-0.11826144560373525,-0.005502608418862602,181.7319939707252,7.157592789301015,9.043000340461731,-8.043000221252441,1.0000001192092896,-18.999996185302734,14.20003604888916,5,right,47.56611833991456,171.2380260236924
549.0379922645469,289.9673767089844,-311.94554138183594,12.652847290039062,289.93916899963403,-312.1065493151548,-0.1634601769801911,-0.1734344106421815,-0.006666535950635773,150.0029411683638,8.067115333605946,9.941999852657318,-9.041999816894531,0.9000000357627869,-19.349990844726562,14.550037384033203,5,right,45.38876947006063,163.39957009221828
557.2945243548179,298.02711486816406,-313.5945587158203,13.354049682617188,298.02461602514785,-313.6052095431244,-0.010940033760501015,-0.23044700401979828,-0.006375255437650135,156.8564600712833,8.239495163750698,10.723997831344604,-9.293997764587402,1.4300000667572021,-20.19997787475586,15.600041389465332,5,right,46.41407784949524,167.09068025818289
565.3917573311525,305.8379669189453,-315.6285400390625,14.001113891601562,305.87329559566234,-315.50468403286357,0.12879606232385488,-0.27786103519346267,-0.0061974817402065206,161.35586064133796,7.4829371377535985,9.843998193740845,-8.294998168945312,1.5490000247955322,-21.499958038330078,17.45001983642578,5,right,47.07506123254791,169.4702204371725
573.3914042884421,313.4497528076172,-318.02503967285156,14.559555053710938,313.52804210873774,-317.7965792997766,0.24150229136695894,-0.33014079678400615,-0.006567007652750506,152.2763567332167,6.394451247940658,9.843998193740845,-7.2959980964660645,2.5480000972747803,-21.499958038330078,19.749984741210938,5,right,45.73142774257106,164.6331398732558
581.2811357249476,320.83238220214844,-320.7698669433594,15.0184326171875,320.95018199857253,-320.4768075992781,0.3158489689564943,-0.3821997732248922,-0.005900204135910511,169.48566133732277,5.505109374402972,9.843998193740845,-6.296998023986816,3.5470001697540283,-19.449989318847656,21.549957275390625,5,right,47.7191714127046,171.78901708573656
589.1132107527869,328.0232849121094,-323.84666442871094,15.4254150390625,328.16476189995115,-323.532379422435,0.3446604173076071,-0.42298287192572154,-0.004581139806243355,218.2862873202781,5.037707703176652,9.843997955322266,-5.297997951507568,4.546000003814697,-17.550018310546875,23.04993438720703,5,right,48.6259684423209,175.05348639235524
596.928677912281,335.0920104980469,-327.1586456298828,15.8067626953125,335.2347143033132,-326.86614745970417,0.3254528469614839,-0.45390412426279586,-0.00528521823893062,189.20694563453526,4.358727798090445,9.843997955322266,-4.29899787902832,5.545000076293945,-16.000041961669922,24.399913787841797,5,right,46.69558274773384,168.10409789184183
604.7256042846863,342.0097961425781,-330.7428741455078,16.106109619140625,342.13578829247047,-330.5152042398505,0.26020685574462565,-0.5054485634037237,-0.006877637595167945,145.39876318905996,3.4028547682398713,9.843998193740845,-3.2999980449676514,6.544000148773193,-14.750038146972656,25.29990005493164,5,right,44.68676105558054,160.87233980008995
612.4546179782319,348.65769958496094,-334.67864990234375,16.335678100585938,348.7398471871863,-334.54781144437015,0.15448925734914795,-0.5606498368811599,-0.005309535280758816,188.3404002651404,2.6222992153048574,10.192998886108398,-2.649998664855957,7.543000221252441,-14.000035285949707,25.599895477294922,5,right,43.93797521136173,158.17671076090224
620.1066287699142,355.0827331542969,-338.8309783935547,16.509979248046875,355.0916974508268,-338.817514244515,0.016175349196843,-0.5873954729964554,-0.004575524589277208,218.55417460623227,1.9985928186461166,10.841998815536499,-2.2999989986419678,8.541999816894531,-13.6000337600708,25.599895477294922,5,right,41.83762330241609,150.61544388869794
627.6928714191323,361.31414794921875,-343.1557312011719,16.640594482421875,361.2281539683333,-343.27361690314024,-0.145917796985515,-0.6302313546031716,-0.007339113086902244,136.25624624651869,1.4206079482973921,10.792998552322388,-2.1999990940093994,8.592999458312988,-13.450033187866211,25.599895477294922,5,right,39.645633134831876,142.72427928539474
635.2034475001897,367.2314453125,-347.7803649902344,16.724899291992188,367.02373189642714,-348.02800566841677,-0.32321938170120584,-0.6979378651242646,-0.00984553377326633,101.56889641832416,0.8151325456223546,10.093998670578003,-2.4999988079071045,7.593999862670898,-13.75003433227539,25.549896240234375,5,right,37.34899226765381,134.45637216355374
642.6362482456445,372.7369842529297,-352.7737731933594,16.76287841796875,372.380538681689,-353.1360910749277,-0.508259473656167,-0.777228327198013,-0.0107335997561838,93.16538931162249,0.1525526812801603,10.044997692108154,-3.449997901916504,6.59499979019165,-14.750038146972656,24.99990463256836,5,right,35.77056690640817,128.77404086306942
650.0043793817542,377.77561950683594,-358.14976501464844,16.747940063476562,377.2502718202183,-358.60498261463755,-0.6951354221835957,-0.8567966502276291,-0.010247107184231108,97.5885176197691,-0.624640824240319,10.044997692108154,-4.448997974395752,5.595999717712402,-16.450035095214844,23.949920654296875,5,right,36.609844318023384,131.79543954488418
657.3563896249885,382.39222717285156,-363.8710479736328,16.671066284179688,381.68808741230015,-364.3982844111153,-0.8796539452526835,-0.9280849676763017,-0.009083566794613696,110.08891359647099,-1.5771049711289065,10.044997692108154,-5.447998046875,4.596999645233154,-18.75,22.44994354248047,5,right,37.757628942198615,135.92746419191502
664.7380504778122,386.6248474121094,-369.9166717529297,16.5152587890625,385.73894896303574,-370.4973400223838,-1.05924109683393,-0.9905945184131962,-0.010971009245946808,91.14931703930937,-2.065816838074852,10.044997692108154,-6.446998119354248,3.5979995727539062,-21.399959564208984,20.3499755859375,5,right,35.38141772481531,127.3731038093351
672.1788907787114,390.3629455566406,-376.3486328125,16.364913940429688,389.26944030897266,-376.9176402012695,-1.2326893911896861,-1.09100017933028,-0.011876433029768166,84.20036533641958,-1.672908189763822,10.044997692108154,-7.445998191833496,2.598999500274658,-24.64990997314453,18.10000991821289,5,right,34.00599678777827,122.42158843600178
679.6735025647513,393.59027099609375,-383.11204528808594,16.265777587890625,392.30260538678783,-383.6610155443894,-1.3998039375909115,-1.1677998434378811,-0.010768659933874089,92.86206511679157,-0.8777928482969211,10.044997334480286,-8.444997787475586,1.5999995470046997,-28.399852752685547,16.05004119873047,5,right,35.71228923373599,128.56424124144957
687.2459164823647,396.2661590576172,-390.1958312988281,16.233352661132812,394.783148931796,-390.6831129423429,-1.5610132713704465,-1.2533333995758311,-0.01190045568874322,84.03039565500939,0.6406601250124933,10.343997538089752,-9.443997383117676,0.9000001549720764,-30.049827575683594,14.50003719329834,5,right,33.97165662616263,122.29796385418545
694.8814215243423,398.2831573486328,-397.55894470214844,16.36456298828125,396.608321923158,-397.9368812054374,-1.7169477869008873,-1.3488576725998445,-0.011664484200219039,85.73032316175814,2.4829543262529175,11.192997097969055,-10.442996978759766,0.7500001192092896,-30.049827575683594,13.800034523010254,5,right,34.31355793711265,123.52880857360553
702.5820735216774,399.63963317871094,-405.1350402832031,16.615142822265625,397.7895498077298,-405.39327733459135,-1.8680189651849128,-1.4321110551740435,-0.009141154662265519,109.39537038225352,3.2176459318562056,11.549016833305359,-10.299016952514648,1.2499998807907104,-26.149887084960938,13.300032615661621,5,right,36.860879112262715,132.69916480414577
710.3715350982989,400.48193359375,-412.87486267089844,16.8629150390625,398.47444912078566,-413.0370969724037,-2.0140292643796966,-1.4901568518046544,-0.007060209543427148,141.63885559614462,2.4764171776711086,11.549017190933228,-9.300017356872559,2.248999834060669,-23.349929809570312,13.100031852722168,5,right,39.26982928774736,141.37138543589052
718.2710376715278,400.9196319580078,-420.76100158691406,17.002105712890625,398.76662828219986,-420.8213115677124,-2.153848212346075,-1.542791630678539,-0.007561588501523678,132.24734456238892,1.385947321700165,12.24701189994812,-8.999011993408203,3.247999906539917,-21.099964141845703,13.300032615661621,5,right,41.57048689723182,149.65375283003453
726.3063882602958,400.8425598144531,-428.7955780029297,17.082733154296875,398.559173681904,-428.7039661243689,-2.2852231765433904,-1.6108958828034432,-0.00837151307528973,119.45271912095663,0.7612111729884852,12.2470121383667,-8.000012397766113,4.246999740600586,-19.349990844726562,15.000039100646973,5,right,40.503871968087424,145.81393908511473
734.5036315611176,400.2313537597656,-436.9698944091797,17.1248779296875,397.8405692747515,-436.7110375175143,-2.4047572318525186,-1.6786489680661374,-0.005798953093596612,172.44491960182117,0.42494036563616167,12.346008777618408,-7.100008964538574,5.245999813079834,-18.300006866455078,16.20003890991211,5,right,42.82008338013562,154.15230016848824
742.877501499423,399.1527099609375,-445.2739562988281,17.15283203125,396.66752427320955,-444.9356082827812,-2.508112294625333,-1.7061103418027688,-2.6306775601128707e-05,38013.0204918422,0.2903628822299664,12.845006942749023,-6.600007057189941,6.244999885559082,-17.750015258789062,17.100025177001953,6,straight,45.06344343821531,162.2283963775751
751.2891759186608,398.1634216308594,-453.6272277832031,17.173583984375,395.5880715072868,-453.3478792231161,-2.5904563067166273,-1.6788440224567562,-0.00027362741542374946,3654.6045594567463,0.19759531745078274,13.194004535675049,-5.950004577636719,7.24399995803833,-17.200023651123047,18.200008392333984,6,straight,47.20972777972528,169.955020007011
759.738436159096,397.12066650390625,-462.0118865966797,17.186111450195312,394.4995335480962,-461.6419970885322,-2.6471033641078314,-1.7109887829182762,-0.0036436620135692627,274.44916577770584,0.10661086858417823,13.493001937866211,-5.250001907348633,8.243000030517578,-16.600032806396484,19.149993896484375,6,straight,49.27157172383046,177.37765820578966
768.3452687045428,395.7792053222656,-470.51353454589844,17.191635131835938,393.14358527844917,-470.06072386006787,-2.6742345694739225,-1.7409395169223647,-0.002797358576301645,357.48009156626904,0.05030151596232546,14.092000007629395,-4.850000381469727,9.241999626159668,-16.000041961669922,19.799983978271484,6,straight,51.28671412350933,184.63217084463358
777.1262307065095,394.2085266113281,-479.1528778076172,17.194808959960938,391.5863200379343,-478.65240236585845,-2.6695398444962963,-1.7593885809165166,-0.0023876195794043653,418.82719032211486,0.032926017351453396,14.790998458862305,-4.549999237060547,10.240999221801758,-15.900042533874512,20.299976348876953,6,straight,53.26411564046544,191.75081630567558
786.0828429820102,392.42701721191406,-487.93052673339844,17.197463989257812,389.8536663406088,-487.37505011355256,-2.632620174283175,-1.7833917826273609,-0.002974080180444913,336.238412997461,0.03752034719888275,15.689997673034668,-4.44999885559082,11.239998817443848,-15.950042724609375,20.64997100830078,6,straight,55.20815604940327,198.7493617778518
795.1973105188282,390.3741149902344,-496.810791015625,17.201614379882812,387.88407199285876,-496.19501686206337,-2.565052033970029,-1.8132271020585908,-0.0034524972693977113,289.6454137310441,-0.11473346585931798,16.88899803161621,-4.649999618530273,12.238998413085938,-16.35003662109375,20.64997100830078,6,straight,57.118574194933345,205.62686710176004
804.459306810518,387.99420166015625,-505.7617645263672,17.1759033203125,385.61765524816724,-505.08841895562523,-2.4700945540556907,-1.8468897447847228,-0.003606157676411023,277.30345972981297,-0.5100017722517114,18.499030590057373,-5.6489996910095215,12.850030899047852,-17.050025939941406,20.149978637695312,6,straight,57.19355200947733,205.8967872341184
813.7832496313025,385.3110809326172,-514.6910400390625,17.106536865234375,383.0706695846321,-513.9747304195172,-2.3521357272133443,-1.880247407013812,-0.0033207167090432282,301.13981035380823,-0.730429517202491,19.49803066253662,-6.6479997634887695,12.850030899047852,-18.050010681152344,19.69998550415039,6,straight,55.24110319036214,198.8679714853037
823.2555453375094,382.278564453125,-523.6645355224609,17.038650512695312,380.1882219352775,-522.9287863558384,-2.2160457301479175,-1.909229892611862,-0.001164250056681318,858.9220110072307,-0.4468794779104668,20.247029781341553,-7.646999835968018,12.600029945373535,-19.449989318847656,18.949996948242188,6,straight,53.1842434521852,191.46327642786673
832.7318580418507,379.13807678222656,-532.6053161621094,17.021881103515625,377.1839880546655,-531.9327225357354,-2.066602269770391,-1.902293094076218,0.0026775316548876965,373.47831095649286,-0.22302801195357436,20.79602813720703,-8.645999908447266,12.150028228759766,-20.84996795654297,18.000011444091797,6,straight,51.04364255487937,183.75711319756573
842.1345693606662,376.26275634765625,-541.5575714111328,16.996612548828125,374.4333179025399,-541.0152882891277,-1.9081184472881174,-1.8589659815282527,0.005401488850622263,185.1341412812132,-0.41861324936218747,21.245025634765625,-9.194997787475586,12.050027847290039,-21.899951934814453,17.30002212524414,7,left,48.827000829255326,175.77720298531918
851.4582864244015,373.8632354736328,-550.5670776367188,16.9437255859375,372.1650226949595,-550.1686085516919,-1.7443349028703232,-1.801267345204504,0.006344943108066714,157.60582608355287,-0.5094902473474106,20.596027374267578,-8.195998191833496,12.400029182434082,-22.44994354248047,17.100025177001953,7,left,46.52481504994421,167.48933417979916
860.7457391094672,372.0221405029297,-559.6701202392578,16.901748657226562,370.4663576767529,-559.4029086673584,-1.578563342531265,-1.7408905020690726,0.006440314563050692,155.2719188185605,-0.2287771759806878,20.59602689743042,-7.196998119354248,13.399028778076172,-22.44994354248047,17.550018310546875,7,left,46.17904863738652,166.24457509459148
870.081745464661,370.70298767089844,-568.9124603271484,16.901336669921875,369.29760691540434,-568.7564793968058,-1.4140102964772696,-1.681332309842375,0.0067166826306372385,148.88302082915686,0.32935764605481754,20.59602642059326,-6.197998046875,14.398028373718262,-22.199947357177734,18.550003051757812,7,left,45.21901600065663,162.78845760236388
879.4966415229154,369.9794158935547,-578.2993011474609,16.964035034179688,368.7264622773385,-578.2440139680349,-1.2541728097029128,-1.6148932016705297,0.006415661979751519,155.8685608992652,0.5896278141320876,19.388993740081787,-5.198997974395752,14.189995765686035,-21.29996109008789,21.399959564208984,7,left,46.26768651435371,166.56367145167337
889.0088567364193,369.8174743652344,-587.8100128173828,17.012786865234375,368.71435807746775,-587.82189221597,-1.1031802502070256,-1.5600277980982324,0.0055999336152706275,178.57354545651575,0.4864860052594566,17.39099407196045,-4.199997901916504,13.190996170043945,-19.84998321533203,21.399959564208984,7,left,48.627712370388586,175.05976453339892
898.6496086748685,370.1758270263672,-597.4440002441406,17.057144165039062,369.2117904514594,-597.5049263348462,-0.965959888550545,-1.5076813257311656,0.004847283380422132,206.30112199318407,0.5593747534436311,15.64199447631836,-3.449997901916504,12.191996574401855,-17.850013732910156,23.649925231933594,7,left,50.90811599358292,183.2692175768985
908.424115210956,371.001953125,-607.1833190917969,17.121658325195312,370.15847302692856,-607.2719751074502,-0.8481265029193006,-1.4660734232356682,0.0037716012805180943,265.1393733386984,0.6919107477633024,14.192995309829712,-2.9999983310699463,11.192996978759766,-15.300040245056152,25.94989013671875,7,left,53.12030926022302,191.23311333680286
918.3327964726448,372.20513916015625,-617.0184173583984,17.19342041015625,371.45666967717546,-617.1217726537255,-0.7555718920299599,-1.4335752798895731,0.003255040621637603,307.2158280767944,0.7290329650888938,13.143995761871338,-2.949998378753662,10.193997383117676,-12.850030899047852,26.09988784790039,7,left,55.27257228976173,198.98126024314223
928.3730169349695,373.7378234863281,-626.9406890869141,17.267105102539062,373.05398652186227,-627.0578285787936,-0.6937972719229373,-1.4011454853197614,0.0036694744144077224,272.5185917835066,0.7731251499784819,12.544995784759521,-3.3499979972839355,9.194997787475586,-11.60002613067627,26.09988784790039,7,left,57.371109437520126,206.53599397507244
938.5363308253942,375.664794921875,-636.9193115234375,17.349716186523438,375.01253868263876,-637.0593351498799,-0.6671167945605098,-1.3593300685539738,0.00402486440780038,248.4555748168689,0.3845546752241802,12.445996284484863,-4.249998092651367,8.195998191833496,-11.650026321411133,22.59994125366211,7,left,58.41480004703327,210.29328016931976
948.8172212296395,378.0299835205078,-646.9244384765625,17.344711303710938,377.37346048944244,-647.0934160778049,-0.6779202903298539,-1.318881499315707,0.00393689858464269,254.0070511089275,-0.4032196323490944,12.445996284484863,-5.248998165130615,7.196998119354248,-12.300028800964355,19.649986267089844,7,left,58.18530312649759,209.46709125539132
959.2244651996231,380.83795166015625,-656.9454040527344,17.265396118164062,380.1427036562987,-657.1550832334058,-0.7261784530505693,-1.2778823323298145,0.004373187105687376,228.6661823134641,-0.9651556771681946,12.445996284484863,-6.247998237609863,6.197998046875,-13.450033187866211,17.250022888183594,7,left,56.040176194343964,201.74463429963828
969.7509388984199,384.1238708496094,-666.9451141357422,17.142181396484375,383.3618610669525,-667.2177262353234,-0.8093060395813301,-1.227230422015436,0.004528409659453045,220.82807767016004,-1.194402999788391,12.445996284484863,-7.246998310089111,5.198997974395752,-14.300036430358887,15.250040054321289,7,left,55.07134298999778,198.256834763992
980.3898028511062,387.9458465576172,-676.8729095458984,17.012542724609375,387.09227911100436,-677.2224714787762,-0.9223724469184986,-1.1821010669505279,0.003416757396255715,292.67515484004196,-1.2845753729857412,12.445996284484863,-8.24599838256836,4.199997901916504,-15.450040817260742,13.90003490447998,8,straight,57.30038596400571,206.28138947042058
991.1472445306499,392.1616973876953,-686.7687683105469,16.867172241210938,391.19361712492014,-687.1969998914492,-1.0585658609916537,-1.1543212221247516,0.002717102157560096,368.0391615816095,-1.4425956549059649,12.444996118545532,-9.24499797821045,3.199998140335083,-16.300037384033203,12.950031280517578,8,straight,59.46938236207939,214.0897765034858
1002.0195541865777,396.7040100097656,-696.6453399658203,16.700302124023438,395.6133661671219,-697.1688176679785,-1.2097656368708234,-1.1232997080755627,0.0024393084728503434,409.952251275336,-1.6720150048299298,12.743996381759644,-10.243997573852539,2.4999988079071045,-16.900028228759766,12.300028800964355,8,straight,61.5839678574413,221.70228428678868
1013.0037773558801,401.5736083984375,-706.4891510009766,16.501419067382812,400.3545553218285,-707.1079234737439,-1.3671026942568656,-1.1010995265661523,0.0016499857238739465,606.0658498621026,-1.9406864217544895,13.34299635887146,-11.242997169494629,2.099999189376831,-17.1500244140625,12.000027656555176,8,straight,63.649019217615745,229.1364691834167
1024.0894965007665,406.66099548339844,-716.3359222412109,16.271728515625,405.31417279474823,-717.0436726522195,-1.5214604822162587,-1.0869602989939424,0.0008686316257787638,1151.2360019167609,-2.2706790033522495,13.700025916099548,-11.75002670288086,1.949999213218689,-17.250022888183594,11.90002727508545,8,straight,65.66734210329838,236.4024315718742
1035.205755341646,411.86268615722656,-726.1562194824219,15.997161865234375,410.39371633650825,-726.9377841204166,-1.6639457976584078,-1.0818390684866754,0.0002553595099864525,3916.047614804135,-2.670205259910008,13.700026392936707,-11.850027084350586,1.8499993085861206,-17.250022888183594,11.90002727508545,8,straight,65.69822620688859,236.51361434479892
1046.4304221856025,417.1387939453125,-736.0583343505859,15.67474365234375,415.56218470764156,-736.8982591461169,-1.7863847151319587,-1.081300068765949,0.0001244396284382568,8036.025280292202,-3.105937137696446,13.800027012825012,-12.000027656555176,1.7999993562698364,-17.200023651123047,11.650026321411133,8,straight,63.65519123023188,229.15868842883478
1057.7409809481874,422.46295166015625,-746.0302581787109,15.296829223632812,420.8040846836352,-746.9188633375549,-1.8818763971408963,-1.0790216153666439,0.000358239854353376,2791.4258780754667,-3.644548354403365,13.800027251243591,-12.050027847290039,1.7499994039535522,-17.1500244140625,11.700026512145996,8,straight,61.52794141730318,221.50058910229146
1069.0158750354403,427.8115234375,-755.94580078125,14.851821899414062,426.1020551811397,-756.8743144357727,-1.9453584055743458,-1.0732202258820338,0.0007815599796108727,1279.4923308354214,-4.230381212804901,13.850027203559875,-12.050027847290039,1.7999993562698364,-17.050025939941406,11.75002670288086,8,straight,59.33153856643875,213.5935388391795
1080.2221876061199,433.1989288330078,-765.7591400146484,14.346176147460938,431.4754057020152,-766.7216438365501,-1.9740682840879042,-1.0614877177634734,0.0019878593209067194,503.05370681053597,-4.928490472239144,13.145004153251648,-11.295004844665527,1.8499993085861206,-16.900028228759766,11.90002727508545,8,straight,57.0647881402948,205.43323730506128
1091.3592534513039,438.7596130371094,-775.3902893066406,13.751205444335938,437.0737314683812,-776.4051277593124,-1.9677636414973447,-1.028934639278368,0.003856841544548177,259.27951367707755,-5.820241922281511,12.146004557609558,-10.296005249023438,1.8499993085861206,-16.50003433227539,12.300028800964355,8,straight,54.71909143286023,196.98872915829685
1102.418950005521,444.6902160644531,-784.6994323730469,13.055007934570312,443.0927985536031,-785.7800726567864,-1.9286073023845574,-0.9760223295999965,0.004720366873988351,211.8479403604229,-7.0459162969689455,10.197005808353424,-9.297005653381348,0.9000001549720764,-15.700041770935059,13.250032424926758,9,left,52.285652635930894,188.22834948935122
1113.3941967323544,451.05419921875,-793.6002502441406,12.199905395507812,449.5682906418401,-794.720227410422,-1.8607184504717813,-0.924910874963684,0.005278815514993804,189.4364364808028,-8.447888413309501,10.197006225585938,-8.298006057739258,1.8990001678466797,-13.90003490447998,14.80003833770752,9,left,49.7532738885459,179.11178599876524
1124.2889162121537,457.8447570800781,-802.0619506835938,11.208511352539062,456.50298310148247,-803.2155279171105,-1.76949084296152,-0.8606745954027714,0.0061896008393637625,161.5613067712443,-9.374442419166984,10.197006225585938,-7.29900598526001,2.8980002403259277,-12.250028610229492,17.050025939941406,9,left,47.10502082789338,169.57807498041615
1135.1036104827797,465.13922119140625,-809.9777526855469,10.165206909179688,463.95875645508147,-811.1460345763855,-1.66083700891084,-0.7905850729129701,0.00685964671056799,145.78010241539076,-9.686290314334661,10.197006225585938,-6.300005912780762,3.897000312805176,-11.250024795532227,20.149978637695312,9,left,44.74532295752235,161.08316264708046
1145.8341509811917,472.9315948486328,-817.2807922363281,9.12164306640625,471.9239907758945,-818.4461063234112,-1.5405268218869583,-0.7129453856601606,0.007588386865087907,131.78031349465414,-9.582144062807968,10.4960036277771,-5.600003242492676,4.896000385284424,-10.600022315979004,21.899951934814453,9,left,42.54257662078756,153.1532758348352
1156.469779711677,481.21580505371094,-823.874755859375,8.117599487304688,480.38461812495075,-825.0183091114997,-1.4137134614152367,-0.6285170250160445,0.008007670994241212,124.88025553486887,-9.145809907487957,11.100006103515625,-5.300002098083496,5.800004005432129,-10.350021362304688,22.549942016601562,9,left,41.41383137933375,149.0897929656015
1167.0060021754239,489.95021057128906,-829.6929931640625,7.184722900390625,489.28594752695955,-830.7926013864001,-1.2846725787897155,-0.5434219027174053,0.007909736552041784,126.42646103578058,-8.594988558973926,11.100006103515625,-5.300002098083496,5.800004005432129,-10.40002155303955,22.549942016601562,9,left,41.6694254323888,150.00993155659967
1177.4940362381865,499.1107635498047,-834.7247467041016,6.3103179931640625,498.5949527101924,-835.7601005861092,-1.1567274887586028,-0.46220466550623385,0.008003220618243639,124.94969809034913,-7.882865394161165,11.100006103515625,-5.600003242492676,5.500002861022949,-10.85002326965332,19.949981689453125,9,left,41.425344338615396,149.13123961901542
1187.9598067227755,508.6459655761719,-838.9682922363281,5.5327606201171875,508.26715966797735,-839.928567675388,-1.0322900924374887,-0.3757355211396318,0.008323990657509264,120.13468553065674,-6.690968602561218,11.148004055023193,-6.250005722045898,4.897998332977295,-11.60002613067627,16.900028228759766,9,left,40.61932755570973,146.22957920055504
1198.4151411611415,518.50732421875,-842.3859252929688,4.91033935546875,518.2479604601567,-843.2612669622716,-0.9129581574692204,-0.28805887492150545,0.008601269745878524,116.26190429374346,-4.986704713834028,11.049007654190063,-7.1500091552734375,3.898998498916626,-12.550029754638672,14.000035285949707,9,left,39.959241654093894,143.853269954738
1208.84806549774,528.6313934326172,-844.8704833984375,4.490692138671875,528.4756042475732,-845.6547948751056,-0.7996341429741259,-0.19607961864625034,0.008107533087052997,123.34208066284802,-3.0350968840381602,11.049007177352905,-8.149008750915527,2.899998426437378,-13.700034141540527,12.000027656555176,9,left,41.15798993905746,148.16876378060687
1219.2725582428275,538.9307861328125,-846.4664001464844,4.277130126953125,538.8485933363734,-847.1541549856174,-0.692648810392011,-0.11894472944843094,0.003453558711473621,289.5563919842277,-1.2954681652422861,12.600014448165894,-9.100016593933105,3.499997854232788,-14.450037002563477,11.00002384185791,10,straight,44.038782828478524,158.5396181825227
1229.7310021815736,549.3160400390625,-847.7002410888672,4.220672607421875,549.2426995197204,-848.2875734641565,-0.5918936989361356,-0.12422753842549458,0.0009454356195236577,1057.713480801404,0.35487459667843113,13.15001654624939,-9.650018692016602,3.499997854232788,-15.000039100646973,10.450021743774414,10,straight,46.750914398626826,168.30329183505657
1240.1347798905997,559.6504364013672,-848.8927459716797,4.350189208984375,559.6011303991231,-849.3872525226952,-0.4969585605003313,-0.09937902074649659,0.002661947087751044,375.6648674954895,1.889714309019022,13.100018739700317,-10.100020408630371,2.9999983310699463,-15.500041007995605,9.950019836425781,10,straight,49.301060226825186,177.48381681657068
1250.4269819965727,569.9039154052734,-849.7459259033203,4.6103363037109375,569.8757563527353,-850.1522186320465,-0.40726737366944116,-0.06919664738603613,0.0028954420997206083,345.37040132713884,2.7832891790247256,13.050019264221191,-10.200020790100098,2.8499984741210938,-16.05004119873047,9.800019264221191,10,straight,50.983444107371454,183.54039878653725
1260.2720835568502,579.7285614013672,-850.3058319091797,4.9084320068359375,579.715341782397,-850.6277652225087,-0.32220461908043135,-0.04104016476812637,0.003923479553916396,254.8758025263074,3.1575332992852365,12.343995571136475,-9.393997192382812,2.949998378753662,-16.250038146972656,9.600018501281738,10,straight,48.65715262851183,175.1657494626426
1269.4606947872062,588.9107360839844,-850.4716339111328,5.209686279296875,588.9117327530528,-850.7128459763532,-0.24121412429020006,0.004131896949521365,0.004944874501519899,202.22960151822488,3.3311377185995363,11.344995975494385,-8.394997596740723,2.949998378753662,-16.250038146972656,10.150020599365234,11,left,46.380834825462074,166.97100537166347
1278.1563577728855,597.5987548828125,-850.256103515625,5.5036773681640625,597.6065144491382,-850.4197964995226,-0.16387679471741312,0.047367711754522056,0.006224062405765316,160.66676951595235,3.3154361488198725,9.895996809005737,-7.395998001098633,2.4999988079071045,-15.850042343139648,11.100024223327637,11,left,44.11860321646598,158.8269715792775
1286.616433324105,606.0280303955078,-849.5893859863281,5.778778076171875,606.0379363666301,-849.6788076273424,-0.08996865090445867,0.11032838766450653,0.00786027491525379,127.22201332416276,3.166895812653092,9.895996809005737,-6.396997928619385,3.4989988803863525,-15.700041770935059,12.550029754638672,11,left,41.800324532161845,150.48116831578264
1294.9716481034086,614.2924652099609,-848.3883972167969,6.036376953125,614.2959442430233,-848.4075754978728,-0.019491283592354913,0.1794533584666149,0.008188604217669116,122.1209345839711,3.040376817841517,9.895996570587158,-5.397997856140137,4.4979987144470215,-16.100040435791016,14.550037384033203,11,left,40.95374116703209,147.43346820131555
1303.2389769113747,622.3674163818359,-846.6327056884766,6.28424072265625,622.3558709837806,-846.5868128612216,0.04732280433058427,0.24645862227355364,0.008070135610316647,123.91365502230552,2.968356211222012,9.895996570587158,-4.398997783660889,5.4969987869262695,-16.550033569335938,17.050025939941406,11,left,41.2532439703394,148.51167829322185
1311.4084532565664,630.2142486572266,-844.3721923828125,6.5243377685546875,630.1804602787402,-844.267471790263,0.11003661674485163,0.3121073540100705,0.007185314197381262,139.17275884253704,2.849702490777173,9.895996809005737,-3.3999979496002197,6.495998859405518,-16.550033569335938,18.75,11,left,43.5220896688973,156.6795228080303
1319.492093124269,637.8369140625,-841.6907043457031,6.74755859375,637.7771738442564,-841.5336070891753,0.1680727273662963,0.3633876168075059,0.006276960061962496,159.3127867835038,2.568701048004418,10.144997596740723,-2.649998664855957,7.494998931884766,-16.250038146972656,18.75,11,left,45.656253746805916,164.3625134885013
1327.4965587362713,645.2411804199219,-838.6555633544922,6.937896728515625,645.1525343987971,-838.4533250081064,0.22081319211070233,0.41310226748685225,0.005305851536801021,188.4711611442704,2.0839913352737494,10.793997526168823,-2.2999989986419678,8.493998527526855,-16.900028228759766,18.60000228881836,11,left,45.731040191033784,164.63174468772164
1335.4272888724283,652.4335632324219,-835.3170166015625,7.080078125,652.3175784728111,-835.0757221294426,0.26772277963887925,0.44807024805119794,0.0015873601268311319,629.9767665175724,1.4095819271027654,11.100013732910156,-2.4499988555908203,8.650014877319336,-17.30002212524414,18.849998474121094,11,left,43.641802513510655,157.11048904863836
1343.2765327602783,659.5180511474609,-831.9385375976562,7.16094970703125,659.3870504468185,-831.6592669200226,0.3084692771650758,0.438608284775511,-0.0022391587733089427,446.5962896066716,0.6302363423768553,11.15001130104065,-2.9999983310699463,8.150012969970703,-17.600017547607422,19.149993896484375,11,left,41.470523610544454,149.29388499796005
1351.0331560217833,666.5785217285156,-828.7268981933594,7.179168701171875,666.4407515621524,-828.4127704143792,0.3430114870769495,0.41331658729391973,-0.0046302410946509436,215.97147525541243,0.11698442627027794,11.098000288009644,-3.699997663497925,7.398002624511719,-18.050010681152344,19.299991607666016,12,right,39.20691763533385,141.14490348720187
1358.5011092133952,673.4803771972656,-825.874755859375,7.1794281005859375,673.346373955204,-825.5281249378115,0.3716313558716012,0.3688908267893869,-0.0078414428166707,127.52755116367442,-0.10515997225784002,11.049002170562744,-4.649999618530273,6.399002552032471,-18.849998474121094,19.299991607666016,12,right,36.89657030837067,132.8276531101344
1365.5427609968813,680.1214447021484,-823.5336303710938,7.1648101806640625,680.0043262310901,-823.1564986887663,0.39489877447036287,0.30110792023288396,-0.011363287469373737,88.002701920126,-0.508824451939005,11.049002170562744,-5.6489996910095215,5.400002479553223,-20.099979400634766,19.39999008178711,12,right,34.57699019478336,124.4771647012201
1372.3428912617414,686.6951446533203,-821.7942962646484,7.1104278564453125,686.6079474328776,-821.3900093232368,0.4135834695063702,0.21242747356992966,-0.013263593601874592,75.39434862198027,-0.9044285797332963,11.096997737884521,-6.6479997634887695,4.448997974395752,-22.09994888305664,19.599987030029297,12,right,32.17865727425986,115.84316618733551
1379.0645320667927,693.3235473632812,-820.6806793212891,7.0426788330078125,693.2714826535259,-820.2553182970364,0.4285355702333261,0.12179538602414569,-0.014734148758698615,67.86954688574248,-1.0492705189617313,11.096997737884521,-7.646999835968018,3.449997901916504,-24.949905395507812,19.84998321533203,12,right,30.530646192453695,109.9103262928333
1385.7143350705876,699.9570159912109,-820.2205505371094,6.970184326171875,699.9501481362214,-819.7800380966604,0.4405659741996808,0.015589340937117885,-0.01610248059999364,62.102232869660774,-1.027316089774355,11.295998573303223,-8.645999908447266,2.649998664855957,-28.599849700927734,20.19997787475586,12,right,29.204658296784114,105.13676986842282
1392.2777040567569,706.5161743164062,-820.4469146728516,6.906829833984375,706.5570760734967,-819.9984231904299,0.45035271014828415,-0.09094693125088864,-0.01654552353149459,60.43930843871387,-0.852411318733759,11.942997455596924,-9.592998504638672,2.349998950958252,-32.79978561401367,20.799968719482422,12,right,28.810995506877166,103.7195838247578
1398.7510309690324,712.9201202392578,-821.3909149169922,6.858856201171875,713.0112119302677,-820.9416690191565,0.4583880156518545,-0.2000535354143625,-0.01742939590570045,57.37433502631841,-0.5953915533829401,11.043997764587402,-8.593998908996582,2.4499988555908203,-36.899723052978516,21.399959564208984,12,right,28.07096573421472,101.055476643173
1405.1359379566338,719.0892333984375,-823.0365905761719,6.83001708984375,719.2332694283083,-822.5944939802004,0.4649685775087904,-0.314957262334915,-0.0181911799470174,54.971695234313735,-0.29200039968378944,10.494997262954712,-7.594998836517334,2.899998426437378,-36.899723052978516,21.999950408935547,12,right,27.47692235946495,98.91692049407382
1411.4427646248666,724.9618530273438,-825.3362274169922,6.8215484619140625,725.1582597023287,-824.9089887422588,0.4702217212832951,-0.43090087599531696,-0.017662476524792366,56.617201930676345,0.006851786482919842,10.29599642753601,-6.595998764038086,3.699997663497925,-30.593900680541992,22.59994125366211,12,right,27.885133159372018,100.38647937373926
1417.7091408760127,730.5106811523438,-828.2479095458984,6.8307647705078125,730.7532760562453,-827.8405156648672,0.4741540484913537,-0.5370893344905346,-0.01580619572891189,63.26633031443807,0.2794302705139584,10.295996189117432,-5.596998691558838,4.698997497558594,-24.32853126525879,23.749923706054688,12,right,29.477106040764795,106.11758174675326
1423.989276579024,735.7441711425781,-831.7192230224609,6.8566436767578125,736.0247066540603,-831.3337993981676,0.4767090762362016,-0.6291821058871069,-0.014560700972064584,68.67801226867778,0.5161044718619889,10.295996189117432,-4.59799861907959,5.697997570037842,-18.049448013305664,24.84990692138672,12,right,30.711949148466964,110.56301693448107
1430.3066473187755,740.6714324951172,-835.6726684570312,6.8958587646484375,740.9866841905051,-835.3135999375376,0.47782196803449817,-0.7205101330606635,-0.014195812457611229,70.44330875643823,0.7574410820102795,10.29599642753601,-3.598998785018921,6.69699764251709,-14.300036430358887,25.599895477294922,12,right,31.104154102963843,111.97495477066984
1436.6686169604131,745.2538604736328,-840.0854644775391,6.9528045654296875,745.5993972804798,-839.7559655748224,0.47745702610549057,-0.8091522956311739,-0.013019266482365115,76.80924277527633,0.7837152004845915,10.29599642753601,-2.599998712539673,7.695997714996338,-11.800026893615723,25.94989013671875,12,right,32.47919549920603,116.9251037971417
1443.1036163120023,749.5037231445312,-844.917236328125,6.9959869384765625,749.8724112784007,-844.6167599823251,0.4756227227975489,-0.8869830377801596,-0.011204574697916768,89.24925996396159,0.5254675904261652,11.294996500015259,-2.599998712539673,8.694997787475586,-10.100020408630371,25.94989013671875,12,right,34.733323552598,125.03996478935281
1449.6302981702815,753.4472351074219,-850.1177825927734,7.0206451416015625,753.8326158568163,-849.8446416789967,0.4723603293912716,-0.9542180014987725,-0.00966013054771303,103.51826976466101,0.211358392377603,11.743996620178223,-2.049999237060547,9.693997383117676,-8.900015830993652,25.699893951416016,12,right,36.879099266126154,132.76475735805417
1456.2685852049888,757.1058502197266,-855.6568603515625,7.0234375,757.5029150381167,-855.4096969642376,0.467707397885832,-1.0140139595411486,-0.006443940730028172,155.18454341767793,-0.05651960963833913,12.292996525764465,-1.5999995470046997,10.692996978759766,-8.200013160705566,25.049903869628906,12,right,38.94046472021017,140.18567299275662
1463.0513674656636,760.6038665771484,-861.4680480957031,7.0127716064453125,761.001977773852,-861.234337074338,0.46164203280059807,-1.0399535995974194,-0.0026990077387236827,370.5065330686617,-0.13424329877071983,12.850025296211243,-1.399999737739563,11.45002555847168,-7.850011825561523,23.949920654296875,13,straight,40.9396338304492,147.38268178961712
1470.0176029017414,764.0932464599609,-867.4973602294922,7.00506591796875,764.487228466733,-867.2717329680602,0.45401484861336583,-1.0507041908301464,-0.001719681247651872,581.5031136528609,-0.009070889946338756,12.850025534629822,-1.3499997854232788,11.500025749206543,-7.600010871887207,22.649940490722656,13,straight,42.89599824317271,154.42559367542177
1477.1839301904422,767.6130218505859,-873.73974609375,7.01190185546875,768.0017090242751,-873.5241295725273,0.44448644885376787,-1.0643287246097464,-0.00196644043035879,508.53307558243364,0.18020535273309268,12.850025534629822,-1.3499997854232788,11.500025749206543,-7.400010108947754,20.99996566772461,13,straight,44.81953452417203,161.3503242870193
1484.568141995262,771.1474151611328,-880.2231292724609,7.0316619873046875,771.5287124493705,-880.0190388456522,0.4324818196552784,-1.0793458265461253,-0.0017610377916475045,567.8469847398729,0.33336014514067647,12.850025057792664,-1.4499996900558472,11.400025367736816,-7.300009727478027,20.84996795654297,13,straight,46.71878163753981,168.18761389514333
1492.1698164802472,774.6935729980469,-886.9469146728516,7.0621490478515625,775.0635715407376,-886.7541966636763,0.4171800003040259,-1.0905991129502064,-0.0015573501852202826,642.1163393373553,0.4458917654205474,12.850023865699768,-1.699999451637268,11.1500244140625,-7.300009727478027,20.599971771240234,13,straight,48.596485282071754,174.94734701545832
1499.9826414357176,778.2562103271484,-893.9000701904297,7.1005859375,778.6111213753733,-893.7209415833474,0.39755365679020915,-1.1033845606561603,-0.0013404399938901634,746.0236971129501,0.551299012151224,12.850022435188293,-1.9999991655349731,10.85002326965332,-8.300013542175293,20.249977111816406,13,straight,50.45357799524442,181.63288078287994
1508.0010256790245,781.8344116210938,-901.0756225585938,7.1496734619140625,782.1683080940741,-900.9105681787435,0.3724644989477755,-1.1116965947558073,-0.0011094502902383868,901.3472787366892,0.6642376021353869,12.900020599365234,-2.4499988555908203,10.450021743774414,-8.650014877319336,19.749984741210938,13,straight,52.29099703722075,188.2475893339947
1516.2136306933035,785.4351959228516,-908.4565277099609,7.2086029052734375,785.7421685321833,-908.3084793419752,0.34080860045368055,-1.1214206685169437,-0.0008290583133062635,1206.1877722593788,0.7548208699209469,12.400018692016602,-2.4499988555908203,9.950019836425781,-9.050016403198242,19.199993133544922,13,straight,54.10827980635509,194.78980730287833
1524.6169853034583,789.0671539306641,-916.0341796875,7.275238037109375,789.3393985816435,-915.904191225614,0.3016855154136494,-1.1253351952832633,-0.0004071917177666251,2455.845628405273,0.8090496587256524,11.100016951560974,-1.7499994039535522,9.350017547607422,-9.600018501281738,18.550003051757812,13,straight,55.90665903579196,201.26397252885107
1533.1994168603924,792.7507781982422,-923.7855682373047,7.3460845947265625,792.9808193654769,-923.6765714582812,0.25455694148903085,-1.1283159150025202,-0.00046967556944575717,2129.129265079839,0.8147407104473703,11.100014209747314,-2.349998950958252,8.750015258789062,-10.150020599365234,17.900012969970703,13,straight,57.68552065398003,207.6678743543281
1541.9547233440512,796.4774780273438,-931.7078247070312,7.4164581298828125,796.658080548634,-931.6234009429672,0.19936058445715976,-1.13352104306365,-0.0006973694142829168,1433.9602218262883,0.7603751369515133,11.15001106262207,-3.0499982833862305,8.10001277923584,-10.750022888183594,17.1500244140625,13,straight,59.445388626637985,214.00339905589675
1550.875879545738,800.2238922119141,-939.803955078125,7.4803466796875,800.3480071968464,-939.7470154675711,0.1365527324325227,-1.1406773805770478,-0.000680877382838313,1468.6932261303627,0.6295055196835875,11.150007724761963,-3.749997615814209,7.400010108947754,-11.45002555847168,16.000041961669922,13,straight,61.18655024255357,220.27158087319287
1559.9013011166141,803.9608917236328,-948.0192260742188,7.5292510986328125,804.0219993054269,-947.9915638258088,0.06707709400242177,-1.1457150196616406,-8.338608009540727e-05,11992.409270897937,0.40308211383798254,11.150006294250488,-4.549999237060547,6.600007057189941,-12.200028419494629,15.250040054321289,13,straight,62.8990338244495,226.43652176801822
1569.0328598767849,807.7361907958984,-956.3337860107422,7.5532379150390625,807.7291688294547,-956.3369954434879,-0.0077206522578367,-1.142090044832738,0.0006115201280192592,1635.269150075312,0.10144395135288087,11.150006294250488,-5.350002288818359,5.800004005432129,-12.950031280517578,14.400036811828613,13,straight,61.171644162128864,220.2179189836639
1578.3156712157738,811.6301116943359,-964.7604064941406,7.5474395751953125,811.5519902582561,-964.7968422696399,-0.08620049020400698,-1.1343888223336325,0.0006496672152170244,1539.2495982207527,-0.21302441174860798,11.150006294250488,-6.150005340576172,5.000000953674316,-13.650033950805664,13.650033950805664,13,straight,59.35836536944863,213.69011533001506
1587.7258719538183,815.6249084472656,-973.280517578125,7.513031005859375,815.4743015802037,-973.3515684051373,-0.16652521858668612,-1.1299919709348933,0.0006789716378087993,1472.8155703634905,-0.5348808977707897,11.150006294250488,-6.850008010864258,4.2999982833862305,-14.300036430358887,12.950031280517578,13,straight,57.46182883581446,206.86258380893204
1597.105836467765,819.6609497070312,-981.7474975585938,7.4470367431640625,819.4386902869086,-981.8546289317238,-0.24673139431777458,-1.1216436162305414,0.0006296737306637629,1588.1240574318738,-0.9556450512526515,11.150008201599121,-7.5000104904174805,3.6499977111816406,-14.900038719177246,12.300028800964355,13,straight,55.506935500350586,199.82496780126212
1606.4249142107312,823.7241821289062,-990.1333618164062,7.3346405029296875,823.4321060276638,-990.2753921363827,-0.32477847944342025,-1.1181860748621932,3.451916791394338e-05,28969.41208122425,-1.315052716525389,12.749010562896729,-8.10001277923584,4.648997783660889,-15.400040626525879,11.700026512145996,13,straight,53.49403258551071,192.57851730783855
1615.6174818121856,827.7329864501953,-998.4047393798828,7.2038726806640625,827.3740482985436,-998.5780715055779,-0.3985983222608046,-1.1209200466320024,0.00020948094879695567,4773.7037937959385,-1.2935173191463478,14.298012733459473,-8.650014877319336,5.647997856140137,-15.950042724609375,11.100024223327637,13,straight,51.431330049407045,185.15278817786538
1624.4340778372386,831.5878448486328,-1006.3332824707031,7.100738525390625,831.1693074974969,-1006.5385702137652,-0.46617225544578617,-1.1147868576868116,0.0008554970104066723,1168.9111567141963,-1.3522249967108046,15.796012878417969,-9.649014472961426,6.146998405456543,-16.566699981689453,10.55002212524414,13,straight,49.372095092645104,177.73954233352237
1633.0436128864596,835.4161834716797,-1014.043701171875,6.9689788818359375,834.946277607351,-1014.2792836758928,-0.5256525825388237,-1.1060774659620352,0.0007387793031402717,1353.5842108047393,-1.6060253387658874,15.79601240158081,-10.648014068603516,5.147998332977295,-17.18335723876953,9.450017929077148,13,straight,47.27473829264771,170.18905785353178
1641.1233785839495,839.0482940673828,-1021.2597961425781,6.8334808349609375,838.5348167919052,-1021.519733852922,-0.575522828123033,-1.102176978756144,0.00011129444616013451,8985.17432362405,-1.740800485157168,15.2656888961792,-11.116690635681152,4.148998260498047,-17.80001449584961,9.100016593933105,13,straight,45.21803707655421,162.78493347559515
1648.6148006546298,842.4296264648438,-1027.943344116211,6.698638916015625,841.8806523776141,-1028.220048075291,-0.6147663209873153,-1.1039233086546252,0.0010991655277172996,909.7810791762707,-1.883190581417099,13.55001974105835,-10.40002155303955,3.149998188018799,-19.099994659423828,8.800015449523926,13,straight,43.22375314366551,155.60551131719583
1655.6357630180141,845.6266021728516,-1034.1926879882812,6.560943603515625,845.0572668734638,-1034.4915234108382,-0.6429971173370009,-1.0874396687452539,0.003962255012079349,252.3815344927056,-2.0821991609623836,13.550021171569824,-10.70002269744873,2.8499984741210938,-20.19997787475586,8.55001449584961,13,straight,41.26731512881609,148.56233446373793
1662.3860433020711,848.8665618896484,-1040.1127319335938,6.41253662109375,848.2935500076409,-1040.4412588879372,-0.6605093312376663,-1.0502153068066788,0.004855235035121544,205.9632526059506,-2.3458541992347817,13.450021266937256,-10.70002269744873,2.7499985694885254,-20.99996566772461,8.500014305114746,14,left,39.294563223595894,141.4604276049452
1668.9977764093876,852.2399597167969,-1045.7967529296875,6.247894287109375,851.669729339192,-1046.1451203667664,-0.6682234317653579,-1.0223831516805015,0.004477623301115355,223.33276668247296,-2.6430432269819115,13.550020933151245,-10.650022506713867,2.899998426437378,-21.599956512451172,8.650014877319336,14,left,37.26118697323685,134.14027310365267
1675.2108804788702,855.5518341064453,-1051.0507202148438,6.0747528076171875,854.9926649879109,-1051.41531329144,-0.667531433435532,-0.9929978289184872,0.008134093603066522,122.93932782172605,-3.0174106567198766,13.542995691299438,-10.342997550964355,3.199998140335083,-22.049949645996094,9.000016212463379,14,left,35.243648114839324,126.87713321342157
1681.0170597860526,858.8652648925781,-1055.814926147461,5.8870391845703125,858.3371954641678,-1056.210976576149,-0.660085799942453,-0.927297208796724,0.010361652568918162,96.50970184038972,-3.5495147313686526,13.093995571136475,-9.343997955322266,3.749997615814209,-22.399944305419922,9.650018692016602,14,left,33.24776754662354,119.69196316784476
1686.5156354512717,862.2926330566406,-1060.1094207763672,5.675384521484375,861.7954657708814,-1060.5243738352353,-0.6475811540596959,-0.8752905336073683,0.005871497346353408,170.31430672808986,-4.0001363010118585,12.99499797821045,-8.344998359680176,4.649999618530273,-23.099933624267578,10.650022506713867,14,left,31.240287792726814,112.46503605381653
1691.782122425961,865.6748809814453,-1064.140380859375,5.4571075439453125,865.1952325066981,-1064.551266572041,-0.6315771751737645,-0.8624604380239378,0.008107216041370074,123.34690415268686,-4.199252693711319,11.995997905731201,-7.345998287200928,4.649999618530273,-24.899906158447266,11.700026512145996,14,left,29.188378030310467,105.07816090911768
1696.9908812882866,869.1929321289062,-1067.9751434326172,5.235565185546875,868.7567640145315,-1068.4064376953581,-0.6133982108470987,-0.7910166207252863,0.017314740149177152,57.754259745418295,-4.75092413749667,10.7969970703125,-6.34699821472168,4.44999885559082,-26.59988021850586,13.150032043457031,14,left,27.006043645556776,97.2217571240044
1702.1473821130937,873.0000457763672,-1071.4424591064453,4.965179443359375,872.6249182179185,-1071.9031687531724,-0.5941162038650109,-0.6833628897749664,0.022591723806326153,44.26399723070177,-5.401332679027321,10.7969970703125,-5.347998142242432,5.448998928070068,-27.499866485595703,15.400040626525879,14,left,24.65606898851595,88.76184835865743
1707.2475097774236,877.1279602050781,-1074.4242858886719,4.6817474365234375,876.8229852492422,-1074.911275899238,-0.5746033362923578,-0.5594939429185078,0.025426791341108423,39.328595833610485,-5.481326817688881,10.7969970703125,-4.348998069763184,6.447999000549316,-27.999858856201172,18.819936752319336,14,left,23.240889294061155,83.66720145862016
1712.2858633783974,881.5565185546875,-1076.8114776611328,4.40936279296875,881.3270608349163,-1077.3175115483384,-0.5556267993562949,-0.4257137567152783,0.026787212218273477,37.331245664968016,-4.6543236780646975,10.7969970703125,-3.3499979972839355,7.4469990730285645,-28.149856567382812,23.84992218017578,14,left,22.64304149098947,81.5149493675621
1717.2954135507466,886.2577819824219,-1078.5306091308594,4.213653564453125,886.1037717493034,-1079.0460447010332,-0.5379525805363032,-0.29035210253367294,0.02209481794007598,45.25948132779958,-3.898928272628055,11.795997142791748,-3.3499979972839355,8.445999145507812,-28.149856567382812,24.949905395507812,14,left,24.931781255177086,89.75441251863751
1722.3180005810257,891.1213989257812,-1079.7689208984375,4.018218994140625,891.0154673736812,-1080.28049501253,-0.522426614884659,-0.204184115374322,0.01845687109643871,54.18036430849603,-3.6969072341618614,11.79800534248352,-3.199998140335083,8.598007202148438,-27.899860382080078,24.949905395507812,14,left,27.200101205636894,97.92036434029282
1727.4105169932684,896.1519165039062,-1080.5408325195312,3.8399810791015625,896.0992371735272,-1081.048112524371,-0.5100079559765462,-0.1034757509563181,0.017909503007058646,55.83627862849524,-3.356331182244104,12.738998889923096,-4.198997974395752,8.540000915527344,-27.39986801147461,23.84992218017578,14,left,27.692155038634205,99.69175813908313
1732.5776377534735,901.3069000244141,-1080.853500366211,3.6740875244140625,901.2965049158001,-1081.3551323589052,-0.5017396878636575,-0.020719613530198563,0.014412204278145374,69.38563877535356,-3.2661858980826244,12.944998741149902,-5.197998046875,7.747000694274902,-26.549880981445312,23.449928283691406,14,left,29.807887242507178,107.30839407302584
1737.8645584936482,906.5903778076172,-1080.7791595458984,3.4983978271484375,906.6137070716075,-1081.2772699413515,-0.4986564153971106,0.04680132861932369,0.014026334379627727,71.29446460740522,-3.4321380325142536,12.944998741149902,-6.196998119354248,6.748000621795654,-25.749893188476562,23.599925994873047,14,left,31.29150327034646,112.64941177324727
1743.3212044451316,912.0220794677734,-1080.2952270507812,3.3049774169921875,912.0873126644509,-1080.7926194055603,-0.5016517961110695,0.13040609957018195,0.014949424315256744,66.89220794806411,-3.6226213780951646,12.944998741149902,-7.195998191833496,5.749000549316406,-25.399898529052734,24.299915313720703,14,left,30.310024479678543,109.11608812684275
1748.9173095928886,917.5317077636719,-1079.337387084961,3.0977783203125,917.6392650143054,-1079.83728289846,-0.5113358842461555,0.21192844986691628,0.013395122322469644,74.6540401742021,-3.6302584752570395,12.944998264312744,-8.194997787475586,4.750000476837158,-25.44731330871582,25.64989471435547,14,left,32.020284004869346,115.27302241752965
1754.6453846243223,923.0811309814453,-1077.9326629638672,2.894073486328125,923.2279276024547,-1078.4397598183778,-0.5279171031461125,0.281781740590861,0.011397330422393506,87.73984458985213,-3.4173656020573677,13.243997573852539,-9.193997383117676,4.050000190734863,-25.56585121154785,27.649864196777344,14,left,34.06112720231917,122.62005792834901
1760.517358708285,928.6648712158203,-1076.125747680664,2.7017669677734375,928.8506979791046,-1076.6446178400963,-0.5511422940601968,0.3439056209153609,0.011599197991904245,86.21285719046767,-3.376470986163402,13.372998476028442,-9.492998123168945,3.880000352859497,-25.71994972229004,30.149826049804688,14,left,33.14228273698526,119.31221785314693
1766.5171173217116,934.2314147949219,-1073.8970489501953,2.4929656982421875,934.4679062778443,-1074.426978145895,-0.5803043804330938,0.41974769896634784,0.01434880934239231,69.69219369621052,-3.552241220672245,12.493999004364014,-8.493998527526855,4.000000476837158,-25.874048233032227,31.82940101623535,14,left,30.93788273660231,111.37637785176832
1772.5053840359758,939.5726470947266,-1071.198257446289,2.27593994140625,939.8756822975397,-1071.7326126644248,-0.61430109335156,0.5158802930483084,0.015496672079155137,64.52998391474765,-3.516253277043729,12.16499948501587,-7.494998931884766,4.6700005531311035,-25.992586135864258,35.83454132080078,14,left,29.770031895937635,107.17211482537549
1778.4516508575323,944.6000213623047,-1068.0292663574219,2.0732269287109375,944.970552952132,-1068.5654001111204,-0.6517154754299984,0.6047398603495476,0.014129136295362714,70.77573455981222,-3.3755612740696357,12.16499948501587,-6.495998859405518,5.669000625610352,-26.040000915527344,40.6148681640625,14,left,31.17745881954559,112.23885175036412
1784.3878840058826,949.3480682373047,-1064.4718017578125,1.8748321533203125,949.7845230411752,-1065.0073668618127,-0.6908855016893162,0.683786088139431,0.014948637312036703,66.89572963247934,-3.3032841074882775,11.768850803375244,-5.4969987869262695,6.271852016448975,-23.899921417236328,44.6200065612793,14,left,30.310822337450222,109.1189604148208
1790.3255395208932,953.758544921875,-1060.5011749267578,1.680999755859375,954.2730625976561,-1061.0189497052334,-0.7299446279797693,0.7822429607486917,0.016653677764657822,60.04679651735454,-3.697858664673813,11.64614725112915,-4.4979987144470215,7.148148536682129,-22.44994354248047,46.29957962036133,14,left,28.717289276137244,103.38224139409408
1796.2498312817283,957.7454986572266,-1056.1260681152344,1.436309814453125,958.3371803725153,-1056.613874553239,-0.7668392094602805,0.8813292161353659,0.01902868714484328,52.552232972677636,-3.521503106009412,11.118999242782593,-3.4989988803863525,7.62000036239624,-20.64997100830078,46.29957962036133,14,left,26.865449328956974,96.71561758424511
1802.191501447749,961.2276763916016,-1051.3148345947266,1.2633514404296875,961.9037914598129,-1051.7412526394305,-0.7993521966638785,1.008116809636492,0.01947736045482755,51.34165906716306,-1.5965763945480285,10.742998838424683,-2.4999988079071045,8.243000030517578,-18.949996948242188,41.9996452331543,14,left,26.554215213943294,95.59517477019587
1808.140438067306,964.1419830322266,-1046.128662109375,1.2466583251953125,964.8821504898785,-1046.4934400972834,-0.8251732217114296,1.1128997831222163,0.01568527271930578,63.75407159922555,0.5804620658373866,9.943998575210571,-2.699998617172241,7.24399995803833,-17.050025939941406,36.19973373413086,14,left,29.072119107475892,104.65962878691322
1814.1052040458333,966.5155334472656,-1040.6571655273438,1.3327789306640625,967.2987812361056,-1040.9662608333313,-0.8420314761968056,1.1949253502188861,0.011159372421580604,89.61077399533197,1.6866481578766677,9.943998575210571,-3.6989986896514893,6.244999885559082,-15.450040817260742,32.249794006347656,14,left,31.394626285364705,113.02065462731294
1820.1349017699642,968.5801391601562,-1034.993148803711,1.44927978515625,969.3838258899978,-1035.263398379637,-0.8479075380084163,1.2464119918114431,0.008321658275316918,120.16835670435128,2.079762469007844,9.943998336791992,-4.697998523712158,5.245999813079834,-14.400036811828613,29.349838256835938,14,left,33.57954381486819,120.88635773352549
1826.3179866498244,970.3968658447266,-1029.0845947265625,1.5872344970703125,971.206696734905,-1029.3124823600256,-0.8412840448817331,1.2964884795317606,0.00825394095173479,121.15424690430126,2.045966806523572,9.943998336791992,-5.696998596191406,4.246999740600586,-13.90003490447998,26.89987564086914,14,left,35.68137207600179,128.45293947360645
1832.6946974360628,971.9585876464844,-1022.9032135009766,1.7055206298828125,972.7600563125773,-1023.0829892277421,-0.8213837925493779,1.3501407643977086,0.008362070881604997,119.58760146362958,1.6476443842446842,9.943998575210571,-6.695998668670654,3.247999906539917,-14.05003547668457,24.449913024902344,14,left,37.72656347956009,135.81562852641633
1839.2865409814758,973.2170562744141,-1016.4333038330078,1.8000030517578125,973.994574769285,-1016.5634799303431,-0.7883405521624717,1.4049098231669017,0.008504633141324769,117.58296723475479,1.3018794268808975,9.943998575210571,-7.694998741149902,2.248999834060669,-14.65003776550293,22.799938201904297,14,left,39.730239823218795,143.02886336358767
1846.0739776668643,974.1414794921875,-1009.7095794677734,1.879180908203125,974.880513900837,-1009.788803737049,-0.7432686876292066,1.4640044535720131,0.008502869394313356,117.60735742557578,0.9974204064250924,9.943998217582703,-8.693998336791992,1.2499998807907104,-15.300040245056152,21.599956512451172,14,left,40.18979281960605,144.68325415058177
1852.9975762789045,974.674072265625,-1002.8067321777344,1.9362945556640625,975.361463960086,-1002.8406889754664,-0.6882299076080509,1.5214369634498819,0.007365429806544269,135.76940195825213,0.6393146826609547,10.54299807548523,-9.692997932434082,0.8500001430511475,-15.700041770935059,20.899967193603516,14,left,42.16904851433967,151.80857465162282
1860.0321510077476,974.8475494384766,-995.7743682861328,1.9680023193359375,975.4736652613923,-995.7769929425023,-0.6261213241269025,1.566604385145203,0.0042887519610449315,233.1680659275887,0.30864402849584416,11.49199765920639,-10.691997528076172,0.8000001311302185,-15.700041770935059,20.599971771240234,14,left,44.08912201462642,158.7208392526551
1867.1463332159562,974.8102416992188,-988.6602935791016,1.979736328125,975.3707282499826,-988.6541393155483,-0.5605203373179193,1.5817761018366723,0.001160046197706377,862.0346344629917,0.194679190395311,12.640997290611267,-11.690997123718262,0.9500001668930054,-15.600041389465332,20.549972534179688,15,straight,45.94939592563409,165.41782533228275
1874.4262118736187,974.7343597412109,-981.3808288574219,1.996124267578125,975.2298204548518,-981.374793955202,-0.495497465993914,1.5829761094309307,0.0006482210309225467,1542.6836716124471,0.2575506052538368,12.900026679039001,-11.75002670288086,1.149999976158142,-15.350040435791016,20.49997329711914,15,straight,47.778074982639104,172.00106993750077
1881.9112885553523,974.6089019775391,-973.8968353271484,2.0178985595703125,975.0442054560314,-973.887800654409,-0.4353972251852489,1.5915482303445978,0.0009009984608700367,1109.8798093776586,0.28655008309201035,12.900025486946106,-11.500025749206543,1.399999737739563,-15.1000394821167,20.549972534179688,15,straight,49.58803378277282,178.51692161798215
1889.6035142158808,974.4278259277344,-966.2067718505859,2.0395965576171875,974.812264568395,-966.1968696266478,-0.3845661483697484,1.5965482514698561,0.00032651409646074214,3062.654907826417,0.250569151851493,12.900024056434631,-11.200024604797363,1.699999451637268,-14.80003833770752,20.549972534179688,15,straight,51.38169766943187,184.97411160995475
1897.497360647852,974.2220001220703,-958.3156280517578,2.05682373046875,974.5689002702143,-958.3067076931395,-0.34701482040420306,1.5965051461638333,-0.00015220648296014605,6570.022383749852,0.1553573669950542,12.900022506713867,-10.85002326965332,2.049999237060547,-14.450037002563477,20.249977111816406,15,straight,53.159491869159474,191.37417072897412
1905.585723422007,974.0240783691406,-950.2296905517578,2.064178466796875,974.3500373533938,-950.222106877057,-0.32604719219351525,1.5940578633012124,-0.0002998339696347052,3335.1791367013,0.03505974663878947,12.449016571044922,-10.399017333984375,2.049999237060547,-14.150035858154297,20.749969482421875,15,straight,54.92143469486152,197.71716490150146
1913.863645946529,973.8415374755859,-941.9537811279297,2.062347412109375,974.1653778897401,-941.947043401029,-0.32391049813691597,1.5915990266925386,-0.0003152973442484691,3171.6093339877707,-0.017693335460114423,11.100017189979553,-9.400017738342285,1.699999451637268,-13.800034523010254,21.199962615966797,15,straight,56.66797505522218,204.00471019879984
1922.320705642199,973.6762542724609,-933.4983367919922,2.0612335205078125,974.017745768696,-933.4921966503238,-0.34154669276777144,1.588774754296367,-0.000478689058765594,2089.0387647019174,0.0005165834496542732,11.100015640258789,-9.050016403198242,2.049999237060547,-13.500033378601074,21.64995574951172,15,straight,58.398393902008465,210.23421804723048
1930.9550379120865,973.5428009033203,-924.8650360107422,2.0624847412109375,973.9212842987836,-924.8602784567619,-0.37851329562016384,1.5833657115735693,-0.0007634872979055685,1309.7794851901838,0.07469639298871705,11.100014448165894,-8.800015449523926,2.2999989986419678,-13.200032234191895,22.049949645996094,15,straight,60.11371831201568,216.40938592325645
1939.7499205023755,973.4644165039062,-916.0705108642578,2.0744476318359375,973.8975025281527,-916.0685069462297,-0.4330906603531024,1.5754233607212182,-0.0009159293980032096,1091.7872078132552,0.17365719753259373,11.100013494491577,-8.600014686584473,2.4999988079071045,-13.000031471252441,22.399944305419922,15,straight,61.81202023071349,222.52327283056857
1948.7046225963707,973.4611968994141,-907.1158294677734,2.0934295654296875,973.9637277023668,-907.1176848857367,-0.5025342281796044,1.5671041958419887,-0.0008001085700510557,1249.8303823144763,0.19555330607038263,11.10001277923584,-8.450014114379883,2.649998664855957,-12.850030899047852,22.699939727783203,15,straight,63.49453008805684,228.58030831700464
1957.8074648833092,973.5233764648438,-898.0132141113281,2.109710693359375,974.1067357640014,-898.0189209765351,-0.5833872129419578,1.5610138768158415,-0.0005962672429816601,1677.100346816734,0.1065804833393566,11.150012493133545,-8.40001392364502,2.7499985694885254,-12.775030136108398,22.949935913085938,15,straight,65.16036118612938,234.57730027006576
1967.052402224073,973.6362762451172,-888.7689666748047,2.1127777099609375,974.307968532218,-888.7787817805647,-0.6717639949057972,1.55618486341059,-0.0005316302896913455,1881.0064426174458,0.001778103183724955,11.100012302398682,-8.350013732910156,2.7499985694885254,-12.700030326843262,22.949935913085938,15,straight,66.80969596291976,240.51490546651115
1976.4349840574287,973.7975616455078,-879.3877716064453,2.109954833984375,974.5609565636025,-879.4028032522123,-0.7635428942419435,1.55110834723273,-0.0005757937056031504,1736.7331220692813,-0.03171625096078934,11.100012302398682,-8.350013732910156,2.7499985694885254,-12.700030326843262,21.14996337890625,15,straight,68.44296151791143,246.39466146448115
1985.9464221810108,974.0114135742188,-869.8787384033203,2.106781005859375,974.8656081703217,-869.9005246901717,-0.8544723812424974,1.5452967922149676,-0.000636022192867125,1572.2721804597716,-0.020881674927160365,11.10001254081726,-8.40001392364502,2.699998617172241,-12.750030517578125,21.249961853027344,15,straight,70.05980502773272,252.2152980998378
1995.5758284577266,974.289794921875,-860.2533569335938,2.105987548828125,975.2295574610058,-860.2833153532546,-0.9402399357941402,1.5389284068048157,-0.00048035091932027707,2081.8113586938794,0.01170055771302081,11.95001220703125,-8.500014305114746,3.449997901916504,-12.900031089782715,21.249961853027344,15,straight,71.65954941180499,257.97437788249795
2005.2442787834773,974.6168060302734,-850.5904388427734,2.1090545654296875,975.6327680274709,-850.6257629432403,-1.0165759055885781,1.5360412114008415,-4.865173620662022e-05,20554.25104980994,0.05600465898058238,12.10001277923584,-8.650014877319336,3.449997901916504,-13.050031661987305,21.249961853027344,15,straight,73.23062894972564,263.6302642190123
2015.033108876524,974.9472198486328,-840.8071899414062,2.116943359375,976.0260921062942,-840.8425399586689,-1.0794512365419382,1.538042333300778,0.00023269030476159858,4297.557652969443,0.11107763984038455,12.100013732910156,-8.850015640258789,3.249998092651367,-13.200032234191895,21.199962615966797,15,straight,74.78765427584347,269.23555539303646
2024.9443011229987,975.2584075927734,-830.9008941650391,2.131011962890625,976.3832725226051,-830.9348350561244,-1.1253768677437965,1.5406321750291063,0.00024820064302180644,4028.9984257298715,0.18261932420552962,13.249014377593994,-9.000016212463379,4.248998165130615,-13.350032806396484,21.199962615966797,15,straight,76.33179116419375,274.7944481910975
2034.9745229957618,975.5474395751953,-820.8748626708984,2.1534576416015625,976.6987487343781,-820.906886139169,-1.1517544367348191,1.5429886668188928,0.0002451849979643872,4078.5529632822345,0.275686929777956,14.348014831542969,-9.100016593933105,5.247998237609863,-13.500033378601074,21.199962615966797,15,straight,77.8633025635724,280.3078892288607
2045.1195414969247,975.8138885498047,-810.7333984375,2.1867523193359375,976.970698424083,-810.7625737203986,-1.1571777228931102,1.545581207138549,0.0002993787630089506,3340.250290131978,0.3516479102038575,14.500019073486328,-9.200016975402832,5.300002098083496,-13.550033569335938,19.24999237060547,15,straight,79.38229148681587,285.77624935253715
2055.375664016472,976.0541839599609,-800.4801635742188,2.225250244140625,977.1955083068555,-800.5049230090863,-1.141592875954072,1.5491061280362548,0.0004028698683142401,2482.1910960588298,0.3633198599753931,14.500019073486328,-9.250017166137695,5.250001907348633,-13.650033950805664,19.449989318847656,15,straight,79.88772414680349,287.5958069284926
2065.739446231538,976.2503204345703,-790.1183013916016,2.2616424560546875,977.3564179084482,-790.1369908767406,-1.1062553586644814,1.5539011550204516,0.000367117386780455,2723.924379528295,0.3363417602759988,14.450018882751465,-9.250017166137695,5.2000017166137695,-13.75003433227539,19.749984741210938,15,straight,78.34566727576107,282.0444021927399
2076.2083845846355,976.4079742431641,-779.6506042480469,2.2952880859375,977.4613588594322,-779.6654182803198,-1.053488777986042,1.556733983808096,6.088942241469497e-05,16423.213759351762,0.30166296271940674,14.500019073486328,-9.250017166137695,5.250001907348633,-13.75003433227539,20.04998016357422,15,straight,76.75651696304965,276.3234610669787
2086.7799723198914,976.5612487792969,-769.0801696777344,2.3250732421875,977.5474419709856,-769.0956120518534,-0.986314087018733,1.5551390374062106,-0.0001314141694927634,7609.529504008828,0.25254742211524434,14.500019073486328,-9.250017166137695,5.250001907348633,-13.700034141540527,20.399974822998047,15,straight,75.11767724484073,270.42363808142665
2097.4507599415756,976.7324371337891,-758.4107818603516,2.348876953125,977.6403665410028,-758.426081931391,-0.9080583134673448,1.553946313042084,-0.00017170057130076744,5824.092444330326,0.18313499983451526,14.500019073486328,-9.250017166137695,5.250001907348633,-13.6000337600708,20.699970245361328,15,straight,73.42637408244487,264.3349466968015
2108.219394776944,976.9264373779297,-747.6439056396484,2.3642578125,977.7483092981793,-747.6598110366912,-0.8220258116079782,1.5514460954011702,-0.00023177349409125858,4314.557209920905,0.10067480961453851,14.500019073486328,-9.250017166137695,5.250001907348633,-13.800034523010254,20.699970245361328,15,straight,71.67911601248457,258.0448176449445
2119.084311821267,977.1487579345703,-736.7812652587891,2.370574951171875,977.8798864261123,-736.7972532143054,-0.7313032789931073,1.5489323069716032,-0.00018327211942514854,5456.36730309335,0.029473455474293697,13.948016166687012,-9.300017356872559,4.647998809814453,-14.65003776550293,19.84998321533203,15,straight,69.8719690966247,251.53908874784892
2130.0429931930826,977.3995819091797,-725.8254547119141,2.370635986328125,978.0381052333913,-725.8403610835685,-0.6386972956559567,1.5474554964415577,-5.907155439119349e-06,169286.21741991641,-0.012095118821875417,13.04901647567749,-9.400017738342285,3.648998737335205,-16.600032806396484,20.099979400634766,15,straight,68.00059463873569,244.8021406994485
2141.0939690462574,977.6478118896484,-714.7772674560547,2.367889404296875,978.1944420477362,-714.7892789347364,-0.5467621103836052,1.5488261777915877,-5.604265891812066e-05,17843.550240202167,-0.02277562162289748,12.100016593933105,-9.450017929077148,2.649998664855957,-18.949996948242188,20.3499755859375,15,straight,66.05979636461576,237.81526691261675
2152.235268234842,977.9053955078125,-703.6389465332031,2.3655853271484375,978.3631088524708,-703.650216434172,-0.45785206840861997,1.546179119404113,-0.0002312738427970168,4323.878515209672,-0.01587935828756687,12.749016523361206,-10.449017524719238,2.2999989986419678,-21.29996109008789,20.549972534179688,15,straight,64.0436253474026,230.55705125064935
2163.403787540084,978.1961517333984,-692.4742126464844,2.364349365234375,978.5701518240959,-692.4843615653076,-0.37413776659799985,1.5436668445954116,-6.307332969784918e-05,15854.561742506205,-0.008900393865061973,12.500023245811462,-10.950023651123047,1.5499995946884155,-23.749923706054688,20.799968719482422,15,straight,61.95671334985295,223.04416805947062
2174.4754715937574,978.4907379150391,-681.4064483642578,2.3636016845703125,978.7881893545242,-681.4141990800302,-0.2975524028583857,1.544745142343804,-2.082488842382324e-05,48019.4649617436,-0.003985742282816562,14.149022340774536,-11.949023246765137,2.1999990940093994,-26.149887084960938,20.799968719482422,15,straight,59.81607308872892,215.33786311942413
2185.38594056962,978.7823791503906,-670.4998779296875,2.36346435546875,979.0119646985446,-670.5062044787348,-0.22967270004073972,1.5432469080161049,-9.728664696273537e-05,10278.902924704966,-0.0183768729690878,15.298021793365479,-12.948022842407227,2.349998950958252,-28.549850463867188,19.649986267089844,15,straight,57.62886879150462,207.46392764941663
2195.742017203839,979.0743560791016,-660.1479187011719,2.3598785400390625,979.2458649758962,-660.1527502517878,-0.17157693773074797,1.5426329299462094,0.00015213333703988086,6573.181259659452,-0.05893649913283894,17.296021461486816,-13.947022438049316,3.3489990234375,-31.04981231689453,19.84998321533203,15,straight,55.47308401299134,199.70310244676884
2205.450565397922,979.3366241455078,-650.4429168701172,2.3519439697265625,979.46031190548,-650.4459802725639,-0.1237256901435249,1.5460341652161116,0.0005503325608404303,1817.0831078445883,-0.006338238853553779,18.30602216720581,-14.946022033691406,3.3600001335144043,-33.9997673034668,19.999980926513672,15,straight,53.37307365358402,192.1430651529025
2214.5095060815897,979.5295257568359,-641.3860321044922,2.3577423095703125,979.615439529147,-641.3875861262846,-0.08592782585667827,1.5527101422226397,0.001339660870967735,746.4575712192199,0.07063034230644638,17.619997024536133,-14.439996719360352,3.1800003051757812,-37.249717712402344,20.249977111816406,15,straight,51.336159690559604,184.81017488601458
2222.934673981519,979.6197204589844,-632.9613494873047,2.3642120361328125,979.6771359401289,-632.9614687179779,-0.05741560494335167,1.5687197004313518,0.0019006206089178246,526.1439317809882,0.05341970473952684,16.69099736213684,-13.440997123718262,3.250000238418579,-40.49966812133789,20.549972534179688,15,straight,49.36637660127284,177.71895576458223
2230.98156020971,979.5684356689453,-624.9146270751953,2.3667144775390625,979.6054491291106,-624.9141377052492,-0.03701669510308494,1.5840169614510262,0.0021429126907837326,466.6545698762312,0.06073945052728624,15.961997747421265,-12.441997528076172,3.5200002193450928,-43.84961700439453,20.949966430664062,15,straight,47.40868326986282,170.67125977150616
2238.7510697616412,979.4052124023438,-617.1468353271484,2.3736572265625,979.4286009279278,-617.146094021843,-0.023400270565875354,1.6024809755964475,0.003614084854273017,276.69521893424184,0.1298513482596908,15.38299822807312,-11.442997932434082,3.940000295639038,-47.19956588745117,21.499958038330078,15,straight,45.43850697911964,163.5786251248307
2246.3507977037234,979.028564453125,-609.5564575195312,2.38653564453125,979.0438749016981,-609.5554094068459,-0.01534628214625749,1.6391470334483296,0.005557026626878583,179.9523499065374,0.20758955630588438,14.82399845123291,-10.443998336791992,4.380000114440918,-49.9995231628418,21.499958038330078,16,left,43.424991903546996,156.32997085276918
2253.8653358208217,978.3501129150391,-602.0726318359375,2.40496826171875,978.3620248966279,-602.0712492362148,-0.01199195094069733,1.6863472725161002,0.007583729080706578,131.86125049536048,0.2986097602639515,14.493996143341064,-9.444998741149902,5.048997402191162,-49.9995231628418,21.399959564208984,16,left,41.33772655086587,148.81581558311711
2261.3039258460053,977.2515716552734,-594.7156524658203,2.4311065673828125,977.264382747916,-594.7133006594775,-0.013025171314461239,1.7523506552412746,0.008954970039715696,111.66983201115748,0.41010135369862477,13.545999526977539,-8.445999145507812,5.100000381469727,-49.9995231628418,22.24994659423828,16,left,39.16214336372866,140.98371610942317
2268.686206969403,975.6796722412109,-587.5027465820312,2.4656829833984375,975.6978994447918,-587.4981261380111,-0.01880370849915149,1.8190585449331398,0.009118582508488862,109.66616785767513,0.6927876849257886,12.495996475219727,-7.4469990730285645,5.048997402191162,-49.9995231628418,23.149932861328125,16,left,38.809214748011975,139.7131730928431
2276.075857459029,973.6187286376953,-580.4066314697266,2.533477783203125,973.6476025741713,-580.39718282497,-0.030380603933392338,1.8870509470424768,0.008752728288580647,114.25009060371063,0.9106660399780087,12.495996475219727,-6.447999000549316,6.04799747467041,-49.9995231628418,24.299915313720703,16,left,39.61200252892249,142.60320910412096
2283.490178787681,971.0970458984375,-573.4346313476562,2.600494384765625,971.1429841875923,-573.416399286475,-0.049424027207348765,1.9486115309252423,0.008232711923866931,121.46665755435504,0.7033936547825276,12.495996475219727,-5.448998928070068,7.046997547149658,-49.9995231628418,25.349899291992188,16,left,40.84388662764003,147.03799185950413
2290.9518801142945,968.1371917724609,-566.5851898193359,2.6379241943359375,968.207834049691,-566.5520433834353,-0.07803215712233104,2.009514281102491,0.008393981361805442,119.13297836831417,0.424753462545463,12.495996475219727,-4.44999885559082,8.045997619628906,-49.9995231628418,26.399883270263672,16,left,40.44962700582574,145.61865722097266
2298.4803337491503,964.7182769775391,-559.8778839111328,2.6640625,964.8219956667799,-559.820726429133,-0.11842526861442709,2.074469715214934,0.008549100084410649,116.97137594909057,0.3480326697319541,12.994994640350342,-3.9499974250793457,9.044997215270996,-49.9995231628418,26.799877166748047,16,left,40.08097899608753,144.29152438591512
2306.08610176826,960.8356628417969,-553.3378295898438,2.6905975341796875,960.9811150597211,-553.2449908323968,-0.17255544785192575,2.1388859951975476,0.008835165229031966,113.18407455630188,0.38297409419326967,13.543994665145874,-3.499997854232788,10.043996810913086,-49.9995231628418,29.099842071533203,16,left,39.42676857106412,141.93636685583084
2313.7801294545166,956.4698333740234,-547.0024871826172,2.72271728515625,956.6638415759097,-546.8583666336785,-0.24168143293501582,2.20971087776355,0.00948736615369214,105.4033315253503,0.4804907544771031,14.14299464225769,-3.0999982357025146,11.042996406555176,-49.9995231628418,32.249794006347656,16,left,38.04746187552017,136.97086275187263
2321.570601766028,951.5885162353516,-540.9310455322266,2.7651214599609375,951.8346448901478,-540.7173195552842,-0.32597255702249406,2.2858478888895815,0.009770653321616557,102.3473013608623,0.606399266407523,14.841994524002075,-2.7999985218048096,12.041996002197266,-49.9995231628418,36.449729919433594,16,left,37.49183693672641,134.97061297221506
2329.4653418309285,946.1845855712891,-535.1759033203125,2.817962646484375,946.4825029597185,-534.8739241817199,-0.42420062526331115,2.3629651379860332,0.009717710700933774,102.90489506997879,0.7229220010890214,14.438997983932495,-2.4999988079071045,11.93899917602539,-49.9995231628418,41.849647521972656,16,left,37.59382700512265,135.33777721844154
2337.4617423514587,940.2762298583984,-529.7879638671875,2.8801116943359375,940.6204991663061,-529.3803341390876,-0.5335572617798062,2.440263068090671,0.009578034943825808,104.40554934962101,0.8418949391630126,13.239998579025269,-2.2999989986419678,10.9399995803833,-49.9995231628418,47.549560546875,16,left,37.86694884417934,136.32101583904563
2345.5492935933157,933.8987579345703,-524.81494140625,2.9534912109375,934.2786311761184,-524.2879712225086,-0.6496162360937874,2.517001554165659,0.009406290421382635,106.31183550603252,0.9713181942497401,12.14099907875061,-2.1999990940093994,9.940999984741211,-49.9995231628418,47.549560546875,16,left,38.211081492675014,137.55989337363005
2353.7471414558854,927.0673675537109,-520.2839813232422,3.0384368896484375,927.4667743367186,-519.6298381205535,-0.7664392395594066,2.593430009854892,0.009267670754509155,107.90197736723148,1.1359776996046622,11.091999530792236,-2.1499991416931152,8.942000389099121,-49.9995231628418,44.349609375,16,left,38.495788823734436,138.58483976544397
2362.0612030487914,919.8081970214844,-516.2321319580078,3.14129638671875,920.2065384783891,-515.4509960509586,-0.8768404766949934,2.6700155456208527,0.008875157844724563,112.67405239382924,1.3216361359103508,10.142999410629272,-2.1999990940093994,7.943000316619873,-43.5996208190918,41.29965591430664,16,left,39.33783720004,141.616213920144
2370.4873693108816,912.1649017333984,-512.6872406005859,3.2598724365234375,912.5434416741742,-511.79107609117654,-0.9728326241895455,2.741926239827821,0.007934620918616853,126.02996542074476,1.356261256774921,9.293999195098877,-2.349998950958252,6.944000244140625,-49.9995231628418,38.09970474243164,16,left,41.60403279837795,149.77451807416062
2379.027929973696,904.1945343017578,-509.6209716796875,3.3712921142578125,904.5405751663098,-508.63360054466636,-1.046253333668674,2.8045019809564606,0.007115765252176026,140.53302274048409,1.1376092876512256,8.644998788833618,-2.699998617172241,5.945000171661377,-49.9995231628418,36.84972381591797,16,left,43.93268184754726,158.15765465117013
2387.67944503734,895.9479064941406,-507.0066223144531,3.455078125,896.2462645773936,-505.95871684345093,-1.0895519363475537,2.864213860320361,0.007226824534999787,138.37336096330577,0.8104213631814905,8.345998048782349,-3.3999979496002197,4.946000099182129,-49.9995231628418,33.44977569580078,16,left,43.59380391145101,156.93769408122364
2396.4364818660592,887.4505004882812,-504.8908386230469,3.5120391845703125,887.680406136632,-503.81857259657244,-1.0966362380821033,2.930379522608318,0.0076331796013373865,131.00700523603467,0.5505856605508341,8.345998048782349,-4.398997783660889,3.94700026512146,-49.9995231628418,30.799816131591797,16,left,42.417569589872784,152.70325052354204
2405.291099323072,878.7333374023438,-503.33721923828125,3.551849365234375,878.8848447789018,-502.28444138059007,-1.0636238539992797,2.9986619831543995,0.00659935496398617,151.52996095181638,0.3181478445648811,8.345998048782349,-5.397997856140137,2.948000192642212,-49.9995231628418,28.899845123291016,16,left,44.80762572732024,161.30745261835287
2414.2479603513766,869.8360900878906,-502.30567932128906,3.5684356689453125,869.9288492400839,-501.32070863100415,-0.989328823514181,3.047695057396712,0.00321748161946514,310.80208631191357,0.10226329040799176,8.345998048782349,-6.396997928619385,1.9490001201629639,-48.79954147338867,27.69986343383789,17,straight,47.10205578708865,169.56740083351914
2423.31269121858,860.8075256347656,-501.4967498779297,3.570098876953125,860.8822225780675,-500.6245789645897,-0.8753637731908337,3.056156293876921,0.0006387649881572366,1565.5209952644475,0.10848172799091116,8.345998167991638,-7.395998001098633,0.9500001668930054,-45.0995979309082,26.89987564086914,17,straight,49.315552140348636,177.53598770525508
2432.4359269156953,851.7169342041016,-500.7258758544922,3.5882720947265625,851.7766137623082,-500.0024939825516,-0.72583950176334,3.0592783044418748,-0.0007838488086200079,1275.7562287560702,0.2559430926397377,9.394997715950012,-8.394997596740723,1.0000001192092896,-41.249656677246094,26.149887084960938,17,straight,51.447265662621284,185.21015638543662
2441.7051428404834,842.4867553710938,-499.87657165527344,3.617340087890625,842.5414402056242,-499.3325586443491,-0.5467545950265026,3.0414079993483956,-0.002213276519112184,451.818826687382,-0.01792929578070257,10.393997311592102,-9.393997192382812,1.0000001192092896,-37.049720764160156,25.14990234375,17,straight,53.52621380121653,192.6943696843795
2451.1281083830413,833.1206665039062,-498.8433532714844,3.583892822265625,833.1632889719879,-498.5007558011252,-0.3452386152820626,3.0178188634074212,-0.0027075048660210044,369.3437498672411,-0.2505856809519369,11.392996907234192,-10.392996788024902,1.0000001192092896,-32.04979705810547,24.34991455078125,17,straight,55.55996638432681,200.01587898357653
2460.7049807858307,823.6332550048828,-497.5374755859375,3.5700531005859375,823.6527202260606,-497.4101390841911,-0.12881568038289415,2.9899024958967635,-0.003464222532761435,288.66505847788886,-0.07269572542078495,9.744999505579472,-9.644999504089355,0.10000000149011612,-27.949859619140625,23.199932098388672,17,straight,55.87997207977635,201.16789948719486
2470.4200862662224,814.0601043701172,-495.8827667236328,3.570068359375,814.0420535787057,-495.9762425866603,0.09520277327534146,2.9508342153700866,-0.004571272219740852,218.7574819284533,0.0001559883483076563,9.744999885559082,-8.645999908447266,1.0989999771118164,-24.149917602539062,22.049949645996094,17,straight,53.79441268576359,193.65988566874893
2480.2708738260844,804.4388580322266,-493.76861572265625,3.5700836181640625,804.3623572084514,-494.0794995076865,0.32015793576456153,2.900311213739395,-0.005159449503752883,193.81912726786442,0.011622933525809453,9.744999885559082,-7.646999835968018,2.0980000495910645,-20.799968719482422,21.099964141845703,17,straight,51.593719519887784,185.73739027159604
2490.2504287457273,794.8137969970703,-491.13238525390625,3.5724029541015625,794.6576865772809,-491.6497008366322,0.5403571738192092,2.8485126272348045,-0.0049165260091175444,203.3956493152952,0.06301556699921385,9.744999885559082,-6.6479997634887695,3.0970001220703125,-18.050010681152344,20.749969482421875,17,straight,52.85296441729891,190.27067190227606
2500.3551038106966,785.2106018066406,-487.98866271972656,3.5828399658203125,784.960084279781,-488.6969623977157,0.7512971882706575,2.8016355563636,-0.0038827456307648223,257.5497071135768,0.1509861260197115,9.744999885559082,-5.6489996910095215,4.0960001945495605,-15.900042533874512,20.799968719482422,18,straight,55.05760907836357,198.20739268210886
2510.58507208684,775.6266784667969,-484.4109191894531,3.6032257080078125,775.2815767374454,-485.29582814419047,0.9498205418791752,2.769749098636075,-0.0024382925456674087,410.12305999823343,0.2536062534295086,9.744999885559082,-4.649999618530273,5.095000267028809,-14.20003604888916,21.999950408935547,18,straight,57.20310035758042,205.9311612872895
2520.9432196335115,766.0128021240234,-480.5555877685547,3.63519287109375,765.581614691071,-481.6046195298593,1.1341914470502967,2.751610780608767,-0.0016784929875309773,595.7725217970532,0.3723659437242288,9.793998003005981,-3.699997663497925,6.094000339508057,-12.800030708312988,22.999935150146484,18,straight,59.296432576996196,213.46715727718632
2531.4218425864515,756.3536224365234,-476.4936065673828,3.68096923828125,755.8376425804977,-477.69124140464476,1.304056906445371,2.7347923258093223,-0.0020997971324687725,476.2364823425968,0.5095499539998133,9.942998886108398,-2.8499984741210938,7.093000411987305,-11.60002613067627,23.799922943115234,18,straight,61.341467337864316,220.82928241631154
2542.0181261634993,746.6786041259766,-472.1725616455078,3.7427520751953125,746.0640902671341,-473.4972334676948,1.4602680299197146,2.707240668304717,-0.0024289160361555817,411.7062858964739,0.6665533770821019,10.341999053955078,-2.2499990463256836,8.092000007629395,-10.55002212524414,24.399913787841797,18,straight,63.34235956846169,228.0324944464621
2552.7230354523845,737.02392578125,-467.5491638183594,3.8231353759765625,736.3137323558925,-468.98801362092485,1.6045757868557455,2.683090902820509,-0.0018915429888898133,528.668925778378,0.8440064593772778,11.040998816490173,-1.949999213218689,9.090999603271484,-9.850019454956055,24.699909210205078,18,straight,65.30153826670396,235.08553776013426
2563.5368971743915,727.3660125732422,-462.6856231689453,3.9245758056640625,726.5706222808291,-464.2323481304075,1.739253812321643,2.666616798539214,-0.001444310097019827,692.3720896664703,1.0415071131592402,11.88999855518341,-1.7999993562698364,10.089999198913574,-9.350017547607422,24.699909210205078,18,straight,67.22270792210571,242.00174851958056
2574.4518055095828,717.7033081054688,-457.6110076904297,4.049652099609375,716.824996526291,-459.2581931868209,1.8667220708073398,2.65172388406058,-0.0012421941370339001,805.0271452639366,1.2598479941863334,12.8889981508255,-1.7999993562698364,11.088998794555664,-9.000016212463379,24.49991226196289,18,straight,69.10769177323519,248.7876903836467
2585.4662617405447,708.0166625976562,-452.37037658691406,4.201080322265625,707.0591428877556,-454.114009845913,1.9892463237959421,2.6394007233140875,-0.0008538637399097826,1171.1470498860367,1.4983568636413758,13.68699848651886,-1.599000096321106,12.087998390197754,-8.800015449523926,24.34991455078125,18,straight,70.95912499267622,255.45284997363441
2596.5693292559545,698.3041687011719,-446.9932861328125,4.3812713623046875,697.2771012707223,-448.8350232034175,2.1087586262848914,2.632885677091501,-0.0004561173286826148,2192.418347463929,1.756179101186242,12.100025832653046,-0.6000000834465027,11.500025749206543,-8.750015258789062,24.04991912841797,18,straight,72.77779909635255,262.0000767468692
2607.757824842907,688.5450286865234,-441.5254821777344,4.5927886962890625,687.4534226401731,-443.4663530251006,2.2267876878105426,2.6292555653219876,-0.00021421823995282363,4668.1365705377175,2.0330041565661205,12.0000239610672,-1.0000001192092896,11.00002384185791,-7.95001220703125,23.69992446899414,18,straight,74.5656085699585,268.4361908518506
2619.031870823334,678.7251892089844,-435.992431640625,4.8381805419921875,677.5735060066424,-438.0345580334772,2.344494487717985,2.6280927238874137,4.001748324294896e-06,249890.7774706694,2.3285496434429094,11.800021290779114,-1.399999737739563,10.40002155303955,-7.95001220703125,23.299930572509766,18,straight,76.32474120474589,274.76906833708523
2630.3886252232737,668.8337097167969,-430.4197235107422,5.1200103759765625,667.6266570919843,-432.56640221693004,2.4627637943309235,2.6293639166835883,0.000169403094388218,5903.079891258174,2.643468051767575,11.699014782905579,-1.7999993562698364,9.899015426635742,-7.95001220703125,22.89993667602539,18,straight,78.05670724264262,281.0041460735134
2641.823819408772,658.8628997802734,-424.8301239013672,5.4409332275390625,657.6031094137766,-427.0842866186485,2.5823093005097904,2.6319627975632454,0.0002274532630236331,4396.507602074264,2.977831326464009,11.100014925003052,-2.1999990940093994,8.900015830993652,-7.900012016296387,22.549942016601562,18,straight,79.76264637953652,287.1455269663315
2653.333090204177,648.8137054443359,-419.2314147949219,5.8035125732421875,647.5008534038031,-421.5950416715214,2.7037589559934583,2.634582737294921,0.00023411385230609483,4271.426018365366,3.3326051370804413,11.100013256072998,-2.5499987602233887,8.55001449584961,-7.850011825561523,21.64995574951172,18,straight,80.0,288.0
2664.8610199394093,638.7342834472656,-413.651611328125,6.208740234375,637.3681111776478,-416.12738691891826,2.8277007349153087,2.6373563672116296,0.00024285462228262888,4117.689795651581,3.70615846544734,11.100011587142944,-2.899998426437378,8.200013160705566,-7.80001163482666,21.349960327148438,18,straight,80.0,288.0
2676.422298757232,628.6112365722656,-408.0852813720703,6.65936279296875,627.1910505645282,-410.6762712037981,2.954683841748587,2.640190208855492,0.0002955603706245452,3383.4035256043007,4.097349427469371,11.10001015663147,-3.199998140335083,7.900012016296387,-7.65001106262207,21.049964904785156,18,straight,80.0,288.0
2688.0485129341114,618.4162292480469,-402.51922607421875,7.1590728759765625,616.9442219371717,-405.2306005875139,3.085183507445909,2.644216241023487,0.0005643810893851825,1771.8524217198096,4.509337102284583,11.150008916854858,-3.499997854232788,7.65001106262207,-7.5000104904174805,20.799968719482422,18,straight,80.0,288.0
2699.7401533445977,608.1266174316406,-396.9953155517578,7.71112060546875,606.6164920192472,-399.83872998152003,3.2195472322263723,2.653378983192187,0.0006478025103022617,1543.680340993746,4.9210800719714065,11.100008010864258,-3.6499977111816406,7.450010299682617,-7.300009727478027,20.64997100830078,18,straight,80.0,288.0
2711.492610552019,597.7436828613281,-391.5224151611328,8.313018798828125,596.1864869577715,-394.4974687082156,3.3579462011866035,2.6593868135831915,0.0005427845089334415,1842.3517685959312,5.275261345099846,11.1000075340271,-3.749997615814209,7.350009918212891,-6.950008392333984,20.549972534179688,18,straight,80.0,288.0
2723.3035276330484,587.2782135009766,-386.08546447753906,8.954330444335938,585.6760638201472,-389.19762232655927,3.500344279781554,2.666172520028226,0.0006749297566934903,1481.6356666492861,5.532214961660703,11.050007343292236,-3.749997615814209,7.300009727478027,-5.850004196166992,19.949981689453125,18,straight,80.0,288.0
2735.1705220732792,576.7180786132812,-380.713134765625,9.623046875,575.0789471540342,-383.9704748213928,3.6465073947001447,2.6753790278711813,0.000595612540937665,1678.9438288618187,5.687336235850032,11.150007724761963,-3.749997615814209,7.400010108947754,-5.800004005432129,19.84998321533203,18,straight,80.0,288.0
2747.09216161298,566.0717926025391,-375.3920593261719,10.307327270507812,564.3822235964192,-378.7913699445255,3.796044797745776,2.6803215898311072,0.0003152552024105748,3172.0332998585795,5.751610450350691,11.1500084400177,-3.5999977588653564,7.550010681152344,-5.650003433227539,19.799983978271484,18,straight,80.0,288.0
2759.067100200071,555.3584899902344,-370.0865936279297,10.99749755859375,553.6102159193617,-373.6269060223578,3.9484521115275997,2.6829019361489808,8.716018136142867e-05,11473.128949253585,5.745762644115759,11.150009393692017,-3.3999979496002197,7.750011444091797,-5.400002479553223,19.84998321533203,18,straight,80.0,288.0
2771.093800374853,544.5927276611328,-364.77008056640625,11.686386108398438,542.7740966392214,-368.4482191126167,4.10318436814354,2.6824002643498295,-0.00016520082688971371,6053.238466340058,5.6700234168625405,11.100010395050049,-3.149998188018799,7.95001220703125,-5.2000017166137695,19.84998321533203,18,straight,80.0,288.0
2783.1707269046847,533.7921447753906,-359.4090881347656,12.364120483398438,531.8908241606875,-363.22089732963104,4.259684192279467,2.678907566514202,-0.000381869971037202,2618.6924237166045,5.512752814598176,11.150011539459229,-2.949998378753662,8.200013160705566,-5.000000953674316,19.84998321533203,18,straight,80.0,288.0
2795.29676696952,522.9724426269531,-353.97364807128906,13.020538330078125,520.9780093285993,-357.9151393813023,4.41736549636688,2.6731487574015573,-0.0005521329741097342,1811.1579037865145,5.2719485770833625,11.100012302398682,-2.7499985694885254,8.350013732910156,-4.850000381469727,18.60000228881836,18,straight,80.0,288.0
2807.4709736645755,512.1436004638672,-348.4457702636719,13.64508056640625,510.0465212760773,-352.51243179690726,4.5755302584244255,2.6654831453335897,-0.0005384954754294041,1857.0258166098527,4.944358494208878,11.100013017654419,-2.599998712539673,8.500014305114746,-4.800000190734863,17.80001449584961,18,straight,80.0,288.0
2819.692231932065,501.31329345703125,-342.813232421875,14.2265625,499.12100291499223,-347.0081147267046,4.733199274495684,2.6600205053531116,-0.00030159806679566636,3315.6711202578867,4.525926970206006,11.100013256072998,-2.5499987602233887,8.55001449584961,-4.800000190734863,16.85002899169922,18,straight,80.0,288.0
2831.9603716951133,490.4545135498047,-337.1284484863281,14.75323486328125,488.1818617618501,-341.4569429835332,4.888845544873339,2.658110847682361,-0.00021871319285050872,4572.197895183688,4.016206215337547,11.100013256072998,-2.5499987602233887,8.55001449584961,-4.800000190734863,15.900042533874512,18,straight,80.0,288.0
2844.276126941196,479.5682373046875,-331.3878173828125,15.213638305664062,477.2098177481964,-335.8420092928796,5.040036545120189,2.6546376669063387,-0.00021334388242261193,4687.268219948789,3.421675376700617,11.100013256072998,-2.5499987602233887,8.55001449584961,-4.249998092651367,14.250036239624023,18,straight,80.0,288.0
2856.6409264667095,468.65309143066406,-325.5912170410156,15.597412109375,466.23509014653166,-330.13828607841725,5.150006508827209,2.652852151195292,0.00018498723924406657,5405.778280093311,2.8904531297133884,11.100013017654419,-2.599998712539673,8.500014305114746,-4.499999046325684,13.200032234191895,18,straight,80.0,288.0
2869.0571676873524,457.6774139404297,-319.7957763671875,15.929702758789062,455.30017619036926,-324.3360881866214,5.1250064134597775,2.659255802511477,0.00044004245089708516,2272.5080227177327,2.537024318503789,11.050012826919556,-2.599998712539673,8.450014114379883,-4.699999809265137,12.200028419494629,18,straight,80.0,288.0
2881.5220090582,446.6228942871094,-314.04420471191406,16.228515625,444.25478785970455,-318.6174572732151,5.150006508827209,2.663793510758087,0.00023461990802244037,4262.212906094714,2.2905055875921287,11.100013017654419,-2.599998712539673,8.500014305114746,-4.850000381469727,11.250024795532227,18,straight,80.0,288.0
2894.036015641402,435.50999450683594,-308.29710388183594,16.501739501953125,433.1478813074849,-312.8734551282034,5.150006747245788,2.6651035864323918,0.00015992229759458076,6253.036724966904,2.0921881986893265,11.100013494491577,-2.4999988079071045,8.600014686584473,-4.950000762939453,10.40002155303955,18,straight,80.0,288.0
2906.5973110581913,424.3424530029297,-302.5517578125,16.7530517578125,421.99272853382115,-307.13448264295454,5.150006985664367,2.6678088443972805,-1.2123915326706092e-05,82481.60540986613,1.357546833513823,11.100013971328735,-2.399998903274536,8.7000150680542,-5.000000953674316,10.600022315979004,18,straight,80.0,288.0
2919.2002289844363,413.13279724121094,-296.79249572753906,16.842819213867188,410.7806747971607,-301.34586995504145,5.125007009506225,2.664779528982596,-0.00037045159904611213,2699.407972795724,0.07228080519015023,11.050014019012451,-2.349998950958252,8.7000150680542,-5.100001335144043,10.800023078918457,18,straight,80.0,288.0
2931.866151432852,401.9016418457031,-290.9374542236328,16.7705078125,399.509047660662,-295.4979437826713,5.150006985664367,2.6584315291635714,-0.00026090301235191793,3832.841909280657,-0.8131167027050523,11.100013971328735,-2.399998903274536,8.7000150680542,-5.250001907348633,10.800023078918457,18,straight,80.0,288.0
2944.5897203500463,390.63714599609375,-285.0228729248047,16.636093139648438,388.24341903861296,-289.5827677426384,5.150006747245788,2.6581831003303242,6.0159732411746436e-05,16622.41436108426,-1.0012030433322439,11.100013494491577,-2.4999988079071045,8.600014686584473,-5.400002479553223,10.40002155303955,18,straight,80.0,288.0
2957.366235594817,379.3198699951172,-279.0946350097656,16.5152587890625,376.955869532033,-283.6175673818039,5.103470920020424,2.659974062997211,0.00016887224195971662,5921.636311541026,-0.9993385603351834,11.100013256072998,-2.5499987602233887,8.55001449584961,-5.400002479553223,10.55002212524414,18,straight,80.0,288.0
2970.1905145822498,367.94757080078125,-273.1688690185547,16.380203247070312,365.7223937914116,-277.452614878636,4.8272032603559,2.662509110238123,0.00021586561645371705,4632.511728492001,-1.3012762658179633,11.100013017654419,-2.599998712539673,8.500014305114746,-5.000000953674316,10.650022506713867,18,straight,80.0,288.0
2983.036685850003,356.5399169921875,-267.26548767089844,16.181106567382812,354.4824868858179,-271.25558564302366,4.489309576065554,2.6655162276871964,0.00019445127104496251,5142.67659257816,-1.9926181475688032,11.100013017654419,-2.599998712539673,8.500014305114746,-5.100001335144043,10.650022506713867,18,straight,80.0,288.0
2995.8769329356787,345.12303161621094,-261.3978729248047,15.868423461914062,343.25153096074575,-265.0451702326227,4.099425856753989,2.667504336441891,-2.8180498475458005e-05,35485.532694564856,-2.774625372288153,11.150013208389282,-2.599998712539673,8.55001449584961,-5.150001525878906,10.600022315979004,18,straight,80.0,288.0
3008.773331440943,333.6615905761719,-255.49948120117188,15.466629028320312,331.9772833868785,-258.75998682743653,3.6698484501146185,2.6647703581805313,-0.0002539803380738753,3937.3126580732787,-3.2103295777251573,11.350013494491577,-2.699998617172241,8.650014877319336,-5.250001907348633,11.00002384185791,18,straight,80.0,288.0
3021.724916136383,322.1713562011719,-249.5383758544922,15.03851318359375,320.6850598819326,-252.38870494052784,3.2145688120314277,2.6609348130470987,-0.00038367420835250243,2606.377958773933,-3.304876064129403,11.750013828277588,-2.949998378753662,8.800015449523926,-5.350002288818359,11.350025177001953,18,straight,80.0,288.0
3034.729040366038,310.6650695800781,-243.49453735351562,14.60882568359375,309.37931987238153,-245.923817080583,2.7485545843556545,2.654802605947903,-0.0005591647778590281,1788.3815998369475,-3.20714031102608,12.15001392364502,-3.249998092651367,8.900015830993652,-5.5500030517578125,11.350025177001953,18,straight,80.0,288.0
3047.7843443926604,299.15496826171875,-237.3468780517578,14.202850341796875,298.06794169399393,-239.35938438766595,2.2873146943544773,2.6463543136598817,-0.0008104156725256967,1233.934675625726,-2.909316246987781,12.250013828277588,-3.3499979972839355,8.900015830993652,-5.850004196166992,11.250024795532227,18,straight,78.78650117304032,283.63140422294515
3060.887849717238,287.67137145996094,-231.0458526611328,13.847976684570312,286.7731226870984,-232.65925237283813,1.846594023514605,2.633587325273034,-0.0012136814855707445,823.9394041095891,-2.4064622221224297,12.650014638900757,-3.499997854232788,9.150016784667969,-6.300005912780762,11.500025749206543,18,straight,76.80367073081615,276.49321463093816
3074.0319559786926,276.2435607910156,-224.5576934814453,13.571456909179688,275.51820866692333,-225.80390265754696,1.4419337760539273,2.6144786066069443,-0.001831957610060983,545.8641589238036,-1.7020768821458643,13.15001654624939,-3.499997854232788,9.650018692016602,-6.900008201599121,12.000027656555176,18,straight,74.76188199816764,269.1427751934035
3087.2019021050173,264.9600830078125,-217.7678985595703,13.400299072265625,264.3856799727696,-218.69180450724173,1.0879067270722813,2.585361533736548,-0.0019262492218030808,519.1436230997888,-0.8268885123546732,13.500018119812012,-3.449997901916504,10.050020217895508,-7.1500091552734375,12.400029182434082,18,straight,72.65855619477828,261.5708023012018
3100.3040685433975,253.91165161132812,-210.72540283203125,13.35357666015625,253.47638798092953,-211.3930153569214,0.7969698308831998,2.5638334861436993,-0.0016971388332033127,589.2269862875754,0.06413297301808285,13.80001974105835,-3.3499979972839355,10.450021743774414,-8.500014305114746,12.900031089782715,18,straight,70.50381820642433,253.8137455431276
3113.275258152268,243.12545776367188,-203.5208282470703,13.415924072265625,242.79880651488514,-203.99781476978333,0.578115197156919,2.5411255160213844,-0.0015919752363067613,628.1504744507896,0.818794051753402,14.55002212524414,-3.449997901916504,11.100024223327637,-10.100020408630371,13.90003490447998,18,straight,68.30369458186928,245.8933004947294
3125.85615564948,232.81614685058594,-196.31137084960938,13.560195922851562,232.5635192685314,-196.6663162337413,0.43566836117771846,2.523033203170906,-0.0011081226649913012,902.4271694757277,1.4014029948718476,15.30002474784851,-3.499997854232788,11.800026893615723,-11.60002613067627,15.050039291381836,18,straight,66.09984903809479,237.95945653714125
3137.753145737565,223.15798950195312,-189.36729431152344,13.755569458007812,222.9414179795418,-189.66555994376483,0.368599527530797,2.513561963094925,-0.0007800219119925011,1282.0152672962522,1.813764278038199,16.09002923965454,-3.7400002479553223,12.350028991699219,-12.800030708312988,16.000041961669922,18,straight,63.94597179045021,230.20549844562075
3148.9456246471823,214.13095092773438,-182.7540283203125,13.976638793945312,213.9106563340819,-183.05202187836167,0.37058044825828396,2.5050009224827354,-0.0009513043362912449,1051.1883125631489,2.0765664076393797,17.520031929016113,-4.420000076293945,13.100031852722168,-13.500033378601074,16.950027465820312,18,straight,61.851205200683204,222.66433872245955
3159.5249825270066,205.6599884033203,-176.42056274414062,14.206466674804688,205.399790848762,-176.76388938567285,0.43078527154944646,2.493072645713995,-0.001490465530222862,670.9313162381386,2.217903678306965,18.160035610198975,-4.160000324249268,14.000035285949707,-13.800034523010254,17.850013732910156,18,straight,59.80377231291047,215.2935803264777
3169.537550422452,197.736328125,-170.3037109375,14.432846069335938,197.40527618796034,-170.72425829759064,0.5352153464699274,2.474709790328755,-0.0017860828068382573,559.8844556206275,2.27684623324218,18.880038738250732,-4.03000020980835,14.850038528442383,-13.800034523010254,19.099994659423828,18,straight,57.79926716078732,208.07736177883436
3179.1021339610147,190.27392578125,-164.32493591308594,14.652069091796875,189.85195260756464,-164.8430034711378,0.6681731467336168,2.4580642772513417,-0.001630032582909835,613.4846692541942,2.2468005096928367,19.11004090309143,-3.7100002765655518,15.400040626525879,-13.700034141540527,20.149978637695312,18,straight,55.81726193116382,200.94214295218976
3188.377487126183,183.12745666503906,-158.41575622558594,14.856399536132812,182.60476122699276,-159.03928327288506,0.813631673220729,2.443937242711343,-0.0009820217265374687,1018.3074090691673,2.111281620164096,19.110042095184326,-3.3600001335144043,15.750041961669922,-13.350032806396484,20.99996566772461,18,straight,53.825531252105876,193.77191250758116
3197.495725680843,176.15748596191406,-152.5397186279297,15.040695190429688,175.5401361338054,-153.27004978246032,0.956297237026158,2.439832796544786,-0.0003526122594436354,2835.9762691683973,1.8996456981264065,19.15004014968872,-3.149998188018799,16.000041961669922,-13.100031852722168,21.79995346069336,18,straight,51.79293393929826,186.45456218147373
3206.476379901808,169.3013916015625,-146.74139404296875,15.200546264648438,168.60074324929525,-147.56640507490195,1.0823822413298814,2.4375287182555474,-0.0011416388462040516,875.9337537654743,1.6233633838176775,18.238994359970093,-2.899998426437378,15.338995933532715,-12.850030899047852,22.59994125366211,18,straight,49.70983286093524,178.95539829936686
3215.309637214509,162.6164093017578,-140.968994140625,15.330337524414062,161.83656992283835,-141.854847815903,1.1802059951199544,2.4197545176846935,-0.0025313116767939625,395.05210249989915,1.2804588748002388,17.08999490737915,-2.7499985694885254,14.339996337890625,-12.650030136108398,23.149932861328125,18,straight,47.572021955051234,171.25927903818445
3223.8423548972064,156.28201293945312,-135.2528839111328,15.424026489257812,155.4383753586814,-136.16262401112635,1.2407060156324707,2.3938767474179707,-0.0030142795653466115,331.7542312585761,0.8820255336340677,16.140995264053345,-2.7999985218048096,13.340996742248535,-12.650030136108398,23.599925994873047,18,straight,45.411484976495245,163.4813459153829
3231.95907193537,150.40274047851562,-129.6571502685547,15.47894287109375,149.52523707564754,-130.55841762601656,1.257893108205703,2.3695534577740722,-0.002960085456853695,337.8280845522988,0.44105163122272195,15.44199538230896,-3.0999982357025146,12.341997146606445,-11.500025749206543,23.799922943115234,18,straight,43.25624789350007,155.72249241660023
3239.6885443340875,144.9201202392578,-124.20872497558594,15.495697021484375,144.04297087227465,-125.06979278205134,1.2291577520115464,2.34694299851839,-0.0041949284181090896,238.3830903247596,0.12075176553165701,14.842995405197144,-3.499997854232788,11.342997550964355,-11.950027465820312,23.799922943115234,19,right,41.098908545951986,147.95607076542714
3247.1802644515496,139.77684020996094,-118.761474609375,15.497772216796875,138.92018977054587,-119.53663279318745,1.1553009068123465,2.306296108263863,-0.006540247540909344,152.89941148939477,0.036055997321771116,14.443995475769043,-4.099997520446777,10.343997955322266,-12.600029945373535,23.69992446899414,19,right,38.89389701769413,140.01802926369888
3254.5835201932805,134.9586181640625,-113.14071655273438,15.501052856445312,134.14907711270217,-113.79392423299109,1.0402100688726046,2.249722222482672,-0.009366732006981432,106.7608210904995,0.05628995741793208,14.443995952606201,-5.098997592926025,9.344998359680176,-13.700034141540527,23.24993133544922,19,right,36.584600203359955,131.70456073209584
3261.90649521603,130.59046936035156,-107.26319885253906,15.50604248046875,129.85466296874372,-107.76425978393104,0.8902095836926974,2.168634913894939,-0.01177852010307645,84.90030931295081,0.07208096603030789,14.44399642944336,-6.097997665405273,8.345998764038086,-15.550041198730469,22.199947357177734,19,right,34.14704742879048,122.92937074364573
3269.136684458911,126.79533386230469,-101.109130859375,15.51153564453125,126.17205075406116,-101.45584208147199,0.7132254233758708,2.078437579487945,-0.012447051720583191,80.34031049668896,-0.05648421669883774,14.44399642944336,-7.0969977378845215,7.346998691558838,-18.45000457763672,20.04998016357422,19,right,33.21737232776738,119.58254037996257
3276.270025471196,123.60427856445312,-94.72935485839844,15.498184204101562,123.13114121626194,-94.94010588376011,0.5179526473958704,1.9898459134372186,-0.013065741968983524,76.53602852206005,-0.10414222152219654,14.44399642944336,-8.09599781036377,6.34799861907959,-24.072755813598633,18.89999771118164,19,right,32.42137899167728,116.71696437003821
3283.321013496831,121.05262756347656,-88.15626525878906,15.496627807617188,120.7555620701472,-88.2555075485233,0.3132043093552608,1.8932146415774243,-0.013051079892819395,76.62201198769708,-0.010979275203282235,14.443995952606201,-9.09499740600586,5.348998546600342,-31.122743606567383,17.30002212524414,19,right,32.43958558056856,116.78250809004682
3290.298974704228,119.13690185546875,-81.44642639160156,15.496627807617188,119.03238716898422,-81.47154492622667,0.10749074598622121,1.80665801526714,-0.013238885934121994,75.5350567242666,0.0030002126206518653,14.443995475769043,-10.09399700164795,4.349998474121094,-38.09970474243164,15.600041389465332,19,right,32.208670712264386,115.9512145641518
3297.2020058797134,117.85652160644531,-74.66317749023438,15.497039794921875,117.94687073115828,-74.65055828326345,-0.09122614055726588,1.7095701684476188,-0.013699810608063412,72.99370981168322,0.005314788799526404,15.042994022369385,-11.092996597290039,3.9499974250793457,-42.06631088256836,14.550037384033203,19,right,31.662211081250426,113.98395989250153
3304.071600447315,117.22016906738281,-67.8231201171875,15.497360229492188,117.49555814891646,-67.81012451303145,-0.27569554213901,1.6179513205302354,-0.013140923759770023,76.09815095811048,-0.001323912365247537,13.945000410079956,-10.645002365112305,3.2999980449676514,-46.03291702270508,14.150035858154297,19,right,32.3285014384937,116.38260517857734
3310.950291633947,117.20639038085938,-60.94444274902344,15.496856689453125,117.64559245460178,-60.96285071014005,-0.4395876643083886,1.528908560669859,-0.012111501026426774,82.56614913527588,-0.024720557652657682,12.896000862121582,-9.646002769470215,3.249998092651367,-49.9995231628418,13.90003490447998,19,right,33.67437441473678,121.22774789305242
3317.883168026278,117.77799987792969,-54.03517150878906,15.493927001953125,118.35164111952535,-54.104360093205386,-0.5777986970156265,1.4507631579979496,-0.010204117468454788,97.9996558341689,-0.24461336851619997,12.547000646591187,-8.647003173828125,3.8999974727630615,-49.9995231628418,14.50003719329834,19,right,36.01653972836531,129.65954302211512
3324.9147361419687,118.85476684570312,-47.08660888671875,15.462295532226562,119.52996418741841,-47.21238551971542,-0.6868123554999324,1.3866259543664399,-0.007449289633761208,134.24098795512825,-0.45034789029883004,12.547000885009766,-7.648003578186035,4.8989973068237305,-42.969024658203125,15.700041770935059,19,right,38.24581511382311,137.6849344097632
3332.0761424908987,120.319091796875,-40.07658386230469,15.430007934570312,121.06475599432642,-40.24750116329647,-0.7650018425724048,1.3454737767980307,-0.004566333025464012,218.9941019245709,-0.26508624630778854,12.547000885009766,-6.649003505706787,5.8979973793029785,-35.80868911743164,16.700031280517578,19,right,40.389980500118476,145.4039298004265
3339.393031543897,122.05049133300781,-32.967498779296875,15.42449951171875,122.83798730696132,-33.16850582621099,-0.8127445735913055,1.320884173886153,-0.0020537145677192725,486.92258199762284,0.07089748601063484,12.547000885009766,-5.650003433227539,6.896997451782227,-28.492801666259766,17.45001983642578,19,right,42.46904002522004,152.88854409079215
3346.880809791968,123.93324279785156,-25.720306396484375,15.441009521484375,124.73854317912453,-25.93046459101343,-0.8322710921365146,1.3155211191235288,0.00048335075945152295,2068.890925370096,0.46969347220793267,12.645997524261475,-4.75,7.895997524261475,-23.69992446899414,18.200008392333984,19,right,44.49619772223611,160.18631180005
3354.561569425181,125.83236694335938,-18.278244018554688,15.496719360351562,126.63549707953773,-18.476581643855894,-0.8272580185455954,1.3286848623866987,0.003070515216471767,325.67824273773465,0.754028020526154,12.794995069503784,-3.8999974727630615,8.894997596740723,-22.399944305419922,18.999996185302734,19,right,46.4838403807247,167.34182537060892
3362.42824750576,127.59402465820312,-10.611602783203125,15.558349609375,128.37914899418374,-10.7765066091519,-0.8022552553654805,1.3637703231784475,0.005754116086097175,173.78863843504183,0.7349521636703216,12.943995475769043,-3.0499982833862305,9.893997192382812,-21.049964904785156,20.04998016357422,20,left,46.40607403488521,167.06186652558677
3370.4743734274393,129.02728271484375,-2.6943511962890625,15.613494873046875,129.78081518740774,-2.8082962985748305,-0.7620988607413963,1.420718730360157,0.006992566500392483,143.00900820090467,0.6486448985240645,13.942995071411133,-3.0499982833862305,10.892996788024902,-20.64997100830078,21.64995574951172,20,left,44.31800670868699,159.54482415127316
3378.6193902615905,130.0117950439453,5.3907928466796875,15.663299560546875,130.72007873922533,5.324142214472104,-0.7114127492343483,1.4769710158320937,0.006994547347017044,142.9685082375586,0.3809168220480941,12.342997074127197,-2.349998950958252,9.992998123168945,-21.349960327148438,23.899921417236328,20,left,42.92687666753406,154.53675600312263
3386.8314250982744,130.544921875,13.585494995117188,15.675491333007812,131.19878615178112,13.562171217947775,-0.6542801319251244,1.5351407738358485,0.008326802606433092,120.09411622504699,0.32764677966677924,10.993997693061829,-1.9999991655349731,8.993998527526855,-22.349945068359375,25.999889373779297,20,left,40.61246843316465,146.20488635939276
3395.110745477311,130.53334045410156,21.864700317382812,15.717575073242188,131.12686782069883,21.890631954235204,-0.5940935824343839,1.614459276585373,0.0079054575672525,126.49489185071229,1.0606802765579126,10.993997573852539,-2.9989991188049316,7.994998455047607,-22.799938201904297,25.999889373779297,20,left,41.68070110587971,150.05052398116698
3403.4517005938133,129.92953491210938,30.18267822265625,15.852462768554688,130.46063623198205,30.233568219060945,-0.5335338824335046,1.6663244291598927,0.005676411198030085,176.16764626689402,2.1087335721809097,10.993997573852539,-3.9979991912841797,6.995998382568359,-22.799938201904297,24.799907684326172,20,left,43.97340437060352,158.30425573417267
3411.8562125452872,128.9609375,38.5283203125,16.071319580078125,129.43100121951937,38.59391455107985,-0.47461827244983995,1.709444311007508,0.006025916200885148,165.94986831265754,2.9043848254640126,10.993997573852539,-4.996999263763428,5.996998310089111,-22.799938201904297,23.099933624267578,20,left,46.168562045250184,166.20682336290068
3420.3309403789035,127.54049682617188,46.87873840332031,16.343124389648438,127.9511351071548,46.96085396863773,-0.41876815050336985,1.7681635748391782,0.00588387944652928,169.9558954406976,3.3897809273849555,10.993997573852539,-5.995999336242676,4.997998237609863,-22.699939727783203,21.199962615966797,20,left,48.2811051389752,173.81197850031072
3428.9154539403257,125.67282104492188,55.25199890136719,16.649993896484375,126.02928528364143,55.33877523966478,-0.36687448313319665,1.8095879212169366,0.0047623902474901725,209.9785922682439,3.6486916127704605,10.993997812271118,-6.994999408721924,3.9989984035491943,-22.699939727783203,19.69998550415039,20,left,50.330695412748895,181.19050348589602
3437.6435222422374,123.44395446777344,63.684417724609375,16.975021362304688,123.75090056190244,63.772614360619926,-0.3193658580760118,1.8505945825026011,0.005063182086588472,197.5042538266269,3.6554330900423593,10.993997812271118,-7.993999481201172,2.9999983310699463,-23.099933624267578,18.45000457763672,20,left,52.08189149843632,187.49480939437075
3446.5128630989516,120.78956604003906,72.14126586914062,17.293060302734375,121.05112716428471,72.23027133420935,-0.2762900550666659,1.8987907518138476,0.0038634201452802663,258.83801460776834,3.4867323285582397,11.242998123168945,-8.992999076843262,2.2499990463256836,-23.69992446899414,17.550018310546875,21,straight,54.0494512755252,194.57802459189074
3455.523773241331,117.78962707519531,80.63265991210938,17.598175048828125,118.01278161881466,80.71372060077785,-0.23742111444723726,1.9192252581672038,0.002464052117342741,405.8355718053603,3.286377250872463,11.841997981071472,-9.991998672485352,1.8499993085861206,-24.099918365478516,17.00002670288086,21,straight,55.97763885318455,201.51949987146438
3464.6094997655123,114.59080505371094,89.13172912597656,17.88763427734375,114.77930922989621,89.20541061855639,-0.20239265497561884,1.9434113026300963,0.0020975871178873784,476.73824437249954,2.975736009697061,12.590997815132141,-10.990998268127441,1.5999995470046997,-24.299915313720703,16.65003204345703,21,straight,57.85680942519106,208.2845139306878
3473.7940908090104,111.17465209960938,97.65359497070312,18.141433715820312,111.33288350038879,97.71801618806576,-0.17084282085911764,1.957436636430297,0.0011342650904921509,881.6281206063619,2.610354746126742,13.539997458457947,-11.989997863769531,1.5499995946884155,-24.34991455078125,16.50003433227539,21,straight,57.86462696052984,208.31265705790742
3483.0909641253793,107.64102172851562,106.24971008300781,18.369720458984375,107.77266476098336,106.30436029808685,-0.14253607966225787,1.964285437650707,0.0004026533123690085,2483.5260738735906,2.1522956541634497,14.538997054100037,-12.988997459411621,1.5499995946884155,-24.34991455078125,16.50003433227539,21,straight,55.941303773872555,201.3886935859412
3492.3611920722983,104.075927734375,114.80528259277344,18.541213989257812,104.18438942983313,114.85039136687409,-0.11746804196255302,1.9649305161642552,-4.19662801232068e-05,23828.654745289496,1.6144873444210894,14.650030970573425,-13.000031471252441,1.6499994993209839,-24.249916076660156,16.750030517578125,21,straight,53.95527055940343,194.23897401385236
3501.5553495561157,100.55667114257812,123.29829406738281,18.668182373046875,100.64529717966296,123.33500750173926,-0.09592940483297357,1.9635274581198812,0.00028363997359982795,3525.596153844116,1.090839440358815,14.390995621681213,-12.690996170043945,1.699999451637268,-24.19991683959961,17.30002212524414,21,straight,51.91053821084336,186.8779375590361
3510.593607067425,97.07827758789062,131.6400909423828,18.740997314453125,97.15063126859697,131.67061088946454,-0.07852720727001136,1.9699670904791862,0.0012612062344175279,792.8917354756317,0.4719579059084156,13.441995978355408,-11.691996574401855,1.7499994039535522,-24.099918365478516,18.050010681152344,21,straight,49.81874388714713,179.34747799372965
3519.3172451714922,93.63153076171875,139.6539306640625,18.754074096679688,93.69208989830564,139.6805973889973,-0.06617041062966403,1.9855896050492416,0.0022972620140704336,435.30080324975074,-0.21886884332418255,12.59299623966217,-10.692996978759766,1.8999992609024048,-23.949920654296875,19.149993896484375,21,straight,47.71286940617808,171.7663298622411
3527.7424297283164,90.15594482421875,147.32867431640625,18.70562744140625,90.21029010089107,147.3541441852426,-0.06001769168446246,2.009065304958493,0.004258921639746685,234.80122072860647,-1.0590656870715698,11.94399642944336,-9.693997383117676,2.2499990463256836,-23.899921417236328,20.549972534179688,22,left,45.58678933380958,164.1124416017145
3535.8774452942916,86.55136108398438,154.62045288085938,18.581451416015625,86.6056764650609,154.64904020677463,-0.06137911554000214,2.055278339423704,0.006950550895583496,143.87348787495648,-2.161393578825055,11.54499626159668,-8.694997787475586,2.8499984741210938,-24.64990997314453,22.499942779541016,22,left,43.43529158736953,156.3670497145303
3543.7838777759725,82.65397644042969,161.4960479736328,18.361770629882812,82.71501332954806,161.5334023140208,-0.07156010466083883,2.1199898543023377,0.008076564424402022,123.81502176577249,-3.5660095297237016,11.54499626159668,-7.695997714996338,3.848998546600342,-25.64989471435547,25.14990234375,22,left,41.23682224579289,148.45256008485438
3551.6076715654085,78.36509704589844,168.03070068359375,18.021804809570312,78.44013185201327,168.08331677892704,-0.09164428851167986,2.1823422988059886,0.007171233506339136,139.44602405095756,-5.718796859864783,11.54499626159668,-6.69699764251709,4.84799861907959,-26.7498779296875,28.399852752685547,22,left,40.80581486960315,146.90093353057134
3559.374959736906,73.77680969238281,174.2737579345703,17.471694946289062,73.87329163869539,174.34880681097528,-0.12223379162045368,2.231887041332732,0.007534157942296171,132.72883415226516,-8.316121429564927,11.856998920440674,-6.010000228881836,5.846998691558838,-28.149856567382812,31.39980697631836,22,left,38.49988953831671,138.59960233794015
3567.098174563256,68.86904907226562,180.19142150878906,16.73468017578125,68.99085881708487,180.30002653415417,-0.16319517599330807,2.298948628974475,0.010561315992201725,94.68516998623855,-10.097372853819886,12.115999221801758,-5.270000457763672,6.845998764038086,-28.64984893798828,34.09976577758789,22,left,36.0611442496075,129.820119298587
3574.7742056293046,63.51304626464844,185.62893676757812,15.91729736328125,63.65813340033892,185.78553961370918,-0.21348238418945217,2.3943466437927747,0.011048611790013568,90.50910820342725,-11.369085768342002,12.564999103546143,-4.720000267028809,7.844998836517334,-28.64984893798828,36.49972915649414,22,left,35.25694388437361,126.924997983745
3582.401165431945,57.767120361328125,190.55897521972656,14.995574951171875,57.936202067630795,190.77089529219202,-0.27110651139356545,2.468160382068534,0.009166680720964854,109.09074183340198,-12.963418963276553,12.673999786376953,-4.830000400543213,7.84399938583374,-31.349807739257812,36.49972915649414,22,left,37.717651486528695,135.7835453515033
3590.000771984065,51.73258972167969,195.05702209472656,13.943893432617188,51.9228819096799,195.3306610712797,-0.3333007745309861,2.533951638524545,0.008478948211790072,117.93915648753331,-14.747247263565077,12.084999561309814,-5.240000247955322,6.844999313354492,-33.59977340698242,36.49972915649414,22,left,40.01932496085299,144.06956985907078
3597.584192927848,45.450653076171875,199.1357879638672,12.756790161132812,45.656287721835305,199.47521798603938,-0.396860614635594,2.596902249742851,0.007958894139724226,125.64559629067384,-16.4655709104915,11.705999851226807,-5.8600006103515625,5.845999240875244,-35.449745178222656,34.749755859375,22,left,41.540541877256665,149.545950758124
3605.160146596536,38.95066833496094,202.80078125,11.44793701171875,39.165270606539956,203.20605796450923,-0.45858843235549485,2.654608604219185,0.004328249899253622,231.0402641428914,-17.817588329864233,11.216999530792236,-6.37000036239624,4.846999168395996,-36.899723052978516,33.049781799316406,22,left,43.63467511775126,157.08483042390452
3612.766547241158,32.31532287597656,206.24737548828125,10.05133056640625,32.553100191310754,206.7050210183786,-0.515730048480415,2.6624146033172917,0.0005671043707193013,1763.3438422130735,-18.292805321485282,10.794996976852417,-6.94699764251709,3.847999334335327,-38.649696350097656,31.449806213378906,22,left,45.640661360334015,164.30638089720244
3620.449785818007,25.607009887695312,209.72158813476562,8.651138305664062,25.86769744412566,210.22430369626107,-0.5662869748169319,2.663208510871827,-0.0014014090967719994,713.567510231949,-17.065831260662556,10.794996976852417,-7.945997714996338,2.848999261856079,-40.449668884277344,30.199825286865234,22,left,44.64403538761353,160.7185273954087
3628.2227252114913,18.821578979492188,213.30630493164062,7.4156951904296875,19.114203122040397,213.84053952925902,-0.6091268292355574,2.640482646460526,-0.004963524757443771,201.46973146458177,-13.401886901435562,10.794997096061707,-8.944997787475586,1.8499993085861206,-42.59963607788086,28.899845123291016,23,right,42.54507974619741,153.16228708631067
3636.0269913676225,12.10845947265625,217.19436645507812,6.5650634765625,12.44820010578242,217.74131574878672,-0.6438767177692358,2.585762606707464,-0.007921333331475211,126.24137353575642,-7.993423048169951,11.143997311592102,-9.943997383117676,1.1999999284744263,-42.59963607788086,28.099857330322266,23,right,40.32790805670861,145.180469004151
3643.807994379484,5.64691162109375,221.51121520996094,6.168548583984375,6.039046824195408,222.05527263209714,-0.6706478182273294,2.5170687998519132,-0.009324113419260899,107.24880265123026,-2.704376774027989,12.396005988121033,-10.64600658416748,1.7499994039535522,-36.899723052978516,28.04985809326172,23,right,37.98873824331458,136.75945767593248
3651.5201567749377,-0.4420166015625,226.2442626953125,6.142791748046875,0.0024062970408461615,226.77166234529147,-0.6896826107717526,2.44137052374841,-0.010886443078906072,91.85736725502498,0.948569118918352,11.447006344795227,-9.64700698852539,1.7999993562698364,-31.449806213378906,28.04985809326172,23,right,35.518573759098395,127.86686553275422
3659.2016162900063,-6.075439453125,231.46347045898438,6.31378173828125,-5.576456182102131,231.9558690293792,-0.7010282853690943,2.3495526459234175,-0.011283743859044959,88.62306806073127,3.1074408433787113,11.447006702423096,-8.6480073928833,2.798999309539795,-27.099872589111328,27.899860382080078,23,right,34.887665682101506,125.59559645556543
3666.8531442243034,-11.212890625,237.12557983398438,6.6187286376953125,-10.673071380944855,237.57798018875852,-0.7043230063344836,2.268317024214753,-0.0100923572259711,99.08487953900965,4.587505509286066,11.447006702423096,-7.649007320404053,3.797999382019043,-23.949920654296875,27.799861907958984,23,right,36.88945290443812,132.80203045597725
3674.4872421577716,-15.88720703125,243.1483154296875,7.014801025390625,-15.320334247872829,243.55684871185912,-0.6987447281916986,2.1952663839861035,-0.008650649586314285,115.59825537056139,5.689351899013756,11.447006702423096,-6.650007247924805,4.796999454498291,-21.749954223632812,28.04985809326172,23,right,39.25008200417336,141.30029521502408
3682.120520793498,-20.142410278320312,249.46788024902344,7.487335205078125,-19.565613809610042,249.83389388609237,-0.6831252804845276,2.1362427946974596,-0.006041027336003535,165.53475830843598,6.677420483510266,12.046005249023438,-6.250005722045898,5.795999526977539,-20.249977111816406,28.449851989746094,23,right,41.47634084069953,149.31482702651832
3689.808377474395,-24.136917114257812,256.01336669921875,8.03839111328125,-23.57144752676842,256.3462820240697,-0.6561924015835765,2.1028962707446928,-0.004384296931564752,228.08674129721885,7.260941408561123,12.095001697540283,-5.300002098083496,6.794999599456787,-19.24999237060547,29.249839782714844,23,right,43.60378134094468,156.97361282740084
3697.594199612467,-27.962814331054688,262.7701110839844,8.611053466796875,-27.420752900238874,263.06455081806644,-0.6168673696868694,2.0683923761751166,-0.005039126158014023,198.44710543903335,7.259102665270733,12.343998908996582,-4.549999237060547,7.793999671936035,-18.500003814697266,29.849830627441406,23,right,45.657410610411134,164.3666781974801
3705.5116801249455,-31.575210571289062,269.79261779785156,9.178054809570312,-31.06756458910922,270.0395990605246,-0.5645389156957246,2.0236040315776043,-0.005605949771967836,178.38190506101765,7.0502063917655455,12.942996978759766,-4.149997711181641,8.792999267578125,-18.050010681152344,30.149826049804688,23,right,47.65509736464167,171.55835051271
3713.578217004019,-34.9298095703125,277.10716247558594,9.737625122070312,-34.471545904871874,277.30525259023074,-0.4992447101202574,1.9788021074755153,-0.0053704152744076805,186.20533960668303,6.809920361311406,13.891996383666992,-4.099997520446777,9.791998863220215,-18.000011444091797,30.149826049804688,23,right,49.60772973150836,178.5878270334301
3721.80306211068,-38.01991271972656,284.7096252441406,10.287078857421875,-37.62603078014741,284.8603054874036,-0.421719715019844,1.9361712562281235,-0.004887859635855488,204.58852636937007,6.534479844839424,15.190997123718262,-4.399998664855957,10.790998458862305,-18.400005340576172,29.9498291015625,23,right,51.52254460239332,185.48116056861593
3730.1820247144315,-40.849822998046875,292.57806396484375,10.8221435546875,-40.53416466592,292.6851068852617,-0.3333142202977778,1.8977369068275027,-0.0038068511028547525,262.6842954929604,6.212878646589992,15.443999290466309,-5.100001335144043,10.343997955322266,-20.04998016357422,29.349838256835938,24,straight,53.40268624187676,192.24967047075634
3738.7122307649533,-43.470062255859375,300.6795196533203,11.33709716796875,-43.24485643277963,300.7494906548514,-0.23582536717726935,1.8720386852584638,-0.0020894899753214485,478.5856892403417,5.834781545616319,15.395003318786621,-6.050004959106445,9.344998359680176,-21.049964904785156,28.49985122680664,24,straight,55.251082062723626,198.90389542580505
3747.389758510379,-45.99365234375,308.9676055908203,11.825576782226562,-45.86788237777448,309.0053095399211,-0.13129993190887926,1.8620558608077098,-0.0009089450738240384,1100.1764889850635,5.3948288739682155,15.39500379562378,-7.049005031585693,8.345998764038086,-22.199947357177734,27.39986801147461,24,straight,57.070007730331746,205.4520278291943
3756.210274329378,-48.49281311035156,317.4144287109375,12.280410766601562,-48.471837189243324,317.4205834202625,-0.021860231316581595,1.856203550543714,-0.00010749886222231886,9302.424038050707,4.876112018893874,15.39500379562378,-8.048005104064941,7.346998691558838,-23.449928283691406,26.24988555908203,24,straight,58.86132861890425,211.90078302805532
3765.1681850066643,-51.03031921386719,325.9955749511719,12.691696166992188,-51.11697076368103,325.9697639765525,0.09041403373339979,1.8602986703138948,0.0003801169280607808,2630.769445343144,4.265067292474267,15.048013687133789,-8.7000150680542,6.34799861907959,-24.64990997314453,24.99990463256836,24,straight,58.58659675895765,210.91174833224753
3774.2540350992613,-53.633056640625,334.6933135986328,13.049148559570312,-53.827971335361276,334.63467145473953,0.20354517745339956,1.863042437252179,0.0009358700571319017,1068.524409323056,3.576178879975689,15.04801321029663,-9.699014663696289,5.348998546600342,-25.849891662597656,23.749923706054688,24,straight,56.73157908269964,204.2336846977187
3783.377924676468,-56.3118896484375,343.41014099121094,13.342636108398438,-56.61285230210785,343.31486386654683,0.315683780686559,1.8773889468898128,0.001763033273235723,567.2042695851588,2.821642610037478,15.048012733459473,-10.698014259338379,4.349998474121094,-26.949874877929688,22.549942016601562,24,straight,54.80564942604776,197.30033793377194
3792.557730931411,-59.16685485839844,352.1318664550781,13.565170288085938,-59.56979234809024,351.9963050480717,0.4251299985518499,1.8953338452152189,0.0018278968959467568,547.0768084444124,1.9890119779189641,15.147011756896973,-11.697013854980469,3.449997901916504,-27.84986114501953,21.499958038330078,24,straight,52.79706289694982,190.06942642901936
3801.6612619900493,-62.135162353515625,360.73670959472656,13.706954956054688,-62.63516756193644,360.5598213345503,0.5303721948180641,1.91082828462945,0.0020493003236612406,487.9714253952877,1.2931421121351483,16.600027561187744,-12.650030136108398,3.9499974250793457,-28.64984893798828,20.64997100830078,24,straight,50.72668247874968,182.61605692349886
3810.617902953394,-65.2098388671875,369.1485595703125,13.799484252929688,-65.79926609002972,368.9257231882028,0.6301432410327273,1.9322433621306592,0.0024613482791897567,406.2813899417708,0.8364780954993489,17.250030040740967,-13.300032615661621,3.9499974250793457,-29.249839782714844,20.07000160217285,24,straight,48.60371550055508,174.97337580199832
3819.209516052274,-68.34185791015625,377.1487579345703,13.855148315429688,-69.01288562116667,376.8782681774122,0.7234935367170451,1.9539703179094614,0.0019799422617274437,505.0652331283278,0.46675332840854233,17.25003218650818,-13.75003433227539,3.499997854232788,-29.64983367919922,19.199993133544922,24,straight,46.476232868627285,167.31443832705824
3827.3192799795197,-71.42422485351562,384.6498718261719,13.879135131835938,-72.17169495539687,384.3382172944111,0.8098395522406943,1.9658252781965897,0.0013399899182543196,746.2742714532931,0.12968955594141462,17.300033569335938,-14.05003547668457,3.249998092651367,-29.9498291015625,19.199993133544922,24,straight,44.374586643210534,159.74851191555794
3834.908430252094,-74.37568664550781,391.64158630371094,13.877182006835938,-75.19297556628133,391.2918599185375,0.8889711606714885,1.9751294789452576,0.0014371963620698758,695.7991450519553,-0.1695249983900693,17.300034523010254,-14.250036239624023,3.0499982833862305,-30.09982681274414,18.999996185302734,24,straight,42.31341378024593,152.32828960888534
3841.9814513430983,-77.19651794433594,398.1277313232422,13.855712890625,-78.07559888319652,397.7394827515497,0.9609996100359552,1.9866870887954784,0.0013607479994019456,734.8899285095434,-0.4314371909408088,17.300034999847412,-14.35003662109375,2.949998378753662,-30.199825286865234,18.89999771118164,24,straight,40.297615030814214,145.0714141109312
3848.530481750908,-79.86624145507812,404.1077880859375,13.8197021484375,-80.80197201473739,403.68638162498706,1.0262431902872604,1.993941455818341,0.0014935008312922937,669.5677558710977,-0.6637928479760191,17.236996173858643,-14.28699779510498,2.949998378753662,-30.199825286865234,18.849998474121094,24,straight,38.3367631034524,138.01234717242863
3854.443644083862,-82.31900024414062,409.4880676269531,13.774368286132812,-83.30345434213338,409.03175808478386,1.0850660207238365,2.0048325670830986,0.003993835962074255,250.38584696418928,-0.8579342222423181,16.287996530532837,-13.28799819946289,2.9999983310699463,-30.199825286865234,18.89999771118164,24,straight,36.47585381157184,131.3130737216586
3859.804660085863,-84.64631652832031,414.3173065185547,13.72393798828125,-85.66274279799016,413.80621967055725,1.137687183662935,2.036703194241416,0.002620472845538735,381.6105180034457,-1.0226673032762035,15.388996839523315,-12.2889986038208,3.0999982357025146,-28.749847412109375,19.04999542236328,24,straight,34.702566915605175,124.92924089617863
3864.919198770522,-86.94155883789062,418.88755798339844,13.667633056640625,-88.0008487413675,418.3586534664877,1.183991168724101,2.0338845861188966,0.001456364290372325,686.6413895278538,-1.1859678570667276,14.589997053146362,-11.289999008178711,3.2999980449676514,-30.24982452392578,19.24999237060547,24,straight,32.921899272982984,118.51883738273874
3869.844941503883,-89.16836547851562,423.28077697753906,13.605178833007812,-90.25361503629647,422.7160805990306,1.223375904031178,2.0505814906181503,0.00724014355296676,138.11880837504037,-1.3402939315374507,13.79099726676941,-10.290999412536621,3.499997854232788,-31.449806213378906,19.499988555908203,25,left,31.110766059777237,111.99875781519806
3874.605709175082,-91.46647644042969,427.44960021972656,13.538040161132812,-92.54776641910061,426.8131881146507,1.2546746133804036,2.1027671404753296,0.013755062972658716,72.70050322471988,-1.48245476153257,13.241997241973877,-9.291999816894531,3.9499974250793457,-32.19979476928711,22.420331954956055,25,left,29.253927100057442,105.31413756020679
3879.302127320282,-93.99974060058594,431.4035339355469,13.465072631835938,-95.0461203723826,430.6729587765751,1.2761859933927484,2.180308591261644,0.018429462465137686,54.26094233033991,-1.6508122181904783,12.742999076843262,-8.293000221252441,4.44999885559082,-32.599788665771484,27.115182876586914,25,left,27.298713925108054,98.27537013038899
3883.9481632509624,-96.83447265625,435.0836639404297,13.3839111328125,-97.81464777013,434.25142494035913,1.2858324179721436,2.274751247663,0.021520846190847764,46.466574368496396,-1.8312778373178018,12.494001865386963,-7.294000148773193,5.2000017166137695,-32.99978256225586,31.759510040283203,25,left,25.262065085359303,90.9434343072935
3888.545468566768,-99.98831176757812,438.42742919921875,13.295883178710938,-100.87341774848007,437.50078531115554,1.2814372761525614,2.379117429003796,0.024206676465681642,41.31091690417406,-1.8585160070380358,11.895003318786621,-6.295000076293945,5.600003242492676,-33.249778747558594,36.35497283935547,25,left,23.81940664168456,85.74986391006442
3893.1017035854406,-103.45913696289062,441.3780059814453,13.2137451171875,-104.21768418256174,440.37057489305505,1.261075446722331,2.496204961309192,0.025212033169083214,39.66360004738813,-1.7380179199105505,11.895003318786621,-5.296000003814697,6.599003314971924,-33.49977493286133,40.90946578979492,25,left,23.339663302002208,84.02278788720795
3897.6471697228685,-107.24250793457031,443.89625549316406,13.137680053710938,-107.86414281266039,442.84253656750377,1.2234187737454263,2.608600281348227,0.025921204119555397,38.578454742601366,-1.6528663964505919,11.895003318786621,-4.296999931335449,7.598003387451172,-33.699771881103516,45.45329666137695,25,left,23.018177543734588,82.86543915744451
3902.195000243306,-111.29273986816406,445.9633483886719,13.063446044921875,-111.75796171093606,444.89200679145677,1.167991515772077,2.7319198091161963,0.029082560460381213,34.3848679129297,-1.1257373701891504,11.895002841949463,-3.297999858856201,8.597002983093262,-33.74977111816406,49.9995231628418,25,left,21.731124589311445,78.23204852152121
3906.7368453615572,-115.58213806152344,447.4562072753906,13.035293579101562,-115.87286830564759,446.40023997151286,1.095258426905435,2.8729277983173533,0.029435181296773916,33.97295195561101,-0.2918725512932374,11.895002365112305,-2.298999786376953,9.596002578735352,-33.74977111816406,49.9995231628418,25,left,21.600567635096112,77.762043486346
3911.264158923658,-120.01028442382812,448.3985900878906,13.036880493164062,-120.15340335796932,447.402285571698,1.00653152871413,2.998918891513096,0.02711847203634532,36.87523392393782,0.5676114333606819,11.895002007484436,-1.2999998331069946,10.595002174377441,-33.74977111816406,49.9995231628418,25,left,22.504320978677896,81.01555552324042
3915.802464264618,-124.53422546386719,448.7559051513672,13.086868286132812,-124.55486011211197,447.85241160913563,0.9037291461285769,3.1187578897845856,0.02426670564374067,41.20872501941519,1.6228510593012668,12.744001746177673,-1.149999976158142,11.594001770019531,-33.59977340698242,49.9995231628418,25,left,23.7899270578253,85.64373740817108
3920.3662464793983,-129.0951385498047,448.6271514892578,13.184860229492188,-129.0335795084883,447.8404921663588,0.7890642596593347,-3.063498052948932,0.02069687889543831,48.316463803651324,2.621498349275586,13.741995930671692,-1.7999993562698364,11.941996574401855,-33.1497802734375,49.9995231628418,25,left,25.760013856350064,92.73604988286023
3925.000241055588,-133.68948364257812,448.0395965576172,13.328659057617188,-133.57876790722634,447.38412165652466,0.6647595956560195,-2.9742628571074334,0.01818784425443487,54.981777169999845,3.2026797724842515,13.74199628829956,-2.798999309539795,10.942996978759766,-32.2997932434082,49.74952697753906,25,left,27.479441909412532,98.92599087388511
3929.738384551748,-138.3223114013672,447.05857849121094,13.4852294921875,-138.1913419989801,446.54206054478755,0.5328637474430489,-2.893264196368485,0.016666920136075514,59.99908752400523,3.018299825920878,13.741996765136719,-3.797999382019043,9.943997383117676,-30.999813079833984,45.01497268676758,25,left,28.705878632340937,103.34116307642738
3934.6024432314284,-142.9830780029297,445.6733856201172,13.617752075195312,-142.85603919826357,445.29915422685275,0.39520626715126805,-2.8143329615096984,0.017940579653932642,55.73955910509259,2.9291948810978186,13.741997241973877,-4.796999454498291,8.944997787475586,-29.199840545654297,40.15372085571289,25,left,27.668160487270228,99.60537775417282
3939.6111941971535,-147.6363525390625,443.82679748535156,13.7750244140625,-147.53161605676942,443.59596559228817,0.253481939353406,-2.715637139518108,0.01724959392896619,57.97237918283752,3.337725999751373,13.741997241973877,-5.795999526977539,7.945997714996338,-27.299869537353516,35.148441314697266,25,left,28.21688600283686,101.58078961021269
3944.775655697549,-152.24551391601562,441.50433349609375,13.957931518554688,-152.19286849831414,441.4084156246291,0.10941562078279328,-2.639625626516453,0.012809218232177122,78.06877686633298,3.760795568399544,13.741997241973877,-6.794999599456787,6.94699764251709,-25.599895477294922,29.98822021484375,25,left,30.29496224230038,109.06186407228137
3950.1195075532696,-156.849609375,438.7999572753906,14.1710205078125,-156.86823059768747,438.82966769531794,-0.03506364194767488,-2.581730657068282,0.010818963820624639,92.430293379266,4.200670301636755,13.741997241973877,-7.793999671936035,5.947997570037842,-25.29990005493164,24.64961814880371,25,left,32.3048043695282,116.29729573030151
3955.6767567985753,-161.46273803710938,435.71099853515625,14.416778564453125,-161.56598130583717,435.85564623390303,-0.17771361593964524,-2.5216935274010384,0.011374093149412845,87.91909709756703,4.601811060369254,13.741996765136719,-8.792999267578125,4.948997497558594,-24.799907684326172,21.14996337890625,25,left,34.2701074055067,123.37238665982412
3961.4798092517754,-166.05929565429688,432.1797332763672,14.6947021484375,-166.26028091248335,432.4235693330873,-0.31599224130520714,-2.4522307611334995,0.01126323904620502,88.78440703404364,4.924572961724016,13.74199628829956,-9.791998863220215,3.9499974250793457,-23.949920654296875,19.949981689453125,25,left,34.91940787306616,125.7098683430382
3967.535995029953,-170.5938720703125,428.1771240234375,15.001495361328125,-170.89972703607916,428.5033983221498,-0.44721603066561344,-2.3884857261102925,0.008189529725677602,122.10713355915684,5.12098395728402,13.990996599197388,-10.790998458862305,3.199998140335083,-22.799938201904297,19.349990844726562,25,left,36.90463228602841,132.8566762297023
3973.8437343588394,-175.1053924560547,423.78086853027344,15.328140258789062,-175.50923704765998,424.18148019193455,-0.5688410653492897,-2.352175735254821,0.004823473851502391,207.3194611988049,5.156371380369551,14.589996576309204,-11.789998054504395,2.7999985218048096,-22.849937438964844,19.149993896484375,25,left,38.864653593287954,139.91275293583664
3980.3917216134587,-179.6533203125,419.0819854736328,15.664276123046875,-180.14714244172478,419.54772174486425,-0.6788008320948602,-2.3269332783211816,0.0034473269236260373,290.079827691004,5.0299912928787105,15.338996410369873,-12.788997650146484,2.5499987602233887,-22.849937438964844,19.199993133544922,26,straight,40.79984204441272,146.87943135988579
3987.1710561227715,-184.24478149414062,414.1053924560547,15.998016357421875,-184.8199741336626,414.62600149536024,-0.7758094768478617,-2.3064240579862854,0.0021315680848270624,469.13819320067915,4.7533570667879,16.28799605369568,-13.787997245788574,2.4999988079071045,-22.89993667602539,19.349990844726562,26,straight,42.711119893258335,153.76003161573
3994.1613549505296,-188.9054718017578,408.90541076660156,16.318069458007812,-189.54760053657037,409.4767975142293,-0.8595418125004683,-2.297965306763514,0.0011259748241581602,888.1193242909798,4.352729177526049,17.28699564933777,-14.786996841430664,2.4999988079071045,-22.89993667602539,19.649986267089844,26,straight,44.59618098152604,160.54625153349375
4001.26396915533,-193.60096740722656,403.5843505859375,16.610931396484375,-194.3007683430314,404.19784934235236,-0.9306460518778915,-2.2905748348444774,0.0005948651157628992,1681.0533573102966,3.8425644271421255,17.300036907196045,-14.750038146972656,2.5499987602233887,-22.849937438964844,19.949981689453125,26,straight,46.433213403498634,167.15956825259508
4008.548584277649,-198.39210510253906,398.1031494140625,16.869873046875,-199.13762446186462,398.75540622338707,-0.99057461124312,-2.289571146615908,-0.0001933482052829394,5172.015941583905,3.2101900251206628,17.250036239624023,-14.600037574768066,2.649998664855957,-22.74993896484375,20.3499755859375,26,straight,48.244712512509814,173.68096504503532
4016.0433129589014,-203.334228515625,392.4728240966797,17.083908081054688,-204.11517221018278,393.16161136633457,-1.0412977273134678,-2.2935735510828215,-0.00028627419370086393,3493.1545420574253,2.4455553470469793,17.250035762786865,-14.50003719329834,2.7499985694885254,-22.649940490722656,20.699970245361328,26,straight,50.040065722240335,180.1442366000652
4023.749035117883,-208.4340362548828,386.6982421875,17.239852905273438,-209.24755850226748,387.416115176036,-1.0849700800756834,-2.2938166223642735,0.00044163806560248986,2264.2975728004417,1.547965414517094,17.200035572052002,-14.450037002563477,2.7499985694885254,-22.549942016601562,21.049964904785156,26,straight,51.821151087149694,186.5561439137389
4031.662583313909,-213.64300537109375,380.7414093017578,17.323684692382812,-214.49095920553097,381.47866551877394,-1.1236424853420581,-2.286476155269442,0.00046343244269653194,2157.811814342111,0.5949013205916565,16.199036598205566,-14.300036430358887,1.8990001678466797,-22.44994354248047,21.499958038330078,26,straight,53.588695437792055,192.9193035760514
4039.7815350551705,-218.96994018554688,374.6143341064453,17.333297729492188,-219.84453618636647,375.3749136162311,-1.1590510581314373,-2.2865797923884013,8.14893957276075e-05,12271.535346055016,0.016095374489588643,15.100036203861237,-14.20003604888916,0.9000001549720764,-22.299945831298828,21.499958038330078,26,straight,55.34348090354175,199.23653125275032
4048.1023930795855,-224.42576599121094,368.33177185058594,17.325912475585938,-225.32676503542973,369.1129705371795,-1.192506044269225,-2.2850979508001408,0.00019554678978064843,5113.865592586482,-0.14080362336130747,15.150035738945007,-14.100035667419434,1.0500000715255737,-22.149948120117188,21.099964141845703,26,straight,57.08596289673598,205.50946642824954
4056.6114547430675,-229.9947967529297,361.8982849121094,17.309402465820312,-230.9216943786381,362.6989948636114,-1.2248573937313068,-2.283282109531823,0.000205814829103812,4858.736391125661,-0.24748759280140975,15.200034976005554,-13.950035095214844,1.2499998807907104,-21.999950408935547,19.54998779296875,26,straight,58.81449232674323,211.73217237627563
4065.3040702601556,-235.67227172851562,355.3159484863281,17.28314208984375,-236.6245262622022,356.1357045250199,-1.2564985713872652,-2.2815604054869194,0.00019236444814110798,5198.4657750607585,-0.35463574474557946,15.150034070014954,-13.75003433227539,1.399999737739563,-21.79995346069336,17.30002212524414,26,straight,60.5293602096277,217.90569675465971
4074.1703087958304,-241.451171875,348.5918731689453,17.2469482421875,-242.4282104775714,349.4301551612546,-1.287369849555583,-2.279906409571348,0.0002023426436537079,4942.11196385975,-0.4605452585040748,15.100032925605774,-13.500033378601074,1.5999995470046997,-21.599956512451172,15.000039100646973,26,straight,62.22981735045336,224.0273424616321
4083.2034560245297,-247.32688903808594,341.7310028076172,17.200531005859375,-248.3280570425253,342.5865635684224,-1.3169364405857378,-2.2779332749370926,0.00026887901179845075,3719.1448797408957,-0.5651413013830986,15.000031590461731,-13.200032234191895,1.7999993562698364,-21.399959564208984,13.400032997131348,26,straight,63.91577728404219,230.0967982225519
4092.39582419987,-253.2908477783203,334.7361755371094,17.143783569335938,-254.31526220393823,335.60639742863697,-1.344139522485643,-2.274989745200884,0.0006687618707349463,1495.300560274219,-0.6689952940205579,15.100031018257141,-13.100031852722168,1.9999991655349731,-21.349960327148438,13.550033569335938,26,straight,65.5869781446248,236.11312132064927
4101.741197087392,-259.31056213378906,327.588134765625,17.07635498046875,-260.3610771221406,328.46337488334257,-1.3673430456229465,-2.2654283941150752,0.0011603738060340374,861.7912562313277,-0.7724842748353278,15.500031232833862,-13.200032234191895,2.2999989986419678,-21.79995346069336,13.850034713745117,26,straight,67.24343210609723,242.07635558195003
4111.232515028946,-265.34059143066406,320.25889587402344,16.998123168945312,-266.4149991355609,321.13181446760024,-1.384318889329248,-2.253091763980564,0.0012326096725663593,811.286834962074,-0.8763848202535396,16.15003228187561,-13.550033569335938,2.599998712539673,-22.59994125366211,14.250036239624023,26,straight,68.88499655965198,247.98598761474713
4120.862780833597,-271.3726348876953,312.75233459472656,16.90863037109375,-272.46302949364923,313.61812522545745,-1.3923195800371235,-2.2418777481588767,0.0012341794765952374,810.2549256115697,-0.9818347808505656,17.050033807754517,-14.05003547668457,2.9999983310699463,-23.649925231933594,14.80003833770752,26,straight,70.51154323320374,253.84155563953345
4130.561404292061,-277.35687255859375,305.1206817626953,16.808273315429688,-278.45493443289706,305.9701349438948,-1.3882761205352807,-2.2292268793781833,0.0013306300314013253,751.5236965957178,-1.088197596078877,17.293004274368286,-13.893006324768066,3.3999979496002197,-24.799907684326172,15.500041007995605,26,straight,71.34074491491968,256.82668169371084
4140.378241600064,-283.31202697753906,297.3172302246094,16.696136474609375,-284.4059997961238,298.1404587074263,-1.3691171106677675,-2.215903650302145,0.0015484985766349713,645.7868383535045,-1.19434338417983,16.69400429725647,-12.894006729125977,3.799997568130493,-25.899890899658203,16.300037384033203,26,straight,69.70203919137522,250.9273410889508
4150.336291598441,-289.23675537109375,289.3144226074219,16.571945190429688,-290.3149484327631,290.0968473599299,-1.332174452378209,-2.1985510730826645,0.002307120780469185,433.4406800309068,-1.2955684336333428,16.09500503540039,-11.895007133483887,4.199997901916504,-26.949874877929688,17.050025939941406,26,straight,67.99942601429974,244.79793365147907
4160.434499991428,-295.05303955078125,281.06056213378906,16.4361572265625,-296.10677869446664,281.7794171865408,-1.2755856575712738,-2.169472072407426,0.0030850337532532246,324.1455620851738,-1.385399347576255,15.596007347106934,-10.896007537841797,4.699999809265137,-27.999858856201172,17.500019073486328,26,straight,66.2281640985897,238.42139075492292
4170.667847910844,-300.67652893066406,272.5120849609375,16.2901611328125,-301.6888605318542,273.15380421539123,-1.1985903688519737,-2.135771645016955,0.003313201164095253,301.8229049406583,-1.4645199635792472,15.247010231018066,-9.897007942199707,5.350002288818359,-29.099842071533203,17.850013732910156,26,straight,64.38350546883107,231.78061968779187
4181.033227613562,-306.0732879638672,263.663818359375,16.134384155273438,-307.0235556233521,264.22113605597946,-1.1016404311804129,-2.101219027537983,0.003354669583673253,298.0919506549533,-1.5228619379897501,14.948013305664062,-8.898008346557617,6.050004959106445,-30.299823760986328,18.150009155273438,26,straight,63.98433285027772,230.34359826099978
4191.527686580733,-311.22178649902344,254.52049255371094,15.972442626953125,-312.0896971484839,254.98900589760126,-0.9862928818815039,-2.0657882701569923,0.0034214651821333486,292.2724466763333,-1.5755423942298563,14.6490159034729,-7.899008274078369,6.750007629394531,-31.649803161621094,18.550003051757812,26,straight,63.356686960831226,228.08407305899243
4202.147641086821,-316.0934753417969,245.0854034423828,15.8016357421875,-316.86022131841816,245.4635398707702,-0.8549190319196815,-2.02896535263392,0.0033478249484333034,298.70140028318224,-1.6055031487656968,14.250018119812012,-6.900008201599121,7.350009918212891,-31.649803161621094,18.650001525878906,26,straight,64.04970750510282,230.57894701837014
4212.890388584532,-320.674560546875,235.3699188232422,15.629470825195312,-321.3221312481599,235.6618311260422,-0.7103242961412894,-1.994299202573786,0.0031109054507776623,321.44982090343524,-1.587316425960783,14.250018119812012,-6.500006675720215,7.750011444091797,-32.5931282043457,18.650001525878906,26,straight,65.99463825626546,237.58069772255567
4223.754124072118,-324.9768524169922,225.39585876464844,15.458709716796875,-325.4902979573791,225.6075024332103,-0.5553551704859833,-1.9617778614578294,0.0030812023805488753,324.5486263131678,-1.5356301070062472,14.250018119812012,-6.200005531311035,8.050012588500977,-35.15358352661133,15.950042724609375,26,straight,66.76339441479175,240.3482198932503
4234.734353052745,-328.9844970703125,215.17445373535156,15.294113159179688,-329.35246493120405,215.31135400374896,-0.39260925885209996,-1.926973000332529,0.003256742440438193,307.0552916875584,-1.5039029222862488,14.300018310546875,-6.000004768371582,8.300013542175293,-38.92688751220703,20.7351016998291,26,straight,64.93918213249168,233.78105567697006
4245.826293821346,-332.6553955078125,204.7089080810547,15.126754760742188,-332.8683611781881,204.77926494623244,-0.22428656945116046,-1.8898749601828135,0.003336423873087163,299.72210907204334,-1.4910885248175632,15.149017333984375,-5.850004196166992,9.299013137817383,-43.50875473022461,31.824779510498047,26,straight,64.15904804464795,230.9725729607326
4257.027180219031,-335.9666748046875,194.0099334716797,14.961746215820312,-336.01680830368446,194.0244473366273,-0.052192144977913725,-1.852596468549882,0.0031900333864172126,313.47634299311176,-1.4432395329804892,16.0980167388916,-5.800004005432129,10.298012733459473,-48.494903564453125,38.39970016479492,26,straight,65.61466371678969,236.2127893804429
4268.332294424491,-338.9192352294922,183.09835815429688,14.802001953125,-338.8008231979157,183.0684613265108,0.1221279228258191,-1.8181089968939188,0.0029411108748456094,340.00758303696864,-1.412217991491116,17.147016525268555,-5.850004196166992,11.297012329101562,-53.481056213378906,38.39970016479492,26,straight,67.61251144219352,243.4050411918967
4279.739070264326,-341.52728271484375,171.99490356445312,14.641006469726562,-341.23697659551686,171.93150050729997,0.2971491049540524,-1.78582064516133,0.0027543450863999064,363.06271314284,-1.5036643735651167,17.999028205871582,-6.350006103515625,11.649022102355957,-58.06291961669922,26.995059967041016,26,straight,69.57020076076988,250.45272273877157
4291.23671614284,-343.8075714111328,160.72714233398438,14.457427978515625,-343.34447710718814,160.64084320958244,0.4710667396649142,-1.7550362345633255,0.002849377916692347,350.9537973681053,-1.5782790754616638,17.99902868270874,-7.349006175994873,10.650022506713867,-61.83622360229492,21.200000762939453,26,straight,69.42621589179089,249.9343772104472
4302.757156503733,-345.72804260253906,149.36932373046875,14.277725219726562,-345.09371701008587,149.2738250753777,0.6414740449661939,-1.7202255729143017,0.0028145903106275294,355.2914952574551,-1.5383822229220079,18.148025512695312,-8.348006248474121,9.800019264221191,-64.39667510986328,18.21000099182129,26,straight,69.85394330935003,251.4741959136601
4314.369764979347,-347.2794952392578,137.86216735839844,14.101593017578125,-346.48012600104045,137.7664544828878,0.8050789610632558,-1.689964499500778,0.00270804236332875,369.2704418297176,-1.5490177470243394,18.646018981933594,-9.347005844116211,9.299013137817383,-65.34000396728516,16.20003890991211,26,straight,71.21488782613746,256.37359617409487
4326.081261029245,-348.47377014160156,126.21319580078125,13.916366577148438,-347.51979012733466,126.13071394885584,0.9575390976444529,-1.657042618725,0.002400082910107071,416.65227304809594,-1.5861515575320784,18.646018981933594,-10.3460054397583,8.300013542175293,-65.2815170288086,14.940001487731934,26,straight,73.12520571655268,263.25074057958966
4337.8891618110065,-349.33860778808594,114.43850708007812,13.728530883789062,-348.2472604616123,114.36988105981496,1.0935028658664916,-1.6335955662092208,0.0015528275262352842,643.9865233613074,-1.59875848762715,18.745015144348145,-11.34500503540039,7.400010108947754,-65.22859954833984,13.810001373291016,26,straight,75.00200615379525,270.0072221536629
4349.796517657523,-350.0040588378906,102.55130004882812,13.537200927734375,-348.79861236390616,102.4915731392188,1.2069252277473557,-1.6203033825299709,0.0010203644996155947,980.0419363636556,-1.5857169813116356,19.344013214111328,-12.34400463104248,7.000008583068848,-65.14508819580078,12.950031280517578,26,straight,76.84821216621968,276.65356379839085
4361.798177246727,-350.5295867919922,90.5626220703125,13.349441528320312,-349.23887309443353,90.5130065040868,1.2916669669374456,-1.6092178214796071,0.0006756578693492554,1480.0390040052775,-1.538331679608318,19.843010902404785,-13.34300422668457,6.500006675720215,-65.03480529785156,12.450029373168945,26,straight,76.48876362180232,275.35954903848835
4373.893067993735,-350.95872497558594,78.47673034667969,13.16656494140625,-349.6171557298394,78.4320765633741,1.3423121848126527,-1.6040687830219253,0.00033349387259784535,2998.5558421515084,-1.4865630317669076,20.392008781433105,-14.34200382232666,6.050004959106445,-64.90156555175781,12.000027656555176,26,straight,74.60408067019128,268.5746904126886
4386.077774010021,-351.3484802246094,66.299560546875,12.988555908203125,-349.9940828702918,66.2584541267392,1.3550210076448574,-1.6011373528931658,0.0003384077892981119,2955.0147237275173,-1.4207167354890582,20.8000431060791,-15.150039672851562,5.650003433227539,-64.74920654296875,11.60002613067627,26,straight,72.65598484775333,261.561545451912
4398.349141138615,-351.6895446777344,54.03410339355469,12.819183349609375,-350.36173847246977,54.00092880382543,1.3282205660743363,-1.5957756418259923,0.00044535388013516863,2245.40538345931,-1.3371176671056029,20.700042724609375,-15.400040626525879,5.300002098083496,-64.58154296875,11.250024795532227,26,straight,70.63975556668744,254.3031200400748
4410.703918714796,-351.9640808105469,41.68341064453125,12.659347534179688,-350.7013610510499,41.65894584007246,1.2629567362666747,-1.5901685935039787,0.00038768045590306666,2579.443933201611,-1.2506016707584888,20.700042724609375,-15.650041580200195,5.05000114440918,-64.40240478515625,11.00002384185791,26,straight,68.54993933817701,246.77978161743724
4423.138902392788,-352.1772003173828,29.25115966796875,12.509231567382812,-351.01452764349386,29.23327698507754,1.162810189564662,-1.586175782555898,0.00027054487830924234,3696.2444317905906,-1.1390849424141647,19.597025871276855,-14.747025489807129,4.850000381469727,-64.21561431884766,10.800023078918457,26,straight,66.38015462134074,238.96855663682666
4435.650457017921,-352.3511505126953,16.741531372070312,12.375289916992188,-351.3178137409658,16.728478731660466,1.0334192059518028,-1.5834272005086787,0.00021511288188269528,4648.722062797323,-1.0027859458299426,18.398025512695312,-13.748025894165039,4.649999618530273,-64.0250015258789,10.600022315979004,26,straight,64.12295131588188,230.84262473717476
4448.186942739824,-352.4911346435547,4.2063751220703125,12.258087158203125,-351.6094174887693,4.197565127484611,0.8817611678042175,-1.5807878545391887,7.777030799113738e-05,12858.377777209767,-0.8709866447936421,17.249025344848633,-12.74902629852295,4.499999046325684,-63.83439254760742,10.450021743774414,26,straight,61.77858743628311,222.4029147706192
4460.633353016153,-352.61944580078125,-8.238967895507812,12.157577514648438,-351.9040919422399,-8.246596800357082,0.7153945366853096,-1.5814604415698925,6.044343893624182e-05,16544.392867104078,-0.748344689723135,16.150025367736816,-11.75002670288086,4.399998664855957,-63.64760208129883,10.350021362304688,26,straight,59.35954499553207,213.69436198391546
4472.979765992442,-352.7379608154297,-20.584518432617188,12.072433471679688,-352.1961436427307,-20.589132533531107,0.5418368191243083,-1.5793120948625685,0.0001080668189387124,9253.534154337669,-0.6322199820092855,16.150025367736816,-11.90002727508545,4.249998092651367,-63.468467712402344,10.200020790100098,26,straight,56.858347100165105,204.6900495605944
4485.076009872078,-352.83457946777344,-32.68017578125,12.002761840820312,-352.46642148208264,-32.68311743244644,0.36816973767498773,-1.5787863438848369,8.440508687460047e-05,11847.627163581823,-0.5227379771631013,16.150025367736816,-12.000027656555176,4.149997711181641,-63.300804138183594,10.150020599365234,26,straight,54.29620308143732,195.46633109317435
4496.5100990400415,-352.9162292480469,-44.11384582519531,11.948745727539062,-352.7153723606199,-44.11516796927994,0.20086123889851548,-1.577378749763262,2.1367268168009934e-05,46800.55457426948,-0.4331048409984106,16.100025177001953,-12.050027847290039,4.049997329711914,-63.148441314697266,10.050020217895508,26,straight,51.75783490149255,186.32820564537317
4507.239228354838,-352.99017333984375,-54.84263610839844,11.906234741210938,-352.9444583119654,-54.84297337391057,0.04571627196029928,-1.5781737562537543,2.6308506352962224e-05,38010.51973775031,-0.3602553117436402,16.150025606155396,-12.150028228759766,3.99999737739563,-63.01520538330078,9.950019836425781,26,straight,49.25715027386982,177.32574098593136
4517.263762283739,-353.06089782714844,-64.86686706542969,11.873489379882812,-353.153055571988,-64.86629814347214,-0.09215950089981138,-1.5769695977603386,0.00031654765267430385,3159.0820262025472,-0.2651985515146116,16.150025844573975,-12.200028419494629,3.9499974250793457,-62.90491485595703,9.900019645690918,26,straight,46.8000985712695,168.48035485657022
4526.585328493776,-353.09800720214844,-74.18833923339844,11.854095458984375,-353.3064792705749,-74.18802236667355,-0.20847230923683283,-1.5723162737271885,0.0008020844554126882,1246.7515026026533,-0.1305809621611087,16.10002589225769,-12.200028419494629,3.8999974727630615,-62.82140350341797,9.850019454956055,26,straight,44.39349357092143,159.81657685531715
4535.199945777625,-353.0784149169922,-82.80293273925781,11.849014282226562,-353.37836059947705,-82.80527267926321,-0.29995480953061493,-1.5629952725539624,0.0011581063105028377,863.4785864916066,-0.06636101472498046,16.10002589225769,-12.200028419494629,3.8999974727630615,-62.768489837646484,9.900019645690918,26,straight,42.047113124452466,151.36960724802887
4543.145710406988,-352.973388671875,-90.74800109863281,11.84320068359375,-353.3379697320888,-90.75440412040437,-0.3646372830011441,-1.5532354486822186,0.0006737137612038979,1484.3098918048556,-0.055874545700052014,16.100025415420532,-12.100028038024902,3.99999737739563,-62.750003814697266,10.000020027160645,26,straight,39.76034003459701,143.13722412454922
4550.489594314528,-352.8431091308594,-98.09072875976562,11.84027099609375,-353.2451059880446,-98.09826475664164,-0.40206748741438847,-1.5520521148907858,0.0004173503842548887,2396.068238406771,-0.03522231251632535,16.150025367736816,-12.000027656555176,4.149997711181641,-55.40711975097656,10.100020408630371,26,straight,37.52306273410581,135.0830258427809
4557.249798008021,-352.704833984375,-104.84951782226562,11.838180541992188,-353.1181093912383,-104.85909099698281,-0.4133862692351751,-1.5476363156795616,0.002553974522943314,391.5465839680951,-0.01575783038819667,15.540996551513672,-11.240998268127441,4.2999982833862305,-48.64791488647461,10.250020980834961,26,straight,35.33861911829689,127.2190288258688
4563.514143293645,-352.5030059814453,-111.11061096191406,11.83807373046875,-352.90368925429146,-111.13073923757207,-0.4011885250348617,-1.5206036407311592,0.007545296199846618,132.5329017594204,-0.0028190651189863303,14.741997718811035,-10.241998672485352,4.499999046325684,-42.38456726074219,10.450021743774414,27,left,33.18629620465823,119.47066633676963
4569.427437437558,-352.0196838378906,-117.00411987304688,11.837844848632812,-352.38651156864125,-117.04568917738806,-0.3691755559500794,-1.4579566480891812,0.010610497681203535,94.24628608811602,-0.05085838786471619,14.243000030517578,-9.242999076843262,5.000000953674316,-36.47227096557617,11.00002384185791,27,left,31.017860314003393,111.66429713041222
4574.9511647205945,-351.2420959472656,-122.47283935546875,11.832611083984375,-351.55907136025866,-122.52775070257125,-0.3216965472035712,-1.399263383822703,0.013009388053599746,76.86756639742914,-0.20179325419300564,14.094003677368164,-8.243999481201172,5.850004196166992,-31.39048194885254,14.68508243560791,27,left,28.845398650516493,103.84343514185937
4580.112905937162,-350.1796569824219,-127.52403259277344,11.817031860351562,-350.4347289514151,-127.58921257924932,-0.2632681902605485,-1.320614445649791,0.01829109353114572,54.67141690010055,-0.4190679965968558,14.094003677368164,-7.244999408721924,6.84900426864624,-30.227920532226562,19.845800399780273,27,left,26.655749625631334,95.9606986522728
4585.093156638057,-348.6941833496094,-132.2775115966797,11.79052734375,-348.879965297502,-132.34658314639717,-0.19820648612786929,-1.2148443853127182,0.023149507304020545,43.19746363786855,-0.6457931277836781,14.094003677368164,-6.245999336242676,7.848004341125488,-28.816242218017578,24.824979782104492,27,left,24.357215883644965,87.68597718112187
4589.949690162832,-346.7311248779297,-136.71946716308594,11.7537841796875,-346.8469697993281,-136.77939959103807,-0.13042983452431098,-1.093364859985519,0.023397452528695628,42.739695647359795,-1.1892694732843268,14.094003200531006,-5.246999263763428,8.847003936767578,-27.28000259399414,29.680374145507812,27,left,24.22781418165575,87.2201310539607
4594.739668453314,-344.3191223144531,-140.85711669921875,11.676376342773438,-344.37211261227105,-140.89197602535916,-0.06342826090787246,-0.9889269272076139,0.024325584423991464,41.1089814974285,-1.158830739159189,14.566003799438477,-4.720000267028809,9.846003532409668,-25.74376106262207,34.468727111816406,27,left,23.761118489786693,85.54002656323209
4599.483587134799,-341.454345703125,-144.63821411132812,11.64288330078125,-341.4546018489152,-144.63843388338427,-0.0003375061814598311,-0.8616784665833507,0.025484632304942134,39.2393340439161,-0.7556472833935901,14.92500352859497,-4.080000400543213,10.845003128051758,-24.332082748413086,39.21152877807617,27,left,23.214500075580858,83.5722002720911
4604.160382137263,-338.21087646484375,-148.00732421875,11.605255126953125,-338.17277904450964,-147.96631983416367,0.05597118000737813,-0.7486650362591057,0.02566155207126719,38.96880427274246,-0.9076829928656993,15.3040030002594,-3.4600002765655518,11.844002723693848,-23.16952133178711,43.88717269897461,27,left,23.13433720429105,83.28361393544779
4608.773991532446,-334.649169921875,-150.93946838378906,11.558685302734375,-334.5891122419774,-150.85595584180376,0.1028652982474394,-0.6234601493683133,0.0296396727309709,33.73856415611115,-0.746747215509691,15.703002452850342,-2.8600001335144043,12.843002319335938,-22.38064193725586,48.49954605102539,27,left,21.52592483773997,77.4933294158639
4613.3219215582485,-330.7681121826172,-153.31024169921875,11.5364990234375,-330.7046861269089,-153.18764829986029,0.13802900459313586,-0.4774462622433609,0.030390279556575472,32.90525834546436,-0.43851019739908903,16.432002067565918,-2.5900001525878906,13.842001914978027,-22.090002059936523,49.249534606933594,27,left,21.25842934265388,76.53034563355396
4617.793771245872,-326.67213439941406,-155.10470581054688,11.519058227539062,-326.6175343878385,-154.95470371206952,0.15963016886436848,-0.3490877056160759,0.029698545635842177,33.67168252148797,-0.5352494810259012,16.099029541015625,-2.5500001907348633,13.549029350280762,-22.267173767089844,49.9995231628418,27,left,21.50457829742578,77.41648187073281
4622.196541028545,-322.44297790527344,-156.32852172851562,11.48919677734375,-322.4076114587407,-156.16580368161146,0.16651711121881696,-0.2140193592679108,0.031805658483671895,31.44094628675495,-0.8533852684003529,15.27003002166748,-2.7200002670288086,12.550029754638672,-22.80145835876465,49.9995231628418,27,left,20.780037447085906,74.80813480950927
4626.534883676182,-318.1494140625,-156.94863891601562,11.444686889648438,-318.1381455672711,-156.79067468686475,0.15836564234693945,-0.07121510428112225,0.033223981246921275,30.098740803156026,-0.8417596319681531,14.761996507644653,-3.120000123977661,11.641996383666992,-23.532012939453125,46.54957580566406,27,left,20.331652815020842,73.19395013407504
4630.861820162741,-313.8226013183594,-156.93251037597656,11.416213989257812,-313.8326169406784,-156.79717028138595,0.13571018345810887,0.073868713343231,0.03154893338394782,31.696792656350233,-0.6397740833143928,14.282997131347656,-3.640000343322754,10.642996788024902,-24.32798957824707,42.223731994628906,27,left,20.864413491452716,75.11188856922978
4635.205412132033,-309.5210418701172,-156.33030700683594,11.38922119140625,-309.5410970789243,-156.2325095756583,0.09983260462014881,0.20226468949746118,0.02969327802013788,33.67765590992693,-0.586359317360019,14.08399772644043,-4.440000534057617,9.643997192382812,-25.058544158935547,37.8812255859375,27,left,21.50648567913727,77.42334844489417
4639.57774885054,-305.3044738769531,-155.17388916015625,11.365127563476562,-305.3216308311515,-155.12423414128426,0.05253553061064933,0.3326809025133008,0.028271210319954942,35.37167276118208,-0.34666289441265263,13.914998054504395,-5.270000457763672,8.644997596740723,-25.59282875061035,33.50995635986328,27,left,22.040747575844037,79.34669127303853
4643.9904678108705,-301.2296142578125,-153.48049926757812,11.358932495117188,-301.22780784549775,-153.48423403186754,-0.004148685303625089,0.4505025665925624,0.024858300270906075,40.22801193573121,0.18065025197513407,13.525998592376709,-5.880000591278076,7.645998001098633,-25.80000114440918,29.098241806030273,27,left,23.505138075011015,84.61849707003965
4648.453314555315,-297.31983947753906,-151.32872009277344,11.381484985351562,-297.2839926075514,-151.38677965547268,-0.0682342356060333,0.5531266432322379,0.023056432289431217,43.371844674268516,0.6519486784245299,13.106998443603516,-6.460000514984131,6.646997928619385,-26.349884033203125,24.636451721191406,27,left,24.406329399489874,87.86278583816355
4652.982840453637,-293.6005401611328,-148.74374389648438,11.417755126953125,-293.5161787345268,-148.85292783835936,-0.13797819922857582,0.6578428236911057,0.023071612467589153,43.34330777290895,0.8306574076574202,12.694995403289795,-7.046997547149658,5.647997856140137,-26.699878692626953,20.108070373535156,27,left,24.398298894659266,87.83387602077336
4657.593602894725,-290.1097869873047,-145.7317352294922,11.45745849609375,-289.9631459461148,-145.88479015231886,-0.2119655735319625,0.7640001352058771,0.022386304873815432,44.67016801730727,0.7607661999491366,13.18599796295166,-8.045997619628906,5.140000343322754,-26.849876403808594,15.498478889465332,27,left,24.768933920330483,89.16816211318974
4662.290116989648,-286.89527893066406,-142.3078155517578,11.488388061523438,-286.67505870495825,-142.49508403331592,-0.2890785913812931,0.8660880030844769,0.020889499861319938,47.870940263708796,0.549499787459995,13.604997634887695,-9.044997215270996,4.560000419616699,-26.849876403808594,13.650033950805664,27,left,25.640972945303318,92.30750260309195
4667.081105915701,-283.9778137207031,-138.5076141357422,11.509384155273438,-283.67562072869254,-138.71826915721599,-0.3683695732446435,0.9620275932745608,0.017108111740563592,58.45180433495678,0.3460276488990832,13.93399715423584,-10.043996810913086,3.890000343322754,-26.649879455566406,12.550029754638672,27,left,27.753531970846215,99.91271509504638
4671.977948173724,-281.3311309814453,-134.38766479492188,11.521713256835938,-280.9460362208373,-134.61828857124698,-0.44887114058960087,1.0312041532983063,0.01198065070101606,83.46792047907645,0.06128205041140422,14.592996597290039,-11.042996406555176,3.5500001907348633,-26.049888610839844,11.950027465820312,27,left,29.758188637409916,107.1294790946757
4677.021703923874,-278.85374450683594,-129.9942626953125,11.514907836914062,-278.38672865847917,-130.24355177672638,-0.5293853499376175,1.080482378923025,0.009005198726421804,111.04696635577167,-0.3001877765057337,15.291994094848633,-12.041996002197266,3.249998092651367,-25.049903869628906,11.75002670288086,27,left,31.690692266992283,114.08649216117222
4682.291368355942,-276.47926330566406,-125.28994750976562,11.489990234375,-275.9307492688709,-125.55293139167543,-0.6082994087647171,1.12372519549288,0.007928604229451075,126.12560433846167,-0.5865914847993592,16.290993690490723,-13.040995597839355,3.249998092651367,-23.799922943115234,11.850027084350586,27,left,33.59120354720571,120.92833276994055
4687.81680071495,-274.1996765136719,-120.25682067871094,11.45098876953125,-273.57145416388096,-120.52604205890088,-0.6834789479773437,1.165927092492217,0.007406394610181,135.0184607535463,-0.8885663255281839,16.339994430541992,-12.889996528625488,3.449997901916504,-22.399944305419922,12.200028419494629,27,left,35.47477604172137,127.70919375019693
4693.620953947233,-272.02940368652344,-114.87405395507812,11.388275146484375,-271.32621826815665,-115.14138107532933,-0.7522855321123028,1.2075043545476762,0.006401522076422195,156.2128487665701,-1.1640283197960954,15.79099440574646,-11.890996932983398,3.8999974727630615,-20.949966430664062,12.850030899047852,27,left,37.3512077302885,134.46434782903862
4699.714813001876,-269.9722900390625,-109.13841247558594,11.311996459960938,-269.2041219596571,-109.40080519818322,-0.8117463514481598,1.241640044338079,0.004187004188887955,238.83424875808268,-1.1872511592518453,15.521997451782227,-10.891997337341309,4.630000114440918,-19.149993896484375,13.75003433227539,27,left,39.22482041378491,141.2093534896257
4706.084850048558,-267.9709014892578,-103.09136962890625,11.24066162109375,-267.15347297138777,-103.35493221714545,-0.8588682202448632,1.2588916428803327,0.00218216660884607,458.26015114803727,-1.0898412314828687,15.41299819946289,-9.892997741699219,5.520000457763672,-17.250022888183594,14.750038146972656,28,straight,41.09212441235868,147.93164788449124
4712.7093677529,-265.9762420654297,-96.77467346191406,11.1705322265625,-265.125279697288,-97.03890784890145,-0.8910425148441783,1.2697232277630033,0.0006109666836764394,1636.750459096372,-1.0523367949562434,15.303998470306396,-8.893998146057129,6.410000324249268,-15.600041389465332,15.900042533874512,28,straight,42.94799568724706,154.6127844740894
4719.571207718404,-263.9380645751953,-90.22291564941406,11.098770141601562,-263.07321598992087,-90.49439158123634,-0.9064558770342803,1.266636563580881,-0.0007969235380838047,1254.8255286880983,-1.0318910816525362,15.224998950958252,-7.894998550415039,7.330000400543213,-14.20003604888916,17.050025939941406,28,straight,44.78934576101357,161.24164473964885
4726.632550752572,-261.7958221435547,-83.4947509765625,11.02691650390625,-260.9351768826165,-83.77263239163257,-0.9043939108688978,1.258487009929209,-0.0008783209199428876,1138.5360149056048,-1.0475678974326996,15.085999011993408,-6.895998477935791,8.190000534057617,-13.000031471252441,18.200008392333984,28,straight,46.60834425396443,167.79003931427195
4733.808595849962,-259.57061767578125,-76.67286682128906,10.949554443359375,-258.72926056051983,-76.9485133639598,-0.8853602723678708,1.2541953483133041,-0.00042202643650235405,2369.5198061233828,-1.2071125375982206,13.956998825073242,-5.896998405456543,8.0600004196167,-11.90002727508545,19.349990844726562,28,straight,48.38688417194297,174.19278301899467
4741.20084310356,-257.264404296875,-69.6502685546875,10.850494384765625,-256.4561867668981,-69.91665119268133,-0.8509848915148351,1.252416067056997,-0.0005402359845776972,1851.0429303995747,-1.30033612854219,13.297008037567139,-4.897998332977295,8.399009704589844,-11.400025367736816,20.549972534179688,28,straight,50.153101890189525,180.55116680468228
4748.811799047814,-254.86331176757812,-62.428619384765625,10.754638671875,-254.10159461612776,-62.685141896404545,-0.8037517140207066,1.2459571156280649,-0.0012896245652364025,775.4194724235025,-1.0192374241324909,13.29700779914856,-3.898998498916626,9.398009300231934,-11.75002670288086,21.64995574951172,28,straight,48.442572460245984,174.39326085688555
4756.540404267219,-252.34788513183594,-55.121063232421875,10.694717407226562,-251.64356758911524,-55.36883392674169,-0.7466280988201947,1.2325292268345376,-0.0021701873297413354,460.7897144617419,-0.502309297752801,13.297007322311401,-2.899998426437378,10.397008895874023,-12.900031089782715,22.699939727783203,28,straight,46.52655741918279,167.49560670905802
4764.210835832074,-249.73675537109375,-47.90876770019531,10.676971435546875,-249.0973925976506,-48.148118373223014,-0.6826957600159114,1.2125884820917556,-0.003623360762238348,275.9868712002736,-0.0673931299445707,15.196006059646606,-3.799997568130493,11.396008491516113,-14.550037384033203,23.649925231933594,28,straight,44.5435506500949,160.35678234034165
4771.754354382829,-246.96990966796875,-40.8909912109375,10.684051513671875,-246.4019495011023,-41.12653816037191,-0.6148667469743441,1.1776612816380192,-0.0043637453916295366,229.1609409472384,0.28238700287026575,15.950025796890259,-3.799997568130493,12.150028228759766,-16.50003433227539,24.299915313720703,28,straight,42.50321521671738,153.01157478018257
4778.969651913439,-244.1039276123047,-34.26939392089844,10.717437744140625,-243.60624980908037,-34.49330624751862,-0.5457288024602082,1.1480137276928493,-0.003628053471667614,275.6298957028204,0.6750288197653331,15.900027513504028,-3.3999979496002197,12.500029563903809,-18.650001525878906,24.64990997314453,28,straight,40.455485891259755,145.63974920853514
4785.803765955879,-241.23187255859375,-28.068359375,10.777313232421875,-240.8007484444789,-28.273680273894932,-0.47751929101800955,1.12633230336018,-0.0032404407235947508,308.5999977468065,1.1038026604390239,15.900028467178345,-3.199998140335083,12.700030326843262,-20.899967193603516,24.799907684326172,28,straight,38.41541302241472,138.29548688069298
4792.230706113763,-238.4123077392578,-22.293548583984375,10.862014770507812,-238.0440125410494,-22.478642290302016,-0.41219053014566875,1.1050957239724133,-0.0032227925601845397,310.28990582711884,1.5591736792552657,15.838996410369873,-3.149998188018799,12.688998222351074,-23.149932861328125,24.799907684326172,28,straight,36.392692653958555,131.0136935542508
4798.324258770975,-235.61842346191406,-16.87933349609375,10.970962524414062,-235.30742982218578,-17.0431692709901,-0.35150989329937404,1.0859284105829672,-0.002900499162985515,344.768242915364,2.04100546412439,14.939996719360352,-3.249998092651367,11.689998626708984,-27.131155014038086,24.749908447265625,28,straight,34.365120032441155,123.71443211678816
4804.238537345341,-232.82489013671875,-11.668136596679688,11.106201171875,-232.56421553509128,-11.810752302873501,-0.2971371528213958,1.070180464619761,-0.004853087622224583,206.0543880189855,2.4896521383279357,14.140996932983398,-3.449997901916504,10.690999031066895,-33.04288864135742,24.699909210205078,29,right,32.275620831971814,116.19223499509853
4809.9882479159205,-229.97882080078125,-6.67462158203125,11.260696411132812,-229.76394583324725,-6.803647072952132,-0.25063684681249626,1.0300329546628098,-0.01097122921422089,91.14748953597666,2.8252452770252345,13.441997051239014,-3.749997615814209,9.691999435424805,-38.78952407836914,24.549911499023438,29,right,30.10555620505098,108.38000233818353
4815.493596103634,-226.9642791748047,-2.070831298828125,11.42352294921875,-226.79086101575783,-2.1952102641953237,-0.2134103673981615,0.9486065884442505,-0.017038031527166875,58.69222617680427,3.0218138278905293,12.442997455596924,-3.749997615814209,8.692999839782715,-44.291465759277344,24.19991683959961,29,right,27.869815153386767,100.33133455219236
4820.730666777248,-223.70681762695312,2.026702880859375,11.584976196289062,-223.56688021708828,1.9033189867370048,-0.18656383360256293,0.8481798714393216,-0.021018479397452272,47.57718106483068,3.0212025460236047,10.843997955322266,-3.149998188018799,7.693999767303467,-49.525047302246094,23.649925231933594,29,right,25.562179186141087,92.02384507010791
4825.698148998587,-220.2208251953125,5.562530517578125,11.732147216796875,-220.10630810313344,5.43587002395051,-0.17075434122487432,0.7350901916467776,-0.02356839282777623,42.429706909054175,2.755084176856193,10.843997955322266,-4.148998260498047,6.694999694824219,-54.489349365234375,22.949935913085938,29,right,24.139792764001726,86.90325395040621
4830.399337479679,-216.5604248046875,8.510101318359375,11.852432250976562,-216.4638348855606,8.375010075558723,-0.16607003449860222,0.6207207343036227,-0.02750378883261506,36.35862702720293,2.244626957986351,10.843997955322266,-5.147998332977295,5.695999622344971,-59.1879997253418,21.999950408935547,29,right,22.346126814094763,80.44605653074115
4834.923192457417,-212.70791625976562,10.879852294921875,11.9403076171875,-212.6281176401829,10.727494067785134,-0.17199084005714205,0.48247172659454884,-0.030454468490000886,32.83590387822168,1.6375556067331765,11.486998558044434,-6.146998405456543,5.340000152587891,-63.71000289916992,21.099964141845703,29,right,21.23601431209483,76.44965152354139
4839.363030555534,-208.6457061767578,12.670684814453125,11.999725341796875,-208.5818332793149,12.494457135645213,-0.18744583699238873,0.34771865779671857,-0.03051844778614221,32.767066235068455,1.3627418782572454,11.975998878479004,-7.145998477935791,4.830000400543213,-62.19784164428711,19.799983978271484,29,right,21.213742896349768,76.36947442685917
4843.736570737098,-204.44248962402344,13.8778076171875,12.060379028320312,-204.39778363707177,13.671626233277436,-0.21097248242458289,0.21352315240879344,-0.03103084826481095,32.22599625592582,1.2099824299661055,12.183998584747314,-8.144998550415039,4.039000034332275,-58.591922760009766,17.95001220703125,29,right,21.037866635637872,75.73631988829634
4848.063511189637,-200.1615753173828,14.505645751953125,12.10516357421875,-200.14285840538298,14.265453519803792,-0.2409203834873435,0.07776756392798208,-0.03276869627244461,30.516929684532673,0.9691768555884162,12.183998346328735,-9.143998146057129,3.0400002002716064,-54.288082122802734,17.550018310546875,29,right,20.472408560972294,73.70067081950026
4852.358409839011,-195.86688232421875,14.521759033203125,12.14398193359375,-195.88586387708082,14.246757975010555,-0.2756553670003344,-0.0689142600452357,-0.03399107367188592,29.419488470795258,0.7639697029599546,12.622997999191284,-10.142997741699219,2.4800002574920654,-50.68216323852539,17.900012969970703,29,right,20.1009267114206,72.36333616111416
4856.6228119894495,-191.64645385742188,13.911514282226562,12.170639038085938,-191.712827209863,13.604899330065832,-0.3137166728160951,-0.21318207527281685,-0.03266929704044952,30.609780148065298,0.4150550312262302,13.2319974899292,-11.141997337341309,2.0900001525878906,-49.17000198364258,18.050010681152344,29,right,20.503529465765858,73.8127060767571
4860.852517592773,-187.58326721191406,12.736419677734375,12.17938232421875,-187.70345149328344,12.403551853289176,-0.3539000565684553,-0.3464910565329144,-0.03452381597032572,28.965511832745566,0.27455166920873353,14.110997080802917,-12.140996932983398,1.970000147819519,-49.79952621459961,18.050010681152344,29,right,19.94523350354484,71.80284061276143
4865.025921414893,-183.7760772705078,11.02691650390625,12.193634033203125,-183.9665997962347,10.68060211451732,-0.39526255717836273,-0.5029531895737743,-0.037866846175429014,26.40832551428269,0.4561284088157702,14.840030193328857,-12.650030136108398,2.190000057220459,-49.79952621459961,18.050010681152344,29,right,19.044472757552477,68.56010192718892
4869.147799157755,-180.33868408203125,8.752349853515625,12.21710205078125,-180.6068515576736,8.407225284219319,-0.4370637977736722,-0.6605686424881881,-0.03632739717628386,27.527433224774068,0.5373618840554206,14.415006637573242,-11.695006370544434,2.7200002670288086,-45.678714752197266,16.250038146972656,29,right,19.443810529550195,69.9977179063807
4873.262695425167,-177.28091430664062,5.998809814453125,12.237899780273438,-177.62502386116537,5.666073859501459,-0.4786696159490526,-0.8022004160215549,-0.034053384386429575,29.365656836108908,0.3645240776462222,14.036006927490234,-10.696006774902344,3.3400001525878906,-41.56486892700195,18.200008392333984,29,right,20.082528002896442,72.2971008104272
4877.395203762683,-174.62745666503906,2.8307342529296875,12.247116088867188,-175.0473718267781,2.5249609924906653,-0.5194478124487846,-0.941407765692479,-0.03157764485804604,31.667972849001064,0.31121660160478015,13.51700735092163,-9.697007179260254,3.820000171661377,-37.43336868286133,19.54998779296875,29,right,20.85492601540894,75.07773365547219
4881.581647154342,-172.38938903808594,-0.70721435546875,12.263885498046875,-172.8780292030913,-0.9780633526838158,-0.5586845175489258,-1.0646644152580462,-0.023401570222423507,42.732175255564464,-0.13925016804112733,12.697005987167358,-8.698007583618164,3.9989984035491943,-33.24795913696289,20.699970245361328,29,right,23.097479566424532,83.15092643912831
4885.857257412134,-170.4686737060547,-4.527008056640625,12.234359741210938,-171.0093929165757,-4.776599695325224,-0.5955444993682215,-1.1383444508136114,-0.018451585485373068,54.19588472723493,-0.5679556694931254,12.69700574874878,-7.699007511138916,4.997998237609863,-28.97344970703125,22.199947357177734,29,right,25.18250444715219,90.65701600974789
4890.2916168417205,-168.78977966308594,-8.631210327148438,12.214813232421875,-169.3817950588149,-8.843981091247509,-0.6290895221154447,-1.225771364670523,-0.01597392420448862,62.60202484991154,-0.3671605750314777,12.69700574874878,-6.700007438659668,5.996998310089111,-30.109182357788086,23.299930572509766,29,right,27.176480431450923,97.83532955322332
4894.908840916261,-167.3511505126953,-13.018569946289062,12.201400756835938,-167.98215445602958,-13.206360695473993,-0.658355027308847,-1.2815370311053704,-0.012758317132690045,78.3802432248487,-0.1771731208823013,13.696005821228027,-6.700007438659668,6.995998382568359,-34.72538757324219,24.549911499023438,29,right,29.107885739985065,104.78838866394624
4899.754213587369,-166.1329803466797,-17.70831298828125,12.198577880859375,-166.79840200992885,-17.85989745593553,-0.6824689302490631,-1.3468163892013616,-0.012509715532218857,79.93786888474747,0.18069764364037066,13.795002460479736,-5.800004005432129,7.994998455047607,-39.569759368896484,25.499897003173828,29,right,31.005619916727778,111.62023170022
4904.837238133894,-165.1471710205078,-22.694778442382812,12.220504760742188,-165.83837358056715,-22.810247445426217,-0.7007810426206145,-1.4052696110394158,-0.011335151216559203,88.2211433173585,0.418010328379248,15.793002605438232,-6.799004077911377,8.993998527526855,-44.651737213134766,26.349884033203125,29,right,32.87891720151333,118.364101925448
4910.186068031153,-164.4320526123047,-27.99554443359375,12.242111206054688,-165.1410350295264,-28.070852437624392,-0.7129708012258308,-1.464973277533012,-0.011482666898612659,87.08778272761883,0.30181692488013834,16.188997268676758,-6.1959991455078125,9.992998123168945,-49.9995231628418,26.999874114990234,29,right,34.58415255548583,124.50294919974898
4915.8165801425885,-164.02352905273438,-33.6112060546875,12.2530517578125,-164.74206957389865,-33.63943706644358,-0.7190948967833141,-1.5315271442694613,-0.0122995973516562,81.30347452921661,0.10361567673702332,16.1889967918396,-5.1969990730285645,10.991997718811035,-49.9995231628418,27.39986801147461,29,right,33.41589321242605,120.29721556473378
4921.737408472283,-164.01498413085938,-39.53202819824219,12.2535400390625,-164.73407009046886,-39.50574159555825,-0.7195662601791266,-1.6073356343603038,-0.008266652220854653,120.96795332423146,-0.16165776045374836,16.18899631500244,-4.197999000549316,11.990997314453125,-49.9995231628418,27.449867248535156,29,right,35.440399283566144,127.58543742083812
4927.917436308033,-164.34559631347656,-45.70317077636719,12.232589721679688,-165.05944966709546,-45.66146228475117,-0.7150707718441951,-1.6291572319783416,-0.0028493353980595937,350.9590344053575,-0.25658565326373006,16.188996076583862,-3.1989991664886475,12.989996910095215,-49.9995231628418,27.449867248535156,30,straight,37.43694000240249,134.77298400864896
4934.367173956332,-164.76165771484375,-52.13946533203125,12.221588134765625,-165.46626661452163,-52.08853938399624,-0.7064468512836046,-1.6429463524702503,-0.0014383815484959594,695.2258258913623,-0.2638003138919043,15.920031070709229,-3.070000171661377,12.850030899047852,-43.5507926940918,27.349868774414062,30,straight,39.41290524606183,141.8864588858226
4941.051973431763,-165.25344848632812,-58.80610656738281,12.197494506835938,-165.94595528850294,-58.75273467599518,-0.6945604580226968,-1.6477148381698863,-0.0015035975264221513,665.0715915844352,-0.7484041590057777,16.09002995491028,-3.5400002002716064,12.550029754638672,-36.867034912109375,27.099872589111328,30,straight,41.36138318268128,148.90097945765262
4947.98031590773,-165.8386688232422,-65.709228515625,12.117782592773438,-166.5159322334946,-65.64605352449856,-0.6802035036447043,-1.6638069778936697,-0.0018052272242640166,553.9468863304428,-1.2751156622183957,16.030028581619263,-3.880000352859497,12.150028228759766,-29.94015121459961,27.199871063232422,30,straight,43.288392370689344,155.83821253448164
4955.073034533053,-166.5349884033203,-72.76698303222656,12.018295288085938,-167.19556603188232,-72.699331026299,-0.6640328284525037,-1.6728539163794274,-0.001073358638577715,931.6550536408586,-1.552373038370436,16.140027046203613,-4.440000534057617,11.700026512145996,-22.849130630493164,27.199871063232422,30,straight,45.176054291553164,162.6337954495914
4962.231013829501,-167.2881317138672,-79.88418579101562,11.8963623046875,-167.93089617988528,-79.81431380469904,-0.6465510445798892,-1.6790765792209488,-0.0007885667786677875,1268.123419667019,-1.7262797226816007,16.150025367736816,-5.000000953674316,11.1500244140625,-15.693190574645996,26.399883270263672,30,straight,47.00429071807085,169.21544658505505
4969.575676927386,-168.10491943359375,-87.18215942382812,11.767852783203125,-168.72900168411533,-87.11104352268134,-0.6281211083955154,-1.6842596699009271,-0.00035737606544122835,2798.1728400455886,-1.7127315035464163,16.20002555847168,-5.600003242492676,10.600022315979004,-13.200032234191895,25.499897003173828,30,straight,48.80907798643126,175.71268075115256
4977.14198209788,-168.967041015625,-94.6981201171875,11.641143798828125,-169.57212771011584,-94.62917555552397,-0.609001855853342,-1.6842486684622975,8.830941920295876e-05,11323.820369622537,-1.6238219559505884,16.04594850540161,-6.045928478240967,10.000020027160645,-13.800034523010254,24.49991226196289,30,straight,50.6010591076871,182.16381278767355
4984.926083844488,-169.84732055664062,-102.43132019042969,11.518814086914062,-170.43301549084163,-102.36540553858288,-0.5893923118575751,-1.6828657062358512,9.19850666765698e-05,10871.329837875928,-1.4146980955509592,16.074092388153076,-6.874075412750244,9.200016975402832,-14.450037002563477,23.5499267578125,30,straight,52.380684172142914,188.57046301971448
4992.921864624173,-170.74285888671875,-110.37615966796875,11.4185791015625,-171.30876413825723,-110.31249038034527,-0.5694756640149897,-1.6828339213989219,4.615789293327399e-05,21664.76709510123,-1.111878173646108,15.820014953613281,-7.320000648498535,8.500014305114746,-15.050039291381836,22.499942779541016,30,straight,54.14784148069706,194.93222933050941
5001.117907187713,-171.66419982910156,-118.51986694335938,11.33935546875,-172.21025653843074,-118.45883591846462,-0.549456746071164,-1.6821012190478273,0.00044126504639890873,2266.211675184416,-0.8149425648765196,15.130382537841797,-7.330370903015137,7.80001163482666,-15.700041770935059,21.44995880126953,30,straight,55.901309136143475,201.24471289011652
5009.507081660584,-172.56982421875,-126.85983276367188,11.284011840820312,-173.09651925957326,-126.80454845105973,-0.5295885395746441,-1.6753779296330304,0.0006761428555956961,1478.9773961583592,-0.5378118281462951,14.399639129638672,-7.349630355834961,7.050008773803711,-16.35003662109375,20.399974822998047,30,straight,57.640880344803435,207.50716924129236
5018.081120605843,-173.44418334960938,-135.38909912109375,11.248580932617188,-173.95182427991892,-135.33822555299093,-0.510183725786169,-1.6706784940714636,0.0008057102972808816,1241.140895647988,-0.29113886450261584,13.610006332397461,-7.3600006103515625,6.250005722045898,-16.900028228759766,19.349990844726562,30,straight,59.36613731624397,213.7180943384783
5026.831437748295,-174.28062438964844,-144.09933471679688,11.2340087890625,-174.7702193519978,-144.05488949233734,-0.49160818253478156,-1.6613277619515232,0.0015083497628188836,662.9762039615714,-0.0071999375734432824,13.550015449523926,-8.150012969970703,5.400002479553223,-17.550018310546875,18.300006866455078,30,straight,61.07663814137948,219.87589730896613
5035.749506533673,-175.0125732421875,-152.9873046875,11.247848510742188,-175.48556315290492,-152.95267543606457,-0.47425588103411975,-1.6438794421866412,0.0024233580578668645,412.6505353815686,0.29298585934921517,13.500015258789062,-9.000016212463379,4.499999046325684,-18.25000762939453,17.1500244140625,30,straight,60.26321847309584,216.94758650314503
5044.8259314178085,-175.56103515625,-162.04705810546875,11.28717041015625,-176.01903901510332,-162.0256192613051,-0.45850535303700846,-1.617571492558475,0.0034339834633544952,291.20699347315656,0.5519017546230853,13.500016927719116,-9.800019264221191,3.699997663497925,-18.999996185302734,16.000041961669922,30,straight,58.463323145917755,210.4679633253039
5054.0416554050735,-175.829345703125,-171.2586669921875,11.349136352539062,-176.2739944280193,-171.25416795088225,-0.4446714853943371,-1.5809141738251182,0.004290554115764844,233.07012871034203,0.7611218854958968,13.500020265579224,-10.500021934509277,2.9999983310699463,-19.649986267089844,15.000039100646973,30,straight,56.5772493826612,203.67809777758032
5063.309750030351,-175.72447204589844,-180.5258331298828,11.427947998046875,-176.1572018638197,-180.53992931914286,-0.43295934898073796,-1.5382328059290793,0.0037941968695464345,263.5603882408827,0.843453474190814,13.45002269744873,-11.00002384185791,2.4499988555908203,-20.149978637695312,14.35003662109375,31,straight,58.4738673901887,210.50592260467934
5072.717328888749,-175.27011108398438,-189.92210388183594,11.506637573242188,-175.6927700736726,-189.94771167518948,-0.423434033403908,-1.510282936873011,0.002238853277490932,446.6572285257984,0.83089230884269,13.500024318695068,-11.350025177001953,2.1499991416931152,-20.549972534179688,13.850034713745117,31,straight,60.338090823355444,217.2171269640796
5082.265479735946,-174.62423706054688,-199.44805908203125,11.585433959960938,-175.0390875123788,-199.4791459141554,-0.4160135677074601,-1.496001083418756,0.0016246778210517454,615.5066481751094,0.8372232229230447,13.45002543926239,-11.60002613067627,1.8499993085861206,-20.949966430664062,13.200032234191895,31,straight,62.173039717822306,223.8229429841603
5091.922037125878,-173.82080078125,-209.07078552246094,11.667449951171875,-174.2295575478462,-209.1083916450381,-0.41048302607229503,-1.4790533661388814,0.0014736716517199655,678.5772114384304,0.8759946812297414,13.450026869773865,-11.90002727508545,1.5499995946884155,-21.29996109008789,12.550029754638672,31,straight,63.975314418472834,230.3111319065022
5101.562991821968,-172.87391662597656,-218.66473388671875,11.754470825195312,-173.2782863885309,-218.70663088124456,-0.4065344548971608,-1.4675541135587742,0.000911257014064637,1097.385243203262,0.9458180584697051,13.45002830028534,-12.200028419494629,1.2499998807907104,-21.64995574951172,12.050027847290039,31,straight,62.237976804331595,224.05671649559375
5111.1301330572305,-171.86009216308594,-228.1775360107422,11.84906005859375,-172.26148539846784,-228.22157890922608,-0.40380231093595004,-1.4615084570737826,0.0006885552916551796,1452.3161932227054,0.9683203369993953,14.199028134346008,-13.199028015136719,1.0000001192092896,-22.98743438720703,11.650026321411133,31,straight,60.40129951792018,217.44467826451265
5120.4414859780145,-170.8114471435547,-237.42922973632812,11.9373779296875,-171.2106244763553,-237.47582910695323,-0.40188809930682123,-1.4545838130855802,0.0006042527937362707,1654.9364940734642,0.8692472913858329,15.748027205467224,-14.198027610778809,1.5499995946884155,-24.324914932250977,11.250024795532227,31,straight,58.55843654236823,210.81037155252562
5129.160650689659,-169.78260803222656,-246.0872039794922,12.006698608398438,-170.18006964965764,-246.13526785052187,-0.40035718181304836,-1.4504535861011854,0.0004517407194229439,2213.6592009624583,0.7201802958906933,16.747026801109314,-15.197027206420898,1.5499995946884155,-25.662395477294922,10.85002326965332,31,straight,56.77857409547738,204.4028667437186
5137.237396537583,-168.80255126953125,-254.10409545898438,12.05926513671875,-169.1981962524827,-254.15333896525732,-0.39869772440372303,-1.4469692475141926,0.0007296600958388022,1370.501149374793,0.574093976770329,17.596027493476868,-16.196027755737305,1.399999737739563,-25.662395477294922,10.600022315979004,31,straight,55.07855818802896,198.28280947690425
5144.6861492336475,-167.85531616210938,-261.4922790527344,12.096755981445312,-168.2481438080035,-261.54416018917664,-0.3962388316372547,-1.439485291799515,0.0009489081103917774,1053.8428210789855,0.4367081334482714,18.495028138160706,-17.19502830505371,1.2999998331069946,-24.099918365478516,9.100016593933105,31,straight,53.46282950420735,192.46618621514645
5151.52405389385,-166.93980407714844,-268.26856994628906,12.1224365234375,-167.32814417785121,-268.32228568050186,-0.39203751595460545,-1.4333471260710833,0.0008094162741303923,1235.4582332488483,0.3142952274725941,20.23299789428711,-18.182998657226562,2.049999237060547,-23.04993438720703,9.050016403198242,31,straight,51.93536859671012,186.96732694815643
5157.774189198971,-166.06787109375,-274.4575653076172,12.138580322265625,-166.44875929756427,-274.5120194711196,-0.3847610683627015,-1.428792335101306,0.0006050853163563907,1652.659505971233,0.20322393214158296,19.233997344970703,-17.183998107910156,2.049999237060547,-22.349945068359375,9.100016593933105,31,straight,50.49880519034456,181.79569868524044
5163.495911989612,-165.25076293945312,-280.1206359863281,12.147323608398438,-165.61944467462448,-280.1744042814392,-0.372581872087345,-1.4259779624275601,0.003365691858067621,297.11573197141706,0.10056446266129004,18.234996795654297,-16.18499755859375,2.049999237060547,-21.699954986572266,9.100016593933105,31,straight,49.146892925896275,176.92881453322659
5168.723360844286,-164.43617248535156,-285.2842254638672,12.15008544921875,-164.78387494358097,-285.346110151881,-0.35316669445084437,-1.3946589962002127,0.0059912525398209664,166.91000643913475,0.052833435526456765,17.33599615097046,-15.185997009277344,2.1499991416931152,-21.099964141845703,9.200016975402832,31,straight,47.878408791803814,172.36227165049374
