s_m,x_center_m,y_center_m,z_center_m,x_line_m,y_line_m,offset_m,heading_rad,curvature_1_per_m,radius_m,slope_pct,width_m,drive_left_m,drive_right_m,limit_left_m,limit_right_m,segment_id,segment_kind,v_target_ms,v_target_kmh
0.0,-605.746826171875,-191.7925262451172,11.725112915039062,-606.5141967153643,-191.7916029750316,0.7673710989101808,1.5695931666685285,-6.692667572847855e-05,14941.725240575208,0.0010975592358663177,14.100030541419983,-1.2999998331069946,12.800030708312988,-55.07362747192383,18.60000228881836,0,straight,80.0,288.0
9.731732005625398,-605.7315216064453,-182.06080627441406,11.7252197265625,-606.4776415700916,-182.05942261380005,0.7461212466270022,1.5689418541963116,-7.151482910777718e-06,139831.13886672922,0.001407399592012748,14.100030541419983,-1.2999998331069946,12.800030708312988,-55.06892013549805,18.60000228881836,0,straight,80.0,288.0
19.49943092255871,-605.7149963378906,-172.29312133789062,11.725387573242188,-606.4426438508979,-172.29214752506397,0.7276481646352716,1.569458024625424,9.124945656356631e-05,10958.96937537791,0.0008607334290866575,14.100030303001404,-1.3499997854232788,12.750030517578125,-55.065128326416016,18.650001525878906,0,straight,80.0,288.0
29.30222800273892,-605.7092742919922,-162.49032592773438,11.725387573242188,-606.4202851740473,-162.4902790189671,0.7110108836024933,1.5707303520420497,7.505817947248139e-05,13322.99833313477,0.013859847020736282,14.100030303001404,-1.3499997854232788,12.750030517578125,-55.06233215332031,18.650001525878906,0,straight,80.0,288.0
39.138699939610895,-605.7093048095703,-152.6538543701172,11.728118896484375,-606.4047759055859,-152.6539462369473,0.6954711020830471,1.5709284197461153,-3.321011041128308e-05,30111.312115970915,0.1846223820714421,14.100030303001404,-1.3499997854232788,12.750030517578125,-55.06060028076172,18.650001525878906,0,straight,80.0,288.0
49.007868230811724,-605.7062683105469,-142.7847442626953,11.761871337890625,-606.3867693962119,-142.78425165094353,0.6805012639647589,1.5700724313065464,-8.633466016227942e-05,11582.83357020627,0.4661632056850107,14.100030303001404,-1.3499997854232788,12.750030517578125,-55.06000518798828,18.650001525878906,0,straight,80.0,288.0
58.904455328560985,-605.6950378417969,-132.88833618164062,11.820327758789062,-606.3607905144702,-132.8872880497815,0.665753497739284,1.56922197187875,-0.000134726743936886,7422.431291507048,0.6218709385934051,14.100030303001404,-1.3499997854232788,12.750030517578125,-47.249263763427734,18.650001525878906,0,straight,80.0,288.0
68.82847831749658,-605.6710662841797,-122.96455383300781,11.885147094726562,-606.3220693505391,-122.9623424043421,0.6510068224113064,1.567399384024689,-0.000293052003987021,3412.3636296453683,0.5196387108517775,14.100030064582825,-1.399999737739563,12.700030326843262,-37.326454162597656,18.60000228881836,0,straight,80.0,288.0
78.78117442832124,-605.6186676025391,-113.01206970214844,11.923538208007812,-606.2547581930838,-113.0073590154236,0.6361080332372566,1.5633907768940123,-0.00047388574523581084,2110.213295195003,0.30881664527062647,14.100029826164246,-1.4499996900558472,12.650030136108398,-27.374832153320312,18.550003051757812,0,straight,80.0,288.0
88.76765670852299,-605.516357421875,-103.02613830566406,11.946670532226562,-606.1372226731387,-103.01815934498303,0.6209165193810503,1.5579456777258047,-0.0003628012643194789,2756.3299755190783,0.33239897938216467,14.100029349327087,-1.5499995946884155,12.550029754638672,-21.930002212524414,18.400005340576172,0,straight,80.0,288.0
98.78860950600212,-605.3753814697266,-93.00627136230469,11.9901123046875,-605.9805750188766,-92.99740362979846,0.605258513870401,1.5561446538553352,5.639156830368475e-05,17733.147526855675,0.527003667111392,14.10002887248993,-1.6499994993209839,12.450029373168945,-21.950578689575195,18.25000762939453,0,straight,80.0,288.0
108.83943661115457,-605.2427978515625,-82.95651245117188,12.052505493164062,-605.8316514423357,-82.94961981640537,0.5888939291421778,1.5590916855884518,0.00031025341800555717,3223.171581568485,0.5329411861923483,14.100028157234192,-1.7999993562698364,12.300028800964355,-22.005722045898438,18.300006866455078,0,straight,80.0,288.0
118.92073260366105,-605.1416168212891,-72.87582397460938,12.09735107421875,-605.7130955708762,-72.87102082667607,0.5714989339095765,1.5623917538459113,0.00023827671259753214,4196.801227860977,0.3841456997907833,14.100027680397034,-1.8999992609024048,12.200028419494629,-22.08555793762207,19.199993133544922,0,straight,80.0,288.0
129.03685489465514,-605.0655822753906,-62.760040283203125,12.130050659179688,-605.6182370136751,-62.75622785484325,0.5526678879383505,1.563898045422317,1.079868864937994e-05,92603.83667580044,0.3210371330468864,14.100027203559875,-1.9999991655349731,12.100028038024902,-22.180208206176758,20.64997100830078,0,straight,80.0,288.0
139.18786407745583,-604.9905853271484,-52.60935974121094,12.16241455078125,-605.5225055364516,-52.60500036229367,0.5319380727582141,1.5626009598155108,-0.00022939232094260076,4359.343834575104,0.35598335567857964,14.100027084350586,-2.049999237060547,12.050027847290039,-22.279794692993164,22.349945068359375,0,straight,80.0,288.0
149.3728876320612,-604.8900146484375,-42.42491149902344,12.202468872070312,-605.3988182619197,-42.41902430965436,0.508837671650973,1.559226191464508,-0.00038331811872351074,2608.7991961614134,0.33724357354052437,14.100026607513428,-2.1499991416931152,11.950027465820312,-22.37444496154785,24.04991912841797,0,straight,80.0,288.0
159.5911035009483,-604.7494659423828,-32.20770263671875,12.231185913085938,-605.2323506169175,-32.199966281166084,0.48294664311670055,1.5547765727021603,-0.000489083731862211,2044.6396697605328,0.13883453789785838,14.10002589225769,-2.2999989986419678,11.800026893615723,-22.454280853271484,25.64989471435547,0,straight,80.0,288.0
169.84526946170644,-604.5572967529297,-21.955337524414062,12.230789184570312,-605.0111523342823,-21.945538755057896,0.4539613470393496,1.5492096201816965,-0.000621208801642209,1609.7646996572325,-0.16470969424716708,14.100024938583374,-2.4999988079071045,11.60002613067627,-22.509424209594727,27.24987030029297,0,straight,80.0,288.0
180.1378042787776,-604.2986755371094,-11.666107177734375,12.197219848632812,-604.7202470373865,-11.653966962839657,0.42174626810863275,1.5420067605970529,-0.0007803467935001002,1281.4815263284243,-0.533136733188555,14.100023746490479,-2.7499985694885254,11.350025177001953,-22.509424209594727,28.749847412109375,0,straight,80.0,288.0
190.46840904491344,-603.956298828125,-1.341461181640625,12.120681762695312,-604.3423811678936,-1.32690437103055,0.38635666658707046,1.5331102762345066,-0.0009791229287387515,1021.3222166987154,-0.9370909169846176,14.100022077560425,-3.0999982357025146,11.00002384185791,-22.438600540161133,30.199825286865234,0,straight,80.0,288.0
200.83834903766825,-603.5093078613281,9.018173217773438,12.003082275390625,-603.8569171942461,9.03524314993468,0.3480282041956664,1.5217290861005202,-0.0013291487402409957,752.3612442492208,-1.0345146707331332,14.649020671844482,-4.098998546600342,10.55002212524414,-22.39000129699707,31.499805450439453,0,straight,80.0,288.0
211.2480967297899,-602.9142913818359,19.410446166992188,11.905792236328125,-603.2207715164678,19.430495146882688,0.30713520559946733,1.505472503712223,-0.001607005271998127,622.275494315345,-0.8148642871317113,14.842997550964355,-5.09799861907959,9.744998931884766,-22.649940490722656,32.64978790283203,0,straight,80.0,288.0
221.68909353544916,-602.1438140869141,29.822723388671875,11.833251953125,-602.4070439901946,29.844509755555546,0.26412994484355046,1.4882189920907642,-0.0017032198647247698,587.1232603088469,-0.6151314982842937,14.842998027801514,-6.096998691558838,8.745999336242676,-23.149932861328125,33.64977264404297,0,straight,80.0,288.0
232.1595202937125,-601.1833648681641,40.24885559082031,11.777206420898438,-601.401726459281,40.270972962000286,0.21947884313304428,1.4698527607945937,-0.00173155925432035,577.5141667863439,-0.49506802241616743,14.84299898147583,-7.095998764038086,7.747000217437744,-23.599925994873047,34.44976043701172,0,straight,80.0,288.0
242.65860832204643,-600.031005859375,50.68440246582031,11.729461669921875,-600.2033901787515,50.70499365030238,0.1736097648327425,1.4519103288701471,-0.0016560491904693136,603.8467973989386,-0.4741789145943587,14.842998504638672,-8.094998359680176,6.748000144958496,-23.84992218017578,35.09975051879883,0,straight,80.0,288.0
253.18639776058976,-598.6961212158203,61.12709045410156,11.677490234375,-598.8218324890652,61.14426291024785,0.1268787510615965,1.4350342582783275,-0.0016123754600901458,620.2029395461597,-0.419181049763806,14.842998027801514,-9.093997955322266,5.749000072479248,-23.84992218017578,35.54974365234375,0,straight,80.0,288.0
263.7408997661838,-597.1829376220703,71.57249450683594,11.641128540039062,-597.261567216834,71.58460986016846,0.0795574946757095,1.4179172581050472,-0.0016877825285903508,592.49339477119,-0.2816619585976676,14.842997550964355,-10.092997550964355,4.75,-23.799922943115234,35.84973907470703,0,straight,79.94795854103565,287.81265074772836
274.319779898737,-595.4741973876953,82.01243591308594,11.617996215820312,-595.50556808002,82.01786722394702,0.03183739114000142,1.399362483012689,-0.001941829293917674,514.9783264328466,-0.17407551177756053,14.891994714736938,-11.091997146606445,3.799997568130493,-23.649925231933594,35.89973831176758,0,straight,78.37532759251847,282.1511793330665
284.9216509256562,-593.5447082519531,92.43724060058594,11.604278564453125,-593.5288548713526,92.43412558913961,-0.016156514870987394,1.3767792063978492,-0.0023296998969414145,429.2398352735761,-0.08169005421744258,15.040995121002197,-12.090996742248535,2.949998378753662,-23.449928283691406,35.89973831176758,0,straight,76.76696400679045,276.3610704244456
295.54253690907365,-591.3607635498047,102.83116149902344,11.600677490234375,-591.2979823805691,102.81706411865734,-0.06434447407329374,1.349912231448847,-0.002431271744055191,411.3073754281658,0.020160006868075175,15.739995002746582,-13.089996337890625,2.649998664855957,-23.199932098388672,38.349700927734375,0,straight,75.14630039156732,270.5266814096424
306.17949778590446,-588.9025573730469,113.18017578125,11.60858154296875,-588.7932644023224,113.15276904275414,-0.11267689543448135,1.325098768768324,-0.002121819952680161,471.29352268407956,0.06687088674240949,16.088995099067688,-14.088995933532715,1.9999991655349731,-22.999935150146484,38.349700927734375,0,straight,76.79399421998002,276.4583791919281
316.8364457937162,-586.1952514648438,123.48750305175781,11.614913940429688,-586.039804841329,123.44514100842292,-0.1611154724961547,1.304738830748388,-0.0016434056217302095,608.4925028716772,0.08139655228840414,16.537995219230652,-15.087995529174805,1.4499996900558472,-22.799938201904297,35.74974060058594,0,straight,78.41006982710998,282.27625137759594
327.518102140664,-583.3121490478516,133.772705078125,11.625961303710938,-583.1107412683617,133.71462531069236,-0.20961477291461572,1.2900439998816458,-0.0012732441774167963,785.3953057369059,0.15677300366732094,17.136996150016785,-16.08699607849121,1.0500000715255737,-22.499942779541016,33.1497802734375,0,straight,79.99713799135424,287.98969676887526
338.2233444697201,-580.2834167480469,144.04054260253906,11.648468017578125,-580.0363379619639,143.96592676216397,-0.2580996903661593,1.2775129252514559,-0.00145855059572908,685.612143266195,0.22004776837654116,17.985996782779694,-17.085996627807617,0.9000001549720764,-21.999950408935547,31.999797821044922,0,straight,79.3825434747016,285.77715650892577
348.9501249742931,-577.0889587402344,154.2805938720703,11.673126220703125,-576.7973208263154,154.186522820468,-0.30643439034244974,1.2587718919295865,-0.001965247105092542,508.84186391049826,0.22785059504388805,17.35003525018692,-16.450035095214844,0.9000001549720764,-21.44995880126953,30.699817657470703,0,straight,77.77610900288391,279.9939924103821
359.6937113776635,-573.6705932617188,164.4658203125,11.6973876953125,-573.3359708149658,164.34914906449478,-0.3543788396363673,1.235311011642841,-0.002321384206958453,430.7774632921406,0.19917191472303974,16.800042033195496,-15.750041961669922,1.0500000715255737,-21.099964141845703,29.14984130859375,0,straight,76.13318929207031,274.07948145145315
370.4508393984161,-569.9936370849609,174.5749969482422,11.7159423828125,-569.6181178452969,174.4328182834427,-0.4015338990447353,1.2088567420224896,-0.002476836367355864,403.7408418173162,0.12169558230495925,16.300038933753967,-15.000039100646973,1.2999998331069946,-20.149978637695312,27.39986801147461,0,straight,74.45188497929986,268.0267859254795
381.2188487508614,-566.0448913574219,184.5928497314453,11.72357177734375,-565.6309957861359,184.42329626069335,-0.44727835111276204,1.1819963852651165,-0.002578833728721218,387.7721889793477,0.04697555473116566,15.750035405158997,-14.150035858154297,1.5999995470046997,-18.949996948242188,25.349899291992188,0,straight,72.73675326326416,261.852311747751
391.9977158635719,-561.8161773681641,194.50758361816406,11.726058959960938,-561.367614775999,194.30860754620286,-0.49071363981750504,1.153289097078459,-0.0027257220269566937,366.8752683179927,0.02455029481346349,15.4000324010849,-13.450033187866211,1.949999213218689,-18.050010681152344,23.39992904663086,0,straight,70.9714329154407,255.49715849558652
402.78499120236535,-557.2944488525391,204.30142211914062,11.728866577148438,-556.8160812407082,204.0717678029976,-0.5306379905094873,1.1232120255150535,-0.002802064706714867,356.87969574849586,0.02672532106392511,15.050029277801514,-12.700030326843262,2.349998950958252,-17.30002212524414,21.999950408935547,0,straight,69.99794265288645,251.99259355039123
413.57921596522795,-552.4747314453125,213.95986938476562,11.731826782226562,-551.9725430157753,213.6997125384545,-0.5655747549561014,1.0928161445478293,-0.0027841691750008085,359.17357644034314,0.02875474343881912,14.800026178359985,-12.000027656555176,2.7999985218048096,-16.750030517578125,20.749969482421875,0,straight,70.22254178508612,252.80115042631004
424.38179241143223,-547.3625030517578,223.47621154785156,11.735076904296875,-546.8435415806359,223.18748220686098,-0.5938734215789259,1.0630834081823208,-0.0027274081545166293,366.64846013017336,0.10015399498449762,14.6000235080719,-11.400025367736816,3.199998140335083,-16.250038146972656,19.449989318847656,0,straight,70.94949168351941,255.4181700606699
435.1964573256793,-541.9676055908203,232.84913635253906,11.753494262695312,-541.440108166962,232.53512987599063,-0.6138840277215127,1.0338577081315914,-0.0025722858045310187,388.7592888156224,0.39837765876916675,14.15002179145813,-10.950023651123047,3.199998140335083,-15.850042343139648,18.050010681152344,0,straight,72.72113785540564,261.7960962794603
446.0271823241929,-536.2987518310547,242.07757568359375,11.821380615234375,-535.7710377513735,241.7442304577591,-0.6241804142077683,1.007409461813867,-0.0018809898773276337,531.6349715931078,0.8347421478172357,14.350021362304688,-10.900023460388184,3.449997901916504,-15.700041770935059,16.50003433227539,0,straight,74.45317589815042,268.03143323334155
456.87615523459584,-530.4339752197266,251.20401000976562,11.934539794921875,-529.9114166954054,250.86336327955541,-0.6237849037478203,0.9930989063005321,-0.0008658309400589037,1154.959881581465,1.2222439522043937,14.700021982192993,-11.100024223327637,3.5999977588653564,-15.850042343139648,14.95003890991211,0,straight,76.1486466969785,274.1351281091226
467.7470682203245,-524.4767913818359,260.2960662841797,12.086929321289062,-523.9653249382776,259.9593790687728,-0.6123366752895714,0.9886236209021163,-0.00033493155324927637,2985.6846579508124,1.5505433804300917,14.900022745132446,-11.30002498626709,3.5999977588653564,-16.05004119873047,13.500033378601074,0,straight,77.81049907934562,280.11779668564424
478.63922838646926,-518.4765014648438,269.3845977783203,12.272048950195312,-517.9844755331785,269.05872202072925,-0.5901563579396931,0.9858130307659647,-0.0002100865516954445,4759.942946989138,1.8200938661577903,15.150023698806763,-11.550025939941406,3.5999977588653564,-16.300037384033203,12.150028228759766,0,straight,79.44074025939601,285.98666493382564
489.5205043516907,-512.4590148925781,278.4481201171875,12.483200073242188,-511.9941863823684,278.13907606772193,-0.5581879328809182,0.9840482714840276,5.77289480865259e-05,17322.33191744928,2.031608562527898,15.400024890899658,-11.850027084350586,3.5499978065490723,-16.550033569335938,10.800023078918457,0,straight,80.0,288.0
500.40011021442757,-506.4479217529297,287.5133972167969,12.714141845703125,-506.0158327943126,287.22799837342376,-0.5178352710636266,0.9870685290883173,0.0004782386445983666,2091.0062607755544,2.2879678376098056,15.500025987625122,-12.100028038024902,3.3999979496002197,-16.800029754638672,9.400017738342285,0,straight,80.0,288.0
511.285141685838,-500.4843292236328,296.61549377441406,12.981185913085938,-500.0896306537844,296.3589610577679,-0.4707398387116425,0.9944591397804688,0.0006183844147042566,1617.1170815782148,2.6143292978948907,15.500026941299438,-12.300028800964355,3.199998140335083,-17.050025939941406,8.25001335144043,0,straight,80.0,288.0
522.1664142821293,-494.5871124267578,305.7551727294922,13.283172607421875,-494.2347891691503,305.5292116619314,-0.41855714293794105,1.0005289276787577,0.00041868184263777614,2388.448454558735,2.4784099921560387,15.500027656555176,-12.450029373168945,3.0499982833862305,-17.1500244140625,7.65001106262207,0,straight,80.0,288.0
533.0445854404068,-488.7294006347656,314.91844177246094,13.520492553710938,-488.4234337405357,314.723521929951,-0.3627802163415396,1.0035702867181078,0.0003533058650218926,2830.4087166456607,2.151369769450995,17.498027324676514,-13.449028968811035,4.0489983558654785,-17.250022888183594,7.450010299682617,0,straight,80.0,288.0
543.9302449595492,-482.9018249511719,324.1099395751953,13.751388549804688,-482.6441388164546,323.94745679648145,-0.30463551566441227,1.008219321199229,0.0006458101403212443,1548.4427040779688,2.0281836086581073,18.598029613494873,-14.099031448364258,4.498998165130615,-17.250022888183594,7.400010108947754,0,straight,80.0,288.0
554.8148870294729,-477.1393737792969,333.34169006347656,13.9620361328125,-476.93086818817034,333.21294387023823,-0.24505134932172984,1.017629323166931,0.0011237971305414277,889.840321551823,1.8413671588476288,16.600029706954956,-13.100031852722168,3.499997854232788,-17.250022888183594,7.400010108947754,0,straight,80.0,288.0
565.7011291434698,-471.4886016845703,342.64453125,14.152267456054688,-471.33002018787363,342.54987972994786,-0.1846808093515546,1.0326862081418298,0.0014473711398711453,690.9077930689061,1.6818610115099442,15.55002737045288,-12.400029182434082,3.149998188018799,-17.100025177001953,7.600010871887207,0,straight,80.0,288.0
576.587209810224,-465.9847106933594,352.0351104736328,14.328216552734375,-465.8772415499265,351.973341437554,-0.12395576069023745,1.0491419340587698,0.001575320851891715,634.7913180982501,1.4941969028414048,15.550025701522827,-12.050027847290039,3.499997854232788,-16.750030517578125,7.700011253356934,0,straight,79.5541020010065,286.3947672036234
587.4719436309283,-460.6495056152344,361.5214538574219,14.477569580078125,-460.59420159519,361.4909666600696,-0.06315064398297662,1.0669820546136082,0.0017523243446593145,570.6706084679884,1.1841658758515838,15.443998575210571,-11.444001197814941,3.99999737739563,-16.250038146972656,8.300013542175293,0,straight,77.92735389689426,280.53847402881934
598.3542174529425,-455.49513244628906,371.1050109863281,14.585983276367188,-455.49297497884334,371.10387813677414,-0.0024368040321905465,1.0872842339879192,0.0019777797981316084,505.6174610260917,0.781214631439453,15.195001602172852,-10.445001602172852,4.75,-15.550041198730469,9.000016212463379,0,straight,76.26629480961972,274.558661314631
609.2323907098624,-450.54331970214844,380.79058837890625,14.6475830078125,-450.59532926896486,380.81640685847526,0.058065384935305026,1.110018507574568,0.0021321320284729203,469.01410730939676,0.34615580649505207,15.19500207901001,-9.446002006530762,5.749000072479248,-14.600037574768066,10.000020027160645,0,straight,74.56889078791431,268.4480068364915
620.1036161726397,-445.8186340332031,390.58143615722656,14.661300659179688,-445.9257551156666,390.6314929232948,0.11823961323247713,1.1336562369203007,0.0024491102775867565,408.31154446232415,0.07536520860209617,15.195002555847168,-8.447002410888672,6.748000144958496,-13.450033187866211,11.200024604797363,0,straight,72.83306080137635,262.19901888495485
630.9683784798589,-441.36598205566406,400.49188232421875,14.663970947265625,-441.52933233194807,400.5624036705801,0.1779229413388729,1.1632487878921622,0.002719244870296053,367.74915379030455,-0.0075504428264872026,15.195003032684326,-7.448002815246582,7.747000217437744,-12.250028610229492,12.500029563903809,0,straight,71.05590851311919,255.8012706472291
641.8220156389286,-437.211181640625,410.518798828125,14.65966796875,-437.4312980878418,410.60622706468126,0.2368437182673225,1.19271398274228,0.0027034464002099468,369.8982158190157,-0.03924082383612859,15.19500207901001,-6.449002742767334,8.745999336242676,-11.100024223327637,13.700034141540527,0,straight,71.26322525276393,256.54761090995015
652.6660020021894,-433.3561553955078,420.6544189453125,14.65545654296875,-433.6329527975574,420.75510951444136,0.29454268365195574,1.2219073686808974,0.0027051283918668664,369.6682209268,-0.036949979029587965,15.195001602172852,-5.450002670288086,9.744998931884766,-9.900019645690918,14.900038719177246,0,straight,71.2410668242168,256.4678405671805
663.5014372717515,-429.80335998535156,430.8908386230469,14.651657104492188,-430.1359261961485,431.00083976445165,0.3502863623868092,1.2513593794519096,0.002745686011713315,364.2077046442748,-0.03727487696205678,15.243997573852539,-4.499999046325684,10.743998527526855,-8.55001449584961,16.250038146972656,0,straight,70.71294422840622,254.56659922226237
674.32274289184,-426.5595703125,441.2145233154297,14.647384643554688,-426.94578544676256,441.3295339358603,0.4029758959854284,1.281369200706029,0.002784896164258241,359.0798151953183,-0.04460861059873977,15.292995929718018,-3.5499978065490723,11.742998123168945,-7.350009918212891,17.350021362304688,0,straight,70.2133754889995,252.7681517603982
685.0963231593948,-423.64149475097656,451.58538818359375,14.64202880859375,-424.0775012223783,451.70104787593345,0.45108625287889254,1.3114977819362121,0.0026687823488643833,374.70271804874557,-0.049313017568042294,15.391996383666992,-2.649998664855957,12.741997718811035,-6.400006294250488,18.400005340576172,0,straight,71.72454094613518,258.20834740608666
695.7957936156412,-421.0412902832031,461.96409606933594,14.636795043945312,-421.52074684717786,462.0774209110439,0.4926673487116926,1.338694968226546,0.00221930883325247,450.5907357357142,-0.044409893109786935,15.550033450126648,-1.8499993085861206,13.700034141540527,-5.5500030517578125,19.349990844726562,0,straight,70.69159433308566,254.4897395991084
706.3315701202564,-418.7253875732422,472.2421875,14.632583618164062,-419.23905687664416,472.3527822615234,0.5254401531420116,1.3587301637863205,0.0015296054645080603,653.7633548018293,-0.038626206207681424,15.550036549568176,-1.1999999284744263,14.35003662109375,-4.850000381469727,20.399974822998047,0,straight,68.91539664669997,248.0954279281199
716.5955512282628,-416.62709045410156,482.2893981933594,14.628753662109375,-417.1631815490211,482.398117411891,0.54700414123676,1.3707100141411253,0.0008197518032698747,1219.8814275383604,-0.02886301612915476,15.899036288261414,-0.5500000715255737,15.34903621673584,-4.2999982833862305,21.14996337890625,0,straight,67.13984842232809,241.70345432038113
726.5717839558679,-414.67250061035156,492.07228088378906,14.626693725585938,-415.2170904766165,492.17999950901634,0.555140905229754,1.3755192531996974,0.00016059017076644477,6227.0311764868575,-0.009939014387116973,17.897037744522095,-1.5490000247955322,16.348037719726562,-3.99999737739563,21.64995574951172,0,straight,65.36787461548363,235.32434861574106
736.2700402840809,-412.7853546142578,501.5851593017578,14.626739501953125,-413.3229403418499,501.6923158733222,0.5481614227033317,1.374045781098454,-0.0001426356452940286,7010.8702347060835,0.00863526512020485,19.89503836631775,-2.5480000972747803,17.34703826904297,-3.99999737739563,22.149948120117188,0,straight,63.59796583802835,228.95267701690207
745.6738578440314,-410.9359588623047,510.8053283691406,14.6282958984375,-411.45091292280046,510.9086467337483,0.5252164971573978,1.3727892254533465,7.197864352656569e-05,13893.009801315895,0.018139655651028264,19.89703631401062,-3.398998975753784,16.498037338256836,-4.199997901916504,22.59994125366211,0,straight,61.83343258138535,222.60035729298727
754.7486119236183,-409.16160583496094,519.7049255371094,14.630081176757812,-409.638820012156,519.7994544526241,0.4864864713271354,1.3752428998233397,0.0003633826296795539,2751.9202029052462,0.01793272842474103,17.899035692214966,-2.399998903274536,15.49903678894043,-4.44999885559082,23.04993438720703,0,straight,60.08153073757137,216.29351065525694
763.4765274014144,-407.4844665527344,528.2701873779297,14.631500244140625,-407.909732028077,528.3526807031685,0.43319265140044527,1.3791951285687536,0.00037043814144047116,2699.50603928483,0.014923113960996215,17.150035858154297,-2.649998664855957,14.50003719329834,-4.699999809265137,23.199932098388672,0,straight,58.346983351334835,210.0491400648054
771.8673149813587,-405.8966369628906,536.5093688964844,14.632644653320312,-406.2575077299611,536.5784562866227,0.3674245201427852,1.381638798129616,0.000598719929467903,1670.230020384864,0.012638114921492694,17.15003514289856,-2.7999985218048096,14.35003662109375,-4.90000057220459,23.199932098388672,0,straight,56.62936716360935,203.86572178899368
779.9730138931502,-404.39744567871094,544.4752197265625,14.633590698242188,-404.6844597196505,544.5280101566685,0.2918285270620794,1.3888995598122746,0.0013315477833487216,751.0057186870838,0.00830817268043793,17.150034427642822,-2.949998378753662,14.20003604888916,-5.05000114440918,23.04993438720703,0,straight,54.919120713927214,197.70883457013798
787.835225491133,-403.0287322998047,552.2173767089844,14.633987426757812,-403.2350218345599,552.2523853066067,0.20923903569124963,1.4026918038340266,0.0016724933553161903,597.9096998032298,0.0007606518372615945,17.10003399848938,-2.9999983310699463,14.100035667419434,-5.05000114440918,22.999935150146484,0,straight,53.20775434379138,191.54791563764897
795.4668266383062,-401.79920959472656,559.7492828369141,14.63372802734375,-401.920064342308,559.7682839709622,0.12233933589856058,1.4148500111851467,0.0011219439367858297,891.3101334321772,-0.006003016287503549,17.150034189224243,-2.9999983310699463,14.150035858154297,-5.05000114440918,23.04993438720703,0,straight,51.49221361500617,185.37196901402223
802.8173440513676,-400.67864990234375,567.0138854980469,14.633102416992188,-400.7116848351377,567.0189132314092,0.03341533910440594,1.4197609137123621,0.00025233192918550085,3963.0339419505403,-0.009362034603199731,17.1500346660614,-2.899998426437378,14.250036239624023,-4.90000057220459,23.149932861328125,0,straight,49.78399922826922,179.22239722176917
809.8637224222738,-399.6154022216797,573.9795837402344,14.63238525390625,-399.56027206683683,573.9711351037853,-0.05577377009711438,1.4187304799299583,-0.0003133616940913242,3191.200516386557,-0.01086020584759595,17.15003538131714,-2.7499985694885254,14.400036811828613,-4.800000190734863,23.299930572509766,0,straight,48.089534201089926,173.12232312392374
816.6219932853624,-398.5822448730469,580.6584167480469,14.631607055664062,-398.4399571550131,580.6361449074518,-0.1440202401982271,1.4155293970777783,-0.0006554177290503116,1525.7445071694688,-0.009920857259748672,17.150035858154297,-2.649998664855957,14.50003719329834,-4.649999618530273,23.39992904663086,0,straight,46.40625935124463,167.06253366448067
823.1819970304715,-397.5506134033203,587.1367950439453,14.631057739257812,-397.322963917323,587.0998879944872,-0.23062180897421863,1.4100724648865084,-0.0008564105472080169,1167.664274173291,-0.007037690437816657,17.20003628730774,-2.599998712539673,14.600037574768066,-4.549999237060547,23.449928283691406,0,straight,44.71179845667405,160.96247444402658
829.5643878871857,-396.5107116699219,593.4338989257812,14.630691528320312,-396.1997615215643,593.381692349567,-0.3153022698357782,1.4044540006349986,-0.0007883120905573249,1268.5331253679174,-0.0029468594034076645,17.250036478042603,-2.599998712539673,14.65003776550293,-4.499999046325684,23.499927520751953,0,straight,42.99917703075547,154.7970373107197
835.738054547333,-395.47596740722656,599.5202331542969,14.63067626953125,-395.08362586731056,599.4526185560325,-0.3981251283731126,1.4001365977023204,-0.0010665153231370905,937.633035649746,0.15879889424259552,17.250036478042603,-2.599998712539673,14.65003776550293,-4.44999885559082,23.499927520751953,0,straight,41.2750051938905,148.5900186980058
841.6257596572111,-394.4544677734375,605.3186187744141,14.648956298828125,-393.98271652552484,605.2332613046851,-0.4794112405291216,1.3917955034745382,-0.002014049561904513,496.51211117882633,0.7568466532076101,17.20003628730774,-2.599998712539673,14.600037574768066,-4.499999046325684,23.449928283691406,0,straight,39.56075406002521,142.41871461609077
847.21362035512,-393.4202423095703,610.8095397949219,14.714920043945312,-392.8710198190391,610.701962608766,-0.5596589989328377,1.37737334334662,-0.0025514929408746168,391.92740218094184,1.5367002394515605,17.250036001205444,-2.699998617172241,14.550037384033203,-4.59999942779541,23.349929809570312,0,straight,37.862086523674904,136.30351148522965
852.5121475376532,-392.36749267578125,616.0014801025391,14.814239501953125,-391.7416557214431,615.8701838525923,-0.6394611783879424,1.3640023398685688,-0.002675497791689685,373.7622221577165,2.137947129704232,17.350035429000854,-2.899998426437378,14.450037002563477,-4.800000190734863,23.199932098388672,0,straight,36.17777870598515,130.24000334154653
857.5697945502903,-391.2961883544922,620.9428863525391,14.935089111328125,-390.59427851343185,620.7851447381224,-0.7194163202875725,1.3497369690458434,-0.003694770048793705,270.6528381452283,2.575781863347082,16.687995672225952,-3.0999982357025146,13.587997436523438,-5.000000953674316,22.999935150146484,0,straight,34.49340653394043,124.17626352218555
862.3828044481983,-390.1939697265625,625.6261138916016,15.067596435546875,-389.4174045967204,625.4337309990598,-0.8000403603752718,1.3279499187005404,-0.0064074105127604475,156.06928852279498,2.871092843363421,15.988995790481567,-3.3999979496002197,12.588997840881348,-5.531658172607422,22.699939727783203,1,right,32.81030761634093,118.11710741882735
866.9525904681531,-389.0174560546875,630.0397491455078,15.20391845703125,-388.17017058089914,629.7958452134787,-0.8816925780293232,1.2905092951423858,-0.010262688612561105,97.44035288920698,3.0429565372944944,15.439995765686035,-3.8499975204467773,11.589998245239258,-10.098410606384277,22.349945068359375,1,right,31.128154216154616,112.06135517815662
871.3034128771961,-387.70697021484375,634.1863250732422,15.338790893554688,-386.795583587977,633.8705726563462,-0.9645336554041518,1.2372851161840466,-0.014359340515023883,69.64108128459803,3.110294682805037,15.090997695922852,-4.499999046325684,10.590998649597168,-14.446141242980957,21.899951934814453,1,right,29.437411617164354,105.97468182179168
875.4402045774037,-386.22740173339844,638.0473175048828,15.467864990234375,-385.2621760270221,637.6377742660267,-1.048516251062605,1.169520515858463,-0.017848867103679916,56.025964796041826,3.225256431261969,14.9920015335083,-5.400002479553223,9.591999053955078,-18.579917907714844,22.245750427246094,1,right,27.73441614193356,99.84389811096082
879.4716910829094,-384.5113525390625,641.69287109375,15.602020263671875,-383.50549444287384,641.1704876389623,-1.1334173915659522,1.0917958265609746,-0.019122073598849487,52.29558367875787,3.3300802015764575,14.992002010345459,-6.399002552032471,8.592999458312988,-22.608173370361328,26.274003982543945,1,right,26.795191358835396,96.46268889180743
883.4507216855433,-382.5479736328125,645.1512298583984,15.734619140625,-381.5116914691654,644.5094890269763,-1.2188978699659225,1.0163264188849939,-0.01980665643830873,50.48807723376601,3.1291314762501576,14.992002487182617,-7.398002624511719,7.593999862670898,-26.583993911743164,30.24982452392578,1,right,26.328054687848017,94.78099687625286
887.3795499610719,-380.3522644042969,648.4071960449219,15.84967041015625,-379.3024140262605,647.6327823321102,-1.3045698198463218,0.9352513778922917,-0.022435235031957948,44.57274455005916,2.5033115885846335,14.992002010345459,-8.397002220153809,6.59499979019165,-30.5101375579834,33.1497802734375,1,right,24.7376843596682,89.05566369480553
891.2568288860544,-377.9110870361328,651.4184112548828,15.930465698242188,-376.8747105093694,650.4920263960698,-1.39005942745774,0.841378857765621,-0.025085769580950767,39.86323787169616,1.7990361677862943,14.9920015335083,-9.396001815795898,5.595999717712402,-34.38557434082031,34.349761962890625,1,right,23.394331585755058,84.21959370871821
895.0799851627628,-375.2279357910156,654.1412506103516,15.988510131835938,-374.23096199985866,653.0541379305207,-1.475049395411218,0.742174071319534,-0.028468911408899025,35.126035753071065,1.6248686034835202,14.992001056671143,-10.395001411437988,4.596999645233154,-38.20729064941406,34.59975814819336,1,right,21.960333192485855,79.05719949294908
898.8505040758204,-372.30799865722656,656.5258941650391,16.053741455078125,-371.3950788373369,655.2617812168778,-1.5592960409287888,0.6254587110749439,-0.03175865830775365,31.48747627527631,1.9767909686915885,14.992000579833984,-11.394001007080078,3.5979995727539062,-41.97624588012695,34.59975814819336,1,right,20.791857129677325,74.85068566683837
902.5557513885278,-369.17730712890625,658.5060119628906,16.135971069335938,-368.382798476451,657.0683175314529,-1.642622682484764,0.5048578063571172,-0.03190723735223429,31.340851887635313,2.31250315122713,14.992000102996826,-12.393000602722168,2.598999500274658,-45.67958068847656,34.199764251708984,1,right,20.743391025322506,74.67620769116103
906.1969854495653,-365.89549255371094,660.0810089111328,16.2235107421875,-365.23815910554885,658.4862781878793,-1.724892269610319,0.39097137405238913,-0.02943895653952283,33.96859527468187,2.1000577562469314,14.991999745368958,-13.392000198364258,1.5999995470046997,-49.318763732910156,34.049766540527344,1,right,21.595494316885695,77.74377954078851
909.7792822785597,-362.51837158203125,661.2742156982422,16.28802490234375,-361.99851021286617,659.5446937679324,-1.8059628873741398,0.2919897037610726,-0.027958302050698193,35.76755119773188,1.3684246674862344,15.090999901294708,-14.390999794006348,0.7000001072883606,-52.899478912353516,34.14976501464844,1,right,22.159959348666057,79.7758536551978
913.3366178710876,-359.06333923339844,662.1205444335938,16.321426391601562,-358.70467428973416,660.2693396265572,-1.8856298097476512,0.1913756678214734,-0.02905139117781777,34.42175949093795,1.5689550876144764,15.439999390393496,-15.389999389648438,0.05000000074505806,-52.899478912353516,34.14976501464844,1,right,21.73906637361709,78.26063894502153
916.8634088651606,-355.5689239501953,662.5910034179688,16.398788452148438,-355.3998107230057,660.6347399109688,-1.9635595719076089,0.08623267729985624,-0.02876281894283946,34.767106867630275,2.1977184763351865,17.437999844551086,-16.388999938964844,1.0489999055862427,-52.899478912353516,34.14976501464844,1,right,21.847846300924605,78.65224668332858
920.2980279720116,-352.1377258300781,662.7243041992188,16.474411010742188,-352.1561706070687,660.6851614340289,-2.0392261832921275,-0.009045111646297892,-0.028564894268467596,35.00800635218477,1.8249340117289403,19.050021529197693,-17.30002212524414,1.7499994039535522,-52.69948196411133,34.14976501464844,1,right,21.923406936220335,78.92426497039321
923.729042359798,-348.7132568359375,662.5183868408203,16.52410888671875,-348.94483666945365,660.4192566970719,-2.111865663266612,-0.10987747670944502,-0.02859889099423196,34.966390836682706,0.9438610182304075,18.500029921531677,-16.750030517578125,1.7499994039535522,-52.69948196411133,34.14976501464844,1,right,21.9103724153191,78.87734069514876
927.1744451912438,-345.3105926513672,661.9776000976562,16.539169311523438,-345.75591668850706,659.8430901370555,-2.1804692774626333,-0.20568024800630197,-0.026960528098885942,37.09126157811878,0.3685165172275351,17.800034165382385,-16.50003433227539,1.2999998331069946,-51.149505615234375,34.14976501464844,1,right,22.566289648435383,81.23864273436737
930.6383128580007,-341.9518585205078,661.1307373046875,16.549545288085938,-342.6066424936708,658.9845671286539,-2.2438334332136503,-0.2961237525269601,-0.027380505563666644,36.52233512178018,0.0038086814400983826,16.450041234493256,-16.05004119873047,0.40000003576278687,-49.34953308105469,34.14976501464844,1,right,22.392553691144915,80.61319328812169
934.1236436914166,-338.6698913574219,659.9576568603516,16.539306640625,-339.557348651118,657.8350354370808,-2.300674282609812,-0.3960074994516987,-0.029010969546600755,34.46972009652021,-0.6391571477653457,16.45004117488861,-15.500041007995605,0.9500001668930054,-48.2995491027832,34.14976501464844,1,right,21.75420586503575,78.3151411141287
937.6389023153571,-335.50341796875,658.4314575195312,16.504592895507812,-336.62839937699806,656.3684622060848,-2.3497942106077816,-0.4992388383960201,-0.027265015327917794,36.67703788070341,-1.2475304301397205,16.400038838386536,-15.000039100646973,1.399999737739563,-48.14955139160156,34.14976501464844,1,right,22.4399292099133,80.78374515568788
941.1989487353179,-332.4594268798828,656.5861511230469,16.4508056640625,-333.78674782754854,654.5982883927228,-2.390267586008695,-0.5887263462647557,-0.022948892843521904,43.57508690369277,-1.6992838838523205,16.400036692619324,-14.550037384033203,1.8499993085861206,-48.69954299926758,33.94976806640625,1,right,24.23508888129485,87.24631997266147
944.8248551595691,-329.52342224121094,654.4595642089844,16.382232666015625,-331.01551579540404,652.5522595891075,-2.4216015542339697,-0.6638576682196992,-0.018919234453976808,52.85626130553083,-1.996222568632433,15.992000341415405,-13.692001342773438,2.2999989986419678,-48.69954299926758,33.34977722167969,1,right,25.936050617801857,93.36978222408669
948.5687444855963,-326.65113830566406,652.0594635009766,16.303436279296875,-328.27670588534545,650.2346833598234,-2.443827432462842,-0.7277252396167726,-0.016198206465641685,61.73522989234139,-2.1046280947221163,15.543000221252441,-12.693001747131348,2.8499984741210938,-47.59955978393555,32.3997917175293,1,right,27.58250806346268,99.29702902846564
952.4527030393551,-323.8312225341797,649.3899078369141,16.221694946289062,-325.5720104982114,647.655275767345,-2.4574969282779136,-0.7871694278677286,-0.014629341637307378,68.3557760008711,-2.0451410458699915,15.24399995803833,-11.694002151489258,3.5499978065490723,-43.71746063232422,30.999813079833984,1,right,29.192592283555584,105.09333222080011
956.4799128904111,-321.0700378417969,646.4593963623047,16.141815185546875,-322.9098859001179,644.8210398917323,-2.4635853552036693,-0.8432632620198957,-0.014105280999796077,70.89543271165297,-1.861783490005231,15.095001220703125,-10.695002555847168,4.399998664855957,-39.69204330444336,29.14984130859375,1,right,30.773230155444665,110.7836285596008
960.6512907899249,-318.39036560058594,643.2633819580078,16.069412231445312,-320.3243373038513,641.7376849084696,-2.463330679385208,-0.9028646352561703,-0.014038393178091843,71.2332235829232,-1.5345905586025221,15.095001697540283,-9.696002960205078,5.398998737335205,-35.52229309082031,26.999874114990234,1,right,31.272719882819008,112.58179157814843
964.9672225179863,-315.82244873046875,639.7949829101562,16.012161254882812,-317.83935495978517,638.3899524041207,-2.458052371440874,-0.9623379868140004,-0.013485018487369521,74.15636848674923,-1.1162561035246599,15.095002174377441,-8.697003364562988,6.397998809814453,-31.207740783691406,26.999874114990234,1,right,31.907926467083552,114.86853528150078
969.4257340742942,-313.3819580078125,636.0639343261719,15.972076416015625,-315.47017652328395,634.7845166847785,-2.448992868398395,-1.0211026715097173,-0.013621603804459606,73.41279443706972,-0.6340858404392469,15.0950026512146,-7.698003768920898,7.396998882293701,-26.750408172607422,25.94989013671875,1,right,31.747551288135682,114.29118463728845
974.0190369952243,-311.1111755371094,632.0712280273438,15.955490112304688,-313.2672716989612,630.9348998274687,-2.437209969818633,-1.085758973441835,-0.013882002131802545,72.03571865970837,-0.14495346443994528,15.0950026512146,-6.69900369644165,8.39599895477295,-23.099933624267578,26.149887084960938,1,right,31.448381715947175,113.21417417740983
978.7356914085046,-309.05181884765625,627.8278961181641,15.959121704101562,-311.26422039508293,626.838567603662,-2.4235287323781947,-1.1502949637890987,-0.013249968069701593,75.47187998789806,0.09916606458590937,15.095002174377441,-5.700003623962402,9.394998550415039,-20.04998016357422,26.149887084960938,1,right,32.189700785136985,115.88292282649314
983.5681669952792,-307.21875,623.3565826416016,15.965011596679688,-309.4740726836406,622.5112418882226,-2.408543418057312,-1.2121831999566253,-0.012446840837882875,80.34167167595062,-0.008836387201149876,16.041996002197266,-5.647997856140137,10.393998146057129,-17.80001449584961,25.94989013671875,1,right,33.211981518080876,119.56313346509116
988.5069501401523,-305.6253662109375,618.6819000244141,15.957977294921875,-307.91189021150745,617.9772064160786,-2.3926523121446603,-1.271838905328915,-0.011722298087054925,85.30750477197914,-0.2784879080003133,16.041995525360107,-4.648997783660889,11.392997741699219,-15.950042724609375,25.549896240234375,1,right,34.22299195483908,123.20277103742069
993.5511702834399,-304.2821502685547,613.8198547363281,15.936920166015625,-306.5892084883009,613.2512050873177,-2.376106069311417,-1.3291309120238246,-0.010815273094313418,92.46183533967272,-0.5403142316912302,16.04199504852295,-3.6499977111816406,12.391997337341309,-14.50003719329834,24.899906158447266,1,right,35.62916222067707,128.26498399443744
998.7050459800292,-303.1842498779297,608.7843933105469,15.902603149414062,-305.50139330433194,608.3416853531089,-2.3590557420498026,-1.3820137878944592,-0.009293197422471255,107.60559090049753,-0.7667819066299986,15.650028944015503,-2.899998426437378,12.750030517578125,-13.400032997131348,24.34991455078125,1,right,37.29260801804053,134.25338886494592
1003.9739125146848,-302.3166809082031,603.587646484375,15.856765747070312,-304.6336907353673,603.2492349410022,-2.3415928151289007,-1.4257665004338962,-0.007660329615449102,130.54268552403187,-0.9427691868508781,15.35003137588501,-2.4000000953674316,12.950031280517578,-12.600029945373535,23.949920654296875,1,right,38.91974363728791,140.11107709423646
1009.3564946436209,-301.6453399658203,598.2473754882812,15.802017211914062,-303.95574571202826,597.9984268910137,-2.3237792744131776,-1.4634594231199995,-0.006505450668568918,153.7172520316693,-1.0658590288040282,15.450031995773315,-2.3500001430511475,13.100031852722168,-12.050027847290039,23.899921417236328,1,right,40.514573704724654,145.85246533700877
1014.8521796483392,-301.1497039794922,592.7744293212891,15.740707397460938,-303.4489986869009,592.6031021649353,-2.305668915092081,-1.496420854839318,-0.005544173752837972,180.36952746802285,-1.1512175047426076,15.260031938552856,-2.1600000858306885,13.100031852722168,-11.700026512145996,23.899921417236328,1,right,42.08060010170027,151.490160366121
1020.4556858287062,-300.81353759765625,587.1814117431641,15.674163818359375,-303.09845058569124,587.0764609426036,-2.2873220222411077,-1.5248965102389953,-0.004498601958625448,222.2912827578884,-1.216290539172582,15.323472023010254,-2.223440170288086,13.100031852722168,-11.550025939941406,23.899921417236328,1,right,43.619500252067176,157.03020090744184
1026.104462806384,-300.61814880371094,581.5364532470703,15.60382080078125,-302.8863214526474,581.4824402497096,-2.268815675471987,-1.546987384842688,-0.003787163613099054,264.049854234234,-1.2674439078236732,15.27475118637085,-2.3747200965881348,12.900031089782715,-11.500025749206543,23.69992446899414,2,straight,45.117736991516225,162.42385316945843
1031.8717177056144,-300.5392608642578,575.7702178955078,15.5294189453125,-302.7894997227767,575.7641534325093,-2.2502470304613156,-1.5681013025341708,-0.003480389554613883,287.32415849091376,-1.3004279260930174,15.105309963226318,-2.5552802085876465,12.550029754638672,-11.60002613067627,23.39992904663086,2,straight,46.59772603736929,167.75181373452946
1037.7414415300136,-300.57977294921875,569.9011383056641,15.452468872070312,-302.81119659339174,569.9383059571874,-2.2317331637304116,-1.5874512613927902,-0.0035218157912629833,283.9444364128377,-1.308148706090173,14.806588172912598,-2.7065601348876953,12.100028038024902,-11.850027084350586,22.949935913085938,2,straight,48.05723313920424,173.00603930113527
1043.717392547795,-300.7465515136719,563.9280242919922,15.374465942382812,-302.95826722901637,564.0144834485634,-2.2134049767850694,-1.6098678746066104,-0.0038481137172416136,259.86758019116314,-1.3130605953022734,14.270025968551636,-2.7700002193450928,11.500025749206543,-12.500029563903809,22.399944305419922,2,straight,49.49896363674994,178.1962690922998
1049.7979134453144,-301.0577392578125,557.8560028076172,15.294143676757812,-303.2487686582923,557.9943747043721,-2.195394410027131,-1.6338663954088528,-0.003855448814338358,259.37317499353503,-1.313044196375679,13.300021886825562,-2.4999988079071045,10.800023078918457,-12.500029563903809,21.699954986572266,2,straight,50.92404439688067,183.3265598287704
1055.983396713588,-301.52073669433594,551.6884002685547,15.213424682617188,-303.69043398210215,551.8762057248246,-2.1778101868493427,-1.6571394861875859,-0.003519047891426791,284.16777232166396,-1.2852118094038634,13.300018310546875,-3.249998092651367,10.050020217895508,-11.90002727508545,20.899967193603516,2,straight,52.33392384026092,188.40212582493933
1062.2745303391523,-302.129150390625,545.4272613525391,15.133834838867188,-304.27753415969204,545.6578545645302,-2.1607235011928623,-1.6777203196214696,-0.003057690828574322,327.0441833605066,-1.2151373996587944,13.250014781951904,-3.9499974250793457,9.300017356872559,-11.45002555847168,20.099979400634766,2,straight,53.72994931957563,193.42781755047227
1068.6712104146286,-302.8704071044922,539.0741119384766,15.059356689453125,-304.99779565869454,539.3416303827818,-2.144142760777538,-1.6958894062215344,-0.0027016492230358957,370.1442776039891,-1.080842880952071,13.30001449584961,-4.549999237060547,8.750015258789062,-11.100024223327637,19.449989318847656,2,straight,55.11315142752566,198.40734513909237
1075.1731313092814,-303.73573303222656,532.6303558349609,14.994598388671875,-305.8423812349463,532.9309723702032,-2.1279889452916025,-1.7125383716203264,-0.0025800931605572397,387.58290409328606,-0.9032937670053309,13.200014114379883,-4.800000190734863,8.40001392364502,-10.85002326965332,19.099994659423828,2,straight,56.48440856000075,203.34387081600272
1081.7793131117485,-304.7256622314453,526.0989837646484,14.941146850585938,-306.8111127064734,526.4332163166172,-2.112064175774594,-1.7297136249331118,-0.0027133213049759797,368.55200236186283,-0.7692708607552223,13.250014305114746,-4.90000057220459,8.350013732910156,-10.750022888183594,19.04999542236328,2,straight,57.84437086725621,208.23973512212237
1088.4873621494673,-305.85069274902344,519.4861297607422,14.892257690429688,-307.91362060024136,519.8570269679668,-2.096004784741099,-1.748687448742858,-0.002870135140156077,348.4156498448433,-0.7018182075706925,15.248013973236084,-5.899000644683838,9.349013328552246,-10.750022888183594,18.849998474121094,2,straight,59.19334096719384,213.09602748189783
1095.2975859151852,-307.12351989746094,512.7960662841797,14.846328735351562,-309.1622180398908,513.2045047446254,-2.07920948726147,-1.7685214643674285,-0.0028833900929488565,346.81398207111664,-0.6394805977883999,17.246013641357422,-6.898000717163086,10.348012924194336,-10.85002326965332,18.550003051757812,2,straight,60.53211353487877,217.91560872556357
1102.209177542273,-308.54937744140625,506.0332794189453,14.804580688476562,-310.5615870682057,506.47786506210787,-2.0607386967519106,-1.7882468725897598,-0.0028153683411951957,355.1933100076967,-0.5630107114984018,18.243006229400635,-7.897000789642334,10.3460054397583,-11.1500244140625,18.150009155273438,2,straight,61.861197151937866,222.70030974697633
1109.2211283437266,-310.13002014160156,499.201904296875,14.768020629882812,-312.11226037934864,499.6805197226942,-2.039203051678706,-1.8077135625622087,-0.002828892386004603,353.4952425010249,-0.3704479917259862,18.243006706237793,-8.896000862121582,9.347005844116211,-11.500025749206543,17.80001449584961,2,straight,63.18101539747447,227.4516554309081
1116.3323813736479,-311.8693389892578,492.30665588378906,14.7525634765625,-313.8156764767175,492.8190380777802,-2.0126512683050874,-1.828210432219324,-0.0030639123709374494,326.3800915083075,-0.06345031534589207,17.246013641357422,-8.8980073928833,8.348006248474121,-11.90002727508545,17.45001983642578,2,straight,63.12504219723652,227.25015191005147
1123.5390589427493,-313.7849426269531,485.35923767089844,14.759231567382812,-315.6859667995939,485.9075756111555,-1.9785265734101511,-1.851617337517868,-0.003240243574656923,308.61877416295164,0.12841574366433406,15.248014450073242,-7.899008274078369,7.349006175994873,-12.350028991699219,16.950027465820312,2,straight,61.766940003561956,222.36098401282305
1130.836940577593,-315.8897247314453,478.37147521972656,14.771255493164062,-317.73456394880316,478.95107935982406,-1.9337457684813821,-1.8752073229621737,-0.0032351650841900004,309.103237076501,0.09807673376529547,13.250014305114746,-6.900008201599121,6.350006103515625,-12.800030708312988,16.400035858154297,2,straight,60.360518778098715,217.2978676011554
1138.2256937847235,-318.1882019042969,471.3493194580078,14.773513793945312,-319.9629918271529,471.9539296914006,-1.874948747191394,-1.8991315235871664,-0.0033486049389538086,298.6318237685052,-0.12211091147105169,13.30001449584961,-7.450010299682617,5.850004196166992,-13.050031661987305,15.750041961669922,2,straight,58.90238388408665,212.04858198271197
1145.704744074832,-320.6910400390625,464.301513671875,14.752822875976562,-322.3782941222808,464.92548615679345,-1.7989352415448925,-1.925013834163197,-0.003828431626798842,261.2035678004661,-0.2979310470712093,13.30001449584961,-8.10001277923584,5.2000017166137695,-13.500033378601074,15.1000394821167,2,straight,57.38871142273826,206.59936112185775
1153.2751438086334,-323.4271697998047,457.24290466308594,14.7286376953125,-325.00508530717065,457.8841827236449,-1.7032483375422158,-1.9568149192624125,-0.0044070762895330184,226.90780333779105,-0.17046259836565048,13.400014877319336,-8.800015449523926,4.59999942779541,-14.250036239624023,14.400036811828613,2,straight,55.814761250439545,200.93314050158236
1160.9334127512589,-326.4390563964844,450.20176696777344,14.727127075195312,-327.8870661058611,450.85078552801525,-1.5868072378167242,-1.9921642150356917,-0.004202480809261583,237.95468566951286,0.03961245508377065,13.650016069412231,-9.650018692016602,3.99999737739563,-15.050039291381836,13.500033378601074,2,straight,57.15727115170299,205.7661761461308
1168.6721112885496,-329.70819091796875,443.18748474121094,14.734832763671875,-331.0138328133154,443.8192403195846,-1.4504536771957421,-2.021453538850592,-0.0034170142866630504,292.6531515841477,0.07203807869847756,13.950019836425781,-10.500021934509277,3.449997901916504,-15.850042343139648,12.400029182434082,3,straight,58.72896512569442,211.42427445249993
1176.4378102623734,-333.1758117675781,436.2389831542969,14.73828125,-334.3298665856081,436.83149923509177,-1.2972732283597,-2.045123068156283,-0.0029365395581457676,340.53687348636794,-0.057434522994470605,14.100022792816162,-11.1500244140625,2.949998378753662,-16.35003662109375,11.250024795532227,3,straight,60.26495271013653,216.9538297564915
1184.2814721924692,-336.8359069824219,429.30165100097656,14.7257080078125,-337.83174918941165,429.84113573447297,-1.132583541685983,-2.067273584291995,-0.0027065200763180808,369.4781386437704,-0.2603364324957558,14.000024557113647,-11.500025749206543,2.4999988079071045,-16.35003662109375,10.300021171569824,3,straight,61.77760628735342,222.39938263447232
1192.1996204459974,-340.6790771484375,422.37876892089844,14.697097778320312,-341.51670636495993,422.85499790101454,-0.9635438474062366,-2.0877651391795076,-0.002230525457760618,448.3248539131091,-0.297497746293407,13.800025224685669,-11.60002613067627,2.1999990940093994,-16.20003890991211,9.500018119812012,3,straight,63.26795286054669,227.7646302979681
1200.1937509600452,-344.68690490722656,415.46189880371094,14.678466796875,-345.3750114567066,415.86684462169154,-0.7984182731734475,-2.1027117549006538,-0.0015325600128025252,652.5029960630018,-0.18303547871972858,13.800026059150696,-11.800026893615723,1.9999991655349731,-16.05004119873047,8.600014686584473,3,straight,63.593213078336284,228.93556708201064
1208.2644806804324,-348.81317138671875,408.5257263183594,14.667770385742188,-349.3663930301329,408.85850086454593,-0.6455951404181305,-2.1123336050196118,-0.0010371814821571457,964.1514211381647,-0.10843348300693112,13.900026679039001,-11.950027465820312,1.949999213218689,-16.000041961669922,7.850011825561523,3,straight,62.08175559499617,223.4943201419862
1216.4099652739853,-353.0393829345703,401.56239318847656,14.660919189453125,-353.47666661615096,401.8297193502467,-0.5125234579446089,-2.119507629355871,-0.0007986799470965922,1252.0659916844766,-0.07753222009294625,14.050027012825012,-12.050027847290039,1.9999991655349731,-16.05004119873047,7.350009918212891,3,straight,60.518035148064406,217.86492653303188
1224.632110625306,-357.34779357910156,394.5594482421875,14.65509033203125,-357.69188243594834,394.7725935086316,-0.40475677389468895,-2.12539346262393,-0.0007575806180131206,1319.9915312282724,-0.031398878048305434,14.100027203559875,-12.100028038024902,1.9999991655349731,-16.150039672851562,7.300009727478027,3,straight,58.89750838600466,212.03103018961679
1232.9301019141851,-361.74183654785156,387.5203399658203,14.655792236328125,-362.0172236433412,387.69346716101006,-0.325286147993577,-2.1320293238788985,-0.0008439203683920649,1184.9459231625328,0.05953046549727059,14.100027203559875,-12.100028038024902,1.9999991655349731,-16.300037384033203,7.250009536743164,3,straight,57.215516278576764,205.97585860287634
1241.2613317066093,-366.2019348144531,380.4835205078125,14.665023803710938,-366.43306251697936,380.63122099613446,-0.2742908112307286,-2.139430146870384,-0.000793118865594189,1260.8450553635737,0.16470892232088863,14.100027680397034,-12.200028419494629,1.8999992609024048,-16.50003433227539,7.200009346008301,3,straight,55.475506413901066,199.71182309004385
1249.5274726687185,-370.67433166503906,373.53179931640625,14.683059692382812,-370.88366468758574,373.66728104280253,-0.24935038102203447,-2.145205356781543,-0.0005496468009133504,1819.3501687598214,0.3017620317578462,14.100028395652771,-12.350028991699219,1.7499994039535522,-16.750030517578125,7.050008773803711,3,straight,53.69339110952311,193.2962079942832
1257.595995418338,-375.0712890625,366.7666778564453,14.7139892578125,-375.27740772299364,366.9010350300326,-0.2460421758521124,-2.1484666333892046,0.0011975959012367199,835.006197806231,0.5006065700059237,14.85002851486206,-12.500029563903809,2.349998950958252,-16.85002899169922,6.850008010864258,3,straight,51.8948920429177,186.82161135450372
1264.0451696777036,-378.7421569824219,361.4643096923828,14.7523193359375,-378.9611810413755,361.6021428646193,-0.2587847015750704,-2.132486159003862,0.002780561314712715,359.63961474567196,0.7010123869308771,15.200029850006104,-12.850030899047852,2.349998950958252,-17.250022888183594,6.550006866455078,3,straight,50.41123200978748,181.48043523523495
1269.9317370137621,-381.9139404296875,356.50555419921875,14.79931640625,-382.1550581741884,356.6513013021764,-0.28174453807264427,-2.1144920406273453,0.0015184904589745918,658.548754185312,0.8833522962718332,15.100029945373535,-12.850030899047852,2.2499990463256836,-17.400020599365234,6.450006484985352,3,straight,49.01781614256027,176.464138113217
1276.8670860122322,-385.50624084472656,350.5734558105469,14.867523193359375,-385.77090314732664,350.7341722496777,-0.30963835070040513,-2.1165303691230646,-0.0006115458118342021,1635.200471736879,1.0612237575214456,15.15002989768982,-12.850030899047852,2.2999989986419678,-17.400020599365234,6.500006675720215,3,straight,47.32352694772243,170.36469701180076
1283.490726767175,-388.9613037109375,344.92283630371094,14.942733764648438,-389.24941764094467,345.10019244275054,-0.338326523818636,-2.1225904110897633,-0.0008765978610009717,1140.773944917134,1.2081974959302633,15.900028944015503,-12.800030708312988,3.0999982357025146,-17.45001983642578,6.550006866455078,3,straight,45.64671356088092,164.3281688191713
1289.8531302390875,-392.31077575683594,339.5140838623047,15.0240478515625,-392.6207180033405,339.70716815156584,-0.3651653583348087,-2.127933530620557,-0.0007336750991951135,1363.0011446443543,1.3937122161793436,15.960031032562256,-12.800030708312988,3.1600003242492676,-17.550018310546875,6.550006866455078,3,straight,43.975870489284404,158.31313376142387
1295.951253480871,-395.5456848144531,334.34552001953125,15.115798950195312,-395.87518517678035,334.55255528076776,-0.3891453303960411,-2.1317873155014437,-0.00032335859528850874,3092.541885604663,1.5935438390756396,15.910031080245972,-12.850030899047852,3.06000018119812,-17.65001678466797,6.550006866455078,3,straight,42.31255133641351,152.32518481108866
1301.781688942437,-398.6484069824219,329.4101867675781,15.213668823242188,-398.99625384394557,329.6288297684821,-0.41085545014782876,-2.131952325278772,0.0002683480172667452,3726.504150041746,1.7332114385227637,15.950031280517578,-12.900031089782715,3.0500001907348633,-17.80001449584961,6.500006675720215,3,straight,40.65866580190042,146.37119688684152
1307.3705594397175,-401.6155090332031,324.6750183105469,15.313461303710938,-401.982260160957,324.9039663635975,-0.43234662101654026,-2.128863318622848,0.0004832438608468881,2069.3485857171436,1.8077722273877272,15.920031309127808,-12.900031089782715,3.0200002193450928,-20.399974822998047,6.450006484985352,3,straight,39.007533532914586,140.42712071849252
1312.7354620481315,-404.4499969482422,320.12109375,15.411590576171875,-404.8381185881947,320.3621788302072,-0.4569030786697795,-2.12662849019089,0.0005850475421383949,1709.262799985316,1.8230909913433013,15.88003134727478,-12.900031089782715,2.9800002574920654,-21.29996109008789,6.450006484985352,3,straight,37.3539762157381,134.47431437665716
1317.8352095732985,-407.1336364746094,315.7855529785156,15.5042724609375,-407.5497717802053,316.0418524914304,-0.488731043503217,-2.122828141033114,0.000794465074693107,1258.708572414324,1.7867174746408754,15.870031356811523,-12.900031089782715,2.9700002670288086,-22.149948120117188,6.450006484985352,3,straight,35.71123192167274,128.56043491802188
1322.7175416082564,-409.6854705810547,311.6240692138672,15.590072631835938,-410.14006356623554,311.90148490611153,-0.5325544558813268,-2.1187190405071235,0.0009875073538272994,1012.6506867258079,1.703998332769796,15.860031366348267,-12.900031089782715,2.9600002765655518,-22.89993667602539,6.500006675720215,3,straight,34.064376023670384,122.63175368521338
1327.3809443424575,-412.1044921875,307.63787841796875,15.667160034179688,-412.61240066602255,307.94417861298734,-0.5931195764966155,-2.1134641007755057,0.0016926451519773678,590.7912824089493,1.5828084458711311,15.900031089782715,-12.850030899047852,3.0500001907348633,-23.649925231933594,6.500006675720215,3,straight,32.413331418815346,116.68799310773525
1331.8576928030323,-414.4003448486328,303.7952575683594,15.735000610351562,-414.9815245936859,304.1378595312139,-0.6746450926315128,-2.1034549982927753,0.004913683954552522,203.51329252128664,1.4292959306601682,15.930030822753906,-12.800030708312988,3.130000114440918,-24.249916076660156,6.600007057189941,4,left,30.745072466458968,110.68226087925228
1336.1664306731398,-416.5337677001953,300.0522155761719,15.793014526367188,-417.21839719635585,300.42656968135606,-0.7802938825091901,-2.071177939100906,0.010508554945018733,95.16056253519616,1.0764428038367857,15.220997095108032,-11.890996932983398,3.330000162124634,-24.699909210205078,6.750007629394531,4,left,29.049082581150095,104.57669729214035
1340.2988623020783,-418.41627502441406,296.3736267089844,15.826797485351562,-419.2392640221066,296.7661091398318,-0.9117858020647708,-2.01579273889716,0.015939878268018237,62.73573632029546,0.7352715622362727,14.57199764251709,-10.891997337341309,3.6800003051757812,-24.949905395507812,7.1500091552734375,4,left,27.323770846737926,98.36557504825653
1344.257069309083,-419.9969177246094,292.74481201171875,15.852783203125,-420.99289544306134,293.13373363494725,-1.069220110485906,-1.9430796301533775,0.02048731739220283,48.81068520862498,0.5208978432497791,14.202998161315918,-9.892997741699219,4.310000419616699,-24.949905395507812,7.80001163482666,4,left,25.56224269301239,92.0240736948446
1348.0628115362838,-421.2305145263672,289.1445770263672,15.867645263671875,-422.43065453825886,289.4982318220648,-1.2511625644429027,-1.857363381010376,0.024348945350132017,41.069540615424565,0.5560775767765147,13.51399850845337,-8.893998146057129,4.62000036239624,-24.899906158447266,8.800015449523926,4,left,23.745661807301865,85.48438250628672
1351.794569640943,-422.11151123046875,285.5184020996094,15.894454956054688,-423.54058444068573,285.7917902369697,-1.454988423943361,-1.7598170208376953,0.023901854729168726,41.83775741803191,0.5875916298804018,12.693995952606201,-7.894998550415039,4.798997402191162,-24.699909210205078,11.534647941589355,4,left,23.96671736590056,86.28018251724203
1355.5400130619903,-422.65985107421875,281.8133544921875,15.911544799804688,-424.32743115192477,281.9940038367917,-1.6773364305552811,-1.6787057549396467,0.019745657497864028,50.64404667751248,0.10761651675657014,12.693995952606201,-6.895998477935791,5.79799747467041,-24.699909210205078,15.279051780700684,4,left,25.740166041364013,92.66459774891045
1359.3780641306043,-422.9455261230469,277.9859619140625,15.901962280273438,-424.85858180592083,278.06183098085035,-1.9145595214230589,-1.610434132044181,0.018190557648850858,54.973575813558,-0.4760154609591005,12.693995952606201,-5.896998405456543,6.796997547149658,-23.799922943115234,19.116090774536133,4,left,27.43881127647199,98.77972059529917
1363.2951613048922,-422.95875549316406,274.06898498535156,15.874267578125,-425.12059668018105,273.99713066854804,-2.163034988326873,-1.5375710025831135,0.019051743521488806,52.48863437994963,-0.791325218432859,12.693995952606201,-4.897998332977295,7.795997619628906,-22.649940490722656,23.03209114074707,4,left,26.844603421898157,96.64057231883336
1367.2633270542658,-422.6737365722656,270.11122131347656,15.8394775390625,-425.0781933506679,269.84410986858853,-2.419248007789803,-1.4601598190825433,0.019681136227633733,50.81007460310792,-0.946575074270517,12.693995714187622,-3.898998498916626,8.794997215270996,-21.549957275390625,26.99910545349121,4,left,26.411877353743627,95.08275847347706
1371.295644790314,-422.0655517578125,266.125244140625,15.798446655273438,-424.6965990538058,265.61731420312327,-2.6796273425915595,-1.3800900103065468,0.01971260132642369,50.728971962698466,-1.065316274686623,12.693995237350464,-2.899998426437378,9.793996810913086,-20.099979400634766,31.030214309692383,4,left,26.390789720226174,95.00684299281423
1375.3982988197804,-421.1287384033203,262.13124084472656,15.75274658203125,-423.96163157035096,261.34423263947355,-2.9401812207658935,-1.2998188566194793,0.019010631855283483,52.602144295486816,-1.1185109406047111,13.392995119094849,-2.599998712539673,10.792996406555176,-18.350006103515625,35.131614685058594,4,left,26.873614302833737,96.74501149020145
1379.5676351810337,-419.8583679199219,258.1604309082031,15.705917358398438,-422.862946632508,257.07086158371015,-3.196037320339325,-1.2229088696203108,0.018366079723873774,54.44820097890112,-1.1181468996549926,13.791995167732239,-1.9999991655349731,11.791996002197266,-16.600032806396484,39.299686431884766,4,left,27.341108795760952,98.42799166473944
1383.8010287438196,-418.25416564941406,254.2430419921875,15.658798217773438,-421.3886652734337,252.8233162952566,-3.4410331221168153,-1.1455040411055157,0.017529953296671508,57.04521758137682,-1.075062577991126,14.388997435569763,-1.7499994039535522,12.638998031616211,-15.150039672851562,42.7496337890625,4,left,27.985558350552388,100.7480100619886
1388.0966145531618,-416.3328094482422,250.4013671875,15.614273071289062,-419.55609287984475,248.65173987914247,-3.667526659561448,-1.0734907834472875,0.01686669473444198,59.28843888767304,-0.9947879915487068,13.939997434616089,-2.2999989986419678,11.639998435974121,-14.300036430358887,46.94956970214844,4,left,28.530498714619732,102.70979537263104
1392.4492232354164,-414.1211853027344,246.65274047851562,15.57281494140625,-417.3740185669682,244.56240102988127,-3.8665803050528997,-0.9996258499566388,0.017561028266104686,56.944273697807546,-0.8579414458469881,13.54099726676941,-2.899998426437378,10.640998840332031,-14.250036239624023,46.94956970214844,4,left,27.960786582677642,100.65883169763951
1396.8370052418766,-411.61614990234375,243.05047607421875,15.539352416992188,-414.8212109760615,240.6097362708696,-4.028601155973792,-0.9199588095485498,0.019016873442077795,52.58487958316766,-0.7063023448694805,12.991997241973877,-3.3499979972839355,9.641999244689941,-14.65003776550293,42.7496337890625,4,left,26.869203804913525,96.7291336976887
1401.2555148008353,-408.78074645996094,239.66183471679688,15.510650634765625,-411.84490969691745,236.87132191710322,-4.144400804455327,-0.8321046621687331,0.018090616230828138,55.27727675168436,-0.6596626097239433,12.542997121810913,-3.8999974727630615,8.642999649047852,-15.400040626525879,38.332218170166016,4,left,27.548482144751052,99.1745357211038
1405.7292536531525,-405.64727783203125,236.46890258789062,15.480682373046875,-408.54306035234487,233.4178341405211,-4.206492015383815,-0.7592918008321958,0.01546840142440914,64.64792143433773,-0.48564303194593705,12.293999671936035,-4.649999618530273,7.644000053405762,-16.65003204345703,33.859580993652344,4,left,29.39749321214737,105.83097556373053
1410.301131403303,-402.227294921875,233.43482971191406,15.467086791992188,-404.91492412247015,230.19392560466557,-4.210321858512936,-0.6923436097841552,0.014495929526689183,68.9848828361679,-0.1176134570965992,12.24500322341919,-5.600003242492676,6.644999980926514,-17.700016021728516,29.28872299194336,4,left,30.775230978360312,110.79083152209712
1414.9832656293252,-398.52088928222656,230.5738983154297,15.470199584960938,-400.95264311632974,227.2046842227908,-4.155120974377509,-0.625179224052943,0.012845965232090736,77.845454345609,-0.013481220866795596,12.24500322341919,-6.599003314971924,5.645999908447266,-18.550003051757812,24.607589721679688,4,left,32.51635535587768,117.05887928115965
1419.7722106450387,-394.5615539550781,227.87989807128906,15.46563720703125,-396.7472976586725,224.4773456000994,-4.044111627663273,-0.5710022955867327,0.010701851904234033,93.44177147549243,-0.25110755288766384,12.24500322341919,-7.598003387451172,4.646999835968018,-19.24999237060547,19.81964683532715,4,left,34.205639651404695,123.1403027450569
1424.6442816107644,-390.39817810058594,225.3494873046875,15.4456787109375,-392.33443567229364,221.98252427197576,-3.8840099700751147,-0.5218909338927628,0.009112670398323947,109.73731697614407,-0.4808188723216311,12.245002746582031,-8.597002983093262,3.6479997634887695,-19.749984741210938,16.600032806396484,4,left,35.8426373377885,129.03349441603862
1429.4808882124096,-386.15528869628906,223.02786254882812,15.41900634765625,-387.8645087625391,219.7643983454129,-3.68396957667193,-0.48246194231180334,0.0058878626499132836,169.84091842134396,-0.6954195476433611,12.245002269744873,-9.596002578735352,2.6489996910095215,-20.04998016357422,16.550033569335938,4,left,35.7351443051085,128.6465194983906
1434.2091862837976,-381.94700622558594,220.87249755859375,15.379470825195312,-383.4962322067536,217.78517937724888,-3.4542198386303284,-0.46508908643570523,0.0029679284182458493,336.93534987310625,-0.8361786022306417,12.585002303123474,-10.595002174377441,1.9900001287460327,-20.299976348876953,17.200023651123047,4,left,34.142576121767114,122.9132740383616
1438.7583074730665,-377.8762512207031,218.84222412109375,15.3414306640625,-379.28370044080805,215.96305623033044,-3.204765365885059,-0.45467891578633357,0.0008811140432464712,1134.92686635148,-0.7525324292948721,11.680999517440796,-10.040999412536621,1.6400001049041748,-20.49997329711914,18.25000762939453,4,left,32.536864782656586,117.13271321756372
1443.1206054632248,-373.95982360839844,216.9211883544922,15.312103271484375,-375.2583281121078,214.27858292574217,-2.944397629093678,-0.4567220829340851,0.0003433229977141683,2912.709042673991,-0.78303255004053,10.821999907493591,-9.041999816894531,1.78000009059906,-20.64997100830078,19.54998779296875,4,left,30.918872859152398,111.30794229294864
1447.2856849818072,-370.2135467529297,215.101318359375,15.27508544921875,-371.384305566763,212.69038250824946,-2.680165643838234,-0.4520641952555683,0.003315153106269522,301.64519343279466,-0.7732656706950447,10.573000431060791,-8.043000221252441,2.5300002098083496,-20.799968719482422,22.544511795043945,4,left,29.290741778491313,105.44667040256873
1451.2324430848685,-366.64414978027344,213.41738891601562,15.248886108398438,-367.65353542623734,211.2209057680595,-2.4173120612641545,-0.4307641910175137,0.008324536928446265,120.12680207866472,-0.65506301019993,10.57300090789795,-7.044000625610352,3.5290002822875977,-20.84996795654297,26.490182876586914,5,left,27.65966039362976,99.57477741706714
1454.9837904275983,-363.2058868408203,211.91726684570312,15.224624633789062,-364.0251303568894,209.91911012950607,-2.1595810244361457,-0.389096915049724,0.014169186398497957,70.57568246162728,-0.6670191786369184,10.57300090789795,-6.0450005531311035,4.528000354766846,-20.84996795654297,30.24045181274414,5,left,26.014712223784763,93.65296400562515
1458.6084065232337,-359.8134460449219,210.64111328125,15.199737548828125,-360.42689480305853,208.83256437304763,-1.9097561447000122,-0.3270157588407658,0.021291632422673325,46.96680743629156,-0.699606627469862,10.426001071929932,-5.0460004806518555,5.380000591278076,-20.699970245361328,33.863983154296875,5,left,24.319877315564394,87.55155833603182
1462.1452270258728,-356.4176940917969,209.6525115966797,15.174545288085938,-356.81040783552675,208.02905538925515,-1.6702796597994034,-0.23734054290056442,0.027014822294916568,37.01671582671014,-0.8259801724321392,9.94200086593628,-4.047000408172607,5.895000457763672,-20.49997329711914,37.399715423583984,5,left,22.54360145954523,81.15696525436283
1465.6311766439035,-352.9932098388672,209.00160217285156,15.141845703125,-353.19105895876925,207.5714056586276,-1.4438165893022423,-0.13746455558565276,0.030118277548001712,33.20242993332625,-0.8847273803212374,10.354000806808472,-3.4600002765655518,6.89400053024292,-20.149978637695312,37.399715423583984,5,left,21.35056096002902,76.86201945610448
1469.0653856670904,-349.57115173339844,208.71438598632812,15.113265991210938,-349.60700631551185,207.48126044311647,-1.233646690256009,-0.02906799175557238,0.03370593280470682,29.668367459047335,-0.2585072941656552,10.683000802993774,-2.7900002002716064,7.893000602722168,-20.149978637695312,33.96662521362305,5,left,20.18232429724518,72.65636747008266
1472.445162737402,-346.19305419921875,208.82041931152344,15.123611450195312,-346.09718577748936,207.78103843641406,-1.0437927753285128,0.09197584511273407,0.03602436370420223,27.758991337391766,0.6757425743941337,11.362000465393066,-2.4700002670288086,8.892000198364258,-20.19997787475586,30.58786392211914,5,left,19.522084861980446,70.27950550312961
1475.7811187392883,-342.89512634277344,209.3214874267578,15.1583251953125,-342.7094806158717,208.4624823964414,-0.878836718637636,0.2128437146793859,0.03447781872182684,29.00415505018393,1.7023344942335594,11.612998247146606,-2.120000123977661,9.492998123168945,-20.249977111816406,28.84984588623047,5,left,19.955125556408827,71.83845200307178
1479.1123002677405,-339.68434143066406,210.20547485351562,15.237045288085938,-339.44916639750573,209.50020927095377,-0.7434425587544164,0.3218609414774994,0.028395025366260637,35.21743640307552,1.9248954287272468,11.765486717224121,-2.5900001525878906,9.17548656463623,-20.299976348876953,28.84984588623047,5,left,21.831390042286106,78.59300415222998
1482.485079493047,-336.53076171875,211.40049743652344,15.287002563476562,-336.27920101956204,210.81018059729047,-0.6416827534365741,0.40284025885970454,0.025112432085399282,39.82091406357308,0.8684452791916542,11.245800018310547,-3.000800132751465,8.244999885559082,-20.699970245361328,28.749847412109375,5,left,23.381909110723925,84.17487279860613
1485.920786557234,-333.4355773925781,212.89175415039062,15.295394897460938,-333.1628301778841,212.38405333781745,-0.5763255661610179,0.4929786745822549,0.026854447121228496,37.23778022633346,0.2562367826135503,11.22640061378479,-3.980400323867798,7.246000289916992,-21.44995880126953,25.315149307250977,5,left,22.610816624775016,81.39893984919006
1489.4114717893704,-330.4446563720703,214.6915283203125,15.304763793945312,-330.1400915605839,214.23558128026713,-0.5483132569269716,0.5889132664276043,0.02682769054691897,37.274919294715254,0.18947084860534424,11.226400375366211,-4.979400157928467,6.247000217437744,-22.24994659423828,21.825475692749023,5,left,22.622089254136696,81.4395213148921
1492.9580531625372,-327.5909423828125,216.79736328125,15.308639526367188,-327.24025141287495,216.36519808366586,-0.5565527058587333,0.6816984373910704,0.026145241364849053,38.24787792337802,0.23125900024769663,11.226400375366211,-5.978400230407715,5.248000144958496,-23.099933624267578,18.279895782470703,5,left,22.91543088951663,82.49555120225988
1496.5589270941862,-324.90577697753906,219.196533203125,15.321426391601562,-324.486946435675,218.76957030003695,-0.598093925242116,0.7757833919949731,0.025773113943645107,38.80012334507102,0.46038642280201714,10.789000511169434,-6.5400004386901855,4.249000072479248,-23.69992446899414,14.680045127868652,5,left,23.080271260163233,83.08897653658764
1500.2054149447706,-322.42486572265625,221.868896484375,15.34210205078125,-321.91447319374186,221.4369501266742,-0.6686390577154676,0.8684529041831123,0.025005771307409413,39.99076803936425,0.6994901015688448,10.694000482559204,-7.444000244140625,3.250000238418579,-24.19991683959961,11.034616470336914,5,left,23.43172318781792,84.3542034761445
1503.9004947751255,-320.1686706542969,224.79502868652344,15.372909545898438,-319.54373284534984,224.35687788211976,-0.7632322008740846,0.9593250793574043,0.023228948400511193,43.04973185863176,0.9652192686108396,10.763000011444092,-8.442999839782715,2.320000171661377,-24.549911499023438,7.95001220703125,5,left,24.311378284746247,87.52096182508649
1507.666538129594,-318.1349639892578,227.9644775390625,15.414306640625,-317.37798806231876,227.5217403696393,-0.8769428460019831,1.0415715306411808,0.017914031753938242,55.82216296898987,1.2136690674565243,11.241999506950378,-9.441999435424805,1.8000000715255737,-24.799907684326172,7.350009918212891,5,left,26.070683916097597,93.85446209795136
1511.5329112490901,-316.2790069580078,231.3558807373047,15.465774536132812,-315.38516955635686,230.89559237413224,-1.005390808522764,1.0952543664570435,0.009648059670712528,103.64778350569095,1.4107950503818856,12.120999097824097,-10.440999031066895,1.6800000667572021,-24.99990463256836,7.1500091552734375,5,left,27.76111242257062,99.94000472125423
1515.5249029071606,-314.4951477050781,234.9266357421875,15.525375366210938,-313.4663414413305,234.42395795677487,-1.1450446647505634,1.1163078498828574,0.0029439149598180503,339.6837251242493,1.538296043980214,13.009998679161072,-11.439998626708984,1.5700000524520874,-25.049903869628906,7.200009346008301,5,left,29.40467171935923,105.85681818969323
1519.6470305662729,-312.6927490234375,238.6332550048828,15.590713500976562,-311.52951014053446,238.06808483921841,-1.2932679594170207,1.1185253213849058,-0.00046248381243335634,2162.2378407981564,1.6147960522792548,14.088998317718506,-12.438998222351074,1.6500000953674316,-25.049903869628906,7.200009346008301,5,left,31.010529673371337,111.63790682413682
1523.898800350606,-310.82537841796875,242.45236206054688,15.660675048828125,-309.5268515400308,241.81123117377618,-1.4481784650721123,1.1121715838150665,-0.0023861670884238184,419.08213588703444,1.6493487916874106,15.010032415390015,-13.200032234191895,1.8100001811981201,-24.899906158447266,6.750007629394531,5,left,32.584082528073715,117.30269710106538
1528.2825837922078,-308.8591613769531,246.3697967529297,15.733154296875,-307.42745240349916,245.6369161930067,-1.6083856812909123,1.0976803355876001,-0.00393046044684392,254.42311747545503,1.6475137128473705,14.9990314245224,-13.000031471252441,1.9989999532699585,-24.699909210205078,9.450017929077148,5,left,34.130616547705664,122.87021957174039
1532.8011966344532,-306.75877380371094,250.36988830566406,15.807327270507812,-305.1978635367326,249.52971029093857,-1.772664649048541,1.0770099903533545,-0.004254814859709993,235.02785267327934,1.6484450714142396,15.748030662536621,-12.750030517578125,2.998000144958496,-24.449913024902344,12.650030136108398,5,left,35.65457722420914,128.3564780071529
1537.4545967064907,-304.5147247314453,254.4457244873047,15.884368896484375,-302.8238941654232,253.49537939079966,-1.9396040331587852,1.0587425800461383,-0.0033958605859741448,294.4761643426353,1.65924183138777,16.44702959060669,-12.450029373168945,3.997000217437744,-24.249916076660156,15.800042152404785,6,straight,37.15872865151022,133.7714231454368
1542.2396329529304,-302.1409149169922,258.59967041015625,15.963943481445312,-300.318193413364,257.5422173541966,-2.107254290622506,1.0450998161400724,-0.0025346533501024032,394.5312679383154,1.6673041027414515,17.146028518676758,-12.150028228759766,4.996000289916992,-24.099918365478516,18.949996948242188,6,straight,38.64442439332381,139.11992781596572
1547.1538831619262,-299.6510925292969,262.835693359375,16.046096801757812,-297.69767171295183,261.6738833151749,-2.2728078371332514,1.0342411420046675,-0.0020340486506660316,491.6303253968673,1.673390282063414,17.845027446746826,-11.850027084350586,5.99500036239624,-23.899921417236328,22.149948120117188,6,straight,40.11300453768374,144.4068163356615
1552.1949441920667,-297.05348205566406,267.15513610839844,16.130538940429688,-294.97463770931665,265.8922807773183,-2.4323645704495163,1.0248953345061944,-0.0016701232354823514,598.7582106246118,1.6686021528541373,18.444025993347168,-11.45002555847168,6.994000434875488,-23.749923706054688,22.949935913085938,6,straight,41.56560289233374,149.63617041240147
1557.3602947608872,-294.3545227050781,271.5584411621094,16.216384887695312,-292.1590869633988,270.2016463081915,-2.5808584563010806,1.0172414322764365,-0.0013752173880722945,727.1577633276918,1.65772426137345,19.04302453994751,-11.050024032592773,7.993000507354736,-23.599925994873047,22.949935913085938,6,straight,43.00314904953961,154.8113365783426
1562.647465768294,-291.5597229003906,276.04571533203125,16.303802490234375,-289.26213926939386,274.60444856565005,-2.7122205723906663,1.0105471137295199,-0.0012724740513036792,785.8706422936301,1.6511460575289183,19.592021942138672,-10.600022315979004,8.991999626159668,-23.349929809570312,22.44994354248047,6,straight,44.42645015663987,159.93522056390356
1568.05469442067,-288.6705780029297,280.6155090332031,16.392959594726562,-286.29224585347777,279.1005691278215,-2.8198416143525398,1.0036315489562997,-0.0013682250051472028,730.8739397672485,1.6381662816908227,20.09101963043213,-10.100020408630371,9.990999221801758,-22.999935150146484,22.049949645996094,6,straight,45.8363806467481,165.01097032829315
1573.5815358169345,-285.6827087402344,285.26422119140625,16.482894897460938,-283.2517038564022,283.68802165451405,-2.8972728082310706,0.9955652521466258,-0.0015287419089543425,654.132652570504,1.6072859296623498,20.540017127990723,-9.550018310546875,10.989998817443848,-22.44994354248047,21.699954986572266,6,straight,47.2340270231367,170.0424972832921
1579.161531889039,-282.6251220703125,289.93109130859375,16.571456909179688,-280.1734026215822,288.3102144302093,-2.9390764042745516,0.9866446621043592,-0.0017382441882908967,575.2931646405995,1.556031876526709,19.800039291381836,-9.000016212463379,10.800023078918457,-21.849952697753906,21.44995880126953,6,straight,48.60436063951069,174.97569830223847
1584.8339757373824,-279.47230529785156,294.6458435058594,16.657928466796875,-277.03589874281636,292.9974825410882,-2.941627231924518,0.9759797440176747,-0.001700585015516079,588.0329362401965,1.4740814840499494,19.10003662109375,-8.500014305114746,10.600022315979004,-21.099964141845703,21.14996337890625,6,straight,49.95888594326811,179.8519893957652
1590.5967145216555,-276.22132873535156,299.4033203125,16.73992919921875,-273.8306977088689,297.7552577406015,-2.903657511772723,0.9672308434990864,-0.0012278762008435806,814.4143516365704,1.3738904904375682,18.450034141540527,-7.95001220703125,10.500021934509277,-20.299976348876953,20.749969482421875,6,straight,51.29836132089964,184.6741007552387
1596.4498591958857,-272.8841094970703,304.2112579345703,16.817428588867188,-270.5658856222069,302.594364302707,-2.8263946912536717,0.9617697800626303,-0.000879097148009253,1137.5307066625523,1.2349944627219944,17.800031661987305,-7.400010108947754,10.40002155303955,-19.54998779296875,20.3499755859375,6,straight,52.62396082714096,189.44625897770746
1602.3945566605876,-269.4706115722656,309.0777587890625,16.885467529296875,-267.2528075315695,307.51469431321027,-2.7132683830758806,0.9568693437310021,-0.0010498317464887053,952.5335877340594,1.1045768807146361,17.200029373168945,-6.850008010864258,10.350021362304688,-18.799999237060547,19.949981689453125,6,straight,53.93695778293203,194.17304801855533
1608.4321149154985,-265.9741516113281,313.9994201660156,16.94970703125,-263.88553439246294,312.5031347304506,-2.569278496314493,0.9491482213508966,-0.001482125225665279,674.7068214503479,1.0242687310129117,16.65002727508545,-6.300005912780762,10.350021362304688,-18.10000991821289,19.599987030029297,6,straight,55.238529528428295,198.85870630234186
1614.5640516489118,-262.37709045410156,318.9651184082031,17.010040283203125,-260.44048607385423,317.54716367466676,-2.400215022024354,0.9387939584338916,-0.0017747582746755336,563.4570151153812,0.9425119681501615,16.150025367736816,-5.750003814697266,10.40002155303955,-17.400020599365234,19.349990844726562,6,straight,56.529781196668296,203.50721230800588
1620.7897609009083,-258.6700744628906,323.966552734375,17.06610107421875,-256.9006493264149,322.63922089047924,-2.211939225524002,0.9272001009074987,-0.001960829358733776,509.98828406249453,0.8597794526239655,15.700023651123047,-5.2000017166137695,10.500021934509277,-16.800029754638672,19.099994659423828,6,straight,57.81128095856216,208.12061145082376
1627.1097578151878,-254.84414672851562,328.9966583251953,17.117828369140625,-253.25219801778167,327.7697356700923,-2.0098855438090393,0.9141752399834605,-0.0019052440586564273,524.8671399637888,0.7770806205280145,15.30002212524414,-4.699999809265137,10.600022315979004,-16.250038146972656,18.999996185302734,6,straight,59.08376596531755,212.7015574751432
1633.5240355167975,-250.89859008789062,334.0536651611328,17.16497802734375,-249.48619019160103,332.93966884513543,-1.7988499823761432,0.9029677688859157,-0.0015587034534935013,641.5588531344519,0.6945027970932216,15.100021362304688,-4.249998092651367,10.85002326965332,-15.800042152404785,19.04999542236328,6,straight,60.34780513041378,217.25209846948962
1640.0331669840496,-246.84402465820312,339.14556884765625,17.207504272460938,-245.60985165358457,338.15420049360404,-1.5830332336200212,0.894067514359027,-0.0012591993262120044,794.1554440060394,0.6108291503849728,15.050021886825562,-3.8999974727630615,11.1500244140625,-15.400040626525879,19.349990844726562,6,straight,61.60402780586981,221.77450010113134
1646.6370701144308,-242.68800354003906,344.277587890625,17.2449951171875,-241.62937607629738,343.4139265947473,-1.36623678071751,0.886476492839573,-0.0010567471865440548,946.3001299964294,0.5220947820657074,15.050023555755615,-3.5499978065490723,11.500025749206543,-15.800042152404785,19.649986267089844,6,straight,60.65617710869099,218.36223759128757
1653.3360861489036,-238.43609619140625,349.4541778564453,17.276870727539062,-237.5481208354031,348.7201512029927,-1.1520830529296509,0.8800274582058001,-0.0009240008545453038,1082.2500813509475,0.43530935209459276,15.100025177001953,-3.249998092651367,11.850027084350586,-17.350021362304688,19.949981689453125,6,straight,59.34226190510586,213.6321428583811
1660.1289357008045,-234.0917205810547,354.6761016845703,17.30364990234375,-233.36764298308725,354.07019561135314,-0.9441454005817692,0.8740173078761361,-0.0007376142282202319,1355.722221374269,0.351749302644877,15.150026559829712,-2.9999983310699463,12.150028228759766,-18.999996185302734,20.249977111816406,6,straight,57.979546502836854,208.72636741021267
1667.0145919923275,-229.660888671875,359.9467315673828,17.324905395507812,-229.09077695023922,359.46572281601385,-0.7459200989650487,0.8699654994812965,-0.0003776987006271354,2647.613026837498,0.26420525524644134,15.200027704238892,-2.7999985218048096,12.400029182434082,-20.749969482421875,20.449974060058594,6,straight,56.56471763938708,203.6329835017935
1673.9920198816274,-225.15773010253906,365.2764434814453,17.340194702148438,-224.72964711159497,364.9144256200797,-0.5606353352076309,0.868820177232715,-1.8348365910532405e-05,54500.76616501178,0.1711935717274793,15.150028705596924,-2.5499987602233887,12.600029945373535,-22.09994888305664,20.64997100830078,6,straight,55.09398168510007,198.33833406636026
1681.0584248909347,-220.59671020507812,370.67376708984375,17.348861694335938,-220.29796039036682,370.4215905418799,-0.3909532748718202,0.8697339289705576,0.00015844672340264293,6311.269671754662,0.07411308589027055,15.15002965927124,-2.349998950958252,12.800030708312988,-22.849937438964844,20.899967193603516,6,straight,53.563347470777856,192.8280508948003
1688.1538965415982,-216.02493286132812,376.1000518798828,17.350662231445312,-215.84235228061624,375.9463504580639,-0.23866251386056947,0.8710657775257198,-9.690072361011326e-05,10319.840376255279,-0.1637928832494806,15.100030660629272,-2.099999189376831,13.000031471252441,-22.849937438964844,21.14996337890625,6,straight,51.98108747731365,187.13191491832916
1695.158038782839,-211.5072784423828,381.45245361328125,17.32611083984375,-211.42753735116207,381.38496394983235,-0.10446768065540435,0.8684193171819021,-0.00048326396520516346,2069.262498343867,-0.8138317004948714,16.299031496047974,-3.098999261856079,13.200032234191895,-22.549942016601562,21.349960327148438,6,straight,50.37046995710862,181.33369184559103
1701.9693297412173,-207.0966339111328,386.64210510253906,17.239990234375,-207.10580340931395,386.6499288043933,0.012053630473765047,0.8644293781673018,-0.0006675581239002498,1497.99689974176,-1.679339102706412,17.280033349990845,-3.880000352859497,13.400032997131348,-22.09994888305664,21.549957275390625,6,straight,48.75319448154375,175.51150013355752
1708.533078858951,-202.82504272460938,391.62384033203125,17.103515625,-202.91012188192414,391.6971557777506,0.11231036279176423,0.8595304503306901,-0.0006268773135213318,1595.2084697127443,-2.4366696390775378,17.1000337600708,-3.5500001907348633,13.550033569335938,-21.699954986572266,21.699954986572266,6,straight,47.14222985254528,169.712027469163
1714.8360210948972,-198.7039794921875,396.3896789550781,16.928298950195312,-198.8538514620175,396.5196738423497,0.19839424905339664,0.8563024550180437,-0.0003797624040888098,2633.2253778500512,-3.0856712899771876,17.25003433227539,-3.5500001907348633,13.700034141540527,-21.29996109008789,21.79995346069336,6,straight,45.54167365306937,163.95002515104972
1720.8805775446137,-194.74172973632812,400.94989013671875,16.72406005859375,-194.9474718731995,401.1288969600966,0.2727146305210445,0.8547743272418302,-0.00012940872851992247,7727.454024448204,-3.635987022155218,17.300734519958496,-3.500699996948242,13.800034523010254,-20.99996566772461,21.899951934814453,6,straight,43.95201474681681,158.22725308854052
1726.667118611028,-190.94674682617188,405.3124237060547,16.499420166015625,-191.20146369549246,405.53407040292683,0.3376506208358064,0.854709087673975,-2.595378005580684e-05,38530.03292197748,-4.096169757022605,17.32359218597412,-3.3735570907592773,13.950035095214844,-20.699970245361328,21.999950408935547,6,straight,42.37437670605811,152.5477561418092
1732.1895028703038,-187.32473754882812,409.4743194580078,16.261932373046875,-187.62287634653796,409.733866206105,0.39528629769785323,0.8544883962004897,-2.5744989975123866e-05,38842.50881302542,-4.474820482198116,17.249744176864624,-3.1997087001800537,14.05003547668457,-20.399974822998047,22.09994888305664,6,straight,40.811924558834185,146.92292841180307
1737.4228096349905,-183.8920440673828,413.41705322265625,16.01910400390625,-184.22936167880943,413.71074543350664,0.4472563981574078,0.8544241774086864,4.545029463944028e-05,22002.05758693218,-4.777604288231974,17.11032724380493,-3.010291576385498,14.100035667419434,-20.099979400634766,22.199947357177734,6,straight,39.27393903741486,141.38618053469352
1742.3407722663496,-180.66770935058594,417.12269592285156,15.777786254882812,-181.04096363742698,417.4473555132963,0.49469446359645997,0.8549144669437566,0.0002503471895986126,3994.452670322855,-5.011279653229028,17.036479473114014,-2.8364434242248535,14.20003604888916,-19.84998321533203,22.299945831298828,6,straight,37.77159403230707,135.97773851630546
1747.0190809554304,-177.60446166992188,420.65057373046875,15.5386962890625,-178.01123296827464,421.0030728869441,0.5382550923859759,0.8567561269192018,0.0004905663200479027,2038.4603653637541,-5.168871801825592,17.009336948394775,-2.7093005180358887,14.300036430358887,-19.599987030029297,22.44994354248047,6,straight,36.28477407353612,130.62518666473002
1751.4881898046974,-174.6861114501953,424.02720642089844,15.305206298828125,-175.12403989429944,424.4047118258579,0.5781796026574003,0.8593622426037114,7.687885245336035e-05,13007.478234754664,-5.248854738154529,17.0600368976593,-2.6600000858306885,14.400036811828613,-19.349990844726562,23.349929809570312,6,straight,34.80517292667231,125.29862253602033
1755.7917985574159,-171.87942504882812,427.28175354003906,15.07830810546875,-172.34406598578448,427.68371925568715,0.6143839490515504,0.8575950331120477,-0.0018789236120644592,532.2196142403333,-5.270693758810552,17.227482318878174,-2.7914843559265137,14.43599796295166,-19.099994659423828,23.349929809570312,6,straight,33.31832077095021,119.94595477542076
1759.986470423372,-169.12059020996094,430.43377685546875,14.857284545898438,-169.6036443776548,430.8635420046591,0.6465596742644881,0.8437104753913348,-0.005716047363050397,174.94606613377414,-5.233940659258218,16.206998586654663,-2.7700002193450928,13.43699836730957,-18.849998474121094,24.949905395507812,7,right,31.80227774461541,114.48819988061548
1764.113059085475,-166.3326416015625,433.4685821533203,14.642730712890625,-166.82118283700612,433.9333271796336,0.6742851609012824,0.8103552715951896,-0.010904223329463197,91.70758611463884,-5.123731828612432,15.237998962402344,-2.8000001907348633,12.43799877166748,-18.75,26.199886322021484,7,right,30.236759814139365,108.85233533090171
1768.1729984615615,-163.459228515625,436.32945251464844,14.437728881835938,-163.93687907033214,436.8372498188068,0.697142850872447,0.7548157738596993,-0.01583036098984926,63.16975340241576,-4.928444185270742,14.428999423980713,-2.9900002479553223,11.43899917602539,-18.849998474121094,27.099872589111328,7,right,28.613057741177478,103.00700786823893
1772.1312781043202,-160.48553466796875,438.93499755859375,14.247314453125,-160.93715531789022,439.48909357148693,0.7148311709344999,0.6838557298578062,-0.018922750394926566,52.84644034981896,-4.645666901598222,13.919999837875366,-3.4800002574920654,10.4399995803833,-19.449989318847656,27.599864959716797,7,right,26.93594553675762,96.96940393232744
1775.9544560514194,-157.4368896484375,441.23565673828125,14.075790405273438,-157.85221771621462,441.83265051147384,0.7272544046715633,0.6078336600539096,-0.021323628309796408,46.89633422003442,-4.284190464779414,13.621000289916992,-4.180000305175781,9.440999984741211,-20.549972534179688,27.949859619140625,7,right,25.374284430707807,91.3474239505481
1779.695693975179,-154.2808380126953,443.2388610839844,13.92291259765625,-154.64760727458582,443.87531485455423,0.734570005881169,0.5227882507730358,-0.023611430698378483,42.352367917657574,-3.8492748289711276,13.62100076675415,-5.179000377655029,8.442000389099121,-22.199947357177734,28.04985809326172,7,right,24.11366393511312,86.80919016640723
1783.3990979575708,-150.9936065673828,444.93927001953125,13.789047241210938,-151.30233765059242,445.60869144133744,0.7371837774346569,0.43212123007377035,-0.024383739440545005,41.01093691713304,-3.3993248015074196,13.62100076675415,-6.178000450134277,7.443000316619873,-24.65951156616211,28.449851989746094,7,right,23.728713962744877,85.42337026588156
1787.100060693622,-147.56756591796875,446.3340759277344,13.67120361328125,-147.81446697664134,447.02711013317025,0.7357013950494785,0.34224162201511366,-0.02436348618439363,41.04502912397504,-2.9734620277861,13.494000911712646,-7.0500006675720215,6.444000244140625,-28.35759735107422,28.449851989746094,7,right,23.738574700307552,85.4588689211072
1790.8446854899862,-143.9876251220703,447.427490234375,13.567840576171875,-144.16894438679768,448.13548509794583,0.7308443080465109,0.2507139079405474,-0.02405334657248577,41.57425649634482,-2.566999133169978,13.088000774383545,-7.643000602722168,5.445000171661377,-32.099796295166016,29.249839782714844,7,right,23.89112503541497,86.00805012749389
1794.605952509275,-140.30645751953125,448.1944122314453,13.478591918945312,-140.4229243313835,448.908331023274,0.7233564540316002,0.16171278390459615,-0.022636380547383456,44.17667382410172,-2.3204597702019214,13.088000297546387,-8.642000198364258,4.446000099182129,-32.099796295166016,29.899829864501953,7,right,24.627530320760503,88.6591091547378
1798.4121384619746,-136.52914428710938,448.65431213378906,13.392288208007812,-136.58584636530014,449.3659805459057,0.7139237035396335,0.07950690097150234,-0.022192506738290985,45.06025442698632,-2.5868100404132566,13.087999820709229,-9.640999794006348,3.447000026702881,-31.84980010986328,30.549819946289062,7,right,24.87259941596309,89.54135789746712
1802.26453852043,-132.680908203125,448.7939453125,13.280181884765625,-132.67506834685588,449.4970414339361,0.7031203736912661,-0.008305723503334389,-0.022810594106465902,43.83927903554864,-2.7737841436572985,13.08799934387207,-10.639999389648438,2.447999954223633,-32.14979553222656,30.999813079833984,7,right,24.53330495582583,88.31989784097298
1806.1297547732263,-128.82249450683594,448.58863830566406,13.178253173828125,-128.75585377171473,449.27680591815147,0.6913867589519662,-0.09653693144641376,-0.023748362896472745,42.10816570217251,-2.198965087881133,13.087998986244202,-11.638998985290527,1.4490000009536743,-33.049781799316406,31.299808502197266,7,right,24.044044178475758,86.55855904251273
1810.0384698195971,-124.95474243164062,448.02842712402344,13.109619140625,-124.82449821408758,448.6948518628572,0.6790327596925096,-0.19300447440229032,-0.02337904009890214,42.7733557823428,-1.3393302481964353,13.087998628616333,-12.637998580932617,0.4500000476837158,-34.69975662231445,31.499805450439453,7,right,24.23321401044601,87.23957043760564
1813.9845653851298,-121.11958312988281,447.10003662109375,13.0733642578125,-120.93540959164358,447.7403332597903,0.6662579663415958,-0.2800771287699364,-0.021637890365198323,46.21522630544276,-0.2894787595288939,13.288997888565063,-12.838997840881348,0.4500000476837158,-36.99972152709961,31.599803924560547,7,right,25.189346332677598,90.68164679763936
1817.9701618291122,-117.33924865722656,445.8375549316406,13.087158203125,-117.10634390109448,446.4477984954196,0.6531782548145567,-0.36459560385854717,-0.020704492489775232,48.298696550704776,0.4089951299628414,11.939998246729374,-11.839998245239258,0.10000000149011612,-40.099674224853516,31.599803924560547,7,right,25.75087916053657,92.70316497793165
1821.9939738603525,-113.64201354980469,444.24974060058594,13.106170654296875,-113.36608168029007,444.8270393356016,0.639853284796235,-0.44586935341996214,-0.020828585402780694,48.010941725619844,0.659245778089601,11.939998626708984,-10.840998649597168,1.0989999771118164,-44.04961395263672,31.499805450439453,7,right,25.674055042843733,92.42659815423744
1826.0636091855329,-110.04859924316406,442.33973693847656,13.14068603515625,-109.73023654364316,442.87909481639366,0.6263080144126336,-0.5332287651973331,-0.02187957032592238,45.70473666090346,1.242551074913134,11.939999103546143,-9.841999053955078,2.0980000495910645,-44.04961395263672,31.299808502197266,7,right,25.04984028064667,90.17942501032802
1830.1939436151679,-106.59483337402344,440.07554626464844,13.208541870117188,-106.23626714874338,440.572182971496,0.6125502073299491,-0.6253317308279108,-0.02099148185172167,47.6383709860856,1.7589656773950635,11.9399995803833,-8.842999458312988,3.0970001220703125,-39.92083740234375,30.949813842773438,7,right,25.57424413668906,92.06727889208062
1834.3812976323134,-103.30570983886719,437.48529052734375,13.287124633789062,-102.91658500760902,437.94014058373375,0.5985872602216736,-0.7076792160174904,-0.01853465209091129,53.95299545387005,1.9317177877489211,11.940000057220459,-7.843999862670898,4.0960001945495605,-35.73522186279297,30.349822998046875,7,right,27.216491324466727,97.97936876808022
1838.6454869813483,-100.17402648925781,434.59242248535156,13.37188720703125,-99.76225032671223,435.0071703691946,0.584444535600326,-0.7818027344378028,-0.01628334408471037,61.412446657009085,1.9088763714885992,12.52500057220459,-7.430000305175781,5.095000267028809,-31.47287368774414,30.049827575683594,7,right,29.00171012140638,104.40615643706296
1843.0003777995128,-97.19007873535156,431.42149353027344,13.451507568359375,-96.76252540632674,431.79874028819575,0.5701902888712705,-0.8478250997812357,-0.01370619174345769,72.95972643001475,1.7409783385454514,13.064000606536865,-6.970000267028809,6.094000339508057,-27.11971092224121,29.9498291015625,7,right,30.718003289061137,110.58481184062009
1847.4610327714654,-94.33381652832031,427.99603271484375,13.525177001953125,-93.89751030205778,428.34061815220974,0.5559696455024764,-0.9023189303134117,-0.011276356904731902,88.68112356220027,1.5508534999546297,13.432000637054443,-6.339000225067139,7.093000411987305,-23.099933624267578,29.849830627441406,7,right,32.38180852053278,116.57451067391801
1852.0391416304533,-91.58413696289062,424.3362579345703,13.591445922851562,-91.14337392879196,424.6517689109516,0.5420509463555352,-0.9495256594695501,-0.009918187682332533,100.82487164276192,1.3501824725478562,13.432000160217285,-5.340000152587891,8.092000007629395,-21.64995574951172,29.549835205078125,7,right,34.00487773895436,122.41755986023571
1856.7404300600122,-88.93580627441406,420.4523162841797,13.650222778320312,-88.492416954397,420.74062376784434,0.528881172138153,-0.9942555585767587,-0.009247737459625233,108.13455770840247,1.1782398148587392,13.63100004196167,-4.5400004386901855,9.090999603271484,-20.64997100830078,29.049842834472656,7,right,35.59467722100868,128.14083799563124
1861.5652829735752,-86.39544677734375,416.3507385253906,13.703506469726562,-85.95010444682032,416.61361543206885,0.5171402705463568,-1.0375541496517031,-0.008789324597859638,113.77438492185377,1.0393976835471275,14.06999945640564,-3.9800002574920654,10.089999198913574,-19.899982452392578,28.349853515625,7,right,37.15559973472771,133.76015904501975
1866.5125262458182,-83.9725341796875,412.0376892089844,13.751632690429688,-83.5246711119719,412.27697485839604,0.5077784452278218,-1.0800998870799787,-0.008581512275576325,116.52957752517356,0.9090455081615101,14.588999032974243,-3.500000238418579,11.088998794555664,-19.39999008178711,29.9498291015625,7,right,38.69078328766526,139.28681983559494
1871.581722811275,-81.68260192871094,407.51539611816406,13.794403076171875,-81.22997364830911,407.73252991611645,0.5020153846574329,-1.1235058139054541,-0.008595298488210196,116.34267284279392,0.7775121914133987,15.427998542785645,-3.3400001525878906,12.087998390197754,-19.149993896484375,29.999828338623047,7,right,39.966293569548064,143.87865685037303
1876.7694228418181,-79.54463195800781,402.78887939453125,13.831222534179688,-79.083415081996,402.98525435609355,0.5012824874725811,-1.1682687951670303,-0.008716132544670463,114.72978352210312,0.6415551012550091,16.296998262405396,-3.2100002765655518,13.086997985839844,-19.149993896484375,29.999828338623047,7,right,39.68829505292266,142.8778621905216
1882.0712369069709,-77.58296203613281,397.86341857910156,13.861541748046875,-77.10762979825829,398.04008223437006,0.5071003682266774,-1.2149539887280651,-0.008718746786071069,114.69538278111071,0.4970537999007929,16.269996881484985,-3.580000162124634,12.689996719360352,-19.39999008178711,29.79983139038086,7,right,39.68234450949856,142.85644023419482
1887.4827963373398,-75.81822204589844,392.74774169921875,13.884307861328125,-75.32201208798807,392.9062207698675,0.5209030026435798,-1.2616567443769222,-0.008390883936718913,119.17695531741916,0.33710351283708917,15.69099760055542,-4.000000476837158,11.690997123718262,-19.999980926513672,29.44983673095703,7,right,40.45018373764198,145.62066145551114
1893.0023809173572,-74.25987243652344,387.4527282714844,13.898208618164062,-73.73489806356561,387.59473090518884,0.543840822522067,-1.3066237324580354,-0.007616618509860992,131.29185854658888,0.14982922348061312,15.491997718811035,-4.800000190734863,10.691997528076172,-20.899967193603516,28.84984588623047,7,right,42.0253029293175,151.291090545543
1898.603026936682,-72.90696716308594,382.0179443359375,13.900802612304688,-72.34483143337641,382.1463239346191,0.5766089662619793,-1.3462687117960517,-0.006022748858295041,166.03714076882272,-0.09873815383323326,15.472998142242432,-5.78000020980835,9.692997932434082,-22.049949645996094,28.04985809326172,7,right,43.56538381543184,156.83538173555462
1904.2707705260132,-71.72319030761719,376.4752197265625,13.886886596679688,-71.11575683245744,376.59610822159783,0.6193459897154057,-1.3743478683299033,-0.0037911128664503274,263.7747899434907,-0.3713949466799926,15.47299861907959,-6.779000282287598,8.693998336791992,-23.449928283691406,26.999874114990234,7,right,45.070372234924406,162.25334004572787
1910.0530692520636,-70.64300537109375,370.79478454589844,13.857986450195312,-69.98239319020887,370.9159436255457,0.6716308332070953,-1.3894079454926744,-0.0011248905342469973,888.9753887647396,-0.642458234728216,15.472999095916748,-7.778000354766846,7.694998741149902,-24.899906158447266,25.699893951416016,7,right,46.55566995457178,167.60041183645842
1915.9400488036476,-69.57749938964844,365.0052185058594,13.811614990234375,-68.8572389691644,365.1389901354024,0.7325775878270213,-1.38716194857927,0.0013800200735653856,724.6271406881965,-0.9638751413601598,15.472998142242432,-8.776999473571777,6.695998668670654,-26.349884033203125,24.19991683959961,7,right,48.020684295061,172.8744634622196
1921.9352287879385,-68.4405517578125,359.1192321777344,13.743072509765625,-67.65520260508147,359.2767990710218,0.8009997612706179,-1.3727922647053592,0.002693139300491379,371.3138788690003,-1.2951590947557934,15.466999053955078,-9.770000457763672,5.696998596191406,-27.69986343383789,22.699939727783203,7,right,49.46805470673967,178.08499694426283
1928.0386707845837,-67.1866455078125,353.1466369628906,13.654586791992188,-66.33144600171565,353.3345406497329,0.8755992181113628,-1.3545139462216702,0.003320034687392698,301.2016723190696,-1.7214485157273085,14.589996814727783,-9.891998291015625,4.697998523712158,-28.899845123291016,21.249961853027344,7,right,50.89930061567006,183.23748221641222
1934.2493996121332,-65.78578186035156,347.09722900390625,13.530502319335938,-64.85778699082968,347.32330017750235,0.9551348875368614,-1.3318383807038643,0.00418436957313395,238.98462660195526,-2.3107430978537735,14.589996576309204,-10.890997886657715,3.6989986896514893,-30.049827575683594,19.949981689453125,8,left,50.775613631296494,182.7922090726674
1940.5687047199283,-64.20068359375,340.9822082519531,13.364364624023438,-63.19944504035749,341.2580478618295,1.0385403849520194,-1.3019668253581145,0.005281321831531141,189.34653707897286,-2.8868872624800535,14.589996099472046,-11.889997482299805,2.699998617172241,-30.949813842773438,18.849998474121094,8,left,49.28926888674492,177.44136799228173
1946.994772821966,-62.379119873046875,334.8230438232422,13.162002563476562,-61.30653159164969,335.1623585796831,1.1249800555250424,-1.2644066077727891,0.006026415694127596,165.93611372916806,-3.3926292622495025,14.738996386528015,-12.888997077941895,1.8499993085861206,-31.69980239868164,17.850013732910156,8,left,47.73037131201688,171.82933672326075
1953.5220709292912,-60.2857666015625,328.6450958251953,12.924407958984375,-59.14423536128103,329.05781880071675,1.213850825703818,-1.223867432441042,0.005824727119927389,171.6818624135762,-3.8678170993794447,15.187996506690979,-13.887996673583984,1.2999998331069946,-32.19979476928711,17.1500244140625,8,left,48.54970144556334,174.77892520402804
1960.149184514078,-57.91935729980469,322.4608459472656,12.652755737304688,-56.709113720219754,322.9483532959308,1.3047424791617315,-1.187863393137302,0.00464339837924839,215.35951006682018,-4.314403731006989,15.100036203861237,-14.20003604888916,0.9000001549720764,-32.49979019165039,16.700031280517578,8,left,50.130320073787,180.4691522656332
1966.883894207709,-55.31980895996094,316.2555694580078,12.347457885742188,-54.03756875582506,316.8110455593506,1.397388149465069,-1.1619944243799627,0.0026394838110179453,378.8619561998144,-4.664833205624975,15.950036406517029,-14.400036811828613,1.5499995946884155,-32.69978713989258,16.50003433227539,9,straight,51.687105245517934,186.07357888386457
1973.7340518679373,-52.564727783203125,309.99249267578125,12.01873779296875,-51.20185758569789,310.59867928031656,1.4916022843794674,-1.1522861915362157,0.0007321027247655931,1365.9285318466518,-5.065320101550707,16.000036597251892,-14.450037002563477,1.5499995946884155,-32.749786376953125,16.450035095214844,9,straight,53.22388453829795,191.60598433787263
1980.7024868123467,-49.73628234863281,303.634765625,11.646865844726562,-48.28620391367754,304.28016677299036,1.587220876043918,-1.1520412636871955,4.833185976933774e-05,20690.285968147473,-5.518020260888501,15.885997414588928,-14.385997772216797,1.4999996423721313,-32.79978561401367,16.400035858154297,9,straight,54.74295106641853,197.0746238391067
1987.7879390735905,-46.85986328125,297.17205810546875,11.242813110351562,-45.32162996449531,297.8575015695101,1.684041115641521,-1.1516038296883007,0.00035020308380369347,2855.4859915526918,-5.9331769181484635,14.886997818946838,-13.386998176574707,1.4999996423721313,-32.79978561401367,16.35003662109375,9,straight,56.24547637333011,202.48371494398842
1994.9905651389772,-43.92015075683594,290.61167907714844,10.798583984375,-42.29604166151966,291.34442931504765,1.781755669173077,-1.1469693742701812,0.0009694763940190365,1031.4846304348118,-6.201970981042204,13.837998270988464,-12.387998580932617,1.4499996900558472,-32.79978561401367,16.35003662109375,9,straight,55.430398198522774,199.549433514682
2002.3069428198392,-40.88700866699219,283.96929931640625,10.342269897460938,-39.18089457455243,284.75867310040013,1.8798766627835781,-1.1374532381650413,0.0017521186834369429,570.7375929799501,-6.449448223671272,12.888998627662659,-11.388998985290527,1.4999996423721313,-32.79978561401367,15.450040817260742,9,straight,53.85472191001581,193.87699887605692
2009.7379251765453,-37.722412109375,277.2641143798828,9.846969604492188,-35.94144688635881,278.1239143084627,1.9776483617617808,-1.1210259607291932,0.002705212308690433,369.6567536631128,-6.802424822201692,11.959999442100525,-10.389999389648438,1.5700000524520874,-32.69978713989258,15.550041198730469,9,straight,52.20570628290546,187.94054261845966
2017.2770788823725,-34.37432861328125,270.52947998046875,9.323638916015625,-32.528974706980804,271.4760412219353,2.073959793087857,-1.0968480674340735,0.003730788647105701,268.0398421325173,-6.9940292563451685,11.210999965667725,-9.390999794006348,1.820000171661377,-32.449790954589844,15.800042152404785,9,straight,50.47766385682676,181.71958988457632
2024.892523068106,-30.79998779296875,263.826416015625,8.786972045898438,-28.904702899090374,264.8775937463146,2.167274659673117,-1.0644070309121791,0.00471543703264081,212.0694207298035,-7.14412437926083,10.732000350952148,-8.392000198364258,2.3400001525878906,-31.999797821044922,16.35003662109375,10,left,48.669885542346826,175.21158795244858
2032.5097111065957,-26.985000610351562,257.2565460205078,8.235397338867188,-25.05707739359044,258.42739622566796,2.2556103680933317,-1.0250179603811198,0.005418430592593018,184.55528458129513,-7.268476436500249,10.60300087928772,-7.393000602722168,3.2100002765655518,-31.349807739257812,17.1500244140625,10,left,46.79187884364943,168.45076383713794
2040.0805420271693,-22.933486938476562,250.88491821289062,7.6830596923828125,-20.9901711778483,252.18231284335573,2.3366020141791206,-0.982134667702184,0.006443323832410426,155.19940111808774,-6.906716168166582,10.60300064086914,-6.39400053024292,4.209000110626221,-30.499820709228516,18.350006103515625,10,left,44.84744309328441,161.45079513582388
2047.5971240600895,-18.602035522460938,244.76141357421875,7.19293212890625,-16.675039413755787,246.2048733292755,2.407673164578883,-0.9278890948129557,0.007484428643422282,133.61073338294884,-6.004325139118966,10.60300064086914,-5.395000457763672,5.208000183105469,-29.599834442138672,19.949981689453125,10,left,42.829699718091106,154.186918985128
2055.049796785191,-13.971267700195312,238.9364013671875,6.783599853515625,-12.085985287186311,240.5264936942433,2.46630966939733,-0.8701324127488644,0.007741845948662764,129.16816049184348,-5.010693923725274,10.336000919342041,-4.396000385284424,5.940000534057617,-28.949844360351562,22.149948120117188,10,left,42.111633992547375,151.60188237317055
2062.4349438025033,-9.058837890625,233.43218994140625,6.4488067626953125,-7.235378077948307,235.15761268260715,2.5103962484635978,-0.8130159115537257,0.008291892935881763,120.59972405971008,-3.861644564937261,10.386817932128906,-3.9796299934387207,6.4071879386901855,-28.599849700927734,24.84990692138672,10,left,40.2304241205509,144.82952683398324
2069.745051704986,-3.8718414306640625,228.2864990234375,6.215118408203125,-2.1445124641240563,230.14675096383098,2.53854340919865,-0.7483642390683874,0.009491815840183868,105.35391929608159,-2.0987778111064115,10.612558603286743,-3.2063705921173096,7.406188011169434,-28.749847412109375,28.299854278564453,10,left,38.03204724611713,136.91537008602168
2076.9734274554226,1.5980987548828125,223.5616912841797,6.1418914794921875,3.1920351160711915,225.55254552898694,2.550320322544897,-0.6751245809259863,0.010108011994323401,98.9314219810576,0.20971164899170613,11.19518780708313,-2.7900002002716064,8.405187606811523,-28.899845123291016,32.69978713989258,10,left,36.85458127721375,132.67649259796949
2084.1117025085728,7.320037841796875,219.29505920410156,6.2430572509765625,8.764397520315235,221.39210637486937,2.546327103369651,-0.6031416212162061,0.01102430673813927,90.70865168695263,4.14730653706804,10.962000131607056,-2.120000123977661,8.842000007629395,-28.899845123291016,38.049705505371094,10,left,35.289760536056285,127.04313792980263
2091.1555424601793,13.27239990234375,215.55970764160156,6.724945068359375,14.526256854311535,217.75494132180216,2.5280838923352675,-0.5189530004842378,0.008611184603604813,116.12804115027103,9.404610994529271,9.54300057888031,-1.7000001668930054,7.843000411987305,-28.949844360351562,41.49965286254883,10,left,37.56528628986619,135.2350306435183
2098.1052756146223,19.334014892578125,212.26307678222656,7.5543060302734375,20.49189560226418,214.476254481532,2.4977676566418294,-0.48201577627124104,0.002760756979613227,362.2194953719167,13.954990466026329,8.879920482635498,-2.0359201431274414,6.844000339508057,-29.64983367919922,41.49965286254883,10,left,39.6827339730172,142.8578423028619
2105.0119804683773,25.391082763671875,209.1327667236328,8.656875610351562,26.527121037463882,211.3123395337181,2.4578691165282565,-0.4804796210261583,-0.002633968001419372,379.65533349726644,16.950741232573463,8.681960582733154,-2.8369603157043457,5.845000267028809,-30.849815368652344,39.84967803955078,10,left,41.6806346489954,150.05028473638345
2111.8497175198004,31.302398681640625,205.922119140625,9.882736206054688,32.49575427929832,208.01690537107214,2.410856058277202,-0.5178261666745615,-0.005918237934567805,168.96921196072657,17.929411529057216,9.22944688796997,-3.7930402755737305,5.43640661239624,-32.34979248046875,38.44969940185547,11,right,43.56842905678203,156.84634460441532
2118.6204189918735,37.01908874511719,202.50335693359375,11.096786499023438,38.274022428045996,204.50075858516524,2.3589132892604954,-0.5609567067088547,-0.006416838248805942,155.83998867138064,17.418950605218065,9.131580829620361,-4.594080448150635,4.537500381469727,-34.44976043701172,36.94972229003906,11,right,45.360367828033574,163.29732418092087
2125.3413050965714,42.553192138671875,198.8629913330078,12.23333740234375,43.86235614325693,200.758659628525,2.3037944086941087,-0.6043948696896152,-0.006848826873430379,146.01040710774004,16.322106328965514,8.568594217300415,-4.930000305175781,3.638593912124634,-36.54972839355469,35.149749755859375,11,right,44.77300685020346,161.18282466073245
2132.03159851392,47.89704895019531,194.977783203125,13.2861328125,49.26174579592575,196.76261838817362,2.246783059962441,-0.6527840099642306,-0.007215408309368475,138.5922954216744,14.990542199371593,9.025000810623169,-5.7950005531311035,3.2300002574920654,-38.54969787597656,33.1497802734375,11,right,43.62082745037912,157.03497882136483
2138.6905236048974,53.03459167480469,190.84901428222656,14.23492431640625,54.445811842898365,192.52204122809468,2.18873514259609,-0.7007160165040868,-0.007327610780069653,136.47013058061123,13.459187433077279,9.23400068283081,-6.794000625610352,2.440000057220459,-40.04967498779297,30.799816131591797,11,right,42.934450286964044,154.56402103307056
2145.32099554376,57.949310302734375,186.47836303710938,15.075225830078125,59.40155467574589,188.03675202414496,2.130161954842263,-0.7501561880592281,-0.007243757659811868,138.04989716151982,11.850485026823465,9.583000779151917,-7.7930006980896,1.790000081062317,-40.04967498779297,28.099857330322266,11,right,41.07690956132888,147.876874420784
2151.915758688829,62.649444580078125,181.9099578857422,15.802764892578125,64.13030837384743,183.3582093080981,2.0713256040644117,-0.7965315676961162,-0.008926295453229718,112.02855711415863,10.796221861142484,11.082000970840454,-8.792000770568848,2.2900002002716064,-39.04969024658203,25.64989471435547,11,right,39.14202878643076,140.91130363115073
2158.5036745022303,67.06178283691406,177.06765747070312,16.498489379882812,68.59700204957964,178.36863094344298,2.0123195590438185,-0.8678027491230625,-0.009970120853183294,100.29968690707662,10.162581147921523,12.47631311416626,-9.791000366210938,2.6853127479553223,-36.99972152709961,25.64989471435547,11,right,37.10856362687993,133.59082905676775
2165.0875170372824,71.12429809570312,171.9266815185547,17.141387939453125,72.6874636788205,173.09767074097257,1.9531263142105237,-0.9278624992816209,-0.007151515230308547,139.83050693396282,8.60750257544165,12.847000122070312,-9.291999816894531,3.5550003051757812,-34.69975662231445,24.699909210205078,11,right,39.14080414352113,140.90689491667607
2171.6718248441603,74.97431945800781,166.6078643798828,17.631927490234375,76.5277216893002,167.69084767739687,1.8936502620279725,-0.9619731428874845,-0.005556249584682982,179.97751626505743,6.461275723811455,13.122687339782715,-8.697999954223633,4.424687385559082,-32.249794006347656,23.299930572509766,11,right,41.07274709794618,147.86188955260624
2178.2820206727265,78.63975524902344,161.11891174316406,17.993408203125,80.18396551139547,162.10783591949684,1.8337274500182856,-1.001193942679932,-0.005889065399092314,169.80623107940536,4.738342241827698,12.51900053024292,-7.699000358581543,4.820000171661377,-29.599834442138672,22.24994659423828,11,right,42.9249095372972,154.5296743342699
2184.9437217095483,82.1126708984375,155.4403533935547,18.260040283203125,83.64192767145592,156.33774516388505,1.7731154128480529,-1.0401276289095727,-0.004851620538796481,206.1166968857926,3.4050968949365767,12.445000648498535,-6.700000286102295,5.74500036239624,-27.099872589111328,21.44995880126953,11,right,44.713950708025614,160.97022254889222
2191.6774075159237,85.43656921386719,149.58726501464844,18.44866943359375,86.93460429433807,150.41492193319337,1.7114686900836693,-1.0660395734939865,-0.0029242212249295935,341.9713910407298,2.3018495988262,12.554000854492188,-5.810000419616699,6.744000434875488,-24.99990463256836,20.84996795654297,12,straight,46.452353521766405,167.22847267835905
2198.4980992761,88.68814086914062,143.59275817871094,18.5711669921875,90.14156059249625,144.3702265017528,1.64829787525576,-1.07960182168972,-0.001790701660507571,558.4403153546816,1.3759885368546998,12.683001041412354,-4.940000534057617,7.743000507354736,-23.24993133544922,20.949966430664062,12,straight,48.149274928611405,173.33738974300107
2205.4127160849566,91.91378784179688,137.4769744873047,18.636871337890625,93.31770170609579,138.2082211686714,1.582938990416417,-1.0905980204241423,-0.0016786808953696969,595.7058323343635,0.6053698450361633,13.052000045776367,-4.310000419616699,8.741999626159668,-21.64995574951172,21.64995574951172,12,straight,49.81058944420934,179.31812199915365
2212.4222953144704,95.11212158203125,131.2396240234375,18.654800415039062,96.46393678280378,131.92256847586174,1.5145353948114755,-1.102993007772768,-0.0017957303283210324,556.8764887626404,-0.05798008828643564,13.45099949836731,-3.7100002765655518,9.740999221801758,-20.249977111816406,22.24994659423828,12,straight,51.43998442012055,185.183943912434
2219.527663797593,98.27369689941406,124.87644958496094,18.628082275390625,99.56913657059792,125.5099796621151,1.44205558156955,-1.115949952502199,-0.002059271727962511,485.60857045778124,-0.661413066372285,13.939999103546143,-3.200000286102295,10.739998817443848,-19.099994659423828,22.74993896484375,12,straight,53.040585079222886,190.9461062852024
2226.728290091469,101.38314819335938,118.38217163085938,18.55963134765625,102.61854380065853,118.96120548638886,1.364361576849547,-1.13249814941076,-0.0025246791280461867,396.08993827817073,-1.2107971452351762,14.5389986038208,-2.8000001907348633,11.738998413085938,-18.150009155273438,23.149932861328125,12,straight,54.61480859596497,196.6133109454739
2234.024353057283,104.41313171386719,111.74589538574219,18.452056884765625,105.58312430135206,112.26586271475595,1.2803314719287584,-1.1525929641430583,-0.00269405319208052,371.187919726164,-1.70663942471867,14.610028505325317,-2.4600002765655518,12.150028228759766,-17.550018310546875,23.449928283691406,12,straight,56.164910434316305,202.1936775635387
2241.41533601031,107.34693908691406,104.96365356445312,18.30853271484375,108.44268271455182,105.42530253746573,1.1890222335147251,-1.1720543398571843,-0.0023073692254922673,433.39400948569653,-2.142360128846277,14.600027799606323,-2.2999989986419678,12.300028800964355,-17.250022888183594,23.599925994873047,12,straight,57.69272955267328,207.6938263896238
2248.9021340379372,110.1981201171875,98.04324340820312,18.1329345703125,111.20861754990374,98.45146999338242,1.0898412757705773,-1.1868586690279284,-0.001900845466628845,526.0816923605594,-2.5167508388365123,14.600027799606323,-2.2999989986419678,12.300028800964355,-17.250022888183594,23.599925994873047,12,straight,59.200169105706216,213.12060878054237
2256.4875150843827,112.98762512207031,90.99235534667969,17.928863525390625,113.90377134109447,91.34780780635612,0.9826852729751632,-1.2006890315225738,-0.0019181698985940021,521.3302537658365,-2.837803897050395,14.600027561187744,-2.349998950958252,12.250028610229492,-17.400020599365234,23.5499267578125,12,straight,58.28583690568976,209.82901286048315
2264.169605311868,115.71180725097656,83.81317138671875,17.699386596679688,116.52580272560331,84.11458448547135,0.8680083460500038,-1.2161627410175444,-0.0027098345172482385,369.0262241605337,-3.1164078135465845,14.49099588394165,-2.5499987602233887,11.940997123718262,-17.700016021728516,23.349929809570312,12,straight,56.713608732703484,204.16899143773256
2271.9469017092765,118.31512451171875,76.48887634277344,17.44683837890625,119.0220909631308,76.72951560101342,0.7467990466172383,-1.2427146781426017,-0.003773316072445576,265.01888015754696,-3.356109765135118,13.84199595451355,-2.899998426437378,10.941997528076172,-18.150009155273438,23.04993438720703,12,straight,55.07619520780853,198.27430274811073
2279.793898850212,120.72142028808594,69.02488708496094,17.17486572265625,121.31497479183012,69.20565541753102,0.6204709009898612,-1.275168448141719,-0.004153823715966926,240.74204115983298,-3.5458418770777156,13.44299578666687,-3.499997854232788,9.942997932434082,-18.849998474121094,22.499942779541016,12,straight,53.37322051122137,192.14359384039693
2287.602700094686,122.86875915527344,61.52247619628906,16.891769409179688,123.34257914173126,61.65007201159518,0.4906995737215705,-1.3077447328016287,-0.003860053769873001,259.0637487500338,-3.670534647992607,13.34399700164795,-4.399998664855957,8.943998336791992,-19.84998321533203,21.849952697753906,13,straight,51.62279568176803,185.84206445436493
2295.290785023043,124.76364135742188,54.07704162597656,16.606155395507812,125.11294125464799,54.16094357794762,0.3592352373400019,-1.3350619314888612,-0.0034686452786113903,288.2969919600231,-3.643150016479324,13.343997478485107,-5.398998737335205,7.944998741149902,-21.049964904785156,21.549957275390625,13,straight,49.83940784811908,179.4218682532287
2302.7436630959655,126.41455078125,46.81419372558594,16.339828491210938,126.63726889094514,46.86177939523446,0.22774492824664827,-1.3603025235801376,-0.0034214385364112476,292.27472285645723,-3.3948983187036763,13.343997478485107,-6.397998809814453,6.945998668670654,-22.24994659423828,21.599956512451172,13,straight,48.04743421288981,172.97076316640332
2309.961131438752,127.83360290527344,39.741424560546875,16.107284545898438,127.92963167356585,39.75945071693534,0.09770602158464292,-1.3852395184290651,-0.0035947262054046164,278.18530337484816,-2.9925186417240512,13.343997478485107,-7.396998882293701,5.946998596191406,-23.499927520751953,21.849952697753906,13,straight,46.24592834212417,166.485342031647
2316.947724392834,129.0335693359375,32.86137390136719,15.913726806640625,129.00430978289788,32.856667093945994,-0.02963571291834914,-1.4112987885873436,-0.0039015090295203975,256.3110817977339,-2.41181954677141,12.698009967803955,-7.750011444091797,4.947998523712158,-24.749908447265625,21.849952697753906,13,straight,44.43252992933588,159.95710774560916
2323.6759742074437,130.01211547851562,26.20611572265625,15.774688720703125,129.8602062893143,26.185925520949265,-0.15324505215101927,-1.438661070974556,-0.004198854098966406,238.16021619950092,-1.5899786481412104,12.698009490966797,-8.749011039733887,3.94899845123291,-25.499897003173828,16.478429794311523,13,straight,42.61330657687419,153.40790367674708
2330.098893798176,130.77134704589844,19.828643798828125,15.7017822265625,130.50060412538795,19.80028699669397,-0.272223873372311,-1.4664398051325516,-0.004143511330021721,241.34120082030955,-0.7290947522123448,12.698009014129639,-9.748010635375977,2.949998378753662,-25.94989013671875,22.89993667602539,13,straight,40.80103330608155,146.88371990189358
2336.206776340159,131.33297729492188,13.746673583984375,15.680831909179688,130.9485129676145,13.71581109898994,-0.38570106553125794,-1.4906941008796712,-0.0038592435952118087,259.11813424804467,-0.19869895110629088,13.547008752822876,-10.747010231018066,2.7999985218048096,-25.94989013671875,22.949935913085938,13,straight,38.99960819868787,140.39858951527634
2342.0149183403732,131.7364044189453,7.9525604248046875,15.677261352539062,131.2445352832796,7.923849779926777,-0.4927063504257447,-1.5124919883562349,-0.0043352178321803825,230.66891646758464,-0.12741913166722796,14.036279201507568,-10.486281394958496,3.5499978065490723,-24.749908447265625,22.949935913085938,14,right,37.20576893251643,133.94076815705915
2347.554981620693,131.98541259765625,2.4181060791015625,15.666717529296875,131.39364585691223,2.39963089396774,-0.5920550716922701,-1.539586080077336,-0.004984800050375049,200.6098519287171,-0.37342320486617453,14.413540840148926,-9.864542961120605,4.54899787902832,-21.79995346069336,23.24993133544922,14,right,35.41014733232168,127.47653039635804
2352.8074725366982,132.08755493164062,-2.83331298828125,15.637985229492188,131.40528417532303,-2.8364230732390836,-0.6822778448364278,-1.5662379262075874,-0.008411230603127484,118.88866768534173,-0.5877436579835971,14.67046594619751,-9.122467994689941,5.547997951507568,-19.54998779296875,24.099918365478516,14,right,33.619281937561766,121.02941497522237
2357.7777836922123,131.97608947753906,-7.802276611328125,15.606857299804688,131.21552602482012,-7.761972157308251,-0.7616306287339032,-1.6237396927195242,-0.013549440186272965,73.8037871862121,-0.6227402726835196,15.047727584838867,-8.50072956085205,6.546998023986816,-17.500019073486328,25.099903106689453,14,right,31.831981927827453,114.59513494017884
2362.579700507392,131.54151916503906,-12.584396362304688,15.577117919921875,130.7199991666578,-12.479336654275425,-0.8282105106743894,-1.6979904693375,-0.014146427787400662,70.68922381172705,-0.7022696094716618,15.785998821258545,-8.24000072479248,7.5459980964660645,-15.850042343139648,26.049888610839844,14,right,31.153077975869127,112.15108071312886
2367.2599383689208,130.8025360107422,-17.205780029296875,15.54046630859375,129.93776954400423,-17.041800237406424,-0.8801763540012211,-1.7581945847872924,-0.009345075812381004,107.00822765665856,-0.8841634705709644,15.560014247894287,-7.260000705718994,8.300013542175293,-14.750038146972656,26.849876403808594,14,right,32.87351758589293,118.34466330921454
2371.844637246724,129.87789916992188,-21.696044921875,15.495391845703125,128.9828388238824,-21.50110996421851,-0.9160418444420823,-1.7852374320291324,-0.0025611442998967338,390.45047170529216,-0.8681170838815699,15.732979774475098,-6.782963752746582,8.950016021728516,-14.05003547668457,27.749862670898438,14,right,32.994119667598746,118.77883080335549
2376.3536603718667,128.92962646484375,-26.104095458984375,15.461349487304688,128.01543260912126,-25.90810478600197,-0.9349667104965975,-1.781985864155271,-0.0020962411790817204,477.0443448869085,-0.6092761147933112,15.547056198120117,-5.897037506103516,9.650018692016602,-13.400032997131348,28.749847412109375,14,right,31.344660545735508,112.84077796464783
2380.791846930001,127.96188354492188,-30.435440063476562,15.440673828125,127.0501906719825,-30.219278183614016,-0.9369684375015751,-1.8035969316298115,-0.009200432815776871,108.6905388065226,-0.33975719542620464,15.670021533966064,-5.4200005531311035,10.250020980834961,-12.800030708312988,29.549835205078125,15,right,29.63158388312372,106.6737019792454
2385.08932845695,126.85301208496094,-34.58738708496094,15.431320190429688,125.9686617834522,-34.32313699214016,-0.9229862227218676,-1.8611583003105274,-0.015212835111656747,65.73396692071918,-0.1334718948687419,15.550023078918457,-4.850000381469727,10.70002269744873,-13.801336288452148,29.9498291015625,15,right,27.872664208926754,100.34159115213632
2389.1799921299125,125.54843139648438,-38.464447021484375,15.42913818359375,124.71091625093389,-38.149515676195456,-0.8947700102662952,-1.93047025414564,-0.018924744400348248,52.84087218539122,0.040730185025283916,15.030023574829102,-4.180000305175781,10.85002326965332,-17.89099884033203,30.24982452392578,15,right,26.088459393442367,93.91845381639253
2393.049857995194,124.04852294921875,-42.03181457519531,15.434158325195312,123.27535499041832,-41.66766927043564,-0.8546288641826512,-2.0109581787564133,-0.023288699012742053,42.9392813850557,0.2775531571157064,14.05299687385559,-3.2100002765655518,10.842996597290039,-21.75986099243164,30.44982147216797,15,right,24.28017103137165,87.40861571293794
2396.7967011496357,122.28988647460938,-45.34025573730469,15.449920654296875,121.59787512177245,-44.928771934009994,-0.8051078392545097,-2.1072505672802593,-0.026002843112816476,38.457333133203136,0.42540721431261197,12.593995571136475,-2.7499985694885254,9.84399700164795,-25.50567054748535,30.549819946289062,15,right,22.978090616041555,82.7211262177496
2400.486685637843,120.2523193359375,-48.4166259765625,15.465789794921875,119.64891365512048,-47.97342523870753,-0.7486823823741575,-2.2043026194041446,-0.026588130048604663,37.61076834557155,0.43664330464210366,12.4949951171875,-3.6499977111816406,8.84499740600586,-29.194622039794922,30.549819946289062,15,right,22.723773849308984,81.80558585751234
2404.1229207782753,117.9610595703125,-51.2401123046875,15.481903076171875,117.44927693709964,-50.780988824404496,-0.6875433323111145,-2.3020104574196196,-0.02741262024509411,36.479548144580036,0.425025107392063,12.494995594024658,-4.648997783660889,7.8459978103637695,-32.8298225402832,30.549819946289062,15,right,22.379433083455535,80.56595910043993
2407.7446135734644,115.40805053710938,-53.80888366699219,15.49664306640625,114.98838750085223,-53.347747337926755,-0.6235092445060553,-2.4032457088459775,-0.027502731615087483,36.36002466938297,0.2371880418587935,12.494995594024658,-5.647997856140137,6.8469977378845215,-36.45048522949219,30.499820709228516,15,right,22.342740438308063,80.43386557790903
2411.3948018046285,112.59013366699219,-56.129058837890625,15.499053955078125,112.25703610311547,-55.681310876530546,-0.5580611292347059,-2.5019813179323322,-0.026432507172648667,37.83220386429181,0.035490822425732205,12.494995594024658,-6.646997928619385,5.847997665405273,-40.099674224853516,30.399822235107422,15,right,22.790569427639586,82.04604993950251
2415.0919899997393,109.52098083496094,-58.19049072265625,15.499221801757812,109.26601847214737,-57.76916795207912,-0.49246185990213487,-2.5973969223460966,-0.02538088922931092,39.399722797937194,-0.008827980735715002,13.21599817276001,-7.645998001098633,5.570000171661377,-42.199642181396484,30.199825286865234,15,right,23.257923557509322,83.72852480703357
2418.8412386765654,106.2254638671875,-59.97834777832031,15.498382568359375,106.03908588275566,-59.593164217260515,-0.4279055138597625,-2.6909337635591246,-0.024363183005993938,41.04553989328798,-0.017035650879204667,13.764997959136963,-8.644997596740723,5.12000036239624,-45.33205032348633,29.899829864501953,15,right,23.738722402697192,85.45940064970989
2422.6597242321477,102.71546936035156,-61.48193359375,15.497940063476562,102.58669644203279,-61.13971869703691,-0.3656412176228033,-2.7816892650301526,-0.02238389503381688,44.674977187358664,-0.005857978176293521,13.883997440338135,-9.643997192382812,4.240000247955322,-49.1495361328125,29.44983673095703,15,right,24.766037451481314,89.15773482533272
2426.5631449015336,99.00816345214844,-62.703643798828125,15.497940063476562,98.92388989625135,-62.40840753861338,-0.30702847029083113,-2.8635424706519172,-0.02012157567007089,49.69789724208397,-2.220446049250313e-14,14.222996950149536,-10.642996788024902,3.580000162124634,-49.1495361328125,28.84984588623047,15,right,26.12121432063823,94.03637155429763
2430.5604534454324,95.12380981445312,-63.647186279296875,15.497940063476562,95.07317597590271,-63.39879181850857,-0.25350265039376224,-2.9405032305512258,-0.017121004341041635,58.40778847318255,-0.0003659441080827719,14.861996173858643,-11.541996002197266,3.320000171661377,-45.153228759765625,28.04985809326172,15,right,27.863925272322536,100.31013098036114
2434.6716119523885,91.07170104980469,-64.34147644042969,15.497909545898438,91.0429492526415,-64.1370319826956,-0.2064562959521834,-3.001875168267466,-0.013493299482088106,74.11085786152348,0.0008629214171884669,13.982996702194214,-10.542996406555176,3.440000295639038,-41.043067932128906,27.04987335205078,15,right,29.54925369201317,106.37731329124742
2438.9123014847155,86.85841369628906,-64.82278442382812,15.498016357421875,86.84360206299127,-64.65637454960908,-0.16706774290252363,-3.0528196496070645,-0.011384732898200411,87.83693117280515,0.012261864148821466,12.743994951248169,-9.543996810913086,3.199998140335083,-36.80337905883789,26.199886322021484,15,right,31.192420440873466,112.29271358714448
2443.288362171639,82.49162292480469,-65.10746765136719,15.498992919921875,82.48593570537011,-64.97145960208074,-0.136126903790553,-3.0998016846175567,-0.010706752202111036,93.3990047703571,0.014492303967728049,12.743995189666748,-8.544997215270996,4.198997974395752,-32.42831802368164,25.749893188476562,15,right,32.80185790843605,118.08668847036978
2447.800599009989,77.98007202148438,-65.18614196777344,15.499282836914062,77.98079920486846,-65.07223035783362,-0.11391393099509602,3.135208989039863,-0.01030694341710442,97.02197436540648,0.007793084277496476,12.743996143341064,-7.5459980964660645,5.197998046875,-27.91707992553711,25.599895477294922,15,right,34.38257855343545,123.77728279236763
2452.4441491299035,73.33859252929688,-65.0474853515625,15.499710083007812,73.34384646912304,-64.94746172140171,-0.10016152192453306,3.0891138965173703,-0.00986795357164827,101.33813386324714,0.008921977571496598,12.743996143341064,-6.546998023986816,6.196998119354248,-23.27452850341797,25.64989471435547,15,right,35.93677945870302,129.37240605133087
2457.2150287467157,68.58157348632812,-64.68408203125,15.5001220703125,68.59090160846313,-64.59042339398204,-0.09412201760192729,3.042322996885298,-0.009436337028493724,105.97332386289567,0.003915379218111248,12.743996143341064,-5.547997951507568,7.195998191833496,-18.504648208618164,25.899890899658203,15,right,37.46650970786532,134.87943494831515
2462.116525874229,63.71635437011719,-64.08883666992188,15.500076293945312,63.72991409202333,-63.99509417135627,-0.09471811915095242,2.997940405388037,-0.008922699212738583,112.07370955330869,-0.0003232636442085379,12.743995666503906,-4.54899787902832,8.194997787475586,-15.450040817260742,26.299884796142578,15,right,38.975643548539814,140.31231677474332
2467.1462388414398,58.75559997558594,-63.258819580078125,15.500091552734375,58.77441230144965,-63.15985405665628,-0.1007376713576551,2.9537441415876424,-0.008689783183429778,115.07766982113691,0.0001535482588632675,12.743995189666748,-3.5499978065490723,9.193997383117676,-13.950035095214844,26.649879455566406,15,right,39.748421390692144,143.09431700649174
2472.300954100418,53.71461486816406,-62.18199157714844,15.500091552734375,53.74015762596543,-62.07393777725061,-0.11103177990313365,2.9094645477786525,-0.008240976261448651,121.34484656605643,0.00014286927985107667,12.792995691299438,-2.599998712539673,10.192996978759766,-12.800030708312988,26.7498779296875,15,right,40.81643070391903,146.9391505341085
2477.578301686335,48.60560607910156,-60.859710693359375,15.500106811523438,48.63931173536886,-60.73966793667135,-0.12468494174385596,2.8678604091686766,-0.007422606944909538,134.7235556755171,-0.0002725809698844728,13.141995787620544,-1.949999213218689,11.191996574401855,-12.050027847290039,26.7498779296875,15,right,42.31061872740774,152.31822741866787
2482.97965344773,43.43431091308594,-59.30012512207031,15.50006103515625,43.477539546128014,-59.16576424638148,-0.1411437551950403,2.8303164161401866,-0.006349491778758154,157.49291988146837,-0.002612164317894461,13.790995717048645,-1.5999995470046997,12.190996170043945,-11.75002670288086,26.549880981445312,15,right,43.78714944019746,157.63373798471085
2488.5060808443354,38.2017822265625,-57.52191162109375,15.49981689453125,38.25569000841966,-57.37094217605823,-0.16030540315002728,2.7986267378138137,-0.0053074219915543175,188.41539293300903,-0.011182274287069305,14.73999536037445,-1.5499995946884155,13.189995765686035,-11.75002670288086,26.199886322021484,15,right,45.248030125604295,162.89290845217548
2494.155263166003,32.909088134765625,-55.546905517578125,15.498794555664062,32.97519128055565,-55.37672082512619,-0.182571781577261,2.7711086829647815,-0.004134999097222869,241.83802136054052,-0.010820027084657013,16.08899462223053,-1.8999992609024048,14.188995361328125,-11.950027465820312,25.699893951416016,15,right,46.694144808563166,168.0989213108274
2499.851432170485,27.621429443359375,-53.42864990234375,15.49859619140625,27.700802128566494,-53.235450138041195,-0.2088687915499835,2.7517831872690266,-0.002947202948586247,339.304763684392,0.012560942405825948,16.600034475326538,-2.4999988079071045,14.100035667419434,-13.650033950805664,24.99990463256836,15,right,48.10829414192319,173.18985891092348
2505.6568595479516,22.267929077148438,-51.1829833984375,15.500274658203125,22.362578787682228,-50.96176234391017,-0.24061862494477138,2.7373094303768277,-0.0017877253374998792,559.3700436099948,0.04494134771519942,16.745010137557983,-3.2999980449676514,13.445012092590332,-14.20003604888916,24.19991683959961,15,right,49.50802229724751,178.22888027009103
2511.561576547876,16.847793579101562,-48.84037780761719,15.503890991210938,16.95941739002848,-48.58397644076905,-0.2796453755874424,2.7309899445357013,-0.00014598649743052805,6849.948574702118,0.039950875055616564,16.69601058959961,-4.249998092651367,12.446012496948242,-15.200039863586426,23.299930572509766,15,right,50.89221408925237,183.21197072130855
2517.566554646558,11.337936401367188,-46.45265197753906,15.504989624023438,11.467425915394221,-46.15129512576864,-0.3279992169989707,2.735757683248755,0.0020425355914427956,489.5875519572343,-0.13084769872777624,16.696011066436768,-5.248998165130615,11.447012901306152,-16.20003890991211,22.349945068359375,15,right,51.97257098476342,187.10125554514832
2523.6709407058593,5.7069549560546875,-44.09568786621094,15.487747192382812,5.852782882140466,-43.736454812695555,-0.3877037151801127,2.7559740423338726,0.004345678033521427,230.11368819462942,-0.4748327732406299,16.696011543273926,-6.247998237609863,10.448013305664062,-17.30002212524414,21.14996337890625,16,left,50.571489484194544,182.05736214310036
2529.8740159382774,-0.0785064697265625,-41.85853576660156,15.4461669921875,0.08031131695612861,-41.42633289328026,-0.4604589157286241,2.789447666902912,0.005693312305419307,175.64467683392803,-0.8693629695030181,16.696012020111084,-7.246998310089111,9.449013710021973,-18.550003051757812,19.69998550415039,16,left,49.10682455731399,176.78456840633038
2536.1763419911304,-6.0343475341796875,-39.79875183105469,15.378631591796875,-5.865099324650242,-39.27821855004268,-0.5473571531185563,2.82723062743024,0.0057547041120510345,173.77088040128442,-1.2826108303717776,15.75002384185791,-7.300009727478027,8.450014114379883,-19.54998779296875,18.25000762939453,16,left,48.84418374793623,175.83906149257044
2542.577731428028,-12.1558837890625,-37.92915344238281,15.282806396484375,-11.977188966946866,-37.30558031083184,-0.6486719431601959,2.8625057911060363,0.005174858859140541,193.24198537969085,-1.676982177530828,15.650023460388184,-8.10001277923584,7.550010681152344,-20.3499755859375,16.900028228759766,16,left,50.36285468213061,181.3062768556702
2549.0826426388535,-18.436050415039062,-36.238372802734375,15.161819458007812,-18.24883160707714,-35.49789052047194,-0.7637832758049036,2.8939488474206065,0.004512773903793843,221.59319773572307,-1.9690082620794636,15.650023460388184,-8.850015640258789,6.8000078201293945,-20.99996566772461,15.550041198730469,16,left,51.86054822111837,186.69797359602615
2555.694210849222,-24.8665771484375,-34.70793151855469,15.024307250976562,-24.67211456234546,-33.83817122178687,-0.891234352582554,2.921628469059434,0.004089369209214294,244.5364917764747,-2.23483943631253,15.650023460388184,-9.650018692016602,6.000004768371582,-22.649940490722656,14.300036430358887,16,left,53.33972315949392,192.02300337417813
2562.4118501759726,-31.439437866210938,-33.33012390136719,14.863601684570312,-31.24193189673714,-32.320354503043475,-1.0289037106400307,2.9484361180506222,0.00434560193280048,230.11771797412652,-2.524114347226991,15.75002384185791,-10.55002212524414,5.2000017166137695,-22.649940490722656,13.200032234191895,16,left,53.59052954304547,192.9259063549637
2569.234674626542,-38.15269470214844,-32.12586975097656,14.6822509765625,-37.96440388259229,-30.966831643722916,-1.1742328418142791,2.980545193656057,0.005063619045024392,197.48721045328614,-2.6414912356893527,15.850024223327637,-11.400025367736816,4.44999885559082,-23.349929809570312,14.842869758605957,16,left,52.07075122704113,187.45470441734807
2576.161422772982,-45.00736999511719,-31.145965576171875,14.500442504882812,-44.84427066350548,-29.831604227108027,-1.324442202546085,3.018133585476688,0.005184203902985018,192.89364745553488,-2.484097738977531,16.000025987625122,-12.200028419494629,3.799997568130493,-23.999919891357422,21.766231536865234,16,left,51.46160396788803,185.26177428439692
2583.1816320334883,-51.98675537109375,-30.408065795898438,14.3360595703125,-51.85581414992024,-28.93720048860934,-1.4766822121191374,3.052803457928972,0.003847314744376301,259.9215469599207,-2.208770512385616,16.00002932548523,-12.900031089782715,3.0999982357025146,-24.64990997314453,28.78351593017578,17,straight,50.57220699519644,182.0599451827072
2590.175883397682,-58.958038330078125,-29.860641479492188,14.190826416015625,-58.845002028172374,-28.23647547652719,-1.628094717986586,3.0721081756863167,0.0020275182987462004,493.21379768478107,-1.9725864660821602,16.100031852722168,-13.450033187866211,2.649998664855957,-25.14990234375,35.77526092529297,17,straight,48.91760112707276,176.10336405746193
2596.9537754807257,-65.72038269042969,-29.419708251953125,14.063949584960938,-65.61291725439207,-27.647168817217786,-1.7757941512558912,3.0810388224054974,0.0013301586152488776,751.7900410793462,-1.7850344912306415,16.20003366470337,-13.850034713745117,2.349998950958252,-25.549896240234375,42.55096435546875,17,straight,47.25894098555908,170.1321875480127
2603.422659145388,-72.17807006835938,-29.055557250976562,13.953842163085938,-72.07868654963802,-27.14132872218336,-1.9168067049755495,3.0897209126238434,0.001394752195717719,716.9732394544931,-1.6324299175202839,16.30003523826599,-14.20003604888916,2.099999189376831,-25.94989013671875,49.01791000366211,17,straight,45.61969000223926,164.23088400806134
2609.6006843858845,-78.34841918945312,-28.763275146484375,13.857101440429688,-78.26049495852618,-26.717139397299526,-2.048023968237759,3.0986482039827576,0.001144200739216561,873.9725169944429,-1.5092353304381634,17.64903450012207,-15.19903564453125,2.4499988555908203,-26.199886322021484,55.19417953491211,17,straight,43.99716310128521,158.38978716462677
2615.494734960915,-84.237060546875,-28.525833129882812,13.771331787109375,-84.15499753853359,-26.3611586561819,-2.1662294233137844,3.10370070714104,0.0006172791820801549,1620.0125146455175,-1.4124683902052348,18.15003991127014,-15.550041198730469,2.599998712539673,-26.44988250732422,61.086605072021484,17,straight,42.39136966870963,152.60893080735468
2621.1029721554764,-89.84097290039062,-28.319503784179688,13.69439697265625,-89.75999016605888,-26.052710597624753,-2.2682393070114357,3.1058821583586766,0.00048509945797509113,2061.432936194598,-1.3405695901520742,17.600037813186646,-15.000039100646973,2.599998712539673,-26.649879455566406,66.69331359863281,17,straight,40.80481559947904,146.89733615812455
2626.4234875805428,-95.15791320800781,-28.13739013671875,13.624649047851562,-95.08117472008801,-25.787479089838705,-2.35116369565734,3.108948342534574,0.0010181171336681172,982.2052560859634,-1.289062312333833,17.75003933906555,-15.350040435791016,2.399998903274536,-26.799877166748047,72.01237487792969,17,straight,39.24040695359496,141.26546503294188
2631.434886088759,-100.16670227050781,-27.98870849609375,13.561080932617188,-100.10528853172059,-25.576742856255585,-2.4127473748968757,3.116136042171857,0.0018311315131773198,546.1104201438992,-1.2556242134039053,17.6000394821167,-15.350040435791016,2.2499990463256836,-26.949874877929688,77.02236938476562,17,straight,37.7075783238636,135.74728196590897
2636.2037191858826,-104.93421936035156,-27.893661499023438,13.501785278320312,-104.89763315737456,-25.44222587683836,-2.4517086205269587,3.1266693626685242,0.0019192572068105762,521.0349068647246,-1.2383025676298454,17.550039768218994,-15.400040626525879,2.1499991416931152,-27.04987335205078,81.78983306884766,17,straight,36.18870539311581,130.27933941521692
2640.776102667479,-109.50596618652344,-27.842269897460938,13.445388793945312,-109.4876613720915,-25.374362037693494,-2.467975743505862,3.1341756510881673,0.001888313804602193,529.5729965871154,-1.234259585030184,17.436995267868042,-15.336996078491211,2.099999189376831,-27.099872589111328,86.36087036132812,17,straight,34.6699720695333,124.81189945031988
2645.1990255718333,-113.92852783203125,-27.827728271484375,13.390762329101562,-113.93342903775,-25.364993040588356,-2.462740107951703,-3.1396025089788053,0.0038520583581418966,259.6014668070518,-1.2484585244397772,16.437995672225952,-14.337996482849121,2.099999189376831,-27.099872589111328,90.78245544433594,17,straight,33.13471331914989,119.2849679489396
2649.470432925355,-118.19923400878906,-27.883285522460938,13.336883544921875,-118.26155068557082,-25.445785204031363,-2.438296776553132,-3.116032408661003,0.007219809870671723,138.50780254784758,-1.3587093856396448,15.488996028900146,-13.338996887207031,2.1499991416931152,-27.04987335205078,95.05252075195312,18,left,31.581284871361028,113.6926255368997
2653.6120305531313,-122.33645629882812,-28.0638427734375,13.276702880859375,-122.48572520011312,-25.670795180533535,-2.397698477038824,-3.0792972935279748,0.010374791271183348,96.38748133445003,-1.5232143891268812,14.689996242523193,-12.339997291564941,2.349998950958252,-26.949874877929688,99.19268035888672,18,left,29.998351255071,107.9940645182556
2657.6675754417342,-126.3765869140625,-28.411148071289062,13.212142944335938,-126.63475195612376,-26.081088990846066,-2.344317492853167,-3.031245093520104,0.01417774593513843,70.53307377455386,-1.5829695421000656,14.040996313095093,-11.340997695922852,2.699998617172241,-26.699878692626953,103.24671173095703,18,left,28.36282665296701,102.10617595068123
2661.6260645199663,-130.2946014404297,-28.972320556640625,13.149826049804688,-130.69286978373657,-26.72593443215573,-2.2814180444536425,-2.966123075972574,0.018822781453487814,53.12711102081582,-1.486092242212278,14.040996789932251,-10.341998100280762,3.6989986896514893,-26.399883270263672,107.2037124633789,18,left,26.669891172266677,96.01160822016004
2665.4838987968938,-134.0625762939453,-29.798355102539062,13.095809936523438,-134.6247817760148,-27.659170913108895,-2.2118282031787637,-2.88459149338467,0.022126730226742608,45.19420582040581,-1.2618667177548337,14.04099702835083,-9.342998504638672,4.697998523712158,-25.999889373779297,111.06016540527344,18,left,24.909541583741674,89.67434970147004
2669.286585901688,-137.69398498535156,-30.925949096679688,13.053009033203125,-138.416692147235,-28.91405914015116,-2.1377574322214348,-2.7967294926956807,0.02282056074619121,43.82013269182711,-0.9836504318695427,14.040997505187988,-8.343998908996582,5.696998596191406,-25.499897003173828,114.86161041259766,18,left,24.527947039392206,88.30060934181195
2673.076706665533,-141.20147705078125,-32.36174011230469,13.021087646484375,-142.06107181407995,-30.488823413245676,-2.0607571712127206,-2.711312217236465,0.0209527948322199,47.72632997208861,-1.233555303410938,13.932486057281494,-7.982481479644775,5.950004577636719,-24.84990692138672,118.65059661865234,18,left,25.59784325581153,92.15223572092151
2676.92790716241,-144.63821411132812,-34.09858703613281,12.958267211914062,-145.59662708940374,-32.36396259691044,-1.9817864117233415,-2.636817519142467,0.01904798762010662,52.49898414173804,-1.9211239808347713,13.932486057281494,-6.983481407165527,6.949004650115967,-23.799922943115234,122.50028228759766,18,left,26.847249914414054,96.65009969189059
2680.846973660285,-147.9962615966797,-36.11726379394531,12.871414184570312,-149.03544817908795,-34.52504872078274,-1.901330479496783,-2.5633446961076944,0.018823072847529265,53.126288576801684,-2.601558570506546,13.932486057281494,-5.984481334686279,7.948004722595215,-22.499942779541016,126.41738891601562,18,left,27.00717099254139,97.225815573149
2684.83572211976,-151.25143432617188,-38.41937255859375,12.751998901367188,-152.3578457580162,-36.974888680483595,-1.8195273921092572,-2.48795752081895,0.019178307781764936,52.14224379852831,-3.6047668422942714,13.932485580444336,-4.985481262207031,8.947004318237305,-20.799968719482422,130.40335083007812,18,left,26.75587840467161,96.3211622568178
2688.8742782470795,-154.35609436035156,-40.99656677246094,12.581436157226562,-155.5168396797095,-39.70532069806981,-1.7362736308087712,-2.40936667698037,0.02005415781707448,49.864971100834836,-4.079567328787825,14.091856002807617,-4.145852088928223,9.946003913879395,-18.75,130.40335083007812,18,left,26.16508449029742,94.19430416507072
2692.951136879409,-157.2723846435547,-43.840911865234375,12.421035766601562,-158.4756950371588,-42.71005509913344,-1.651300375095925,-2.3251639914953595,0.022442827956637545,44.557664565808274,-3.1433153175881134,14.755003690719604,-3.81000018119812,10.945003509521484,-16.700031280517578,126.33065032958984,18,left,24.7334993419855,89.0405976311478
2697.0695719599894,-159.93719482421875,-46.97953796386719,12.324493408203125,-161.17818175334062,-46.0273015231498,-1.5642259418899465,-2.2252915900019947,0.0232738193868825,42.966733709535276,-1.665504461409717,14.834003210067749,-2.890000104904175,11.944003105163574,-15.050039291381836,122.21434783935547,18,left,24.287931299014737,87.43655267645306
2701.2306395258884,-162.30819702148438,-50.398773193359375,12.283721923828125,-163.55618204498396,-49.61329388944951,-1.4745997272989027,-2.132552014402901,0.018354936004910227,54.48125777896936,-1.0881565413124017,14.737998247146606,-2.250000238418579,12.487998008728027,-14.000035285949707,118.05448150634766,18,left,26.226672045342607,94.41601936323339
2705.460842291183,-164.4416046142578,-54.05125427246094,12.2330322265625,-165.65370008782986,-53.38747365942723,-1.3819479510072905,-2.071818627169767,0.012931326626821227,77.33158622146873,-1.4313158570277373,14.0389986038208,-2.5500001907348633,11.488998413085938,-13.6000337600708,113.8255844116211,18,left,28.060652338279954,101.01834841780784
2709.7864083460177,-166.4246368408203,-57.894805908203125,12.160812377929688,-167.58167312698075,-57.333904142438676,-1.285824155290916,-2.0221895686806217,0.011186415763231566,89.39413849491295,-2.1843171410685702,13.405039072036743,-2.9150402545928955,10.489998817443848,-14.000035285949707,109.50161743164062,18,left,29.81956671874636,107.3504401874869
2714.226288466733,-168.26034545898438,-61.93562316894531,12.040374755859375,-169.35119801849046,-61.47051071230657,-1.1858705257748419,-1.9738311873932424,0.00972510344494798,102.82666972755774,-2.650672301720647,13.276519536972046,-3.785520315170288,9.490999221801758,-15.400040626525879,105.06436920166016,18,left,31.523061403038195,113.48302105093751
2718.794629977149,-169.96737670898438,-66.17140197753906,11.922195434570312,-170.9783509735368,-65.78613868881206,-1.0818949880778967,-1.93488777438636,0.008172814305305864,122.35687275444286,-2.5786438222691777,13.276520252227783,-4.784520626068115,8.491999626159668,-16.600032806396484,100.4985580444336,18,left,33.18469079673944,119.46488686826198
2723.5026760505566,-171.5602264404297,-70.60015869140625,11.801193237304688,-172.48246986909015,-70.28702596315372,-0.973953308537051,-1.8981167973256665,0.007441649011911661,134.37881824301644,-2.4172248948077346,13.187961101531982,-5.694960594177246,7.493000507354736,-17.95001220703125,95.7930679321289,18,left,34.814251210346114,125.33130435724601
2728.358100866532,-173.04042053222656,-75.22315979003906,11.691482543945312,-173.86609698598298,-74.97403689613225,-0.8624406197276802,-1.8638301265970916,0.006830806946321322,146.39558808473458,-2.1167487438460864,12.554000854492188,-6.060000419616699,6.494000434875488,-19.149993896484375,90.93988037109375,18,left,36.41852786136321,131.10670030090756
2733.3561737080336,-174.4065704345703,-80.02989196777344,11.593032836914062,-175.12960493310007,-79.83748734163892,-0.7481967830872627,-1.8308762449734306,0.006916352376931251,144.58488311489052,-1.7924167654947976,12.539000988006592,-7.044000625610352,5.49500036239624,-20.19997787475586,85.94377899169922,18,left,37.999258072540805,136.7973290611469
2738.493484882323,-175.6361083984375,-85.0172119140625,11.51031494140625,-176.25309054636847,-84.87739994569891,-0.6326249737112948,-1.793639028582102,0.00723894512813647,138.14167427698558,-1.4199805102230956,12.539000511169434,-8.043000221252441,4.496000289916992,-21.14996337890625,80.80813598632812,18,left,39.558250269307806,142.4097009695081
2743.765665782523,-176.7030487060547,-90.17990112304688,11.44573974609375,-177.2120484695714,-90.08478987915103,-0.5178097217854114,-1.7555250831439133,0.0069247524786062165,144.40949378183055,-1.0639161276616127,12.539000034332275,-9.041999816894531,3.497000217437744,-21.899951934814453,75.537353515625,18,left,41.09672740193619,147.9482186469703
2749.170088140322,-177.60105895996094,-95.50897216796875,11.39715576171875,-178.00315505322843,-95.44861603656099,-0.40660070194170633,-1.7197877397258188,0.006661326365520692,150.12025310395276,-0.7737397795575918,12.920999526977539,-10.040999412536621,2.880000114440918,-22.549942016601562,70.13414764404297,18,left,42.61618555883815,153.41826801181733
2754.703761156755,-178.32330322265625,-100.99519348144531,11.361434936523438,-178.62402272314202,-100.96141588114692,-0.3026105488153408,-1.6826501165008476,0.006832254470906213,146.3645717908049,-0.5219499909725478,13.279999256134033,-11.039999008178711,2.2400002479553223,-22.999935150146484,64.6015853881836,18,left,44.11779208384259,158.8240515018333
2760.356556838641,-178.8441162109375,-106.6239013671875,11.339065551757812,-179.05363540411278,-106.60867750714206,-0.21007155500806324,-1.6433297894657721,0.006483955767285859,154.22683866003504,-0.32792245004140685,13.94899868965149,-12.0389986038208,1.9100000858306885,-23.24993133544922,58.949832916259766,18,left,45.60069683031404,164.16250858913057
2766.067851815361,-179.16006469726562,-112.32643127441406,11.324249267578125,-179.29348499523402,-112.321328793843,-0.13351783108617732,-1.609021358804442,0.005504355303569408,181.67431876200473,-0.22931179051780548,14.857998371124268,-13.03799819946289,1.820000171661377,-23.24993133544922,53.23955535888672,18,left,47.05150753727759,169.38542713419932
2771.855062857028,-179.30126953125,-118.11190795898438,11.312744140625,-179.37856791925068,-118.11118763749988,-0.07730174416238156,-1.5801147699563767,0.004879001420602408,204.95997311608295,-0.19528958606097602,15.140032768249512,-13.300032615661621,1.8400001525878906,-23.24993133544922,47.45335388183594,18,left,48.47733417916792,174.5184030450045
2777.7529288969713,-179.27175903320312,-124.00968933105469,11.301437377929688,-179.31678783848204,-124.01053419663836,-0.045036730595166656,-1.552035747723975,0.0042769077780461795,233.8137860098611,-0.2060739825140656,15.300032377243042,-13.200032234191895,2.1000001430511475,-23.04993438720703,41.55649948120117,18,left,49.888514392795756,179.59865181406474
2783.754369114462,-179.08999633789062,-130.00836181640625,11.288192749023438,-179.1290287170353,-130.00998152165826,-0.03906597070083815,-1.5293236684530584,0.0032005183851780694,312.44938464690694,-0.24132073219211847,15.170031547546387,-12.950031280517578,2.2200002670288086,-22.74993896484375,35.55607223510742,19,straight,51.28463244697617,184.62467680911422
2789.862161204172,-178.7869873046875,-136.10861206054688,11.272171020507812,-178.8469869703819,-136.11205929278924,-0.06009861307528834,-1.5134052295080138,0.0021996048323842526,454.6271154151149,-0.24839120549057236,14.980030059814453,-12.600029945373535,2.380000114440918,-22.299945831298828,29.44930076599121,19,straight,52.667506828529234,189.60302458270525
2796.077161614577,-178.3954315185547,-142.31124877929688,11.257614135742188,-178.5022802520664,-142.3185783106499,-0.1070998313860318,-1.5023063514418138,0.001676308225671247,596.5490025556418,-0.13055656207806576,14.210028767585754,-12.250028610229492,1.9600001573562622,-21.699954986572266,23.23531723022461,19,straight,54.0383408016239,194.53802688584605
2802.3995667334566,-177.93064880371094,-148.61654663085938,11.256027221679688,-178.10755033619137,-148.6304413356341,-0.17744637222185383,-1.4924124011281488,0.0014557813811726245,686.9163275013898,0.07764579541817973,13.700026392936707,-11.850027084350586,1.8499993085861206,-21.14996337890625,16.913911819458008,19,straight,55.39806991740952,199.43305170267428
2808.826737351534,-177.3992156982422,-155.02169799804688,11.267730712890625,-177.6654814896972,-155.04492912747372,-0.26727730370089714,-1.4837688102507771,0.0012583708539720129,794.6782912553383,0.2763724651101085,13.650024652481079,-11.45002555847168,2.1999990940093994,-20.599971771240234,14.50003719329834,19,straight,56.746945126186674,204.28900245427204
2815.357858666209,-176.80677795410156,-161.52584838867188,11.292037963867188,-177.17703104539277,-161.56100614058303,-0.3719185651861722,-1.4761241891130847,0.0012482048916055422,801.1505216212693,0.4581444504817678,13.600022792816162,-11.050024032592773,2.5499987602233887,-20.149978637695312,14.65003776550293,19,straight,58.085557509347986,209.10800703365274
2821.9906397597697,-176.1504364013672,-168.1259765625,11.328216552734375,-176.63409615411135,-168.17620248890623,-0.48626062981482954,-1.4673216392211688,0.0012988358024044605,769.920261012791,0.6223689174585934,13.500020980834961,-10.650022506713867,2.8499984741210938,-19.799983978271484,14.850038528442383,19,straight,59.41414698267221,213.89092913761996
2828.7241152649685,-175.42462158203125,-174.82005310058594,11.375381469726562,-176.0258497741748,-174.88769005871418,-0.6050207410767287,-1.4587693574922103,0.0010719146068688262,932.9101344379509,0.7590417246533865,13.500019311904907,-10.300021171569824,3.199998140335083,-23.498916625976562,15.1000394821167,19,straight,60.733184272108744,218.6394633795915
2835.5566243103253,-174.63882446289062,-181.60699462890625,11.431304931640625,-175.35669126785677,-181.69208132600028,-0.7228917593213101,-1.4528196076938191,0.0006778688768836472,1475.2115550684075,0.8151195808384748,13.450017929077148,-10.000020027160645,3.449997901916504,-30.330196380615234,15.350040435791016,19,straight,62.0429635931511,223.35466893534397
2842.487655069275,-173.81094360351562,-188.48817443847656,11.487564086914062,-174.63945541051544,-188.5891843413838,-0.8346465208838103,-1.4494777721450598,0.0004015045721440236,2490.6316624491396,0.8109303518771371,13.450016736984253,-9.750019073486328,3.699997663497925,-37.2599983215332,15.400040626525879,19,straight,63.34396414910016,228.03827093676057
2849.5166980143626,-172.9520263671875,-195.4643096923828,11.544509887695312,-173.88017827926467,-195.57958484636933,-0.9352830229503496,-1.4472304956306317,0.00029355303083633544,3406.5395174118635,0.8188266964314739,13.450015783309937,-9.550018310546875,3.8999974727630615,-44.287811279296875,15.400040626525879,19,straight,64.63662326975587,232.69184377112114
2856.6425556049985,-172.0669708251953,-202.5347442626953,11.603485107421875,-173.07921263335558,-202.6624195699848,-1.0202619576751102,-1.4453276584146215,0.00032544253605569506,3072.739083586983,0.8441100142866698,13.450015306472778,-9.450017929077148,3.99999737739563,-51.41242599487305,15.250040054321289,19,straight,65.92121788115908,237.3163843721727
2863.8640892119415,-171.15347290039062,-209.697998046875,11.6656494140625,-172.23038604837558,-209.83687039686703,-1.0858303080569942,-1.442549992385236,0.0004444604627815013,2249.918910091232,0.8858325520464616,13.4500150680542,-9.350017547607422,4.099997520446777,-58.632694244384766,15.1000394821167,19,straight,67.19801107954694,241.912839886369
2871.1805358131724,-170.20436096191406,-216.9523162841797,11.732315063476562,-171.3238968162685,-217.1008928718026,-1.1293518192196894,-1.438854670249679,0.00046845263530767567,2134.6875321625816,0.9463508632637341,13.4500150680542,-9.300017356872559,4.149997711181641,-65.94783782958984,14.900038719177246,19,straight,68.46730816671281,246.48230940016612
2878.5909999559112,-169.2167205810547,-224.2963104248047,11.805084228515625,-170.35576830705932,-224.45118328875765,-1.1495283059173893,-1.4356580619405455,0.00037620545894538615,2658.121981545117,1.0088151444342608,13.4500150680542,-9.300017356872559,4.149997711181641,-73.35694885253906,14.80003833770752,19,straight,69.72936738018319,251.0257225686595
2886.093828256428,-168.19686889648438,-231.72909545898438,11.8828125,-169.33245167185774,-231.88627806609148,-1.1464094433062186,-1.433254461087578,0.0003317438027030384,3014.37432094294,0.9529786413748131,14.399014472961426,-10.299016952514648,4.099997520446777,-80.8583755493164,14.750038146972656,19,straight,70.98430067281346,255.54348242212848
2893.686554909358,-167.1456756591797,-239.2484130859375,11.94879150390625,-168.25583382750526,-239.4050264532995,-1.121150705987567,-1.4306481459781604,0.0003434793712199652,2911.382993535286,0.8376225464412856,16.397014141082764,-11.298016548156738,5.098997592926025,-88.44981384277344,14.550037384033203,19,straight,72.23207772729984,260.03547981827944
2901.369966220768,-166.06146240234375,-246.8546905517578,12.010711669921875,-167.12608637267908,-247.0077487180896,-1.0755700816280838,-1.4280073836593805,0.0001767402518278588,5658.020680959415,0.7127608489933546,17.447017669677734,-12.297016143798828,5.150001525878906,-96.13197326660156,14.400036811828613,19,straight,73.47318908344445,264.5034807004
2909.090875992774,-164.9629364013672,-254.4969024658203,12.058517456054688,-165.96425241311232,-254.6409297892945,-1.0116212855037907,-1.4279381341570172,-0.0002644671445403701,3781.1880252193405,0.575918503140227,16.450026512145996,-11.30002498626709,5.150001525878906,-103.85173797607422,12.950031280517578,19,straight,74.69958860428291,268.91851897541846
2916.879597608593,-163.86839294433594,-262.2082214355469,12.0999755859375,-164.79038481783488,-262.3368810243853,-0.9309255096935177,-1.432146418869381,-0.0005836994883494373,1713.210341896583,0.44573175704952783,17.44802236557007,-12.29902458190918,5.148997783660889,-103.85173797607422,12.950031280517578,19,straight,75.91668840281542,273.3000782501355
2924.7390381314217,-162.8015899658203,-269.994873046875,12.128143310546875,-163.6286542344886,-270.1061305014936,-0.8345139457888416,-1.4370781238857624,-0.0006052682472628412,1652.160020820891,0.28391023747290633,17.169023036956787,-11.749022483825684,5.4200005531311035,-95.99334716796875,12.950031280517578,19,straight,77.1253723220695,277.6513403594502
2932.669977140912,-161.76266479492188,-277.8574523925781,12.144699096679688,-162.47950209511734,-277.95051052925953,-0.7228523581991908,-1.4417006423953496,-0.00053835809604387,1857.4996964817847,0.13834647074711937,16.520023345947266,-10.750022888183594,5.770000457763672,-88.06342315673828,12.850030899047852,19,straight,78.32614709729854,281.97412955027477
2940.672349402799,-160.74794006347656,-285.79522705078125,12.15008544921875,-161.33942556202837,-285.8696384207005,-0.5961477559886668,-1.4456495665069509,-0.0005500450419021613,1818.0329315246768,0.033804958785610406,17.399023056030273,-11.749022483825684,5.65000057220459,-80.06204986572266,12.750030517578125,19,straight,79.51936136921952,286.2697009291903
2948.7464874250986,-159.75892639160156,-293.8085632324219,12.15008544921875,-160.2105117660227,-293.8631272209035,-0.45486984867114855,-1.4505516039993611,-0.0007701738790519691,1298.408096144381,1.1102230246251565e-14,18.218022346496582,-12.748022079467773,5.470000267028809,-71.9889144897461,12.650030136108398,19,straight,80.0,288.0
2956.89123360817,-158.8120880126953,-301.89808654785156,12.15008544921875,-159.11055999504424,-301.9318470088829,-0.30037525360180206,-1.458164052844946,-0.001049742971248796,952.614142117455,-0.00018498860246962678,17.958022117614746,-12.648021697998047,5.310000419616699,-63.84516906738281,12.450029373168945,19,straight,80.0,288.0
2965.1049557979245,-157.92782592773438,-310.06407165527344,12.150054931640625,-158.06261305435441,-310.0780117429336,-0.13550607199109818,-1.4677397363812128,-0.0011628793610938548,859.9344295347684,-3.0560856845163187e-06,16.69902229309082,-11.649022102355957,5.050000190734863,-56.14942932128906,12.200028419494629,19,straight,80.0,288.0
2973.386799218247,-157.11631774902344,-318.3060607910156,12.15008544921875,-157.0815098233331,-318.3027984770341,0.03496046886668263,-1.4773460039752635,-0.0010460685148211274,955.9603274848542,0.00036700201517803066,15.098021507263184,-10.650022506713867,4.447999000549316,-51.149505615234375,11.850027084350586,19,straight,80.0,288.0
2981.736246841991,-156.37049865722656,-326.62213134765625,12.150115966796875,-156.16712922850607,-326.60466500187584,0.20411809761269162,-1.485121749931309,-0.0008146876579336465,1227.4642806500533,2.8087693282330406e-06,15.098021030426025,-11.649022102355957,3.4489989280700684,-46.54957580566406,11.500025749206543,19,straight,80.0,288.0
2990.150353883215,-155.67465209960938,-335.0074157714844,12.15008544921875,-155.31273091981163,-334.97846993984075,0.3630768535113881,-1.4909879279712104,-0.0007220677230001665,1384.9116476845613,-9.252629108447152e-05,15.098020553588867,-12.648021697998047,2.4499988555908203,-42.24964141845703,11.250024795532227,19,straight,80.0,288.0
2998.6337294386894,-155.0264129638672,-343.4659881591797,12.150100708007812,-154.5262701315678,-343.4291764125513,0.5014957202113387,-1.4973263382669642,-0.0006769986558795987,1477.107807105965,0.00017918386653326124,15.747020483016968,-13.647021293640137,2.099999189376831,-38.199703216552734,10.900023460388184,19,straight,80.0,288.0
3007.182284603299,-154.4207000732422,-351.99305725097656,12.150115966796875,-153.8136270366439,-351.95153750618306,0.608491216840781,-1.5025093413026638,-0.0005376021771799216,1860.1115145136878,-0.00017499908336882086,16.346020340919495,-14.646020889282227,1.699999451637268,-34.54975891113281,10.55002212524414,19,straight,80.0,288.0
3015.7984034905367,-153.8513946533203,-360.59034729003906,12.150070190429688,-153.1789623116681,-360.5470829231056,0.6738227211559482,-1.5065447845396707,-0.0003979385129223578,2512.951040240508,-4.082442228714456e-06,17.2950199842453,-15.645020484924316,1.6499994993209839,-31.499805450439453,10.500021934509277,19,straight,80.0,288.0
3024.4812417757385,-153.30580139160156,-369.2560272216797,12.150115966796875,-152.6179286700311,-369.2137300519872,0.6891719173361446,-1.5093838292878738,-0.00030946934106780566,3231.337865487932,4.142382592497995e-06,16.694012761116028,-14.894013404846191,1.7999993562698364,-28.699848175048828,10.85002326965332,19,straight,80.0,288.0
3033.2328435882873,-152.780029296875,-377.9918212890625,12.150070190429688,-152.13192045233015,-377.95363044042944,0.6492330978135551,-1.511937792612034,-0.0003702205810921927,2701.0924056406766,0.012754686633587031,15.995012998580933,-13.895013809204102,2.099999189376831,-25.999889373779297,11.400025367736816,19,straight,80.0,288.0
3042.049967537164,-152.27703857421875,-386.7945861816406,12.152374267578125,-151.72549342010572,-386.7642770662551,0.5523773162440819,-1.5158984444899541,-0.000663740760576681,1506.6123091960865,0.4934266633497608,15.296013116836548,-12.896014213562012,2.399998903274536,-23.449928283691406,12.050027847290039,19,straight,80.0,288.0
3050.9391063016824,-151.8170623779297,-395.67140197753906,12.238113403320312,-151.41678744997876,-395.6525450479988,0.40071885622942877,-1.5237211873127892,-0.000655536891017397,1525.4671608915774,1.0387878772629255,14.597013235092163,-11.897014617919922,2.699998617172241,-21.29996109008789,12.650030136108398,19,straight,80.0,288.0
3059.878225923788,-151.41604614257812,-404.60096740722656,12.337646484375,-151.21667923626651,-404.5923427426987,0.19955337173418056,-1.5275630213763576,-0.0004998748288248533,2000.5008100745576,1.0723588079478708,13.998013257980347,-10.898015022277832,3.0999982357025146,-19.499988555908203,13.200032234191895,19,straight,80.0,288.0
3068.8782519472443,-151.05746459960938,-413.59336853027344,12.430435180664062,-151.1010615809119,-413.5950303464639,-0.04362864210289671,-1.5326970824913633,-0.0006685968858819585,1495.6695448571847,1.3037537306379687,13.499013185501099,-9.899015426635742,3.5999977588653564,-18.000011444091797,13.75003433227539,19,straight,80.0,288.0
3077.938658367802,-150.74342346191406,-422.64720153808594,12.573440551757812,-151.063563218132,-422.6571759211436,-0.3202951011624378,-1.539650062370226,-0.0007588596856925311,1317.7666686660334,1.9276335512252607,13.00001335144043,-8.900015830993652,4.099997520446777,-16.750030517578125,14.300036430358887,19,straight,80.0,288.0
3087.062388189986,-150.49240112304688,-431.7651062011719,12.781402587890625,-151.1141029942972,-431.78021722895625,-0.6218854877522637,-1.5464952046854084,-0.0006159738390117131,1623.4455697086585,2.4253159214608466,12.600011825561523,-7.95001220703125,4.649999618530273,-15.800042152404785,14.80003833770752,19,straight,80.0,288.0
3096.245331963244,-150.28997802734375,-440.9427795410156,13.017608642578125,-151.23024893332473,-440.9614800329393,-0.9404568491071194,-1.550910539903696,-0.0004480391403586803,2231.947858839842,2.6838595010595268,12.350010871887207,-7.200009346008301,5.150001525878906,-15.050039291381836,15.250040054321289,19,straight,80.0,288.0
3105.489328127583,-150.12319946289062,-450.18165588378906,13.276092529296875,-151.39190356114912,-450.2020192516224,-1.2688675091148962,-1.554747179113031,-0.0004963086190798716,2014.8753448085267,2.8603640322843904,12.300010681152344,-6.700007438659668,5.600003242492676,-14.50003719329834,15.650041580200195,19,straight,80.0,288.0
3114.787946570493,-149.9988250732422,-459.4754638671875,13.548065185546875,-151.59927227659296,-459.4925477265668,-1.6005383809720428,-1.56012230360725,-0.0007264481902967412,1376.5606595998506,2.948011108375237,12.350010871887207,-6.300005912780762,6.050004959106445,-14.05003547668457,16.05004119873047,19,straight,80.0,288.0
3124.1329258566707,-149.93528747558594,-468.81610107421875,13.825729370117188,-151.86422811044466,-468.82090751504853,-1.928946623077627,-1.5683045803950837,-0.00107688437973677,928.6047962218903,2.9527914495074747,12.450011253356934,-6.050004959106445,6.400006294250488,-13.700034141540527,16.35003662109375,19,straight,80.0,288.0
3133.5324813797884,-149.96929931640625,-478.2115478515625,14.101531982421875,-152.21626574114882,-478.19012527491606,-2.247068543838958,-1.5803300373845348,-0.0011011854484431344,908.1122543108509,2.8718815179180623,12.600011825561523,-5.9000043869018555,6.700007438659668,-13.400032997131348,16.600032806396484,19,straight,80.0,288.0
3142.9841907947257,-150.10382080078125,-487.6585693359375,14.367050170898438,-152.65039186175667,-487.61209344364966,-2.546995127039215,-1.5890446820138602,-0.0006019335328857761,1661.3129944859902,2.702611733039928,12.750012397766113,-5.9000043869018555,6.850008010864258,-13.200032234191895,16.700031280517578,19,straight,80.0,288.0
3152.4895914499452,-150.29119873046875,-497.15892028808594,14.613754272460938,-153.1104943081487,-497.0999597680687,-2.8199120371469717,-1.5917064885513101,-0.000302837667901526,3302.09913096138,2.4446083882295744,12.85001277923584,-5.850004196166992,7.000008583068848,-13.050031661987305,18.050010681152344,19,straight,80.0,288.0
3162.049714166461,-150.5020751953125,-506.7142028808594,14.832962036132812,-153.55773707247354,-506.6407776471549,-3.056543926149254,-1.5948209438932828,-0.000665668093891375,1502.2501591659309,2.095689568102299,12.85001277923584,-5.750003814697266,7.100008964538574,-12.950031280517578,18.050010681152344,19,straight,80.0,288.0
3171.6642816527665,-150.7786865234375,-516.3230590820312,15.015380859375,-154.0248720078148,-516.2135846138992,-3.2480309201352355,-1.6045075841473977,-0.0011934742294897882,837.8898976540962,1.6538986680466494,12.85001277923584,-5.650003433227539,7.200009346008301,-12.900031089782715,18.050010681152344,19,straight,80.0,288.0
3181.3332500925153,-151.16864013671875,-525.9832000732422,15.151626586914062,-154.55195024188293,-525.8238661899125,-3.387059868688935,-1.6178556390841525,-0.0014123196545591243,708.0550049501111,1.118813971245547,12.85001277923584,-5.650003433227539,7.200009346008301,-12.950031280517578,18.050010681152344,19,straight,80.0,288.0
3191.056027065897,-151.6946258544922,-535.69140625,15.232025146484375,-155.1571130729728,-535.4795775550397,-3.4689608147326036,-1.6318983607056694,-0.0014195454862887397,704.450832790431,0.5048023640848442,12.85001277923584,-5.800004005432129,7.050008773803711,-13.150032043457031,17.850013732910156,19,straight,80.0,288.0
3200.834112506024,-152.35780334472656,-545.4469604492188,15.249710083007812,-155.84051712508054,-545.1861804159597,-3.4924635290313386,-1.6455352529349585,-0.0015181184900402156,658.7101116023622,0.09044073404319564,13.15001392364502,-6.100005149841309,7.050008773803711,-13.500033378601074,17.550018310546875,19,straight,80.0,288.0
3210.6478249768156,-153.17092895507812,-555.2269287109375,15.249679565429688,-156.61654644010176,-554.9130180506605,-3.459887246101549,-1.6616498458629143,-0.001500688225275812,666.360929043879,-0.00015563150781439106,13.250014305114746,-6.450006484985352,6.8000078201293945,-13.700034141540527,17.050025939941406,19,straight,80.0,288.0
3220.4801287781584,-154.12969970703125,-565.0123748779297,15.249679565429688,-157.48806096880315,-564.6611065620962,-3.3766817727287584,-1.6750125370941318,-0.0012988389796276534,769.9183776319036,0.0,13.650015830993652,-6.750007629394531,6.900008201599121,-13.850034713745117,16.450035095214844,19,straight,80.0,288.0
3230.357546244156,-155.2183074951172,-574.8296203613281,15.249679565429688,-158.4467687619014,-574.4519644995753,-3.2504747501007136,-1.6872441540712875,-0.001285306091403704,778.024788560586,-0.00015352165760873504,14.999017238616943,-7.100008964538574,7.899008274078369,-14.000035285949707,17.024429321289062,19,straight,80.0,288.0
3240.2760795863464,-156.43263244628906,-584.6735382080078,15.249649047851562,-159.49657903043152,-584.2740132833826,-3.0898849227560237,-1.7004602632631647,-0.001349401698923322,741.0691722100934,-1.27308431574491e-06,16.24801731109619,-7.350009918212891,8.8980073928833,-14.20003604888916,26.94196319580078,19,straight,80.0,288.0
3250.235822936897,-157.79183959960938,-594.5401000976562,15.249679565429688,-160.66547233744637,-594.1255456658756,-2.903380872169116,-1.7140693331462908,-0.0012652656580332128,790.3478559233529,0.00015351259375906423,16.946012496948242,-7.600010871887207,9.346001625061035,-14.20003604888916,36.90070724487305,19,straight,80.0,288.0
3260.23568656288,-159.2756805419922,-604.4292602539062,15.249679565429688,-161.94180732795664,-604.0129148250212,-2.6984394666159615,-1.7257063364802314,-0.0010282936886649163,972.4848173466363,-7.585255410447189e-05,16.097013473510742,-7.750011444091797,8.347002029418945,-14.150035858154297,46.89957046508789,19,straight,80.0,288.0
3270.2743846237377,-160.87095642089844,-614.3403930664062,15.249664306640625,-163.31882190773825,-613.9356368210376,-2.481103194110729,-1.7346643211216004,-0.0008296528503499712,1205.3234067455703,-7.615760642121217e-05,15.248014450073242,-7.900012016296387,7.3480024337768555,-13.950035095214844,46.89957046508789,19,straight,80.0,288.0
3280.354847434556,-162.55528259277344,-624.2791442871094,15.249664306640625,-164.77807355022696,-623.8939323838101,-2.2559228379934764,-1.7423930080851089,-0.0006810141029062744,1468.3983719756043,0.00022577200402551512,14.249014377593994,-7.900012016296387,6.349002361297607,-13.700034141540527,36.820106506347656,19,straight,80.0,288.0
3290.4734483685006,-164.3125457763672,-634.2439880371094,15.249710083007812,-166.30685827946033,-633.8859910212147,-2.0261895822906446,-1.7484136202643925,-0.0006233947701228953,1604.1199700839022,-7.304446307809798e-05,13.250014305114746,-7.900012016296387,5.350002288818359,-13.550033569335938,26.702505111694336,19,straight,80.0,288.0
3300.6343743105294,-166.14100646972656,-644.2390441894531,15.249649047851562,-167.90497176745214,-643.9103211066769,-1.7943334240686795,-1.755037567350851,-0.0007029389280651666,1422.5986925386128,-2.356867045971711e-06,13.100013732910156,-7.65001106262207,5.450002670288086,-13.300032615661621,16.542579650878906,19,straight,80.0,288.0
3310.8353250329533,-168.04702758789062,-654.2603454589844,15.249710083007812,-169.58071601097848,-653.9623088763748,-1.562378310041251,-1.7627308693994046,-0.000887099168648986,1127.2696845415346,7.669399434417912e-05,12.85001277923584,-7.300009727478027,5.5500030517578125,-12.750030517578125,9.800019264221191,19,straight,80.0,288.0
3321.076357781559,-170.0521697998047,-664.3031616210938,15.249664306640625,-171.357348107254,-664.0353452067764,-1.3323723376046672,-1.773182310567761,-0.0010527915904389729,949.8556115774435,-1.7555388365231295e-06,12.500011444091797,-6.8000078201293945,5.700003623962402,-12.100028038024902,9.900019645690918,19,straight,80.0,288.0
3331.3577704698137,-172.1760711669922,-674.3628082275391,15.249710083007812,-173.25766611712783,-674.1282651987827,-1.1067330610843171,-1.7843393366849243,-0.0010386671487540855,962.7723387608168,0.0001493011872133465,12.200010299682617,-6.250005722045898,5.950004577636719,-11.400025367736816,10.100020408630371,19,straight,80.0,288.0
3341.680414394265,-174.41586303710938,-684.4395294189453,15.24969482421875,-175.2821664334052,-684.242363211619,-0.888457138946558,-1.7945792253111037,-0.000828004929300824,1207.7222787120488,-0.34400078586341865,12.10000991821289,-5.750003814697266,6.350006103515625,-10.800023078918457,10.500021934509277,19,straight,80.0,288.0
3352.0409278656825,-176.75245666503906,-694.5328674316406,15.178298950195312,-177.41556629236914,-694.3771455687955,-0.6811487916936858,-1.8014526506207547,-0.0007254661341241642,1378.4240958501437,-1.3270553177494038,11.650008201599121,-5.150001525878906,6.500006675720215,-10.250020980834961,11.050024032592773,19,straight,80.0,288.0
3362.4470840562412,-179.16859436035156,-704.6525726318359,14.973526000976562,-179.6435555461761,-704.5369183917006,-0.48883947395962607,-1.8096504167819,-0.0010710315393304554,933.6793206156561,-2.4817739656698867,11.650008201599121,-4.44999885559082,7.200009346008301,-9.650018692016602,11.700026512145996,19,straight,80.0,288.0
3372.9100189666865,-181.71224975585938,-714.7967529296875,14.6597900390625,-182.01780423458598,-714.7177418315575,-0.3156046468250735,-1.8238363584093675,-0.0014495651506878787,689.8620593392843,-3.389729525775398,11.700010061264038,-3.699997663497925,8.000012397766113,-8.950016021728516,12.400029182434082,19,straight,80.0,288.0
3383.4297322083667,-184.4272918701172,-724.9522705078125,14.261825561523438,-184.5863740580661,-724.9083664238096,-0.16502942499670462,-1.8400768056556225,-0.0015069343856599915,663.5988995380382,-4.053972231607972,11.65001368522644,-2.899998426437378,8.750015258789062,-8.200013160705566,13.150032043457031,19,straight,80.0,288.0
3394.008927333734,-187.3197021484375,-735.1180877685547,13.804122924804688,-187.35777714050803,-735.1069397402653,-0.039673461607377156,-1.8556266295639894,-0.001327107778761702,753.5183019822853,-4.558129277515455,12.250016927719116,-2.699998617172241,9.550018310546875,-7.450010299682617,13.90003490447998,19,straight,78.59042728984299,282.9255382434348
3404.6483718622662,-190.37022399902344,-745.2980804443359,13.29437255859375,-190.313472620653,-745.3154755658801,0.059357469626673265,-1.8682189782183685,-0.001228036023310397,814.3083598674215,-4.982812566942208,13.15001916885376,-2.949998378753662,10.200020790100098,-6.750007629394531,14.600037574768066,19,straight,76.98081397825268,277.1309303217097
3415.348945424694,-193.5702667236328,-755.4939270019531,12.740554809570312,-193.44403162369053,-755.5345086684276,0.13259778320653243,-1.881838394524537,-0.001331891046963407,750.8121646135477,-5.3016282253423475,13.650021076202393,-2.949998378753662,10.70002269744873,-6.200005531311035,15.1000394821167,19,straight,75.32726896291928,271.17816826650943
3426.068544020487,-196.92298889160156,-765.6590881347656,12.158706665039062,-196.75046300996107,-765.7174037244462,0.18211504011372898,-1.8967505651315784,-0.001276033624643208,783.6784083801947,-5.491488045879544,13.650022983551025,-2.5499987602233887,11.100024223327637,-5.800004005432129,15.500041007995605,19,straight,73.63356167974862,265.08082204709507
3436.7532276557918,-200.40322875976562,-775.7436370849609,11.565185546875,-200.2040634539316,-775.8137225074435,0.21113688804304215,-1.9091590012440864,-0.0009423023568632533,1061.2304985936905,-5.55307220940513,13.600023984909058,-2.2999989986419678,11.30002498626709,-5.5500030517578125,15.750041961669922,19,straight,71.90568210504756,258.86045557817124
3447.401420444405,-203.97329711914062,-785.7580871582031,10.974075317382812,-203.76302980593337,-785.8339061239205,0.22351925770692688,-1.9168685425250462,-0.0005157076751750589,1939.0830273382032,-5.434375012550613,13.600024700164795,-2.1499991416931152,11.45002555847168,-5.400002479553223,15.900042533874512,19,straight,70.14136924417046,252.50892927901367
3458.013385959777,-207.58642578125,-795.7200469970703,10.409744262695312,-207.37671550395217,-795.7964408307364,0.223191438515312,-1.920138095806472,-0.0006016823826538314,1662.0064486337708,-5.106200060362531,12.739998579025269,-2.099999189376831,10.639999389648438,-5.350002288818359,15.950042724609375,19,straight,68.33775591542266,246.0159212955216
3468.587316211016,-211.23680114746094,-805.6303863525391,9.892120361328125,-211.03671241528716,-805.7054256598234,0.21369697793984088,-1.929593429872364,-0.0015577268785763182,641.9610611803453,-4.6917118368030195,11.690999031066895,-2.049999237060547,9.640999794006348,-5.300002098083496,15.950042724609375,19,straight,66.49196405671844,239.3710706041864
3479.11937257291,-215.04425048828125,-815.4387512207031,9.419342041015625,-214.86062897887743,-815.5125530647233,0.19789787996974628,-1.95296000057291,-0.0027031072829916125,369.9446212483542,-4.293289594311162,10.841999292373657,-2.1999990940093994,8.642000198364258,-5.500002861022949,15.800042152404785,19,straight,64.60107759835479,232.56387935407724
3489.601367956528,-219.10687255859375,-825.0918731689453,8.989730834960938,-218.94415836742175,-825.1636704757999,0.17785039016074752,-1.9863482730890296,-0.0032585027467725153,306.88941446818814,-3.9023680097139968,10.34299921989441,-2.699998617172241,7.643000602722168,-5.950004577636719,15.400040626525879,19,straight,62.66255183759784,225.58518661535223
3500.0266566208006,-223.4785919189453,-834.5483703613281,8.603240966796875,-223.33920598051628,-834.6157499021898,0.15481744849491155,-2.021078163056881,-0.00358846928789279,278.6703521119494,-3.435931132176673,10.143998384475708,-3.499997854232788,6.64400053024292,-6.750007629394531,14.600037574768066,19,straight,60.67310957754567,218.4231944791644
3510.3925189655424,-228.1743621826172,-843.7837982177734,8.275039672851562,-228.06022565047712,-843.8446963334525,0.12936664354545313,-2.0609262032409585,-0.003994264954694696,250.35895498736028,-2.7177578458447202,10.143998622894287,-4.498998165130615,5.645000457763672,-8.000012397766113,13.500033378601074,19,straight,58.62811360002567,211.06120896009242
3520.6918865252287,-233.20816040039062,-852.7661743164062,8.041015625,-233.1207214830749,-852.817736196996,0.10150956502367181,-2.1036006683655586,-0.004119734341356374,242.73409815807733,-1.7417569545608802,10.046002864837646,-5.400002479553223,4.646000385284424,-9.700018882751465,11.950027465820312,20,right,57.728430441011234,207.82234958764045
3530.917705017394,-238.58839416503906,-861.4612884521484,7.9167633056640625,-238.52892006055598,-861.499804343173,0.07085649557715033,-2.1454879867592553,-0.004241834580130138,235.74705262771474,-0.762512916479402,10.046002864837646,-6.399002552032471,3.647000312805176,-11.850027084350586,10.000020027160645,20,right,56.891514016698565,204.80945046011485
3541.067950460681,-244.29945373535156,-869.8523712158203,7.8849639892578125,-244.26950555468275,-869.8737159891338,0.03677625420263617,-2.1900106349371873,-0.004330478705833696,230.92135256383435,0.09923721963064902,10.046002864837646,-7.398002624511719,2.6480002403259277,-14.50003719329834,8.000012397766113,20,right,56.30622376761006,202.7024055633962
3551.1365727775888,-250.31503295898438,-877.9262390136719,7.9361572265625,-250.3161708602509,-877.9253517584312,-0.0014429279796053032,-2.2330544490653406,-0.004228900742706931,236.46807074499864,0.7981145742375795,10.046002268791199,-8.397002220153809,1.6490000486373901,-17.65001678466797,6.600007057189941,20,right,56.97844722664893,205.12241001593617
3561.117707398215,-256.6160583496094,-885.6662902832031,8.044479370117188,-256.6499267592696,-885.6375303174626,-0.04443202451280753,-2.2748071059834003,-0.004398262990459076,227.36248427373448,1.4792947874853468,10.04600191116333,-9.396001815795898,0.6500000953674316,-21.29996109008789,5.500002861022949,20,right,55.870654452621416,201.1343560294371
3571.0106581123055,-263.19908142089844,-893.0487060546875,8.229461669921875,-263.26686817453464,-892.9856027585776,-0.09261247188405186,-2.320428132946532,-0.004264997126710815,234.466746469113,2.3011903760657706,11.395001530647278,-10.395001411437988,1.0000001192092896,-25.049903869628906,4.75,20,right,56.736819147409534,204.25254893067432
3580.815109412199,-270.0134582519531,-900.0928497314453,8.496994018554688,-270.11648413787753,-899.9892695139308,-0.14609310261215117,-2.358877519641467,-0.0038775745082253593,257.8931746840031,2.769601613900857,12.394001126289368,-11.394001007080078,1.0000001192092896,-28.899845123291016,4.399998664855957,21,straight,58.73520086440584,211.44672311186102
3590.559168136393,-277.0488739013672,-906.8289184570312,8.770828247070312,-277.1876603908878,-906.678548004423,-0.20462884129829778,-2.396234241414127,-0.003590218121329272,278.5346088191855,2.9329463589496507,11.340998768806458,-10.590998649597168,0.7500001192092896,-32.84978485107422,4.499999046325684,21,straight,60.65607633990499,218.36187482365798
3600.30139924259,-284.29823303222656,-913.3303985595703,9.068511962890625,-284.47323102655855,-913.1279316902726,-0.26761377240986756,-2.428838440754797,-0.0037709972939552333,265.18183972260135,3.3260741983311695,10.141999125480652,-9.591999053955078,0.5500000715255737,-32.84978485107422,5.250001907348633,21,straight,60.33874115294342,217.21946815059633
3610.061083602038,-291.8115692138672,-919.549560546875,9.419570922851562,-292.0195158731705,-919.2880553449091,-0.3341059469249697,-2.4697907363150984,-0.0032025059833221264,312.25546656517025,3.9836846825650363,10.14199948310852,-8.592999458312988,1.5490000247955322,-30.699817657470703,6.500006675720215,21,straight,62.213079208623796,223.96708515104567
3619.837398987612,-299.5244140625,-925.5417022705078,9.846893310546875,-299.7682844057251,-925.2210550476062,-0.4028490857123167,-2.4913695207715065,-0.0015135693904224368,660.68989392082,4.6145058867698765,10.141999959945679,-7.593999862670898,2.5480000972747803,-28.799846649169922,8.150012969970703,21,straight,64.0356322095812,230.5282759544923
3629.6387359432924,-307.3388214111328,-931.4386901855469,10.323104858398438,-307.62168918663286,-931.0605126161109,-0.47226311780705105,-2.4993881131924214,-0.0012038455831571426,830.6713203012733,5.100489258821883,10.141999959945679,-6.59499979019165,3.5470001697540283,-27.149871826171875,9.750019073486328,21,straight,65.81220302509386,236.9239308903379
3639.4684850908616,-315.24180603027344,-937.2602844238281,10.848312377929688,-315.55867627360396,-936.8225409129185,-0.5403944230391649,-2.515024267906189,-0.0017948423179476314,557.152007171015,5.6118352035137935,10.1419997215271,-5.595999717712402,4.546000003814697,-25.549896240234375,11.250024795532227,21,straight,67.54701066489469,243.16923839362087
3649.317795731846,-323.26226806640625,-942.9476013183594,11.427566528320312,-323.6072135209403,-942.4507611762829,-0.6048450160018685,-2.5347169171909845,-0.0019755994592053905,506.17547769638077,6.07594909340794,10.1419997215271,-4.596999645233154,5.545000076293945,-24.149917602539062,12.550029754638672,21,straight,69.24168997820017,249.2700839215206
3659.1860775663577,-331.4085693359375,-948.4827423095703,12.046417236328125,-331.7759711092151,-947.9311768283131,-0.6627281064826082,-2.5539774292592354,-0.0019165077570563183,521.7823910798886,6.422011622899982,11.264000415802002,-4.720000267028809,6.544000148773193,-22.949935913085938,13.650033950805664,21,straight,70.8990205684322,255.23647404635594
3669.0711841686807,-339.66676330566406,-953.8767547607422,12.696182250976562,-340.0497028352674,-953.2780243970728,-0.7107184616375753,-2.5725732521449065,-0.002031852584359839,492.1616891390094,6.712763962558032,11.313000440597534,-3.7700002193450928,7.543000221252441,-21.899951934814453,14.600037574768066,21,straight,72.52121476610127,261.07637315796455
3678.972080774987,-348.0465393066406,-959.1061706542969,13.374649047851562,-348.43441377943856,-958.4698360522426,-0.7452303888193155,-2.5941844325492314,-0.002202184548093622,454.0945493717481,6.978186378425599,11.631999969482422,-3.0900001525878906,8.541999816894531,-21.099964141845703,15.350040435791016,21,straight,74.11041558135496,266.79749609287785
3688.8868988506715,-356.54713439941406,-964.1606140136719,14.078994750976562,-356.92969162672864,-963.5007242794813,-0.762761098549651,-2.6162116543270573,-0.0020698807178727574,483.1196268293724,7.217836040580073,12.020999670028687,-2.4800002574920654,9.540999412536621,-20.549972534179688,15.850042343139648,21,straight,75.66841123796463,272.4062804566727
3698.8144737158173,-365.1620178222656,-969.0402374267578,14.806869506835938,-365.53077147067137,-968.375294416357,-0.7603475917588076,-2.6352519445123392,-0.0017008168469282992,587.9527838673606,7.436087247415535,12.719999074935913,-2.180000066757202,10.539999008178711,-20.19997787475586,16.20003890991211,21,straight,77.19691356654623,277.90888883956643
3708.7567426860724,-373.8707580566406,-973.7778015136719,15.556564331054688,-374.21819637902627,-973.1289121199106,-0.7360508360146732,-2.6500002344856646,-0.00123505148441988,809.6828453023666,7.636242795073766,13.558998823165894,-2.0200002193450928,11.5389986038208,-19.999980926513672,16.35003662109375,21,straight,78.69793077962072,283.3125508066346
3718.7130595328285,-382.64537048339844,-978.4191131591797,16.326400756835938,-382.96478338039907,-977.8082234623585,-0.689355365869223,-2.659820740198596,-0.0008429365760590779,1186.3288750326028,7.817917451272316,14.080028533935547,-1.880000114440918,12.200028419494629,-19.949981689453125,16.400035858154297,21,straight,80.0,288.0
3728.6828632593233,-391.4683380126953,-982.9941864013672,17.114395141601562,-391.75241283752314,-982.441532111187,-0.6213897895487932,-2.6667928190655217,-0.000692205843598831,1444.6569748688103,7.9789123457989275,14.090028524398804,-1.8900001049041748,12.200028419494629,-19.999980926513672,16.400035858154297,21,straight,80.0,288.0
3738.667607443166,-400.3357696533203,-987.5127105712891,17.9185791015625,-400.5770562588243,-987.0352948884038,-0.534925191274892,-2.673633182144545,-0.0006891626790679617,1451.0362072311016,8.117725319831203,14.110028266906738,-2.010000228881836,12.100028038024902,-20.099979400634766,16.300037384033203,21,straight,79.0676235201189,284.6434446724281
3748.6645056484717,-409.24261474609375,-991.9778137207031,18.736465454101562,-409.4357641269767,-991.5889728552147,-0.4341703605836016,-2.680563520533541,-0.0006010722037108618,1663.693635849841,8.232977107183704,14.048347473144531,-2.148320198059082,11.90002727508545,-20.249977111816406,16.100040435791016,21,straight,77.56547229815027,279.23570027334097
3758.6755336929177,-418.1894073486328,-996.3923034667969,19.565841674804688,-418.33225405228154,-996.1010156812383,-0.32442835073235793,-2.6856567837433194,-0.0004220196569942325,2369.55787112463,8.324256005460972,14.178186655044556,-2.4781601428985596,11.700026512145996,-20.49997329711914,15.900042533874512,21,straight,76.03146281127411,273.7132661205868
3768.7001775516196,-427.1658477783203,-1000.7756805419922,20.404296875,-427.25841211109804,-1000.585311465685,-0.2116802799427237,-2.689016604087519,-0.00038458712930330985,2600.1910199426784,8.39090740061732,14.271865606307983,-2.871840238571167,11.400025367736816,-20.749969482421875,15.650041580200195,21,straight,74.46370740400658,268.0693466544237
3778.7406608011925,-436.17271423339844,-1005.1315155029297,21.249496459960938,-436.2169807006523,-1005.0394583515337,-0.10214714507164563,-2.693375140529511,-0.0007212613505064858,1386.4599833302834,8.431825751298971,14.301704406738281,-3.2016801834106445,11.100024223327637,-21.099964141845703,15.300040245056152,21,straight,72.859668597976,262.2948069527136
3788.79737063843,-445.22364807128906,-1009.4322814941406,22.098861694335938,-445.2244303394245,-1009.4306115033282,-0.0018441292658853102,-2.7035212596636704,-0.0013901243171469402,719.3601231668097,8.36455853553748,13.923998832702637,-3.4300003051757812,10.493998527526855,-21.44995880126953,14.95003890991211,21,straight,71.21683078982144,256.3805908433572
3798.8671615545245,-454.34832763671875,-1013.6090240478516,22.932968139648438,-454.3141115236574,-1013.6855962897342,0.08386924716465391,-2.7213634590314193,-0.0020287185045348433,492.9220085313344,8.162586679377037,13.424999237060547,-3.9300003051757812,9.494998931884766,-22.09994888305664,14.450037002563477,21,straight,69.53297628849565,250.31871463858434
3808.9472892623135,-463.5675506591797,-1017.6037445068359,23.74359130859375,-463.5092468384784,-1017.7427345546712,0.1507234849173057,-2.744405085476014,-0.002430366828817865,411.4605203389819,7.952874064090953,13.095999717712402,-4.600000381469727,8.495999336242676,-22.949935913085938,13.75003433227539,21,straight,67.80552565249447,244.0998923489801
3819.0236564818156,-472.8804168701172,-1021.3688201904297,24.535995483398438,-472.80934776887557,-1021.5513794191994,0.1959047961646045,-2.7703500489580266,-0.0025190215465521193,396.9795341245644,7.827483894700515,11.906999588012695,-4.410000324249268,7.496999263763428,-23.999919891357422,12.800030708312988,21,straight,66.03356974439268,237.72085107981366
3829.055573979846,-482.2439422607422,-1024.8834838867188,25.317596435546875,-482.1698083924097,-1025.0887837487028,0.21827474376256406,-2.7950632386129532,-0.0026078252049108464,383.4612834161126,7.852465095465222,11.598000526428223,-5.100001335144043,6.49799919128418,-25.29990005493164,11.60002613067627,21,straight,64.22088074941536,231.1951706978953
3839.0227540907204,-491.63356018066406,-1028.1327362060547,26.106338500976562,-491.5650517801443,-1028.3400868868207,0.21837514912617317,-2.822485567949017,-0.003117180269052583,320.802749179448,8.200724143681715,11.598000526428223,-6.099001407623291,5.498999118804932,-27.749862670898438,10.150020599365234,21,straight,62.367735022432036,224.52384608075533
3848.920408206159,-501.05035400390625,-1031.062255859375,26.946258544921875,-500.99469330702107,-1031.2524811254495,0.19820132449334293,-2.8569348037855207,-0.0037324476967618425,267.9207000991787,8.626078845790497,11.598000526428223,-7.098001480102539,4.499999046325684,-27.949859619140625,8.800015449523926,21,straight,60.471345118770856,217.6968424275751
3858.732800924627,-510.4847412109375,-1033.6187591552734,27.806304931640625,-510.44565323194746,-1033.7747103699303,0.16077515807635215,-2.8960095168108078,-0.004007575371883648,249.5274342226477,8.619635489540522,11.74699878692627,-8.097001075744629,3.6499977111816406,-27.949859619140625,7.750011444091797,21,straight,58.53067142915191,210.7104171449469
3868.4406594389293,-519.9112091064453,-1035.7883605957031,28.629135131835938,-519.8887381083464,-1035.8956629738905,0.1096300420516268,-2.9351584007686724,-0.003834767868445499,260.77197741968416,8.260714322984164,11.745999336242676,-9.096000671386719,2.649998664855957,-26.999874114990234,6.900008201599121,22,straight,59.83493392081121,215.40576211492035
3878.039682878351,-529.3092956542969,-1037.5829162597656,29.401657104492188,-529.3010482829932,-1037.6305326699785,0.04832537278669404,-2.9700897698413025,-0.0031398408414309575,318.48748089545137,7.727059024202387,12.044999480247498,-10.095000267028809,1.949999213218689,-25.549896240234375,6.300005912780762,22,straight,61.693934458884485,222.09816405198416
3887.5437733849044,-538.6668548583984,-1039.088882446289,30.105850219726562,-538.6697586092806,-1039.0691844195314,-0.019910902222807957,-2.995233453062828,-0.002903909424335327,344.36335776171427,6.982333846727218,12.550023198127747,-10.950023651123047,1.5999995470046997,-24.19991683959961,6.050004959106445,22,straight,63.352947190796996,228.0706098868692
3896.960937053548,-547.9833984375,-1040.3150329589844,30.723541259765625,-547.9941414963912,-1040.2233164487864,-0.09234355179022413,-3.024990669322264,-0.0034394833837363137,290.7413377045303,6.315260148243262,12.500023245811462,-10.950023651123047,1.5499995946884155,-22.89993667602539,6.050004959106445,22,straight,61.57884320398736,221.6838355343545
3906.30247123835,-557.2622833251953,-1041.2341003417969,31.290878295898438,-557.2759189146894,-1041.0679435134246,-0.16671538895862942,-3.059711561683005,-0.0038434928807286606,260.18000579993713,5.951914123614355,12.55002224445343,-10.750022888183594,1.7999993562698364,-21.099964141845703,6.250005722045898,22,straight,59.766980477761585,215.1611297199417
3915.624751248913,-566.5502014160156,-1041.8206329345703,31.834442138671875,-566.5610156467072,-1041.5797962859235,-0.24107932079887145,-3.096720033748891,-0.003974333138862668,251.6145388572457,5.688755566569048,12.550020217895508,-10.300021171569824,2.2499990463256836,-18.849998474121094,6.700007438659668,22,straight,58.77494367907273,211.5897972446618
3924.95032635691,-575.8580322265625,-1042.071792602539,32.35169982910156,-575.8604679322063,-1041.75825363347,-0.3135484297311269,-3.1338243795032983,-0.004028971484978938,248.202302679049,5.40052325225,12.550017356872559,-9.700018882751465,2.8499984741210938,-16.900028228759766,7.300009727478027,22,straight,58.37504908943969,210.1501767219829
3934.283138740604,-585.1774139404297,-1041.9715576171875,32.842071533203125,-585.1658391021037,-1041.5896946372131,-0.38203836503306976,3.11129043538741,-0.003967080598916206,252.0745356858131,5.1522486574265836,11.699009895324707,-8.849011421203613,2.8499984741210938,-15.400040626525879,8.150012969970703,23,straight,58.82864475352624,211.78312111269446
3943.624915033386,-594.4963836669922,-1041.520980834961,33.3138427734375,-594.4669571515124,-1041.077881742222,-0.4440751353085987,3.0752793404281005,-0.0033102489998763363,302.0920782809263,4.878131310023903,11.7000093460083,-7.850011825561523,3.8499975204467773,-14.250036239624023,9.150016784667969,23,straight,60.6685842647779,218.40690335320045
3952.978117181453,-603.81005859375,-1040.7833404541016,33.753997802734375,-603.7643372705196,-1040.2887175808555,-0.4967315433271019,3.0494178542502737,-0.0026185407979192332,381.8920831001099,4.468614130321269,11.650008201599121,-7.050008773803711,4.59999942779541,-13.400032997131348,9.900019645690918,23,straight,62.45649452475917,224.84338028913302
3962.3562867503424,-613.1296234130859,-1039.8146514892578,34.1507568359375,-613.0678458250915,-1039.2814851399814,-0.536733477975016,3.0262378019349905,-0.0023430237132277543,426.79892412287967,3.9796901270129137,11.650008201599121,-6.500006675720215,5.150001525878906,-12.850030899047852,10.450021743774414,23,straight,64.19920507426764,231.11713826736352
3971.762996838247,-622.4549865722656,-1038.631088256836,34.501434326171875,-622.378860337042,-1038.075539857599,-0.5607398929842271,3.005411792103235,-0.0020151701282271617,496.23601798809227,3.4820599520746898,11.650008201599121,-6.150005340576172,5.500002861022949,-12.450029373168945,10.800023078918457,23,straight,65.90093993660783,237.2433837717882
3981.2037641008988,-631.7912292480469,-1037.2638397216797,34.80686950683594,-631.7048265047357,-1036.7047252613233,-0.565751194281795,2.9882704930321893,-0.001237154842483823,808.3062569535033,3.00081985357461,11.650008201599121,-5.950004577636719,5.700003623962402,-12.300028800964355,10.950023651123047,23,straight,67.56575615791975,243.2367221685111
3990.6796470146032,-641.1472778320312,-1035.7846374511719,35.06892395019531,-641.0599721708941,-1035.242064898843,-0.5495518656207159,2.9820496720294325,-0.00016924751380087422,5908.506290831167,2.612924952627349,11.650008201599121,-5.9000043869018555,5.750003814697266,-12.200028419494629,11.050024032592773,23,straight,69.19649851266394,249.10739464559018
4000.1971126518124,-650.5426635742188,-1034.2832794189453,35.30302429199219,-650.4630071300219,-1033.778442067079,-0.5110830665768834,2.9850965266484453,0.0007190740184944977,1390.6774188471836,2.367597831828694,12.48000431060791,-6.680000305175781,5.800004005432129,-12.150028228759766,11.100024223327637,23,straight,70.79659664808635,254.86774793311088
4009.753616063511,-659.9872589111328,-1032.8413696289062,35.52044677734375,-659.92179290003,-1032.3955315081985,-0.45061893933338765,2.9957964790217155,0.001257855096117061,795.0041328980998,2.213226065764329,12.980005264282227,-7.030000686645508,5.950004577636719,-12.050027847290039,11.200024604797363,23,straight,72.36766943179413,260.5236099544589
4019.3476249636888,-669.4859161376953,-1031.5079803466797,35.72682189941406,-669.4371100914401,-1031.141503189869,-0.36971277583436624,3.0091954832906347,0.0015790002659441527,633.312116259877,2.0481879177780327,13.100005626678467,-6.950000286102295,6.150005340576172,-11.850027084350586,11.45002555847168,23,straight,73.91132381917984,266.08076574904743
4028.982155290034,-679.0449371337891,-1030.3187866210938,35.91419982910156,-679.0137367239589,-1030.0496662252483,-0.2709229651277439,3.026173160932361,0.0019165485149651718,521.7712946954397,1.803736006197565,13.560007572174072,-7.010000705718994,6.550006866455078,-11.45002555847168,11.850027084350586,23,straight,75.42971370145393,271.54696932523416
4038.6549217890924,-688.6619720458984,-1029.2944793701172,36.07496643066406,-688.6469814694258,-1029.1377926416246,-0.1574021863529883,3.0462106834840372,0.002136758841607772,467.99853148030735,1.5391742312837353,13.970009326934814,-6.87000036239624,7.100008964538574,-10.900023460388184,12.400029182434082,23,straight,76.7095759670977,276.15447348155175
4048.3641609215056,-698.3352508544922,-1028.4710083007812,36.212432861328125,-698.3328513099085,-1028.438641256881,-0.032455867652084205,3.067592599209778,0.0023651939515713094,422.798307654919,1.3088262411768303,14.42938756942749,-6.5293755531311035,7.900012016296387,-10.150020599365234,13.200032234191895,23,straight,75.20533745154678,270.7392148255684
4058.1120971876308,-708.0639801025391,-1027.8706970214844,36.32954406738281,-708.0689536193611,-1027.9713970287,0.1008227520097342,3.092243315156056,0.0025300881189039837,395.2431508327042,1.113388347739841,14.53001594543457,-5.780000686645508,8.750015258789062,-9.400017738342285,14.150035858154297,23,straight,73.66420937713886,265.1911537576999
4067.896579549879,-717.8412322998047,-1027.5082397460938,36.429840087890625,-717.8471256345722,-1027.7479409305201,0.23977362075534797,3.117011432830783,0.00244152254045521,409.58049062842355,0.9557891707844934,14.630643844604492,-5.030625343322754,9.600018501281738,-8.800015449523926,15.200039863586426,23,straight,74.98838260550578,269.9581773798208
4077.718928260475,-727.662353515625,-1027.379653930664,36.51689147949219,-727.6629213761746,-1027.7618876817605,0.38223417291340567,3.1401070178230848,0.0022883126718759306,437.0032173882131,0.8342540211312421,14.820021629333496,-4.420000076293945,10.40002155303955,-8.300013542175293,16.20003890991211,23,straight,74.63824377983038,268.6976776073894
4087.5820824810994,-737.5247497558594,-1027.4745330810547,36.594024658203125,-737.5139788144829,-1028.000893152432,0.5264702630902508,-3.1211324421451763,0.0021106275836040578,473.792727702546,0.7620055005883142,14.890024185180664,-3.8400001525878906,11.050024032592773,-7.95001220703125,17.050025939941406,23,straight,73.06660407687592,263.0397746767533
4097.487343182084,-747.4251861572266,-1027.7747802734375,36.667510986328125,-747.398199362544,-1028.4452565448785,0.6710191634018855,-3.1013641825533425,0.001956739113993494,511.05433159104564,0.7574232711743845,14.810025930404663,-3.31000018119812,11.500025749206543,-7.65001106262207,17.65001678466797,23,straight,71.4534730554015,257.23250299944544
4107.435863550677,-757.3610076904297,-1028.2713623046875,36.744415283203125,-757.3127320680792,-1029.084423680466,0.814493300461147,-3.0822871532923384,0.0019399205200451852,515.4850364574254,0.7959254130600613,14.820026874542236,-3.070000171661377,11.75002670288086,-7.450010299682617,27.04987335205078,23,straight,69.79577948719111,251.264806153888
4117.42489845983,-767.3257751464844,-1028.96240234375,36.82621765136719,-767.2504660741865,-1029.914816887374,0.955387313751138,-3.0626850955884817,0.0018730561117513422,533.8868353842221,0.841157581066887,14.820028066635132,-2.7700002193450928,12.050027847290039,-7.350009918212891,27.04987335205078,23,straight,68.09074318998275,245.1266754839379
4127.391307593479,-777.2532043457031,-1029.8387908935547,36.912261962890625,-777.1477936732086,-1030.9256151050424,1.0919241166637343,-3.0449054504149187,0.0016053737014598002,622.9079242363812,0.8781030398757439,15.020029067993164,-2.7200002670288086,12.300028800964355,-7.400010108947754,27.099872589111328,23,straight,66.34591397705653,238.8452903174035
4137.235283994459,-787.0436859130859,-1030.859878540039,37.00013732910156,-786.9086240520609,-1032.074363391843,1.2219718333762182,-3.0308385633515074,0.0013173237367917479,759.1148417589679,0.8829860203153794,15.13002896308899,-2.830000162124634,12.300028800964355,-7.65001106262207,27.099872589111328,23,straight,64.57625621415797,232.47452237096869
4146.791526592109,-796.5346069335938,-1031.972183227539,37.0836181640625,-796.3707506667347,-1033.3052104199512,1.3430600775465436,-3.0192857635284294,0.0011764030395017,850.0488067623315,0.8022746157189342,15.090027570724487,-3.190000295639038,11.90002727508545,-8.10001277923584,17.750015258789062,23,straight,62.810648166596536,226.11833339974754
4156.0436344020745,-805.7105865478516,-1033.1546783447266,37.151458740234375,-805.5181154916597,-1034.594384158428,1.4525143501796025,-3.0086928942302555,0.0010203804371565761,980.0266288783731,0.6406200204059243,15.2600257396698,-3.81000018119812,11.45002555847168,-8.600014686584473,17.250022888183594,23,straight,61.052602596260755,219.78936934653873
4164.993660604786,-814.5767059326172,-1034.3763427734375,37.200775146484375,-814.3592725497115,-1035.9086971439872,1.5477038453607306,-3.000638651642295,0.0009030222171118041,1107.3924661547824,0.45763826907845306,15.260024547576904,-4.110000133514404,11.1500244140625,-9.000016212463379,16.85002899169922,23,straight,59.30238464910985,213.48858473679545
4173.628978005937,-823.1220245361328,-1035.6194152832031,37.232513427734375,-822.8809474714192,-1037.227825361187,1.626376687637375,-2.992814861011407,0.0015192981428541752,658.1986588368927,0.2740114672938443,15.460023880004883,-4.510000228881836,10.950023651123047,-9.300017356872559,16.50003433227539,23,straight,57.56328986541843,207.22784351550635
4181.969857177624,-831.3592071533203,-1036.9304656982422,37.247833251953125,-831.0797988576977,-1038.59416804975,1.687001633097811,-2.975201734435214,0.0022367815330398277,447.0709299182122,0.10188620108642077,15.500023365020752,-4.700000286102295,10.800023078918457,-9.500018119812012,16.300037384033203,23,straight,55.8320852340347,200.99550684252492
4190.049467805909,-839.3146362304688,-1038.3415832519531,37.249664306640625,-838.9958334300128,-1040.0409778961782,1.72903943922614,-2.9561501677350135,0.0021546831248130116,464.10536588148307,0.011027658018525344,15.37471055984497,-4.624687671661377,10.750022888183594,-9.500018119812012,16.250038146972656,23,straight,54.10231371223991,194.76832936406367
4197.843279596439,-846.96240234375,-1039.8433074951172,37.24964904785156,-846.6129067534224,-1041.5611824462267,1.7530663180005375,-2.9408853897817413,0.0012297915387347869,813.1459426276448,-9.594988172878516e-05,15.480023384094238,-4.630000114440918,10.85002326965332,-9.450017929077148,16.35003662109375,23,straight,52.379628735494,188.5666634477784
4205.334096479374,-854.2997283935547,-1041.3519439697266,37.24964904785156,-853.9418708110704,-1043.075901441135,1.7607076453989972,-2.93692020895556,0.00026212184496371416,3815.019691084622,0.0,15.510024070739746,-4.510000228881836,11.00002384185791,-9.300017356872559,16.550033569335938,23,straight,50.66874717164519,182.40748981792268
4212.477400074192,-861.2939453125,-1042.8037414550781,37.24964904785156,-860.9372808131325,-1044.5215011096168,1.7543967042461013,-2.9368680521837507,0.0002446546708236297,4087.3938626779577,0.0003450285277040166,15.480024814605713,-4.28000020980835,11.200024604797363,-9.150016784667969,16.700031280517578,23,straight,48.981602998152475,176.33377079334892
4219.275409358873,-867.947998046875,-1044.195327758789,37.24969482421875,-867.5894275925892,-1045.894936453704,1.7370211531576927,-2.9336693534086753,0.0006226852386351234,1605.9478175392767,-3.074608061481854e-05,15.45045518875122,-4.100430011749268,11.350025177001953,-9.000016212463379,16.85002899169922,23,straight,47.32018340692202,170.35266026491928
4225.776579138154,-874.3057556152344,-1045.5533142089844,37.24964904785156,-873.9440846046026,-1047.2262119162,1.7115468613915603,-2.928675206189113,0.0006594545696004817,1516.4046866880178,3.203739460388988e-05,16.000028371810913,-3.9000003337860107,12.100028038024902,-8.800015449523926,17.050025939941406,23,straight,45.67481237822832,164.42932456162194
4231.994821509211,-880.3812713623047,-1046.877944946289,37.24969482421875,-880.0204461912215,-1048.5194590707297,1.680703253053633,-2.925221288160818,0.00036848177123613435,2713.838452972398,0.00023203090200318854,16.07002902030945,-3.7700002193450928,12.300028800964355,-8.600014686584473,17.250022888183594,23,straight,44.04357140458603,158.55685705650973
4237.994060478726,-886.2394714355469,-1048.171142578125,37.24967956542969,-885.8841136602061,-1049.7791277652348,1.6467833829800806,-2.9240928361151646,-0.00019415667907224377,5150.479523951427,1.0484071921723626e-05,16.040029764175415,-3.5400002002716064,12.500029563903809,-8.350013732910156,17.500019073486328,23,straight,42.410356443372585,152.6772831961413
4243.755801523669,-891.8674621582031,-1049.4053955078125,37.24969482421875,-891.5247936134184,-1050.980114203525,1.6115708802939246,-2.927326785024084,-0.00043220567624191464,2313.7132503560156,-0.00015923172371756777,16.05003046989441,-3.3500001430511475,12.700030326843262,-8.150012969970703,17.65001678466797,23,straight,40.78026761670133,146.8089634201248
4249.203571256962,-897.1917572021484,-1050.5586853027344,37.249664306640625,-896.859176425235,-1052.0995730321522,1.5763708218064438,-2.9290164931131475,-0.0005352341881971756,1868.3410403365503,0.010135598277916102,16.00002908706665,-3.149998188018799,12.850030899047852,-8.000012397766113,17.850013732910156,23,straight,39.17667337023118,141.03602413283224
4254.336718722617,-902.2112121582031,-1051.633056640625,37.250701904296875,-901.8916460637272,-1053.1416842566618,1.5421023871998598,-2.9328525197173927,-0.0012077896011861156,827.9587761129465,0.19160009502692255,15.980031728744507,-2.9800002574920654,13.000031471252441,-7.850011825561523,18.000011444091797,23,straight,37.60316719283146,135.37140189419324
4259.2992666704195,-907.0699920654297,-1052.6424255371094,37.2684326171875,-906.7693241401529,-1054.1215856225188,1.5094090762806758,-2.941055463018106,-0.0022715799427127648,440.22223528078024,0.5638311167757593,16.040032148361206,-2.890000104904175,13.150032043457031,-7.750011444091797,18.150009155273438,23,straight,36.01666076879518,129.65997876766264
4264.1291659584585,-911.8089294433594,-1053.5746459960938,37.30537414550781,-911.5345088581698,-1055.0277126322887,1.4787526185264928,-2.9549349243112646,-0.00414835726270546,241.05927640085267,0.9377234231670251,15.960032224655151,-2.81000018119812,13.150032043457031,-7.65001106262207,19.499988555908203,24,right,34.402376901707726,123.84855684614782
4268.829731468148,-916.4373931884766,-1054.3931427001953,37.35736083984375,-916.2044069135981,-1055.8247808731796,1.4504724963360762,-2.9802659262363433,-0.007460606597746333,134.03735834323118,1.2372324055076156,16.00003218650818,-2.8500001430511475,13.150032043457031,-7.700011253356934,20.04998016357422,24,right,32.755018160180136,117.91806537664849
4273.404101925232,-920.966064453125,-1055.0350952148438,37.4197998046875,-920.7983595418013,-1056.4499999177247,1.4248088487640898,-3.023615719923811,-0.01103162914832101,90.64844245169336,1.4388020715158767,15.929997444152832,-3.0900001525878906,12.839997291564941,-7.900012016296387,20.399974822998047,24,right,31.06813503528361,111.845286127021
4277.765785183309,-925.3090667724609,-1055.4329376220703,37.485626220703125,-925.2202549621143,-1056.832019921874,1.4018982913467082,-3.0781990935072905,-0.014330512627803327,69.78117433565156,1.509756397990536,15.180997848510742,-3.3400001525878906,11.840997695922852,-10.013370513916016,20.449974060058594,24,right,29.36958651182951,105.73051144258623
4281.915182118185,-929.4559020996094,-1055.5645599365234,37.54829406738281,-929.4603774086163,-1056.9463112233984,1.3817585343220011,3.138353797653516,-0.017948861752156597,55.7138393402494,1.4245944717825587,14.688998222351074,-3.8470001220703125,10.841998100280762,-14.161293983459473,20.449974060058594,24,right,27.657052836346814,99.56539021084853
4285.884983814789,-933.4218292236328,-1055.3975067138672,37.601593017578125,-933.5331294144216,-1056.7572382699607,1.3642791639198664,3.059920202651113,-0.020407619671989508,49.001305202318655,1.1108176475559617,14.688998699188232,-4.8460001945495605,9.842998504638672,-18.129737854003906,20.249977111816406,24,right,25.937503918597205,93.37501410694993
4289.708392322182,-937.2176666259766,-1054.9404296875,37.635528564453125,-937.4354100366985,-1056.271968876078,1.3492252605224497,2.979499747072812,-0.022086172243597046,45.277198283641376,0.6634319054485971,14.68899917602539,-5.845000267028809,8.843998908996582,-21.951995849609375,19.84998321533203,24,right,24.93240243473501,89.75664876504604
4293.477741976204,-940.90771484375,-1054.1714935302734,37.65220642089844,-941.2373461826592,-1055.4664613937136,1.3362629183412353,2.8923382237518345,-0.022089230864709264,45.270928903081206,0.25198434787645496,14.68899917602539,-6.844000339508057,7.844998836517334,-25.72031021118164,19.349990844726562,24,right,24.93067622224399,89.75043440007836
4297.2582155751215,-944.5317230224609,-1053.0951385498047,37.654510498046875,-944.9596250768109,-1054.3491415545543,1.3249995109576678,2.8127530082237016,-0.021498255889171924,46.515401303027204,-0.24177092940211864,14.68899917602539,-7.843000411987305,6.845998764038086,-29.499784469604492,18.550003051757812,24,right,25.271018267249627,90.97566576209866
4301.101338811772,-948.1153869628906,-1051.7071533203125,37.633392333984375,-948.6434321329838,-1052.9115072451477,1.3150285464295144,2.728387765397495,-0.022501763690887577,44.44096088365575,-0.7645206750660272,14.688998699188232,-8.842000007629395,5.846998691558838,-33.34185028076172,17.500019073486328,24,right,24.701087600945502,88.92391536340381
4305.015644460773,-951.6255645751953,-1049.9754028320312,37.59489440917969,-952.2556572045022,-1051.1193152287753,1.3059679524902625,2.638118222191293,-0.022959423624221764,43.55510035299922,-1.120195737012697,14.688998222351074,-9.840999603271484,4.84799861907959,-37.254966735839844,16.300037384033203,24,right,24.45365974302079,88.03317507487485
4309.002927041384,-955.0287780761719,-1047.8983764648438,37.544677734375,-955.7556040555367,-1048.9731702915396,1.297481319396608,2.546986883103045,-0.02375207451422784,42.101585669958446,-1.4746830748280537,14.688997745513916,-10.839999198913574,3.848998546600342,-41.24093246459961,15.000039100646973,24,right,24.042165483883043,86.55179574197895
4313.053363681008,-958.2660369873047,-1045.4649658203125,37.47608947753906,-959.0911780328865,-1046.4556127712847,1.2892785294785032,2.4470915749405853,-0.02374274790673664,42.1181239816081,-1.851300622744123,15.385028839111328,-11.838998794555664,3.546030044555664,-45.28978729248047,13.700034141540527,24,right,24.046887132473756,86.56879367690553
4317.152667481109,-961.2897186279297,-1042.698226928711,37.393646240234375,-962.1979539721042,-1043.6017257152625,1.2810938676411439,2.353580118275823,-0.02308002915242685,43.32750159870793,-2.1155660828158673,15.717497825622559,-12.837998390197754,2.8794994354248047,-49.38726043701172,12.550029754638672,24,right,24.38968431477039,87.8028635331734
4321.316901750912,-964.0824737548828,-1039.6107025146484,37.30113220214844,-965.0675999753208,-1040.4163989940962,1.2726431106908753,2.2563337337694924,-0.023641024007361622,42.29935216378987,-2.2716032405067033,16.04996657371521,-13.836997985839844,2.212968587875366,-53.549468994140625,11.650026321411133,24,right,24.098566734472858,86.75484024410228
4325.552696020162,-966.5843658447266,-1036.1941528320312,37.2027587890625,-967.6384018612475,-1036.8910033913958,1.2635634634675827,2.154953231822352,-0.0212410281989327,47.07870026980366,-1.7521943950726815,16.745997667312622,-14.835997581481934,1.9100000858306885,-53.549468994140625,10.750022888183594,24,right,25.423573124193577,91.52486324709687
4329.798292964158,-968.7588806152344,-1032.5480499267578,37.15263366699219,-969.8555097898129,-1033.154905849921,1.2533433918982984,2.07623312623102,-0.01905217452647895,52.48744696360972,-1.1006047535842889,17.194997310638428,-15.834997177124023,1.3600001335144043,-52.19948959350586,10.000020027160645,24,right,26.844299776152784,96.63947919415003
4334.060714382808,-970.6612396240234,-1028.7339477539062,37.10914611816406,-971.7935785757106,-1029.242397095261,1.2412542987768358,1.9928397663308541,-0.0203487937020842,49.14296221390147,-1.2270787925835691,18.033997654914856,-16.83399772644043,1.1999999284744263,-50.999507904052734,9.600018501281738,24,right,25.97496799907441,93.50988479666788
4338.3533393499865,-972.2398376464844,-1024.7425994873047,37.04753112792969,-973.3994517881002,-1025.1414869852588,1.2263018361967553,1.9021007247467072,-0.022265354030351514,44.91282728479537,-1.459500845976791,18.45499837398529,-17.30499839782715,1.149999976158142,-50.999507904052734,9.400017738342285,24,right,24.831877270343735,89.39475817323745
4342.650236499801,-973.4347839355469,-1020.6156921386719,36.98377990722656,-974.6099953979533,-1020.8918334660635,1.2072182959453115,1.8015813811834709,-0.023694602987589075,42.20370354058209,-1.3679229579626195,17.555997729301453,-16.305997848510742,1.2499998807907104,-48.79954147338867,9.400017738342285,24,right,24.071305096665387,86.6566983479954
4346.94286197008,-974.2088012695312,-1016.3937683105469,36.930023193359375,-975.3816754230404,-1016.5444611671771,1.182515165657223,1.6985779678012403,-0.02342288218939581,42.69329418617525,-0.9370542498692735,16.617934703826904,-15.306997299194336,1.3109374046325684,-46.54957580566406,9.700018882751465,24,right,24.21052396796066,87.15788628465839
4351.229174582623,-974.5634765625,-1012.1222381591797,36.903350830078125,-975.7135681626893,-1012.1565606069902,1.150603632555373,1.6006307015921202,-0.02350039916740765,42.552468699633195,-0.020588427380463514,15.752997636795044,-14.307997703552246,1.4449999332427979,-46.499576568603516,10.150020599365234,24,right,24.170561310043276,87.0140207161558
4355.508604100794,-974.4998779296875,-1007.8433532714844,36.92817687988281,-975.6068523245309,-1007.761835154547,1.1099718528990044,1.4972885387738877,-0.02646538898814277,37.78519939563434,0.5237254914792544,14.888060688972473,-13.308998107910156,1.579062581062317,-45.74958801269531,10.750022888183594,24,right,22.77640700186218,81.99506520670384
4359.759666337515,-973.9186248779297,-1003.6322631835938,36.94805908203125,-974.9577693391452,-1003.4261608881363,1.059386316443519,1.3749989263107,-0.026392388639506215,37.88971182786847,0.4909444827170262,13.949998617172241,-12.309998512268066,1.6400001049041748,-45.74958801269531,11.45002555847168,24,right,22.80788459054177,82.10838452595038
4363.9836941957565,-972.8911743164062,-999.53515625,36.96977233886719,-973.8454555898952,-999.2427689854901,0.9980696675980346,1.2734826920101157,-0.024349909159861127,41.06791501499397,0.5300928331283039,13.660997867584229,-11.310998916625977,2.349998950958252,-41.526615142822266,12.550029754638672,24,right,23.745191856342345,85.48269068283244
4368.24064161767,-971.4274749755859,-995.5378265380859,36.99302673339844,-972.2793584758101,-995.1753146465363,0.9258079549609386,1.168467005028213,-0.023226531344720303,43.054211804523845,0.5611428302464638,13.561997413635254,-10.311999320983887,3.249998092651367,-37.270729064941406,13.700034141540527,24,right,24.312643226723974,87.5255156162063
4372.575050510864,-969.5386352539062,-991.6367034912109,37.01800537109375,-970.2797577898248,-991.2350581632704,0.8429600125170229,1.0741608285479494,-0.020115544455333367,49.71279809107346,0.686192196106461,13.562997817993164,-9.312999725341797,4.249998092651367,-32.93739318847656,15.000039100646973,24,right,26.125129970198344,94.05046789271404
4377.011243654832,-967.2615966796875,-987.8296508789062,37.053436279296875,-967.8899001555461,-987.4194267140831,0.7503659928201123,0.9923797579215282,-0.016335673055624556,61.215720747771016,0.8772671370793184,13.562998294830322,-8.314000129699707,5.248998165130615,-28.50234031677246,16.450035095214844,24,right,28.05231684457562,100.98834064047225
4381.569665307524,-964.6415252685547,-984.0997009277344,37.09710693359375,-965.161045637673,-983.710428071156,0.6491800757860465,0.9277479987158327,-0.013799579676773033,72.46597529946256,0.8853061287845243,13.56299877166748,-7.315000534057617,6.247998237609863,-23.945127487182617,18.050010681152344,24,right,29.903499962869887,107.6525998663316
4386.253113718216,-961.715576171875,-980.4429168701172,37.13507080078125,-962.1270580109185,-980.0921919924415,0.5406711049087954,0.8649418952552417,-0.01356338628564524,73.72790090468384,0.7529873345181404,13.56299877166748,-6.316000461578369,7.246998310089111,-19.262832641601562,19.39999008178711,24,right,31.693039685165452,114.09494286659563
4391.053207899571,-958.4810638427734,-976.8964080810547,37.16838073730469,-958.786409123606,-976.599307609066,0.4260333683909786,0.799082871318508,-0.013680239072856648,73.09813773533597,0.36578487941620885,13.562997817993164,-5.317000389099121,8.245997428894043,-14.463854789733887,20.449974060058594,24,right,31.679441178643373,114.04598824311614
4395.952681404067,-954.9477691650391,-973.502197265625,37.169891357421875,-955.1525038837414,-973.2744590091619,0.30623686665543415,0.7322575474961235,-0.01377928654065963,72.57269794406416,-0.30244983280645066,13.562997341156006,-4.318000316619873,9.244997024536133,-9.56538200378418,21.29996109008789,24,right,31.56537767254527,113.63535962116298
4400.937800029513,-951.1266784667969,-970.3006896972656,37.137908935546875,-951.238631592222,-970.1572871733777,0.18192796967454625,0.6628560538202783,-0.013487878703349776,74.14064301687748,-0.9559383172583313,13.562996864318848,-3.319000244140625,10.243996620178223,-7.80001163482666,21.949951171875,24,right,31.904543118152404,114.85635522534865
4406.000488305909,-947.0303192138672,-967.3263854980469,37.07334899902344,-947.0603169701976,-967.2822355653713,0.05337679214902266,0.5968017783856702,-0.012152227554619532,82.28943998171441,-1.6610285193445762,13.56299638748169,-2.320000171661377,11.242996215820312,-6.8000078201293945,22.349945068359375,24,right,33.612158979086,121.00377232470959
4411.130652403817,-942.7006530761719,-964.5765686035156,36.96807861328125,-942.6598203925344,-964.6448252409458,-0.07953789415312934,0.539111785107824,-0.011430580757235242,87.48461878168592,-2.286768090676361,14.011995911598206,-1.7700001001358032,12.241995811462402,-6.200005531311035,22.699939727783203,24,right,34.65693944198749,124.76498199115497
4416.333964562079,-938.1522216796875,-962.0528869628906,36.836700439453125,-938.0521304177083,-962.2457764031885,-0.217312210662441,0.4786568375140536,-0.009701482133785078,103.0770336129914,-2.5761854426425757,14.660995483398438,-1.4200000762939453,13.240995407104492,-5.9000043869018555,22.849937438964844,24,right,36.38087957031756,130.9711664531432
4421.639311761039,-933.3914642333984,-959.7156982421875,36.69725036621094,-933.2385965929648,-960.0424782734996,-0.36076821417093674,0.4375572663048436,-0.005526061567212692,180.96070552909043,-2.949324294004274,15.579995155334473,-1.3400001525878906,14.239995002746582,-5.850004196166992,22.849937438964844,24,right,38.05830839344777,137.00991021641195
4427.0650553821615,-928.4587097167969,-957.4629211425781,36.51942443847656,-928.2504055532596,-957.9295011326304,-0.5109672314974412,0.4198969793320301,-0.0024095950720646186,415.007488848808,-3.013737800245675,16.688994646072388,-1.4500000476837158,15.238994598388672,-6.000004768371582,22.74993896484375,25,straight,39.70056577188515,142.92203677878655
4432.619640490708,-923.3798675537109,-955.2189178466797,36.36701965332031,-923.1123551901419,-955.8321957285639,-0.6690834216079593,0.41131952885424455,-0.0016158241034668341,618.8792442534112,-2.960668522278631,16.914102792739868,-1.6140625476837158,15.300040245056152,-6.200005531311035,22.549942016601562,25,straight,41.314251966350774,148.73130707886278
4438.28010910366,-918.1856231689453,-952.9765319824219,36.186920166015625,-917.8586182915803,-953.7461915374457,-0.836246387412223,0.40176011533484574,-0.0015676707207048501,637.8890584563471,-3.243193642481934,16.900039553642273,-1.8000000715255737,15.1000394821167,-6.450006484985352,22.399944305419922,25,straight,42.896293294349064,154.42665585965665
4444.004392497982,-912.9124908447266,-950.7571411132812,35.997711181640625,-912.5239506532641,-951.6930722306065,-1.0133758122035994,0.3934875336115709,-0.0017152970559566327,582.9893991407181,-3.4109149099684544,16.840038657188416,-1.9900001287460327,14.850038528442383,-6.750007629394531,22.149948120117188,25,straight,44.438929818260036,159.98014734573613
4449.838625564739,-907.5161743164062,-948.5489959716797,35.79243469238281,-907.0685945434649,-949.6635231158865,-1.2010405523212806,0.38187385558302883,-0.002547127923268333,392.59904886004136,-3.5946241420325986,17.00003743171692,-2.500000238418579,14.50003719329834,-7.1500091552734375,21.79995346069336,25,straight,45.95794555332212,165.44860399195963
4455.780224767516,-901.9876098632812,-946.3833618164062,35.574249267578125,-901.4902390462743,-947.6913445565846,-1.3993557725662986,0.36337238029896674,-0.003620384511511421,276.21375487061863,-3.7632051701636193,16.74534845352173,-2.645312786102295,14.100035667419434,-7.600010871887207,21.399959564208984,25,straight,47.45496813458748,170.83788528451493
4461.830076294349,-896.3109741210938,-944.3043975830078,35.340972900390625,-895.7772346529557,-945.8212157948856,-1.607984859298242,0.33834953531359596,-0.00447883593565751,223.27229984886603,-3.9560308219054097,16.56503391265869,-2.9650001525878906,13.6000337600708,-8.25001335144043,20.84996795654297,26,right,48.93222929926847,176.1560254773665
4467.988922317256,-890.4760437011719,-942.3492736816406,35.09104919433594,-889.9213601384259,-944.0891711831673,-1.8261755585373174,0.3086162432768506,-0.004807656140947469,208.00156472981965,-4.207534419072312,16.18471884727478,-3.2846877574920654,12.900031089782715,-9.050016403198242,20.19997787475586,26,right,50.39164035668497,181.40990528406587
4474.256586712262,-884.4819641113281,-940.5382080078125,34.81779479980469,-883.9173928223485,-942.5118769018022,-2.0528296674207875,0.27861155524865083,-0.004791932231404894,208.68408644143554,-4.389663782484421,15.42701530456543,-3.4300003051757812,11.997014999389648,-10.100020408630371,20.19997787475586,26,right,51.83466905780119,186.6048086080843
4480.635087643841,-878.3289947509766,-938.8808746337891,34.535858154296875,-877.767691707521,-941.097455404671,-2.286545739852195,0.24801562222253035,-0.004579838634001576,218.34830436509563,-4.42393451207157,15.295015335083008,-4.296999931335449,10.998015403747559,-11.400025367736816,19.799983978271484,26,right,53.26309284220524,191.74713423193887
4487.123428355625,-872.0228729248047,-937.3812561035156,34.248565673828125,-871.4723787448582,-939.846108683098,-2.5255775737895396,0.219731553159864,-0.004051421180938042,246.82696647413636,-4.4123175272976045,15.295015811920166,-5.296000003814697,9.999015808105469,-12.900031089782715,19.199993133544922,26,right,54.677841824420035,196.84023056791213
4493.721793019172,-865.5715179443359,-936.0269012451172,33.958465576171875,-865.0350625488252,-938.742079660223,-2.767666565399252,0.19506417040465907,-0.003082636204340683,324.39766930392,-4.36862858203777,15.295016288757324,-6.295000076293945,9.000016212463379,-13.75003433227539,18.400005340576172,27,straight,56.07998959845614,201.8879625544421
4500.430358494955,-858.9853210449219,-934.7850952148438,33.66729736328125,-858.4498738851593,-937.7468228654197,-3.0097399118668435,0.1788568687719247,-0.0016390329147260574,610.1158744375409,-4.303568438711203,15.444013118743896,-7.294000148773193,8.150012969970703,-13.75003433227539,17.600017547607422,27,straight,57.47049470866209,206.89378095118352
4507.249498525861,-852.2770385742188,-933.5955657958984,33.376373291015625,-851.7178083311195,-936.7945700948674,-3.247517046855669,0.17306503776890209,-0.00032994593456514565,3030.7995802947426,-4.230049137948022,15.793010711669922,-8.293000221252441,7.5000104904174805,-13.650033950805664,16.950027465820312,27,straight,58.85025717072238,211.86092581460056
4514.178350771419,-845.4583435058594,-932.3997497558594,33.08583068847656,-844.855227145881,-935.8221390944307,-3.475125627720547,0.17443566119486148,0.0003341825020921063,2992.376901063429,-4.264668162530105,15.799019813537598,-8.599010467529297,7.200009346008301,-13.550033569335938,16.700031280517578,27,straight,60.219846880887424,216.79144877119472
4521.214220186006,-838.5376892089844,-931.1689453125,32.780670166015625,-837.8861049493166,-934.7957578615354,-3.6848787379353563,0.1777612163565708,0.0004832690672009199,2069.240652607812,-4.465842599990388,14.850020408630371,-7.600010871887207,7.250009536743164,-13.450033187866211,16.65003204345703,27,straight,61.57942756687879,221.68593924076364
4528.359483801118,-831.5145263671875,-929.8953247070312,32.452239990234375,-830.81723799202,-933.6993264336863,-3.8673815708485,0.1812913039029857,0.0004925534979218216,2030.2363179211868,-4.732596575277848,14.800020217895508,-7.450010299682617,7.350009918212891,-13.350032806396484,16.65003204345703,27,straight,62.93009246854158,226.5483328867497
4535.613590735287,-824.3898620605469,-928.5776062011719,32.098907470703125,-823.652429830676,-932.5213459020582,-4.012092860590273,0.1848533493579563,0.0006315397707825077,1583.4315529502642,-5.017972833729534,14.800020217895508,-7.300009727478027,7.5000104904174805,-13.200032234191895,16.700031280517578,27,straight,64.27230281184526,231.38029012264295
4542.97582428587,-817.1658477783203,-927.2096252441406,31.718475341796875,-816.387718535729,-931.2436182637903,-4.108355486171743,0.19055271453079217,0.0010855592864703612,921.1841420945763,-5.315181495431265,15.15002155303955,-7.550010681152344,7.600010871887207,-13.000031471252441,16.750030517578125,27,straight,65.60644894440408,236.18321619985468
4550.4441926230575,-809.8505706787109,-925.7616424560547,31.310317993164062,-809.0225952368793,-929.8248953648022,-4.146753854850881,0.2010194292839002,0.0016452673608051138,607.8039495724565,-5.5964882856835985,15.15002155303955,-7.550010681152344,7.600010871887207,-12.950031280517578,16.85002899169922,27,straight,65.83560457816762,237.00817648140344
4558.016780285767,-802.4530487060547,-924.2019958496094,30.876434326171875,-801.5725383477394,-928.2273291394972,-4.120510476358453,0.2153502792955727,0.0021077852797382612,474.43162717417647,-5.845969512491411,15.200021743774414,-7.65001106262207,7.550010681152344,-13.050031661987305,16.85002899169922,27,straight,64.46781142435987,232.0841211276955
4565.690400817193,-794.9842224121094,-922.5015106201172,30.418792724609375,-794.0537180651651,-926.4190897662179,-4.0265698436318615,0.23319896177497196,0.0024208470185262954,413.0785598376042,-6.060307985469349,15.200021743774414,-7.80001163482666,7.400010108947754,-13.200032234191895,16.400035858154297,27,straight,63.0515081815177,226.98542945346372
4573.4061385443565,-787.5086517333984,-920.6514434814453,29.943710327148438,-786.5423823908503,-924.3948197241792,-3.8660758059061404,0.2526135744077326,0.002549486168767434,392.2358992374752,-6.220534508453834,15.250021934509277,-8.050012588500977,7.200009346008301,-13.450033187866211,16.400035858154297,27,straight,61.59460519759005,221.7405787113242
4581.211218438256,-779.9859008789062,-918.6298370361328,29.453201293945312,-779.0041640929513,-922.1391977388345,-3.6440938048524405,0.27277504741232717,0.0024759704289988305,403.8820449097021,-6.33710292845624,15.200021743774414,-8.300013542175293,6.900008201599121,-13.700034141540527,15.600041389465332,27,straight,60.084901108908944,216.3056439920722
4589.099828294121,-772.4239959716797,-916.4403991699219,28.9490966796875,-771.4560178636648,-919.6670409861416,-3.3687088072100098,0.2914526896424135,0.002454539322993776,407.4084251297756,-6.434954648319269,15.250021934509277,-8.7000150680542,6.550006866455078,-14.000035285949707,14.80003833770752,27,straight,58.51947825505727,210.6701217182062
4597.0733574861815,-764.8247375488281,-914.0821228027344,28.432403564453125,-763.8893744648635,-916.9849073468156,-3.049764287318033,0.31172412425829243,0.003061495093944877,326.6377927496379,-6.5288649809950305,15.30002212524414,-9.150016784667969,6.150005340576172,-14.35003662109375,14.150035858154297,27,straight,56.89345016011026,204.81642057639695
4605.129643568003,-757.2076568603516,-911.5124969482422,27.902450561523438,-756.3064776726288,-914.0551256206007,-2.6976071793135885,0.3406142634409117,0.0041583799728447945,240.47826474017205,-6.653570237682027,15.250021934509277,-9.600018501281738,5.650003433227539,-14.65003776550293,13.550033569335938,28,left,55.201922467887265,198.72692088439416
4613.254181903001,-749.6190643310547,-908.6625061035156,27.355697631835938,-748.759697187659,-910.8197887312859,-2.3221499140295982,0.37908859881044155,0.004807125096061238,208.0245427395595,-6.840862062556741,15.250021934509277,-10.050020217895508,5.2000017166137695,-14.95003890991211,13.100031852722168,28,left,53.44186967986488,192.39073084751357
4621.437623666559,-742.0963745117188,-905.4916839599609,26.786712646484375,-741.3101453684955,-907.2569269200043,-1.9324179086409252,0.41901722385396745,0.004931487159501258,202.77858740306124,-7.074788884520555,15.250021934509277,-10.40002155303955,4.850000381469727,-15.200039863586426,12.800030708312988,28,left,52.763719427450546,189.94938993882198
4629.696610460044,-734.6414184570312,-901.9872436523438,26.192245483398438,-733.9590062242464,-903.3639750112458,-1.5365792169747494,0.4601821610904491,0.004929751437617147,202.8499839503798,-7.352247610589124,15.200021743774414,-10.650022506713867,4.549999237060547,-15.500041007995605,12.450029373168945,28,left,52.77300742945951,189.98282674605426
4638.029140031512,-727.2727355957031,-898.1476898193359,25.566635131835938,-726.72427979412,-899.1497223857857,-1.1423103914944361,0.5008012223932524,0.004828418871284212,207.10713520470324,-7.6625615953118675,15.250021934509277,-10.85002326965332,4.399998664855957,-15.600041389465332,12.150028228759766,28,left,53.32389766734315,191.96603160243532
4646.412095030689,-720.0241088867188,-893.9881439208984,24.9112548828125,-719.634192181846,-894.6373172389185,-0.7572721000856087,0.5408868347997382,0.004492745236666151,222.58106064835573,-7.946314713875702,15.15002155303955,-10.85002326965332,4.2999982833862305,-15.600041389465332,11.90002727508545,28,left,55.14289578884765,198.51442483985156
4654.772210694895,-712.9580230712891,-889.5715484619141,24.236236572265625,-712.7458844684563,-889.8981574125631,-0.38945627926117676,0.5760367590039848,0.0038142457046362876,262.17503470856144,-8.152367719266596,14.800020217895508,-10.55002212524414,4.249998092651367,-15.850042343139648,11.850027084350586,29,straight,56.89905362875417,204.836593063515
4663.066982634312,-706.0912170410156,-884.9689178466797,23.5535888671875,-706.0643828364074,-885.0077680509609,-0.04721665923845816,0.6044634674895378,0.0030378833596306776,329.1765619735882,-8.271810306838878,14.800020217895508,-10.600022315979004,4.199997901916504,-15.850042343139648,11.850027084350586,29,straight,58.58948475983623,210.92214513541043
4671.189869974616,-699.4801940917969,-880.2977600097656,22.878341674804688,-699.633187653265,-880.086172087633,0.2611062592951923,0.6260440948286399,0.0027152404599806723,368.2915066782403,-8.337436441251334,14.800020217895508,-10.70002269744873,4.099997520446777,-15.650041580200195,11.800026893615723,29,straight,57.178080682654674,205.84109045755682
4679.160593348301,-693.0964508056641,-875.5716552734375,22.211868286132812,-693.4151635569943,-875.1507899709254,0.5279255825579099,0.6481438623240766,0.0026195730340164425,381.74159949522647,-8.336461851758559,14.85002064704895,-10.85002326965332,3.99999737739563,-15.550041198730469,11.700026512145996,29,straight,55.513370317951924,199.84813314462693
4686.956163688695,-686.9503784179688,-870.8201446533203,21.56390380859375,-687.4129432558458,-870.2331541555624,0.7473446819897386,0.667398076055765,0.002251993321749135,444.05105039267823,-8.181551423498323,14.800021409988403,-11.00002384185791,3.799997568130493,-15.700041770935059,11.550025939941406,29,straight,53.8354720639595,193.80769943025422
4694.486508947973,-681.0927886962891,-866.1268768310547,20.957290649414062,-681.6707559074347,-865.4161932167768,0.9160334583204779,0.6827713398498586,0.0015920427328675046,628.1238432581844,-8.020853824687912,14.800022840499878,-11.30002498626709,3.499997854232788,-16.000041961669922,11.550025939941406,29,straight,52.16343688390181,187.7883727820465
4701.715004213811,-675.524169921875,-861.5543212890625,20.379913330078125,-676.183128446071,-860.7577939722587,1.033770817456749,0.6911606850208691,0.0010080967259377127,991.9683044995694,-8.013133699966035,14.80002474784851,-11.700026512145996,3.0999982357025146,-16.400035858154297,11.60002613067627,29,straight,50.50638149881505,181.82297339573418
4708.640586292161,-670.2170715332031,-857.1397399902344,19.823257446289062,-670.9255450567468,-856.2936952589336,1.1035064208804262,0.6971304697428863,0.0014911978254021352,670.6018362991693,-8.166759623186227,14.90002727508545,-12.250028610229492,2.649998664855957,-17.050025939941406,11.700026512145996,29,straight,48.86608588101857,175.91790917166685
4715.342969649257,-665.1251220703125,-852.8171081542969,19.26751708984375,-665.8632795924495,-851.9604075986545,1.1308458646187947,0.7112063268896947,0.0023403512012967753,427.2862976487912,-8.684367004843029,15.450029373168945,-12.800030708312988,2.649998664855957,-17.700016021728516,11.850027084350586,29,straight,47.22443565288857,170.00796835039887
4721.874257115035,-660.23388671875,-848.5295867919922,18.675323486328125,-660.9812161685797,-847.6911714339734,1.123139180664907,0.7280207536683919,0.0030789198411140806,324.78922856210465,-8.85492479761183,16.12003183364868,-13.250032424926758,2.869999408721924,-20.64997100830078,12.150028228759766,29,straight,45.567830782151034,164.04419081574372
4728.159945305219,-655.6056060791016,-844.3113861083984,18.131561279296875,-656.3478359483413,-843.5153367719766,1.0883931848413966,0.7504256282498857,0.0035346052005735262,282.91702842448706,-8.310102959891452,16.640033721923828,-13.550033569335938,3.0900001525878906,-21.949951171875,12.550029754638672,29,straight,43.914547662182756,158.09237158385793
4734.162958490284,-651.2726745605469,-840.1843872070312,17.652236938476562,-651.9937563416565,-839.4429380420773,1.0342658262068025,0.7714729419243251,0.00321081339236573,311.44756103785875,-7.828503672781584,16.854034423828125,-13.75003433227539,3.1040000915527344,-23.04993438720703,13.050031661987305,29,straight,42.27529796667257,152.19107268002125
4739.900107885241,-647.2021636962891,-836.1654663085938,17.211669921875,-647.8881383894562,-835.483426697728,0.9673361930867763,0.7882746475369758,0.0029499840629373386,338.9848821773927,-7.65570344730695,16.860034704208374,-13.800034523010254,3.06000018119812,-23.999919891357422,13.650033950805664,29,straight,40.646912545693105,146.32888516449518
4745.448698968814,-643.3324890136719,-832.2115936279297,16.78814697265625,-643.9758475993024,-831.5926752652049,0.8927318799182471,0.8047577575914994,0.003261914009403788,306.5684739441613,-7.7255265584171395,16.950034856796265,-13.800034523010254,3.1500003337860107,-24.799907684326172,14.300036430358887,29,straight,39.00743623590107,140.42677044924386
4750.775160854262,-639.6839752197266,-828.3533172607422,16.371917724609375,-640.2811981759771,-827.8000896131265,0.8140860455498999,0.8236213435287038,0.004932808986336745,202.7242495644719,-7.8162546312881,16.499996185302734,-13.239995956420898,3.260000228881836,-25.499897003173828,15.000039100646973,30,left,37.36598303029714,134.51753890906969
4755.9212906735565,-636.2569122314453,-824.5354614257812,15.969589233398438,-636.81100524308,-824.0544883242942,0.7337262363419453,0.8559237459275995,0.0075235891447152925,132.91528561237536,-7.696479080310836,15.73099660873413,-12.240996360778809,3.4900002479553223,-26.199886322021484,15.900042533874512,30,left,35.70850854122492,128.55063074840973
4761.020383033415,-633.0099182128906,-820.6228485107422,15.583282470703125,-633.5216501256258,-820.2172510932344,0.6529768874934525,0.9005854517338826,0.010062108423702476,99.38274940909827,-7.4599759975693125,15.14199709892273,-11.241996765136719,3.9000003337860107,-26.949874877929688,17.00002670288086,30,left,33.98654952213893,122.35157827970015
4766.102035049992,-629.9750823974609,-816.5640716552734,15.210067749023438,-630.4434975640943,-816.2349565748008,0.5724766410314699,0.9583181155961321,0.012822283686451663,77.98922753960157,-7.23911931381549,14.95299768447876,-10.242997169494629,4.710000514984131,-27.799861907958984,19.885929107666016,30,left,32.178937052437284,115.84417338877422
4771.164574259348,-627.2233276367188,-812.330078125,14.848892211914062,-627.6456558235459,-812.0768101807303,0.4924487272634006,1.0306013960962839,0.014982894804706715,66.7427765484852,-6.9207065224358155,14.793997764587402,-9.243997573852539,5.550000190734863,-28.49985122680664,24.934568405151367,30,left,30.270980649706132,108.97553033894208
4776.211173340683,-624.8084259033203,-807.9117279052734,14.5103759765625,-625.1782153758904,-807.7280385532869,0.412899542330736,1.1097598364967822,0.016231458708435675,61.60875728811043,-6.298347680031613,14.739997863769531,-8.24499797821045,6.494999885559082,-29.099842071533203,29.968801498413086,30,left,29.083427025081267,104.70033729029257
4781.279348812632,-622.7549133300781,-803.2878265380859,14.212005615234375,-623.0653446634452,-803.1652760773263,0.333745753783392,1.1948025515134937,0.015553016806321096,64.29620776810178,-5.7986778454450105,14.73999834060669,-7.245998382568359,7.49399995803833,-29.64983367919922,35.02718734741211,30,left,29.710983966753396,106.95954228031223
4786.3729372593825,-621.0527648925781,-798.4958801269531,13.921173095703125,-621.2960337222057,-798.4198137435395,0.25488393074885884,1.2677434153322436,0.01379888613772795,72.46961747628816,-5.682345934957511,14.739997386932373,-6.246998310089111,8.492999076843262,-30.299823760986328,40.11146545410156,30,left,31.542952365201607,113.55462851472579
4791.490423643514,-619.6950988769531,-793.5702667236328,13.631790161132812,-619.8664716906852,-793.5292147570342,0.17622118274511336,1.3356790385565918,0.01403463871325844,71.25227948014835,-5.095536757774233,14.739996910095215,-5.247998237609863,9.491998672485352,-31.04981231689453,45.219764709472656,30,left,31.276902551077455,112.59684918387885
4796.633334439709,-618.6971282958984,-788.5305023193359,13.398635864257812,-618.7935767592643,-788.5150351537549,0.09768080311272716,1.411783095623538,0.014109059084978282,70.8764485269387,-4.1423920986406015,14.739996433258057,-4.248998165130615,10.490998268127441,-31.5498046875,50.356388092041016,30,left,31.194306107451478,112.29950198682532
4801.781006021593,-618.0623779296875,-783.4257659912109,13.205551147460938,-618.0814867761977,-783.4240428191995,0.01918638414950607,1.4808629118763679,0.012940237731731086,77.27833295889724,-3.638101942449934,14.739995956420898,-3.249998092651367,11.489997863769531,-31.5498046875,55.49943923950195,30,left,32.57266015350784,117.26157655262823
4806.9327728167145,-617.7692413330078,-778.2855529785156,13.023941040039062,-617.7099232526934,-778.2870801618899,-0.05933773623288507,1.5450563487868694,0.012527452820506602,79.8246869757168,-3.4083340709662124,13.340996742248535,-2.4499988555908203,10.890997886657715,-26.402238845825195,55.49943923950195,30,left,33.1049523960174,119.17782862566266
4812.102875604521,-617.8095703125,-773.118408203125,12.853790283203125,-617.6717036157204,-773.1129767870553,-0.13797364372020623,1.610172106850919,0.012173788121943141,82.14370005319127,-3.1338845558190886,11.991997480392456,-2.099999189376831,9.891998291015625,-31.5498046875,51.39950180053711,30,left,33.582381133226384,120.89657207961498
4817.300615004934,-618.1745452880859,-767.9358062744141,12.699111938476562,-617.9588279970187,-767.9140637275182,-0.2168102580850242,1.671248936982085,0.010915238315113651,91.61504047193932,-3.093576069626991,11.292997598648071,-2.399998903274536,8.892998695373535,-31.5498046875,48.099552154541016,30,left,35.35689620421783,127.2848263351842
4822.552029197759,-618.8378753662109,-762.7291870117188,12.530410766601562,-618.545409555797,-762.6839852799667,-0.2959382483127843,1.7241369640827011,0.009046982162530304,110.53409656776809,-2.78479820897779,11.292998552322388,-3.398998975753784,7.8939995765686035,-31.04981231689453,45.49959182739258,30,left,37.0635560029201,133.42880161051238
4827.869157042843,-619.7698364257812,-757.4958648681641,12.405364990234375,-619.4015771215431,-757.4227739195646,-0.3754426746191029,1.7667268962608436,0.004681728498974302,213.596324566682,-2.078315866296232,11.292998790740967,-4.397999286651611,6.8949995040893555,-30.24982452392578,43.449623107910156,30,left,38.71499569751196,139.37398451104306
4833.261866287529,-620.8455810546875,-752.2124328613281,12.308242797851562,-620.3995355829609,-752.1206328461841,-0.4553941212051754,1.7737708344802374,-0.0015046842034214802,664.5912795031104,-2.355311044857933,11.292998790740967,-5.396999359130859,5.895999431610107,-29.29983901977539,41.9996452331543,30,left,39.96008815740186,143.85631736664672
4838.727049651878,-621.8903045654297,-746.8504028320312,12.148818969726562,-621.3630379570877,-746.7549015140611,-0.5358456662197427,1.749979026755741,-0.007102895414826116,140.7876565256284,-2.9063212801387017,11.292998790740967,-6.395999431610107,4.896999359130859,-28.699848175048828,40.84966278076172,31,right,38.31684105574675,137.9406278006883
4844.2583931976515,-622.7301025390625,-741.3855285644531,11.988662719726562,-622.1180428260549,-741.3089301499856,-0.6168341830556292,1.6952976297251057,-0.010261108422960796,97.45535850321465,-2.8806071637689445,11.292998790740967,-7.3949995040893555,3.8979992866516113,-28.549850463867188,39.799678802490234,31,right,36.578611620067946,131.6830018322446
4849.8140764163745,-623.2587432861328,-735.8573455810547,11.829452514648438,-622.561859363201,-735.8117048399413,-0.6983768891438269,1.6361955299057027,-0.009495260109351922,105.31570367567875,-2.4397635259945094,11.292998313903809,-8.393999099731445,2.8989992141723633,-28.84984588623047,38.59969711303711,31,right,38.02514883115558,136.8905357921601
4855.396485921444,-623.4730529785156,-730.2801818847656,11.717147827148438,-622.692735558806,-730.2655074942152,-0.7804553883728976,1.58959977865341,-0.007943497575212455,125.88913013840181,-0.8237767334275503,11.29299795627594,-9.392998695373535,1.8999992609024048,-28.84984588623047,33.01941680908203,31,right,39.71522768972204,142.97481968299937
4860.955773968705,-623.4499359130859,-724.7209777832031,11.73712158203125,-622.5871821485705,-724.7409311915894,-0.8629844707130063,1.5476728670605897,-0.006701466169054371,149.22107711559303,0.23019012294087648,10.091999590396881,-9.191999435424805,0.9000001549720764,-28.799846649169922,27.461164474487305,31,right,41.32968051600793,148.78684985762857
4866.476762310209,-623.2198638916016,-719.2047882080078,11.742752075195312,-622.2755775158554,-719.2572639882123,-0.9457433409376836,1.515281535686824,-0.0064414902838192956,155.24357810675434,0.15741718815027728,8.942999958992004,-8.192999839782715,0.7500001192092896,-28.04985809326172,21.941179275512695,31,right,41.631048505514244,149.8717746198513
4871.979852874841,-622.8264617919922,-713.7157897949219,11.75445556640625,-621.8027431617738,-713.8124219600694,-1.0282692299184737,1.4766819027529685,-0.007925016929408502,126.1826957478357,0.2590660834672631,8.643999934196472,-7.194000244140625,1.4499996900558472,-26.7498779296875,25.599895477294922,31,right,40.045270385688866,144.1629733884799
4877.506146959283,-622.1784515380859,-708.2276458740234,11.771347045898438,-621.080056707917,-708.3857568045358,-1.1097163012632505,1.4278311169689057,-0.009317121490677815,107.32928630377347,0.351146364892041,8.644000053405762,-6.195000171661377,2.4489998817443848,-24.84990692138672,29.749832153320312,31,right,38.38693845233376,138.19297842840155
4883.044510491979,-621.2378997802734,-702.769775390625,11.793319702148438,-620.0722432408103,-703.00268990217,-1.1886985899214846,1.3735796064860253,-0.009361113465877313,106.82489894446346,0.16811967339749323,8.644000053405762,-5.196000099182129,3.447999954223633,-22.09994888305664,33.1497802734375,31,right,38.29663370751027,137.86788134703696
4888.606133706362,-620.0103912353516,-697.3453063964844,11.789901733398438,-618.7855303673969,-697.6539622987875,-1.2631518562205601,1.323943135337901,-0.008767173790010518,114.0618429555279,-0.4483898392597885,8.644000053405762,-4.197000026702881,4.447000026702881,-19.199993133544922,36.19973373413086,31,right,39.572596592942425,142.46134773459272
4894.217997598202,-618.507568359375,-691.9386138916016,11.742828369140625,-617.2348340135683,-692.3255783069579,-1.330260941976486,1.275635614966071,-0.00951089087351309,105.1426215797411,-0.613840230235585,8.644000053405762,-3.197999954223633,5.446000099182129,-16.750030517578125,36.19973373413086,31,right,37.9938895861026,136.77800250996935
4899.885053255244,-616.7014770507812,-686.5671081542969,11.720916748046875,-615.4010577012947,-687.0480356279292,-1.386499808659691,1.2165704197447784,-0.010057981161537444,99.42353081989089,-0.28395752706675825,8.644000053405762,-2.1989998817443848,6.445000171661377,-14.65003776550293,33.44977569580078,31,right,36.94612937671328,133.0060657561678
4905.587060368227,-614.5870971679688,-681.2716217041016,11.710617065429688,-613.2773245957184,-681.8400879089993,-1.427815820450966,1.1613113591120068,-0.006865449306382387,145.65689081271947,0.06612157235132976,9.234000325202942,-1.790000081062317,7.444000244140625,-13.150032043457031,30.74981689453125,31,right,38.719745444045905,139.39108359856527
4911.302209646158,-612.246337890625,-676.0578460693359,11.728530883789062,-610.9299116713283,-676.6656313027885,-1.4499589238508368,1.1382608688120068,-0.0010045582703007705,995.4624132461666,0.185343631435253,9.752999901771545,-1.3100000619888306,8.442999839782715,-13.000031471252441,27.749862670898438,31,right,40.41942864577791,145.5099431248005
4917.047263171817,-609.8623809814453,-670.8307647705078,11.731781005859375,-608.5398739511716,-671.4226546301078,-1.448916302282757,1.149980531587062,0.0041326328673568224,241.9764910401022,-0.08888196028973283,10.721999526023865,-1.28000009059906,9.441999435424805,-13.000031471252441,24.84990692138672,32,left,42.05883453008285,151.41180430829826
4922.851165525309,-607.5838165283203,-665.4928588867188,11.718093872070312,-606.2662479380065,-666.0260923514276,-1.4213813415360523,1.1862360279818838,0.0070216602939765504,142.41645965952503,-0.023120713890145694,12.3909991979599,-1.9500001668930054,10.440999031066895,-12.850030899047852,22.049949645996094,32,left,43.65255978364366,157.14921522111717
4928.726240542605,-605.4786682128906,-660.0079040527344,11.729385375976562,-604.1910648342144,-660.461492934396,-1.3651612851034949,1.2320973252099532,0.007622239775605222,131.19503314504402,0.257225415088147,13.260000944137573,-2.6000001430511475,10.660000801086426,-12.500029563903809,19.449989318847656,32,left,42.44075023498741,152.7867008459547
4934.680782129477,-603.6315307617188,-654.3471374511719,11.748626708984375,-602.4071443366013,-654.7184136066552,-1.2794405424412578,1.2763747865119877,0.006528779857718492,153.1679765274631,0.4778305265773497,13.9180006980896,-3.297999858856201,10.620000839233398,-12.000027656555176,17.200023651123047,32,left,44.06090254540332,158.61924916345197
4940.723567561783,-601.9761352539062,-648.53564453125,11.7869873046875,-600.8505875877916,-648.8357061706478,-1.1648581613803608,1.310263947831695,0.005170657057871453,193.39901850146273,0.575310216896352,14.053999900817871,-4.296999931335449,9.756999969482422,-11.850027084350586,15.350040435791016,32,left,45.64631298734727,164.3267267544502
4946.857869961105,-600.4852447509766,-642.5853576660156,11.818572998046875,-599.4891621048606,-642.8202010746354,-1.0233924293571726,1.3392576396404317,0.004783095535865645,209.06962708597038,0.3068189237494523,14.05400037765503,-5.296000003814697,8.758000373840332,-12.300028800964355,13.700034141540527,32,left,47.201298554565426,169.92467479643554
4953.086168008007,-599.1495666503906,-636.5019683837891,11.82452392578125,-598.3088097111688,-636.673615406979,-0.8580996046029257,1.3694061705522347,0.005052783821671236,197.91070334555585,0.030168011870435052,14.054000854492188,-6.295000076293945,7.759000778198242,-13.400032997131348,12.250028610229492,32,left,48.729370598615134,175.42573415501448
4959.408774793165,-597.9890899658203,-630.2867736816406,11.822235107421875,-597.3257871337828,-630.3993244208327,-0.6727840038836631,1.402714978248034,0.005124761043461934,195.1310493346377,-0.08844852382713375,14.054000854492188,-7.294000148773193,6.760000705718994,-14.300036430358887,11.00002384185791,32,left,50.23305863003359,180.83901106812093
4965.825996031232,-597.0205535888672,-623.9430694580078,11.813156127929688,-596.5532331973716,-624.0070811740807,-0.47168405538261093,1.4346673974938475,0.0044740382262267175,223.51172462899873,-0.16880831224964643,14.063000679016113,-8.293000221252441,5.770000457763672,-15.200039863586426,10.000020027160645,32,left,51.71455928168267,186.17241341405762
4972.339473996425,-596.2241973876953,-617.4784698486328,11.80035400390625,-595.9665332797344,-617.5070130291028,-0.25924024703466864,1.4604694472801505,0.003482529987017091,287.14756333125933,-0.16876548160551508,14.142000198364258,-9.291999816894531,4.850000381469727,-15.950042724609375,9.100016593933105,33,straight,53.176090478224765,191.43392572160917
4978.950235795306,-595.5623931884766,-610.9009246826172,11.791061401367188,-595.5225852701442,-610.904537858374,-0.039971557400358286,1.4802791009015948,0.0029502383502659213,338.95566434822615,-0.10071855623713377,14.54099988937378,-10.290999412536621,4.250000476837158,-16.550033569335938,8.40001392364502,33,straight,54.619476597788235,196.63011575203765
4985.657149807707,-595.0215911865234,-604.2158508300781,11.787017822265625,-595.2026940578075,-604.2029625876233,0.18156089000921227,1.499750789354165,0.0028273053297650508,353.6936706029907,-0.04661829690895125,15.109999179840088,-11.289999008178711,3.820000171661377,-17.100025177001953,7.80001163482666,33,straight,56.0458819516265,201.7651750258554
4992.458727118106,-594.6039428710938,-597.4271087646484,11.7847900390625,-595.0041577954103,-597.4061427389232,0.4007637207636951,1.518457255138302,0.002528243752386472,395.5314826966645,-0.07121288058566932,15.603374004364014,-12.2889986038208,3.314375400543213,-17.500019073486328,7.400010108947754,33,straight,57.45626628358398,206.84255862090234
4999.354116297788,-594.3000946044922,-590.5384216308594,11.777191162109375,-594.912758609936,-590.5160750897006,0.6130714081313391,1.5343381065278519,0.0022221235030108755,450.01999152839426,-0.15765530335852818,16.31799840927124,-13.28799819946289,3.0300002098083496,-17.750015258789062,7.1500091552734375,33,straight,58.8516111858251,211.86580026897036
5006.3406481407455,-594.1007690429688,-583.5547485351562,11.7628173828125,-594.9146964314554,-583.537241033814,0.814115659063216,1.5492897375847714,0.0019684716458376883,508.00833332524195,-0.23957918387335075,16.460033893585205,-13.6000337600708,2.8600001335144043,-17.95001220703125,7.000008583068848,33,straight,60.232440371963236,216.83678533906766
5013.411889221286,-593.9978179931641,-576.4842834472656,11.743453979492188,-594.9977942909806,-576.4754682877135,1.0000151515015359,1.5619811866382005,0.001352685774771878,739.2699905997339,-0.23771059366742842,16.000032663345337,-13.250032424926758,2.750000238418579,-18.10000991821289,6.900008201599121,33,straight,61.598500958903806,221.75460345205371
5020.56447727835,-593.9614410400391,-569.3318023681641,11.72906494140625,-595.1291747223223,-569.3290715472236,1.167736875379859,1.568457766210648,0.000511868204769339,1953.6278883558039,-0.1571596334874692,16.1100332736969,-13.450033187866211,2.6600000858306885,-18.550003051757812,6.850008010864258,33,straight,62.950125867956736,226.62045312464426
5027.797587367825,-593.9481353759766,-562.0987091064453,11.720916748046875,-595.2635667081369,-562.0967158245226,1.315432842376168,1.5692810212457329,1.8621905987670218e-05,53700.195923130086,-0.06731863067076516,16.801517248153687,-14.100035667419434,2.701481580734253,-19.499988555908203,6.8000078201293945,33,straight,64.28807460589469,231.4370685812209
5035.108783558264,-593.9371337890625,-554.7875213623047,11.719345092773438,-595.379773762199,-554.7845168221147,1.4426431018630352,1.5687136617489374,6.168860379401897e-05,16210.449556275338,-0.016146796123761575,17.877553939819336,-15.099035263061523,2.7785186767578125,-20.899967193603516,6.8000078201293945,33,straight,65.61274691417363,236.20588889102507
5042.495356690774,-593.9270172119141,-547.4009552001953,11.718551635742188,-595.4773100127203,-547.400044381494,1.5502930683655274,1.570208812877472,0.0002847576576472388,3511.758062144239,-0.011807606663682968,18.918035984039307,-16.09803581237793,2.820000171661377,-22.499942779541016,6.8000078201293945,33,straight,66.9244547785579,240.92803720280844
5049.956523917425,-593.9304351806641,-539.9397888183594,11.71759033203125,-595.5708993177266,-539.9433284358377,1.6404679557613882,1.572954016137367,0.00041234570052922637,2425.1495740504797,-0.007581752218921434,19.543703079223633,-17.097036361694336,2.446666717529297,-24.099918365478516,6.8000078201293945,33,straight,68.22381095194706,245.6057194270094
5057.490032960863,-593.9569091796875,-532.4063262939453,11.717422485351562,-595.6728982775423,-532.4159392512125,1.7160160234986042,1.5763982602350217,0.0005412886085452984,1847.44327557064,0.0015738289265376793,19.2483628988266,-17.49502944946289,1.7533334493637085,-25.699893951416016,6.850008010864258,33,straight,69.51112679501745,250.24005646206282
5065.099622995503,-594.0141143798828,-524.7969512939453,11.71783447265625,-595.7941096140696,-524.8154057666728,1.7800908969183395,1.5811636644122637,0.0006860840202201901,1457.5474293645004,0.00785328109287331,17.876029014587402,-16.496028900146484,1.380000114440918,-27.299869537353516,6.900008201599121,33,straight,70.78768081371699,254.83565092938116
5072.789474638549,-594.1158599853516,-517.1077728271484,11.7186279296875,-595.9513543442536,-517.1373420664648,1.8357325190437757,1.5869046202446362,0.0007788864877931734,1283.88412903825,0.012671820518050936,16.947028040885925,-15.497028350830078,1.4499996900558472,-28.84984588623047,7.000008583068848,33,straight,72.05472778146728,259.3970200132822
5080.503693555701,-594.2646484375,-509.3949890136719,11.71978759765625,-596.149731988176,-509.43715959283134,1.8855551836994222,1.5931632646132947,0.0007675028535810702,1302.926751782261,0.016919638454815367,16.098028302192688,-14.498028755187988,1.5999995470046997,-30.299823760986328,7.1500091552734375,33,straight,73.30378805714395,263.89363700571823
5088.285879373858,-594.4615783691406,-501.61529541015625,11.72125244140625,-596.392398393529,-501.6693644783931,1.9315769285014102,1.5987921736151758,0.0006788288819402077,1473.1252994743402,0.020684318028640902,15.099028706550598,-13.499029159545898,1.5999995470046997,-31.373191833496094,7.350009918212891,33,straight,74.54264925299735,268.35353731079044
5096.131447095657,-594.7008209228516,-493.77337646484375,11.7230224609375,-596.6749156004192,-493.8384856577256,1.9751680948716452,1.6037661739080704,0.0006114510230313397,1635.4539649674368,0.025352761812036384,13.450029730796814,-12.500029563903809,0.9500001668930054,-34.20297622680664,7.550010681152344,33,straight,75.77109954153323,272.77595834951967
5104.0405385129325,-594.9796447753906,-485.86920166015625,11.725250244140625,-596.9952915453122,-485.94507854734445,2.017074416848457,1.6084225011343343,0.0006136947607207621,1629.4745596744813,0.030535010357790604,13.45002830028534,-12.200028419494629,1.2499998807907104,-38.20370864868164,7.850011825561523,33,straight,76.9896589482398,277.1627722136633
5112.012570432736,-595.3000183105469,-477.9036102294922,11.727874755859375,-597.3556092590546,-477.9914768134265,2.0574680274938686,1.6135154910627012,0.0006416993143105176,1558.3622698342188,0.03506518626614774,13.450026631355286,-11.850027084350586,1.5999995470046997,-42.789913177490234,8.150012969970703,33,straight,78.19870209504434,281.51532754215964
5120.0466271233745,-595.6640930175781,-469.8778076171875,11.730865478515625,-597.7576854650023,-469.9781624776584,2.0959962867170314,1.6186939511559195,0.0006748996659249329,1481.7017261810693,0.03877308864030926,13.500024795532227,-11.45002555847168,2.049999237060547,-47.37611770629883,8.55001449584961,33,straight,79.39852798546143,285.83470074766115
5128.142765017065,-596.0748901367188,-461.79209899902344,11.734130859375,-598.2036507060462,-461.90632961983493,2.131823209427641,1.6244055351570001,0.0007181373029600535,1392.491374390595,0.03971334885519706,13.500022649765015,-11.00002384185791,2.4999988079071045,-51.37685012817383,8.950016021728516,33,straight,80.0,288.0
5136.301218275137,-596.5364532470703,-453.64671325683594,11.737319946289062,-598.6962956677877,-453.77553232490936,2.1636805759236784,1.6303685641925223,0.0006267048177506229,1595.6475388033764,0.0383840245097411,13.450020551681519,-10.55002212524414,2.899998426437378,-54.206634521484375,9.400017738342285,33,straight,80.0,288.0
5144.52333683654,-597.0452575683594,-445.4403533935547,11.74041748046875,-599.2307502176665,-445.5801126548334,2.1899567966716624,1.6346579991882826,0.0002879496710495033,3472.8291105707963,0.034777545971909074,13.450018167495728,-10.050020217895508,3.3999979496002197,-55.2794075012207,9.950019836425781,33,straight,80.0,288.0
5152.808991631964,-597.5768280029297,-437.17176818847656,11.743057250976562,-599.7811104839952,-437.3136899756739,2.2088465428847184,1.6350921547902977,-0.0001242233031620299,8050.019396889295,0.03201053360902817,13.500015497207642,-9.500018119812012,3.99999737739563,-55.2794075012207,10.450021743774414,33,straight,80.0,288.0
5161.158869177911,-598.1027526855469,-428.8384704589844,11.745742797851562,-600.3170862659073,-428.9754293567845,2.218565064359912,1.6325687042178065,-0.00027268670130753403,3667.2122080211293,0.031048563095248394,13.500015258789062,-8.950016021728516,4.549999237060547,-55.27767562866211,11.00002384185791,33,straight,80.0,288.0
5169.5719605864715,-598.6128387451172,-420.44085693359375,11.748260498046875,-600.8264818202074,-420.5732320482369,2.2175975367211778,1.6305248632923603,-0.00013107509363086134,7629.21446248391,0.02927572142247259,13.4500150680542,-8.350013732910156,5.100001335144043,-55.274879455566406,11.500025749206543,33,straight,80.0,288.0
5178.048909983339,-599.1174926757812,-411.97894287109375,11.750686645507812,-601.3185173177649,-412.1102195252848,2.2049360613302533,1.6303691811537449,8.474653222662054e-05,11799.892853738273,0.031897323188190274,13.500015258789062,-7.850011825561523,5.650003433227539,-55.271087646484375,12.000027656555176,33,straight,80.0,288.0
5186.588988196752,-599.6319732666016,-403.4543762207031,11.753692626953125,-601.808143441404,-403.5876888371231,2.1802497295944074,1.6319800645090068,0.0002615857216075046,3822.8386238161984,0.025262449494878325,13.650015830993652,-7.350009918212891,6.300005912780762,-55.266380310058594,12.550029754638672,33,straight,80.0,288.0
5195.192480311916,-600.1692352294922,-394.86767578125,11.7550048828125,-602.3087712832278,-395.00493654859486,2.1439344774237807,1.6348629820071434,0.0002655326572892358,3766.015111695785,-0.006203961198714136,13.700016021728516,-6.8000078201293945,6.900008201599121,-55.26082992553711,13.050031661987305,33,straight,80.0,288.0
5203.859125053774,-600.7314147949219,-386.2192840576172,11.752593994140625,-602.8239150199881,-386.35708704811515,2.0970328695784293,1.636557032531487,7.024701702862401e-05,14235.479915005122,-0.028764056034835672,13.650015830993652,-6.250005722045898,7.400010108947754,-55.2545051574707,13.650033950805664,33,straight,80.0,288.0
5212.58814382265,-601.3037414550781,-377.50904846191406,11.75,-603.3404434002764,-377.6421791739838,2.04104840708659,1.6360692982086467,-0.00018871805148096277,5298.910158050655,-0.030131302499614154,13.650015830993652,-5.650003433227539,8.000012397766113,-55.24748229980469,14.20003604888916,33,straight,80.0,288.0
5221.379194330335,-601.8654479980469,-368.7359619140625,11.747314453125,-603.8393012104912,-368.85936539529916,1.9777069862490084,1.6332341396705166,-0.0004307790503559894,2321.375654581194,-0.029844269143830537,13.600015640258789,-5.05000114440918,8.55001449584961,-55.239837646484375,14.750038146972656,33,straight,80.0,288.0
5230.230154263183,-602.3971252441406,-359.90098571777344,11.744735717773438,-604.3026772200645,-360.01098205020475,1.9087240570852773,1.628456472238073,-0.000582886282574635,1715.6005037259665,-0.027332329232399033,13.650015830993652,-4.499999046325684,9.150016784667969,-55.23163986206055,15.300040245056152,33,straight,80.0,288.0
5239.139929323723,-602.8855438232422,-351.0046081542969,11.742462158203125,-604.7186858436736,-351.1001650370836,1.8356308956103926,1.6228765647080003,-0.0006846715297166295,1460.554377679291,-0.024248691846728843,13.650016069412231,-3.99999737739563,9.650018692016602,-55.222965240478516,15.750041961669922,33,straight,80.0,288.0
5248.107246958366,-603.3228149414062,-342.04795837402344,11.740402221679688,-605.0806830889807,-342.12784418524166,1.7596824051773794,1.6162097927589163,-0.0008087866103440589,1236.4200732435454,-0.023236453924768696,13.60001802444458,-3.5499978065490723,10.050020217895508,-55.21388626098633,16.20003890991211,33,straight,80.0,288.0
5257.131511048606,-603.6960906982422,-333.0314178466797,11.73828125,-605.376751626864,-333.09450824610286,1.6818446882799396,1.6083177495556298,-0.0007968549986270834,1254.9334593155831,-0.02393453748146257,13.650019884109497,-3.199998140335083,10.450021743774414,-55.2044792175293,16.600032806396484,33,straight,80.0,288.0
5266.210872726563,-604.0061340332031,-323.9573516845703,11.736068725585938,-605.6082109773929,-324.0070257109202,1.6028468560651992,1.6017924142680013,-0.000652060423471712,1533.6002063670446,-0.022047696262883498,13.600021362304688,-2.8499984741210938,10.750022888183594,-55.1948127746582,16.900028228759766,33,straight,80.0,288.0
5275.344750916761,-604.2646636962891,-314.82713317871094,11.734268188476562,-605.7874324102495,-314.86620469203274,1.5232698839568877,1.5964489043593817,-0.0005050697388022662,1979.9245988710836,-0.018165354879251527,13.600022554397583,-2.599998712539673,11.00002384185791,-55.18496322631836,17.200023651123047,33,straight,80.0,288.0
5284.531832282173,-604.4807434082031,-305.64259338378906,11.732742309570312,-605.9240516319835,-305.6739921042521,1.4436497180682841,1.5925475841018322,-0.00017646399957166325,5666.878243875987,-0.016397338691531704,13.550023555755615,-2.349998950958252,11.200024604797363,-55.17500305175781,17.350021362304688,33,straight,80.0,288.0
5293.771293289757,-604.6824493408203,-296.40533447265625,11.731246948242188,-606.0466809264711,-296.43593526652234,1.3645747425013015,1.5932233571990404,0.0001940195277993495,5154.120367895013,-0.01663135076668265,13.550024509429932,-2.1499991416931152,11.400025367736816,-55.16500473022461,17.500019073486328,33,straight,80.0,288.0
5303.061994036376,-604.9066772460938,-287.1173400878906,11.729660034179688,-606.1930244806415,-287.1499674234471,1.2867609532676492,1.5961552193678297,8.267972676651025e-05,12094.863385603905,-0.016382837845885234,13.550025582313538,-1.8999992609024048,11.650026321411133,-55.15504455566406,17.700016021728516,33,straight,80.0,288.0
5312.403397263004,-605.1395111083984,-277.7788391113281,11.728195190429688,-606.3502536428231,-277.8078344866889,1.2110896814263403,1.5947401738416203,-0.0003516381331567786,2843.832638464577,-0.013209187443352643,13.600026726722717,-1.699999451637268,11.90002727508545,-55.14519500732422,17.95001220703125,33,straight,80.0,288.0
5321.79420495384,-605.3390655517578,-268.39015197753906,11.727188110351562,-606.4774604360971,-268.41150177854473,1.1385950670422127,1.589548430084816,-0.0005056039224113629,1977.8327573700922,-0.009245492241938269,13.650027632713318,-1.5499995946884155,12.100028038024902,-55.135528564453125,18.200008392333984,33,straight,80.0,288.0
5331.2335613367,-605.4952239990234,-258.95208740234375,11.726455688476562,-606.5655078608874,-258.9675303602872,1.070395268074596,1.5852241687253623,-0.0004174466158738954,2395.5158862806197,-0.00814062555297701,13.750028491020203,-1.4499996900558472,12.300028800964355,-55.126121520996094,18.350006103515625,33,straight,80.0,288.0
5340.721117713368,-605.6149291992188,-249.4652862548828,11.72564697265625,-606.6224432646807,-249.4762233076234,1.0075734272132209,1.5816513843398632,-0.0004001004096418348,2499.3725972317507,-0.0065871192397315426,13.800029158592224,-1.3499997854232788,12.450029373168945,-55.117042541503906,18.500003814697266,33,straight,80.0,288.0
5350.2570325754195,-605.6997375488281,-239.92974853515625,11.725204467773438,-606.6507417465604,-239.93622902748538,0.9510262777048458,1.5776105890650733,-0.00041839881118363453,2390.064152359892,-0.002961195012929352,13.90002977848053,-1.2999998331069946,12.600029945373535,-55.108367919921875,18.60000228881836,33,straight,80.0,288.0
5359.837114352987,-605.7457427978516,-230.3497772216797,11.725082397460938,-606.6470623412589,-230.35235267772893,0.9013232229904876,1.5736537474052488,-0.0003212245013314019,3113.087562920105,-0.0007167411016140157,14.05003035068512,-1.2999998331069946,12.750030517578125,-55.10017013549805,18.650001525878906,33,straight,80.0,288.0
5369.41711219458,-605.7604370117188,-220.76979064941406,11.725067138671875,-606.6190430847329,-220.7703569515785,0.8586062597692535,1.5714558866327801,-0.0001676539169148672,5964.668278569292,-0.00031712416271867383,14.100030541419983,-1.2999998331069946,12.800030708312988,-55.092525482177734,18.650001525878906,33,straight,80.0,288.0
5379.04038820587,-605.7626495361328,-211.14651489257812,11.725021362304688,-606.5852124044984,-211.14622146383743,0.822562920702221,1.5704396018082454,-7.813317242799656e-05,12798.661169448196,0.00015594312887667883,14.100030541419983,-1.2999998331069946,12.800030708312988,-55.08550262451172,18.650001525878906,33,straight,80.0,288.0
5388.6991122866075,-605.7561950683594,-201.48779296875,11.72509765625,-606.5486759129841,-201.48712328057024,0.7924811275856501,1.569951274166961,-5.055819352562995e-05,19779.187709566017,0.0007898967262627721,14.100030541419983,-1.2999998331069946,12.800030708312988,-55.07917785644531,18.650001525878906,33,straight,80.0,288.0
