s_m,x_center_m,y_center_m,z_center_m,x_line_m,y_line_m,offset_m,heading_rad,curvature_1_per_m,radius_m,slope_pct,width_m,drive_left_m,drive_right_m,limit_left_m,limit_right_m,segment_id,segment_kind,v_target_ms,v_target_kmh
0.0,229.35955810546875,448.2261962890625,2.132354736328125,229.5702099258633,447.8567901678942,0.42524707146804863,-2.623339578758017,0.022673524504269283,44.10430322871534,2.5224055961750778,12.44399893283844,-1.699999451637268,10.743999481201172,-11.650026321411133,39.78879928588867,0,left,24.61155217663397,88.6015878358823
3.4680638921814655,226.4181671142578,446.39097595214844,2.2198333740234375,226.6512059317522,446.0480577237132,0.41460825106641364,-2.544706347116269,0.022821238413481937,43.81883147100542,2.8219922955855403,12.194998741149902,-2.4499988555908203,9.744999885559082,-12.750030517578125,36.322837829589844,0,left,24.531771876951495,88.31437875702538
6.876352547099806,223.6778106689453,444.3672180175781,2.3260498046875,223.92897891484105,444.05352885674637,0.40185367656610604,-2.4664302049466627,0.022147493671756058,45.15183590616693,3.129827019911846,12.19499921798706,-3.4489989280700684,8.746000289916992,-14.550037384033203,32.917205810546875,0,left,24.902114655894117,89.64761276121882
10.221354219125274,221.1461639404297,442.1834716796875,2.431182861328125,221.4086108567602,441.89980255475155,0.3864538217346492,-2.3950352016560674,0.020705713682777294,48.2958479635399,3.139363192045347,12.19499921798706,-4.447999000549316,7.747000217437744,-15.950042724609375,29.57485580444336,0,left,25.75451758296507,92.71626329867426
13.499078767436352,218.81590270996094,439.8806915283203,2.533966064453125,219.0829969903506,439.62763309900095,0.3679373904164507,-2.3292169399445353,0.02140575214555368,46.716414971090664,2.8725778034211613,12.19499921798706,-5.4469990730285645,6.748000144958496,-16.950027465820312,26.29974365234375,0,left,25.266419286674125,90.95910943202685
16.709248677313724,216.69215393066406,437.4748992919922,2.6179046630859375,216.95995028646465,437.25587886472147,0.3459549620137377,-2.2563341531382455,0.02440247763438913,40.979445406426784,2.290946537958627,12.19499921798706,-6.4459991455078125,5.749000072479248,-17.80001449584961,23.091670989990234,0,left,23.72365282185409,85.40515015867472
19.880083437726473,214.78817749023438,434.9401092529297,2.6804046630859375,215.0520361762617,434.75849114550215,0.32032256108122026,-2.1736374394797187,0.025990470984559755,38.47563980637647,1.6708639594422148,12.19499921798706,-7.4449992179870605,4.75,-18.400005340576172,19.92245101928711,0,left,22.987484357814676,82.75494368813284
23.059137226824927,213.09552001953125,432.24949645996094,2.7239532470703125,213.34800926696101,432.1047621652672,0.29103064465471246,-2.0912990395993134,0.024917875580474647,40.13183213674878,1.0848070931676557,12.293996810913086,-8.443999290466309,3.8499975204467773,-18.799999237060547,16.750030517578125,0,left,23.47702243825029,84.51728077770105
26.279314663657523,211.60594177246094,429.39466857910156,2.7495880126953125,211.83918646876506,429.2838719591024,0.2582227320691306,-2.0142635151278547,0.021508638203444785,46.49294811420659,0.5841403216927443,12.200014352798462,-9.000016212463379,3.199998140335083,-19.04999542236328,15.950042724609375,0,left,25.0396972852887,90.14291022703932
29.543004840050088,210.30259704589844,426.4025421142578,2.7616424560546875,210.50879522224616,426.31988371279164,0.22214882232880112,-1.9520513862734414,0.016265338078069513,61.48043128278383,0.23974534102663703,12.150016069412231,-9.350017547607422,2.7999985218048096,-19.24999237060547,15.450040817260742,0,left,26.52973353902901,95.50704074050444
32.84850209330786,209.1458740234375,423.30604553222656,2.765228271484375,209.31869607751548,423.24552334947765,0.18311307157170906,-1.9076487903329693,0.011237326206326614,88.98914044490405,0.030390004154290384,12.05001711845398,-9.550018310546875,2.4999988079071045,-19.349990844726562,15.250040054321289,0,left,27.9580290611227,100.64890462004173
36.19811760716358,208.0899658203125,420.12721252441406,2.7635955810546875,208.2248017171935,420.0845162566581,0.14143440305663293,-1.8774607407003425,0.007214609947467421,138.60763191377168,-0.08443990256155609,12.050017833709717,-9.700018882751465,2.349998950958252,-19.39999008178711,15.150039672851562,0,left,29.334531471301883,105.60431329668678
39.66694773518519,207.0764923095703,416.8097381591797,2.7593841552734375,207.16991272982915,416.7820538820853,0.09743610275242422,-1.858892636311475,0.004202385381362084,237.96008915200406,-0.14358484293172102,12.050018072128296,-9.750019073486328,2.2999989986419678,-19.349990844726562,15.200039863586426,0,left,30.695030105457484,110.50210837964694
43.31466978916501,206.06103515625,413.30621337890625,2.7532958984375,206.1105409803213,413.2921287851796,0.05147040312085514,-1.847976474898225,0.0021162701034171116,472.5294745624928,-0.16337381441958732,12.050018072128296,-9.750019073486328,2.2999989986419678,-19.299991607666016,15.250040054321289,1,straight,32.06348142691061,115.42853313687822
47.176329186640466,205.01473999023438,409.58900451660156,2.74713134765625,205.01856523119199,409.58793517455763,0.003971896372102688,-1.8433867104334771,0.0006277948097031527,1592.8771384281454,-0.14793552450165226,12.050017833709717,-9.700018882751465,2.349998950958252,-19.299991607666016,15.350040435791016,1,straight,33.4512443724894,120.42447974096184
51.262407632070875,203.91648864746094,405.6532897949219,2.7415924072265625,203.87365142439364,405.6652583932805,-0.04447780375409039,-1.8432459267208205,-0.0002006690812929035,4983.328739818993,-0.11746493812793135,12.050017595291138,-9.650018692016602,2.399998903274536,-19.349990844726562,15.450040817260742,1,straight,34.8595522201192,125.49438799242911
55.57452238869471,202.75189208984375,401.5014190673828,2.7373504638671875,202.66227551252575,401.52664475702977,-0.09309922850568693,-1.8451812010634503,-0.000327910836628198,3049.6094922713733,-0.08967964936590911,12.050017356872559,-9.600018501281738,2.4499988555908203,-19.39999008178711,15.600041389465332,1,straight,36.2865375975329,130.63153535111843
60.16600489730176,201.50526428222656,397.08241271972656,2.7336578369140625,201.36966627014138,397.1207153525577,-0.1409039125193041,-1.8460957800391289,-4.871170331588459e-05,20528.947499848688,-0.0665133290518205,12.05001711845398,-9.550018310546875,2.4999988079071045,-19.499988555908203,15.700041770935059,1,straight,37.74671740694564,135.8881826650043
65.11086278143156,200.1621551513672,392.3234558105469,2.731109619140625,199.9824178986648,392.3741177779917,-0.18674076939538706,-1.8455352890011232,0.00019238324584675004,5197.95783462655,-0.03693571075881752,12.100016832351685,-9.500018119812012,2.599998712539673,-19.54998779296875,15.800042152404785,1,straight,39.25858388968921,141.33090200288117
70.42442617650865,198.723876953125,387.208251953125,2.72998046875,198.50298561460383,387.27016269197367,-0.22940340672811058,-1.8440617775612616,0.00042592897211882197,2347.809295586093,0.014038697759036212,12.050016403198242,-9.400017738342285,2.649998664855957,-19.54998779296875,15.950042724609375,1,straight,40.82081510207091,146.95493436745528
76.10990109391409,197.1981964111328,381.73130798339844,2.7329254150390625,196.94011378155207,381.80271770765614,-0.2677797460785123,-1.8407360660184053,0.000582655680443217,1716.2795001660597,0.1206482567349898,12.100015878677368,-9.300017356872559,2.7999985218048096,-19.39999008178711,16.150039672851562,1,straight,42.428737514246805,152.7434550512885
82.16645714586785,195.5930938720703,375.8913269042969,2.7446746826171875,195.3027038446783,375.9705783477605,-0.301010231221168,-1.8372219738975173,0.0005784001448842502,1728.9068974906993,0.269042614363435,12.050015211105347,-9.150016784667969,2.899998426437378,-19.24999237060547,16.35003662109375,1,straight,44.07712924794506,158.67766529260223
88.58044020862872,193.91659545898438,369.7003631591797,2.76702880859375,193.59926119015395,369.785708574533,-0.3286105264533635,-1.833524438500989,0.0004546054147883394,2199.709830701405,0.42142256556762236,12.050014734268188,-9.050016403198242,2.9999983310699463,-19.099994659423828,16.550033569335938,1,straight,45.75810463698967,164.72917669316283
95.35266551428865,192.1662139892578,363.15834045410156,2.80078125,191.82751338004925,363.2486310478749,-0.35052887755818235,-1.8313172122932653,0.00022116959994325502,4521.417049434315,0.5705790118337384,12.050014019012451,-8.900015830993652,3.149998188018799,-18.849998474121094,16.85002899169922,1,straight,47.468404360860426,170.88625569909755
102.48421097072078,190.33206176757812,356.266845703125,2.846893310546875,189.9772555857556,356.36112933402916,-0.36711963951274956,-1.8305266244409009,0.00014407472794530918,6940.842535407045,0.7264457704599353,12.050013065338135,-8.7000150680542,3.3499979972839355,-18.650001525878906,17.100025177001953,1,straight,49.20522857169136,177.1388228580889
109.97500103147426,188.4131622314453,349.02626037597656,2.9075927734375,188.04670523097894,349.1231142399303,-0.37904010889824363,-1.8291860362067573,0.00021074715301716562,4745.0225812471535,0.8840479765857889,12.100012063980103,-8.500014305114746,3.5999977588653564,-18.400005340576172,17.45001983642578,1,straight,50.965848172896834,183.4770534224286
117.80805358279116,186.41876220703125,341.4517364501953,2.982879638671875,186.0443230721946,341.5499347767057,-0.3871015073939349,-1.8272749154446117,0.0002682522487766209,3727.834545881926,1.0359701210215762,12.064886331558228,-8.264888763427734,3.799997568130493,-17.95001220703125,17.65001678466797,1,straight,52.74409037277045,189.87872534197362
125.8130128982034,184.39637756347656,333.70697021484375,3.071929931640625,184.01686396979164,333.8055483914555,-0.39210741474211286,-1.8249290177665483,0.00037020539679688547,2701.2031932874647,1.1766237544275389,11.842404842376709,-7.792407512664795,4.049997329711914,-17.350021362304688,17.700016021728516,1,straight,54.50144797501294,196.20521271004657
133.85836875236595,182.3877716064453,325.9170227050781,3.171783447265625,182.00538525349896,326.0148780524837,-0.394708743170813,-1.8213267532465502,0.0005641203382410059,1772.6714181554214,1.3019383827837128,11.707005023956299,-7.307006359100342,4.399998664855957,-17.30002212524414,17.65001678466797,1,straight,56.2123446371297,202.36444069366695
141.94207719847066,180.40260314941406,318.0816345214844,3.2819671630859375,180.0191182178541,318.1775246386977,-0.3952918002093423,-1.8158213366576186,0.0009875415013930189,1012.6156709256343,1.419801370715107,11.621605396270752,-6.821605205535889,4.800000190734863,-17.400020599365234,17.500019073486328,1,straight,57.88048480497147,208.3697452978973
150.05118389671563,178.4735107421875,310.20623779296875,3.4017181396484375,178.09038946491253,310.29777321182206,-0.39390436149586644,-1.8053200831563176,0.0016430615076281352,608.6199423194839,1.5295030325635228,11.28620433807373,-6.336203575134277,4.950000762939453,-17.45001983642578,17.30002212524414,1,straight,59.506901527150724,214.22484549774262
158.12787145551766,176.6568145751953,302.3375549316406,3.5294952392578125,176.2758691061331,302.42212326928717,-0.39021949481199253,-1.7892496040577945,0.002200057163386837,454.53364423521094,1.629931594511369,10.529001235961914,-5.529000282287598,5.000000953674316,-17.45001983642578,17.1500244140625,1,straight,61.083785583790146,219.90162810164452
166.16307873327742,174.99057006835938,294.47816467285156,3.6642913818359375,174.61460752121138,294.554021527942,-0.3835389150036986,-1.7698903970298763,0.0024675654779128947,405.2577364009062,1.716145927819626,9.680001735687256,-4.53000020980835,5.150001525878906,-17.500019073486328,17.050025939941406,1,straight,62.61317578109279,225.40743281193406
174.15719336297923,173.48843383789062,286.62770080566406,3.8045501708984375,173.12154230594422,286.6940487865415,-0.3728423940225902,-1.7497009791878775,0.002580279558220669,387.55490536443597,1.7888824818562243,9.900002479553223,-4.600000381469727,5.300002098083496,-17.550018310546875,16.950027465820312,1,straight,64.09854301180117,230.7547548424842
182.10941708818945,172.15560913085938,278.789306640625,3.94952392578125,171.80316132122624,278.8454443392994,-0.35689059910238347,-1.7287489607087498,0.0026763664933576042,373.64090548953993,1.8527599356041924,9.78000259399414,-4.380000114440918,5.400002479553223,-17.600017547607422,16.750030517578125,1,straight,65.54273698604655,235.95385314976758
190.0204823445952,170.99520874023438,270.96522521972656,4.0984344482421875,170.66393587338072,271.0107107485339,-0.3343809887602968,-1.7072484220232218,0.0026806020841060457,373.050519481891,2.048098490604727,9.890003204345703,-4.440000534057617,5.450002670288086,-17.600017547607422,16.35003662109375,1,straight,66.9485510822967,241.01478389626814
197.89362308230398,170.00709533691406,263.1562805175781,4.272674560546875,169.70498606253796,263.19137258491435,-0.3041405379984468,-1.6864349720390592,0.0024964002425438697,400.5767917170945,2.416849708877644,9.940002918243408,-4.490000247955322,5.450002670288086,-17.550018310546875,15.900042533874512,1,straight,68.31891185863184,245.9480826910746
205.73237127959976,169.17666625976562,255.36434936523438,4.47802734375,168.9125977550334,255.3901029839169,-0.2653213599896446,-1.668015155510976,0.002127825339801756,469.9633852904334,2.680754080573494,10.100003242492676,-4.550000190734863,5.5500030517578125,-17.350021362304688,15.650041580200195,1,straight,69.6565087059683,250.7634313414859
213.53782569124752,168.47955322265625,247.59303283691406,4.6920166015625,168.2627349521638,247.61092518460055,-0.21755527694142862,-1.6531320891791461,0.0018394607803264018,543.6375761284542,2.6671175324054053,10.58000373840332,-4.880000114440918,5.700003623962402,-17.30002212524414,15.400040626525879,1,straight,70.96337663733648,255.46815589441132
221.30956296613834,167.89337158203125,239.84605407714844,4.8935394287109375,167.73272218636862,239.85708559717688,-0.16102770805331504,-1.6393569943977544,0.001830876532396164,546.1864753333463,2.407068804780166,11.565721035003662,-5.71571683883667,5.850004196166992,-17.550018310546875,15.1000394821167,1,straight,72.24111437521228,260.0680117507642
229.046991350621,167.41905212402344,232.12509155273438,5.065460205078125,167.32273999140602,232.13029209791466,-0.09645243677319093,-1.6247407212897313,0.0019309396461721917,517.8825770045974,2.4427066836246567,12.271438121795654,-6.271433353424072,6.000004768371582,-18.300006866455078,14.700037956237793,1,straight,73.49114654199349,264.5681275511766
236.75163020392748,167.0634765625,224.431396484375,5.270599365234375,167.0385406404575,224.43236312814565,-0.02495465103518367,-1.6095420367933257,0.0016422877649015233,608.9066857658548,2.6005685232228015,13.127155780792236,-6.827149868011475,6.300005912780762,-19.649986267089844,14.250036239624023,1,straight,74.71510313998776,268.97437130395593
244.42105343157004,166.8087921142578,216.7686767578125,5.4653167724609375,166.86087159612367,216.76718309720238,0.05210089685826188,-1.5994688714134497,0.0009498301781111218,1052.8197808882514,2.250696192928486,13.932873725891113,-7.382866859436035,6.550006866455078,-21.549957275390625,13.90003490447998,1,straight,75.91386920511052,273.28992913839784
252.05128000201438,166.60923767089844,209.1425323486328,5.61517333984375,166.74248552836718,209.13930909263078,0.1332868369317393,-1.594981537611932,0.0004448087518602317,2248.1572042319463,1.9901731992924887,14.788591384887695,-7.9385833740234375,6.850008010864258,-23.84992218017578,14.20003604888916,1,straight,77.08801198672312,277.51684315220325
259.64048907112584,166.43421936035156,201.556884765625,5.7681884765625,166.6514179511423,201.55212929354673,0.21725064408688471,-1.5926874099660557,0.00029664210624082143,3371.0656004720217,1.93784245754694,15.644309043884277,-8.49429988861084,7.1500091552734375,-25.62488555908203,13.450033187866211,1,straight,78.23836610249684,281.6581179689886
267.18656941453287,166.27772521972656,194.01373291015625,5.908538818359375,166.5804484194209,194.00777001752087,0.302781921061592,-1.5904912878561845,0.00013920323023587644,7183.74134210481,1.539470949220223,16.300025939941406,-9.050016403198242,7.250009536743164,-28.939912796020508,13.200032234191895,1,straight,79.36565281022706,285.7163501168174
274.68758222682806,166.13125610351562,186.51470947265625,6.0001220703125,166.51998074308858,186.50701839377584,0.38880071772755287,-1.5905791621056469,-0.00017818611697509312,5612.109500875313,0.8999100053699083,16.300025939941406,-9.100016593933105,7.200009346008301,-32.254940032958984,12.950031280517578,1,straight,80.0,288.0
282.14937793832416,165.9744415283203,179.0546875,6.0434417724609375,166.448601143622,179.04408916765883,0.47427804654176275,-1.5931444297083714,-0.00040298796832005657,2481.4636629691913,0.3977710791504996,16.300025939941406,-9.200016975402832,7.100008964538574,-35.56996536254883,12.650030136108398,1,straight,80.0,288.0
289.59570300782093,165.7959442138672,171.6105194091797,6.059478759765625,166.35387338126617,171.59612789560228,0.558114747608023,-1.5965851255524293,-0.00037835013515780114,2643.0544278328935,0.7883562873708339,16.35002613067627,-9.400017738342285,6.950008392333984,-38.88499450683594,12.350028991699219,1,straight,80.0,288.0
297.04171681995797,165.5944366455078,164.1679229736328,6.1608428955078125,166.2332010392722,164.15004397134493,0.6390145612300022,-1.5987790002505067,-0.00018383989663993405,5439.515677919382,1.500444998079109,16.550026893615723,-9.700018882751465,6.850008010864258,-42.20001983642578,12.000027656555176,1,straight,80.0,288.0
304.45872436206946,165.38453674316406,156.7548828125,6.28240966796875,166.09963766840536,156.73447714189837,0.7153920076948378,-1.5993239569912303,-2.320091188169615e-05,43101.75415083267,1.2493827203108987,16.700027465820312,-9.950019836425781,6.750007629394531,-42.28297424316406,11.700026512145996,1,straight,80.0,288.0
311.82401776534687,165.17417907714844,149.3928680419922,6.3459320068359375,165.9592179518441,149.37062129630795,0.7853540300252838,-1.5991271446375364,6.335505387729257e-05,15784.060446650738,1.081324741938755,16.80002784729004,-10.200020790100098,6.600007057189941,-42.365928649902344,11.400025367736816,1,straight,80.0,288.0
319.1391046523046,164.96983337402344,142.0812530517578,6.4409332275390625,165.8162939893406,142.0578837714649,0.8467831461150591,-1.5983975466467464,0.0001595279456437504,6268.494187426876,1.2337258099603454,16.850028038024902,-10.500021934509277,6.350006103515625,-42.448883056640625,11.100024223327637,1,straight,80.0,288.0
326.4030616959226,164.77337646484375,134.82044982910156,6.5258636474609375,165.67059986757096,134.7971067558467,0.8975270098834622,-1.596807472361698,0.0003947454535451894,2533.278068231184,1.1076475635434402,16.850028038024902,-10.750022888183594,6.100005149841309,-42.53184127807617,10.800023078918457,1,straight,80.0,288.0
333.6160082756835,164.5992431640625,127.61000061035156,6.601348876953125,165.53468637963704,127.58950700559238,0.9356676746582799,-1.5927007317683513,0.0007167930299117747,1395.1028515484913,0.9801027333213197,16.80002784729004,-10.950023651123047,5.850004196166992,-42.61479568481445,10.500021934509277,1,straight,80.0,288.0
340.7784809424424,164.46359252929688,120.44911193847656,6.6668243408203125,165.42328603579887,120.434022608373,0.9598121244832559,-1.5865181033303564,0.00094123222095302,1062.4370667925884,0.8489824284237113,16.80002784729004,-11.1500244140625,5.650003433227539,-42.697750091552734,10.300021171569824,1,straight,80.0,288.0
347.8916322080411,164.37750244140625,113.33670043945312,6.7226104736328125,165.34680063640639,113.3284850539682,0.9693330095427477,-1.5792717256103677,0.0008920193515946501,1121.0519123966476,0.7114865079709265,16.850028038024902,-11.30002498626709,5.5500030517578125,-42.780704498291016,10.100020408630371,1,straight,80.0,288.0
354.9578074474197,164.33755493164062,106.27078247070312,6.7677764892578125,165.30203680991758,106.26782952898844,0.9644863987581112,-1.5738580043176729,0.0006753885805642207,1480.6291204458896,0.6027688234699846,16.850028038024902,-11.400025367736816,5.450002670288086,-42.8636589050293,10.000020027160645,1,straight,80.0,288.0
361.9787660035821,164.33180236816406,99.24993896484375,6.80755615234375,165.2781762649599,99.25092988654426,0.9463744155789309,-1.5697492550807188,0.00044863875712190804,2228.9648054821782,0.6383520322875313,16.80002784729004,-11.45002555847168,5.350002288818359,-42.94661331176758,9.900019645690918,1,straight,80.0,288.0
368.9559041729117,164.34786987304688,92.27299499511719,6.8570709228515625,165.26462761178428,92.27595644757008,0.916762521995494,-1.5675659835681983,0.00028601073260083043,3496.3722896218915,0.513760734975377,16.850028038024902,-11.500025749206543,5.350002288818359,-43.02956771850586,9.800019264221191,1,straight,80.0,288.0
375.89114824905164,164.3763885498047,85.33784484863281,6.8791961669921875,165.25418012927466,85.34225878186793,0.8778026770265673,-1.5657679167072114,0.00018503791108830103,5404.2979307240175,0.08568225175653588,16.850028038024902,-11.500025749206543,5.350002288818359,-43.112525939941406,9.750019073486328,1,straight,80.0,288.0
382.78565900039285,164.4152374267578,78.44345092773438,6.869110107421875,165.24695979702017,78.4482711467337,0.8317363378535513,-1.5650009253406394,4.596492247085915e-06,217557.20367721282,-0.27135798714942316,16.850028038024902,-11.550025939941406,5.300002098083496,-43.19548034667969,9.700018882751465,1,straight,80.0,288.0
389.63562403169766,164.4529266357422,71.59364318847656,6.842010498046875,165.2335572885135,71.59762526477327,0.7806408091932001,-1.565695269408036,-0.00017321684546582616,5773.110561566538,-0.5121983958838117,16.850028038024902,-11.550025939941406,5.300002098083496,-43.27843475341797,9.650018692016602,1,straight,80.0,288.0
396.4369866062871,164.4828338623047,64.79248046875,6.7993011474609375,165.20909897209117,64.7949771755222,0.7262694012815695,-1.5673586056332194,-0.0002211527399275659,4521.761748588463,-0.7364898343093063,16.850028038024902,-11.60002613067627,5.250001907348633,-43.36138916015625,9.600018501281738,1,straight,80.0,288.0
403.18778432073714,164.50048828125,58.04194641113281,6.7423095703125,165.1704796509292,58.04335446821461,0.6699928492673142,-1.5686947250840155,-0.00010187466313861526,9815.983377921504,-0.9443775846987412,16.80002784729004,-11.60002613067627,5.2000017166137695,-43.44434356689453,9.550018310546875,1,straight,80.0,288.0
409.88757977258535,164.5138702392578,51.342529296875,6.6723785400390625,165.12669727900234,51.343790304544264,0.6128283371241855,-1.5687386403552455,7.087923193668799e-05,14108.505025749118,-1.1329864341504292,16.80002784729004,-11.650026321411133,5.150001525878906,-43.52729797363281,9.500018119812012,1,straight,80.0,288.0
416.5368703232575,164.5306854248047,44.693756103515625,6.591156005859375,165.08621098310843,44.69544489673041,0.555528125256693,-1.5677563442284583,0.00012081741908798183,8276.952177498335,-1.3035418585254477,16.850028038024902,-11.700026512145996,5.150001525878906,-43.610252380371094,9.450017929077148,1,straight,80.0,288.0
423.1364058369291,164.5539093017578,38.09489440917969,6.499755859375,165.05260450250913,38.09672016211538,0.49869854283543735,-1.5671352833841459,-0.00010806235902363626,9253.916063235969,-1.4598493983570326,16.850028038024902,-11.75002670288086,5.100001335144043,-43.693206787109375,9.450017929077148,1,straight,80.0,288.0
429.6867193584836,164.572998046875,31.545379638671875,6.399261474609375,165.01592280374,31.546105507501206,0.4429253516445796,-1.5691575198231484,-0.0005717874059564948,1748.901758910175,-1.602375930442984,16.850028038024902,-11.800026893615723,5.05000114440918,-43.77616500854492,9.550018310546875,1,straight,79.51118972405305,286.240283006591
436.18752123324384,164.56781005859375,25.045486450195312,6.2906951904296875,164.9566942008579,25.04401822319057,0.3888869138902306,-1.574571795807525,-0.0009667250503261615,1034.4202828535497,-1.7314900858049043,16.850028038024902,-11.850027084350586,5.000000953674316,-43.8591194152832,9.600018501281738,1,straight,78.54281897153301,282.75414829751884
442.637654256974,164.52127075195312,18.5965576171875,6.175079345703125,164.85868949993295,18.59289051593289,0.33743867460605026,-1.5816640005863938,-0.0012139763178392465,823.7392981272465,-1.8466597247535022,16.900028228759766,-12.000027656555176,4.90000057220459,-43.942073822021484,9.600018501281738,1,straight,77.57004885962303,279.2521758946429
449.03606996525315,164.42564392089844,12.20001220703125,6.0534820556640625,164.7152416942921,12.194404454925541,0.289652062375271,-1.5901578408693728,-0.0013840125872855158,722.536781230664,-1.9544679907613938,16.900028228759766,-12.150028228759766,4.75,-44.025028228759766,9.500018119812012,1,straight,76.59287291026874,275.73434247696747
455.3810548494102,164.27381896972656,5.858123779296875,5.9260711669921875,164.52051094439315,5.851091478283158,0.24679218711792433,-1.599295012656937,-0.0015107055770733901,661.9423501018954,-1.9764855169335849,16.95002841949463,-12.400029182434082,4.549999237060547,-41.909976959228516,9.350017547607422,1,straight,75.61138708247579,272.2009934969128
461.6706705458683,164.06227111816406,-0.4267425537109375,5.8037261962890625,164.27234323008452,-0.4348218919982872,0.21022741951011212,-1.6092372136118276,-0.0015436990995309763,647.7946384135555,-1.7579106601966876,17.000028610229492,-12.700030326843262,4.2999982833862305,-39.794925689697266,9.050016403198242,1,straight,74.62572709581178,268.6526175449224
467.9040074640117,163.79261779785156,-6.653472900390625,5.705718994140625,163.9736835395793,-6.662140702810181,0.18127309129102298,-1.618630833089509,-0.0012245125831866766,816.6514691074843,-1.4644887194931344,17.050029039382935,-13.050031661987305,3.99999737739563,-37.67987823486328,8.800015449523926,1,straight,73.63587074366546,265.08913467719566
474.0810545089072,163.4779510498047,-12.821929931640625,5.621856689453125,163.6387233494678,-12.830566749053842,0.16100412092239227,-1.6244655433573634,-0.0007471032974133152,1338.5029934445283,-1.3439655907147074,17.55003261566162,-13.90003490447998,3.6499977111816406,-35.56482696533203,8.500014305114746,1,straight,72.64164827805594,261.5099338010014
480.20449941753725,163.13755798339844,-18.93536376953125,5.5403900146484375,163.2873901443026,-18.94392027697025,0.15007628147300073,-1.6278416495963486,-0.0003222866717328132,3102.8276615454783,-1.4138533354726701,17.450026512145996,-14.200028419494629,3.249998092651367,-33.87428665161133,8.150012969970703,1,straight,71.64243629039986,257.9127706454395
486.2963138428407,162.78785705566406,-25.016448974609375,5.4492034912109375,162.9362137464776,-25.025006832165108,0.1486033130017273,-1.6284168114063116,5.9476201780844784e-05,16813.447564872327,-1.6598217388121839,17.35002040863037,-14.500021934509277,2.8499984741210938,-31.933748245239258,7.750011444091797,1,straight,70.63436131794963,254.28370074461867
492.38496435569584,162.44009399414062,-31.094146728515625,5.338226318359375,162.59597323387058,-31.10293543044365,0.15612680314529737,-1.6271181753528716,0.00029351131436300415,3407.0236855102503,-2.0747540293903466,17.250014305114746,-14.800015449523926,2.4499988555908203,-29.993209838867188,7.350009918212891,1,straight,69.61222458103171,250.60400849171415
498.47029670049017,162.1044158935547,-37.16856384277344,5.1966400146484375,162.27585346025901,-37.17783870158202,0.17168827066348746,-1.62484414194058,0.00044205166895106007,2262.178994534485,-2.5600751015484144,18.050007343292236,-15.100008964538574,2.949998378753662,-28.052669525146484,6.950008392333984,1,straight,68.57542377845111,246.87152560242401
504.5074134673679,161.78704833984375,-43.194976806640625,5.028106689453125,161.9807794462859,-43.204859776196535,0.1939830268104628,-1.6217659924823586,0.0006291336051224006,1589.4874981371338,-2.9133754398922243,18.399999856948853,-15.400001525878906,2.9999983310699463,-26.112131118774414,6.550006866455078,1,straight,67.53111038058525,243.1119973701069
510.48919060964107,161.49545288085938,-49.16688537597656,4.84661865234375,161.7167669802219,-49.1771837865644,0.22155357780293672,-1.6172957913064854,0.000921450452920608,1085.2455461174534,-3.053102913144418,18.949993133544922,-15.699995040893555,3.249998092651367,-24.171592712402344,6.200005531311035,1,straight,66.48019184837773,239.32869065415983
516.4153573011689,161.2379608154297,-55.08465576171875,4.6645660400390625,161.4907315135806,-55.094776128565826,0.2529732153189748,-1.6108126910257765,0.0014658095310971508,682.2168766029957,-3.00404488687932,19.59998631477356,-15.999988555908203,3.5999977588653564,-22.585220336914062,5.850004196166992,1,straight,65.42239860790627,235.5206349884626
522.2851140765682,161.0322265625,-60.948272705078125,4.4921875,161.31908770052675,-60.95666597019164,0.28698390095832965,-1.6000469644937332,0.0021409604355170087,467.0800933126611,-2.7371517167368467,20.14997959136963,-16.29998207092285,3.8499975204467773,-20.99884796142578,5.600003242492676,1,straight,64.3575379119787,231.6871364831233
528.0997204448524,160.9029998779297,-66.75956726074219,4.3445281982421875,161.22553350540537,-66.76441669113542,0.3225700820407189,-1.585830619663796,0.002435282055957305,410.6300531200283,-2.3520556813927396,20.59997296333313,-16.5999755859375,3.99999737739563,-20.3499755859375,5.400002479553223,1,straight,63.285018714992034,227.82606737397134
533.8589899590685,160.85726928710938,-72.51730346679688,4.219757080078125,161.2162373164781,-72.51768538092736,0.3589682325321782,-1.571860248802268,0.002366003930519861,422.65356667445553,-2.546786519862876,20.549984455108643,-16.599987030029297,3.9499974250793457,-20.27997589111328,5.300002098083496,1,straight,62.204480162719705,223.93612858579095
539.5641520711492,160.8887176513672,-78.21994018554688,4.0529632568359375,161.28431789397408,-78.21515436443052,0.39562919006865155,-1.558699297649512,0.0023317493612923512,428.8625598446648,-3.0645295200071754,20.54999589920044,-16.599998474121094,3.9499974250793457,-20.209978103637695,5.300002098083496,1,straight,61.11526008737392,220.0149363145461
545.2177002161399,160.99432373046875,-83.86959838867188,3.8718109130859375,161.42633590643212,-83.85861462562961,0.4321517826310333,-1.5453771421354163,0.002540715989499065,393.5898400817176,-2.9360311433599184,20.650007247924805,-16.60000991821289,4.049997329711914,-20.139978408813477,5.350002288818359,1,straight,60.01639674307098,216.0590282750555
550.8174895478307,161.1781768798828,-89.46437072753906,3.7222747802734375,161.6459934287458,-89.4453346736048,0.46820368936979034,-1.5301274836365615,0.0029529405155269417,338.645494124203,-2.0788923811034588,20.80001926422119,-16.600021362304688,4.199997901916504,-20.06998062133789,5.500002861022949,1,straight,58.90777909577283,212.0680047447822
556.3571359109475,161.4510498046875,-94.99667358398438,3.6395263671875,161.95363502044523,-94.96734678702413,0.5034401256536942,-1.5125105306347508,0.003407075404403659,293.50685890529337,-1.2387822577128726,21.050031661987305,-16.600032806396484,4.44999885559082,-19.999980926513672,5.700003623962402,1,straight,57.790146253692335,208.0445265132924
561.8306814271817,161.82290649414062,-100.45730590820312,3.58551025390625,162.35869309390915,-100.41534237365165,0.537427407864134,-1.492634528292955,0.0036847177289232314,271.3912091964302,-0.884195668222576,20.916701316833496,-16.116701126098633,4.800000190734863,-19.616653442382812,6.050004959106445,1,straight,56.66420253024771,203.99112910889176
567.2358645316932,162.30044555664062,-105.8411865234375,3.5431976318359375,162.8672711998524,-105.78525100786506,0.5695788722422929,-1.4724327464107299,0.0034349289615795975,291.1268358633352,-0.6907676882361546,20.88337230682373,-15.633370399475098,5.250001907348633,-19.233325958251953,6.450006484985352,1,straight,55.52992182036917,199.907718553329
572.5663400146473,162.86997985839844,-111.14105224609375,3.5112152099609375,163.46513100009895,-111.07225653628149,0.5991141219801125,-1.4557134098595577,0.0028263637350973148,353.81150259684074,-0.5024205504408685,21.000043869018555,-15.150039672851562,5.850004196166992,-18.849998474121094,6.950008392333984,1,straight,54.38815590370427,195.7973612533354
577.8162978589378,163.50827026367188,-116.35202026367188,3.4898834228515625,164.12818714654534,-116.27203471919245,0.625055700715734,-1.4424790186703338,0.002554855703539416,391.41153788632045,-0.3128489574509896,20.68900203704834,-14.188995361328125,6.500006675720215,-18.300006866455078,7.5000104904174805,1,straight,53.2397078797364,191.66294836705106
582.9849702858376,164.20327758789062,-121.47373962402344,3.4784698486328125,164.84307700301687,-121.38247127081164,0.646276414465102,-1.4291007973518552,0.0028674544907433264,348.74136737939,-0.125101604076594,20.390005111694336,-13.189995765686035,7.200009346008301,-17.700016021728516,8.150012969970703,1,straight,52.08430926393032,187.50351335014918
588.0718131507834,164.96009826660156,-126.50396728515625,3.476898193359375,165.61349540154507,-126.40007771668371,0.6616047599509841,-1.413117115221987,0.0034081366977494476,293.4154609057632,0.014816688239055464,20.04100799560547,-12.190996170043945,7.850011825561523,-17.050025939941406,8.850015640258789,1,straight,50.9216127306319,183.31780583027484
593.0749177526475,165.79100036621094,-131.43759155273438,3.479888916015625,166.45061761510664,-131.3202584570934,0.6699716190805528,-1.3947570550627362,0.0034961770806066494,286.026702007463,0.07813391211266563,19.442009925842285,-11.191996574401855,8.25001335144043,-16.300037384033203,9.650018692016602,1,straight,49.75155825039218,179.10560970141185
597.9930744252823,166.69308471679688,-136.27230834960938,3.484619140625,167.35128849152406,-136.1440872910675,0.6705765048961277,-1.3784013927664747,0.003258801316867427,306.8612973807392,0.11123107523983711,18.69301128387451,-10.192996978759766,8.500014305114746,-15.550041198730469,10.500021934509277,1,straight,48.57390727171998,174.86606617819194
602.8243551500431,167.653076171875,-141.0072479248047,3.4907073974609375,168.30184080438957,-140.8704449950247,0.6630313642642754,-1.3629740773315386,0.0037204533534687945,268.7844477522187,0.13607453001662217,17.894012451171875,-9.193997383117676,8.7000150680542,-14.750038146972656,11.45002555847168,1,straight,47.3885724015599,170.59886064561564
607.5706820613333,168.6760711669922,-145.6420135498047,3.4976348876953125,169.30676744326928,-145.49571055024313,0.6474429400267616,-1.3428571446197246,0.005072620631486502,197.1367607884676,0.1338856356213114,17.195013999938965,-8.194997787475586,9.000016212463379,-13.950035095214844,12.450029373168945,2,left,46.19447232579313,166.30010037285527
612.2626217435203,169.79710388183594,-150.19805908203125,3.50335693359375,170.4012250159186,-150.04018711601168,0.624408441887369,-1.315187551189123,0.006462536241608974,154.7380103745508,0.051928522451005765,16.74601650238037,-7.195998191833496,9.550018310546875,-13.050031661987305,13.650033950805664,2,left,44.98291059481429,161.93847814133144
616.9258697674862,171.04844665527344,-154.69027709960938,3.502532958984375,171.61880777589909,-154.5210890853544,0.5949255349107998,-1.2824312432044807,0.007176783213139665,139.33819237693328,-0.022673089123570467,15.897017002105713,-6.196998119354248,9.700018882751465,-12.100028038024902,15.000039100646973,2,left,43.74552244635789,157.4838808068884
621.5618846867936,172.44285583496094,-159.1116180419922,3.501251220703125,172.97424283762973,-158.93414136458884,0.5602411245414309,-1.2484570349665807,0.007153140850464534,139.7987291044407,-0.02821823143048241,15.897016525268555,-5.197998046875,10.699018478393555,-11.00002384185791,16.550033569335938,2,left,43.042483074254804,154.9529390673173
626.1215509063329,173.95657348632812,-163.41268920898438,3.49993896484375,174.445870556946,-163.23176627191296,0.5216749298881423,-1.216626711423203,0.0069365584921047,144.163709011928,-0.0247523175546438,15.897016048431396,-4.198997974395752,11.698018074035645,-10.100020408630371,18.300006866455078,2,left,41.77681854479441,150.39654676125988
630.5965298845131,175.57281494140625,-167.58560180664062,3.4990081787109375,176.01809996657028,-167.4051541776932,0.4804582192325145,-1.1857802587361588,0.0072891231389945466,137.1907129199547,-0.015039641632380585,15.897015810012817,-3.199998140335083,12.697017669677734,-9.500018119812012,20.19997787475586,2,left,40.49621788096272,145.7863843714658
634.981602473946,177.28640747070312,-171.6219940185547,3.49859619140625,177.68622212090594,-171.4440798640209,0.43761307213138273,-1.1521152002034083,0.008391714166767594,119.16516460488431,-0.006264200340905246,14.745006799697876,-2.399998903274536,12.34500789642334,-9.000016212463379,22.299945831298828,2,left,39.200784604607016,141.12282457658526
639.274197773295,179.10589599609375,-175.50990295410156,3.4984588623046875,179.45923335183588,-175.33585085497037,0.3938799565537975,-1.1130905102218545,0.009540728123243636,104.81380321107213,0.007962396529076488,13.346007585525513,-1.9999992847442627,11.34600830078125,-8.900015830993652,24.699909210205078,2,left,37.88979611833407,136.40326602600265
643.475409299883,181.04034423828125,-179.2392578125,3.4992523193359375,181.34728354796212,-179.07172077128922,0.3496861450001045,-1.071159389586652,0.01027437745409035,97.32949801273733,0.025285732865099053,12.397007942199707,-2.049999237060547,10.34700870513916,-10.050020217895508,27.39986801147461,2,left,36.56122708152633,131.6204174934948
647.58660087803,183.08807373046875,-182.80418395996094,3.50054931640625,183.34931448450504,-182.64650049332406,0.30514063515055817,-1.0277380466035115,0.010472493905642727,95.48823890565225,0.05070715157916572,11.998007774353027,-2.649998664855957,9.34800910949707,-11.550025939941406,30.79092025756836,2,left,36.21374701864235,130.36948926711247
651.607525608572,185.23797607421875,-186.20208740234375,3.5033416748046875,185.4548040692637,-186.0585311965617,0.2600437725725212,-0.9859799157765657,0.010153998369952524,98.48337212256963,0.05199516097553758,11.998008251190186,-3.648998737335205,8.34900951385498,-12.850030899047852,34.81084442138672,2,left,36.433412115146865,131.1602836145287
655.5385235783397,187.4720458984375,-189.43653869628906,3.5047149658203125,187.64566249027536,-189.31158215444856,0.21390852790416887,-0.9469531179971902,0.010204296525356649,97.99793621393702,0.032741916329764864,11.998008728027344,-4.647998809814453,7.350009918212891,-13.950035095214844,38.7408447265625,2,left,35.14032017714012,126.50515263770443
659.3781691468769,189.7757110595703,-192.5083465576172,3.505889892578125,189.9064352328558,-192.40603766896513,0.16599975354920313,-0.9067358659544634,0.011352645176025342,88.08519816261082,-0.06701811977190553,12.097005367279053,-5.646998882293701,6.450006484985352,-14.850038528442383,42.579490661621094,2,left,33.8295948377494,121.78654141589783
663.1281185452344,192.1526641845703,-195.40872192382812,3.4998016357421875,192.24019211659282,-195.33351206787847,0.11540217205974909,-0.8609468833117139,0.01300380170671829,76.9005881936326,-0.16787388159954508,12.446002960205078,-6.645998954772949,5.800004005432129,-15.550041198730469,46.328433990478516,2,left,32.49850270783794,116.9946097482166
666.8002140710105,194.61509704589844,-198.1328125,3.493438720703125,194.65938285375253,-198.09068278613353,0.061124017928786765,-0.8103432972038217,0.013777151780398456,72.58394303405711,-0.15157867773455402,12.995001316070557,-7.644999027252197,5.350002288818359,-16.100040435791016,49.9995231628418,2,left,31.57321449630589,113.6635721867012
670.4081923672858,197.16627502441406,-200.68408203125,3.488739013671875,197.16781348411433,-200.68246546751763,0.002231621955030178,-0.7606477662090675,0.013801428610344293,72.45626726283184,-0.08756995578660387,12.55001163482666,-7.600010871887207,4.950000762939453,-16.450035095214844,49.9995231628418,2,left,31.545433498174226,113.56356059342721
673.95261460288,199.79296875,-203.06387329101562,3.48712158203125,199.7524755647042,-203.11082883333788,-0.06200420155260642,-0.7116334342828035,0.013991987304824482,71.46947593750295,0.011420787507976371,11.9500093460083,-7.750011444091797,4.199997901916504,-16.700031280517578,49.9995231628418,2,left,31.32988641099207,112.78759107957146
677.43506033373,202.48524475097656,-205.27273559570312,3.489471435546875,202.4040795736472,-205.3768103175434,-0.13198232357796835,-0.6623479963825307,0.014566265430649553,68.65177658343735,0.1237880854939144,12.10000991821289,-7.600010871887207,4.499999046325684,-16.800029754638672,49.9995231628418,2,left,30.706082452780077,110.54189683000828
680.8589751177205,205.2379150390625,-207.30889892578125,3.49560546875,205.118748590017,-207.4790079139416,-0.20769619744004408,-0.611081578828772,0.015280704716639601,65.44200797958429,0.23607592530355825,12.40001106262207,-7.200009346008301,5.2000017166137695,-16.750030517578125,49.9995231628418,2,left,29.979668737189385,107.92680745388179
684.2327978880688,208.05076599121094,-209.17181396484375,3.505462646484375,207.8977631461207,-209.41667023869718,-0.28872905196931675,-0.5585043735605293,0.015855840075691213,63.06824458535707,0.15579582008155013,12.849009037017822,-6.650007247924805,6.199001789093018,-16.550033569335938,49.9995231628418,2,left,29.430923722086842,105.95132539951263
687.5662680705043,210.9239959716797,-210.86195373535156,3.50616455078125,210.7429765785279,-211.18959601590635,-0.37432270129418416,-0.5047536328008543,0.01571630235503295,63.628198122554096,-0.024932885255035675,13.198006629943848,-6.000004768371582,7.198001861572266,-16.250038146972656,49.9995231628418,2,left,29.56128672800218,106.42063222080785
690.8612187116332,213.84837341308594,-212.3800811767578,3.50384521484375,213.64497643072556,-212.79656414367375,-0.46349584050389453,-0.45429883766713863,0.014319771437033266,69.83351685445459,-0.05219658500958957,13.397003173828125,-5.2000017166137695,8.197001457214355,-15.800042152404785,49.9995231628418,2,left,30.845518165689768,111.04386539648317
694.1157747962391,216.80397033691406,-213.74264526367188,3.5027313232421875,216.58221728418152,-214.25162028684218,-0.5551846455076145,-0.4108864623793711,0.012812377097291182,78.04952917061908,-0.0253676615443732,13.645999908447266,-4.44999885559082,9.196001052856445,-15.250040054321289,49.9995231628418,2,left,32.06355032378444,115.42878116562399
697.3283490019559,219.774169921875,-214.966796875,3.502197265625,219.53886701648463,-215.57095934952784,-0.6483669893762041,-0.3713955974026075,0.011387727732813525,87.81383112264957,-0.009226788005278763,13.89499831199646,-3.699997663497925,10.195000648498535,-14.550037384033203,48.54954528808594,2,left,33.22210267977109,119.59956964717593
700.4996639314168,222.74888610839844,-216.06602478027344,3.50213623046875,222.50271110951275,-216.76614812459695,-0.7421420533450006,-0.3381142823998255,0.009961175061751253,100.38976263350523,-0.12288004913308948,14.243998527526855,-3.0499982833862305,11.194000244140625,-13.800034523010254,46.7995719909668,2,left,34.32744594583874,123.57880540501947
703.6256886760708,225.71279907226562,-217.05960083007812,3.49456787109375,225.45894432630215,-217.85587003548858,-0.8357552749059991,-0.3086187320734616,0.010301340329535301,97.07474639323081,-0.3153286659237087,15.142998218536377,-2.949998378753662,12.192999839782715,-13.150032043457031,45.29959487915039,2,left,33.56920461624551,120.84913661848383
706.7053101716052,228.66207885742188,-217.94598388671875,3.482635498046875,228.41058376056313,-218.83984530307873,-0.9285677225712066,-0.27426756937240054,0.011795725945347918,84.77646942911446,-0.3959969811205388,14.648019075393677,-2.399998903274536,12.24802017211914,-12.600029945373535,43.89961624145508,2,left,32.47129332312615,116.89665596325413
709.7389256116334,231.5971221923828,-218.71292114257812,3.470367431640625,231.3580730749276,-219.70449125954116,-1.0199783220295404,-0.23656723848870329,0.01300198318405111,76.91134389611045,-0.35735756029188215,13.299019813537598,-2.049999237060547,11.24902057647705,-12.250028610229492,42.69963455200195,2,left,31.352216000730696,112.8679776026305
712.7266885751824,234.51502990722656,-219.3551483154297,3.4610748291015625,234.29896158723506,-220.44321411917042,-1.1093118191806648,-0.1960299911814544,0.014670034402666562,68.16616597833136,-0.12344464316932369,12.150020241737366,-1.8999992609024048,10.250020980834961,-12.100028038024902,41.64965057373047,2,left,30.20956068768091,108.75441847565128
715.6741838135699,237.41842651367188,-219.86309814453125,3.462890625,237.24023557795348,-221.0454355245098,-1.1956896293213832,-0.14958497052154562,0.01628753093859649,61.396660044421125,0.6803242428761624,12.350021004676819,-1.8999992609024048,10.450021743774414,-12.000027656555176,38.703155517578125,2,left,29.038280407938753,104.53780946857951
718.5870766087537,240.30836486816406,-220.2261199951172,3.500518798828125,240.18000486767662,-221.49756357266273,-1.277906514815121,-0.10061520835878628,0.01643335390431481,60.85185080432278,1.7997085600500173,12.400020837783813,-1.9999992847442627,10.40002155303955,-12.100028038024902,35.79150390625,2,left,28.90915631675489,104.0729627403176
721.4612556937259,243.17318725585938,-220.44821166992188,3.566650390625,243.0994730651739,-221.80054765618883,-1.3543435316274093,-0.05445489478061465,0.01583472633514262,63.15233865334707,2.669003098553413,12.400020360946655,-2.099999189376831,10.300021171569824,-12.300028800964355,32.91908645629883,2,left,29.45053851910129,106.02193866876465
724.2928933457131,246.00205993652344,-220.53921508789062,3.652496337890625,245.9874804667655,-221.96209296335374,-1.4229525675232058,-0.010246107419565298,0.014770469943718778,67.70265291560716,3.2765381782712044,12.400019407272339,-2.2999989986419678,10.100020408630371,-12.550029754638672,30.089750289916992,2,left,30.493085038135266,109.77510613728695
727.081210785725,248.78851318359375,-220.5114288330078,3.750579833984375,248.83091362006945,-221.9921651995496,-1.4813433039686308,0.028626874063604354,0.013035936049577642,76.71102375746922,3.629882628219727,12.400018453598022,-2.4999988079071045,9.900019645690918,-12.850030899047852,27.304157257080078,2,left,31.551170833276384,113.58421499979498
729.8302621102654,251.5327911376953,-220.38633728027344,3.8534088134765625,251.62741767558143,-221.91038686503063,-1.5269843871077735,0.06200928321540575,0.01235439751880589,80.94283824668891,3.7751792089536607,12.400017261505127,-2.7499985694885254,9.650018692016602,-13.200032234191895,24.558029174804688,2,left,32.560713219086104,117.21856758870997
732.5646814992297,254.25669860839844,-220.17063903808594,3.95758056640625,254.40655604131604,-221.72091353903124,-1.5575006511979075,0.09636568840256104,0.012627981527375197,79.18921941976075,3.9473948555536986,11.850016355514526,-2.4999988079071045,9.350017547607422,-13.75003433227539,21.826595306396484,2,left,32.97854968780456,118.72277887609641
735.3107729862023,256.98272705078125,-219.85887145996094,4.0697784423828125,257.18828207248436,-221.4163789870398,-1.5710132284149165,0.1312185601782902,0.012635665367961863,79.14106387587093,4.268295660401744,11.900014400482178,-2.949998378753662,8.950016021728516,-14.50003719329834,19.08379554748535,2,left,32.96852091421772,118.68667529118379
738.0683492487777,259.7071838378906,-219.45083618164062,4.192535400390625,259.9658759981334,-220.9957645971468,-1.566437181252263,0.1659069000653698,0.012097598004293948,82.66103731046921,4.6195051022266735,11.542998313903809,-3.5499978065490723,7.993000507354736,-15.350040435791016,16.329952239990234,2,left,33.69371879775196,121.29738767190707
740.8487715409468,262.43829345703125,-218.94679260253906,4.32568359375,262.7422389108965,-220.4602435321026,-1.5436698335855583,0.19819293996366263,0.010155569079062881,98.46814021103349,4.991827662962923,11.193998336791992,-4.199997901916504,6.994000434875488,-16.250038146972656,13.553720474243164,2,left,34.65153602466726,124.74552968880214
743.7068509048148,265.2288513183594,-218.3473663330078,4.4743194580078125,265.56129724561214,-219.8137707977921,-1.5036164234558915,0.22293974255009308,0.006923354787072074,144.43864726783787,5.424748340246732,10.995001316070557,-5.000000953674316,5.99500036239624,-17.1500244140625,11.1500244140625,2,left,35.60926241038588,128.19334467738918
746.7016306296239,268.13909912109375,-217.66148376464844,4.6438140869140625,268.4808131578368,-219.06864062739174,-1.4480534932359324,0.23822861310443075,0.0032559373699331123,307.13121487977,6.02158624154836,10.995001316070557,-5.9990010261535645,4.996000289916992,-17.900012969970703,10.650022506713867,2,left,36.58590798726506,131.7092687541542
749.9004657468779,271.2388153076172,-216.89840698242188,4.8488006591796875,271.569811502601,-218.2374819177527,-1.3793767300940525,0.2423253600188856,-6.614824510346728e-05,15117.559028751666,6.807679909005215,10.995001316070557,-6.9980010986328125,3.997000217437744,-18.45000457763672,9.950019836425781,2,left,37.60109090509548,135.36392725834375
753.3044049789845,274.5362243652344,-216.09014892578125,5.095001220703125,274.84180073650253,-217.3540417331571,-1.300308404653987,0.23722165077124568,-0.002036641700905971,491.0043821429976,7.673345480664873,10.995001316070557,-7.9970011711120605,2.998000144958496,-18.849998474121094,8.950016021728516,2,left,38.65209415457295,139.14753895646263
756.7631513626247,277.8907775878906,-215.29579162597656,5.375885009765625,278.1654380236018,-216.47794315671806,-1.2136394013789689,0.2282891597431562,-0.003090920936864819,323.5281718381058,7.839329226004277,10.995001316070557,-8.996001243591309,1.999000072479248,-19.099994659423828,7.5000104904174805,2,left,39.691524377257146,142.88948775812574
760.228568811611,281.2608184814453,-214.53201293945312,5.6377716064453125,281.50109698454366,-215.62803926594566,-1.1220550197810606,0.21581281892566617,-0.0042543736290203485,235.05222794225276,7.2853560687273555,10.995000958442688,-9.995000839233398,1.0000001192092896,-19.149993896484375,5.850004196166992,2,left,40.70634957607144,146.5428584738572
763.702477765526,284.6521759033203,-213.8197021484375,5.8813934326171875,284.85516488529555,-214.8275178947522,-1.0280550108448478,0.198755549753842,-0.005750715611420942,173.891401969869,6.9208979431325535,11.294000446796417,-10.994000434875488,0.30000001192092896,-19.099994659423828,5.150001525878906,2,left,41.4814157685318,149.33309676671448
767.1863356124184,288.0662078857422,-213.16773986816406,6.119293212890625,288.22953582285936,-214.08729027094927,-0.9339426954076836,0.17578393058815647,-0.008381116063917112,119.31585153739375,7.081593206922965,11.75002670288086,-11.75002670288086,0.0,-18.949996948242188,5.000000953674316,2,left,40.480660876702174,145.73037915612784
770.687059479281,291.5138854980469,-212.61761474609375,6.3760986328125,291.6314886719136,-213.45119781750415,-0.8418380149681566,0.14015652164319425,-0.008782059198745671,113.86851049043584,7.575228297372094,11.59199658036232,-11.441996574401855,0.15000000596046448,-18.799999237060547,5.150001525878906,2,left,39.545797792883704,142.36487205438135
774.2052675393509,294.9936981201172,-212.17820739746094,6.6510772705078125,295.07957442715883,-212.92696904665277,-0.7536701847702316,0.11419216096359007,-0.005639342702749949,177.32563043426384,7.952786156675417,11.142997086048126,-10.442996978759766,0.7000001072883606,-18.500003814697266,5.5500030517578125,2,left,40.02574109194656,144.0926679310076
777.7369473031387,298.4938659667969,-211.80410766601562,6.936798095703125,298.56116496897243,-212.4718494564698,-0.6711246191377604,0.10044677710551998,-0.0027210843225066537,367.5005554693003,8.355447792536308,11.14299750328064,-9.443997383117676,1.6990001201629639,-18.000011444091797,6.400006294250488,2,left,38.97319696407929,140.30350907068546
781.2772588277653,302.0045928955078,-211.46434020996094,7.2420196533203125,302.061066388063,-212.05720378118224,-0.5955472016915747,0.09496891559254997,-0.00042776729137862686,2337.719643727684,8.710891787510011,11.142997980117798,-8.444997787475586,2.698000192642212,-17.30002212524414,7.5000104904174805,2,left,37.88874485998592,136.39948149594932
784.8222648380743,305.5196075439453,-211.1260986328125,7.5540008544921875,305.5709513007986,-211.65143046407036,-0.5278349309211507,0.09742642807871509,0.0009400221000518752,1063.8047764460164,8.880764158559117,11.142998456954956,-7.445998191833496,3.69700026512146,-16.300037384033203,8.800015449523926,2,left,36.77082220400294,132.37495993441058
788.3700450955085,309.0356903076172,-210.77561950683594,7.871917724609375,309.0832108859902,-211.24155735299652,-0.4683548674388689,0.10163766128304497,0.002597176931550371,385.033452227321,9.26238737854308,11.142998218536377,-6.446998119354248,4.696000099182129,-14.95003890991211,9.850019454956055,2,left,35.61691209492147,128.22088354171728
791.9208478136072,312.5499725341797,-210.3978729248047,8.211517333984375,312.59817446627994,-210.81200519836025,-0.4169280108825637,0.11587123203842777,0.005889998052951883,169.77934305068763,9.720912578275476,11.142998218536377,-5.447998046875,5.695000171661377,-13.800034523010254,11.1500244140625,3,left,34.42331082250003,123.9239189610001
795.4559601087614,316.03855895996094,-209.94525146484375,8.560684204101562,316.0918175682822,-210.31432352539306,-0.3728949788324255,0.14331477593494013,0.008509039188660559,117.52208185063182,9.735632309293841,11.142998218536377,-4.448997974395752,6.694000244140625,-12.700030326843262,12.450029373168945,3,left,33.19237328220654,119.49254381594355
798.9301566299255,319.45298767089844,-209.3970184326172,8.894088745117188,319.51149687812915,-209.7271210408904,-0.33524775811264745,0.1754236233948057,0.00974844742616561,102.58043730285915,9.53038004452804,11.142998218536377,-3.449997901916504,7.693000316619873,-11.350025177001953,13.550033569335938,3,left,31.93645505078875,114.97123818283951
802.3278140339364,322.773193359375,-208.75135803222656,9.2156982421875,322.8363825918148,-209.04749161446605,-0.3028002272560699,0.21022802462972354,0.011675416530855541,85.65004917445313,9.175374185099106,11.191999197006226,-2.4999988079071045,8.692000389099121,-10.650022506713867,14.35003662109375,3,left,30.658485208682713,110.37054675125776
805.6439776054876,325.98841857910156,-207.99484252929688,9.510574340820312,326.0572465109032,-208.26042487108924,-0.27435609063407596,0.25357971755248576,0.01472012513310781,67.93420510745844,8.54998322235474,11.990998983383179,-2.2999989986419678,9.690999984741211,-10.500021934509277,15.050039291381836,3,left,29.357570746954096,105.68725468903475
808.8739072519352,329.08290100097656,-207.10816955566406,9.775970458984375,329.1579353801707,-207.34542470261005,-0.24883762338805773,0.3063069270198983,0.01747725158958994,57.217234350258764,8.289440696407024,12.400017499923706,-2.699998617172241,9.700018882751465,-10.85002326965332,15.650041580200195,3,left,28.032507853676844,100.91702827323664
812.0311676436601,332.0538330078125,-206.0727081298828,10.039932250976562,332.1342846830582,-206.28321917865983,-0.2253605415929007,0.3650446002298768,0.01900061632084163,52.629871742797505,8.719851645833131,12.650014638900757,-3.499997854232788,9.150016784667969,-11.850027084350586,16.100040435791016,3,left,26.88528702684018,96.78703329662466
815.1450430819917,334.9158630371094,-204.87890625,10.322494506835938,334.999749075984,-205.06404461962768,-0.2032562014465356,0.42542819493510586,0.019657599868523133,50.870910319080046,9.07270913219036,12.349007368087769,-3.8999974727630615,8.449009895324707,-12.800030708312988,16.300037384033203,3,left,26.432197833745217,95.15591220148278
818.2312383869265,337.67506408691406,-203.52500915527344,10.602447509765625,337.76024687918533,-203.6859063945363,-0.1820550183365853,0.4869084597339116,0.019886658562205756,50.28496853164072,9.005280123984782,12.349008083343506,-4.898997783660889,7.450010299682617,-13.650033950805664,16.000041961669922,3,left,26.2795311566541,94.60631216395477
821.2953210919925,340.3272399902344,-202.01519775390625,10.876373291015625,340.4113158374206,-202.15302757714386,-0.1614490887363422,0.5477381894992908,0.019212550985546042,52.049308847758866,8.892841693938468,12.25001049041748,-5.750003814697266,6.500006675720215,-14.35003662109375,15.1000394821167,3,left,26.736589305951505,96.25172150142542
824.3403236880074,342.8696594238281,-200.36123657226562,11.145736694335938,342.9499160674996,-200.47747072718485,-0.141249805745716,0.6043039174620884,0.017204514835828702,58.12427781558144,8.782029714408047,12.150010108947754,-6.550006866455078,5.600003242492676,-14.900038719177246,14.100035667419434,3,left,28.045262502527862,100.96294500910031
827.3588160124767,345.3012390136719,-198.5922088623047,11.408905029296875,345.3748842183607,-198.68865726971765,-0.12135036656786063,0.652130108669396,0.014865853672752852,67.2682526017909,8.588779331927988,12.050009727478027,-7.200009346008301,4.850000381469727,-15.450040817260742,13.200032234191895,3,left,29.284878898895947,105.4255640360254
830.3451388687957,347.6281280517578,-196.73751831054688,11.66156005859375,347.69314649804494,-196.8157159867428,-0.10169697596308672,0.693633244229941,0.013731829619527819,72.82350769761341,8.308460407931605,11.9500093460083,-7.750011444091797,4.199997901916504,-15.900042533874512,12.400029182434082,3,left,30.46168277446563,109.66205798807627
833.3203584141551,349.8689422607422,-194.79541015625,11.904251098632812,349.92404909390206,-194.8564946632307,-0.08226834174809845,0.733996670636037,0.012923047643894889,77.38112769958101,7.990681800848076,11.950011014938354,-8.25001335144043,3.699997663497925,-16.300037384033203,11.700026512145996,3,left,31.59054742210264,113.72597071956952
836.2969528177222,352.03533935546875,-192.7674560546875,12.13714599609375,352.07926320528287,-192.81270430690265,-0.0630611521542215,0.7705470496371104,0.012439091511253927,80.391723068785,7.656886440352317,11.900012969970703,-8.650014877319336,3.249998092651367,-16.65003204345703,11.200024604797363,3,left,32.68093672258645,117.65137220131123
839.2760055925022,354.1282653808594,-190.6592254638672,12.360260009765625,354.16013291564167,-190.68967917729816,-0.04407911563128726,0.8080802970671533,0.01265630434137549,79.01200642993702,7.3283469521217,11.850014448165894,-8.950016021728516,2.899998426437378,-17.050025939941406,10.85002326965332,3,left,32.941628622591736,118.58986304133025
842.2598442576416,356.14300537109375,-188.4687042236328,12.574111938476562,356.1619637782763,-188.48549306053883,-0.025323630220715144,0.8460157668811062,0.012884033104932135,77.61544788465268,6.998656146752902,11.850015878677368,-9.250017166137695,2.599998712539673,-17.200023651123047,10.55002212524414,3,left,32.64920460360129,117.53713657296466
845.2712700531084,358.0904998779297,-186.1809844970703,12.779754638671875,358.09575583719106,-186.1852824929126,-0.006789541664729982,0.885332927267209,0.012857502677088156,77.77560115013489,6.639186564731325,11.8000168800354,-9.450017929077148,2.349998950958252,-17.400020599365234,10.150020599365234,3,left,32.68287175564522,117.65833832032281
848.3615445039081,359.99468994140625,-183.7552490234375,12.978912353515625,359.9854771865836,-183.7482982203853,0.011540732840377736,0.9244366826242459,0.01168409212291388,85.58645288656037,6.240794943058314,11.800017833709717,-9.650018692016602,2.1499991416931152,-17.550018310546875,9.800019264221191,3,left,33.77761874178789,121.59942747043641
851.5777601323608,361.88294982910156,-181.15892028808594,13.172805786132812,361.85864265769527,-181.1418581038515,0.029697756020051418,0.9587693055176536,0.00973507520815814,102.72134304232031,5.8126048627621385,11.750018239021301,-9.750019073486328,1.9999991655349731,-17.65001678466797,9.450017929077148,3,left,34.88051187442453,125.5698427479283
854.9233960482907,363.7598419189453,-178.39566040039062,13.359756469726562,363.71999519778564,-178.3693984644131,0.04772264104659831,0.9880686545609437,0.007612759997662671,131.35840356283762,5.359353783657106,11.800018668174744,-9.850019454956055,1.949999213218689,-17.700016021728516,9.250017166137695,3,left,35.99194021758931,129.5709847833215
858.3052202079406,365.5860900878906,-175.55462646484375,13.533187866210938,365.5304886202567,-175.51969772746247,0.06566231718494644,1.0099005453690448,0.006443237936361507,155.20147011126824,4.892387874200299,11.800018668174744,-9.850019454956055,1.949999213218689,-17.750015258789062,9.200016975402832,3,left,37.08155105495616,133.49358379784218
861.7049580146129,367.36285400390625,-172.6604461669922,13.691452026367188,367.2911391072327,-172.6175523548191,0.08356378119515728,1.0317634258339996,0.007238601463266103,138.14823278705464,4.396674284640878,11.75001847743988,-9.800019264221191,1.949999213218689,-17.700016021728516,9.450017929077148,3,left,38.14557452132046,137.32406827675368
865.1235658860298,369.0767822265625,-169.70590209960938,13.832870483398438,368.9883008416212,-169.6562337163742,0.1014687329886798,1.0592864052181319,0.007820874525513083,127.86293869538787,3.868859435922478,11.750018119812012,-9.700018882751465,2.049999237060547,-17.600017547607422,9.700018882751465,3,left,39.186382319451916,141.0709763500269
868.5624493106485,370.71844482421875,-166.68670654296875,13.956649780273438,370.6128294343236,-166.63099363226561,0.11940912444915985,1.0853856480713173,0.006918795179908427,144.53383486534074,3.3399686214574897,11.750017404556274,-9.550018310546875,2.1999990940093994,-17.400020599365234,9.750019073486328,3,left,40.20618895935644,144.7422802536832
872.0226453611203,372.2981262207031,-163.6099853515625,14.063186645507812,372.1752376483462,-163.54851684362902,0.13740443473010178,1.1069910475091556,0.005989770891842577,166.9512938068954,2.8141717266762623,11.800016641616821,-9.400017738342285,2.399998903274536,-17.1500244140625,9.650018692016602,3,left,41.206849994239846,148.34465997926344
875.506069221354,373.82484436035156,-160.48020935058594,14.151931762695312,373.684445847663,-160.41345405408325,0.15546064446126082,1.126964491356657,0.005463916094597399,183.01891586307084,2.281181319279546,11.800015687942505,-9.200016975402832,2.599998712539673,-16.900028228759766,9.500018119812012,3,left,42.19026212069706,151.8849436345094
879.0144802736614,375.3043670654297,-157.2998046875,14.222549438476562,375.1462835860109,-157.22814140601196,0.17356846596886005,1.1451803084548289,0.00625281221038565,159.92803979288604,1.7267569175346331,11.800014972686768,-9.050016403198242,2.7499985694885254,-16.600032806396484,9.450017929077148,3,left,43.158084383214366,155.36910377957173
882.54994329256,376.7231750488281,-154.06192016601562,14.273406982421875,376.54658691810056,-153.98731605526552,0.19170065533187003,1.1710661262677518,0.006936757174436731,144.15957988052259,1.1403352594794525,11.800014019012451,-8.850015640258789,2.949998378753662,-16.35003662109375,9.300017356872559,3,left,44.111893962349875,158.80281826445955
886.115514120804,378.0704040527344,-150.76080322265625,14.3033447265625,377.87528358296936,-150.6836872040809,0.20980676357598885,1.1944151739388835,0.005899123112691196,169.51671984072178,0.5400583495963396,11.75001311302185,-8.650014877319336,3.0999982357025146,-16.100040435791016,9.450017929077148,3,left,45.05337932415034,162.19216556694124
889.7046647372609,379.3573455810547,-147.4103240966797,14.311904907226562,379.1439488082234,-147.33059623319954,0.2278041151294522,1.2132419845386233,0.004745468531518721,210.72734828144863,-0.05000463377868858,11.800012350082397,-8.500014305114746,3.2999980449676514,-15.900042533874512,9.800019264221191,3,left,45.981626228740964,165.5338544234675
893.2907956699258,380.5853729248047,-144.04103088378906,14.299774169921875,380.3540571988371,-143.95859957876138,0.24556442154451164,1.2284682652056982,0.0038315663788459353,260.98986710004465,-0.5608189666093111,11.80001163482666,-8.350013732910156,3.449997901916504,-15.750041961669922,10.250020980834961,4,straight,45.35476697322573,163.27716110361263
896.8570596177871,381.76011657714844,-140.67391967773438,14.271881103515625,381.51141641399,-140.5886967139349,0.2628967947956356,1.2406632770053259,0.0025354426402152963,394.40844929352664,-0.9764600009225965,11.800011157989502,-8.25001335144043,3.5499978065490723,-15.600041389465332,10.55002212524414,4,straight,44.41948636361257,159.91015090900527
900.3815175725834,382.89158630371094,-137.33627319335938,14.230697631835938,382.6266248283049,-137.24720844423973,0.2795301647141054,1.2465198724181517,0.0013863017785596399,721.3436608578795,-1.3333083763034104,11.800010681152344,-8.150012969970703,3.6499977111816406,-15.400040626525879,10.650022506713867,4,straight,43.475406044330825,156.511461759591
903.8615807182409,383.9938049316406,-134.03578186035156,14.178634643554688,383.71372182612265,-133.94284143994759,0.2951007755690605,1.2503979556542364,0.0006167702250902685,1621.3493442450847,-1.6381341446032316,11.800010204315186,-8.050012588500977,3.749997615814209,-15.300040245056152,10.650022506713867,4,straight,42.52265659643194,153.081563747155
907.3033802597356,385.07623291015625,-130.76919555664062,14.117416381835938,384.78277148012853,-130.6719555187963,0.30915244762720195,1.2508269419165405,-0.0002285543381476407,4375.327145853707,-1.8947917964643235,11.750010013580322,-8.000012397766113,3.749997615814209,-15.200039863586426,10.600022315979004,4,straight,41.55890513010571,149.61205846838055
910.7144238956616,386.1521453857422,-127.53300476074219,14.048858642578125,385.8474888270686,-127.43138742961348,0.3211568164130366,1.2488533371773145,-0.0010676936130244175,936.5982785710742,-2.1085335478751244,11.800010204315186,-8.050012588500977,3.749997615814209,-15.150039672851562,10.40002155303955,4,straight,40.58119002997428,146.0922841079074
914.0969419193118,387.22845458984375,-124.32716369628906,13.974227905273438,386.9154338702079,-124.22092639833636,0.33055761131405736,1.2436012866565067,-0.0026469450601009636,377.7940143426538,-2.2772293227158347,11.800010442733765,-8.10001277923584,3.699997663497925,-15.150039672851562,10.300021171569824,4,straight,39.58781352765096,142.51612869954346
917.4522195245045,388.325439453125,-121.15725708007812,13.895462036132812,388.00785449249594,-121.04501625534213,0.3368355829706343,1.2310781374208848,-0.0032196973827936792,310.58819544472726,-2.4012401950320506,11.800011157989502,-8.25001335144043,3.5499978065490723,-15.250040054321289,10.000020027160645,4,straight,38.5771736129464,138.87782500660705
920.7763217214617,389.4491729736328,-118.02992248535156,13.813873291015625,389.1300307769014,-117.91388471226155,0.33958284190792715,1.2220638877183,-0.0004913319683765571,2035.283808835332,-2.5293238325034384,11.800012111663818,-8.450014114379883,3.3499979972839355,-15.450040817260742,9.750019073486328,4,straight,37.54911000061448,135.17679600221214
924.0581583977655,390.5669250488281,-114.94548034667969,13.728439331054688,390.24809441784197,-114.83156679938533,0.33856944267344047,1.2276459245565263,0.00434587044820503,230.10349984386414,-2.7044223230247244,11.783345937728882,-8.55001449584961,3.2333314418792725,-15.533374786376953,9.56668472290039,5,left,36.50572693607607,131.42061696987386
927.3020484308543,391.6279296875,-111.88136291503906,13.637466430664062,391.3111497917248,-111.77618426023504,0.333784439112648,1.2502242746919787,0.00874526479079879,114.34759540410214,-2.9011172366115723,11.766679763793945,-8.650014877319336,3.1166648864746094,-15.616707801818848,9.38335132598877,5,left,35.444237221194484,127.59925399630015
930.5271668875693,392.59295654296875,-108.80552673339844,13.540802001953125,392.28079547300183,-108.7135136337861,0.3254396166774258,1.284152296295267,0.010727819182372617,93.2155905128553,-3.0839485397311073,11.750013589859009,-8.750015258789062,2.9999983310699463,-15.700041770935059,9.200016975402832,5,left,34.35639333875735,123.68301601952646
933.7524955104509,393.4494934082031,-105.69769287109375,13.43853759765625,393.14542504739495,-105.61960669565013,0.313934736593407,1.3194235919925914,0.011630510411147515,85.98074930929327,-3.226376378737905,11.800013303756714,-8.7000150680542,3.0999982357025146,-15.600041389465332,10.104004859924316,5,left,33.23288471003209,119.63838495611552
936.9903881458375,394.19415283203125,-102.54838562011719,13.332260131835938,393.90103605505806,-102.48546369599242,0.29979428526692464,1.3593403511056554,0.013357431538494807,74.86469214669738,-3.3112023023453396,11.850012302398682,-8.500014305114746,3.3499979972839355,-15.450040817260742,13.339152336120605,5,left,32.065428142202336,115.43554131192842
940.2501801828379,394.80348205566406,-99.347900390625,13.223373413085938,394.5237182638212,-99.30144949419852,0.2835938380944352,1.4062612102535632,0.014317455287939707,69.84481389247634,-3.3467142184933074,11.900010824203491,-8.200013160705566,3.699997663497925,-15.200039863586426,16.59612464904785,5,left,30.9717399252814,111.49826373101304
943.5302194289309,395.2642517089844,-96.10224914550781,13.113388061523438,395.00020351058697,-96.07099280190249,0.2658917262580592,1.4529709911521993,0.01418461655635847,70.49890957762511,-3.326551486836826,11.900009155273438,-7.750011444091797,4.149997711181641,-14.850038528442383,19.873319625854492,5,left,31.11642691793361,112.019136904561
946.8127976035047,395.57391357421875,-92.83610534667969,13.00506591796875,395.32736236155455,-92.8184599204211,0.24718183900528853,1.4993491375022123,0.013739200804954999,72.78443733345489,-3.2636719807779935,11.9500093460083,-7.250009536743164,4.699999809265137,-14.35003662109375,23.15311050415039,5,left,31.616790829204493,113.82044698513617
950.087208169754,395.73500061035156,-89.56736755371094,12.899383544921875,395.5072165545025,-89.56104920921135,0.22787166909523496,1.5430651287092705,0.012503877747233966,79.9751901142199,-3.1823291654788477,12.050009727478027,-6.650007247924805,5.400002479553223,-13.200032234191895,26.424816131591797,5,left,31.403552316291325,113.05278833864877
953.3551870974429,395.76112365722656,-86.30110168457031,12.796859741210938,395.5528509097643,-86.30326132804413,0.20828394416138946,1.5811652593687673,0.011748765665972827,85.11532431838639,-3.0767723494407484,12.150010108947754,-5.9000043869018555,6.250005722045898,-11.500025749206543,28.11314582824707,5,left,30.153636633224508,108.55309187960823
956.6014551596664,395.6679992675781,-83.05764770507812,12.698928833007812,395.4795480271611,-83.06685129342115,0.18867584915164287,1.6195955888872144,0.01433762122900295,69.74657678758757,-2.969036398007452,12.298003196716309,-5.048997402191162,7.2490057945251465,-9.550018310546875,29.801475524902344,5,left,28.858476518200824,103.89051546552297
959.8179410181925,395.4276428222656,-79.85153198242188,12.604949951171875,395.2592691258643,-79.86891585786441,0.16926872352932065,1.6736775901105732,0.018140686039274767,55.12470685149338,-2.919687046697539,12.034208297729492,-4.049997329711914,7.984210968017578,-7.750011444091797,31.489805221557617,5,left,27.515136268941323,99.05449056818877
962.9987622680736,395.0042724609375,-76.70037841796875,12.51214599609375,394.85602547881825,-76.72502652786574,0.15028205824036572,1.7355530219773094,0.019160556101498027,52.19055202274725,-3.1396647334163585,11.567409038543701,-3.4489989280700684,8.118410110473633,-6.350006103515625,32.079795837402344,5,left,26.772841490592864,96.38222936613431
966.1323713150297,394.3978576660156,-73.6278076171875,12.406906127929688,394.2691847945713,-73.65710829584879,0.1319668049766211,1.7946929630329318,0.018959053666109504,52.74524866120099,-3.556474298811718,10.702609062194824,-2.4499988555908203,8.252610206604004,-6.350006103515625,32.6697883605957,5,left,26.914740294361646,96.89306505970193
969.1892752432332,393.634033203125,-70.67008972167969,12.292282104492188,393.52392932362244,-70.70200223764827,0.11463539138048519,1.852906217719353,0.02008958813292533,49.77702844793891,-3.6644543548823627,10.186808705329895,-1.7999993562698364,8.386809349060059,-7.900012016296387,33.2597770690918,5,left,25.641692437230315,92.31009277402913
972.164769985442,392.71697998046875,-67.84144592285156,12.185714721679688,392.6241114201127,-67.87481162375954,0.09868049199150525,1.9157132663081,0.019535688353362834,51.18836776631226,-4.069243131921674,10.57100772857666,-2.049999237060547,8.521008491516113,-9.850019454956055,33.849769592285156,5,left,24.23718925195223,87.25388130702804
975.0619638375068,391.6629638671875,-65.14599609375,12.054061889648438,391.5849667305429,-65.1787046128513,0.08457777808951943,1.9678762348071435,0.01843600247981586,54.241693723724644,-4.043292203735271,10.966806173324585,-2.899998426437378,8.066807746887207,-12.100028038024902,30.956567764282227,5,left,22.78661472843071,82.03181302235056
977.8772455343827,390.5104675292969,-62.579376220703125,11.953933715820312,390.4448531533557,-62.611084727607064,0.0728743832922599,2.0209588130413887,0.024984101719802088,40.02545343495029,-3.5670517427995208,11.511605978012085,-3.898998498916626,7.612607479095459,-14.250036239624023,28.144065856933594,5,left,21.282547274954872,76.61717018983754
980.6055140534477,389.2284698486328,-60.17304992675781,11.856338500976562,389.17325814062025,-60.20573630433222,0.06416176416373573,2.1053267422786837,0.03533202882429537,28.30293173859209,-3.698455882704055,12.056405067443848,-4.897998332977295,7.158406734466553,-15.550041198730469,25.418542861938477,5,left,19.715792261479724,70.976852141327
983.321521234633,387.7254333496094,-57.91322326660156,11.752609252929688,387.6781596159013,-57.94859818002996,0.059043970045790185,2.213208255866827,0.040451061048985104,24.721230397121793,-3.64020051106575,12.244997024536133,-5.896998405456543,6.34799861907959,-16.250038146972656,22.705516815185547,5,left,18.426105890124227,66.33398120444721
986.0417869102812,385.97645568847656,-55.83186340332031,11.658462524414062,385.93410737396545,-55.87166758554311,0.058118436527145226,2.3252359734482155,0.04000267048447664,24.99833105862415,-3.4670981191770256,12.244997024536133,-6.895998477935791,5.348998546600342,-16.700031280517578,19.98788070678711,5,left,18.529087369839456,66.70471453142204
988.8155701066316,383.96937561035156,-53.91973876953125,11.562118530273438,383.9290312259249,-53.96679683253816,0.06198492275325819,2.432857342238219,0.035475451226357535,28.18850685279009,-3.5383615825328674,12.244997024536133,-7.894998550415039,4.349998474121094,-17.00002670288086,17.21677017211914,5,left,19.675897771543212,70.83323197755557
991.662837613378,381.7245635986328,-52.17124938964844,11.45947265625,381.6832884298533,-52.22937893791866,0.07129294453083611,2.5241502831896168,0.027642367545442637,36.176351333005435,-3.624171467925419,12.10001277923584,-8.650014877319336,3.449997901916504,-17.250022888183594,14.372353553771973,5,left,21.311429311406002,76.72114552106162
994.6540976958757,379.2236022949219,-50.53388977050781,11.3504638671875,379.17832170434195,-50.607968539918325,0.08682163302219784,2.59294269613776,0.01804402971020269,55.4199929871855,-3.643476554168057,11.9500150680542,-9.100016593933105,2.8499984741210938,-17.400020599365234,12.100028038024902,5,left,22.90421897112806,82.45518829606102
997.9311059144743,376.3905792236328,-48.89117431640625,11.231094360351562,376.33734931621353,-48.98694182439652,0.10956659450092486,2.6342888166686125,0.008630234223284128,115.87171032995006,-3.594313708043151,11.850016832351685,-9.450017929077148,2.399998903274536,-17.500019073486328,12.100028038024902,5,left,24.530738435197318,88.31065836671034
1001.5211305655586,373.23777770996094,-47.17887878417969,11.103958129882812,373.1712682193856,-47.30297266340892,0.14079347711720955,2.6495917299039444,0.0021725774765350425,460.28277969394225,-3.4804360265161316,11.800018072128296,-9.700018882751465,2.099999189376831,-17.45001983642578,11.250024795532227,5,left,26.196959147221552,94.30905292999759
1005.4282140408612,369.7948303222656,-45.336700439453125,10.970565795898438,369.7087835253093,-45.49709353188779,0.18201647004379268,2.6491930071829035,-0.001454870781771922,687.346266437543,-3.3596714558932206,11.800018668174744,-9.850019454956055,1.949999213218689,-17.350021362304688,11.00002384185791,5,left,27.897473754871086,100.43090551753592
1009.6585961895169,366.0797576904297,-43.31806945800781,10.8309326171875,365.9661738603005,-43.5236557939991,0.23487662296010076,2.6368418488683556,-0.003771845130443874,265.1222320685047,-3.236599377734728,11.750018954277039,-9.900019645690918,1.8499993085861206,-17.350021362304688,10.85002326965332,5,left,29.628856866434603,106.66388471916457
1014.1610766345262,362.16273498535156,-41.10246276855469,10.688278198242188,362.0116937334726,-41.362738641716064,0.300926884673138,2.61577531545164,-0.005377869192865925,185.94725236652496,-3.1007511512373576,11.750018954277039,-9.900019645690918,1.8499993085861206,-17.600017547607422,10.70002269744873,6,right,31.366790699862328,112.92044651950438
1018.8355328954011,358.1545715332031,-38.70140075683594,10.546615600585938,357.953826771744,-39.02565127758573,0.3813618484586536,2.587244471198577,-0.00639815366784563,156.29508947644854,-2.9569849238655133,11.800018906593323,-9.900019645690918,1.8999992609024048,-18.050010681152344,10.650022506713867,6,right,33.07462708807172,119.0686575170582
1023.5587899547884,354.1797180175781,-36.15362548828125,10.41046142578125,353.91606064355386,-36.55085492074474,0.4767666440646147,2.555618399021443,-0.006888675430158808,145.16578842167144,-2.8058196390511103,11.800018668174744,-9.850019454956055,1.949999213218689,-18.700000762939453,10.55002212524414,6,right,34.715058997807006,124.97421239210523
1028.3220664821918,350.2573699951172,-33.45416259765625,10.280502319335938,349.9164644648817,-33.93197176619133,0.5869567122721441,2.5218793189076623,-0.0070335625291358395,142.17546170345378,-2.6418111547293455,11.800018548965454,-9.800019264221191,1.9999992847442627,-19.499988555908203,10.500021934509277,6,right,36.294378404684196,130.6597622568631
1033.1077972730707,346.4105682373047,-30.60980224609375,10.158233642578125,345.9785467485385,-31.174415270369444,0.7109363079330684,2.4884570918431677,-0.006672547279479357,149.86780282177747,-2.46587606644022,11.800018310546875,-9.750019073486328,2.049999237060547,-20.299976348876953,10.450021743774414,6,right,37.814774222820105,136.13318720215238
1037.9116501587464,342.6427917480469,-27.631912231445312,10.0440673828125,342.1077888513143,-28.288533950158183,0.8469829874310764,2.4579036681681843,-0.005973721970976065,167.39982290079814,-2.274645372428319,11.800017833709717,-9.650018692016602,2.1499991416931152,-21.049964904785156,10.450021743774414,6,right,39.28179046152567,141.4144456614924
1042.7366415830568,338.94500732421875,-24.5341796875,9.939254760742188,338.2973817003339,-25.286672083102847,0.9928060002600315,2.4309534277782667,-0.005681057007881157,176.0235812829779,-2.1960262473035286,11.750017166137695,-9.500018119812012,2.2499990463256836,-21.549957275390625,10.600022315979004,6,right,40.702071936907245,146.5274589728661
1047.581942718355,335.3172607421875,-21.324066162109375,9.831695556640625,334.54588728335875,-22.171188347718807,1.14570197273862,2.4029622973303724,-0.005928081660192097,168.6886344220156,-2.5986925212235,11.750016212463379,-9.300017356872559,2.4499988555908203,-21.487396240234375,10.800023078918457,6,right,42.080119176240885,151.4884290344672
1052.4418494044323,331.7746276855469,-18.000289916992188,9.686935424804688,330.86952416844383,-18.93711692014018,1.3026347187525706,2.3734157423188313,-0.005879101859636915,170.09400821331553,-3.3463264186382347,11.750015258789062,-9.100016593933105,2.649998664855957,-21.424835205078125,11.00002384185791,6,right,43.4184070746917,156.30626546889013
1057.323421786997,328.3150177001953,-14.561111450195312,9.50555419921875,327.27172110988147,-15.58273665271496,1.4602006128555955,2.345699859231326,-0.0051418520343907426,194.4824536590326,-4.052768416837116,11.80001425743103,-8.900015830993652,2.899998426437378,-20.899967193603516,11.30002498626709,6,right,44.72236367946958,161.0005092460905
1062.2281856876564,324.9273681640625,-11.020751953125,9.2901611328125,323.7486210125267,-12.123997561044249,1.6144954997295198,2.323120760387034,-0.004794738702822154,208.5619388208592,-4.692822714935197,11.800012826919556,-8.600014686584473,3.199998140335083,-20.19997787475586,11.60002613067627,6,right,45.99529948109769,165.58307813195168
1067.1450248129472,321.61512756347656,-7.3952789306640625,9.044570922851562,320.3003347408753,-8.566727430634918,1.7609576242623746,2.2986032149830877,-0.0052874369653582165,189.12755018200986,-5.2726375280557125,11.800011157989502,-8.25001335144043,3.5499978065490723,-19.54998779296875,12.000027656555176,6,right,47.23695200498983,170.0530272179634
1072.0838418784554,318.3859405517578,-3.6684722900390625,8.7703857421875,316.9373486831594,-4.889099763074801,1.8942940188098998,2.2709963395675614,-0.005196500099143769,192.43721368633683,-5.806023737978638,11.800009489059448,-7.900012016296387,3.8999974727630615,-19.04999542236328,12.450029373168945,6,right,48.45213249911748,174.42767699682295
1077.059195253669,315.2338562011719,0.1691741943359375,8.468765258789062,313.66738016104466,-1.0880600194631134,2.008602761284477,2.2471130712184144,-0.004470927246694928,223.6672495038331,-6.296646328149569,11.800008773803711,-7.450010299682617,4.349998474121094,-18.700000762939453,12.950031280517578,6,right,49.64623715427049,178.72645375537377
1082.0741680325118,312.1417999267578,4.1038665771484375,8.141143798828125,310.4788956929555,2.825067904200413,2.0977551183899634,2.2263565224533157,-0.004534050589253852,220.553339737783,-6.74686363166731,11.850008964538574,-6.950008392333984,4.90000057220459,-19.356346130371094,14.203776359558105,6,right,50.01869919482343,180.06731710136435
1087.1347135793471,309.11181640625,8.141708374023438,7.788787841796875,307.3704536826831,6.870460468027845,2.156018407511053,2.201393982981583,-0.005437873069160937,183.89542883432912,-7.1427098081291,11.900009155273438,-6.350006103515625,5.5500030517578125,-20.091571807861328,19.251039505004883,6,right,48.81316200357787,175.72738321288034
1092.2533502528568,306.1643981933594,12.30975341796875,7.4138641357421875,304.3663350145779,11.079241310959336,2.178805002836758,2.1709444014989048,-0.006071050109597215,164.7161499160061,-7.436048278623996,12.799008846282959,-6.250005722045898,6.5490031242370605,-20.826797485351562,24.35492706298828,6,right,47.562712316965566,171.22576434107603
1097.4380823358342,303.3143615722656,16.6231689453125,7.0224761962890625,301.4907224356853,15.45933802669235,2.163368232087099,2.1388254460122953,-0.006167930295953444,162.1289398578424,-7.604849805645875,13.54800796508789,-6.000004768371582,7.548003196716309,-21.562023162841797,29.523866653442383,6,right,47.18769818509489,169.8757134663416
1102.6865736036073,300.5700225830078,21.078903198242188,6.620361328125,298.7563658898328,20.002071755228513,2.109245494806493,2.106596468841143,-0.0063792527716968195,156.75817149568908,-7.6586737714086865,14.797008514404297,-6.250005722045898,8.547002792358398,-21.00800895690918,34.75593185424805,6,right,46.39953369724521,167.03832131008275
1107.9962096213746,297.947021484375,25.677474975585938,6.2138671875,296.17640673712566,24.70869617135381,2.0183183482063334,2.0714431306822707,-0.0067023513979245775,149.20136838985434,-7.5937008842600235,16.74601173400879,-7.200009346008301,9.546002388000488,-20.453996658325195,40.04898452758789,6,right,45.26733472898818,162.96240502435745
1113.3630589877373,295.46449279785156,30.418441772460938,5.8096923828125,293.77050948307453,29.57020980002278,1.8944859328612678,2.0350295150021642,-0.006720775416000496,148.79235476597663,-7.395376032094775,18.272425651550293,-8.19900894165039,10.073416709899902,-19.899982452392578,45.399593353271484,6,right,45.205245274812114,162.73888298932363
1118.7816844410163,293.1331024169922,35.294036865234375,5.4163818359375,291.54740225609856,34.570316953547064,1.7430477649309495,1.9989630504747635,-0.006475579006457566,154.42634535116963,-7.093829732182017,18.904963493347168,-8.569847106933594,10.335116386413574,-19.899982452392578,46.14958190917969,6,right,46.053136994703884,165.791293180934
1124.2491540690446,290.95545959472656,40.2947998046875,5.0376129150390625,289.5056218593182,39.69245937941719,1.5699819893645268,1.9645534523909705,-0.006269712812885825,159.4969386707395,-6.739369860918753,18.500770568847656,-8.239679336547852,10.261091232299805,-24.84990692138672,46.57457733154297,6,right,46.80310839788247,168.49119023237688
1129.7491259447454,288.93641662597656,45.3980712890625,4.6773681640625,287.6433536344867,44.91223603501845,1.3813210322125569,1.930201893754271,-0.006481113298017593,154.294479052831,-6.359039869942112,18.09657573699951,-7.909510612487793,10.187065124511719,-28.149837493896484,46.999568939208984,6,right,45.851081404365985,165.06389305571756
1135.2644595608824,287.0954284667969,50.5859375,4.3372039794921875,285.9735874068387,50.21123260046263,1.1827641884777356,1.8931547688191392,-0.006962848302307728,143.61938628887916,-5.975287192261608,18.002717971801758,-7.889678001403809,10.11303997039795,-27.07486343383789,47.424560546875,6,right,44.41248305703551,159.88493900532782
1140.7897018132442,285.4514617919922,55.85125732421875,4.0177001953125,284.51072400333777,55.578168579215856,0.9795739122953915,1.8533231646547772,-0.007308654242197704,136.82409467755875,-5.542130710725823,17.908859729766846,-7.869844913482666,10.03901481628418,-25.999889373779297,47.84955596923828,6,right,43.34907284246795,156.0566622328846
1146.3271969709879,284.0199432373047,61.19245910644531,3.724151611328125,283.26578048587805,61.0067016334276,0.7767028353374898,1.8122986018901217,-0.007296720478670693,137.04787005657352,-4.965157445125795,17.42827272415161,-7.799007892608643,9.629264831542969,-20.471179962158203,47.89955520629883,6,right,43.38450699681835,156.18422518854607
1151.8761961125895,282.8030242919922,66.60028076171875,3.467315673828125,282.23572346401323,66.48431759589324,0.5790316789726625,1.7724306892794504,-0.007145186711957741,139.95435533216536,-4.2933968060217484,16.019521713256836,-6.8000078201293945,9.219513893127441,-15.550041198730469,44.6870231628418,6,right,43.84213858985393,157.83169892347416
1157.4354452953883,281.7987823486328,72.06364440917969,3.2472991943359375,281.412352910081,72.00043678955122,0.39156469983717423,1.7329289044116127,-0.006923044587056643,144.44511911271016,-3.612830341807194,15.509771347045898,-6.700007438659668,8.80976390838623,-16.300037384033203,39.13312911987305,6,right,44.539973797634424,160.34390567148392
1163.001837235926,281.0043640136719,77.57005310058594,3.0654144287109375,280.7866142183567,77.54277716935904,0.21945147478220112,1.6954099892550831,-0.006623896062371376,150.96855243256894,-2.900884894094019,14.999017238616943,-7.1500091552734375,7.849008083343506,-17.250022888183594,33.570709228515625,6,right,45.5346252769132,163.92465099688752
1168.575409931418,280.4128723144531,83.1103515625,2.9241943359375,280.3453716839851,83.10437270525212,0.06776490129535181,1.6591406087282297,-0.0063705675737461,156.97188491040018,-2.3117463224599124,14.600019454956055,-7.750011444091797,6.850008010864258,-18.25000762939453,27.99992561340332,6,right,46.4311519064457,167.1521468632045
1174.1667861698834,280.0181427001953,88.68655395507812,2.8073883056640625,280.0770084305502,88.68970577684743,-0.05895004826701844,1.6242878070463755,-0.005996387198311942,166.7670827330017,-1.8674390675297192,13.897010803222656,-8.000012397766113,5.896998405456543,-19.199993133544922,22.410768508911133,6,right,47.8277663028273,172.1799586901783
1179.7796515885009,279.8100280761719,94.2947998046875,2.715057373046875,279.9672483586085,94.29812857877212,-0.1572555180156478,1.5919658397656375,-0.005480518743091994,182.46447952768443,-1.405096986800805,13.048011302947998,-8.150012969970703,4.897998332977295,-20.04998016357422,16.79966163635254,6,right,49.1898824244762,177.08357672811434
1185.4153787343753,279.77537536621094,99.93003845214844,2.649444580078125,280.00073649444187,99.92820309225037,-0.22536860176936735,1.562652423111682,-0.004946727911597032,202.1538313549883,-0.9206146785303682,12.549013376235962,-8.650014877319336,3.898998498916626,-21.80399513244629,14.000035285949707,6,right,50.52061057485608,181.87419806948188
1191.0742135608834,279.89788818359375,105.58741760253906,2.6111907958984375,280.1612401286906,105.57827830459647,-0.2635104812966449,1.5361065066079536,-0.004460979206250881,224.1660303188064,-0.4444160345531606,11.95001482963562,-9.050016403198242,2.899998426437378,-23.558008193969727,13.950035095214844,6,right,51.8224246828684,186.56072885832626
1196.7562421682826,280.1646423339844,111.26316833496094,2.599151611328125,280.43811896532736,111.24709005210471,-0.27394886214461034,1.5120717617702626,-0.0042100043710538715,237.5294445952498,-0.0799945495968013,11.850018858909607,-9.900019645690918,1.949999213218689,-25.312023162841797,13.700034141540527,6,right,53.097470575764476,191.15089407275212
1202.4611475878326,280.5666961669922,116.95388793945312,2.602142333984375,280.8265125558073,116.93237085381685,-0.2607058512408147,1.4881683793902445,-0.004084549817001765,244.82502229194085,0.034771744517370085,11.800021529197693,-10.450021743774414,1.3499997854232788,-26.280946731567383,13.500033378601074,6,right,54.347563650471564,195.65122914169763
1208.1839445834992,281.10650634765625,122.65116882324219,2.603118896484375,281.3342277260379,122.62707821821688,-0.22899210340650195,1.4653985201420026,-0.003816505213589283,262.0198176172637,-0.017829659011653343,11.80002248287201,-10.650022506713867,1.149999976158142,-27.24987030029297,13.500033378601074,7,straight,55.57333179869669,200.0639944753081
1213.8938428577735,281.76527404785156,128.32293701171875,2.6001129150390625,281.9483221787846,128.2997008112132,-0.1845170432562352,1.4445312562395005,-0.003475416324680375,287.7353118527368,0.1565146509007187,11.800021529197693,-10.450021743774414,1.3499997854232788,-27.449867248535156,13.700034141540527,7,straight,56.76996611041395,204.3718779974902
1219.5548318644117,282.5323944091797,133.93167114257812,2.6207122802734375,282.663813261338,133.91248960941,-0.13281131697749413,1.4258625026659137,-0.003184972452079743,313.9744581925705,0.5682885597974668,11.750020623207092,-10.250020980834961,1.4999996423721313,-28.249855041503906,13.800034523010254,7,straight,56.17642056547775,202.2351140357199
1225.1411481142256,283.3859558105469,139.4522247314453,2.663726806640625,283.4636130704411,139.4395247282067,-0.07868888165773381,1.4086921611504393,-0.00310813265714463,321.73658923511874,0.960855204908248,11.750019907951355,-10.100020408630371,1.6499994993209839,-29.349838256835938,13.800034523010254,7,straight,54.99332684757134,197.97597665125681
1230.6483448111694,284.3221740722656,144.87889099121094,2.7270050048828125,284.3476698243309,144.8742671192488,-0.025911649219957436,1.3913878117668326,-0.0029171664468008174,342.7984032576114,1.3320217857603485,11.800019145011902,-9.950019836425781,1.8499993085861206,-30.149826049804688,13.700034141540527,7,straight,53.801529334499094,193.68550560419675
1236.0735859029771,285.3312530517578,150.20883178710938,2.809051513671875,285.30875456808616,150.21325284629836,0.02292874902552073,1.3767638201415544,-0.0024661434074980115,405.49142315066536,1.7027310750993951,12.400017499923706,-9.700018882751465,2.699998617172241,-30.44982147216797,13.550033569335938,7,straight,52.601071115191615,189.36385601468982
1241.4129657806754,286.39418029785156,155.44036865234375,2.90997314453125,286.32924449210583,155.45393755584024,0.06633832987003234,1.3648016307370359,-0.0015412705234102708,648.8153668100807,2.06174573804192,12.350016832351685,-9.550018310546875,2.7999985218048096,-30.59981918334961,13.350032806396484,7,straight,51.39223990667187,185.01206366401874
1246.660878040663,287.4822692871094,160.57290649414062,3.0270233154296875,287.38085134970515,160.59457355980763,0.10370660423495542,1.3603191442465126,-0.0003953744758791178,2529.247741085191,2.384949765761868,12.40001654624939,-9.500018119812012,2.899998426437378,-30.74981689453125,13.050031661987305,7,straight,50.17574589755264,180.6326852311895
1251.8118449549138,288.5587921142578,165.60842895507812,3.157684326171875,288.42675335006567,165.6365988386733,0.13501028698269762,1.3606020492940925,0.0005020990268801706,1991.6389924385512,2.6777266125441623,12.40001654624939,-9.500018119812012,2.899998426437378,-30.89981460571289,12.750030517578125,7,straight,48.952335095954815,176.22840634543735
1256.860847421043,289.601806640625,170.54647827148438,3.29986572265625,289.44468589715103,170.5792200696384,0.16049596062257981,1.3653502493572096,0.0011619093804562663,860.6523166267177,2.9396591854040977,12.350016355514526,-9.450017929077148,2.899998426437378,-31.149810791015625,12.500029563903809,7,straight,47.722713641243246,171.8017691084757
1261.8053119506133,290.5938720703125,175.38803100585938,3.451202392578125,290.41702052572066,175.4236281589406,0.18039852031547216,1.3721677243543053,0.001554665165384328,643.2253209666472,3.160046717688303,12.400016069412231,-9.400017738342285,2.9999983310699463,-31.499805450439453,12.250028610229492,7,straight,46.487040391918924,167.35334541090813
1266.6681164767494,291.5333709716797,180.15658569335938,3.609619140625,291.3421419480475,180.1934079520172,0.19474192720619315,1.3805687853559307,0.0017748347234983197,563.4327448974698,3.313915775143794,12.400015354156494,-9.250017166137695,3.149998188018799,-31.783498764038086,12.100028038024902,7,straight,45.238866637400974,162.85991989464353
1271.4800745785758,292.42185974121094,184.88302612304688,3.771759033203125,292.22194453897976,184.91970668966133,0.20325243430345896,1.3893340523494568,0.001866094486880271,535.8785458242235,3.4009610749891115,12.400014400482178,-9.050016403198242,3.3499979972839355,-32.06719207763672,11.950027465820312,7,straight,43.968878915514225,158.2879640958512
1276.2452004924494,293.2599792480469,189.57101440429688,3.935302734375,293.0576334758879,189.60624023313392,0.20538907110135182,1.398436377975594,0.0019482213610808041,513.2886949998513,3.46673345175354,12.450013160705566,-8.800015449523926,3.6499977111816406,-32.350887298583984,11.850027084350586,7,straight,42.67402240908292,153.62648067269853
1280.9208390896024,294.0396423339844,194.17828369140625,4.0989837646484375,293.8418219748381,194.210832553415,0.20048023072314744,1.4077200098061946,0.0023639564239897604,423.0196419239628,3.5148926455807694,12.450011968612671,-8.55001449584961,3.8999974727630615,-31.999797821044922,11.800026893615723,7,straight,41.36410223176058,148.9107680343381
1285.4910227240973,294.7554626464844,198.68917846679688,4.26025390625,294.56966888762815,198.7173690855541,0.18792028048039627,1.4202141855090231,0.0035562757725831895,281.19304124539957,3.503800151939279,12.40001106262207,-8.25001335144043,4.149997711181641,-30.849815368652344,11.75002670288086,7,straight,40.042334471768655,144.15240409836716
1289.9545016578834,295.38494873046875,203.10531616210938,4.415557861328125,295.219019219572,203.12719899214733,0.16736624760359348,1.4396727397268305,0.004952818393663433,201.9052427360119,3.4167422843027206,12.40001106262207,-7.95001220703125,4.44999885559082,-29.499835968017578,11.850027084350586,8,left,38.707885526491026,139.3483878953677
1294.3163981750563,295.9034881591797,207.43380737304688,4.561920166015625,295.7653924263365,207.44863898580925,0.13888991384048682,1.4638054984178432,0.005983510455398328,167.1259718611838,3.258801157491409,12.450011253356934,-7.600010871887207,4.850000381469727,-28.149856567382812,12.000027656555176,8,left,37.357782460039225,134.4880168561412
1298.5801554014151,296.30262756347656,211.67669677734375,4.69683837890625,296.19991221752616,211.68489016922226,0.10304161277945223,1.4911969264425846,0.007963930389337015,125.56614022379074,3.016330273806511,12.500011444091797,-7.100008964538574,5.400002479553223,-26.799877166748047,12.300028800964355,8,left,35.98913739163835,129.56089460989807
1302.747533560913,296.55804443359375,215.8345184326172,4.8165130615234375,296.4972786547979,215.83695883831984,0.060814763443264294,1.5306570414873724,0.010866690698006248,92.02433636796837,2.878802712589079,12.55001163482666,-6.450006484985352,6.100005149841309,-25.549896240234375,12.750030517578125,8,left,34.59915112841646,124.55694406229925
1306.8248280531886,296.6214141845703,219.9096221923828,4.934173583984375,296.6078856538379,219.90949036922407,0.013529172965224798,1.5805401038172504,0.012472919972056018,80.17368845790497,2.932347546383396,12.699008464813232,-5.6489996910095215,7.050008773803711,-24.399913787841797,13.400032997131348,8,left,33.18290881283416,119.45847172620297
1310.8173541400158,296.4817810058594,223.89793395996094,5.053070068359375,296.5190415677837,223.90019004029378,-0.037328800856491505,1.6312712424095246,0.01294201963604627,77.26769299706422,3.5882879514473554,12.40001106262207,-4.649999618530273,7.750011444091797,-23.24993133544922,14.250036239624023,8,left,32.57598034782192,117.27352925215891
1314.725948274564,296.1454162597656,227.78858947753906,5.2166748046875,296.23511717262386,227.7986746672622,-0.0902660778994569,1.6827574415880726,0.01335080349200679,74.90185894794318,4.165076657736744,12.648009538650513,-3.898998498916626,8.749011039733887,-22.149948120117188,15.050039291381836,8,left,32.07338664361859,115.46419191702692
1318.543530103569,295.6217498779297,231.5667724609375,5.374908447265625,295.7637410752063,231.59021076456378,-0.14391266164215322,1.7343898328694076,0.014087759685012274,70.98360721356447,3.4703369697531294,12.648009061813354,-2.899998426437378,9.748010635375977,-21.199962615966797,15.600041389465332,8,left,31.223210300529548,112.40355708190637
1322.2691636192708,294.91639709472656,235.22352600097656,5.47967529296875,295.10883085673845,235.2661794029371,-0.19710419950082092,1.788922184130657,0.015321845991503547,65.26628714023963,3.0880891324261195,12.647009491920471,-1.8999992609024048,10.747010231018066,-20.449974060058594,15.750041961669922,8,left,29.93939190404593,107.78181085456535
1325.9175679515602,294.0233459472656,238.75881958007812,5.602203369140625,294.2628126645815,238.82676567996424,-0.24891962797610423,1.8472690316851712,0.014646525489610263,68.27557844414126,3.7594125364434516,11.642997145652771,-1.5499995946884155,10.092997550964355,-20.033281326293945,15.400040626525879,8,left,30.621835254468927,110.23860691608814
1329.4937084273724,292.96653747558594,242.17201232910156,5.750701904296875,293.2496753820494,242.26714171846257,-0.29869160483136215,1.894929257751609,0.013372931268389177,74.77792115508674,4.263065125821875,11.543996810913086,-2.4499988555908203,9.093997955322266,-19.949981689453125,15.250040054321289,8,left,31.967068143862683,115.08144531790566
1332.9961942365992,291.77552795410156,245.46221923828125,5.90380859375,292.0979668948015,245.5877000475401,-0.3459946588778114,1.941924358890261,0.01316248338023246,75.9735052354793,3.680780528477079,11.543997287750244,-3.4489989280700684,8.094998359680176,-20.549972534179688,15.250040054321289,8,left,32.30201419267957,116.28725109364646
1336.4126252504552,290.46534729003906,248.6157684326172,6.0065460205078125,290.82277148743844,248.77335069437862,-0.3906203093906295,1.9860427612208806,0.011809447395063677,84.67796727033966,2.5349093057594807,11.543997287750244,-4.447999000549316,7.095998287200928,-21.399959564208984,15.400040626525879,8,left,33.523970121307215,120.68629243670598
1339.742132633886,289.06483459472656,251.63560485839844,6.07562255859375,289.45412739761014,251.8241270792927,-0.43253845395277385,2.0217796744396517,0.00845226939761512,118.31142063244678,2.0089977828353978,11.543997287750244,-5.4469990730285645,6.09699821472168,-22.499942779541016,15.650041580200195,8,left,32.84032687914007,118.22517676490426
1342.9877090065436,287.6172637939453,254.539794921875,6.1387481689453125,288.0376868052873,254.7539899650897,-0.4718421611128339,2.041995228263235,0.004352865029383368,229.73374851957243,1.4742297775807156,11.543997287750244,-6.4459991455078125,5.097998142242432,-23.69992446899414,15.900042533874512,8,left,31.655540106131838,113.95994438207462
1346.1480890459363,286.1676330566406,257.34791564941406,6.1708526611328125,286.6190169897336,257.58244250631145,-0.5086750452505797,2.0499793627957823,-0.001617022784507316,618.4204759394815,0.8950862886464295,11.543997287750244,-7.4449992179870605,4.098998069763184,-24.84990692138672,16.20003890991211,8,left,30.457597274956843,109.64735018984463
1349.241535506057,284.7582550048828,260.10154724121094,6.19488525390625,285.2445472540599,260.34347126291823,-0.5431458219380272,2.0324314324477797,-0.010889615293557808,91.83060861586087,0.8466109994595739,11.543997526168823,-8.443999290466309,3.0999982357025146,-26.24988555908203,16.450035095214844,9,right,29.23752944943153,105.25510601795351
1352.3091170338541,283.4544982910156,262.8781433105469,6.2229766845703125,283.9815209685771,263.1086844107763,-0.5752409074110566,1.983156884682359,-0.017548971002503244,56.983398049797714,1.0299472817034694,11.592998027801514,-9.442998886108398,2.1499991416931152,-28.19985580444336,16.600032806396484,9,right,27.975167359926942,100.71060249573699
1355.3837900087694,282.30577087402344,265.7299499511719,6.2581634521484375,282.87306005736593,265.9394883271509,-0.6047506498924093,1.92462008649348,-0.018626443772100598,53.68711345199658,1.3727724350333759,11.94199812412262,-10.441998481750488,1.4999996423721313,-30.502119064331055,16.700031280517578,9,right,27.153983430607767,97.75434035018796
1358.4681995053022,281.3197326660156,268.65208435058594,6.3075714111328125,281.9232078525283,268.837206237737,-0.6312308720578212,1.868443115729464,-0.017822543263554258,56.10871496914381,1.8428851935754498,12.746007800102234,-11.296008110046387,1.4499996900558472,-30.244625091552734,15.850042343139648,9,right,27.75963060608374,99.93467018190147
1361.5346078890339,280.49977111816406,271.60614013671875,6.371429443359375,281.13437806509086,271.764257859767,-0.65400855608297,1.8149828452023342,-0.01684785671476069,59.3547308082151,2.276300815199961,12.54700756072998,-10.297008514404297,2.2499990463256836,-29.987133026123047,16.700031280517578,9,right,28.551319985598322,102.78475194815397
1364.5557654534725,279.8432922363281,274.5541687011719,6.4459686279296875,280.50279368026236,274.68444841146396,-0.6722462030128056,1.7658280065243128,-0.016069316756878727,62.23039940835905,2.7649072393229224,12.547008037567139,-9.298008918762207,3.2489991188049316,-28.974714279174805,16.700031280517578,9,right,29.23477903926081,105.24520454133892
1367.5192763760515,279.3370666503906,277.47271728515625,6.53656005859375,280.0146359595679,277.573732070513,-0.6850577753734567,1.7187903720401838,-0.01659539467251181,60.257681105733184,3.0909337404804393,12.547008514404297,-8.299009323120117,4.24799919128418,-27.96229362487793,16.65003204345703,9,right,28.767672695338764,103.56362170321955
1370.4145595866844,278.98228454589844,280.3447570800781,6.62701416015625,279.6706288573962,280.4123622623823,-0.6916562382033998,1.6686965444952364,-0.015970546495642945,62.61526493616346,3.0089426598270297,12.547008991241455,-7.300009727478027,5.246999263763428,-26.949874877929688,16.65003204345703,9,right,29.325041323641283,105.57014876510863
1373.246933776977,278.76731872558594,283.1677703857422,6.70904541015625,279.45772081634885,283.20671891882364,-0.6914998446557837,1.6271508678765827,-0.012426260271176603,80.47473480976052,2.937471109946821,12.55001163482666,-6.350006103515625,6.200005531311035,-26.24988555908203,16.700031280517578,9,right,30.440819085062675,109.58694870622563
1376.0200683855633,278.6526336669922,285.9373016357422,6.7916259765625,279.3367657672091,285.9564499273508,-0.6844000201773061,1.5987781942351742,-0.009728944787752936,102.78607000204458,2.942412330476718,12.450011253356934,-5.5500030517578125,6.900008201599121,-25.899890899658203,16.800029754638672,9,right,31.494986073882828,113.38194986597819
1378.7506524109858,278.60992431640625,288.66639709472656,6.8710174560546875,279.28048324811766,288.66825236592473,-0.670561498245442,1.573563073126177,-0.009929243247598807,100.71260971895622,2.7940967692796415,12.350010871887207,-4.90000057220459,7.450010299682617,-25.499897003173828,16.900028228759766,9,right,32.4995848910201,116.99850560767236
1381.4668807492765,278.64111328125,291.3814697265625,6.94384765625,279.2914369772077,291.3645048147508,-0.6505449390755613,1.5447153687441584,-0.012213747332692926,81.87495391551684,2.625191268366822,12.25001049041748,-4.2999982833862305,7.95001220703125,-25.199901580810547,17.050025939941406,9,right,32.79642778664053,118.06714003190591
1384.1926763805359,278.7630157470703,294.1036376953125,7.0138702392578125,279.3869075306973,294.06382234104416,-0.6251609553648695,1.507065027574702,-0.01357880051263849,73.64420731192335,2.452841762425906,12.200011491775513,-3.799997568130493,8.40001392364502,-24.99990463256836,17.1500244140625,9,right,31.802980099700648,114.49072835892234
1386.9285040148275,278.9866638183594,296.8295593261719,7.077789306640625,279.5790047818473,296.76998426029587,-0.5953293252477283,1.4705577756538528,-0.01268207835330748,78.85142893311335,2.177285787069594,12.150013208389282,-3.3999979496002197,8.750015258789062,-24.749908447265625,17.200023651123047,9,right,32.800028491507696,118.08010256942771
1389.6565053643421,279.3039855957031,299.5384826660156,7.1328582763671875,279.86095878648547,299.46394585642963,-0.5619384941731119,1.4377619722354749,-0.011583303591175875,86.33115692157088,1.85423350576146,12.100014448165894,-3.0999982357025146,9.000016212463379,-24.49991226196289,17.1500244140625,9,right,33.76492163202352,121.55371787528469
1392.3874255033822,279.7089538574219,302.2388153076172,7.1790008544921875,280.22768426916986,302.1532558464966,-0.5257391572438322,1.407327992576632,-0.009187511863685827,108.84339686706234,1.5576004814645161,12.10001516342163,-2.949998378753662,9.150016784667969,-24.19991683959961,17.050025939941406,9,right,34.70398704140852,124.93435334907066
1395.1285098772332,280.1842498779297,304.93809509277344,7.2180633544921875,280.6633797233935,304.84928914541575,-0.4872903704161349,1.387527716796008,-0.005360417499794101,186.55263326754138,1.2772213038418911,12.100015640258789,-2.8499984741210938,9.250017166137695,-23.949920654296875,16.950027465820312,9,right,35.62166204808807,128.23798337311706
1397.8808050038976,280.7025146484375,307.64097595214844,7.2491302490234375,281.14118767292746,307.55530264991035,-0.4469607780684353,1.3779230439405161,-0.0023993317464781894,416.78271521553023,0.9994955481347212,12.050015926361084,-2.7499985694885254,9.300017356872559,-23.749923706054688,16.750030517578125,10,straight,36.519896543259605,131.47162755573459
1400.6626688586387,281.24169921875,310.36997985839844,7.2733001708984375,281.6388820514101,310.2909205602468,-0.4049747833929268,1.374314261191911,-0.0024334094409314833,410.94605091086135,0.7323158926214601,12.050016164779663,-2.699998617172241,9.350017547607422,-23.5499267578125,16.600032806396484,10,straight,37.40586914010162,134.66112890436585
1403.5923803136077,281.8277130126953,313.2404327392578,7.2905426025390625,282.1814729514124,313.1660971384441,-0.36148565087624107,1.3636795592984965,-0.003735017594015788,267.7363559417206,0.44290920389453703,12.050016164779663,-2.699998617172241,9.350017547607422,-23.39992904663086,16.50003433227539,10,straight,38.31678708636983,137.9404335109314
1406.7530258184215,282.4990997314453,316.3289337158203,7.2995758056640625,282.80817231669056,316.26005267430423,-0.3166551133813171,1.351516230153459,-0.0028002345627632375,357.1129409292099,0.12258076659255046,12.050016164779663,-2.699998617172241,9.350017547607422,-23.349929809570312,16.35003662109375,10,straight,39.275824757572366,141.39296912726053
1410.1523610189352,283.2496337890625,319.6443786621094,7.2977752685546875,283.5135324184982,319.5839879300321,-0.27072038552508965,1.3458293255452403,-0.0008285655806249959,1206.90506989886,-0.23683389852072745,12.050016164779663,-2.699998617172241,9.350017547607422,-23.499927520751953,16.250038146972656,10,straight,40.28181175603236,145.0145223217165
1413.7738491471177,284.0582275390625,323.1744079589844,7.2821044921875,284.2766284581443,323.1244880433517,-0.22403338910202297,1.3460864396196894,0.0004891007983331697,2044.5683249913893,-0.6481443491397565,12.100016117095947,-2.7499985694885254,9.350017547607422,-23.749923706054688,16.20003890991211,10,straight,41.32660976705394,148.77579516139417
1417.5917809503114,284.90309143066406,326.8975372314453,7.248687744140625,285.07584219928486,326.8586964014014,-0.17706337322435564,1.3496366748071642,0.000926515250637111,1079.313048881125,-1.1249135810682986,12.050016164779663,-2.699998617172241,9.350017547607422,-23.799922943115234,16.250038146972656,10,straight,42.40021298546447,152.6407667476721
1421.6227038764807,285.7799072265625,330.83154296875,7.192718505859375,285.9071998277921,330.80341993651774,-0.13036223099400598,1.3533570480001413,0.0005944362974587281,1682.2660464630028,-1.669336410205502,12.050016403198242,-2.649998664855957,9.400017738342285,-23.749923706054688,16.35003662109375,10,straight,43.504966504831145,156.61787941739212
1425.921681943706,286.7041320800781,335.0291442871094,7.1080780029296875,286.7866619105422,335.01100159103,-0.08450047536820338,1.354406290271065,0.0003064896401688,3262.753023068732,-2.2835539470853705,12.0500168800354,-2.5499987602233887,9.500018119812012,-23.5499267578125,16.550033569335938,10,straight,44.65307660398366,160.7510757743412
1430.4941700247605,287.6835021972656,339.49391174316406,6.9883575439453125,287.72257689482666,339.48539169096847,-0.03999279033654751,1.3561112926645162,0.0010816250137896388,924.5348316200149,-2.973007059730204,12.050017356872559,-2.4499988555908203,9.600018501281738,-23.349929809570312,16.750030517578125,10,straight,45.84268654411059,165.03367155879815
1435.326705401943,288.69451904296875,344.21673583984375,6.826568603515625,288.6918071776788,344.21730206495147,0.002770347310943545,1.3649580937734507,0.0026127442835101045,382.7393313273448,-3.7552118069590357,12.10001802444458,-2.349998950958252,9.750019073486328,-23.299930572509766,17.00002670288086,10,straight,47.06728293094857,169.44221855141487
1440.340648160615,289.6786804199219,349.12867736816406,6.617095947265625,289.6358932651518,349.13684717385405,0.04356014621565621,1.3821266941954018,0.00396273592990351,252.35090545746996,-4.476900439925091,12.050018787384033,-2.1499991416931152,9.900019645690918,-23.449928283691406,17.200023651123047,10,straight,48.30504519004344,173.89816268415638
1445.4225969046554,290.5728454589844,354.1254425048828,6.374176025390625,290.491662578701,354.13902375838296,0.08231105938904304,1.4050391937376046,0.004290227442403455,233.08787550894593,-4.899395729181066,12.050019383430481,-1.9999991655349731,10.050020217895508,-23.04993438720703,17.500019073486328,11,left,47.15362096041847,169.7530354575065
1450.5081291687372,291.35792541503906,359.1435241699219,6.1189422607421875,291.2400899400028,359.1607371395508,0.11908604242508491,1.425745934564,0.004256017950812735,234.9614150027348,-5.11285994904318,12.100019812583923,-1.949999213218689,10.150020599365234,-22.59994125366211,17.850013732910156,11,left,45.86643868945215,165.11917928202774
1455.5231679269962,292.0294647216797,364.1065368652344,5.857879638671875,291.87660742596216,364.12540184963586,0.15401701363988762,1.448001598416377,0.005340317124575056,187.25479717266282,-5.19152039323354,12.05001986026764,-1.8999992609024048,10.150020599365234,-17.592700958251953,18.10000991821289,11,left,44.56070158254721,160.41852569716997
1460.4662559436376,292.5629425048828,369.0140838623047,5.6019439697265625,292.3764964597342,369.0312854161817,0.1872378733252167,1.4787965454626413,0.006947252759822442,143.9417903121691,-5.011702451727418,12.100019574165344,-1.9999991655349731,10.100020408630371,-12.657243728637695,18.25000762939453,11,left,43.23512531802144,155.64645114487718
1465.3367229640137,292.9211730957031,373.86561584472656,5.365814208984375,292.7026730857817,373.87758431151457,0.2188275543274043,1.5160754214224097,0.007827399243545169,127.75635544905234,-4.7943200646701545,12.100018739700317,-2.1999990940093994,9.900019645690918,-12.300028800964355,18.350006103515625,11,left,41.88801482210973,150.79685335959505
1470.1348997854236,293.0911865234375,378.65538024902344,5.1383209228515625,292.84244368188286,378.65944614379157,0.2487760694378275,1.5544520063463525,0.007817710725989552,127.91468436860355,-4.780236517596148,12.100017309188843,-2.4999988079071045,9.600018501281738,-12.400029182434082,18.350006103515625,11,left,41.91396277039909,150.89026597343673
1474.86044436855,293.08238220214844,383.37542724609375,4.910614013671875,292.8054565740602,383.3699548135823,0.27697969421898505,1.5905551348390106,0.00774258762457089,129.1557872495401,-4.796340808818922,12.10001540184021,-2.899998426437378,9.200016975402832,-12.700030326843262,18.150009155273438,11,left,41.11321988101127,148.00759157164057
1479.5140981910724,292.9057312011719,388.0204162597656,4.6884307861328125,292.6029467498767,388.0033635181573,0.30326427409518886,1.6270566328747418,0.0081723972294592,122.36311720082334,-4.537895115526452,12.150012969970703,-3.449997901916504,8.7000150680542,-13.150032043457031,17.550018310546875,11,left,39.75841072511463,143.13027861041266
1484.0981749483537,292.5601806640625,392.5871887207031,4.4910888671875,292.2342340108625,392.55606194916226,0.3274295292712849,1.6660041301105741,0.00833004250739261,120.04740661437638,-4.228383232592769,12.150010585784912,-3.9499974250793457,8.200013160705566,-13.550033569335938,17.050025939941406,11,left,38.37712496023482,138.15764985684538
1488.6440695265699,292.04249572753906,397.0995635986328,4.3023223876953125,291.69624715150326,397.05347659955123,0.3493022872687165,1.7031223222421183,0.007852301286966346,127.3512010625282,-4.202095693394458,12.200010299682617,-4.499999046325684,7.700011253356934,-14.05003547668457,16.700031280517578,11,left,36.95639563409774,133.04302428275187
1493.1719615985116,291.36944580078125,401.57301330566406,4.1098175048828125,291.0057576700579,401.51190492658526,0.3687862394703352,1.7372654807405337,0.008074486544998316,123.84688418602208,-4.317676091988931,12.200010299682617,-5.150001525878906,7.050008773803711,-14.750038146972656,17.100025177001953,11,left,35.48479233872112,127.74525241939604
1497.680122619377,290.54014587402344,405.9998321533203,3.912200927734375,290.1623525800999,405.92117603706714,0.38589449018822564,1.7760627901575108,0.009813798647197475,101.8973422982924,-4.3099495203465565,12.200010299682617,-5.9000043869018555,6.300005912780762,-15.400040626525879,16.600032806396484,11,left,33.95630050884382,122.24268183183774
1502.1204091581492,289.5340576171875,410.32054138183594,3.7240447998046875,289.14617070424634,410.2197915566547,0.40075776287562814,1.8249210224062966,0.012404256740528002,80.61748647403712,-4.006339651201795,12.150010108947754,-6.550006866455078,5.600003242492676,-15.900042533874512,16.900028228759766,11,left,32.38036809515999,116.56932514257596
1506.4954075823512,288.3113708496094,414.51795959472656,3.5587310791015625,287.91804221194917,414.390040786203,0.41360686500312505,1.885228273781522,0.014525904753690783,68.84252767428598,-3.565708395970751,12.150010108947754,-7.050008773803711,5.100001335144043,-16.20003890991211,17.500019073486328,11,left,30.748711762912013,110.69536234648325
1510.8120507712754,286.84288024902344,418.5745544433594,3.41387939453125,286.4484900869211,418.41689612426467,0.42473491208384334,1.9510890302837682,0.015659886815691276,63.8574219449655,-3.1817987936267276,12.10000991821289,-7.350009918212891,4.75,-16.400035858154297,18.45000457763672,11,left,29.61448687707008,106.6121527574523
1515.072028025932,285.1299591064453,422.4728698730469,3.28564453125,284.73851390880964,422.2844096673417,0.43444975760892224,2.019491864127643,0.01657688083762801,60.324979698840025,-2.8853370615266605,12.050009727478027,-7.550010681152344,4.499999046325684,-16.550033569335938,19.799983978271484,11,left,28.783732752787103,103.62143791003358
1519.2806949936773,283.1698303222656,426.1954040527344,3.169403076171875,282.7855012962825,425.9750336788821,0.4430258478745015,2.0914197163174877,0.017146003261522297,58.3226297550124,-2.6504032450951067,12.70001220703125,-7.600010871887207,5.100001335144043,-16.600032806396484,21.599956512451172,11,left,28.301996343992066,101.88718683837143
1523.4349284141304,280.9763488769531,429.7217559814453,3.063873291015625,280.60239273285066,429.4702435140433,0.4506680807097626,2.1628761685313718,0.01745557722254193,57.288280258564676,-2.4483732057204555,12.70001220703125,-7.5000104904174805,5.2000017166137695,-16.550033569335938,23.949920654296875,11,left,28.049906257795715,100.97966252806458
1527.532267854901,278.56903076171875,433.0359191894531,2.9672698974609375,278.2089197286036,432.75375365828626,0.4574902656341174,2.2354269000845806,0.017801700156524214,56.17440981520555,-2.2880398166096216,12.750012397766113,-7.300009727478027,5.450002670288086,-16.400035858154297,26.699878692626953,11,left,27.77587702309385,99.99315728313786
1531.5708085831243,275.96522521972656,436.12168884277344,2.8776397705078125,275.6219706475983,435.81021165062134,0.46351023992777063,2.3076975867750207,0.01795969042567591,55.6802470587332,-2.1374982084857717,12.750012397766113,-7.000008583068848,5.750003814697266,-16.150039672851562,29.79983139038086,11,left,27.653435828204817,99.55236898153734
1535.543971243316,273.1920623779297,438.9657897949219,2.7959136962890625,272.8684153125911,438.6268258937218,0.4686618708825177,2.3793062546460337,0.018212683598016977,54.90679034850643,-1.9566550011953399,12.750012397766113,-6.650007247924805,6.100005149841309,-15.850042343139648,33.049781799316406,11,left,27.460696616189242,98.85850781828127
1539.4462329574296,270.2751770019531,441.5569610595703,2.7234039306640625,269.9740310297652,441.19244759294503,0.47282022367513477,2.451103554239983,0.018310120620442905,54.61460471666794,-1.7600626517204732,12.750012397766113,-6.250005722045898,6.500006675720215,-15.500041007995605,36.64972686767578,11,left,27.387533316797946,98.5951199404726
1543.2741187425577,267.24070739746094,443.8894805908203,2.6597137451171875,266.96394583208,443.50241054909975,0.4758362967131293,2.520859267130829,0.018107686815076907,55.225165434569774,-1.872468846933123,12.800012588500977,-5.800004005432129,7.000008583068848,-15.1000394821167,40.19967269897461,11,left,27.540196478572575,99.14470732286128
1547.0220751971217,264.1208953857422,445.96502685546875,2.581878662109375,263.86993462738184,445.5587053909719,0.4775755801416849,2.588302780439995,0.01787207493977261,55.95321211274662,-2.295480147363882,12.900012969970703,-5.300002098083496,7.600010871887207,-14.700037956237793,43.299625396728516,11,left,27.657549769225895,99.56717916921322
1550.6880405634074,260.94102478027344,447.7869110107422,2.4898834228515625,260.71684265142875,447.364796195427,0.477952449728974,2.653381328867879,0.017829059379410594,56.08820850946421,-2.458242522889437,12.25001049041748,-4.649999618530273,7.600010871887207,-14.150035858154297,45.1995964050293,11,left,26.05050039161199,93.78180140980317
1554.2633842754985,257.7335662841797,449.3642120361328,2.403778076171875,257.53725612340435,448.92952932296566,0.47695570061589504,2.717394732284338,0.021174662909330233,47.22625357872252,-2.2236111722921392,12.750012397766113,-4.649999618530273,8.10001277923584,-13.550033569335938,46.349578857421875,11,left,24.381359238071674,87.77289325705803
1557.737421908943,254.51295471191406,450.66481018066406,2.332763671875,254.35484364038678,450.2172619362944,0.47465623558307307,2.801996339972418,0.026789793015499164,37.32764935591151,-2.07449315776872,12.70001220703125,-4.149997711181641,8.55001449584961,-13.000031471252441,47.149566650390625,11,left,22.641950804956906,81.51102289784487
1561.1305467540033,251.26341247558594,451.63880920410156,2.2613677978515625,251.1511250952059,451.1811876104545,0.47119632719777327,2.9009747753470942,0.03125336285411762,31.996556807910046,-2.304532500647766,12.80001449584961,-3.6499977111816406,9.150016784667969,-12.550029754638672,47.74955749511719,11,left,20.962841200558586,75.4662283220109
1564.4913513908034,247.9612274169922,452.2580871582031,2.17724609375,247.9013452854355,451.79518270928014,0.46676160779616055,3.012945339344048,0.03400745527157789,29.40531692283842,-2.3253430733266747,12.85001802444458,-2.949998378753662,9.900019645690918,-12.150028228759766,48.54954528808594,11,left,20.096084758436476,72.34590513037132
1567.855015959206,244.60655212402344,452.49298095703125,2.105010986328125,244.6010452251668,452.0314731022213,0.4615407089155745,3.129660814380768,0.03414157549033703,29.28980240771333,-1.7815028351909623,12.750020980834961,-2.2499990463256836,10.500021934509277,-11.700026512145996,49.19953536987305,11,left,20.0565736422634,72.20366511214823
1571.2196552746482,241.2456512451172,452.34173583984375,2.0573883056640625,241.29162693605494,451.8883803922673,0.45568072814681376,-3.0405261595300126,0.0330801364527199,30.229621375028472,-0.9656697748375076,12.700023293495178,-1.699999451637268,11.00002384185791,-11.200024604797363,49.09953689575195,11,left,20.375809676296083,73.3529148346659
1574.59129752613,237.91534423828125,451.81568908691406,2.0400238037109375,238.00938835105006,451.376398200194,0.44924467531821355,-2.9306944449672967,0.03124400974315178,32.00613519905796,0.08321667865056614,12.650024771690369,-1.3499997854232788,11.30002498626709,-10.900023460388184,47.549560546875,11,left,20.965978651707676,75.47752314614763
1577.9679946882943,234.65419006347656,450.9402313232422,2.0630645751953125,234.78987932224493,450.51938734282254,0.4421778271245343,-2.8296944447056607,0.033371021554724045,29.96611890829092,0.8750571046360067,12.650024771690369,-1.3499997854232788,11.30002498626709,-11.00002384185791,45.74958801269531,11,left,20.28681042171163,73.03251751816187
1580.8735163326542,231.98471069335938,449.7934875488281,2.0933074951171875,232.16080803018303,449.3965037345437,0.4342884074439358,-2.7240835568649464,0.036348339736420245,27.511572942574368,1.0408774610432532,12.700024247169495,-1.4999996423721313,11.200024604797363,-11.30002498626709,42.84522247314453,11,left,19.438208322613388,69.9775499614082
