s_m,x_center_m,y_center_m,z_center_m,x_line_m,y_line_m,offset_m,heading_rad,curvature_1_per_m,radius_m,slope_pct,width_m,drive_left_m,drive_right_m,limit_left_m,limit_right_m,segment_id,segment_kind,v_target_ms,v_target_kmh
0.0,-29.615890502929688,-753.615478515625,6.885467529296875,-31.20997778622058,-754.2492873329165,-1.7154672493598613,-1.1923607811230246,-0.010881930761360398,91.89545696714079,2.5765080572091343,11.550007820129395,-4.049997329711914,7.5000104904174805,-12.600029945373535,20.99996566772461,0,right,35.52593708808695,127.89337351711302
6.966371994838999,-27.322265625,-760.1909942626953,7.0649566650390625,-28.96612240989375,-760.7042359967309,-1.722115619462577,-1.2681683588287427,-0.010323589706997108,96.86553111678019,3.0922052338136163,11.500009775161743,-3.5999977588653564,7.900012016296387,-11.950027465820312,20.84996795654297,0,right,36.473979826142624,131.30632737411347
12.530218966919255,-25.81317138671875,-765.542724609375,7.259918212890625,-27.48139663477864,-765.9645548457964,-1.7207313057603912,-1.3231261379570927,-0.009104159208672497,109.83990691281122,3.817629829985425,11.500009775161743,-3.5999977588653564,7.900012016296387,-11.75002670288086,20.599971771240234,0,right,38.22756096677522,137.6192194803908
18.165195091738305,-24.566787719726562,-771.0331878662109,7.4929351806640625,-26.24162895541599,-771.3740602176881,-1.7091773239682464,-1.3700134872214842,-0.007262206273830368,137.69920080672142,4.355447605813156,11.600008487701416,-3.9499974250793457,7.65001106262207,-11.800026893615723,20.149978637695312,0,right,39.92513362972323,143.7304810670036
23.892115331281108,-23.52996826171875,-776.6593627929688,7.75518798828125,-25.191826154253352,-776.9366898148608,-1.6848388445341085,-1.405442327230814,-0.005250822275245301,190.44636203256056,4.705901726614503,11.650008201599121,-4.499999046325684,7.1500091552734375,-12.250028610229492,19.599987030029297,0,right,41.57945292414334,149.68603052691603
29.7256530506671,-22.648025512695312,-782.4189453125,8.0372314453125,-24.276936093961353,-782.6489634332304,-1.6450708245011292,-1.430514049230631,-0.0035194160571416916,284.1380455632046,4.853434662331635,11.700008392333984,-5.250001907348633,6.450006484985352,-13.050031661987305,18.949996948242188,0,right,43.199487468444296,155.51815488639946
35.664324255262024,-21.870574951171875,-788.2993927001953,8.326583862304688,-23.44606176470517,-788.4959011138922,-1.5876946357127135,-1.4467084725794497,-0.0019386662821433143,515.8185342215984,4.753692731797243,11.750008583068848,-6.150005340576172,5.600003242492676,-13.650033950805664,18.300006866455078,0,right,44.788567652663986,161.23884354959034
41.63596266702182,-21.15704345703125,-794.2217864990234,8.60333251953125,-22.658111848773558,-794.3985890487384,-1.5114448247533037,-1.4535520460064406,-0.00037853086032041405,2641.7925321954795,4.455454214732635,11.949005603790283,-7.14900541305542,4.800000190734863,-13.90003490447998,17.500019073486328,0,right,46.33154483873521,166.79356141944677
47.62231548725452,-20.454986572265625,-800.1613159179688,8.85931396484375,-21.86113432053368,-800.3302748479955,-1.41626219676834,-1.4512123273791873,0.0011076053563396915,902.8486493643409,4.002239065417834,12.098002910614014,-8.148005485534668,3.9499974250793457,-13.90003490447998,16.700031280517578,0,right,46.98476834904914,169.1451660565769
53.59484640762315,-19.716156005859375,-806.0837860107422,9.08203125,-21.00843756339606,-806.2533535077531,-1.3033590295816335,-1.4403261135054304,0.0030399259408979973,328.9553822829641,3.3481940924040887,12.297003269195557,-9.147005081176758,3.149998188018799,-13.90003490447998,15.900042533874512,0,right,45.46373487544386,163.6694455515979
59.495109202655584,-18.883148193359375,-811.9223175048828,9.25738525390625,-20.044002181512557,-812.1043012986366,-1.1750319497784607,-1.4152947806760794,0.004885398338940625,204.69159946061743,2.4964387377920727,12.600019216537476,-10.100020408630371,2.4999988079071045,-14.000035285949707,15.200039863586426,1,left,43.90939992277743,158.07383972199875
65.20527024356059,-17.913284301757812,-817.5483093261719,9.3736572265625,-18.92956015237891,-817.7405482146519,-1.034298020301524,-1.3838450964156372,0.0060272007396238725,165.91450047877532,1.4758237579438505,12.700022101402283,-10.750022888183594,1.949999213218689,-14.20003604888916,14.750038146972656,1,left,42.350860322209975,152.4630971599559
70.69393823232959,-16.7960205078125,-822.9218139648438,9.425094604492188,-17.658618377844068,-823.1172211760851,-0.8844541048511775,-1.348022871264375,0.007222773638015462,138.4509677468947,0.5032635619367842,12.700023770332336,-11.100024223327637,1.5999995470046997,-14.65003776550293,14.450037002563477,1,left,40.796693136867866,146.86809529272432
75.98369718449067,-15.5291748046875,-828.0576324462891,9.429595947265625,-16.23250775246128,-828.2481494394873,-0.7286796004564893,-1.3062668987764625,0.00891917748719652,112.11796171065103,0.09658274348682827,12.750024676322937,-11.30002498626709,1.4499996900558472,-15.000039100646973,14.250036239624023,1,left,39.2406432940909,141.26631585872724
81.13724576821387,-14.051986694335938,-832.9949340820312,9.435150146484375,-14.59361806341075,-833.1718099391626,-0.5697803162639044,-1.2551529120968519,0.008336665273321345,119.95203924045734,0.12754130833156907,12.90002453327179,-11.30002498626709,1.5999995470046997,-14.850038528442383,13.90003490447998,1,left,40.588438094221374,146.11837713919695
86.22197369305525,-12.3831787109375,-837.7980041503906,9.442626953125,-12.768416927001617,-837.9386701871299,-0.4101163456974079,-1.2206975818867554,0.005556545110179972,179.96794413995332,0.14841469566366783,13.1000235080719,-11.100024223327637,1.9999992847442627,-14.50003719329834,13.650033950805664,1,left,39.10481887904903,140.7773479645765
91.26498002225868,-10.601272583007812,-842.5157012939453,9.450180053710938,-10.835754608154712,-842.6071935665187,-0.2516995352749932,-1.1987763422702253,0.005455165206752183,183.31250513957679,0.13660411048939114,13.250021696090698,-10.750022888183594,2.4999988079071045,-14.000035285949707,13.650033950805664,1,left,37.5560157437988,135.2016566776757
96.2672169356343,-8.715164184570312,-847.1487274169922,9.45635986328125,-8.803773962385549,-847.1866941647165,-0.09640107186765179,-1.1659891251235728,0.008466666762209155,118.11023488765208,0.08405046927895121,13.049013614654541,-9.899015426635742,3.149998188018799,-13.400032997131348,14.05003547668457,1,left,35.95388230302742,129.43397629089873
101.2463311949348,-6.6426239013671875,-851.6759948730469,9.458587646484375,-6.594316745879508,-851.6522749317483,0.05381651128159666,-1.1143557919064169,0.011589785515940906,86.28287371017977,-0.011880421000998176,12.200013875961304,-8.900015830993652,3.2999980449676514,-12.700030326843262,14.850038528442383,1,left,34.28488568653798,123.42558847153674
106.23112164371614,-4.306915283203125,-856.0796966552734,9.455169677734375,-4.136221062696633,-855.9818955220368,0.19672716786627517,-1.050495751108874,0.012979974091878108,77.04175624092538,-0.13048864322823261,12.350010871887207,-8.10001277923584,4.249998092651367,-11.90002727508545,15.350040435791016,1,left,32.52831812763871,117.10194525949937
111.24246177633226,-1.6723785400390625,-860.3426361083984,9.445510864257812,-1.3976367430306027,-860.1601897911717,0.3298025374266456,-0.9845972784582023,0.01311314810402664,76.25933849499734,-0.2569800237375852,12.449007511138916,-7.200009346008301,5.248998165130615,-11.100024223327637,15.700041770935059,1,left,32.362721685456144,116.50579806764212
116.2895292581116,1.2541961669921875,-864.4545440673828,9.429275512695312,1.6121037072498619,-864.1812193014471,0.45033791206953244,-0.9186009956958678,0.013139285390316613,76.10763982164356,-0.4775392491537689,12.548004150390625,-6.300005912780762,6.247998237609863,-10.250020980834961,16.05004119873047,1,left,32.33051693540412,116.38986096745484
121.3654444199189,4.4697113037109375,-868.3819274902344,9.397079467773438,4.887801408855313,-868.0158169649376,0.5557303777487359,-0.8515848682912163,0.012927328717028161,77.35550181243384,-0.6538044819064392,12.647000789642334,-5.400002479553223,7.246998310089111,-9.400017738342285,16.400035858154297,1,left,32.59448514537339,117.3401465233442
126.47256429081753,7.955535888671875,-872.1142883300781,9.362686157226562,8.411522701854437,-871.6597407396417,0.6438458555958055,-0.7869787972997937,0.012738896768626745,78.49973338843535,-0.6563559382537609,12.745996475219727,-4.499999046325684,8.245997428894043,-8.600014686584473,16.900028228759766,1,left,32.83466671609095,118.20480017792742
131.61243137667515,11.70269775390625,-875.6322326660156,9.329833984375,12.17364668831275,-875.0964035074251,0.713376328465225,-0.7210437312748854,0.012676361026456015,78.88699271920107,-0.6235788065617087,12.750013589859009,-3.799997568130493,8.950016021728516,-7.900012016296387,17.350021362304688,1,left,32.91555799322727,118.49600877561817
136.79092994682262,15.70166015625,-878.9222412109375,9.298355102539062,16.167830144787253,-878.3168413265082,0.7640834236389065,-0.656191241988936,0.012376902864210441,80.79565711803725,-0.5973288024368917,12.700016498565674,-3.149998188018799,9.550018310546875,-7.250009536743164,17.65001678466797,1,left,33.311372755548874,119.92094191997595
142.02132322206356,19.945648193359375,-881.9791412353516,9.267669677734375,20.39046503023944,-881.3179876791784,0.796860115209923,-0.5922291706344085,0.011645282315882875,85.8716837320561,-0.5572948177145598,12.700019121170044,-2.599998712539673,10.100020408630371,-6.650007247924805,17.900012969970703,1,left,34.34183606588411,123.6306098371828
147.31119638543382,24.420623779296875,-884.7998809814453,9.239761352539062,24.83454409564999,-884.0994666577714,0.813578670503056,-0.5337495936943879,0.010761509309900087,92.92376851637778,-0.46359139153451245,12.700021505355835,-2.099999189376831,10.600022315979004,-6.100005149841309,18.150009155273438,1,left,35.72415200958495,128.6069472345058
152.65879130275164,29.098358154296875,-887.3912353515625,9.218429565429688,29.47392768853432,-886.6659212030955,0.8167821551758312,-0.4777880259377464,0.01069260503230001,93.52257910763744,-0.336652149344685,12.700023293495178,-1.699999451637268,11.00002384185791,-5.650003433227539,18.400005340576172,1,left,35.839072274045996,129.02066018656558
158.00162519159187,33.9117431640625,-889.7100677490234,9.203765869140625,34.241332566446395,-888.9709204600512,0.8093008643013453,-0.4194432289505895,0.011292201632317839,88.55669005573183,-0.1858172166919303,12.650024771690369,-1.3499997854232788,11.30002498626709,-5.350002288818359,18.89999771118164,1,left,34.874597936398075,125.54855257103307
163.29999224425677,38.81428527832031,-891.719482421875,9.198577880859375,39.09221113560299,-890.975831932161,0.7938884260387241,-0.357658385388037,0.012134928797473635,82.40674640037356,-0.039051123125910525,12.650025963783264,-1.100000023841858,11.550025939941406,-5.150001525878906,19.599987030029297,1,left,33.64185272934192,121.11066982563092
168.5632260610976,43.80262756347656,-893.398193359375,9.199600219726562,44.02462695666992,-892.6578062612857,0.7729532881068832,-0.29131213756920704,0.012654340074310776,79.02427105069447,0.08370961344703609,12.650026619434357,-0.9500001072883606,11.700026512145996,-5.05000114440918,20.249977111816406,1,left,32.944185201796046,118.59906672646576
173.78697039063613,48.85301208496094,-894.7327575683594,9.207305908203125,49.019956935133436,-894.003197633272,0.7484171843857828,-0.22495643215913957,0.01271959053243948,78.6188830096098,0.23501357694476477,12.65002703666687,-0.8500001430511475,11.800026893615723,-5.000000953674316,20.899967193603516,1,left,32.85957606625473,118.29447383851704
178.9581040227606,53.92901611328125,-895.7199401855469,9.22393798828125,54.04335046578773,-895.0073606182435,0.7216938297514326,-0.1590953135895265,0.012575137875768064,79.52199092202176,0.4345912880329261,12.650026857852936,-0.9000001549720764,11.75002670288086,-5.100001335144043,20.99996566772461,1,left,33.047768810058066,118.97196771620904
184.09542555041898,59.024810791015625,-896.3712158203125,9.252029418945312,59.090836174865146,-895.6806100229568,0.6937547972113289,-0.09531532428691192,0.012385680206710459,80.73839977381365,0.5937207545553713,12.70002543926239,-1.2499998807907104,11.45002555847168,-5.400002479553223,20.64997100830078,1,left,33.299567301896836,119.87844228682862
189.23081137634736,64.14958190917969,-896.6995849609375,9.284927368164062,64.17077340779768,-896.0346809754433,0.6652416023820339,-0.03186073185612028,0.012493440927446661,80.04200010287913,0.6275178451415564,12.650023102760315,-1.699999451637268,10.950023651123047,-5.9000043869018555,20.149978637695312,1,left,33.155645513440724,119.36032384838661
194.37417588919456,69.2928466796875,-896.6943511962891,9.3165283203125,69.27177700547229,-896.058111215716,0.6365887558315297,0.03310382528933776,0.012324396061433242,81.13987858028209,0.5683851798582551,12.700020790100098,-2.2499990463256836,10.450021743774414,-6.750007629394531,19.54998779296875,1,left,33.38225714989318,120.17612573961544
199.5310783157165,74.43910217285156,-896.3642425537109,9.343460083007812,74.38137057768392,-895.7588550575437,0.6081339964154717,0.09507553170969485,0.012059059426943745,82.92520706595776,0.4725908215317487,12.650018692016602,-2.649998664855957,10.000020027160645,-6.8000078201293945,19.099994659423828,1,left,33.74751537289618,121.49105534242625
204.71922857911704,79.5858154296875,-895.710205078125,9.365386962890625,79.49460570367069,-895.137216626017,0.5802025339217758,0.15785805224014499,0.01174832117710036,85.11854459249753,0.42908385432717244,14.049017906188965,-3.0499982833862305,10.999019622802734,-7.200009346008301,18.650001525878906,1,left,34.190906560566084,123.08726361803791
209.94582924111882,84.7203369140625,-894.7337188720703,9.388153076171875,84.60102294744728,-894.1935808429811,0.5531590305670617,0.21740413815233894,0.010827264686420781,92.3594304713146,0.4139669626903375,14.300020456314087,-3.5999977588653564,10.70002269744873,-7.750011444091797,17.700016021728516,1,left,35.61550811224002,128.21582920406408
215.2262711919189,89.84286499023438,-893.4521789550781,9.408859252929688,89.70139170690375,-892.9440821639913,0.5274249131479397,0.2715593619804643,0.009453280826376545,105.78338022179558,0.35074904765360904,14.600019454956055,-4.2999982833862305,10.300021171569824,-8.500014305114746,16.400035858154297,1,left,37.32006355008887,134.35222878031993
220.5889156265072,94.97323608398438,-891.8910980224609,9.4254150390625,94.81587552929817,-891.4128592908914,0.5034626386776997,0.3178832553998363,0.007769558186466054,128.70744719331913,0.2616242127771562,14.950020790100098,-5.150001525878906,9.800019264221191,-9.350017547607422,15.000039100646973,1,left,38.97493096787496,140.30975148434987
226.06214153877852,100.1378173828125,-890.0791473388672,9.437103271484375,99.9701216595013,-889.6275471987988,0.48173077764104477,0.35555518258748753,0.006199175300513112,161.31177963578946,0.09191310997308522,15.199018001556396,-6.149001598358154,9.050016403198242,-10.250020980834961,13.800034523010254,1,left,40.594419257197586,146.1399093259113
231.6578858162759,105.35183715820312,-888.0478057861328,9.435287475585938,105.17752502823765,-887.6192824537176,0.4626196764917334,0.3863323173733737,0.005035939823299123,198.57266668942924,-0.13547539645887285,15.298014640808105,-7.148001670837402,8.150012969970703,-11.1500244140625,12.900031089782715,1,left,42.18593460027326,151.86936456098374
237.38389893977134,110.626220703125,-885.8189239501953,9.421493530273438,110.44728257676253,-885.4099649415838,0.44639256690790285,0.41244853355584465,0.004189069351896162,238.7165062204938,-0.30054185132615263,15.547011375427246,-8.147001266479492,7.400010108947754,-11.950027465820312,12.300028800964355,1,left,43.75461496891624,157.51661388809848
243.24168187417203,115.9659423828125,-883.4104919433594,9.400314331054688,115.78350757804576,-883.0176462496338,0.43313992781665567,0.4347585021683195,0.0037111252197713565,269.4600534286499,-0.4162890250582585,15.700023651123047,-8.900015830993652,6.8000078201293945,-12.650030136108398,11.90002727508545,1,left,45.30322253974477,163.0916011430812
249.2290977458666,121.36878967285156,-880.8302612304688,9.372039794921875,121.1824760565848,-880.4507656597888,0.42276429812857536,0.4563819973207245,0.003907330418580324,255.92921326662122,-0.5205641160443752,15.650023460388184,-9.350017547607422,6.300005912780762,-13.200032234191895,11.700026512145996,1,left,46.833211418488226,168.59956110655762
255.34165566282064,126.82249450683594,-878.0699615478516,9.337203979492188,126.63007935164735,-877.702264537734,0.4149996183078779,0.48211191564937905,0.004910544246020991,203.64341504718118,-0.6117143503695632,15.650023460388184,-9.650018692016602,6.000004768371582,-13.650033950805664,11.550025939941406,2,left,48.2056909270864,173.54048733751105
261.57046439912835,132.29164123535156,-875.0892181396484,9.29644775390625,132.08920298414114,-874.7333033333081,0.40945890505087823,0.5171494025392525,0.0060532277173927715,165.20112024312164,-0.7277466388224907,15.60002326965332,-9.800019264221191,5.800004005432129,-13.800034523010254,11.45002555847168,2,left,46.659806738456936,167.97530425844496
267.8681461355297,137.70208740234375,-871.8665924072266,9.245941162109375,137.48727616107192,-871.522433306581,0.4056961374402208,0.5579969180143984,0.006769302228132407,147.72571327132067,-0.8873513353783613,15.443002700805664,-9.542998313903809,5.9000043869018555,-13.6000337600708,11.550025939941406,2,left,45.042923373914334,162.1545241460916
274.1865322487667,142.98590087890625,-868.4025573730469,9.184463500976562,142.75734668266222,-868.0703112105492,0.403267322151376,0.602563124269155,0.007163344734570108,139.59959167873453,-1.075101031421133,14.84400463104248,-8.543998718261719,6.300005912780762,-13.500033378601074,11.950027465820312,2,left,43.78653665358497,157.63153195290587
280.5423592470581,148.13807678222656,-864.6815338134766,9.109603881835938,147.8953128687821,-864.3613934663107,0.4017762555880517,0.6487949318125683,0.007210404122963303,138.68848166432923,-1.3009407116063132,14.495007514953613,-7.544999122619629,6.950008392333984,-12.350028991699219,12.750030517578125,2,left,43.64341424748868,157.11629129095925
286.96149155377094,153.16146850585938,-860.6862335205078,9.018112182617188,152.90484080671445,-860.3782360606009,0.40089925327632336,0.694667661070308,0.007227963909964205,138.35154857669346,-1.6176090837705548,14.495007514953613,-6.545999050140381,7.949008464813232,-11.250024795532227,13.800034523010254,2,left,43.59036783685483,156.9253242126774
293.44149477012144,158.0415496826172,-856.4246063232422,8.900711059570312,157.77096989912098,-856.1294829764656,0.4003888223332966,0.74203941291469,0.007292627525219399,137.12478753944245,-2.0058650129098243,14.495007514953613,-5.546998977661133,8.94800853729248,-10.000020027160645,15.1000394821167,2,left,43.39667996594558,156.2280478774041
299.98024766346657,162.7524871826172,-851.8923187255859,8.756744384765625,162.46841333322863,-851.610625825123,0.40006104793859015,0.7896064963730991,0.007498921959141973,133.35250125931702,-2.2891641606101465,14.495007038116455,-4.547998905181885,9.94700813293457,-8.650014877319336,16.000041961669922,2,left,42.795598515448525,154.0641546556147
306.5646774036844,167.26974487304688,-847.1043548583984,8.6002197265625,166.9719312125037,-846.8376609612152,0.3997731997031776,0.8404696957465201,0.007704665606129882,129.79148623976536,-2.423047282446289,14.399022102355957,-3.5489988327026367,10.85002326965332,-7.550010681152344,16.550033569335938,2,left,42.22033007944085,151.99318828598706
313.1917392939717,171.56146240234375,-842.0573425292969,8.43658447265625,171.25075141354188,-841.8063900099161,0.3993976534054979,0.8913949018851457,0.007832602254414775,127.67148994912375,-2.4503888329914125,14.000024318695068,-2.5499987602233887,11.45002555847168,-6.750007629394531,16.900028228759766,2,left,41.87409990628176,150.74675966261432
319.85825147396815,175.6094512939453,-836.7630157470703,8.274490356445312,175.28631988059186,-836.5292954686488,0.3987970396595392,0.9446046994982535,0.008080395131234638,123.75632425876255,-2.414679390663288,13.700024843215942,-2.1999990940093994,11.500025749206543,-6.350006103515625,17.100025177001953,2,left,41.227046430345275,148.417367149243
326.5591764380763,179.3865966796875,-831.2304077148438,8.113815307617188,179.05198124350824,-831.015277476337,0.39780461240338727,0.9994158893148389,0.008019309494936913,124.69901562364714,-2.4055694260726956,13.350023984909058,-2.099999189376831,11.250024795532227,-6.250005722045898,17.100025177001953,2,left,41.38376832255818,148.98156596120947
333.2921148343763,182.87469482421875,-825.4737396240234,7.951324462890625,182.530552726405,-825.2773947996085,0.3962134192101544,1.0523247171728658,0.007943616901222528,125.8872390794802,-2.41834735653067,12.692996263504028,-2.1999990940093994,10.492997169494629,-6.400006294250488,16.950027465820312,2,left,41.580468269580386,149.6896857704894
340.05464421466763,186.06784057617188,-819.5148162841797,7.787445068359375,185.7157278794721,-819.3385288290265,0.3937773711395725,1.1066237810313795,0.008042822105936903,124.33446703512668,-2.4239206532370106,11.893996477127075,-2.399998903274536,9.493997573852539,-6.550006866455078,16.65003204345703,2,left,41.32323281473062,148.76363813303024
346.8460508303047,188.93783569335938,-813.3618316650391,7.6227874755859375,188.5798673703463,-813.2064776786017,0.39022580819669694,1.1613373899756327,0.007933142732225187,126.05344864626021,-2.467387909889518,11.394996404647827,-2.899998426437378,8.49499797821045,-7.100008964538574,16.150039672851562,2,left,41.60790866779701,149.78847120406925
353.6597002431936,191.4828338623047,-807.0436401367188,7.4517364501953125,191.1217348946308,-806.9092664139542,0.38529049018208017,1.2145491446906689,0.008027746442245035,124.56796028554443,-2.5545221342499147,11.394996404647827,-3.898998498916626,7.495997905731201,-8.300013542175293,15.500041007995605,2,left,41.36201598763855,148.90325755549878
360.4918875881879,193.6847686767578,-800.5784454345703,7.2741851806640625,193.3229330352377,-800.4665540107461,0.37874096979290994,1.2708908070938831,0.007925709500444494,126.17166954503158,-2.7257721936053803,11.394996166229248,-4.897998332977295,6.496997833251953,-9.850019454956055,14.550037384033203,2,left,41.627415359729746,149.85869529502708
367.3427527855744,195.534423828125,-793.9848937988281,7.0787200927734375,195.17532124580302,-793.8940366084752,0.370418268541323,1.3229850443243234,0.007267844077174124,137.59238494681892,-3.0571917036350813,11.394996166229248,-5.896998405456543,5.497997760772705,-11.550025939941406,13.300032615661621,2,left,43.47060863226568,156.49419107615645
374.2287218262386,197.06495666503906,-787.2749328613281,6.8540802001953125,196.71188467724542,-787.2033278029193,0.36025978536924025,1.3707043126017449,0.0073084558021606905,136.82780974119834,-3.3254283502827664,11.394996166229248,-6.895998477935791,4.498997688293457,-13.000031471252441,11.650026321411133,2,left,43.3496613479923,156.0587808527723
381.1699801705334,198.26065063476562,-780.4414825439453,6.61883544921875,197.91608492099567,-780.3905642133137,0.3483076334221109,1.4240827496741026,0.007312489576774522,136.7523316786855,-3.4111773493798294,11.394996404647827,-7.894998550415039,3.499997854232788,-14.100035667419434,10.350021362304688,2,left,43.337703253345886,156.01573171204518
388.17038755198575,199.11669921875,-773.4977722167969,6.37847900390625,198.7836132153944,-773.4649614642598,0.3346981193754228,1.4726077461257472,0.006909113242738338,144.7363742447016,-3.4177305386940136,11.493996858596802,-8.893998146057129,2.599998712539673,-14.900038719177246,9.450017929077148,2,left,44.584855768262074,160.50548076574347
395.2353972106744,199.63169860839844,-766.4556579589844,6.1381378173828125,199.31245505142505,-766.4398306569511,0.3196356553306931,1.521259371978632,0.006328591672064329,158.01303857447468,-3.3561616363699254,11.99299693107605,-9.892997741699219,2.099999189376831,-16.400035858154297,8.900015830993652,2,left,46.41279943378656,167.08607796163162
402.37384508040327,199.83824157714844,-759.3241119384766,5.90185546875,199.5348930706979,-759.3215688979284,0.303359165711194,1.5624132923545664,0.004966761785407128,201.3384259615804,-3.2634619232940363,12.791996598243713,-10.891997337341309,1.8999992609024048,-15.550041198730469,8.650014877319336,2,left,48.189371939524115,173.48173898228683
409.61261336555623,199.77610778808594,-752.08935546875,5.669036865234375,199.4900664995502,-752.0955663856698,0.28610871052129505,1.592506273428038,0.0023735357088204706,421.3123890590002,-3.20657933858689,13.840996146202087,-11.890996932983398,1.949999213218689,-15.500041007995605,8.750015258789062,3,straight,49.92639711046087,179.73502959765912
416.9653211111135,199.5880126953125,-744.7428131103516,5.433990478515625,199.3200014347525,-744.7497402501606,0.2681007666025761,1.5966370242317949,-0.00025387233731777314,3938.9876445982986,-3.2047722355534436,14.000026226043701,-11.850027084350586,2.1499991416931152,-15.350040435791016,8.900015830993652,3,straight,51.63097209614434,185.87149954611962
424.4300744622,199.42445373535156,-737.2837066650391,5.19415283203125,199.17497751947772,-737.2881388331053,0.2495155834822754,1.5885603522553051,-0.00045752522104967885,2185.6718580578936,-3.214300887937982,14.000025510787964,-11.700026512145996,2.2999989986419678,-15.250040054321289,9.100016593933105,3,straight,53.30579173495894,191.90085024585218
432.0046932480154,199.2950439453125,-729.714111328125,4.9505767822265625,199.064589367669,-729.7185130907801,0.23049661140963204,1.5898943526564917,0.0009666424423341868,1034.5086830506464,-3.204420123507268,14.05002498626709,-11.60002613067627,2.4499988555908203,-15.200039863586426,9.200016975402832,3,straight,54.95310962251412,197.83119464105084
439.6847525497728,199.10162353515625,-722.0404052734375,4.705352783203125,198.89057656136714,-722.047304261578,0.21115970539595053,1.6034740391846731,0.0020669544056089867,483.803608481325,-3.1669905954103292,14.00002408027649,-11.400025367736816,2.599998712539673,-15.1000394821167,9.400017738342285,3,straight,56.574407406393824,203.66786666301778
447.46611590754105,198.77711486816406,-714.2696533203125,4.460968017578125,198.58575632399416,-714.2794435266634,0.19160882173642077,1.6219133427779202,0.0022391013035013146,446.6077521531901,-3.1108465518266017,14.000022411346436,-11.050024032592773,2.949998378753662,-21.150938034057617,9.750019073486328,3,straight,58.171023648204134,209.41568513353488
455.3459523222573,198.307373046875,-706.4075775146484,4.2182159423828125,198.13581213119323,-706.4192132138929,0.17195504437635775,1.638515173274709,0.0017747048033642382,563.4739919023938,-2.999099249512907,14.000020265579224,-10.600022315979004,3.3999979496002197,-29.02603530883789,10.200020790100098,3,straight,59.744379324150685,215.07976556694248
463.3240316384763,197.7178497314453,-698.4547119140625,3.98553466796875,197.56599113651973,-698.4667634791214,0.15233605309689868,1.6499907884045832,0.0012011918040814584,832.50651278352,-2.8117636546976965,13.336179971694946,-9.936182022094727,3.3999979496002197,-36.99972152709961,10.800023078918457,3,straight,61.296221419016234,220.66639710845845
471.3492120314416,197.05081176757812,-690.4602508544922,3.768341064453125,196.91838067962988,-690.4717907637821,0.13293292504709442,1.6577157468325803,0.0008559687493674556,1168.2669498611729,-2.6350070409752235,13.42233943939209,-9.27234172821045,4.149997711181641,-37.89970779418945,11.500025749206543,3,straight,62.81856101042939,226.1468196375458
479.400710714315,196.32760620117188,-682.4439544677734,3.56195068359375,196.2141177653192,-682.454533699747,0.11398045982288202,1.6637463019064538,0.0007251158378617367,1379.0899988460567,-2.4274801563164945,13.508502006530762,-8.608501434326172,4.90000057220459,-37.89970779418945,12.250028610229492,3,straight,64.30968894661683,231.5148802078206
487.50898209443454,195.55169677734375,-674.3750305175781,3.376220703125,195.4563954925092,-674.3844611054585,0.09576675247123978,1.6694307307904566,0.0005229693030055771,1912.15812142866,-2.189219189932018,13.481380462646484,-7.781376838684082,5.700003623962402,-36.69972610473633,13.000031471252441,3,straight,65.77717866999272,236.7978432119738
495.7069431338543,194.7303924560547,-666.2201080322266,3.2051544189453125,194.6521780821627,-666.2280698603166,0.07861856644489981,1.6722418374553365,8.373856707691307e-05,11941.928730181275,-2.569042658551188,13.454258441925049,-6.954251766204834,6.500006675720215,-32.49979019165039,13.850034713745117,3,straight,64.31638950988501,231.53900223558605
504.0027819518871,193.89288330078125,-657.9705505371094,2.9515380859375,193.83032531223884,-657.9768250314552,0.06287186341892528,1.6707608621915342,-0.0004900191195943981,2040.7366978409466,-3.5475167011839255,13.427136421203613,-6.127126693725586,7.300009727478027,-24.20882797241211,14.700037956237793,3,straight,62.77962034335254,226.00663323606915
512.3952089495101,193.08155822753906,-649.6243286132812,2.6121826171875,193.03293968507032,-649.6288733907669,0.04883049942586933,1.6640037436130841,-0.0009691143639355693,1031.8699600519842,-3.273593933505098,13.350014686584473,-5.300002098083496,8.050012588500977,-15.824265480041504,15.500041007995605,3,straight,61.18569627963261,220.2685066066774
520.8707984193624,192.3319854736328,-641.1846008300781,2.400634765625,192.2953909754625,-641.1876669120535,0.03672271987497561,1.6543864177822927,-0.001178916129886437,848.2367614194305,-2.4261585763470372,13.350014686584473,-4.549999237060547,8.800015449523926,-13.700034141540527,16.35003662109375,3,straight,59.53268136700418,214.31765292121506
529.359402771256,191.66746520996094,-632.7244110107422,2.20062255859375,191.6408715711908,-632.7263613340253,0.026665059233865786,1.6440032302958574,-0.001155664737996831,865.3028574129102,-2.2786192869536217,13.300015449523926,-3.8499975204467773,9.450017929077148,-13.200032234191895,16.900028228759766,3,straight,57.82978860314348,208.18723897131653
537.803220161638,191.089111328125,-624.3024749755859,2.014739990234375,191.0705054760174,-624.3036676748118,0.018644040980786383,1.634812182378231,-0.0010250292680993867,975.5818990946512,-2.1150798539271114,13.300018310546875,-3.249998092651367,10.050020217895508,-10.500021934509277,17.45001983642578,3,straight,56.084607632086616,201.90458747551182
546.0731149250564,190.59432983398438,-616.0491027832031,1.8468170166015625,190.58182944533482,-616.0498042023812,0.012520052126633142,1.626849337472883,-0.0009157457077901138,1092.0062103410885,-1.9362390741161208,13.250020503997803,-2.7499985694885254,10.500021934509277,-8.300013542175293,17.95001220703125,3,straight,54.321053109592654,195.55579119453355
554.0511672529594,190.17477416992188,-608.0834503173828,1.6996002197265625,190.16673311484837,-608.0838455301366,0.008050761443240776,1.619906173381807,-0.0008714499751481392,1147.5127988040947,-1.7506044290830234,13.300022602081299,-2.349998950958252,10.950023651123047,-6.900008201599121,18.350006103515625,3,straight,52.56369038535097,189.22928538726347
561.7093754269774,189.8248748779297,-600.4342956542969,1.5724945068359375,189.81994806282503,-600.4345048123762,0.004931252800002999,1.613223850122592,-0.0009091245474418391,1099.959299101397,-1.5595959107423993,13.950023412704468,-2.699998617172241,11.250024795532227,-6.450006484985352,18.700000762939453,3,straight,50.81964869691602,182.95073530889766
569.042104518845,189.53749084472656,-593.1079864501953,1.4651641845703125,189.5346623572505,-593.108086916468,0.0028302711661923625,1.606300834097232,-0.0009895622729004933,1010.5478223911193,-1.3614054737545844,14.000024795532227,-2.4499988555908203,11.550025939941406,-6.250005722045898,19.04999542236328,3,straight,49.091699094032464,176.73011673851687
576.049405780312,189.31439208984375,-586.1047973632812,1.376617431640625,189.31297742757792,-586.1048373609007,0.0014152275915626884,1.5990624136938292,-0.0011791845929481903,848.0436447187678,-1.1588877886958129,14.000025987625122,-2.1999990940093994,11.800026893615723,-6.200005531311035,19.199993133544922,3,straight,47.38158945243447,170.57372202876408
582.7258456736831,189.1531524658203,-579.4306793212891,1.305908203125,189.15279733089432,-579.4306862342638,0.00035520220281614413,1.5902596385323746,-0.0013669460188077964,731.5577837317715,-0.9563468492269565,14.00002670288086,-2.049999237060547,11.950027465820312,-6.150005340576172,19.349990844726562,3,straight,45.692722814355456,164.49380213167964
589.079405870653,189.05711364746094,-573.0780792236328,1.2513580322265625,189.0578167085503,-573.0780718515431,-0.0007030997390590387,1.5812816454031422,-0.0016791881390411656,595.5258834611652,-0.7532332765009433,14.000027060508728,-1.949999213218689,12.050027847290039,-6.150005340576172,19.449989318847656,3,straight,44.02540967341543,158.49147482429555
595.1382621368983,189.02749633789062,-567.0194244384766,1.2118072509765625,189.02968245072444,-567.0194271192063,-0.002186114477425966,1.5695700733503066,-0.002000814912378024,499.7963548819577,-0.5463255206218056,13.950027108192444,-1.8999992609024048,12.050027847290039,-6.100005149841309,19.449989318847656,3,straight,42.3743670746783,152.54772146884187
600.8925306635714,189.0672607421875,-561.2653503417969,1.186187744140625,189.0719249195929,-561.2654114939047,-0.004664578271325311,1.5576860612699428,-0.0020777175613996834,481.2973710085677,-0.3431418271279421,13.950026869773865,-1.949999213218689,12.000027656555176,-6.150005340576172,19.449989318847656,3,straight,40.74442890491398,146.67994405769034
606.370458714317,189.1710205078125,-555.7884216308594,1.1727142333984375,189.17994938785293,-555.7886409402134,-0.008931572950446042,1.546239465552625,-0.002014889548487664,496.3051204223974,-0.14299792466738737,13.950026512145996,-2.049999237060547,11.90002727508545,-6.350006103515625,19.349990844726562,3,straight,39.129734841432736,140.86704542915786
611.5481663037613,189.32247924804688,-550.6129302978516,1.17034912109375,189.3385359390928,-550.6134864640238,-0.01606632030539441,1.5361725112592963,-0.002540972176812706,393.5501573473977,0.0562598921621707,13.950025796890259,-2.1999990940093994,11.75002670288086,-6.550006866455078,19.199993133544922,3,straight,37.539741625042645,135.14306985015352
616.4453510769667,189.52682495117188,-545.7200164794922,1.177825927734375,189.55424788619933,-545.7213841290254,-0.0274570178782379,1.5209651428070723,-0.003959116952984815,252.58157611284778,0.24725798541058303,13.840996980667114,-2.399998903274536,11.440998077392578,-6.850008010864258,19.04999542236328,3,straight,35.97127858409553,129.49660290274392
621.2261767489604,189.81390380859375,-540.9478454589844,1.194061279296875,189.85854224853105,-540.9510983711774,-0.04475680683171633,1.49805246759862,-0.007016713595195206,142.5168615525029,0.44855628192209535,13.14199709892273,-2.699998617172241,10.441998481750488,-7.200009346008301,19.499988555908203,4,right,34.37110884672172,123.73599184819818
625.9684914256218,190.2515869140625,-536.2258453369141,1.220458984375,190.32087083424847,-536.2339523454532,-0.06975661390713526,1.4543146087052616,-0.011328485985792835,88.27304913067022,0.6709974919881345,12.592997074127197,-3.149998188018799,9.442998886108398,-7.750011444091797,20.549972534179688,4,right,32.706575280910656,117.74367101127837
630.6652687907375,190.9394989013672,-531.5798645019531,1.257293701171875,191.04200649707218,-531.5984630820271,-0.10418116124321235,1.3913126911079587,-0.01431909034115228,69.836838526401,0.8998017343715164,12.34399676322937,-3.8999974727630615,8.443999290466309,-8.55001449584961,22.09994888305664,4,right,30.96997159058418,111.49189772610305
635.3305550013868,191.93186950683594,-527.0215911865234,1.30462646484375,192.07665408675547,-527.058634970445,-0.14944837406176995,1.3203151969002846,-0.01574192452489745,63.524634387517146,1.1201922780135294,12.34399700164795,-4.898997783660889,7.4449992179870605,-9.700018882751465,23.899921417236328,4,right,29.53721937959226,106.33398976653213
639.9650586220304,193.2472381591797,-522.5780334472656,1.3614044189453125,193.4428087345027,-522.6441152592964,-0.20643317517650553,1.2449482352083434,-0.016416498741175706,60.91432867422635,1.3401282672267645,12.34399700164795,-5.897997856140137,6.4459991455078125,-13.783198356628418,26.09988784790039,4,right,28.923993327544256,104.12637597915932
644.5629448083652,194.8820343017578,-518.2811126708984,1.4282684326171875,195.13538443022802,-518.3888351558369,-0.27530060181041144,1.1687629408038216,-0.016933276605180944,59.05531595072614,1.3259957921577747,12.34399700164795,-6.896997928619385,5.4469990730285645,-18.37959861755371,28.49985122680664,4,right,28.47921539065416,102.52517540635499
649.114991124367,196.82647705078125,-514.1656188964844,1.48284912109375,197.14163002067798,-514.3299928013384,-0.3554436312999597,1.0900430696359196,-0.017119651685035944,58.412403382837894,1.2197650677014449,12.34399700164795,-7.895998001098633,4.447999000549316,-22.93031883239746,30.299823760986328,4,right,28.323770018482634,101.96557206653749
653.62749754444,199.06375122070312,-510.24717712402344,1.538818359375,199.44188217108993,-510.4827890425831,-0.44552888998107754,1.0135672833915343,-0.017365486690333998,57.58548653615458,1.3799806658135654,12.343996524810791,-8.894997596740723,3.4489989280700684,-27.441478729248047,31.899799346923828,4,right,28.12257228788908,101.24126023640069
658.1123300864862,201.5823516845703,-506.5369567871094,1.60693359375,202.0193655364232,-506.86028146270667,-0.5436174689626787,0.9338229623039026,-0.017691583062491495,56.52405420519619,1.6936565998984299,12.343996047973633,-9.893997192382812,2.4499988555908203,-31.924795150756836,32.899784088134766,4,right,27.862185134231026,100.3038664832317
662.5822813164654,204.38084411621094,-503.05242919921875,1.6904296875,204.86934330286857,-503.47713596366566,-0.6473077252220243,0.8551403288368034,-0.017731334374757254,56.3973347332293,2.0211739357751806,13.292995691299438,-10.892996788024902,2.399998903274536,-36.392967224121094,33.74977111816406,4,right,27.83093593873859,100.19136937945893
667.0707375885647,207.45675659179688,-499.78509521484375,1.788055419921875,207.98422535708485,-500.323677426192,-0.7538528349321042,0.7749736680079612,-0.017010441974469978,58.78742019171778,2.479688052294424,14.595001459121704,-11.195003509521484,3.3999979496002197,-40.879364013671875,34.44976043701172,4,right,28.414546079658777,102.2923658867716
671.6000207263054,210.80799865722656,-496.7408142089844,1.9142913818359375,211.36337035666355,-497.39775201327535,-0.8602354347747838,0.7018143326897905,-0.015112361504118543,66.17099516362627,2.86585671461175,14.595001697540283,-10.196003913879395,4.398997783660889,-45.405887603759766,35.04975128173828,4,right,30.146184627200228,108.52626465792082
676.1966507905623,214.41188049316406,-493.8907775878906,2.0496978759765625,214.98494626123366,-494.664979659317,-0.963220235426,0.6372007131764211,-0.013688374550327655,73.05469296762217,3.00779468620847,14.595002174377441,-9.197004318237305,5.397997856140137,-49.9995231628418,35.54974365234375,4,right,31.675434538729267,114.03156433942536
680.8747893640034,218.25491333007812,-491.22705078125,2.193359375,218.83099740440628,-492.11616595163355,-1.05943317245625,0.5749184074482323,-0.013058059661110795,76.58105614099593,3.1106445102664333,14.5950026512146,-8.198004722595215,6.396997928619385,-49.9995231628418,35.949737548828125,4,right,32.430914650074826,116.75129274026938
685.6262720762502,222.31729125976562,-488.7671203613281,2.34307861328125,222.88060645657333,-489.7645590278629,-1.1455164356975598,0.5141059167661158,-0.01285916293448263,77.76555947653785,3.18532317614289,14.595003604888916,-7.199005603790283,7.395998001098633,-49.9995231628418,36.19973373413086,4,right,32.68076183094223,117.65074259139203
690.4472591173483,226.5843963623047,-486.5289001464844,2.498321533203125,227.1163408710329,-487.6250222481409,-1.21837950660129,0.451815983692018,-0.01266405797425723,78.96363093352404,3.110976358795192,14.595003128051758,-6.200005531311035,8.394997596740723,-49.9995231628418,36.249732971191406,4,right,32.931542740069425,118.55355386424993
695.3346682617745,231.04257202148438,-484.5314178466797,2.64495849609375,231.5289158792115,-485.71057723342113,-1.2755184072718815,0.39119253642033797,-0.01218390028232176,82.07552399710221,2.838889983022269,14.994000434875488,-5.600003242492676,9.393997192382812,-49.9995231628418,36.19973373413086,4,right,33.57417529256976,120.86703105325115
700.2894533610892,235.67518615722656,-482.7789306640625,2.7775115966796875,236.103809917017,-484.0224638306686,-1.3153300209096574,0.3319295344302234,-0.011729806541264917,85.25289794695644,2.5514937415283545,15.100021362304688,-5.300002098083496,9.800019264221191,-45.04751205444336,35.949737548828125,4,right,34.217879835014614,123.18436740605262
705.3163129651434,240.47178649902344,-481.2799072265625,2.8994598388671875,240.83383250051082,-482.56730114659194,-1.3373333213981384,0.27414330912891066,-0.011192434875503796,89.34606375853384,2.313126903820301,15.15002155303955,-5.350002288818359,9.800019264221191,-40.02313232421875,35.4997444152832,4,right,35.02968512076156,126.10686643474163
710.4311581552787,245.431396484375,-480.03440856933594,3.01190185546875,245.7223080390894,-481.34472319396116,-1.342219783855503,0.21847296005919195,-0.010032600872532521,99.67505063794796,2.0979964320149094,15.200021743774414,-5.700003623962402,9.500018119812012,-34.9105224609375,34.849754333496094,4,right,36.70834720899661,132.15004995238777
715.6496677537473,250.55140686035156,-479.0306701660156,3.1160430908203125,250.77756322212747,-480.34303546882205,-1.3317091979790243,0.17065120854149102,-0.008202327563104655,121.91661358394848,1.9166387234672455,15.30002212524414,-6.350006103515625,8.950016021728516,-29.69405174255371,33.94976806640625,4,right,38.345369274562906,138.04332938842646
720.9881908022431,255.82855224609375,-478.2294464111328,3.21405029296875,256.0008872114195,-479.52628794115844,-1.308242062568338,0.13211417049853202,-0.005736603909608054,174.31916439709775,1.7705931656928076,15.197010517120361,-7.200009346008301,7.9970011711120605,-26.149887084960938,32.69978713989258,4,right,39.950688748210325,143.82247949355718
726.450205967203,261.2512512207031,-477.58192443847656,3.3071136474609375,261.38998595672507,-478.8489364092856,-1.2745848975853196,0.10906307959137804,-0.0021092159284992907,474.1098274900195,1.633869120629211,15.197010040283203,-8.19900894165039,6.9980010986328125,-26.399883270263672,31.04981231689453,4,right,38.93925377757454,140.18131359926835
731.9120670024979,266.6812438964844,-476.9989929199219,3.3925323486328125,266.81551210835,-478.22510472551903,-1.2334415724071734,0.10907270607802516,0.002357967789220542,424.09400356167015,1.5189910799254636,14.79901647567749,-8.800015449523926,5.9990010261535645,-26.59988021850586,29.099842071533203,4,right,37.25146209935082,134.10526355766294
737.2220095760274,271.9528350830078,-476.3667907714844,3.4708709716796875,272.11114961637594,-477.54332457083524,-1.187137427802923,0.1337566995635984,0.006719544199513908,148.81961786520282,1.5111347300625466,14.100017547607422,-9.100016593933105,5.000000953674316,-26.89987564086914,27.04987335205078,5,left,35.53384500146574,127.92184200527667
742.2807696389852,276.9508361816406,-475.5890197753906,3.549041748046875,277.15192784633155,-476.70852649687646,-1.1374239126465393,0.17772991669553997,0.009764461420298002,102.41220247142735,1.5744570117746326,13.500015258789062,-9.350017547607422,4.149997711181641,-27.299869537353516,25.199901580810547,5,left,33.81642638816101,121.73913499737965
747.0882830513904,281.6590118408203,-474.6198272705078,3.626068115234375,281.9060057825472,-475.67675663440014,-1.0854057709021245,0.22957026383193108,0.012457737870793184,80.27139520606481,1.591304339541938,13.350016593933105,-9.700018882751465,3.6499977111816406,-27.649864196777344,23.649925231933594,5,left,32.09926164079552,115.55734190686387
751.6836357210021,286.10023498535156,-473.44189453125,3.6987152099609375,286.3993381663364,-474.42915227252064,-1.0315718882240004,0.29417349096471573,0.014893138726433698,67.14501344334549,1.494257640947677,13.300017595291138,-9.900019645690918,3.3999979496002197,-27.84986114501953,22.499942779541016,5,left,30.3672457531286,109.32208471126296
756.1933354977225,290.36671447753906,-471.9822692871094,3.76226806640625,290.7150903670483,-472.8938708813023,-0.9759012383055774,0.36503140719065713,0.015764030303668096,63.435554280006194,1.2459461298708174,13.30001711845398,-9.800019264221191,3.499997854232788,-27.899860382080078,21.749954223632812,5,left,29.51650220608135,106.25940794189286
760.6438704691022,294.4663391113281,-470.25079345703125,3.810546875,294.85354741556876,-471.0831529744828,-0.918015597451944,0.4354168261703762,0.01687398970739807,59.2628072756006,0.8458371193687197,13.35001540184021,-9.450017929077148,3.8999974727630615,-27.799861907958984,21.499958038330078,5,left,28.529202497144897,102.70512898972163
765.0323027342636,298.3707580566406,-468.2475128173828,3.8373260498046875,298.79232532301086,-468.994062813551,-0.8573539857337686,0.5140494405860164,0.018482571007264338,54.10502681726275,0.28676610164258265,13.447003364562988,-8.747003555297852,4.699999809265137,-27.599864959716797,21.64995574951172,5,left,27.259465114126627,98.13407441085586
769.3540710807804,302.0445861816406,-465.9714050292969,3.8359527587890625,302.49013602617885,-466.62782125667513,-0.7933454024153325,0.5963290468176977,0.020008988490642796,49.97753886797676,-0.28794952135376417,13.447003841400146,-7.748003959655762,5.698999881744385,-27.24987030029297,21.849952697753906,5,left,26.199074770166842,94.31666917260063
773.6162282081267,305.4624786376953,-463.4251403808594,3.8129119873046875,305.9219063787604,-463.98670822877716,-0.7255565429897417,0.6856901901373624,0.02090963049166865,47.824852782474835,-0.6195437732130993,13.447003841400146,-6.749003887176514,6.697999954223633,-26.799877166748047,21.949951171875,5,left,25.628627121141495,92.26305763610938
777.8664529863635,308.6277313232422,-460.5888214111328,3.783233642578125,309.0848837562178,-461.0562154725936,-0.6537932055813149,0.7743211546582378,0.02016287778067065,49.596094906584234,-0.7303033939635328,13.400014877319336,-5.750003814697266,7.65001106262207,-26.149887084960938,21.999950408935547,5,left,26.098903567909282,93.95605284447342
782.1427685891964,311.55804443359375,-457.4744873046875,3.7506256103515625,311.9952694324074,-457.85275155567007,-0.5781431856893292,0.8575736468345547,0.019252709769849746,51.940740392088934,-0.7868577973807134,13.250014305114746,-4.950000762939453,8.300013542175293,-25.29990005493164,22.049949645996094,5,left,26.708690131583566,96.15128447370084
786.4403037839512,314.2343292236328,-454.1121826171875,3.71575927734375,314.6370848489649,-454.40671112026985,-0.49895804719892867,0.9393818445238663,0.01932736850949389,51.74010106491141,-0.8048525401300688,13.250014305114746,-4.2999982833862305,8.950016021728516,-24.19991683959961,22.199947357177734,5,left,26.657054376384,95.9653957549824
790.726999271854,316.6201629638672,-450.5509490966797,3.6815338134765625,316.97606125221586,-450.7678412183878,-0.41678025877981556,1.023477929477417,0.020844566289215077,47.974133216549454,-0.7043859254320717,13.300015687942505,-3.799997568130493,9.500018119812012,-23.599925994873047,22.299945831298828,5,left,25.66859453877618,92.40694033959424
794.982106728836,318.66441345214844,-446.81915283203125,3.6555328369140625,318.96309567029857,-446.96470268227336,-0.3322586738440382,1.117354813605359,0.02296114975794715,43.55182604276544,-0.47423688653808194,13.250017642974854,-3.3499979972839355,9.900019645690918,-23.349929809570312,22.499942779541016,5,left,24.456916789966403,88.04490044387906
799.1923561964092,320.3187561035156,-442.94757080078125,3.641265869140625,320.54964821547367,-443.03264520798984,-0.24606670259576074,1.2177720294364305,0.023936677452884636,41.776892468402664,-0.18298794255673934,13.300018548965454,-3.199998140335083,10.100020408630371,-23.199932098388672,22.649940490722656,5,left,23.953368054639878,86.23212499670356
803.3643986400482,321.56321716308594,-438.9654541015625,3.64007568359375,321.71702206076316,-439.0051866309748,-0.1588540853833978,1.317992488052068,0.023915329872154,41.81418384549894,0.008945312984925957,13.25001859664917,-3.149998188018799,10.100020408630371,-23.199932098388672,22.799938201904297,5,left,23.9640564373831,86.27060317457916
807.519743658566,322.4029541015625,-434.8958435058594,3.641998291015625,322.473359615428,-434.90676300987684,-0.07124725925015994,1.416927799915949,0.023854211034793404,41.921319407353884,0.013946472237513774,13.250018835067749,-3.0999982357025146,10.150020599365234,-23.349929809570312,23.04993438720703,5,left,23.99473693834959,86.38105297805852
811.6738657168906,322.83457946777344,-430.7642059326172,3.6412353515625,322.8185036403945,-430.76332750995573,0.016099809076159557,1.5162081591367542,0.02312677686676784,43.23992079661373,-0.1034133708084306,13.250019073486328,-3.0499982833862305,10.200020790100098,-23.5499267578125,23.39992904663086,5,left,24.369182838591307,87.72905821892871
815.8498519031214,322.86639404296875,-426.5883483886719,3.6333465576171875,322.76405532398445,-426.5923156065753,0.10241558583163755,1.6095424872151483,0.022006739268580655,45.44062560997915,-0.2578902062891464,13.250019788742065,-2.899998426437378,10.350021362304688,-23.799922943115234,23.84992218017578,5,left,24.981624289214135,89.93384744117088
820.0582712760663,322.5125732421875,-422.3948516845703,3.61956787109375,322.32744165560854,-422.41903700662505,0.1867046709435656,1.700699217487394,0.022016196333153465,45.42110657389682,-0.42801484957765146,13.250020742416382,-2.699998617172241,10.55002212524414,-23.999919891357422,24.249916076660156,5,left,24.976258280332924,89.91452980919853
824.281340747028,321.7687225341797,-418.2378692626953,3.59722900390625,321.5077751841486,-418.2974250689643,0.2676572688133123,1.7951822392654608,0.02245266083296063,44.538151065462785,-0.5196664887206603,13.300021886825562,-2.4999988079071045,10.800023078918457,-24.099918365478516,24.549911499023438,5,left,24.73230613454932,89.03630208437755
828.5059634438243,320.63514709472656,-414.16822814941406,3.5756683349609375,320.3089339561991,-414.2761783554248,0.3436106207987593,1.8903726318470968,0.022559201272296353,44.327810543010756,-0.3716178053301489,13.250022172927856,-2.399998903274536,10.85002326965332,-24.149917602539062,24.549911499023438,5,left,24.673835332143028,88.8258071957149
832.7345086909351,319.11509704589844,-410.22235107421875,3.565826416015625,318.7375388319595,-410.3887363153507,0.4125945387172293,1.9858791675781315,0.022171006372885244,45.103951673704024,-0.17766014441625844,13.250021696090698,-2.4999988079071045,10.750022888183594,-24.099918365478516,24.449913024902344,5,left,24.888906610911036,89.60006379927974
836.9705156918608,317.23146057128906,-406.4281921386719,3.560638427734375,316.8184730438853,-406.6577049132899,0.47247731321610875,2.0780340728925535,0.022198477541061995,45.048134411480866,-0.12731515666185578,13.200020790100098,-2.649998664855957,10.55002212524414,-24.149917602539062,24.249916076660156,5,left,24.873501522851143,89.54460548226412
841.2078409190798,314.9987335205078,-402.8268280029297,3.5550384521484375,314.5695051121289,-403.1224865530072,0.5212015011427011,2.173975411775304,0.022407043989609687,44.62882299261373,-0.12258002820128566,13.20002007484436,-2.7999985218048096,10.40002155303955,-24.249916076660156,24.04991912841797,5,left,24.75746867069727,89.12688721451018
845.4480732458594,312.4311218261719,-399.45237731933594,3.5502471923828125,312.0040475612073,-399.8100528343026,0.5570675020154036,2.267989711625382,0.02187135958374381,45.721894707600335,-0.07932737749651309,13.250019073486328,-3.0499982833862305,10.200020790100098,-24.549911499023438,23.84992218017578,5,left,25.058820840458214,90.21175502564957
849.7034321683167,309.5520477294922,-396.31884765625,3.548309326171875,309.14410239899337,-396.72972597816846,0.5789994715872628,2.35977643224696,0.020824738101866858,48.0198115869872,0.022641494396341555,13.300017595291138,-3.3999979496002197,9.900019645690918,-24.84990692138672,23.39992904663086,5,left,25.680811753830568,92.45092231379004
854.0038357821676,306.3699645996094,-393.42613220214844,3.55224609375,305.99400973356217,-393.8765809398952,0.5867249156480272,2.4460937593543197,0.019057601082404008,52.472501427438615,0.04191952237115326,13.400015354156494,-3.9499974250793457,9.450017929077148,-25.049903869628906,22.499942779541016,5,left,26.845061642775978,96.64222191399352
858.36432015266,302.91453552246094,-390.76646423339844,3.5518798828125,302.57853717591246,-391.24022573541663,0.5808139544448264,2.5247094478207432,0.017261955148914154,57.93086538420904,-0.05865990617815453,13.350014686584473,-4.499999046325684,8.850015640258789,-25.199901580810547,21.29996109008789,5,left,28.20678119152781,101.54441228950012
862.7985720681888,299.20423889160156,-388.33824157714844,3.5470123291015625,298.9131703706527,-388.8196608419051,0.5625703443714509,2.5977939618102948,0.015397602408997402,64.94517610194053,-0.1504787914614225,13.350014686584473,-5.000000953674316,8.350013732910156,-25.349899291992188,20.149978637695312,5,left,29.86564997759217,107.51633991933181
867.3403316122768,295.2413635253906,-386.1194305419922,3.5382843017578125,294.99538002977783,-386.5931805884697,0.5338042587422381,2.6626825555242872,0.01297072182993575,77.09671158717259,-0.2044190081618602,13.350014686584473,-5.450002670288086,7.900012016296387,-25.549896240234375,19.199993133544922,5,left,31.605193169636838,113.77869541069262
872.002562897108,291.04510498046875,-384.08775329589844,3.528167724609375,290.84048654684597,-384.5401815690046,0.49654813027947586,2.716854986154837,0.010364614031251329,96.48212629865476,-0.20009222375744207,13.350014686584473,-5.9000043869018555,7.450010299682617,-25.899890899658203,18.500003814697266,5,left,33.29648342783549,119.86734034020776
876.8052488541068,286.6253967285156,-382.2084197998047,3.5193939208984375,286.45695910112295,-382.62870763513223,0.4527837219313426,2.7604249728930514,0.005529176940387848,180.85874458013896,-0.18483795795152802,13.350014686584473,-6.300005912780762,7.050008773803711,-26.24988555908203,18.050010681152344,5,left,34.953258028854826,125.83172890387738
881.6599577166695,282.10211181640625,-380.4454650878906,3.51031494140625,281.9552902619692,-380.82209219446196,0.40423328196920794,2.7698818181347566,-0.0031687120196365326,315.5856366255413,-0.17596562179598152,13.30001449584961,-6.700007438659668,6.600007057189941,-26.59988021850586,17.65001678466797,5,left,36.50441654526009,131.41589956293635
886.4879207219577,277.63490295410156,-378.6142883300781,3.502349853515625,277.4939877714017,-378.93711319147076,0.35223994641226825,2.7300163205126196,-0.0101381610620081,98.63721772456499,-0.1069698494774951,13.400014877319336,-7.300009727478027,6.100005149841309,-27.04987335205078,17.250022888183594,6,right,34.91278943758795,125.68604197531664
891.3015660604489,273.2788391113281,-376.56590270996094,3.4999847412109375,273.14415683818413,-376.8314341048693,0.2977351782729303,2.6721874216847477,-0.01242254676340554,80.4987913545884,-0.024390335819590714,14.150017738342285,-8.10001277923584,6.050004959106445,-27.999858856201172,16.750030517578125,6,right,33.250118803756436,119.70042769352317
896.1083281288506,269.0611114501953,-374.26031494140625,3.5,268.9389149693869,-374.46835513020375,0.24127308195665575,2.610511986262627,-0.012833963791686998,77.91825006142955,-0.00031359007516829074,14.100017547607422,-8.950016021728516,5.150001525878906,-29.549835205078125,16.150039672851562,6,right,32.71282999594614,117.76618798540609
900.9385595849802,264.9734649658203,-371.6869354248047,3.4999542236328125,264.871123262343,-371.83876990428274,0.18310525232498853,2.548506455014189,-0.01278970263674506,78.18790071998866,-0.0001636012436745382,14.050017356872559,-9.750019073486328,4.2999982833862305,-30.89981460571289,15.300040245056152,6,right,32.769385537240765,117.96978793406676
905.8074793407127,261.0222625732422,-368.8418731689453,3.4999847412109375,260.94715772582737,-368.93962458699656,0.12327237255863896,2.4864663983878716,-0.012653263153307087,79.03099681749981,0.0004692686489837783,13.950018405914307,-10.200020790100098,3.749997615814209,-31.499805450439453,14.35003662109375,6,right,32.94558711408165,118.60411361069393
910.7286706164757,257.21417236328125,-365.7247314453125,3.5,257.17363309112244,-365.7712378301071,0.06169502746438572,2.4246389365171357,-0.012310645546018656,81.23050868956312,-0.00030118916152233055,13.950021028518677,-10.750022888183594,3.199998140335083,-32.34324645996094,13.400032997131348,6,right,33.40089529252861,120.243223053103
915.7069170294563,253.56297302246094,-362.3406982421875,3.4999542236328125,253.56419734803387,-362.3394530923635,-0.0017462448833633288,2.364626952202753,-0.011393235339539398,87.77138101673125,-0.0004630193032373331,13.950023651123047,-11.30002498626709,2.649998664855957,-37.320491790771484,12.550029754638672,6,right,34.719621928871675,124.99063894393804
920.7561624310832,250.06117248535156,-358.7030792236328,3.4999542236328125,250.11077443125583,-358.6578162443621,-0.06714976046085455,2.3104879794409197,-0.009898028794314478,101.03021730694596,0.00029492798168662127,13.950024843215942,-11.550025939941406,2.399998903274536,-42.368736267089844,11.950027465820312,6,right,36.39136684187185,131.00892063073866
925.887950397747,246.6942138671875,-354.8302459716797,3.4999847412109375,246.79771431751004,-354.74426579151344,-0.13455457851142166,2.2639919597604035,-0.008608277321058316,116.16726119565328,0.0004448220560671068,13.900025367736816,-11.650026321411133,2.2499990463256836,-47.4995231628418,11.650026321411133,6,right,38.015186393161635,136.85467101538188
931.1050827841576,243.4462127685547,-350.7474822998047,3.5,243.6084646912004,-350.62396269970355,-0.20391855730015657,2.221479415998442,-0.008381083081322543,119.31632108844326,4.428139654955032e-06,13.900026321411133,-11.850027084350586,2.049999237060547,-49.9995231628418,11.400025367736816,6,right,39.59781005829077,142.55211620984676
936.4024181617897,240.3323211669922,-346.4619903564453,3.4999847412109375,240.55859517556823,-346.30550951164804,-0.2751112170478227,2.175831760333358,-0.008952097184466296,111.70566844774685,-0.000427064740932126,14.650029182434082,-12.600029945373535,2.049999237060547,-49.9995231628418,11.350025177001953,6,right,39.16842670393279,141.00633613415803
941.7747481634674,237.38658142089844,-341.9692687988281,3.4999542236328125,237.68225070308307,-341.78590436164757,-0.3479121171360957,2.125912932582815,-0.009549250759598837,104.72025765946164,0.00013088013365858409,15.599028825759888,-13.599029541015625,1.9999992847442627,-49.9995231628418,11.350025177001953,6,right,37.92397683122178,136.52631659239842
947.2248089158969,234.63717651367188,-337.26353454589844,3.5,235.0071797225031,-337.0606077345068,-0.4219972337906748,2.0724457301510903,-0.009726667796787186,102.81013198891297,1.185926860602926e-05,16.548028349876404,-14.598029136657715,1.949999213218689,-49.9995231628418,11.500025749206543,6,right,37.576513312649574,135.27544792553846
952.7529236337609,232.11111450195312,-332.3463134765625,3.4999542236328125,232.55891340995544,-332.13091321341807,-0.49691159713850935,2.0191450295080653,-0.009408564304302258,106.28614182322478,-0.0002817632766827227,17.35003924369812,-15.250040054321289,2.099999189376831,-50.19429397583008,11.700026512145996,6,right,38.206463743719716,137.543269477391
958.3585964524353,229.8115692138672,-327.2340087890625,3.499969482421875,230.33911813455276,-327.01286951365455,-0.5720231139075233,1.9677291987927068,-0.009061485543529202,110.35718097173361,0.00027039238563175694,17.300039291381836,-15.250040054321289,2.049999237060547,-49.9995231628418,11.850027084350586,6,right,38.93129234261033,140.15265243339718
964.0403537076321,227.75094604492188,-321.9390869140625,3.4999847412109375,228.3590816254032,-321.7197945121323,-0.6464658086795506,1.9168810924434856,-0.008875907809930556,112.66453205847615,0.0002668490778512389,16.94602131843567,-14.946022033691406,1.9999992847442627,-49.9995231628418,11.90002727508545,6,right,39.336175249903384,141.61023089965218
969.7958152602038,225.93467712402344,-316.47772216796875,3.5,226.62261621798405,-316.268358996495,-0.7190918818683045,1.8662243971625985,-0.008752693653975269,114.25054269388527,-0.0002571386820970911,16.047021627426147,-13.947022438049316,2.099999189376831,-49.9995231628418,11.950027465820312,6,right,39.612080901636816,142.60349124589254
975.6215004023654,224.3821563720703,-310.8627166748047,3.4999542236328125,225.14712312897012,-310.6716807922152,-0.788459794535235,1.8155217598047155,-0.00854858603492667,116.97840975271626,-0.00026726974762247835,14.998022079467773,-12.948022842407227,2.049999237060547,-49.9995231628418,11.950027465820312,6,right,40.08218406653766,144.29586263953556
981.5273810020063,223.09202575683594,-305.09947204589844,3.499969482421875,223.92871967129594,-304.93407356100073,-0.8528853177894835,1.7659610822720322,-0.00816386070908831,122.4910658858698,0.0003823695717553033,14.049022436141968,-11.949023246765137,2.099999189376831,-49.9995231628418,12.050027847290039,6,right,41.01575671466438,147.65672417279177
987.5300008285232,222.07188415527344,-299.1841735839844,3.5,222.97256346204708,-299.0503049545012,-0.910573458656651,1.7183468739856709,-0.007477807649244661,133.72903488644974,0.000256385801733483,13.250022649765015,-10.950023651123047,2.2999989986419678,-49.9995231628418,12.200028419494629,6,right,42.703840343370146,153.73382523613253
993.6366415096079,221.30458068847656,-293.1259307861328,3.5,222.2591403452553,-293.02561252272966,-0.9598165930644038,1.6755057210177797,-0.006674041613033671,149.8342470695882,0.0,13.25002145767212,-10.70002269744873,2.5499987602233887,-49.9995231628418,12.250028610229492,6,right,44.355301016535854,159.67908365952908
999.847916408355,220.77914428710938,-286.9369201660156,3.5,221.77624122463507,-286.87160454340625,-0.9992339232531946,1.6362086619954457,-0.005530853783900225,180.80391185008403,-0.0003648648454257497,13.300021409988403,-10.70002269744873,2.599998712539673,-49.9995231628418,12.200028419494629,6,right,45.9742426200107,165.50727343203852
1006.1002894365832,220.47113037109375,-280.692138671875,3.4999542236328125,221.4984647304285,-280.65530280904113,-1.0279945362989458,1.6066367411900648,-0.0035758248755126676,279.6557535152304,4.0571696002800195e-07,13.250020980834961,-10.600022315979004,2.649998664855957,-49.9995231628418,12.000027656555176,6,right,47.54825817062297,171.1737294142427
1012.3491996361549,220.29945373535156,-274.4455871582031,3.5,221.34519935266243,-274.42393509520093,-1.0459697452398724,1.5914982732430922,-0.0012261323698072313,815.5726287180697,0.002825127984129594,13.250020742416382,-10.55002212524414,2.699998617172241,-49.9995231628418,13.26855182647705,6,right,46.8691112707998,168.72880057487927
1018.5677206906497,220.18016052246094,-268.22821044921875,3.50030517578125,221.23371721321183,-268.2066293764947,-1.0537777010954013,1.5912774791020547,0.0011472623840018403,871.6401879331519,0.007390425111775123,13.200021028518677,-10.600022315979004,2.599998712539673,-49.9995231628418,19.486072540283203,6,right,45.280290763284505,163.00904674782421
1024.7568931266305,220.0172119140625,-262.0411834716797,3.50091552734375,221.0692885518374,-262.00448524793876,-1.0527164914531506,1.605663891854963,0.0038363238755461937,260.6662087041923,0.013989182880036477,13.050020456314087,-10.450021743774414,2.599998712539673,-49.9995231628418,25.674245834350586,6,right,43.641572563037364,157.10966122693452
1030.9128278772703,219.71133422851562,-255.89285278320312,3.5020294189453125,220.75355278556836,-255.82214392779613,-1.0446144087164633,1.6385370759380486,0.006506908639701325,153.68280936028344,0.02078627354837881,12.44399619102478,-9.743997573852539,2.699998617172241,-49.9995231628418,31.829181671142578,7,left,41.94820053358419,151.0135219209031
1037.026848457806,219.16067504882812,-249.80368041992188,3.5034637451171875,220.18555284103124,-249.6857026110008,-1.03164589484424,1.6854058898932844,0.008427198101063738,118.66340247463428,0.026345634604757473,11.79499626159668,-8.74499797821045,3.0499982833862305,-49.9995231628418,37.942203521728516,7,left,40.195808580717234,144.70491089058206
1043.0872445986988,218.30442810058594,-243.8040771484375,3.5052337646484375,219.30589482716803,-243.63190495262273,-1.0161588800294625,1.7410519956403385,0.009323720930509621,107.25331736686175,0.009671277978312576,11.49599552154541,-7.745997905731201,3.749997615814209,-49.9995231628418,44.0015983581543,7,left,38.37990438649476,138.16765579138112
1049.08616947434,217.1201171875,-237.9232177734375,3.5046539306640625,218.09498036768272,-237.69801203103736,-1.0005377786400609,1.7978262893822756,0.009798575999958675,102.05564563710251,-0.026012770791283835,11.49599552154541,-6.746997833251953,4.748997688293457,-49.9995231628418,49.9995231628418,7,left,37.43837920076089,134.7781651227392
1055.0189746965127,215.61569213867188,-232.184326171875,3.5021514892578125,216.56238143471876,-231.90478288898052,-0.9870993213761021,1.8579219698192249,0.010427996566966052,95.89569708603601,-0.14281500989004048,11.49599552154541,-5.747997760772705,5.747997760772705,-49.9995231628418,49.9995231628418,7,left,36.29092867066946,130.64734321441006
1060.878054219083,213.7815399169922,-226.6197509765625,3.4879608154296875,214.7002623869477,-226.28444113303294,-0.9779998302499788,1.920748266206758,0.011011019247149673,90.81811388703743,-0.1726214283370997,11.49599552154541,-4.748997688293457,6.746997833251953,-49.9995231628418,49.9995231628418,7,left,35.31707768381427,127.14147966173137
1066.6631266039149,211.62359619140625,-221.25222778320312,3.4819488525390625,212.51583835917657,-220.85879920571435,-0.9751318534087337,1.9860935734716267,0.011232411214602778,89.02807962549865,-0.09947656642410041,11.49599552154541,-3.749997615814209,7.745997905731201,-49.9995231628418,44.2154541015625,7,left,34.967293941290315,125.88225818864514
1072.3927724104271,209.14706420898438,-216.08544921875,3.47650146484375,210.01664104794082,-215.6335148579835,-0.9800043598326181,2.050093276462787,0.01120340242831136,89.25859857296277,-0.013423066143924967,11.79299783706665,-3.149998188018799,8.642999649047852,-49.9995231628418,38.48680877685547,7,left,35.0125347954282,126.04512526354154
1078.1000411625946,206.35301208496094,-211.10888671875,3.480377197265625,207.20349558315007,-210.595110387686,-0.993623821701971,2.1142244343986483,0.010708205250116898,93.38633100902538,0.10092080076350984,11.193997383117676,-3.5499978065490723,7.6439995765686035,-49.9995231628418,32.780540466308594,7,left,35.812956734650584,128.9266442447421
1083.8168918542467,203.25357055664062,-206.30516052246094,3.488037109375,204.0915198424428,-205.7298952151089,-1.0164099465369245,2.1724149547792333,0.00908565786887175,110.06357651063294,0.15583342509928322,10.99499797821045,-4.349998474121094,6.6449995040893555,-49.9995231628418,27.064693450927734,7,left,37.64525737409975,135.5229265467591
1089.57432328245,199.88070678710938,-201.63914489746094,3.4982757568359375,200.71666815128478,-201.0068159229805,-1.0481752402921436,2.218386802385919,0.006597390109436496,151.57509006018338,0.16120359257045802,10.99499797821045,-5.348998546600342,5.645999431610107,-49.9995231628418,21.308269500732422,7,left,39.40454755872512,141.85637121141045
1095.3974024831411,196.29249572753906,-197.052978515625,3.506683349609375,197.14012377386567,-196.37056210822587,-1.0881936675091484,2.2486329038879833,0.0040199628165308865,248.75851982704944,0.06164984443773336,10.99499797821045,-6.34799861907959,4.646999359130859,-49.34953308105469,15.486197471618652,7,left,41.10738309609239,147.9865791459326
1101.3009883737066,192.5472869873047,-192.4894561767578,3.50537109375,193.41962136041664,-191.7628026199129,-1.1353381215250427,2.265337188942712,0.0013104001832446588,763.1256564112481,-0.033188830029190486,10.994998216629028,-7.346998691558838,3.6479995250701904,-45.44959259033203,13.000031471252441,7,left,42.76459950959876,153.95255823455554
1107.2925421142252,188.70689392089844,-187.89053344726562,3.502716064453125,189.62093829842314,-187.13127918847607,-1.1882525630414498,2.2639510392693474,-0.00225921059408396,442.6324852665933,-0.04926471927318987,10.994998216629028,-8.345998764038086,2.6489994525909424,-40.749664306640625,11.650026321411133,7,left,44.115492282778774,158.8157722180036
1113.3642574746568,184.87818908691406,-183.17813110351562,3.499420166015625,185.85679438000446,-182.40765742605527,-1.2455111429946395,2.2377564356487785,-0.0059442455688931695,168.22992731543593,-0.03531471579488188,10.99499785900116,-9.344998359680176,1.6499994993209839,-35.299747467041016,10.300021171569824,8,right,42.464387348764504,152.87179445555222
1119.461815219988,181.2133026123047,-178.3048553466797,3.4984283447265625,182.27544415930484,-177.5454067442897,-1.305720814544966,2.191529463793414,-0.008274137460992537,120.85851905583927,-0.008119156383123993,11.743997693061829,-10.343997955322266,1.399999737739563,-29.699832916259766,8.900015830993652,8,right,40.73896529552307,146.66027506388306
1125.5387414597617,177.81057739257812,-173.26992797851562,3.4984283447265625,178.96467020295447,-172.53627348742899,-1.3675449269599784,2.137051624824148,-0.009055853477955511,110.4258149090288,0.01041023243125716,12.994001865386963,-10.595002174377441,2.3989996910095215,-24.699909210205078,9.250017166137695,8,right,38.943396641286974,140.19622790863312
1131.6196219239596,174.69381713867188,-168.0485382080078,3.49969482421875,175.9410857509211,-167.3498305601167,-1.4296402933338281,2.08142942657562,-0.009356768631491957,106.87450330173952,0.02041600232504659,12.994002342224121,-9.596002578735352,3.3979997634887695,-20.449974060058594,10.70002269744873,8,right,38.312066354427955,137.92343887594063
1137.722129627926,171.86404418945312,-162.64178466796875,3.50091552734375,173.20472660359084,-161.99043830784086,-1.4905305821854142,2.02304539375963,-0.009317522052892296,107.32467219539183,-0.006406806860659309,12.99400281906128,-8.597002983093262,4.396999835968018,-16.750030517578125,12.400029182434082,8,right,38.392669195192866,138.21360910269433
1143.844035539766,169.34716796875,-157.06118774414062,3.4989013671875,170.77534790187704,-156.46284092309043,-1.5484562763112297,1.9675378859028296,-0.008789570000538038,113.77120836841696,-0.13416519585048858,12.994003295898438,-7.598003387451172,5.395999908447266,-13.700034141540527,14.450037002563477,8,right,39.528897982764946,142.3040327379538
1149.99962355528,167.11553955078125,-151.3243865966797,3.484375,168.622790557914,-150.7838212917144,-1.6012546479042304,1.9151502437809254,-0.008594869784765702,116.34847589808602,-0.22530902965086086,12.994003295898438,-6.599003314971924,6.394999980926514,-11.1500244140625,16.20003890991211,8,right,39.97411622518143,143.90681841065316
1156.2162166422922,165.17681884765625,-145.4178466796875,3.471038818359375,166.75421505169678,-144.9464546702381,-1.646325973522306,1.8611902655593973,-0.008482889769292373,117.8843562980093,-0.2015220155494324,12.994003295898438,-5.600003242492676,7.394000053405762,-9.000016212463379,17.750015258789062,8,right,40.23709419673418,144.85353910824307
1162.5020316591276,163.53668212890625,-139.34979248046875,3.459197998046875,165.16990574363865,-138.95301400908585,-1.6807297614645047,1.8091211335019663,-0.007939612876418367,125.95072525136884,-0.15657425811611558,13.293000221252441,-4.90000057220459,8.392999649047852,-7.300009727478027,18.999996185302734,8,right,41.59095166742761,149.7274260027394
1168.8701675641703,162.18309020996094,-133.12718200683594,3.4512786865234375,163.85390163389553,-132.8058804627213,-1.7014245491942226,1.7607797981935496,-0.007517505810290509,133.02284364464703,0.03770487253129673,13.841998100280762,-4.44999885559082,9.391999244689941,-5.950004577636719,20.04998016357422,8,right,42.742668782091535,153.87360761552952
1175.3316615317292,161.12339782714844,-126.75318908691406,3.4643402099609375,162.8118779472281,-126.51198663109747,-1.705621218382395,1.7126881636192577,-0.006890313668896059,145.13127385102285,0.25215852670836814,14.340996265411377,-3.9499974250793457,10.390998840332031,-4.950000762939453,20.84996795654297,8,right,44.486685070791566,160.15206625484964
1181.8900708481829,160.33587646484375,-120.24226379394531,3.4842071533203125,162.01853929777084,-120.07278824771124,-1.6911759725367315,1.6711764733709162,-0.005692783611420935,175.66098911502402,0.35539024191246216,14.639996528625488,-3.249998092651367,11.389998435974121,-4.249998092651367,21.499958038330078,8,right,46.18956957511484,166.2824504704134
1188.5509924265468,159.7805938720703,-113.60458374023438,3.5114288330078125,161.43382427791042,-113.49403550753622,-1.6569223538074929,1.6375649435675994,-0.005136728869985743,194.6764225464708,0.48340542468394143,15.138996601104736,-2.7499985694885254,12.388998031616211,-3.799997568130493,21.899951934814453,8,right,47.85709012440451,172.28552444785623
1195.3143893730205,159.44931030273438,-106.84941101074219,3.54925537109375,161.05137429070402,-106.7990827020604,-1.602854316587754,1.6022006669663227,-0.005030723760038061,198.77855507463488,0.647561309036998,15.787996530532837,-2.399998903274536,13.3879976272583,-3.5499978065490723,22.09994888305664,8,right,49.49281253761148,178.1741251354013
1202.1783882178472,159.3502960205078,-99.98631286621094,3.599853515625,160.8803932380447,-99.98898579901035,-1.5300995522134615,1.5690494246701083,-0.004391688514278319,227.70285204626558,0.8379451074516264,16.68699622154236,-2.2999989986419678,14.38699722290039,-3.5499978065490723,22.02495002746582,8,right,51.099358916582815,183.95769209969814
1209.1423414804253,159.46176147460938,-93.0235595703125,3.6653289794921875,160.9018445112798,-93.06567313552185,-1.4406986863603715,1.5415608139215045,-0.00342806215292725,291.7099968990037,1.4749587436862888,17.8359956741333,-2.4499988555908203,15.38599681854248,-3.749997615814209,21.949951171875,9,straight,52.67925395542244,189.6453142395208
1216.2054750060165,159.74534606933594,-85.96755981445312,3.8078155517578125,161.08094529855538,-86.0340325035611,-1.337252376886589,1.5210674232684698,-0.002406989897161635,415.456666926279,2.551794880319397,19.18499493598938,-2.7999985218048096,16.38499641418457,-4.099997520446777,21.599956512451172,9,straight,54.23465878039991,195.24477160943968
1223.362830572007,160.1525115966797,-78.82522583007812,4.0292205810546875,161.3725890231854,-78.90264614698788,-1.2225313215371105,1.5074260415837786,-0.0016224950493624324,616.3347003079948,3.004479494654233,20.39164662361145,-3.199998140335083,17.191648483276367,-4.549999237060547,21.14996337890625,9,straight,55.766575943589075,200.75967339692068
1230.6120512543393,160.64813232421875,-71.59605407714844,4.2404937744140625,161.74434057283554,-71.67627603954217,-1.099139703397988,1.497745233437239,-0.0011481002832109816,871.0040530633979,2.593246932275073,20.237470149993896,-3.749997615814209,16.487472534179688,-5.100001335144043,20.549972534179688,9,straight,57.27640565029306,206.195060341055
1237.9543480396576,161.21131896972656,-64.27728271484375,4.407012939453125,162.17750239784147,-64.35482800203349,-0.9692903013696121,1.4907086114731196,-0.000688024964515449,1453.4356332611617,2.532692386316593,20.21403980255127,-4.249998092651367,15.964041709899902,-5.750003814697266,20.19997787475586,9,straight,58.76609294253324,211.55793459311968
1245.3892968519192,161.82081604003906,-56.87028503417969,4.6152496337890625,162.65263756679025,-56.93962574442635,-0.8347066469510063,1.4876285312887296,5.6678438937210474e-05,17643.39347997605,2.934549864274949,19.790610313415527,-4.349998474121094,15.440611839294434,-6.450006484985352,21.14996337890625,9,straight,60.23704935142775,216.8533776651399
1252.9154119366442,162.43482971191406,-49.37281799316406,4.8462982177734375,163.12928373163825,-49.42790144042042,-0.696635178319864,1.4916429770023105,0.0009085264495933137,1100.683420331497,3.0483054499213234,19.117178916931152,-4.199997901916504,14.917181015014648,-7.1500091552734375,22.999935150146484,9,straight,61.69033123692162,222.08519245291785
1260.5286672766538,163.00172424316406,-41.78419494628906,5.0767059326171875,163.55630911253965,-41.822715802305666,-0.555921067858199,1.5014488050893458,0.0013949246406699395,716.8846049774637,2.8349795006444967,18.493748664855957,-4.099997520446777,14.39375114440918,-7.80001163482666,25.29990005493164,9,straight,63.12640851376144,227.25507064954118
1268.2261106899412,163.4907989501953,-34.10499572753906,5.280029296875,163.90322547674535,-34.12885144868765,-0.4131158859613743,1.5130183520567075,0.0013593378945934709,735.6522642216665,2.31897451991287,18.170318603515625,-4.2999982833862305,13.870320320129395,-8.350013732910156,27.39986801147461,9,straight,64.54589111298046,232.36520800672966
1276.005225315806,163.90081787109375,-26.338241577148438,5.4350738525390625,164.16909135879152,-26.351218212295468,-0.26858715021619606,1.5224630801271042,0.0009832974278844164,1016.9862867957659,1.7547327962910475,17.296886920928955,-3.9499974250793457,13.34688949584961,-8.850015640258789,30.049827575683594,9,straight,65.94940131889062,237.41784474800625
1283.8660713900697,164.2563934326172,-18.486343383789062,5.5540771484375,164.37889914503143,-18.49154530260332,-0.12261610633791986,1.5283591571170523,0.0006690542708195912,1494.647061702484,1.417404119133786,17.173458099365234,-4.349998474121094,12.82345962524414,-9.300017356872559,32.64978790283203,9,straight,67.33794839681825,242.4166142285457
1291.8066900301824,164.5730743408203,-10.552734375,5.6588897705078125,164.5485756285977,-10.551808515378704,0.02451620110469334,1.53302212852842,0.0006226177088126533,1606.122000459999,1.3821414089896455,17.050028800964355,-4.75,12.300028800964355,-9.600018501281738,35.437347412109375,9,straight,68.71210387955946,247.36357396641407
1299.8260483542545,164.85581970214844,-2.5391998291015625,5.7747650146484375,164.68346255611473,-2.5335971796453842,0.17244818198465744,1.5383017218330888,0.0007500978914466438,1333.1593268065228,1.65686541417418,17.000028610229492,-5.100001335144043,11.90002727508545,-9.850019454956055,38.22490692138672,9,straight,70.07254092679474,252.26114733646108
1307.922674433759,165.0924072265625,5.55255126953125,5.926239013671875,164.77185701348847,5.560782046162754,0.3206558666012053,1.5451249401165028,0.0008556124656714653,1168.7534253199813,1.929707213127685,16.95002841949463,-5.400002479553223,11.550025939941406,-10.150020599365234,41.01246643066406,9,straight,71.41980087029914,257.11128313307694
1316.095412288252,165.27284240722656,13.7216796875,6.08880615234375,164.8045550834839,13.730377889864744,0.46836809915112665,1.5522239636265553,0.0008122010155782733,1231.2222969679704,1.926042490559654,16.900028228759766,-5.600003242492676,11.30002498626709,-10.350021362304688,43.800025939941406,9,straight,72.75442870643245,261.9159433431568
1324.2968965069067,165.39761352539062,21.920791625976562,6.2415771484375,164.78316462539425,21.928396112061385,0.6144959551659912,1.5584208503870722,0.000547316807322798,1827.0953616270317,1.791455815210924,16.850028038024902,-5.800004005432129,11.050024032592773,-10.450021743774414,43.72346496582031,9,straight,74.06957972638544,266.6504870149876
1332.50311859815,165.4862823486328,30.125320434570312,6.3827362060546875,164.72872944514847,30.132588713894556,0.7575877701374883,1.5612022030298545,0.00021344768225241284,4684.988796540075,1.6376759440404953,16.850028038024902,-5.950004577636719,10.900023460388184,-10.450021743774414,43.64690017700195,9,straight,75.36252340360957,271.30508425299445
1340.7456751027257,165.5604705810547,38.366546630859375,6.510894775390625,164.6646620717847,38.37449594120208,0.8958437792469434,1.561922665056379,5.621069008049373e-05,17790.210341982987,1.4611721979666092,16.850028038024902,-6.100005149841309,10.750022888183594,-10.500021934509277,43.570335388183594,9,straight,76.63923723591807,275.90125404930507
1349.060098783693,165.63377380371094,46.67987060546875,6.6245269775390625,164.60659633280758,46.68877434946462,1.0272160597403868,1.5621283786966649,2.0404014685199146e-06,490099.6276607218,1.26339299651258,16.850028038024902,-6.250005722045898,10.600022315979004,-10.55002212524414,43.4937744140625,9,straight,77.90588857877194,280.46119888357896
1357.4550115759876,165.7071990966797,55.07389831542969,6.721832275390625,164.55764480939033,55.08406436500641,1.1495992379909308,1.5619530866948779,1.491251056751075e-05,67057.78986528648,1.0373024954352994,16.850028038024902,-6.400006294250488,10.450021743774414,-10.70002269744873,43.417213439941406,9,straight,79.164242572198,284.9912732599128
1365.931108093857,165.77955627441406,63.54933166503906,6.7993316650390625,164.51851021097448,63.559937967296506,1.2610906659570644,1.5623858075614265,7.283042195377343e-05,13730.525969418592,0.7817177128412456,16.850028038024902,-6.550006866455078,10.300021171569824,-10.900023460388184,43.34064865112305,9,straight,80.0,288.0
1374.4879983137414,165.84922790527344,72.10575866699219,6.854766845703125,164.48899818185797,72.11609550271164,1.360268999365798,1.5631971422123858,0.0001532894662672063,6523.605465863203,0.5017071340854995,16.850028038024902,-6.700007438659668,10.150020599365234,-11.050024032592773,43.26408386230469,9,straight,80.0,288.0
1383.1256333190283,165.90887451171875,80.74313354492188,6.8853607177734375,164.46247577971755,80.75147254881239,1.4464227704653214,1.5650310344771239,0.0002620871981431905,3815.5240205729287,0.16389078300699245,16.900028228759766,-6.850008010864258,10.050020217895508,-11.250024795532227,43.187522888183594,9,straight,80.0,288.0
1391.843535208192,165.94676208496094,89.46095275878906,6.882904052734375,164.42710665131264,89.4655763143294,1.5196624672217844,1.567753833627326,0.0003495702788234162,2860.6550973549597,-0.32919981872975845,16.80002784729004,-6.900008201599121,9.900019645690918,-11.400025367736816,43.1109619140625,9,straight,80.0,288.0
1400.6420144482493,165.9592742919922,98.25924682617188,6.82720947265625,164.37838741637205,98.25867147142469,1.5808869803186587,1.571160271066086,0.0003030452176949888,3299.8375872952643,-0.6098924566903474,16.850028038024902,-7.000008583068848,9.850019454956055,-11.500025749206543,43.03439712524414,9,straight,80.0,288.0
1409.5204110843786,165.9466094970703,107.13748168945312,6.7751312255859375,164.3150024411019,107.13372752848007,1.6316113749329246,1.5730972204655516,0.00017394441243423486,5748.963050929166,-0.634635315142823,16.850028038024902,-7.050008773803711,9.800019264221191,-11.60002613067627,42.95783233642578,9,straight,80.0,288.0
1418.4774621171462,165.91995239257812,116.09428405761719,6.7139434814453125,164.24626840794926,116.08849420303852,1.6736939991585216,1.5742556605377716,2.613951380203705e-05,38256.25861189775,-0.7772652299307792,16.850028038024902,-7.100008964538574,9.750019073486328,-11.700026512145996,42.88127136230469,9,straight,80.0,288.0
1427.513085529974,165.89076232910156,125.1295166015625,6.6351318359375,164.18173752384942,125.12480835272903,1.7090312906948655,1.5735512528250664,-0.00014259329982239943,7012.952230192473,-0.9564219708520949,16.850028038024902,-7.1500091552734375,9.700018882751465,-11.800026893615723,42.804710388183594,9,straight,80.0,288.0
1436.627244065234,165.8732147216797,134.2431640625,6.54022216796875,164.13394016107637,134.24166637247365,1.7392752054339577,1.5716574269858066,-0.0002740150266923175,3649.434894396749,-1.118076388171374,16.850028038024902,-7.200009346008301,9.650018692016602,-11.90002727508545,42.728145599365234,9,straight,80.0,288.0
1445.819767295757,165.87974548339844,143.43502807617188,6.430328369140625,164.11414410489732,143.43903918331387,1.765605934727658,1.5685245228133986,-0.00034485445603207876,2899.774042377399,-1.191561393639723,16.80002784729004,-7.250009536743164,9.550018310546875,-12.000027656555176,42.651580810546875,9,straight,80.0,288.0
1455.0897456565917,165.91525268554688,152.70428466796875,6.3202362060546875,164.12671398534067,152.71413318579403,1.7885658152381962,1.565289921880853,-0.0003805850761606361,2627.533402223905,-1.230340431197935,16.750027656555176,-7.300009727478027,9.450017929077148,-12.150028228759766,39.855464935302734,9,straight,80.0,288.0
1464.4350112290356,165.98419189453125,162.0485382080078,6.20123291015625,164.1763263402804,162.0654626260537,1.807944771881278,1.5614350534294454,-0.00043171616550494174,2316.336704302895,-1.3735750061072305,16.600027084350586,-7.300009727478027,9.300017356872559,-12.350028991699219,37.059349060058594,9,straight,80.0,288.0
1473.85299403383,166.09249877929688,171.46487426757812,6.0623626708984375,164.2699574460129,171.48967987396477,1.822710133190875,1.5571867178359164,-0.00043383470377705846,2305.0253732441975,-0.8690634051302937,16.35002613067627,-7.250009536743164,9.100016593933105,-12.650030136108398,34.26322937011719,9,straight,80.0,288.0
1483.341514837959,166.24046325683594,180.95220947265625,6.03778076171875,164.4097548653541,180.98436208172646,1.830990716773864,1.553235199126252,-0.0003536265848271686,2827.841692073971,-0.5418562464669485,16.300025939941406,-7.350009918212891,8.950016021728516,-12.950031280517578,31.46711540222168,9,straight,80.0,288.0
1492.9016090434316,166.42276000976562,190.51023864746094,5.958740234375,164.59299230730446,190.54745517554497,1.8301461457852537,1.5504596484198756,-0.00027213446175100575,3674.654042584903,-1.2506613821715806,16.300025939941406,-7.450010299682617,8.850015640258789,-13.300032615661621,28.670997619628906,9,straight,80.0,288.0
1502.5339113138934,166.63040161132812,200.13894653320312,5.7971343994140625,164.81390954774133,200.1803359314163,1.81696353825778,1.5480149238176948,-0.0002667548816131654,3748.7598875515614,-1.8432872268642986,15.627522468566895,-7.400010108947754,8.22751235961914,-14.150035858154297,25.874881744384766,9,straight,80.0,288.0
1512.23707655334,166.86325073242188,209.8373565673828,5.6020965576171875,165.07584842254735,209.88293868128147,1.787983430139167,1.5452999759604211,-0.00046769935046428457,2138.1256976459367,-2.0349891194354317,14.655016899108887,-7.050008773803711,7.605008125305176,-13.950035095214844,23.39992904663086,9,straight,79.06081635583374,284.61893888100144
1522.0095727437283,167.13917541503906,219.6038818359375,5.4007720947265625,165.4000965607105,219.65940566097038,1.7399649872106613,1.5388800220855874,-0.0009541516623485513,1048.0514151582543,-2.3898129467208262,13.516263484954834,-6.700007438659668,6.816256046295166,-14.80003833770752,20.549972534179688,9,straight,77.5920681032821,279.3314451718156
1531.820520220985,167.5082244873047,229.4042510986328,5.1338348388671875,165.83944497513934,229.47806729577954,1.670411294018325,1.5265914994035148,-0.0015244574947563122,655.971060813245,-2.503674369720943,12.377510070800781,-6.350006103515625,6.027503967285156,-14.750038146972656,18.45000457763672,9,straight,76.08902736360768,273.9204985089877
1541.6279558933022,168.0226593017578,239.19561767578125,4.909576416015625,166.4476116822413,239.29311417327827,1.5780622835518439,1.5089745404171233,-0.001995232231836175,501.19479028249197,-2.4444509174404634,11.28875732421875,-6.050004959106445,5.238752365112305,-15.250040054321289,17.400020599365234,9,straight,74.55624601380357,268.4024856496929
1551.4575391085373,168.73373413085938,248.99610900878906,4.65374755859375,167.27556836662623,249.11799405974932,1.4632509564764375,1.487402264089446,-0.002360695149241143,423.6040389719337,-2.665596723099892,10.250004291534424,-5.800004005432129,4.450000286102295,-15.550041198730469,17.1500244140625,9,straight,72.98771206478051,262.75576343320984
1561.336804760725,169.67738342285156,258.8265075683594,4.3841552734375,168.35710706911823,258.97014187191616,1.3280664378658278,1.462431413533018,-0.0025866423771689073,386.6015684373442,-2.570244340738931,9.840003967285156,-5.650003433227539,4.190000534057617,-15.900042533874512,17.30002212524414,9,straight,71.37652752786589,256.9554991003172
1571.2709720676007,170.8794708251953,268.6847686767578,4.1446685791015625,169.71380961407434,268.8426814446062,1.1763088460780786,1.4361454979062878,-0.0026594339276803936,376.01987009025567,-2.161493881840723,9.530003547668457,-5.600003242492676,3.9300003051757812,-16.400035858154297,17.45001983642578,9,straight,69.7188543140456,250.98787553056417
1581.2587478099613,172.35435485839844,278.5612030029297,3.9538116455078125,171.35424113721675,278.7239838143079,1.0132744188268226,1.4094488792314135,-0.0025232139259523806,396.3199432733602,-1.86401652683795,9.600003719329834,-5.650003433227539,3.950000286102295,-17.00002670288086,17.350021362304688,9,straight,68.01151707457332,244.84146146846396
1591.3015497003219,174.08547973632812,288.4519958496094,3.7713470458984375,173.25450496897264,288.6076554896622,0.8454282864459025,1.3856205873894287,-0.002185504228905344,457.56031343891345,-1.77368904970151,9.470003128051758,-5.500002861022949,3.9700002670288086,-17.250022888183594,17.250022888183594,9,straight,66.25042435394907,238.50152767421667
1601.4016905987285,176.0486297607422,298.35797119140625,3.596588134765625,175.38291218782453,298.4966297195681,0.680004466399595,1.365447918081292,-0.0018125137039042144,551.7199665006488,-1.6741735005802254,9.660002708435059,-5.350002288818359,4.310000419616699,-17.350021362304688,17.200023651123047,9,straight,64.43074584207638,231.95068503147496
1611.5590164771413,178.2034912109375,308.28273010253906,3.4322662353515625,177.69180945500875,308.39815799364726,0.5245396242382601,1.3489248411947377,-0.0015109190374702763,661.8488318701012,-1.5557877263150415,10.459002017974854,-5.150001525878906,5.309000492095947,-17.45001983642578,17.250022888183594,9,straight,62.547397462123804,225.1706308636457
1621.7218412658174,180.51187133789062,318.1787567138672,3.28045654296875,180.13625639072447,318.2691046415812,0.3863280168158211,1.3347470894447868,-0.001184743469575103,844.0645807979347,-1.4211033719540271,11.208001136779785,-4.90000057220459,6.308000564575195,-17.600017547607422,17.400020599365234,9,straight,60.60448318779975,218.1761394760791
1631.750838613533,182.90936279296875,327.91603088378906,3.1451263427734375,182.6457334871657,327.9821822004443,0.27180214784549056,1.3249467901345386,-0.0008445634810678865,1184.0436182909257,-1.2717202242788965,11.606998920440674,-4.2999982833862305,7.307000637054443,-17.700016021728516,17.30002212524414,9,straight,58.62406220065005,211.0466239223402
1641.4321033980161,185.29672241210938,337.297607421875,3.029266357421875,185.11673553448048,337.344100221821,0.1858947459328021,1.318009879462806,-0.0007119255061400209,1404.6413443196975,-1.1124850069535426,12.205998182296753,-3.8999974727630615,8.306000709533691,-17.700016021728516,17.750015258789062,9,straight,56.64666778213716,203.92800401569377
1650.7287266009703,187.65176391601562,346.2904815673828,2.9333648681640625,187.52466734508937,346.32420543362485,0.131494629150852,1.3114324762959875,-0.0006524000173615124,1532.801921195954,-0.9379590964478324,12.65001392364502,-3.6499977111816406,9.000016212463379,-17.500019073486328,18.300006866455078,9,straight,54.68057492500845,196.8500697300304
1659.6466126949883,189.96315002441406,354.9032897949219,2.85772705078125,189.85782167789753,354.93184133307614,0.10912951438946254,1.3060858432550908,-0.000456905333912766,2188.637176625571,-0.7555646051219111,12.100013017654419,-3.3999979496002197,8.7000150680542,-17.1500244140625,18.60000228881836,9,straight,52.72572961972079,189.81262663099483
1668.19332602989,192.21127319335938,363.1488342285156,2.8007354736328125,192.09844279684484,363.179751081621,0.11698953023056646,1.3033491266744204,-0.00020188556288119885,4953.301195630605,-0.571415200786976,12.050013780593872,-3.199998140335083,8.850015640258789,-16.85002899169922,18.799999237060547,9,straight,50.781677258387,182.8140381301932
1676.370423350645,194.37713623046875,371.0337829589844,2.761474609375,194.2312439944843,371.0738729046087,0.15130019253362742,1.302623971727521,7.05183237209861e-05,14180.711441137139,-0.3872320688518477,12.100014448165894,-3.0999982357025146,9.000016212463379,-16.600032806396484,19.04999542236328,9,straight,48.84933127336668,175.85759258412006
1684.1742811247268,196.43980407714844,378.56007385253906,2.7381744384765625,196.24014126447943,378.61456688973306,0.20696552820582953,1.3043599498864185,0.00026589189155502846,3760.9270224513107,-0.2021137382252458,12.050014972686768,-2.949998378753662,9.100016593933105,-16.35003662109375,19.24999237060547,9,straight,46.931046636764236,168.95176789235126
1691.6067819704738,198.3882293701172,385.7326354980469,2.72998046875,198.1195617013442,385.8053028437969,0.2783215036289296,1.3066436996592672,0.000184416234426249,5422.516098494116,-0.043755477356272054,12.050015926361084,-2.7499985694885254,9.300017356872559,-16.100040435791016,19.449989318847656,9,straight,45.02812830342688,162.1012618923368
1698.6710439655603,200.2293243408203,392.5527648925781,2.731353759765625,199.88193820281518,392.6465453111215,0.3598220334836161,1.307121622634883,-0.00032738978079256686,3054.4630854974575,0.04010434893670367,12.100016832351685,-2.599998712539673,9.500018119812012,-15.800042152404785,19.54998779296875,9,straight,43.14175882016814,155.31033175260532
1705.3681302762163,201.98583984375,399.01539611816406,2.7353515625,201.55530816491543,399.1337965808294,0.4465156167923845,1.302420936314185,-0.001408358264414239,710.0466019673748,0.07946255938303393,12.100017547607422,-2.4499988555908203,9.650018692016602,-15.600041389465332,19.499988555908203,9,straight,41.27390403147576,148.58605451331275
1711.6960987837765,203.699462890625,405.10691833496094,2.7415618896484375,203.1862353158553,405.25533939094794,0.5342577592925336,1.289284839084875,-0.0029164530297399738,342.88225793547525,0.1052982884992254,12.050017833709717,-2.349998950958252,9.700018882751465,-15.400040626525879,19.39999008178711,9,straight,39.427775279078,141.9399910046808
1717.6609801646034,205.41558837890625,410.81959533691406,2.7482452392578125,204.82424861022545,411.00487539278447,0.6196865507067325,1.2671623082953227,-0.004119074256829433,242.77299646686342,0.09812894452674303,12.050017595291138,-2.399998903274536,9.650018692016602,-15.350040435791016,19.24999237060547,10,right,37.60468449844095,135.37686419438742
1723.278221438409,207.16090393066406,416.1588134765625,2.753021240234375,206.49839891727345,416.384955158604,0.7000378226383552,1.241854161289036,-0.00526742292158687,189.8461571980134,0.021154179049542865,12.100016832351685,-2.599998712539673,9.500018119812012,-15.450040817260742,19.099994659423828,10,right,35.80307204244919,128.89105935281708
1728.5653088910747,208.94415283203125,421.13609313964844,2.7509613037109375,208.22094559243575,421.40879218671216,0.7729123376378576,1.2102129538261084,-0.007131406619246716,140.22479061860437,-0.14789249428741047,12.10001540184021,-2.899998426437378,9.200016975402832,-15.700041770935059,18.89999771118164,10,right,34.02029953852914,122.4730783387049
1733.5688575851855,210.7984161376953,425.7833557128906,2.7384033203125,210.0288749261748,426.11025206264003,0.8360950303093125,1.1691003298854536,-0.009774634382948774,102.30561684684966,-0.4356641165812025,12.150012969970703,-3.449997901916504,8.7000150680542,-16.150039672851562,18.75,10,right,32.24247555999851,116.07291201599465
1738.3247132974725,212.77137756347656,430.1105651855469,2.7093353271484375,211.974264961446,430.50076457391145,0.8874931340556915,1.1155710232642322,-0.011900535843641105,84.02982967647938,-0.8164320313295115,12.25001049041748,-4.149997711181641,8.10001277923584,-16.900028228759766,18.200008392333984,10,right,30.456614443286625,109.64381199583185
1742.8494683526158,214.8720703125,434.11785888671875,2.6635589599609375,214.06543231391427,434.5710193838045,0.9252131089005321,1.0589470031182984,-0.014503390808134675,68.94939350590478,-1.2487098998331225,12.300010681152344,-5.000000953674316,7.300009727478027,-17.900012969970703,17.65001678466797,10,right,28.654398097477507,103.15583315091902
1747.1775623491865,217.1168212890625,437.8177795410156,2.599700927734375,216.32555320229648,438.33942969513964,0.9477468377325047,0.9879400556337333,-0.01828959426218145,54.67589852814631,-1.7830362719515214,12.348003387451172,-5.9990010261535645,6.349002361297607,-19.995830535888672,16.900028228759766,10,right,26.817417572791413,96.54270326204909
1751.3663660534773,219.56272888183594,441.2171936035156,2.512542724609375,218.81309417214203,441.80756891902087,0.9541987272763309,0.9036926738627883,-0.02213188372606137,45.18368216540246,-2.1961523604252964,12.348003387451172,-6.9980010986328125,5.350002288818359,-24.182727813720703,16.000041961669922,10,right,24.910895023255133,89.67922208371849
1755.4723260033904,222.25425720214844,444.3164825439453,2.417724609375,221.57365663519255,444.9713135318613,0.944468503697018,0.8046925862966385,-0.0255445409105651,39.14730757938205,-2.2090937253022522,12.74700117111206,-7.9970011711120605,4.75,-28.286592483520508,14.850038528442383,10,right,23.18726206983552,83.47414345140787
1759.5040456512195,225.1999969482422,447.06787109375,2.3326263427734375,224.61055270971508,447.7733488574114,0.9193168035848918,0.6960302670448741,-0.028052970916421796,35.64684834912136,-1.902555218390406,12.795998811721802,-8.996001243591309,3.799997568130493,-32.31641387939453,13.650033950805664,10,right,22.12631499429656,79.65473397946762
1763.4559380256158,228.3709259033203,449.4254455566406,2.2655029296875,227.88784105087075,450.16134019737177,0.880290802475555,0.5809026083675783,-0.02928810636961488,34.1435525868431,-1.4128658905427915,12.700016021728516,-9.450017929077148,3.249998092651367,-36.2667350769043,13.050031661987305,10,right,21.654735076368475,77.95704627492651
1767.3637619254414,231.75494384765625,451.3793029785156,2.2213287353515625,231.38234868091737,452.1204125124126,0.8295001503979234,0.4658477177343152,-0.030105879984300636,33.216102652421114,-0.7802820043583347,12.650017023086548,-9.650018692016602,2.9999983310699463,-40.173309326171875,12.650030136108398,10,right,21.35860374248166,76.89097347293398
1771.241102321512,235.3157196044922,452.9136962890625,2.2045440673828125,235.05440542460286,453.6372793203267,0.7693227565493401,0.3465636918386057,-0.031331002073024125,31.91726832321767,0.034566293617710464,12.650017023086548,-9.650018692016602,2.9999983310699463,-44.04961395263672,12.600029945373535,10,right,20.936851796558894,75.37266646761202
1775.079425576198,238.99818420410156,453.99620056152344,2.2236328125,238.84212031980942,454.6807412109483,0.7021052888957449,0.2241522363227674,-0.03154270556378492,31.703050899607312,1.0221854407602038,12.700015306472778,-9.300017356872559,3.3999979496002197,-45.849586486816406,13.100031852722168,10,right,20.866473134078188,75.11930328268147
1778.8914992487355,242.75856018066406,454.6191101074219,2.282470703125,242.69239487461005,455.245548783313,0.6299232194303008,0.10523120392208714,-0.03061568709435115,32.66299387363769,1.8862197365962785,12.85001277923584,-8.7000150680542,4.149997711181641,-47.09956741333008,13.800034523010254,10,right,21.180027333800588,76.24809840168211
1782.7073623756014,246.56906127929688,454.8025665283203,2.3675384521484375,246.57426065780916,455.3569797134438,0.5544375649030983,-0.009377890409958178,-0.030075949946959158,33.24915760810759,2.5456609640703345,13.00001335144043,-7.900012016296387,5.100001335144043,-46.74957275390625,14.600037574768066,10,right,21.369228591358876,76.92922292889196
1786.5125670855762,250.36424255371094,454.54893493652344,2.476409912109375,250.4232110428498,455.0221292258777,0.47685439935977597,-0.12397877719839258,-0.029627193631762333,33.75277498196566,2.7433270835458323,13.048006057739258,-6.949004650115967,6.099001407623291,-45.74958801269531,15.300040245056152,10,right,21.530457765740056,77.50964795666421
1790.301040748458,254.09060668945312,453.87303161621094,2.575897216796875,254.18302571790696,454.260108352417,0.39795687772957533,-0.23437361978776236,-0.02878529661677776,34.73995815687171,2.3565802423773152,12.950013160705566,-5.950004577636719,7.000008583068848,-44.749603271484375,16.000041961669922,10,right,21.843044323685195,78.6349595652667
1794.066951078716,257.70111083984375,452.8052520751953,2.6545562744140625,257.8076588544532,453.1050756399141,0.3181927864957032,-0.3414499049121521,-0.029033280189519173,34.443231817843085,1.9608631969607382,12.800012588500977,-5.150001525878906,7.65001106262207,-43.799617767333984,16.700031280517578,10,right,21.749559668790006,78.29841480764402
1797.7882238710627,261.13258361816406,451.36712646484375,2.7228240966796875,261.23637451031635,451.5810617859823,0.23778324357367467,-0.4516978364529065,-0.028298796450537317,35.33719187485137,1.7903362818478374,12.800012588500977,-4.549999237060547,8.25001335144043,-42.54963684082031,17.250022888183594,10,right,22.030002115506225,79.3080076158224
1801.5431710045618,264.4213409423828,449.55621337890625,2.7883758544921875,264.5037094055244,449.68968114226647,0.15683815727267672,-0.5529281136328295,-0.025864086647265888,38.66365024359794,1.4972373367485359,12.85001277923584,-4.59999942779541,8.25001335144043,-40.64966583251953,17.65001678466797,10,right,23.043579853086502,82.95688747111141
1805.3625731054487,267.5724639892578,447.3984375,2.835906982421875,267.6179866567177,447.45863652169874,0.07547340900041491,-0.6474590819726757,-0.024230241905745242,41.27073942926214,1.0399192843556226,12.750012397766113,-4.149997711181641,8.600014686584473,-37.549713134765625,17.900012969970703,10,right,23.80782088561417,85.70815518821101
1809.2525219132008,270.5619812011719,444.90977478027344,2.868255615234375,270.55789060065854,444.90529170619646,-0.006068852094048373,-0.7396535108043479,-0.022956635139927184,43.560390880663356,0.7975633765388013,12.700012922286987,-3.8999974727630615,8.800015449523926,-34.049766540527344,18.000011444091797,10,right,24.45932150234406,88.05355740843862
1813.233592838883,273.3815002441406,442.09938049316406,2.89862060546875,273.31719886037064,442.04033867067676,-0.08729607526889467,-0.8280140242397583,-0.021810442631073096,45.8495967695452,0.8742667877579158,12.700013160705566,-3.8499975204467773,8.850015640258789,-30.74981689453125,18.000011444091797,10,right,25.093791304482746,90.33764869613789
1817.309014213461,276.0050048828125,438.98094177246094,2.93890380859375,275.87234373587665,438.87893590959123,-0.16734448292708598,-0.9152957168051561,-0.020799689265985036,48.077641315313265,1.0872077414081416,12.700012683868408,-3.9499974250793457,8.750015258789062,-27.84986114501953,17.900012969970703,10,right,25.696270659854758,92.50657437547713
1821.4169857330032,278.36741638183594,435.6205749511719,2.9876556396484375,278.1615974511691,435.4878921583098,-0.24487988023214885,-0.9981857317579267,-0.017883069353493236,55.91881238243156,1.3277120337062631,12.70001220703125,-4.099997520446777,8.600014686584473,-25.29990005493164,17.750015258789062,10,right,27.513931149158115,99.05015213696922
1825.583721613179,280.5012664794922,432.04222106933594,3.0489349365234375,280.2233409132889,431.8875645326852,-0.31805858686444893,-1.0630012519603929,-0.012120308369433036,82.50615161920818,1.6898949107312045,12.70001220703125,-4.349998474121094,8.350013732910156,-23.199932098388672,17.45001983642578,10,right,29.242401352205533,105.27264486793992
1829.839710992841,282.49664306640625,428.2838592529297,3.1303863525390625,282.1539693314518,428.1092990791356,-0.3845731957672846,-1.099651991939839,-0.008389534041747165,119.19613115864354,2.152119623797988,12.750012397766113,-4.649999618530273,8.10001277923584,-21.549957275390625,17.1500244140625,10,right,30.90826832415937,111.26976596697374
1834.230325322377,284.42189025878906,424.3392639160156,3.2356719970703125,284.0212791386764,424.1529518971785,-0.44181606797522766,-1.135481500111479,-0.008885470264905798,112.54328360645319,2.588259682823746,12.10000991821289,-4.249998092651367,7.850011825561523,-20.099979400634766,16.85002899169922,10,right,32.53757327418301,117.13526378705885
1838.7604091261526,286.24217224121094,420.1929016113281,3.36181640625,285.7919079334796,420.0069363915078,-0.487156042556813,-1.1791220306821288,-0.010104663041575215,98.96421047248599,2.9933971175659932,12.10000991821289,-4.549999237060547,7.550010681152344,-18.799999237060547,16.550033569335938,10,right,34.13722261181951,122.89400140255024
1843.428549070372,287.9198303222656,415.83921813964844,3.5115966796875,287.43160107600886,415.6652832049673,-0.5182867530652853,-1.2285585298651285,-0.011199339505992417,89.29098001403844,3.4401761590697024,12.10000991821289,-4.90000057220459,7.200009346008301,-17.700016021728516,16.35003662109375,10,right,35.018885183751976,126.06798666150712
1848.2269802808705,289.3999481201172,411.27818298339844,3.6880950927734375,288.88797363685853,411.12791228446844,-0.5335720705442741,-1.2853023233318173,-0.011579779717450445,86.35742858674803,3.9322666043565935,12.150010108947754,-5.350002288818359,6.8000078201293945,-16.900028228759766,16.05004119873047,10,right,34.43882872878225,123.9797834236161
1853.150107358811,290.65293884277344,406.5216522216797,3.8945159912109375,290.1346215241869,406.40044125635416,-0.53230155068521,-1.3410699593904793,-0.01091271304904562,91.63624073185503,4.353576557854488,12.200010299682617,-6.000004768371582,6.200005531311035,-16.450035095214844,15.650041580200195,10,right,35.475796399958334,127.71286703985001
1858.1942444987674,291.66839599609375,401.58604431152344,4.1224212646484375,291.16163600220176,401.49549031491125,-0.5147870605520946,-1.3939705515984333,-0.009917880005861968,100.82799947256365,4.3995891831480725,12.200010299682617,-6.750007629394531,5.450002670288086,-16.300037384033203,15.000039100646973,10,right,37.11187539096385,133.60275140746987
1863.3562573748172,292.45068359375,396.4884338378906,4.34326171875,291.97238945567767,396.42656497862504,-0.4822790045825894,-1.4421574630876435,-0.009205705449572943,108.62828552116997,4.234789560024799,12.150010108947754,-7.450010299682617,4.699999809265137,-16.400035858154297,14.250036239624023,10,right,38.62513266446794,139.0504775920846
1868.6358699583966,293.00279235839844,391.242431640625,4.5644989013671875,292.56749150587416,391.20721151522844,-0.4367233557314092,-1.4900623456554134,-0.00911257558492698,109.7384587573781,4.324385481020459,12.150010108947754,-8.050012588500977,4.099997520446777,-16.85002899169922,13.75003433227539,10,right,38.82200397421327,139.75921430716775
1874.0283316201896,293.305419921875,385.8638458251953,4.8050689697265625,292.9251634148445,385.85190950323044,-0.3804438025793846,-1.5394164461075392,-0.00890992658052392,112.23437039154572,4.637456717994237,12.150012731552124,-8.650014877319336,3.499997854232788,-17.600017547607422,13.250032424926758,10,right,39.26100919433286,141.3396330995983
1879.5284853682642,293.34339904785156,380.3702087402344,5.0700225830078125,293.0276107571788,380.37534570158607,-0.3158300696544407,-1.5870619973826972,-0.008545136000303127,117.02563890902688,4.742960547297731,12.150015592575073,-9.250017166137695,2.899998426437378,-18.10000991821289,12.700030326843262,10,right,40.090274690709904,144.32498888655567
1885.133363370153,293.1223907470703,374.7758026123047,5.3316192626953125,292.87777731695616,374.7913538465493,-0.2451072644348666,-1.6342856189167887,-0.008410454117688787,118.89964394393515,4.691890338138293,12.100017786026001,-9.700018882751465,2.399998903274536,-18.200008392333984,12.450029373168945,10,right,40.40999517354593,145.47598262476535
1890.8410206657625,292.62255859375,369.09645080566406,5.6008453369140625,292.45338840530314,369.1153757592049,-0.17022545792468452,-1.682202445581302,-0.008101116804333564,123.43977060854942,4.87307799522918,12.100019454956055,-10.050020217895508,2.049999237060547,-18.200008392333984,12.400029182434082,10,right,41.1742857805429,148.22742880995446
1896.649210094727,291.8455047607422,363.347900390625,5.8931121826171875,291.75377213920257,363.36239567614444,-0.09287080895963819,-1.727517191447677,-0.007108603793568258,140.67460067260785,4.987366769533192,12.100020289421082,-10.250020980834961,1.8499993085861206,-18.150009155273438,16.458791732788086,10,right,42.80268474585865,154.08966508509113
1902.5485717820648,290.81178283691406,357.54713439941406,6.184661865234375,290.7974879787109,357.54995039393833,-0.014569584627199865,-1.7652993821801872,-0.005276857868692697,189.50671495871515,4.830770960807051,12.100021243095398,-10.450021743774414,1.6499994993209839,-18.000011444091797,22.349945068359375,10,right,44.39554474291354,159.82396107448875
1908.4682964692859,289.59112548828125,351.76136779785156,6.464019775390625,289.6527772201667,351.7476432433052,0.06316090121246334,-1.7898388286470384,-0.0028745933118050626,347.87529627001857,4.559984047815924,12.050021767616272,-10.55002212524414,1.4999996423721313,-17.850013732910156,22.649940490722656,11,straight,45.93841955331041,165.3783103919175
1914.407312449357,288.26829528808594,345.9774475097656,6.7253570556640625,288.4033559256587,345.9460314586231,0.13866630481459463,-1.7993393290660746,-0.0010071162618937035,992.9340214601216,3.9822166759230004,12.050021767616272,-10.55002212524414,1.4999996423721313,-17.80001449584961,22.59994125366211,11,straight,47.435920812088895,170.76931492352003
1920.4069831491247,286.9020538330078,340.1393127441406,6.938934326171875,287.10653762926916,340.0912197926676,0.21006321647265208,-1.8017902240086896,-0.0004881323837212792,2048.6245808493504,3.1216719937966264,12.100021719932556,-10.55002212524414,1.5499995946884155,-17.700016021728516,22.44994354248047,11,straight,46.79665622653911,168.46796241554082
1926.5031282189823,285.49774169921875,334.20936584472656,7.1020965576171875,285.765450552313,334.145422023241,0.2752396089431723,-1.8052591759976824,-0.000739050802540886,1353.0869549995216,2.2497927219243707,12.100021481513977,-10.500021934509277,1.5999995470046997,-17.500019073486328,22.59994125366211,11,straight,45.23714617944146,162.85372624598926
1932.6380227837556,284.0556335449219,328.24742126464844,7.213775634765625,284.3780831258991,328.1684965831368,0.3319681274220452,-1.8108428011865003,-0.00019888044642085712,5028.146396473129,1.4312659116459514,12.050021529197693,-10.500021934509277,1.5499995946884155,-17.400020599365234,22.699939727783203,11,straight,43.61145992542709,157.00125573153753
1938.6665441903021,282.62489318847656,322.3914794921875,7.277008056640625,282.9924394464464,322.3026901845723,0.37811875501542513,-1.8078282480144074,0.0016077712939262523,621.9790114288915,0.710298060302117,12.050021767616272,-10.55002212524414,1.4999996423721313,-17.400020599365234,22.499942779541016,11,straight,41.95263911640602,151.02950081906167
1944.4245570419057,281.3085479736328,316.78599548339844,7.299285888671875,281.71040107499596,316.695423225229,0.41193354928326564,-1.7924786010631648,0.0041747523365742445,239.53516744913998,0.08061309566910202,12.100022196769714,-10.650022506713867,1.4499996900558472,-17.600017547607422,22.09994888305664,12,left,40.30455649493301,145.09640338175885
1949.8851608966754,280.1846923828125,311.4423065185547,7.2878265380859375,280.60911959120705,311.36020911949316,0.4322943883029718,-1.761867680243673,0.007310075782172548,136.7974874403834,-0.5017711155602345,11.241998553276062,-9.791998863220215,1.4499996900558472,-17.80001449584961,22.24994659423828,12,left,38.6767736128099,139.23638500611565
1955.0962515210367,279.30409240722656,306.3063201904297,7.247161865234375,279.73843552097753,306.2431160164227,0.43891765523252974,-1.7152987656132557,0.010001435334599823,99.98564871389152,-1.0856121762016335,10.492998719215393,-8.792999267578125,1.699999451637268,-17.95001220703125,22.849937438964844,12,left,37.05675241351549,133.40430868865576
1960.1771796003243,278.71421813964844,301.26023864746094,7.1768798828125,279.144939723949,301.22205895568374,0.43241042083486314,-1.6592064876267303,0.010882773221342068,91.88834313288021,-1.6933259020400215,9.993998765945435,-7.793999671936035,2.1999990940093994,-17.95001220703125,23.649925231933594,12,left,35.52456199007916,127.88842316428497
1965.2105605815862,278.4041442871094,296.2374267578125,7.0761871337890625,278.8180843050683,296.22317503406373,0.41418528474298083,-1.605212174177733,0.010603165656541097,94.3114568226235,-2.292943190211527,9.794997930526733,-6.794999599456787,2.9999983310699463,-17.750015258789062,24.449913024902344,12,left,35.98990897462664,129.5636723086559
1970.2246574838434,278.3648223876953,291.22515869140625,6.9466094970703125,278.7510173603828,291.23216105296177,0.3862584497411106,-1.5526666388338337,0.01023880235230501,97.66767299447626,-2.7324267101432986,9.794997930526733,-5.795999526977539,3.9989984035491943,-17.400020599365234,24.99990463256836,12,left,36.62468867998931,131.84887924796152
1975.2691148944016,278.5832824707031,286.1875305175781,6.8012542724609375,278.93344814999006,286.21157452092615,0.3509901950873695,-1.5022392880004178,0.010254489451192977,97.51826307487819,-2.953342272501669,9.794998168945312,-4.796999454498291,4.9979987144470215,-16.900028228759766,25.94989013671875,12,left,36.59666412489501,131.74799084962203
1980.342085861861,279.06211853027344,281.13954162597656,6.64776611328125,279.3706445346799,281.1773363108441,0.3108323239292378,-1.4489028271851523,0.011232278572079035,89.02913096241926,-3.1092767718235215,9.794998168945312,-3.797999382019043,5.9969987869262695,-16.550033569335938,27.799861907958984,12,left,34.96750040591787,125.88300146130433
1985.3883500299894,279.82484436035156,276.1538543701172,6.486663818359375,280.0885359075571,276.20243254322423,0.26812883278394134,-1.388615492813816,0.012207333507192386,81.91797163654243,-2.838655918631361,9.794998168945312,-2.798999309539795,6.995998859405518,-16.400035858154297,28.699743270874023,12,left,33.54193528191648,120.75096701489933
1990.388463195694,280.8795928955078,271.26783752441406,6.3622589111328125,281.09788654561027,271.3223020294864,0.2249855550648202,-1.3262872749408865,0.012756820887003528,78.3894364323,-2.183975752930578,9.794998288154602,-1.7999993562698364,7.994998931884766,-16.450035095214844,29.599624633789062,12,left,32.811591243967555,118.1217284782832
1995.3361742578008,282.2336120605469,266.5099182128906,6.2690887451171875,282.40812990490605,266.5656389187242,0.18319736640670004,-1.2617432670352886,0.013356875123238243,74.86781082951083,-1.518247330758915,8.993999600410461,-1.1999999284744263,7.793999671936035,-16.50003433227539,28.89974021911621,12,left,32.06609601951104,115.43794567023976
2000.2262780580118,283.8712921142578,261.9025421142578,6.2124786376953125,284.00543343176764,261.9554794352125,0.1442090600937663,-1.1949205078361755,0.01250376036695948,79.97594088914617,-1.0215261862635883,8.993999481201172,-2.1989998817443848,6.794999599456787,-16.550033569335938,28.19985580444336,12,left,33.14196089810519,119.31105923317868
2005.0665199027999,285.7790069580078,257.4543151855469,6.1695556640625,285.87812800006475,257.4998742928937,0.10908993189423538,-1.1399621541713092,0.008525716911549214,117.29218907624852,-1.0805018084765083,8.993999481201172,-3.197999954223633,5.795999526977539,-16.450035095214844,25.14990234375,12,left,34.818791279497695,125.34764860619171
2009.9058038280548,287.8717498779297,253.09136962890625,6.1078948974609375,287.94215949484243,253.12611432620622,0.07851565540873927,-1.1123901923940873,0.0018902130852873344,529.040883159471,-1.645988007860355,8.993999481201172,-4.197000026702881,4.796999454498291,-16.20003890991211,22.799938201904297,12,left,36.418186760208506,131.10547233675064
2014.7977338178289,290.0277099609375,248.70126342773438,6.0089874267578125,290.0752502702016,248.72415917018182,0.05276642897852662,-1.1219711472878386,-0.00504196158909978,198.33550540367077,-2.6582097866782894,8.993999481201172,-5.196000099182129,3.797999382019043,-15.850042343139648,20.899967193603516,13,right,36.551794036284036,131.58645853062254
2019.7623452808198,292.0959930419922,244.19097900390625,5.8449554443359375,292.125137464601,244.2035857746499,0.03175418142202033,-1.1625380432738865,-0.008515420595718193,117.4340114806343,-3.702389400137718,8.993999481201172,-6.195000171661377,2.798999309539795,-15.400040626525879,19.949981689453125,13,right,34.91628323556606,125.69861964803783
2024.7658487129077,293.9781494140625,239.5595245361328,5.639617919921875,293.9922484106863,239.56489455975253,0.015087042767652551,-1.2068807168865148,-0.011415744695762772,87.59831501585472,-3.5831020831455285,8.993999600410461,-7.194000244140625,1.7999993562698364,-15.150039672851562,19.966421127319336,13,right,33.18650855665891,119.47143080397207
2029.7479547400335,295.61187744140625,234.85537719726562,5.4869384765625,295.6139513574369,234.8560059727632,0.002167137819458277,-1.2764221720342126,-0.0139566696499515,71.65033099450592,-2.914270432751742,10.695996046066284,-7.995997428894043,2.699998617172241,-15.150039672851562,21.79995346069336,13,right,31.369501843008987,112.93020663483236
2034.7040244027346,296.8844909667969,230.06744384765625,5.34991455078125,296.8769913639531,230.0657257024185,-0.0076938979634902475,-1.3455846337164925,-0.01435002180281783,69.68630527123211,-3.4767922464534418,10.695996046066284,-6.996997356414795,3.6989986896514893,-14.550037384033203,23.499927520751953,13,right,30.936575708942026,111.3716725521913
2039.652211747564,297.81446838378906,225.21185302734375,5.1427001953125,297.7994814601359,225.2095534103028,-0.015162325650145882,-1.4185422552297708,-0.015099219319497648,66.22858962706094,-3.2930411969409157,10.695995807647705,-5.997997283935547,4.697998523712158,-13.300032615661621,25.199901580810547,13,right,30.159301217668407,108.57348438360627
2044.6078759440973,298.3779754638672,220.28976440429688,5.0239105224609375,298.35723742901945,220.28819223954088,-0.02079754291656843,-1.4951303714252295,-0.014912668268464047,67.05708073146836,-2.361429373899626,10.695995807647705,-4.998997211456299,5.696998596191406,-11.850027084350586,26.799877166748047,13,right,30.347354856164753,109.2504774821931
2049.5804398505684,298.5737762451172,215.32240295410156,4.90826416015625,298.5487807835174,215.3222975713691,-0.024995683749570112,-1.5665802771069486,-0.01388467690764908,72.02184153446878,-2.5815001257788017,10.695996046066284,-3.99999737739563,6.695998668670654,-10.70002269744873,28.299854278564453,13,right,31.450722911157293,113.22260248016626
2054.5804757642168,298.42698669433594,210.3265380859375,4.766326904296875,298.3990676963997,210.3282929703081,-0.027974096319955982,-1.6335700232789272,-0.013148534855455973,76.05410115979963,-3.116779750203469,10.694997072219849,-2.9999983310699463,7.694998741149902,-10.000020027160645,29.64983367919922,13,right,32.319143326033384,116.34891597372018
2059.614031571537,297.9462585449219,205.31890869140625,4.5953521728515625,297.9167129603799,205.32270213232422,-0.029788114406980603,-1.6984905373145072,-0.012122654839446079,82.49018166763982,-3.5873688667189763,11.093997240066528,-2.399998903274536,8.693998336791992,-9.650018692016602,30.89981460571289,13,right,33.65887928947375,121.17196544210552
2064.7067783676684,297.1482696533203,200.29275512695312,4.40283203125,297.1184189019798,200.29835495928572,-0.03037145827494509,-1.756235422118049,-0.009612714771902758,104.02888504742955,-3.857767723135824,11.842997074127197,-2.1499991416931152,9.692997932434082,-9.650018692016602,31.949798583984375,13,right,35.39525089035934,127.42290320529364
2069.9016852364443,296.0796661376953,195.2130584716797,4.1983184814453125,296.05083018600317,195.2196956569289,-0.02958993643154892,-1.7970266368733057,-0.006035538345072811,165.68530308756348,-3.9172243125973893,12.400020360946655,-2.099999189376831,10.300021171569824,-9.950019836425781,32.99978256225586,13,right,37.082781353479184,133.49801287252507
2075.223441959649,294.82057189941406,190.0465545654297,3.9909210205078125,294.7941121216627,190.0532670828568,-0.027297943674615764,-1.8192426464813916,-0.0024864193932933876,402.18476524809023,-3.8146755535944488,12.400019884109497,-2.1999990940093994,10.200020790100098,-10.40002155303955,33.79977035522461,14,straight,38.73535998543284,139.44729594755822
2080.6787967405417,293.4654235839844,184.76611328125,3.7874298095703125,293.4427776687902,184.77195776824746,-0.023387934993161677,-1.8233663286595347,-0.0003769346117207528,2652.9800366033705,-3.6290658750506966,12.400019407272339,-2.2999989986419678,10.100020408630371,-10.950023651123047,34.049766540527344,14,straight,40.359249078277095,145.29329668179756
2086.2725397914555,292.06773376464844,179.3533935546875,3.5902252197265625,292.0504742269289,179.35784671978988,-0.017824767087434322,-1.8233012158286552,6.889048702346523e-05,14515.792284345203,-3.403293175056948,12.400018692016602,-2.4499988555908203,9.950019836425781,-12.000027656555176,32.99978256225586,14,straight,41.95912382966459,151.05284578679255
2092.0077699686085,290.63841247558594,173.80230712890625,3.4022216796875,290.62808849759443,173.80496278150508,-0.010660066242495148,-1.822569464962566,0.00015178704875407067,6588.177372235665,-3.122865969493377,12.400017976760864,-2.599998712539673,9.800019264221191,-12.050027847290039,31.949798583984375,14,straight,43.538469562491706,156.73849042497014
2097.883456288707,289.17750549316406,168.11380004882812,3.2280731201171875,289.1755425229339,168.11430281585854,-0.0020263333416334958,-1.8215319482448082,0.00046664198848142546,2142.970467047469,-2.794642779835932,12.350016832351685,-2.7999985218048096,9.550018310546875,-12.600029945373535,31.199810028076172,14,straight,45.099173945477226,162.35702620371802
2103.8931666348612,287.69818115234375,162.2911376953125,3.070526123046875,287.70582775891154,162.28921653835087,0.007884252410576957,-1.816944601982384,0.0012413852166851536,805.5517228328853,-2.439824218406575,12.400015830993652,-3.0499982833862305,9.350017547607422,-13.150032043457031,30.699817657470703,14,straight,46.64148487081293,167.90934553492656
2110.030532484898,286.2302551269531,156.33351135253906,2.9321746826171875,286.2485859524026,156.32911218534747,0.018851308539178834,-1.8063293964032412,0.0021552361627701355,463.9862755062049,-2.0719619067335824,12.400015115737915,-3.199998140335083,9.200016975402832,-13.650033950805664,30.349822998046875,14,straight,48.16561275980543,173.39620593529955
2116.2828563282897,284.81959533691406,150.24354553222656,2.814239501953125,284.8495151890296,150.236875390417,0.030654336436730677,-1.790143118311914,0.0028669998945736186,348.7966643782247,-1.681089185329926,12.350014925003052,-3.199998140335083,9.150016784667969,-14.100035667419434,29.999828338623047,14,straight,49.67022211643863,178.81279961917906
2122.5777307208077,283.5074462890625,144.087646484375,2.7214202880859375,283.5496870056183,144.07910424832528,0.04309579946907319,-1.7703328282859099,0.0036452109747560912,274.3325439666526,-1.2760729688984922,11.800016164779663,-2.4999988079071045,9.300017356872559,-14.400036811828613,29.499835968017578,14,straight,51.14037043074478,184.10533355068122
2128.904497156017,282.3314666748047,137.8715057373047,2.6533050537109375,282.3866411783444,137.86184674599903,0.0560135872257534,-1.7441027194706802,0.004621143109559217,216.39667421928942,-0.8659787525263446,11.750016450881958,-2.399998903274536,9.350017547607422,-14.600037574768066,28.299854278564453,15,left,50.05221071566084,180.18795857637903
2135.295975036799,281.3284606933594,131.55935668945312,2.6115570068359375,281.3970580424655,131.54964071486964,0.06928200680188111,-1.711498178646396,0.005621878250348378,177.87649526882439,-0.4215744694829826,11.750016927719116,-2.2999989986419678,9.450017929077148,-14.600037574768066,26.999874114990234,15,left,48.52569259989785,174.69249335963227
2141.779521317809,280.54345703125,125.12351989746094,2.599456787109375,280.62584002446346,125.11518511983279,0.0828035391086639,-1.6716243442825702,0.006236790334062728,160.33888369445742,-0.07470092643590276,11.800018310546875,-2.049999237060547,9.750019073486328,-14.400036811828613,26.399883270263672,15,left,46.926476840475445,168.9353166257116
2148.3523432117736,280.0203399658203,118.57154846191406,2.6020050048828125,280.1166640114942,118.56583395389151,0.09649340587278742,-1.6300527452899194,0.006334008112315964,157.87791588955835,-0.008486340812546844,11.75001871585846,-1.8999992609024048,9.850019454956055,-14.150035858154297,25.899890899658203,15,left,46.564957820524164,167.633848153887
2155.011885581152,279.76548767089844,111.91688537597656,2.5982513427734375,279.8757306157333,111.91500968665362,0.11025890030420198,-1.5878088291821695,0.00614318847088717,162.7819176864005,0.07921731227749917,11.80001711845398,-2.2999989986419678,9.500018119812012,-14.100035667419434,25.049903869628906,15,left,47.2826274386801,170.21745877924837
2161.7603669335094,279.7878875732422,105.16845703125,2.6128692626953125,279.9118296933284,105.17131759679206,0.12397512640321022,-1.5477205735253188,0.00551308332441143,181.38670162522143,0.49415626281357483,11.90001392364502,-3.0499982833862305,8.850015640258789,-14.05003547668457,22.549942016601562,15,left,48.93396675587345,176.1622803211444
2168.59870359487,280.0689697265625,98.33610534667969,2.6658935546875,280.20619935988015,98.3440481935963,0.1374593069880274,-1.5129808626118182,0.004656441595403543,214.75626387907838,1.0732643880648929,12.650012493133545,-3.9499974250793457,8.7000150680542,-13.75003433227539,20.949966430664062,15,left,50.5522986699913,181.9882752119687
2175.5284081912687,280.57115173339844,91.42527770996094,2.7611846923828125,280.7210287543026,91.43836630239933,0.1504474414774782,-1.4836884357532454,0.0043194844046147984,231.50911227544475,1.6620612225436981,13.550015449523926,-4.850000381469727,8.7000150680542,-15.884366989135742,20.149978637695312,15,left,51.66090631984831,185.97926275145392
2182.546451741694,281.2884063720703,84.44532775878906,2.898223876953125,281.44985358095386,84.46448037518284,0.1625792851842347,-1.452717352421714,0.004780317262264591,209.1911363067705,2.262985589137828,14.450018882751465,-5.650003433227539,8.800015449523926,-22.90007209777832,19.39999008178711,15,left,50.03615117529454,180.13014423106034
2189.646145813372,282.24822998046875,77.41319274902344,3.0811767578125,282.41955944856596,77.43990308548265,0.17339904472699613,-1.416140849367425,0.0056970907463024245,175.5281852670205,3.0529230837206183,14.94901704788208,-6.649003505706787,8.300013542175293,-29.996408462524414,18.300006866455078,15,left,48.33695508835179,174.01303831806646
2196.8148656843423,283.50535583496094,70.360107421875,3.3344879150390625,283.68411897935414,70.39624086582559,0.18237841858365453,-1.3713532650290476,0.006335803431714568,157.8331794503581,3.9821888418945877,15.698016166687012,-7.648003578186035,8.050012588500977,-37.15965270996094,21.053377151489258,15,left,46.55836000732004,167.61009602635215
2204.0378411751317,285.1002197265625,63.32269287109375,3.6547698974609375,285.28350235148923,63.368682863370815,0.188964546912062,-1.3249482936311188,0.006553640087226545,152.58695727723324,4.86708586338905,17.24802303314209,-8.298007011413574,8.950016021728516,-44.3745231628418,26.109119415283203,15,left,45.77804354977964,164.8009567792067
2211.30626815849,287.03578186035156,56.32733154296875,4.040191650390625,287.2201391128532,56.383235965239805,0.19264708920567186,-1.2763700648871354,0.006423479983523495,155.67885360661876,5.634301483669846,18.796021461486816,-8.847005844116211,9.949015617370605,-46.24958038330078,29.999523162841797,15,left,46.23952179070737,166.46227844654655
2218.617744692581,289.31524658203125,49.39398193359375,4.476531982421875,289.4972624144547,49.45826103092031,0.19303255063827346,-1.2313170254134986,0.006130416176481329,163.12106245517074,6.222747986735594,20.344019889831543,-9.396004676818848,10.948015213012695,-45.89958572387695,31.02863311767578,15,left,47.33185683827875,170.3946846178035
2225.969000105254,291.9114074707031,42.532928466796875,4.95281982421875,292.0874626303472,42.6041289995976,0.18990770155105788,-1.1864839322995104,0.005827916762234597,171.58790023908477,6.715655875794358,19.904022216796875,-9.063672065734863,10.840350151062012,-45.249595642089844,31.349807739257812,15,left,48.544703335004435,174.76093200601596
2233.3620015812785,294.8193054199219,35.75529479980469,5.4669036865234375,294.9862468995892,35.83092713803227,0.1832749525147544,-1.1454113959128918,0.0055515553100481535,180.12970134514,7.139921317012576,18.346016883850098,-8.398005485534668,9.94801139831543,-44.899600982666016,24.987457275390625,15,left,49.738328462807765,179.05798246610794
2240.795631653565,298.0184020996094,29.067398071289062,6.0115814208984375,298.1732192945879,29.14538331695568,0.17334953822468185,-1.1041733965113596,0.005778864713096674,173.04436937824386,7.474298509713023,16.348018169403076,-7.399006366729736,8.94901180267334,-43.19962692260742,21.749954223632812,15,left,48.75029609182698,175.50106593057714
2248.2227528754474,301.4922790527344,22.5272216796875,6.5776214599609375,301.63227256096116,22.60576004902856,0.16051933778953237,-1.0595361352779709,0.005894744135355581,169.64264725286134,7.638498443719416,14.350018501281738,-6.400006294250488,7.95001220703125,-35.79510498046875,22.437238693237305,15,left,48.268748868919296,173.76749592810947
2255.5954167658,305.22625732421875,16.195159912109375,7.1420440673828125,305.3498158347053,16.271574853334908,0.14527886548344188,-1.0169199391456591,0.00594988845994085,168.07037757644645,7.539014725653242,12.900012969970703,-5.500002861022949,7.400010108947754,-28.445077896118164,23.124523162841797,15,left,48.044547720161916,172.9603717925829
2262.9356569209963,309.2145233154297,10.057083129882812,7.6869049072265625,309.3203824554638,10.129317278631774,0.12815588076341086,-0.9720069705991259,0.005976546437877442,167.32071111542268,7.213604899677328,11.850008964538574,-4.549999237060547,7.300009727478027,-21.126087188720703,21.935626983642578,15,left,47.93727825460281,172.57420171657012
2270.261056866471,313.46136474609375,4.110443115234375,8.200027465820312,313.54921281131715,4.176059069720218,0.10964823777233591,-0.9292658441565935,0.005544832122735849,180.34811115374126,6.684771087406727,11.800010204315186,-3.749997615814209,8.050012588500977,-13.819681167602539,20.746728897094727,15,left,49.70364033725768,178.93310521412766
2277.584146688861,317.94873046875,-1.6579132080078125,8.6661376953125,318.0188515297881,-1.60120737774097,0.09018045457505616,-0.8907822151774735,0.005382139562636584,185.79971558933775,5.99518740403715,11.800013303756714,-3.0999982357025146,8.7000150680542,-11.650026321411133,19.84998321533203,15,left,50.51507986635243,181.85428751886874
2284.931069888872,322.6739196777344,-7.2685394287109375,9.079345703125,322.7265905243549,-7.222297595248547,0.07008940894091252,-0.8503037216554445,0.0053864614453354095,185.65063727801936,5.198421819918875,11.800015687942505,-2.599998712539673,9.200016975402832,-11.050024032592773,20.49997329711914,15,left,50.49481015288916,181.781316550401
2292.306595709091,327.64239501953125,-12.708099365234375,9.431228637695312,327.67839538032956,-12.673930089899288,0.04963431629964047,-0.811487368138109,0.005183361847869904,192.9249836977808,4.282528696474264,11.800017595291138,-2.1999990940093994,9.600018501281738,-10.600022315979004,21.44995880126953,15,left,51.4745735883778,185.3084649181601
2299.7147904198214,332.83921813964844,-17.980239868164062,9.712142944335938,332.85950108402574,-17.9594758889172,0.029026551065803048,-0.77367955436624,0.005038052515555953,198.4893958354559,3.2178308138827494,11.800018906593323,-1.8999992609024048,9.900019645690918,-10.200020790100098,22.899822235107422,15,left,50.55882793550228,182.01178056780822
2307.1648106774937,338.2630615234375,-23.083770751953125,9.908859252929688,338.268754187322,-23.07749397385094,0.008473745656189493,-0.736636392090871,0.005528247547764743,180.8891500172299,2.4075083353371385,11.750019907951355,-1.6499994993209839,10.100020408630371,-10.000020027160645,22.349945068359375,15,left,48.79335820852146,175.65608955067725
2314.6556811622168,343.91761779785156,-27.994232177734375,10.0716552734375,343.9101185019084,-28.003299361224496,-0.011766616169743468,-0.6910370597575637,0.006230191135374097,160.5087192786348,2.3279324907764964,11.800020337104797,-1.5999995470046997,10.200020790100098,-9.950019836425781,21.44995880126953,15,left,46.95132320364113,169.02476353310809
2322.184350151711,349.83299255371094,-32.64764404296875,10.258621215820312,349.81420637782634,-32.672715781939786,-0.03132909988171304,-0.6430509625878532,0.006320353457141978,158.21899942478746,2.6183739631315928,11.800020337104797,-1.5999995470046997,10.200020790100098,-10.600022315979004,20.099979400634766,15,left,46.61523075240571,167.81483070866057
2329.742569248047,355.9832763671875,-37.03596496582031,10.466766357421875,355.9553991413802,-37.077092620740316,-0.04968524648153529,-0.5956857583398918,0.006034926913837564,165.70208956583826,2.8757072955508667,11.750019907951355,-1.6499994993209839,10.100020408630371,-10.350021362304688,18.75,15,left,47.70484774210293,171.73745187157056
2337.340991919195,362.3622283935547,-41.158233642578125,10.694580078125,362.3275867839036,-41.21453313960476,-0.06610351340640735,-0.5516004242412926,0.005607082691567476,178.34586272535373,3.110382435025749,11.750019192695618,-1.7999993562698364,9.950019836425781,-10.70002269744873,17.65001678466797,15,left,49.49143439697427,178.1691638291074
2344.980790251557,368.95013427734375,-45.01898193359375,10.940826416015625,368.91123769005617,-45.088477347335726,-0.07964017223607055,-0.5102599588815991,0.004886585144780752,204.64188597390483,3.3370324332430146,11.800018310546875,-2.049999237060547,9.750019073486328,-11.100024223327637,17.200023651123047,15,left,51.27644186765639,184.595190723563
2352.6604638675126,375.7108154296875,-48.65220642089844,11.205886840820312,375.66989022564775,-48.73143774705948,-0.08917665261115414,-0.4767824675917749,0.0036596257495069354,273.2519848879987,3.5297288851878106,11.800016403198242,-2.4499988555908203,9.350017547607422,-11.60002613067627,17.350021362304688,16,straight,53.01022284636425,190.8368022469113
2360.3020910708747,382.53758239746094,-52.074737548828125,11.4815673828125,382.4965596354356,-52.15877179567663,-0.09351268174738203,-0.4541366286171336,0.0025355908239355802,394.38539947382543,3.6323478171339407,11.800014019012451,-2.949998378753662,8.850015640258789,-12.100028038024902,24.621828079223633,16,straight,54.680875972291766,196.85115350025035
2367.886225583776,389.3769226074219,-55.34056091308594,11.7589111328125,389.33810097231895,-55.423425550072224,-0.0915077451090048,-0.43812714953789744,0.0013297010676234823,752.0487306122549,3.901427765074117,12.100013256072998,-3.3499979972839355,8.750015258789062,-12.500029563903809,32.19989013671875,16,straight,55.596294536679565,200.14666033204645
2375.415484681938,396.19927978515625,-58.51039123535156,12.070938110351562,396.1646980848822,-58.58501460416305,-0.08224683073906426,-0.43395490407670617,-0.0005326832290359872,1877.288312248407,4.15058111586164,12.69399619102478,-3.699997663497925,8.993998527526855,-12.800030708312988,39.721683502197266,16,straight,53.97850581483437,194.32262093340373
2382.8882837311508,402.9605407714844,-61.67765808105469,12.381576538085938,402.93241931677994,-61.736474004378906,-0.06519301382182519,-0.44599623053930454,-0.003192148495701961,313.26863438415876,3.9176480397236424,12.094995975494385,-4.099997520446777,7.994998455047607,-13.150032043457031,47.1870231628418,16,straight,52.323412629409404,188.36428546587385
2390.30149690478,409.5915069580078,-64.98092651367188,12.654403686523438,409.57285791175906,-65.01663582588444,-0.040285753122939735,-0.4812856306486682,-0.00503263213983304,198.70317802190397,3.347829021952109,11.695998191833496,-4.699999809265137,6.995998382568359,-13.700034141540527,47.4995231628418,17,right,50.6280832960079,182.26109986562844
2397.646725353005,416.0341491699219,-68.50166320800781,12.876113891601562,416.03019421763156,-68.50856694172566,-0.007956329987216874,-0.5202331842573213,-0.005745802197430927,174.04010191076918,2.7364972515531827,11.64700174331665,-5.650003433227539,5.996998310089111,-14.550037384033203,43.7495231628418,17,right,48.890354464275504,176.00527607139182
2404.924099642355,422.2646179199219,-72.25791931152344,13.054931640625,422.2811926928737,-72.23178765207514,0.030944898188981523,-0.5652443221012947,-0.006179440194244629,161.82695657955784,2.106354256526466,11.548005104064941,-6.550006866455078,4.997998237609863,-15.750041961669922,36.475345611572266,17,right,47.14373152035854,169.71743347329075
2412.1313935059097,428.2637939453125,-76.25027465820312,13.18170166015625,428.3069087219111,-76.18855281996977,0.07528923745163985,-0.6097411114326209,-0.006499407005394045,153.860190502006,1.3580634420676696,11.54800534248352,-7.549006938934326,3.9989984035491943,-17.00002670288086,29.270166397094727,17,right,45.89785661430904,165.23228381151256
2419.264426431807,434.0110626220703,-80.47453308105469,13.250274658203125,434.0868347052572,-80.37657863485833,0.12384055119435224,-0.6583998400417808,-0.007084226782075584,141.15866568955508,0.6818779636069472,11.54800534248352,-8.548007011413574,2.9999983310699463,-17.45001983642578,22.13846206665039,17,right,44.0303658238306,158.50931696579016
2426.322832917197,439.48097229003906,-84.93551635742188,13.278884887695312,439.5953452498597,-84.80251552783673,0.17541492128226477,-0.7102374944773655,-0.007588694149997022,131.77497738532426,0.21357159482530141,11.80001711845398,-9.500018119812012,2.2999989986419678,-17.500019073486328,15.081114768981934,17,right,42.54171528523554,153.15017502684796
2433.30744731905,444.65423583984375,-89.6282958984375,13.280548095703125,444.81281406868993,-89.46309016806522,0.22899779040820148,-0.7649321212039756,-0.007992812658172269,125.11240320108689,-0.12653536974104318,11.800019145011902,-9.950019836425781,1.8499993085861206,-17.30002212524414,13.100031852722168,17,right,41.08729827444374,147.91427378799747
2440.215278619359,449.4995422363281,-94.55178833007812,13.26153564453125,449.7072875828337,-94.35843042295296,0.2838052311754687,-0.8212524566711549,-0.008725169163074843,114.61095840204767,-0.3334318893166821,11.800020098686218,-10.150020599365234,1.6499994993209839,-17.050025939941406,12.350028991699219,17,right,39.05800941367375,140.6088338892255
2447.0484818138752,453.9983825683594,-99.69497680664062,13.234817504882812,454.2609104276971,-99.48003803551549,0.33929272356071066,-0.8847400500597059,-0.010064139924869597,99.36268846271602,0.13449287972766566,11.800020098686218,-10.150020599365234,1.6499994993209839,-17.100025177001953,12.200028419494629,17,right,36.941131051267796,132.98807178456406
2453.8344645624875,458.1039276123047,-105.09794616699219,13.27935791015625,458.42721428481326,-104.87076514198243,0.39512718300079375,-0.958245090094558,-0.010406389190080093,96.094810768105,1.2069199691369104,11.75001871585846,-9.850019454956055,1.8999992609024048,-17.050025939941406,12.100028038024902,17,right,36.32858559164056,130.78290812990602
2460.6026007157975,461.80242919921875,-110.76492309570312,13.398208618164062,462.18821375595616,-110.53104687795287,0.4511405650639685,-1.0258046541045087,-0.009768153086298637,102.3734979545577,2.1954717491713627,11.8000168800354,-9.450017929077148,2.349998950958252,-16.85002899169922,12.050027847290039,17,right,37.49663479444383,134.9878852599978
2467.37703023177,465.12330627441406,-116.66685485839844,13.576736450195312,465.5731989924571,-116.43248251601987,0.5072808419605183,-1.0905282517957648,-0.00904411650327816,110.56911967438022,2.907076707921652,11.80001425743103,-8.900015830993652,2.899998426437378,-16.85002899169922,12.400029182434082,17,right,38.9686577855581,140.28716802800918
2474.1726630220473,468.0819091796875,-122.78082275390625,13.792816162109375,468.5959727946596,-122.54984627601436,0.5635703448350793,-1.1485122179449574,-0.008174443264284154,122.33249013657094,3.4076519882169976,11.846999645233154,-8.297001838684082,3.5499978065490723,-15.800042152404785,12.300028800964355,17,right,40.970143617300536,147.49251702228193
2481.002826097523,470.7106628417969,-129.0799560546875,14.041213989257812,471.28902053337,-128.8563576372348,0.6200756983539373,-1.2018867542683056,-0.007555932240165,132.34634300772433,3.8673051768877365,11.648000717163086,-7.298002243041992,4.349998474121094,-14.95003890991211,12.300028800964355,17,right,42.63384424219901,153.48183927191644
2487.8757072409026,473.02210998535156,-135.54635620117188,14.322952270507812,473.66489936686304,-135.33422185013984,0.6768893350258247,-1.2520293285861452,-0.00683964462106558,146.20642670820598,3.950848996062395,11.648000717163086,-6.299002170562744,5.348998546600342,-13.850034713745117,13.400032997131348,17,right,44.49112033325087,160.16803319970313
2494.7979127950216,475.04498291015625,-142.16116333007812,14.586090087890625,475.75159802277733,-141.96209702561606,0.7341200930070737,-1.296195092659868,-0.006308661394570786,158.5122322241921,3.582767882487059,11.648000717163086,-5.300002098083496,6.34799861907959,-12.650030136108398,14.400036811828613,17,right,46.286458020397156,166.63124887342977
2501.7765582590664,476.7889099121094,-148.91432189941406,14.82073974609375,477.55975036457437,-148.73295687727386,0.7918890543581905,-1.3397169709749628,-0.006268066977305989,159.5388185258032,3.208135062136308,11.846997737884521,-4.499999046325684,7.346998691558838,-11.800026893615723,15.150039672851562,17,right,46.80925264980612,168.51330953930204
2508.817870162453,478.2460174560547,-155.79986572265625,15.035675048828125,479.0815649101657,-155.64201422725768,0.8503273738219481,-1.3840771066136806,-0.005831180066556821,171.49187447241314,2.910486805249235,11.80000901222229,-3.99999737739563,7.80001163482666,-11.30002498626709,15.550041198730469,17,right,48.53111789361669,174.71202441702007
2515.9281023723015,479.4331970214844,-162.80752563476562,15.232421875,480.33274342889354,-162.6728381960511,0.9095737711863918,-1.4221722367747716,-0.005211613591410466,191.87915267704275,2.7028231243835688,11.800009965896606,-3.799997568130493,8.000012397766113,-11.100024223327637,15.750041961669922,17,right,50.226215377557544,180.81437535920716
2523.112432241977,480.3609161376953,-169.92918395996094,15.42193603515625,481.32457906745606,-169.82056274939833,0.9697653373776399,-1.458553065113002,-0.0038161466479570694,262.0444370331886,2.596369642301144,11.650008916854858,-3.8999974727630615,7.750011444091797,-11.1500244140625,15.650041580200195,18,straight,51.88275796066006,186.77792865837623
2530.3762530370063,481.0943145751953,-177.15350341796875,15.60748291015625,482.120818581498,-177.05705066731025,1.0310255128099506,-1.4771090287019504,-0.0013750110798970011,727.2668668785619,2.45927188017403,11.300006866455078,-4.149997711181641,7.1500091552734375,-11.45002555847168,15.400040626525879,18,straight,53.50551345798495,192.6198484487458
2537.7239581807303,481.76731872558594,-184.46826171875,15.781112670898438,482.85610816787164,-184.3674237741256,1.0934490114810564,-1.4784450388727,0.0004891520357049178,2044.3541619098003,2.200227299911117,11.050005912780762,-4.499999046325684,6.550006866455078,-11.800026893615723,15.050039291381836,18,straight,55.09840596883402,198.3542614878025
2545.1548411595545,482.48095703125,-191.86325073242188,15.932373046875,483.63214426085966,-191.7465506680017,1.1570872666536798,-1.4697677993032612,0.0012324785095819413,811.3731738326226,1.773030229056305,11.000005722045898,-4.850000381469727,6.150005340576172,-12.150028228759766,14.700037956237793,18,straight,56.66380722436397,203.9897060077103
2552.6678698773267,483.2765655517578,-199.3331756591797,16.045639038085938,484.49101394184584,-199.19808595477255,1.2219386729391102,-1.4600162918667126,0.0010406933665729062,960.897832272235,1.269067582497585,10.950005531311035,-5.100001335144043,5.850004196166992,-12.400029182434082,14.450037002563477,18,straight,58.203726661538695,209.53341598153932
2560.2637977207746,484.1402282714844,-206.8794403076172,16.12371826171875,485.4194137816447,-206.7294657363674,1.2879471811474872,-1.4540868958246385,0.0009155179819230891,1092.2778358754379,0.8190628692650748,10.950005531311035,-5.300002098083496,5.650003433227539,-12.600029945373535,14.250036239624023,18,straight,57.86405050012108,208.3105818004359
2567.929630396603,485.05865478515625,-214.4899139404297,16.17034912109375,486.40313162391527,-214.32128571019354,1.355010498111382,-1.4460249263140093,0.0017137643661895574,583.5107904731584,0.4016862316665204,10.950005531311035,-5.450002670288086,5.500002861022949,-12.750030517578125,14.100035667419434,18,straight,56.282892389791584,202.6184126032497
2575.601586140988,486.0741882324219,-222.09434509277344,16.185302734375,487.4826591573799,-221.891545374635,1.4229961602650327,-1.4277934293065047,0.003222205704018058,310.346418527225,-0.015450208251865938,11.000005722045898,-5.5500030517578125,5.450002670288086,-12.800030708312988,14.05003547668457,18,straight,54.65469284256442,196.75689423323192
2583.26876880925,487.2787780761719,-229.66629028320312,16.167999267578125,488.74795689916107,-229.40775509863772,1.491752947232952,-1.3966071388768475,0.004661296947501406,214.53256706505897,-0.41310474605325,11.100006103515625,-5.500002861022949,5.600003242492676,-12.650030136108398,14.150035858154297,19,left,52.977535814470414,190.7191289320935
2590.9214047602395,488.7536163330078,-237.17532348632812,16.1220703125,490.2790063051399,-236.84318149108483,1.5611319201417118,-1.3564004646502084,0.0052291202186275365,191.23675842022723,-0.7909743920641921,10.748003482818604,-4.7479987144470215,6.000004768371582,-12.300028800964355,14.600037574768066,19,left,51.24885989115661,184.4958956081638
2598.5599312001373,490.5244903564453,-244.60536193847656,16.047103881835938,492.1030837998066,-244.19529644105225,1.6309846632022733,-1.3166471120298169,0.005099121808090051,196.11220081337186,-1.2632824387907249,10.499006271362305,-3.7489986419677734,6.750007629394531,-11.60002613067627,15.400040626525879,19,left,51.89802468274538,186.83288885788338
2606.2110280728693,492.59519958496094,-251.969970703125,15.928848266601562,494.22416068694986,-251.47968380117464,1.7011453547586992,-1.2784394599841151,0.004680721314892472,213.64228560635266,-1.8432797953827906,10.499006271362305,-2.7499985694885254,7.749007701873779,-10.650022506713867,16.550033569335938,19,left,53.60543247416676,192.97955690700036
2613.906999259223,494.93702697753906,-259.29913330078125,15.763946533203125,496.6151416907422,-258.7319085960365,1.7713872688775938,-1.2448399395733307,0.004216485581053198,237.16433526857196,-2.2579092336435513,10.648007035255432,-1.8999992609024048,8.748007774353027,-9.700018882751465,17.200023651123047,19,left,55.269669226022735,198.97080921368186
2621.6629672283675,497.5369415283203,-266.6040344238281,15.579818725585938,499.26187534522103,-265.959699313075,1.8413485296479997,-1.2133045749778857,0.004105101836545749,243.59931612353205,-2.3557218416251247,10.800017952919006,-1.2999998331069946,9.500018119812012,-9.200016975402832,17.80001449584961,19,left,56.89765237880646,204.83154856370328
2629.4906320037776,500.3890380859375,-273.8913116455078,15.396865844726562,502.1560552501643,-273.16510599795396,1.910425162420951,-1.180861899853312,0.004498270029468912,222.30768572114042,-2.169863704488062,10.950020134449005,-0.9500001072883606,10.000020027160645,-8.950016021728516,18.10000991821289,19,left,55.255531448843584,198.9199132158369
2637.3910871433586,503.52906799316406,-281.1392364501953,15.238784790039062,505.3280768827939,-280.31788749067414,1.9776367457836357,-1.1425035201450422,0.004769917824931233,209.64721756279246,-1.7038588801017718,11.000021278858185,-0.7000001072883606,10.300021171569824,-8.900015830993652,18.350006103515625,19,left,53.65906154609296,193.17262156593466
2645.3605295878965,506.9763641357422,-288.3236389160156,15.126876831054688,508.8005168420817,-287.4070590566982,2.041482729427858,-1.1051756122130982,0.004321553016964075,231.39829502832478,-1.2871867264787396,11.15002167224884,-0.7500001192092896,10.40002155303955,-9.000016212463379,18.550003051757812,19,left,55.37984686618041,199.36744871824948
2653.3914924163537,510.6976776123047,-295.4397735595703,15.032974243164062,512.5430634634461,-294.4378685771003,2.0998244053946467,-1.0734016734630794,0.003460871160972004,288.94459039010997,-1.2226526975804286,11.35002189874649,-0.9000001549720764,10.450021743774414,-9.150016784667969,18.650001525878906,20,straight,57.06144431886375,205.4211995479095
2661.405165779654,514.6116943359375,-302.4318389892578,14.93072509765625,516.4761220448421,-301.36144970331907,2.1498427628976957,-1.0496300760948198,0.0022941781482658657,435.8859405734837,-1.430179010556154,11.500021815299988,-1.0500000715255737,10.450021743774414,-9.150016784667969,18.650001525878906,20,straight,55.999726771460956,201.59901637725946
2669.368659684928,518.6262969970703,-309.3081970214844,14.80462646484375,520.5096583955899,-308.19426422179384,2.188126239424965,-1.0366799552455475,0.0010127061233022316,987.453296657475,-1.7270663657479424,12.35002076625824,-1.949999213218689,10.40002155303955,-9.050016403198242,18.60000228881836,20,straight,54.29987935504564,195.4795656781643
2677.180468454122,522.6181945800781,-316.0214538574219,14.658706665039062,524.5175565074596,-314.8898119791353,2.2109249358307688,-1.0334699914626357,-0.00017566801501163465,5692.555926779096,-1.9790267310883403,12.350021004676819,-1.8999992609024048,10.450021743774414,-9.400017738342285,18.45000457763672,20,straight,52.57904213953126,189.28455170231254
2684.767741662848,526.4874420166016,-322.5460662841797,14.5003662109375,528.3963120915296,-321.4233381991841,2.2145661687548754,-1.0391254510860048,-0.0014296654772536638,699.4643263828152,-2.176837916047969,12.300021052360535,-1.8499993085861206,10.450021743774414,-9.100016593933105,18.200008392333984,20,straight,50.851950915224094,183.06702329480675
2692.1169796714917,530.1689910888672,-328.9045104980469,14.333984375,532.0787290817293,-327.82044833557427,2.1959713052510557,-1.0545035515706838,-0.0026700099107477143,374.53044498998065,-2.3421959386326296,12.250020861625671,-1.8499993085861206,10.40002155303955,-9.350017547607422,17.900012969970703,20,straight,49.12118129899621,176.83625267638638
2699.2474637330547,533.6208648681641,-335.1413879394531,14.16156005859375,535.517357663349,-334.12186873508887,2.1531614733354294,-1.0775375371701468,-0.004067714215712545,245.83831286309507,-2.500412809178898,12.20001995563507,-1.9999991655349731,10.200020790100098,-9.750019073486328,17.45001983642578,21,right,47.38154002840574,170.57354410226066
2706.237567401491,536.8299102783203,-341.3487243652344,13.98114013671875,538.6995791226525,-340.42452420160544,2.0856192197806074,-1.111709283247782,-0.005694459886968081,175.60927987016396,-2.6894612255667028,11.996001720428467,-2.349998950958252,9.646002769470215,-10.40002155303955,16.85002899169922,21,right,45.61178942656984,164.20244193565145
2713.1688335029403,539.7651977539062,-347.6247863769531,13.787277221679688,541.5910544375754,-346.82234274869273,1.99440928744198,-1.1567177870770466,-0.006835229013168326,146.30087712839796,-2.9819889176948444,11.597001552581787,-2.949998378753662,8.647003173828125,-11.250024795532227,16.100040435791016,21,right,43.786363237898954,157.63090765643625
2720.0380625917132,542.3746948242188,-353.975341796875,13.569839477539062,544.1328690335906,-353.30390819691866,1.8820200927861663,-1.2059966242535674,-0.007690605281562152,130.02877711035967,-3.447933401752268,11.59800100326538,-3.9499974250793457,7.648003578186035,-12.450029373168945,15.1000394821167,21,right,41.8988839461764,150.83598220623503
2726.8373027538255,544.6231536865234,-360.3870391845703,13.316390991210938,546.2921360046371,-359.85419958511034,1.751976032064551,-1.2617646234586637,-0.008447581134854831,118.37708144334795,-3.9301101725910725,11.59800100326538,-4.948997497558594,6.649003505706787,-14.400036811828613,13.850034713745117,21,right,39.9428988126599,143.79443572557562
2733.560563896134,546.4810485839844,-366.842529296875,13.0386962890625,548.0391436568761,-366.44367908866576,1.6083350847252724,-1.320191955681059,-0.009556462242808789,104.6412338156306,-4.069368624066039,11.59800100326538,-5.947997570037842,5.650003433227539,-15.600041389465332,12.600029945373535,21,right,37.90966506346199,136.47479422846317
2740.1978147387804,547.9087066650391,-373.31895446777344,12.772598266601562,549.3400110647112,-373.05628126213895,1.455207716265659,-1.3892958115714544,-0.010439533927982733,95.78971694507759,-3.7454679452283757,11.69699764251709,-6.94699764251709,4.75,-15.950042724609375,11.800026893615723,21,right,36.27086947570592,130.57513011254133
2746.7436618031707,548.8652648925781,-379.79051208496094,12.544448852539062,550.1534050460276,-379.64435031355566,1.2964059234472642,-1.4578122672793208,-0.010767458898614912,92.87242323522001,-3.2243399626657343,12.050009727478027,-7.700011253356934,4.349998474121094,-16.20003890991211,11.30002498626709,21,right,35.7142809071177,128.5714112656237
2753.1992218862306,549.3672027587891,-386.2236785888672,12.352920532226562,550.5014935128942,-386.1765077490199,1.1352711583494868,-1.5292340772086492,-0.010901727019901705,91.72858558781051,-2.7816182015422353,12.10000991821289,-7.700011253356934,4.399998664855957,-15.950042724609375,11.250024795532227,21,right,35.493666962755334,127.7772010659192
2759.568503414266,549.4139556884766,-392.59063720703125,12.187393188476562,550.388267621142,-392.61681021606296,0.9746634129461972,-1.597652937274618,-0.010807587069835436,92.52759136135525,-2.5444522470451814,11.900009155273438,-7.250009536743164,4.649999618530273,-15.550041198730469,11.500025749206543,21,right,35.64791634523473,128.332498842845
2765.8670337498984,549.0268859863281,-398.87530517578125,12.030517578125,549.8402211088872,-398.9530818919653,0.8170454327444702,-1.6661333285659228,-0.010946611891705371,91.35246685394362,-2.3749654149725186,11.700008392333984,-6.8000078201293945,4.90000057220459,-15.150039672851562,11.700026512145996,21,right,35.420824097867374,127.51496675232255
2772.13582547603,548.2190246582031,-405.0902099609375,11.88885498046875,548.8746424093474,-405.1989898583881,0.6645808466280508,-1.7352181332619105,-0.010490611486511897,95.32332803342597,-2.132906534559864,11.700008392333984,-6.400006294250488,5.300002098083496,-14.850038528442383,12.150028228759766,21,right,36.18246242602999,130.25686473370797
2778.41736343196,546.9895477294922,-411.24896240234375,11.762863159179688,547.495408821282,-411.36579829152373,0.5191782634002693,-1.797780441080983,-0.009399297102429982,106.39093424778241,-2.0093293814681834,11.700008392333984,-5.800004005432129,5.9000043869018555,-14.750038146972656,12.900031089782715,21,right,38.17149613056177,137.4173860700224
2784.737124291691,545.3969879150391,-417.3634490966797,11.635650634765625,545.7642443635797,-417.4701783603785,0.3824505650725635,-1.8536185130072793,-0.008602305040746577,116.24791207278695,-2.0661365302021784,11.750008583068848,-5.100001335144043,6.650007247924805,-14.300036430358887,13.650033950805664,21,right,39.95683701705699,143.84461326140516
2791.1104548580456,543.4537200927734,-423.4317932128906,11.50054931640625,543.6950247623234,-423.5161074127957,0.2556106958878281,-1.9069451981585526,-0.007848402740100596,127.41446038320692,-2.1900286049459927,11.750008583068848,-4.2999982833862305,7.450010299682617,-13.450033187866211,14.300036430358887,21,right,41.79237393666345,150.45254617198844
2797.5474488003265,541.1841735839844,-429.4536590576172,11.355010986328125,541.3134132540051,-429.50577366729647,0.13935144365635116,-1.9540927172374505,-0.006946285300592492,143.96183812298983,-2.3513429597236457,11.750011444091797,-3.449997901916504,8.300013542175293,-12.750030517578125,14.95003890991211,21,right,43.56782189459289,156.8441588205344
2804.0570239085328,538.6214447021484,-435.43544006347656,11.195999145507812,538.6522002504292,-435.4493974770818,0.033774445141253384,-1.9968205539010557,-0.006293380242013674,158.89712071171994,-2.4825736735287096,11.7000150680542,-2.649998664855957,9.050016403198242,-12.100028038024902,15.650041580200195,21,right,45.29256606758526,163.05323784330696
2810.647639936614,535.778564453125,-441.3790588378906,11.02972412109375,535.7235421053194,-441.3514065825694,-0.06158007780437558,-2.036493091133059,-0.005609092077157096,178.28197259811049,-2.4551395946945997,11.70001769065857,-2.099999189376831,9.600018501281738,-11.550025939941406,16.20003890991211,21,right,46.97431217965534,169.10752384675925
2817.326697305034,532.6738128662109,-447.2904815673828,10.870330810546875,532.5443247905442,-447.21967767611136,-0.14758168165134247,-2.0711782839267845,-0.004525533332728732,220.96843100634868,-2.2199439477085026,11.800018906593323,-1.8999992609024048,9.900019645690918,-11.1500244140625,16.50003433227539,21,right,48.61931438671057,175.02953179215805
2824.101119991806,529.3423461914062,-453.1875,10.73138427734375,529.1475768172915,-453.0743074821735,-0.22527240218231004,-2.097249023979726,-0.003152305136260136,317.22817328096295,-1.8197971057159923,11.900019526481628,-1.8499993085861206,10.050020217895508,-10.950023651123047,16.600032806396484,22,straight,50.23280540813109,180.83809946927192
2830.9785004412392,525.8312683105469,-459.10009765625,10.62237548828125,525.5782500169306,-458.9473033738002,-0.2955746092848124,-2.11406850552989,-0.0018371421959916534,544.3236795615701,-1.483214163044999,11.90001928806305,-1.8999992609024048,10.000020027160645,-11.100024223327637,16.600032806396484,22,straight,51.81945372611156,186.55003341400163
2837.960747679032,522.1936492919922,-465.05914306640625,10.526031494140625,521.8878976788011,-464.87093290462093,-0.3590363685870825,-2.122582538944993,-0.0010019841230387294,998.0198059099857,-1.2139815152665268,11.850018858909607,-1.949999213218689,9.900019645690918,-11.30002498626709,16.750030517578125,22,straight,53.38207389601129,192.17546602564065
2845.046916376634,518.4616546630859,-471.0824737548828,10.451934814453125,518.108884432737,-470.86261799195324,-0.4156722169135388,-2.128119313863261,-0.0008777385005412086,1139.2914853152797,-0.6901103937320019,11.800018310546875,-2.049999237060547,9.750019073486328,-11.400025367736816,17.100025177001953,22,straight,54.922514229189716,197.721051225083
2852.234572845691,514.6413421630859,-477.1707458496094,10.428253173828125,514.2484922476128,-476.92207011904947,-0.46494158241306943,-2.135130929539333,-0.0013118762369400683,762.2670278200061,-0.28825855148281176,11.800017356872559,-2.2499990463256836,9.550018310546875,-11.45002555847168,17.550018310546875,22,straight,56.44208317526059,203.19149943093814
2859.5212118080476,510.70994567871094,-483.30580139160156,10.410293579101562,510.2858008744284,-483.03010527876216,-0.5058726733424599,-2.1471748457448006,-0.0020497695586718934,487.8597185568166,-0.2796012664843528,11.750016212463379,-2.4499988555908203,9.300017356872559,-11.650026321411133,17.900012969970703,22,straight,56.9947926061048,205.18125338197729
2866.9030282056856,506.63389587402344,-489.46018981933594,10.387176513671875,506.1887719167381,-489.1592592638741,-0.5373030211714185,-2.16527392670298,-0.0029220484158200832,342.2256779134669,-0.15914585587174512,11.392997980117798,-2.7999985218048096,8.592999458312988,-12.050027847290039,18.000011444091797,22,straight,55.44915598047377,199.61696152970558
2874.3740684543827,502.37684631347656,-495.5997314453125,10.386932373046875,501.92251351349256,-495.27547264608575,-0.5581774467114349,-2.1906600255114217,-0.004089055239699102,244.55526799720764,0.16908274295790449,10.943997859954834,-3.3499979972839355,7.593999862670898,-12.700030326843262,17.65001678466797,23,right,53.839676144378736,193.82283411976346
2881.922847517769,497.88623046875,-501.66749572753906,10.412841796875,497.4362620612257,-501.32114635331345,-0.5678287213556965,-2.2267988105602083,-0.00504744192417636,198.1201596813181,0.4492064943251606,10.89499807357788,-4.2999982833862305,6.59499979019165,-13.000031471252441,15.650041580200195,23,right,52.163035504686874,187.78692781687275
2889.5324758097026,493.1219482421875,-507.6009826660156,10.455154418945312,492.6876084413156,-507.237803251523,-0.5661716610116181,-2.2672029844324646,-0.005149198469740046,194.20498275151635,0.2851080956763563,10.89499807357788,-5.2989983558654785,5.595999717712402,-13.90003490447998,11.90002727508545,23,right,51.446032616034955,185.20571741772585
2897.1934088477587,488.10047912597656,-513.38671875,10.456100463867188,487.68953720711085,-513.0155284947836,-0.5537648113131562,-2.3054134461521905,-0.005358904311610735,186.60530993870805,-0.0671519990280367,10.89499807357788,-6.297998428344727,4.596999645233154,-15.250040054321289,7.550010681152344,23,right,49.662110954752414,178.7835994371087
2904.906198484849,482.80210876464844,-518.9915618896484,10.444747924804688,482.4236552084585,-518.618046261441,-0.5317339736258899,-2.3496279218933487,-0.006011199515276067,166.35614862869423,0.0589695932993739,10.89499807357788,-7.296998500823975,3.5979995727539062,-15.950042724609375,4.800000190734863,23,right,47.79890527267844,172.07605898164238
2912.6605208724122,477.2198028564453,-524.3736572265625,10.46539306640625,476.8804112444925,-524.0043269662552,-0.5015889825769015,-2.398412545285923,-0.005780562091529495,172.99355740254788,0.14823793730125434,10.89499807357788,-8.295998573303223,2.598999500274658,-16.600032806396484,2.9999983310699463,23,right,48.743138156735384,175.47529736424738
2920.4087982126835,471.4093322753906,-529.4994964599609,10.467742919921875,471.1089441997082,-529.1445556376334,-0.46499030459433643,-2.439247834436913,-0.005405784537633962,184.9870251095295,0.01495441441440315,10.894997715950012,-9.294998168945312,1.5999995470046997,-17.850013732910156,1.5999995470046997,23,right,50.404481971886966,181.45613509879308
2928.144918072429,465.39837646484375,-534.3694000244141,10.46771240234375,465.1388811253372,-534.0346834939577,-0.4235244821569724,-2.482114567094845,-0.005511352102994166,181.443678667659,-0.000295934276961507,10.693997025489807,-9.59399700164795,1.100000023841858,-16.150039672851562,1.100000023841858,23,right,49.919409880542744,179.70987556995388
2935.86962854259,459.1949768066406,-538.9725494384766,10.467697143554688,458.97591992082766,-538.6638408745886,-0.37853255690869475,-2.524458592850272,-0.005592887178017092,178.79852894771625,9.924677794037606e-05,10.693997383117676,-8.59499740600586,2.0989999771118164,-13.000031471252441,2.949998378753662,23,right,49.554202612572986,178.39512940526276
2943.583613388565,452.808349609375,-543.2988128662109,10.467727661132812,452.62884979421955,-543.0206903943802,-0.3310170584397154,-2.5684590632838518,-0.005623978484201264,177.8100685856417,0.00029673094387172583,10.693997859954834,-7.5959978103637695,3.0980000495910645,-10.300021171569824,5.750003814697266,23,right,49.41703635341969,177.9013308723109
2951.2943733053057,446.24317932128906,-547.3428649902344,10.467742919921875,446.10071776783366,-547.099936640017,-0.28161938419130494,-2.611207541456781,-0.005812585653719615,172.04047554294115,-1.1277382361285504e-07,10.693997859954834,-6.5969977378845215,4.0970001220703125,-8.050012588500977,7.900012016296387,23,right,48.60868123192352,174.99125243492466
2959.0007414966026,439.5034484863281,-551.0797271728516,10.467727661132812,439.39621770051656,-550.8755155549986,-0.23065304310130214,-2.658070082537806,-0.005943247951732483,168.25816592566957,-2.1184032306109657e-07,10.693997859954834,-5.597997665405273,5.0960001945495605,-6.200005531311035,9.800019264221191,23,right,48.07138078756575,173.0569708352367
2966.715363469516,432.59608459472656,-554.515380859375,10.467742919921875,432.52039800825133,-554.3540840810933,-0.1781715747708407,-2.7028560342466754,-0.005470466328828361,182.7997724307674,8.060298095635687e-07,10.693997859954834,-4.598997592926025,6.095000267028809,-4.699999809265137,11.350025177001953,23,right,49.92485063125796,179.72946227252865
2974.4615524763803,425.52064514160156,-557.6684112548828,10.467727661132812,425.4724549383778,-557.5541012872869,-0.12405266776063527,-2.742626743652114,-0.005106075280829098,195.84513447236628,-9.88037707538858e-05,10.693998098373413,-3.5999977588653564,7.094000339508057,-3.5999977588653564,12.550029754638672,23,right,51.71911623888244,186.1888184599768
2982.2569004294305,418.27789306640625,-560.5511169433594,10.467727661132812,418.25394787260245,-560.4873818541392,-0.0680847552995869,-2.782209515131397,-0.004890786776276634,204.46607994660974,-9.705294068407255e-05,10.842998027801514,-2.7499985694885254,8.092999458312988,-2.899998426437378,13.500033378601074,23,right,52.991859204850876,190.77069313746316
2990.0959778273304,410.89002990722656,-563.1723022460938,10.46771240234375,410.88684577743476,-563.1627742264692,-0.010045986287863986,-2.819074987590292,-0.004711253140096239,212.25775186844928,9.755454822846232e-05,11.341998100280762,-2.2499990463256836,9.091999053955078,-2.2499990463256836,14.150035858154297,23,right,53.99211020289244,194.3715967304128
2997.929780111145,403.41542053222656,-565.5172271728516,10.467742919921875,403.4295700331172,-565.5654257553246,0.05023257636093244,-2.8560483294043406,-0.004448174724705822,224.8113129292902,0.0001948931765194395,12.090997815132141,-1.9999991655349731,10.090998649597168,-1.9999991655349731,14.50003719329834,23,right,55.56580397844408,200.0368943223987
3005.7725792299148,395.8538818359375,-567.5987243652344,10.467742919921875,395.88210034582875,-567.707964523706,0.11282595678031378,-2.888802360843187,-0.0036112059694662635,276.9158027692893,0.0,13.139997482299805,-2.049999237060547,11.089998245239258,-2.049999237060547,14.65003776550293,24,straight,57.20322922897957,205.93162522432647
3013.6680485833103,388.1847229003906,-569.4755401611328,10.467742919921875,388.2250215079601,-569.6486097821404,0.17769938516427813,-2.9128227292903017,-0.0022359471448997192,447.2377633259526,-9.518568897526336e-05,14.4389967918396,-2.349998950958252,12.088997840881348,-2.349998950958252,14.550037384033203,24,straight,58.805615077809776,211.7002142801152
3021.643120707069,380.4051513671875,-571.2305450439453,10.467727661132812,380.45794274738785,-571.4694998077111,0.2447167933547784,-2.924159030120949,-0.0005638696816170352,1773.4594226315799,-9.61655009290574e-05,15.68799614906311,-2.599998712539673,13.087997436523438,-2.599998712539673,14.300036430358887,24,straight,60.38100249881004,217.37160899571614
3029.701991072841,372.5363464355469,-572.970458984375,10.467727661132812,372.6047589158023,-573.2765736542659,0.3136661578448192,-2.9217192979385427,0.0007885804260494567,1268.1014731873195,1.1102230246251565e-14,16.486995935440063,-2.399998903274536,14.086997032165527,-2.399998903274536,15.900042533874512,24,straight,61.93224932660718,222.95609757578583
3037.8434727943195,364.59934997558594,-574.78369140625,10.467727661132812,364.68706868349074,-575.1578400068486,0.3842938290505351,-2.9113030660536108,0.001376108916632951,726.68666550522,1.1102230246251565e-14,15.997021794319153,-1.9999991655349731,13.99702262878418,-1.9999991655349731,15.450040817260742,24,straight,63.460905700309134,228.4592605211129
3046.065793372453,356.6057434082031,-576.7095184326172,10.467727661132812,356.7152813905096,-577.1525081150858,0.4563314895352032,-2.899185210784756,0.0013120773625952542,762.1501814664545,-0.00018288792126286424,14.898022294044495,-1.8999992609024048,12.99802303314209,-1.8999992609024048,15.1000394821167,24,straight,64.96824507399826,233.88568226639376
3054.3684690925174,348.55615234375,-578.7438507080078,10.467697143554688,348.6881528626213,-579.2566426561065,0.5295089413948264,-2.8896471060408278,0.0008896880502266002,1123.989469955569,-0.00018466889271095965,14.099022626876831,-2.099999189376831,11.9990234375,-2.099999189376831,13.000031471252441,24,straight,66.45563230568422,239.2402763004632
3062.7517052937314,340.4438171386719,-580.8577728271484,10.467697143554688,340.59734910745664,-581.4414622143076,0.6035440051241111,-2.8843819050712893,0.0005099279728159323,1961.061273963427,8.970605311908741e-05,13.300022840499878,-2.2999989986419678,11.00002384185791,-2.2999989986419678,11.00002384185791,24,straight,67.92441371310969,244.5278893671949
3071.2157792809644,332.2619323730469,-583.0251007080078,10.46771240234375,332.4365991214965,-583.6803250328555,0.6781057357714788,-2.881075382953116,0.0003493954758120865,2862.086286823658,0.00026831013305583795,12.950021028518677,-2.399998903274536,10.55002212524414,-2.399998903274536,10.55002212524414,24,straight,69.37581809409599,249.75294513874556
3079.759912513704,324.0091857910156,-585.2374267578125,10.467742919921875,324.2049916247988,-585.9642655408601,0.7527513142370792,-2.8784459518703156,0.0003786910014474676,2640.6753690415353,3.2432657115499808e-06,13.050020933151245,-2.4999988079071045,10.55002212524414,-2.4999988079071045,10.55002212524414,24,straight,70.8107845533201,254.91882439195237
3088.3823400253164,315.68760681152344,-587.4952087402344,10.46771240234375,315.9057833988773,-588.2927472102714,0.8268425693312482,-2.874563400950452,0.0003661911027973974,2730.81457293972,-0.09753413176559755,13.200021028518677,-2.599998712539673,10.600022315979004,-2.599998712539673,10.600022315979004,24,straight,72.23000513907029,260.02801850065305
3097.081434030773,307.30003356933594,-589.8022766113281,10.450698852539062,307.5394931143911,-590.6692715002182,0.8994559528290089,-2.872115916518131,0.0002071842552001102,4826.621593586558,-0.5460145987180587,13.250020980834961,-2.649998664855957,10.600022315979004,-2.649998664855957,10.600022315979004,24,straight,73.63413007331987,265.0828682639515
3105.854144846468,298.8446807861328,-592.1392059326172,10.371795654296875,299.10382213046086,-593.0732327016424,0.9693091568719441,-2.8709544838807957,0.00025237203987046875,3962.404078174647,-0.8990994252939033,13.250020742416382,-2.699998617172241,10.55002212524414,-2.699998617172241,10.55002212524414,24,straight,75.02352841008822,270.0847022763176
3114.707771457619,290.31707763671875,-594.5183563232422,10.292221069335938,290.59700565220163,-595.5145074808315,1.034735146121299,-2.8676480156045954,0.0005012285499019775,1995.0978454750123,-0.8987711501191264,13.200020551681519,-2.699998617172241,10.500021934509277,-2.699998617172241,10.500021934509277,24,straight,76.4001282723547,275.04046178047696
3123.637963154276,281.7266387939453,-596.9568481445312,10.211959838867188,282.0284481400464,-598.0081170286251,1.093734496145163,-2.8620210764762923,0.0006674698839521931,1498.1949358956008,-0.899047226802574,13.200020551681519,-2.699998617172241,10.500021934509277,-2.699998617172241,10.500021934509277,24,straight,77.763950731289,279.9502226326404
3132.643920416569,273.0787048339844,-599.4696044921875,10.130966186523438,273.40139640377487,-600.5672800251291,1.1441247418146863,-2.8556704900496794,0.0006545388765441529,1527.7931316774025,-0.899116097216035,13.150020837783813,-2.599998712539673,10.55002212524414,-2.599998712539673,10.55002212524414,24,straight,79.1155376087515,284.8159353915054
3141.723863248274,264.3752136230469,-602.0557098388672,10.049346923828125,264.71530814637,-603.189584061586,1.1837799786026566,-2.8501906720831025,0.00037310046912700234,2680.243212611997,-0.898946101158582,13.150021314620972,-2.4999988079071045,10.650022506713867,-2.4999988079071045,10.650022506713867,24,straight,80.0,288.0
3150.877476143859,255.6112060546875,-604.6965484619141,9.967056274414062,255.96059330617925,-605.8559714193598,1.2109223946054977,-2.8489016278457764,-0.00022277299666934036,4488.8743920982915,-0.8991068769830579,13.150022029876709,-2.349998950958252,10.800023078918457,-2.349998950958252,10.800023078918457,24,straight,80.0,288.0
3160.103494096069,246.77197265625,-607.3386077880859,9.88409423828125,247.11887029132026,-608.5128387471767,1.224400389784531,-2.8543380182218367,-0.0006986677888970172,1431.295410911521,-0.898920605855158,13.150022745132446,-2.1999990940093994,10.950023651123047,-2.1999990940093994,10.950023651123047,24,straight,80.0,288.0
3169.4001718513255,237.84666442871094,-609.9386291503906,9.800552368164062,238.18457824216503,-611.1149362187601,1.2238807394591902,-2.861858361417989,-0.0006832455883056254,1463.6025714851537,-0.8841775963749687,13.100023031234741,-2.099999189376831,11.00002384185791,-2.099999189376831,11.00002384185791,24,straight,79.07783475739375,284.68020512661747
3178.748581212787,228.8543701171875,-612.4929962158203,9.719253540039062,229.18236645406995,-613.6575919582245,1.209902822640823,-2.8670641520498537,-0.0002084917635938044,4796.352540564899,-0.7086962200031466,13.050023078918457,-2.049999237060547,11.00002384185791,-2.1499991416931152,11.00002384185791,24,straight,77.67370855000692,279.6253507800249
3188.093996478109,219.8589324951172,-615.0260314941406,9.668060302734375,220.1813352679117,-616.1650627678875,1.1837802965411577,-2.8657579556673265,0.0004238276739378932,2359.4495156692806,-0.5479737112780936,13.050023078918457,-2.049999237060547,11.00002384185791,-2.1499991416931152,11.00002384185791,24,straight,76.24419022394214,274.47908480619174
3197.452624017659,210.8622283935547,-617.6029663085938,9.61676025390625,211.18202905831185,-618.7048790908613,1.1473814731394458,-2.8591293496580827,0.0006676271039845472,1497.8421247905865,-0.5478805235817674,13.050023078918457,-2.049999237060547,11.00002384185791,-2.049999237060547,11.00002384185791,24,straight,74.78527272206412,269.22698179943086
3206.856977036898,201.83921813964844,-620.2533416748047,9.565261840820312,202.15284502723514,-621.3106592667731,1.1028519007115927,-2.853235008880551,0.00035888911636178245,2786.3759429024817,-0.5475633265965896,13.050023436546326,-1.949999213218689,11.100024223327637,-1.949999213218689,11.100024223327637,24,straight,73.28997836422485,263.84392211120945
3216.323969661353,192.76577758789062,-622.9540710449219,9.513427734375,193.0658951232182,-623.9627192345378,1.052350562040322,-2.8523903004256517,-0.00019089200776267745,5238.564001292445,-0.5474743171963059,13.050024151802063,-1.7999993562698364,11.250024795532227,-1.7999993562698364,11.250024795532227,24,straight,71.75325814399216,258.31172931837176
3225.8540270393573,183.6261749267578,-625.6535034179688,9.461257934570312,183.90643779838473,-626.6111912396749,0.9978543185540294,-2.856896842811103,-0.0005865681410425205,1704.83176638724,-0.5475489037768344,13.000024676322937,-1.6499994993209839,11.350025177001953,-1.6499994993209839,11.350025177001953,24,straight,70.17231921043117,252.62034915755223
3235.4437964262415,174.41342163085938,-628.3154754638672,9.408737182617188,174.6716540211846,-629.2204055633835,0.9410539051635369,-2.8636190016889684,-0.0005802340390106686,1723.44249521289,-0.43092550926525086,13.000024914741516,-1.5999995470046997,11.400025367736816,-1.5999995470046997,11.400025367736816,24,straight,68.54467778701601,246.76084003325767
3245.029553384562,165.18959045410156,-630.9244537353516,9.378616333007812,165.4282396810482,-631.7749382950218,0.883333142002305,-2.868024104613931,-0.00029431744562122275,3397.69189654822,-0.15646326162122026,12.950024724006653,-1.5999995470046997,11.350025177001953,-1.5999995470046997,11.350025177001953,24,straight,66.87814135499842,240.7613088779943
3254.5364106077845,156.0337677001953,-633.4839935302734,9.378616333007812,156.25588767002753,-634.2793627280672,0.8258023018842584,-2.869264256910118,-2.459156290210429e-05,40664.35321662416,0.00016538953808709067,12.950024724006653,-1.5999995470046997,11.350025177001953,-1.5999995470046997,11.350025177001953,24,straight,65.18325202562079,234.65970729223486
3263.8547637393863,147.0596466064453,-635.9933471679688,9.378646850585938,147.26712942061832,-636.7341934601471,0.7693519005055913,-2.8685265591118996,0.00012132490555386011,8242.330751752097,0.000246161053085725,12.90002453327179,-1.5999995470046997,11.30002498626709,-1.5999995470046997,11.30002498626709,24,straight,63.47806738161745,228.52104257382283
3273.0548609181897,138.20220947265625,-638.4808349609375,9.378662109375,138.39598465712373,-639.1687633391728,0.7146987307228283,-2.8670274154619477,0.00015210435667095679,6574.433644680361,-0.036952175687976485,12.950024485588074,-1.6499994993209839,11.30002498626709,-1.6499994993209839,11.30002498626709,24,straight,61.748343706753936,222.29403734431418
3282.2055049795326,129.39588928222656,-640.9673919677734,9.371902465820312,129.57631207022737,-641.6047581314646,0.662410755534914,-2.865734261733069,0.00013170500596118573,7592.725824671434,-0.46421223332698824,12.850024342536926,-1.5999995470046997,11.250024795532227,-1.5999995470046997,11.250024795532227,24,straight,59.97845602170132,215.92244167812476
3291.2086494040436,120.73493957519531,-643.4247741699219,9.2955322265625,120.90252996205913,-644.0143316003612,0.6129147588003643,-2.864633657574046,0.0001089184540370991,9181.180625822934,-1.2566000076907335,12.850024342536926,-1.5999995470046997,11.250024795532227,-1.5999995470046997,11.250024795532227,24,straight,58.18457832120529,209.46448195633903
3299.933642818916,112.34442138671875,-645.8130645751953,9.1513671875,112.49977594819305,-646.3578428604428,0.5664966194498036,-2.8637960404046283,8.692271886928671e-05,11504.472168016136,-1.9727866471724864,12.850024342536926,-1.5999995470046997,11.250024795532227,-1.5999995470046997,11.350025177001953,24,straight,56.391700714349106,203.01012257165678
3308.324988166984,104.27754211425781,-648.1159973144531,8.9599609375,104.42138331985502,-648.619149938636,0.5233095218413859,-2.863139916117455,9.44986278187121e-05,10582.164239658785,-2.5195487905698144,12.850024580955505,-1.5499995946884155,11.30002498626709,-1.5499995946884155,11.30002498626709,24,straight,54.61188583616028,196.60278901017702
3316.371616352532,96.54490661621094,-650.3308715820312,8.738815307617188,96.67819036546223,-650.795535928532,0.48340201977588615,-2.862253686840846,9.012707851449586e-05,11095.444526576572,-2.9132016557554152,12.800024628639221,-1.4999996423721313,11.30002498626709,-1.4999996423721313,11.30002498626709,24,straight,52.84891919974584,190.25610911908504
3324.081969389523,89.13771057128906,-652.4585266113281,8.50201416015625,89.2611288824094,-652.8879108180771,0.44676937733602373,-2.861706609139706,8.02691247235865e-05,12458.090248817143,-3.169517082013762,12.8000248670578,-1.4499996900558472,11.350025177001953,-1.4499996900558472,11.350025177001953,24,straight,51.10259982308484,183.9693593631054
3331.4534961850436,82.05747985839844,-654.4961395263672,8.261444091796875,82.17194648870134,-654.893396196377,0.41341924401294305,-2.8610492514985237,2.4837648918418775e-05,40261.45966087931,-3.3050422862359152,12.8000248670578,-1.4499996900558472,11.350025177001953,-1.4499996900558472,11.350025177001953,24,straight,49.37530234646273,177.75108844726583
3338.4774384135762,75.31182861328125,-656.4395294189453,8.026519775390625,75.41790203894952,-656.8080121779154,0.38344636559916234,-2.8613053884850057,-7.067835720789284e-05,14148.602761926211,-3.3347502764047077,12.80002510547638,-1.399999737739563,11.400025367736816,-1.399999737739563,11.400025367736816,24,straight,47.6712574406847,171.61652678646493
3345.1547761544502,68.89817810058594,-658.2841491699219,7.804473876953125,68.99672368320589,-658.6273709026011,0.35708876996793903,-2.8619945044834347,-0.00011638915310166476,8591.865937253706,-3.272636094334802,12.750025153160095,-1.3499997854232788,11.400025367736816,-1.3499997854232788,11.400025367736816,24,straight,45.99279885161261,165.5740758658054
3351.495871215277,62.805633544921875,-660.0301818847656,7.600128173828125,62.89775121345149,-660.3520075658048,0.33474980781419905,-2.8628119481042904,-0.0001560037276453763,6410.103239796773,-3.1318714326451613,12.750025391578674,-1.2999998331069946,11.45002555847168,-1.2999998331069946,11.45002555847168,24,straight,44.34008123687634,159.62429245275482
3357.50639056935,57.029205322265625,-661.68115234375,7.41705322265625,57.1160980838097,-661.9859819360931,0.31697228960407886,-2.8639039575683016,-0.00024758157672916115,4039.072750126064,-2.9244125582940983,12.750025391578674,-1.2999998331069946,11.45002555847168,-1.2999998331069946,11.45002555847168,24,straight,42.71453074096094,153.77231066745938
3363.203056653055,51.55174255371094,-663.2380065917969,7.25701904296875,51.63466143687889,-663.5308563177185,0.3043624535947279,-2.8656701465785654,-0.0004747887533118611,2106.1998478787855,-2.662444342506942,12.750025391578674,-1.2999998331069946,11.45002555847168,-1.2999998331069946,11.45002555847168,24,straight,41.11458172164413,148.01249419791887
3368.635244431873,46.32432556152344,-664.7090606689453,7.1199951171875,46.40438481495331,-664.995558882051,0.29747388149638176,-2.8691026897258283,-0.0008121446936812382,1231.3076817226536,-2.3528383572688605,12.750025391578674,-1.2999998331069946,11.45002555847168,-1.2999998331069946,11.45002555847168,24,straight,39.528640263500755,142.3031049486027
3373.867701668372,41.282745361328125,-666.1047515869141,7.00543212890625,41.361115429380945,-666.3908908595214,0.29667752003621056,-2.874260700292919,-0.0009316863279397736,1073.322608705966,-1.9980534167913122,12.700025200843811,-1.2999998331069946,11.400025367736816,-1.2999998331069946,11.400025367736816,24,straight,37.938376716790714,136.57815618044657
3378.90619554723,36.42088317871094,-667.4239807128906,6.9140472412109375,36.49938105308281,-667.715654233429,0.30205191418712296,-2.878692586905037,-0.0007002619049804037,1428.0371285197702,-1.605910890737683,12.700024962425232,-1.3499997854232788,11.350025177001953,-1.3499997854232788,11.350025177001953,24,straight,36.34135561617503,130.8288802182301
3383.7694532181977,31.723526000976562,-668.6815338134766,6.845703125,31.804177719464327,-668.9843012457408,0.3133254182713126,-2.8812562816254035,-0.00032277960123838767,3098.0892106048973,-1.1797247541556533,12.700024724006653,-1.399999737739563,11.30002498626709,-1.399999737739563,11.30002498626709,24,straight,34.730297859592696,125.0290722945337
3388.4648543264843,27.185775756835938,-669.8871765136719,6.800537109375,27.270503637514892,-670.2060008582471,0.32989055224138025,-2.8818453546860705,0.00013746234693728931,7274.719385201553,-0.723450986075358,12.700024247169495,-1.4999996423721313,11.200024604797363,-1.4999996423721313,11.200024604797363,24,straight,33.10052968945554,119.16190688203996
3392.9446740174376,22.857070922851562,-671.0406951904297,6.7783203125,22.94778221453646,-671.379658044934,0.35089080234865117,-2.8801057930914675,0.0005500168641815462,1818.1260705306777,-0.2764666615903022,12.700024008750916,-1.5499995946884155,11.1500244140625,-1.5499995946884155,11.1500244140625,24,straight,31.46700161945406,113.28120583003462
3397.2069129193064,18.741561889648438,-672.1494140625,6.7754364013671875,18.83968627611369,-672.5117215908085,0.375360014237292,-2.877105734510243,0.0005064553957503382,1974.5075447729246,-0.03343712389575204,12.650023579597473,-1.5999995470046997,11.050024032592773,-1.5999995470046997,11.050024032592773,24,straight,29.829884984912773,107.38758594568598
3401.2777004722075,14.8134765625,-673.2178039550781,6.7754058837890625,14.919167183831382,-673.6060565102782,0.40238110549181333,-2.8758115942944333,-0.00044384283873977193,2253.04975707022,0.00025922840549696957,12.700023531913757,-1.6499994993209839,11.050024032592773,-1.6499994993209839,11.050024032592773,24,straight,28.17764035663069,101.43950528387049
3405.0841217705374,11.1390380859375,-674.2114562988281,6.77545166015625,11.25047367676476,-674.6280377421156,0.43122846589076336,-2.880212292433931,-0.002843390031612214,351.69286973725366,0.00012458450024954715,12.700023293495178,-1.699999451637268,11.00002384185791,-1.699999451637268,11.00002384185791,24,straight,26.539800922760183,95.54328332193666
3408.594040239747,7.7427978515625,-675.0975036621094,6.775421142578125,7.855149428012628,-675.5450819309466,0.46146417354558633,-2.895653213481486,-0.008226355834521415,121.5605087010167,5.9818207565065507e-05,12.70002281665802,-1.7999993562698364,10.900023460388184,-1.7999993562698364,10.900023460388184,25,right,24.93438414279919,89.76378291407708
3411.878024776019,4.5444793701171875,-675.8426971435547,6.77545166015625,4.6458769307549765,-676.3251281740419,0.49297176844139196,-2.9344276581036803,-0.017129514765420684,58.37876984225484,-0.00030765442020630474,12.750022292137146,-1.949999213218689,10.800023078918457,-1.949999213218689,10.800023078918457,25,right,23.332496237194167,83.996986453899
3414.97962238168,1.4908294677734375,-676.3859558105469,6.7754058837890625,1.5634089457670441,-676.9068495746747,0.525925939779551,-3.0031475844399353,-0.026408984313811112,37.865901547642245,-0.0007175999151121104,12.34299635887146,-2.2999989986419678,10.042997360229492,-2.2999989986419678,10.55002212524414,25,right,21.711318859779034,78.16074789520452
3417.914762189765,-1.4311676025390625,-676.6634063720703,6.7754058837890625,-1.403637421218877,-677.2234384121884,0.560708299245202,-3.092473968227813,-0.03414070227693122,29.290551550127226,0.0002738604285124069,11.94399619102478,-2.899998426437378,9.043997764587402,-2.899998426437378,10.150020599365234,25,right,20.056830133135378,72.20458847928737
3420.749237750038,-4.265625,-676.6532592773438,6.775421142578125,-4.3001580220833855,-677.2500501809117,0.5977891870849107,3.083792581939748,-0.03853815806928451,25.948308121062354,0.0002671526815989367,11.844995737075806,-3.799997568130493,8.044998168945312,-5.372179985046387,9.650018692016602,25,right,18.87787233071223,67.96034039056403
3423.541661575812,-7.0404510498046875,-676.3402557373047,6.775421142578125,-7.1468532754500576,-676.9689159766205,0.63760107443353,2.9739292315951684,-0.03942383699945995,25.36536461465429,0.0002716529921231725,11.844995975494385,-4.798997402191162,7.045998573303223,-8.163603782653809,8.950016021728516,25,right,18.664616728389092,67.19262022220073
3426.3447941309832,-9.774673461914062,-675.7225341796875,6.7754364013671875,-9.961666602639392,-676.3767613983099,0.6804261078652751,2.863192552449678,-0.039792769623187896,25.130193486639936,4.763003902397145e-06,11.844995975494385,-5.79799747467041,6.046998500823975,-10.965736389160156,7.900012016296387,25,right,18.57789216637649,66.88041179895536
3429.1726704011417,-12.445205688476562,-674.7924041748047,6.775421142578125,-12.722522512702582,-675.4637053096276,0.7263262590691066,2.749841471812991,-0.03919748137867218,25.51184323144068,-0.0005353415083009239,11.844995975494385,-6.796997547149658,5.047998428344727,-13.792612075805664,6.500006675720215,25,right,18.71843088884873,67.38635119985543
3432.046103475074,-15.035598754882812,-673.548828125,6.7754058837890625,-15.408432877708405,-674.2283931847821,0.775121895975007,2.6397969610387078,-0.03689390941810522,27.104744814851816,0.014214628940845131,11.844995975494385,-7.795997619628906,4.0489983558654785,-16.6650447845459,4.499999046325684,25,right,19.293951520805035,69.45822547489813
3434.970342535427,-17.52178955078125,-672.0093383789062,6.7762603759765625,-17.992165486641003,-672.6888262488337,0.8264122980779481,2.536086535461351,-0.03549896098726857,28.16983855833534,0.024467254931259674,11.844995498657227,-8.794997215270996,3.0499982833862305,-19.58828353881836,3.0499982833862305,25,right,19.669381351740007,70.80977286626403
3437.9171246393275,-19.855194091796875,-670.2096862792969,6.7768402099609375,-20.42870345756388,-670.8766367718281,0.879622619144163,2.4313803081051817,-0.03664258882053606,27.290648182574852,0.025690788893584227,12.443995475769043,-9.793996810913086,2.649998664855957,-22.534067153930664,2.649998664855957,25,right,19.360004187486197,69.69601507495031
3440.8140840013302,-21.9449462890625,-668.203369140625,6.7777557373046875,-22.627570995563005,-668.8409212469448,0.9340498799302641,2.322066410294086,-0.036391433792367756,27.47899425193097,0.2227863697957133,13.242995262145996,-10.792996406555176,2.4499988555908203,-25.43002700805664,2.699998617172241,25,right,19.426695731802152,69.93610463448775
3443.655377447122,-23.792678833007812,-666.0449676513672,6.7894134521484375,-24.578942687476314,-666.6446921513627,0.9888783164467805,2.22240902540322,-0.0390793769518305,25.588944297464277,1.2409249639211195,14.441994667053223,-11.791996002197266,2.649998664855957,-28.270296096801758,3.449997901916504,25,right,18.746694668164157,67.48810080539097
3446.4126898953496,-25.346603393554688,-663.7679290771484,6.845855712890625,-26.244972539787643,-664.2980984593001,1.0431427019705688,2.103939080658674,-0.0435469573638706,22.96371688254081,2.729239966000674,15.547013521194458,-12.147015571594238,3.3999979496002197,-31.026031494140625,4.349998474121094,25,right,17.75904523517003,63.932562846612115
3449.0956239647803,-26.567138671875,-661.3804321289062,6.9368896484375,-27.569868093642356,-661.8219741452392,1.0956393774711122,1.985588137463692,-0.045931671479584324,21.77146983306452,3.719253810988965,15.148013353347778,-11.148015975952148,3.99999737739563,-33.7064208984375,5.100001335144043,25,right,17.291887308426112,62.25079431033401
3451.7488522298345,-27.479248046875,-658.8912200927734,7.04412841796875,-28.57685259863095,-659.2165507998618,1.1448038351656682,1.8589477066064493,-0.04647800726401241,21.515552384155093,3.6169668400433785,14.749015808105469,-10.149016380310059,4.59999942779541,-36.35647964477539,5.700003623962402,25,right,17.18995626649428,61.88384255937942
3454.4216741606697,-28.079254150390625,-656.2880096435547,7.129364013671875,-29.251257099469807,-656.4859320371576,1.1885975713166308,1.7380932085455911,-0.042823535970987314,23.351644774908216,2.0119586388084976,14.300018310546875,-9.150016784667969,5.150001525878906,-39.02694320678711,6.250005722045898,25,right,17.90841950978895,64.47031023524022
3457.1267761579347,-28.380615234375,-653.5998382568359,7.1515655517578125,-29.6030164744645,-653.67082333883,1.2244605643458044,1.6288013827364185,-0.03892706051297157,25.689070451820335,1.1743770792888686,14.150017738342285,-8.500014305114746,5.650003433227539,-38.60685348510742,6.750007629394531,25,right,18.783335528741972,67.6200079034711
3459.9093831881287,-28.397506713867188,-650.8176116943359,7.194366455078125,-29.64556271863747,-650.7600460546571,1.2493828852336673,1.5247047500593318,-0.03244477347496644,30.821605235480366,1.5497050432262682,14.500019073486328,-8.150012969970703,6.350006103515625,-38.186763763427734,7.250009536743164,25,right,20.453053402956417,73.6309922506431
3462.804386580137,-28.13531494140625,-647.9348602294922,7.2395782470703125,-29.385596409690606,-647.7776732658676,1.2601236016632626,1.4457312300756102,-0.018679844426773506,53.533636424012016,1.5757169807196991,14.450018882751465,-8.10001277923584,6.350006103515625,-37.76667404174805,7.850011825561523,25,right,22.05645831419062,79.40324993108624
3465.8504906077,-27.704681396484375,-644.9197387695312,7.28802490234375,-28.9433292723003,-644.7269521322299,1.2535610267494963,1.4163923579817486,-0.008723052069314563,114.63877460020454,1.6084500479490949,14.750020027160645,-8.150012969970703,6.600007057189941,-37.34658432006836,8.850015640258789,25,right,23.62635872475011,85.05489140910039
3469.0599184613297,-27.1739501953125,-641.7549285888672,7.3402557373046875,-28.38138121062137,-641.536051476115,1.2271091423408846,1.3914686327606365,-0.008691120832743038,115.05995823146164,1.6267101797991845,15.050021171569824,-8.200013160705566,6.850008010864258,-34.138580322265625,10.350021362304688,25,right,25.174741229582335,90.6290684264964
3472.436444852301,-26.51873779296875,-638.4430389404297,7.3951568603515625,-27.67145015992973,-638.1949833531779,1.1791002397216266,1.3588357387656917,-0.009952345422263975,100.4788276101171,1.662131585532478,15.243009567260742,-8.093000411987305,7.1500091552734375,-30.763500213623047,12.200028419494629,25,right,26.707012811721597,96.14524612219775
3475.979893808817,-25.708847045898438,-634.9939117431641,7.4553985595703125,-26.78386690439097,-634.721364409854,1.1090309937272758,1.3225002227591685,-0.009709335975669142,102.99365502501139,1.623361761712916,14.79401159286499,-7.094000339508057,7.700011253356934,-27.2215633392334,14.300036430358887,25,right,28.22572400413624,101.61260641489046
3479.6787307147447,-24.745147705078125,-631.4232788085938,7.512481689453125,-25.722528324372576,-631.139999600597,1.0176050238946823,1.2886910207096427,-0.011395349281707268,87.75509861775633,1.7470595274445722,14.595014572143555,-6.095000267028809,8.500014305114746,-23.524166107177734,16.750030517578125,25,right,29.728385621671997,107.0221882380192
3483.4884465424907,-23.591506958007812,-627.7931976318359,7.5870361328125,-24.44786275755954,-627.4956904855452,0.9065626054056969,1.2364301155966408,-0.013763814705489374,72.654276550321,1.6980343374982998,14.346017360687256,-5.0960001945495605,9.250017166137695,-19.71617889404297,19.04999542236328,25,right,31.20052661605708,112.32189581780548
3487.470425407681,-22.1783447265625,-624.0708465576172,7.6438751220703125,-22.898436279320734,-623.775383798075,0.7783508762955433,1.1814313656751814,-0.012928539719598175,77.34825600482283,1.1337421025286787,14.14702033996582,-4.0970001220703125,10.050020217895508,-15.73560619354248,21.399959564208984,25,right,32.59295856423956,117.33465083126242
3491.5420280904796,-20.54034423828125,-620.3434143066406,7.6778106689453125,-21.11597123418725,-620.0735957692464,0.6357267349556353,1.1324691913705849,-0.009940832005579159,100.59520163289787,0.7477237701282724,14.147019863128662,-3.0980000495910645,11.049019813537598,-11.665144920349121,23.649925231933594,25,right,34.03179045442727,122.51444563593816
3495.734916438319,-18.69140625,-616.5803070068359,7.7054595947265625,-19.120376025371627,-616.3618608890755,0.48138734356749424,1.0997886076365602,-0.005692189176722096,175.6793333730802,0.5490880528121744,14.147019386291504,-2.0989999771118164,12.048019409179688,-7.4733476638793945,25.999889373779297,25,right,35.452505197737146,127.62901871185373
3500.0848489921227,-16.68865966796875,-612.7188873291016,7.724365234375,-16.969536334307325,-612.5704098452994,0.3177062556665846,1.0845144486147877,-0.002235352196553575,447.3567975291686,0.3140975391011991,14.147019028663635,-1.100000023841858,13.047019004821777,-3.149998188018799,27.04987335205078,25,right,36.868617235290145,132.72702204704453
3504.5247220379983,-14.594451904296875,-608.803955078125,7.73284912109375,-14.72375805738639,-608.7349142475304,0.14658348309413544,1.0803721979899366,0.0012482053567014484,801.1502231032202,0.09940193527795405,14.600035011768341,-0.7000001072883606,13.90003490447998,-2.8499984741210938,27.24987030029297,25,right,38.259996181840236,137.73598625462486
3509.0265782388033,-12.502761840820312,-604.8175354003906,7.7331390380859375,-12.475567768644167,-604.8315153437165,-0.030577056380834015,1.0959478421352045,0.003982802167776245,251.07950580390974,0.029705650723910182,15.64903461933136,-0.7500001192092896,14.89903450012207,-2.9999983310699463,26.849876403808594,25,right,39.620941561580544,142.63538962168997
3513.5627137991214,-10.468704223632812,-600.7630157470703,7.7355499267578125,-10.27750266562479,-600.8564144513209,-0.21279415814441238,1.1164047221752227,0.006230031163999672,160.51284073481284,0.09096843438873847,17.298033833503723,-1.399999737739563,15.89803409576416,-3.6499977111816406,25.399898529052734,26,left,38.40548735237832,138.25975446856197
3518.1821896945326,-8.514266967773438,-596.5773620605469,7.7415313720703125,-8.14920417899542,-596.7393040953516,-0.3993695811990378,1.1532769569131514,0.008962100746079837,111.58098177343248,0.13400969283837716,18.893020153045654,-2.3989996910095215,16.494020462036133,-5.300002098083496,22.849937438964844,26,left,36.96242035219192,133.0647132678909
3522.903909219464,-6.695037841796875,-592.2201843261719,7.748077392578125,-6.145346272073011,-592.4336881133594,-0.5896988120802885,1.200324111560888,0.010942969795999291,91.38287125361492,0.1345841634278644,18.893019676208496,-3.3979997634887695,15.495019912719727,-6.850008010864258,20.49997329711914,26,left,35.42671807826894,127.5361850817682
3527.711074852981,-5.0834197998046875,-587.6912231445312,7.7543487548828125,-4.338442471593851,-587.9323892674294,-0.7830404321501448,1.257720073602625,0.011068108216145511,90.34967678950395,0.11180844599233408,18.893020153045654,-4.396999835968018,14.496020317077637,-8.40001392364502,18.45000457763672,26,left,35.22587771833439,126.8131597860038
3532.631793409483,-3.691741943359375,-582.9714050292969,7.7589111328125,-2.747129998918209,-583.2257322234659,-0.9782505033348167,1.3077931123651982,0.00911254123253652,109.73887244860731,-0.04417211093701301,18.893020629882812,-5.395999908447266,13.497020721435547,-9.700018882751465,16.700031280517578,26,left,36.83362402372782,132.60104648542017
3537.690517476065,-2.474853515625,-578.0612335205078,7.7495574951171875,-1.3302647007746038,-578.3201148177142,-1.1735003541217448,1.3483605245455144,0.007341851924912879,136.2054165934253,-0.2171691730575076,18.89302110671997,-6.394999980926514,12.498021125793457,-10.950023651123047,15.250040054321289,26,left,38.4163826790725,138.298977644661
3542.895247090992,-1.4205780029296875,-572.9644165039062,7.7365264892578125,-0.07858921076735137,-573.2195183853294,-1.3660200906996072,1.382945193194283,0.005645629064861601,177.12817978495977,-0.2874373650302853,18.89302158355713,-7.394000053405762,11.499021530151367,-12.100028038024902,14.000035285949707,26,left,39.97947738776466,143.92611859595277
3548.2477503007376,-0.487274169921875,-567.6939392089844,7.7191009521484375,1.0440570551759596,-567.9459898754703,-1.5519358425642624,1.4076632345274,0.004610371162994953,216.90227633438258,-0.359297503289846,18.55922222137451,-8.059200286865234,10.500021934509277,-13.150032043457031,12.950031280517578,26,left,41.52563001050114,149.4922680378041
3553.744037597824,0.33721923828125,-562.2598876953125,7.69744873046875,2.0471369100799968,-562.497080657988,-1.726290516069772,1.4329599109406939,0.004644679994565193,215.3000855107595,-0.43229987063991837,18.324419021606445,-8.724400520324707,9.600018501281738,-14.100035667419434,12.050027847290039,26,left,43.05557496877303,155.00006988758292
3559.3799645380004,1.0369720458984375,-556.6676330566406,7.670867919921875,2.9086059562375075,-556.8770294146251,-1.8833110016851344,1.459380736204543,0.004327822299038109,231.06309152810124,-0.509775599115414,18.23961639404297,-9.38960075378418,8.850015640258789,-14.80003833770752,11.250024795532227,26,left,44.56988669237503,160.4515920925501
3565.151652934863,1.6101226806640625,-550.924560546875,7.639190673828125,3.619158810426659,-551.1029579933963,-2.0169412038075913,1.4822310881015301,0.0035279172183273477,283.45336302253685,-0.5906648053792596,18.25481414794922,-10.054800987243652,8.200013160705566,-15.350040435791016,10.600022315979004,27,straight,46.06911580860736,165.8488169109865
3571.0557128382748,2.0771942138671875,-545.0391235351562,7.6017913818359375,4.1935295296346204,-545.1882324801177,-2.1215816378899865,1.500456363774727,0.002851393193642582,350.7057540256402,-0.665953526760743,18.370012283325195,-10.720001220703125,7.65001106262207,-15.800042152404785,10.050020217895508,27,straight,47.55384966280656,171.19385878610362
3577.0879726692806,2.4531402587890625,-539.0187377929688,7.5596160888671875,4.642760837102074,-539.1383905602496,-2.192887380074449,1.516205187998882,0.00259174526825523,385.84038803829003,-0.6849901404595071,18.23823833465576,-11.088229179382324,7.1500091552734375,-16.20003890991211,9.650018692016602,27,straight,49.02440354776394,176.48785277195017
3583.2435721832303,2.7409820556640625,-532.8700103759766,7.518341064453125,4.967739117990458,-532.9563557616464,-2.2284305105268487,1.5320394503508057,0.0026991513875943562,370.48681470632863,-0.5836494584563923,18.156465530395508,-11.45645809173584,6.700007438659668,-16.50003433227539,9.350017547607422,27,straight,50.48088329427727,181.73117985939817
3589.5186389356145,2.929046630859375,-526.5978393554688,7.487274169921875,5.156604863108951,-526.6446434390675,-2.2280498873015326,1.5497880330126328,0.0026673039747005522,374.91039997129167,-0.6282840457605743,18.224692344665527,-11.824686050415039,6.400006294250488,-16.700031280517578,9.150016784667969,27,straight,51.923595308766664,186.92494311156
3595.910133061046,3.010162353515625,-520.2070465087891,7.438446044921875,5.203927591237989,-520.218035554964,-2.1937927608082983,1.5657871516680484,0.0022890535784576005,436.8617709131192,-0.8692936686877872,18.442920684814453,-12.192914962768555,6.250005722045898,-16.750030517578125,9.050016403198242,27,straight,53.352985740984884,192.0707486675456
3602.398306630827,2.9985504150390625,-513.7191925048828,7.3751068115234375,5.1279463473465405,-513.7012365071182,-2.1294716373747176,1.579228564274696,0.0018060721453340145,553.6877375488565,-1.0592096977573018,18.711148262023926,-12.561142921447754,6.150005340576172,-16.750030517578125,9.000016212463379,27,straight,54.76585291953972,197.15707051034298
3608.925435620457,2.9081878662109375,-507.193115234375,7.3005218505859375,4.947808274450194,-507.15542560413655,-2.039968607095116,1.5892729713115223,0.0013467899221204505,742.5062985514119,-1.2126549416523247,18.745577812194824,-12.595572471618652,6.150005340576172,-16.750030517578125,9.100016593933105,27,straight,56.1513434472988,202.14483641027567
3615.5004327501833,2.761993408203125,-500.6202850341797,7.216156005859375,4.691813194151251,-500.5699833300186,-1.9304752439952142,1.5968559191688303,0.0011661747240109266,857.5044368656977,-1.3540092704820705,18.83000659942627,-12.630001068115234,6.200005531311035,-16.800029754638672,9.250017166137695,27,straight,57.51326023934641,207.04773686164708
3622.166340503665,2.562591552734375,-493.9580383300781,7.1211090087890625,4.367396953866095,-493.8967954616042,-1.8058441862168348,1.6047165368890808,0.0013032387060368245,767.319137597609,-1.5038312204013526,18.94546413421631,-12.595458030700684,6.350006103515625,-16.950027465820312,9.350017547607422,27,straight,58.8618487265458,211.90265541556488
3628.9496591701095,2.3009490966796875,-487.1806182861328,7.0137176513671875,3.9695234144711824,-487.1077946920244,-1.6701627255606606,1.6144128487454201,0.0015571479565402169,642.1997317595124,-1.6721726128853198,19.060921669006348,-12.560914993286133,6.500006675720215,-17.250022888183594,9.500018119812012,27,straight,60.203186711249145,216.73147216049693
3635.850534795889,1.9608917236328125,-480.28919982910156,6.8920745849609375,3.485135753773078,-480.2048860780394,-1.5265741619837567,1.6260551393951979,0.0017208933544992089,581.0935334171282,-1.6751727789589554,19.276379585266113,-12.526371955871582,6.750007629394531,-17.80001449584961,9.550018310546875,27,straight,61.537776251038494,221.53599450373858
3642.866331680337,1.5299224853515625,-473.28753662109375,6.780792236328125,2.9040896500524167,-473.1945377861449,-1.377310487814502,1.6383697957398888,0.0017006846500060568,587.9984863722023,-1.6072512225967228,19.591837882995605,-12.491828918457031,7.100008964538574,-18.60000228881836,9.600018501281738,27,straight,62.86555358676425,226.3159929123513
3649.9941606495668,1.0064849853515625,-466.1799011230469,6.664703369140625,2.226482410567491,-466.0829516151069,-1.2238435049561283,1.6500966572653144,0.0016202727793052096,617.180028432503,-1.6573887747210525,19.907296180725098,-12.45728588104248,7.450010299682617,-19.949981689453125,9.800019264221191,27,straight,64.1864115917214,231.07108173019702
3657.232031029535,0.3916778564453125,-458.96922302246094,6.542633056640625,1.4543722929366298,-458.87241685358106,-1.067094606716196,1.6616406140558715,0.0015192171454161962,658.2337508612343,-1.7236471715071866,20.172755241394043,-12.422743797302246,7.750011444091797,-21.699954986572266,10.200020790100098,27,straight,65.50041109220489,235.8014799319376
3664.5785618613604,-0.314300537109375,-451.6578369140625,6.413238525390625,0.5886780569671883,-451.5659227141153,-0.907644512742968,1.6722369503253371,0.0013909165145885583,718.9504111221271,-1.8001505082665958,20.488213539123535,-12.388200759887695,8.10001277923584,-23.5499267578125,10.70002269744873,27,straight,66.80771344053271,240.50776838591776
3672.0338701901233,-1.1060333251953125,-444.24595642089844,6.276092529296875,-0.36473883268126195,-444.1630170408662,-0.745919878667807,1.6822174621242763,0.0013377967503018229,747.497704546216,-1.8813000105953825,20.753671646118164,-12.353657722473145,8.40001392364502,-25.29990005493164,9.350017547607422,27,straight,68.10872451048196,245.19140823773506
3679.596531284199,-1.9853057861328125,-436.7359924316406,6.130615234375,-1.4072423503172897,-436.6653916322907,-0.582358831559797,1.6923277430601558,0.0011785370942380968,848.5095674026978,-1.9601635904963943,21.019129753112793,-12.319114685058594,8.7000150680542,-26.699878692626953,9.500018119812012,27,straight,69.40355644521141,249.85280320276107
3687.264844623195,-2.945770263671875,-429.1296081542969,5.9774627685546875,-2.5316891413731413,-429.075751202368,-0.4175688531431082,1.7001340407120007,0.0007953316344242456,1257.337136757948,-2.0400305903214733,21.284587860107422,-12.284571647644043,9.000016212463379,-28.23061180114746,9.700018882751465,27,straight,70.69226560591314,254.4921561812873
3695.0369492447685,-3.9684906005859375,-421.4267883300781,5.8155364990234375,-3.718257277019038,-421.39311475397994,-0.25248886302285983,1.7045614622678893,0.00020557504445178898,4864.403666635314,-2.1050172089256467,21.500045776367188,-12.250028610229492,9.250017166137695,-36.000030517578125,9.900019645690918,27,straight,71.97487650359182,259.10955541293055
3702.9113801899734,-5.0166168212890625,-413.6242218017578,5.6480560302734375,-4.928835594542209,-413.6125240959,-0.08855721366166351,1.7032755774494666,-0.0004833733631837145,2068.7941789211345,-2.1333805925100533,20.547030448913574,-11.75002670288086,8.797003746032715,-36.08950424194336,10.200020790100098,27,straight,73.25147404579104,263.7053065648478
3710.885340566725,-6.0482330322265625,-405.7191162109375,5.4774169921875,-6.119812586220706,-405.7281862015311,0.0721519041977989,1.6968366557103238,-0.001068109041077625,936.2340000334524,-2.147724543160323,19.148029327392578,-11.350025177001953,7.798004150390625,-36.178977966308594,10.200020790100098,27,straight,74.52192545144977,268.2789316252192
3718.9557750978884,-7.020751953125,-397.7093811035156,5.3034515380859375,-7.246091124932782,-397.73547651796224,0.2268451300031733,1.686087824683282,-0.0014124211661420416,708.0041165989111,-2.1552703943650497,17.69902753829956,-10.900023460388184,6.799004077911377,-36.26845169067383,10.40002155303955,27,straight,75.78606523361103,272.8298348409997
3727.118541204076,-7.910308837890625,-389.5971374511719,5.1275482177734375,-8.280382259618609,-389.63542676062536,0.37204893319008725,1.6738935810271118,-0.001513028128515559,660.9262452913589,-2.1598359103594253,16.250025749206543,-10.450021743774414,5.800004005432129,-36.35792541503906,10.70002269744873,27,straight,77.04357110620734,277.3568559823464
3735.3704111825054,-8.707138061523438,-381.3857727050781,4.94891357421875,-9.208894157924648,-381.43128185941924,0.5038157038090649,1.6612485887099988,-0.0015014751458250486,666.0116904236254,-2.1545895557051775,15.400022506713867,-10.150020599365234,5.250001907348633,-36.4473991394043,10.950023651123047,27,straight,78.2942774126524,281.8593986855487
3743.6917739866276,-9.407867431640625,-373.09588623046875,4.770477294921875,-10.024080496794191,-373.14418326742003,0.6181028599223839,1.6490135971972133,-0.001356436262213212,737.2259411351645,-2.1358413645544805,15.400022506713867,-10.050020217895508,5.350002288818359,-36.53687286376953,11.1500244140625,27,straight,79.53560235158608,286.3281684657099
3752.0300082103577,-10.015838623046875,-364.78173828125,4.5930938720703125,-10.725480062380795,-364.8299674836775,0.7112784464516743,1.6386547535407876,-0.0011205268597347384,892.4373309861838,-2.107020175500346,15.45002269744873,-9.900019645690918,5.5500030517578125,-36.626346588134766,11.400025367736816,27,straight,80.0,288.0
3760.3971799280234,-10.546356201171875,-356.4332275390625,4.4185028076171875,-11.325626048802727,-356.4796531713905,0.7806515450338056,1.630301802760311,-0.0009346018105687581,1069.9743876929185,-2.0686393607014795,15.550023078918457,-9.850019454956055,5.700003623962402,-36.7158203125,11.650026321411133,27,straight,80.0,288.0
3768.83055985784,-11.016799926757812,-348.01475524902344,4.245574951171875,-11.840574486412732,-348.0577665267544,0.8248966572527161,1.6229613956619102,-0.0008569105134424437,1166.982998006089,-2.0206020758808343,15.60002326965332,-9.800019264221191,5.800004005432129,-36.805294036865234,11.850027084350586,27,straight,80.0,288.0
3777.349297913971,-11.431304931640625,-339.50779724121094,4.076019287109375,-12.274707197156161,-339.54576021436907,0.8442562222499416,1.6157776690236623,-0.0009629784580387213,1038.4448288040417,-1.961098192074534,15.850024223327637,-9.750019073486328,6.100005149841309,-36.8947639465332,11.850027084350586,27,straight,80.0,288.0
3785.9538698885644,-11.781021118164062,-330.9119415283203,3.909820556640625,-12.620951134935869,-330.94190196311814,0.8404641936022996,1.6064513659906399,-0.0012764911610832486,783.397512248644,-1.8910606590372554,16.849024295806885,-9.750019073486328,7.099005222320557,-36.98423767089844,11.800026893615723,27,straight,80.0,288.0
3794.642139487271,-12.037384033203125,-322.22894287109375,3.7490692138671875,-12.853585268265318,-322.2476165547124,0.8164148226097682,1.593671110200966,-0.001679209888807709,595.5181699829263,-1.8128192881032734,17.74601697921753,-9.800019264221191,7.945997714996338,-37.07371139526367,11.650026321411133,27,straight,80.0,288.0
3803.411911485012,-12.167449951171875,-313.4615173339844,3.5933990478515625,-12.94311230553833,-313.4664081214796,0.7756777731659166,1.5771015479457369,-0.0020193998806030122,495.196622325931,-1.7236093036566813,16.89701747894287,-9.950019836425781,6.94699764251709,-37.163185119628906,11.350025177001953,27,straight,80.0,288.0
3812.2604172825295,-12.140731811523438,-304.6142883300781,3.4454803466796875,-12.862649492723286,-304.6051020612264,0.7219761256193882,1.5580721986529191,-0.0021947259689042986,455.63774893466217,-1.6229054558292848,16.048017978668213,-10.100020408630371,5.947997570037842,-37.25265884399414,11.050024032592773,27,straight,79.10580790225615,284.78090844812215
3821.1866543995534,-11.937652587890625,-295.69146728515625,3.3050079345703125,-12.59606150499672,-295.6699214876346,0.6587613555117411,1.5380839636462684,-0.0022125050886065423,451.97636161361777,-1.5903271425381227,15.449019432067871,-10.500021934509277,4.948997497558594,-37.342132568359375,10.70002269744873,27,straight,78.78732988495946,283.6343875858541
3830.189475366128,-11.555206298828125,-286.69793701171875,3.1603240966796875,-12.143350229127037,-286.66709702423367,0.5889519399539592,1.518408183170766,-0.0021483657178934523,465.47009741923034,-1.5974454367804203,14.85002088546753,-10.900023460388184,3.9499974250793457,-37.43160629272461,10.250020980834961,27,straight,79.95477670505815,287.8371961382094
3839.2675817414274,-10.993331909179688,-277.6383819580078,3.0161895751953125,-11.506868510572723,-277.60157496911495,0.5148539554103376,1.4992451358507026,-0.0020826310259369207,480.1618661904484,-1.4468402666811846,14.900022268295288,-11.200024604797363,3.699997663497925,-37.521080017089844,10.050020217895508,27,straight,80.0,288.0
3848.418125751938,-10.25189208984375,-268.5187072753906,2.89678955078125,-10.688342063530019,-268.47916743258696,0.43823735429523025,1.4804487432940403,-0.0019128531762228063,522.7792767527712,-1.0204482672171666,15.000023126602173,-11.400025367736816,3.5999977588653564,-37.61055374145508,10.000020027160645,27,straight,80.0,288.0
3857.6397824598525,-9.343063354492188,-259.3421936035156,2.8291168212890625,-9.701532752038393,-259.3038084053004,0.3605186991255281,1.4641219843555668,-0.001693641926112599,590.4435787647811,-0.6387214100788741,15.000023365020752,-11.45002555847168,3.5499978065490723,-37.70002746582031,10.100020408630371,27,straight,80.0,288.0
3866.9322152080576,-8.2828369140625,-250.11058044433594,2.7786712646484375,-8.563741577244025,-250.07622658871495,0.2829975568678185,1.4491034234980142,-0.0014834350393304607,674.1110823776577,-0.6113960902318583,15.050023078918457,-11.400025367736816,3.6499977111816406,-32.866661071777344,10.250020980834961,27,straight,80.0,288.0
3876.294592010322,-7.0861968994140625,-240.82521057128906,2.7149658203125,-7.291430150307425,-240.79747479034205,0.2070989155379606,1.4364674303323188,-0.0012386393578497912,807.3374979267122,-0.6561121426098632,15.600024461746216,-11.800026893615723,3.799997568130493,-28.033296585083008,10.350021362304688,27,straight,80.0,288.0
3885.7261919796824,-5.772216796875,-231.48577880859375,2.6553955078125,-5.905383770333138,-231.4663390491671,0.13457840490422998,1.425839890922079,-0.00096407519829389,1037.2634850161955,-0.6072667893893408,16.250019550323486,-12.30002212524414,3.9499974250793457,-23.199932098388672,10.350021362304688,27,straight,80.0,288.0
3895.2257071034487,-4.3603363037109375,-222.09193420410156,2.60003662109375,-4.427198289883762,-222.08165401385412,0.06764767184832463,1.4182385945162619,-0.0006349149021623313,1575.0142209519693,-0.5571494611515349,16.77251386642456,-12.800016403198242,3.9724974632263184,-21.29996109008789,10.300021171569824,27,straight,80.0,288.0
3904.7910474474347,-2.8827667236328125,-212.64154052734375,2.5492095947265625,-2.8916358037539234,-212.64013617096964,0.00897957677288615,1.4137571623262843,-0.000345824105307313,2891.643424079303,-0.5024413307322811,17.29500913619995,-13.30001163482666,3.994997501373291,-19.39999008178711,10.150020599365234,27,straight,80.0,288.0
3914.4204257154074,-1.3661041259765625,-203.13246154785156,2.503631591796875,-1.328155656425783,-203.1385537260379,-0.03843437232869485,1.4116163634821586,-0.00017917673315392957,5581.081775505453,-0.44322268545203547,17.750003337860107,-13.800005912780762,3.9499974250793457,-17.900012969970703,10.000020027160645,27,straight,80.0,288.0
3924.113182452923,0.176849365234375,-193.56338500976562,2.4636077880859375,0.24749989480395185,-193.5748224945259,-0.07157033873122984,1.4103005719439543,-6.668390130604163e-05,14996.12320836722,-0.3794846338355487,18.149998664855957,-14.30000114440918,3.8499975204467773,-17.00002670288086,9.800019264221191,27,straight,78.64028236356906,283.1050165088486
3933.849115411495,1.7341461181640625,-183.95286560058594,2.429931640625,1.8207882615229987,-183.96688960995547,-0.08776977751269241,1.410326759963889,5.311132591317991e-05,18828.37573354281,-0.3108691530465918,18.18334436416626,-14.43334674835205,3.749997615814209,-16.600032806396484,9.600018501281738,27,straight,77.16910783885771,277.8087882198878
3943.578543122876,3.2841339111328125,-174.3477325439453,2.4030914306640625,3.36820062796802,-174.3612528335985,-0.08514699708009432,1.4113337472691072,0.00016492483752592046,6063.3681075649665,-0.2388342516552941,18.266690015792847,-14.566692352294922,3.699997663497925,-16.550033569335938,9.400017738342285,27,straight,75.6703479482452,272.4132526136827
3953.3195771020974,4.8189544677734375,-164.7283935546875,2.3834381103515625,4.881100268876129,-164.73824778063556,-0.06292222472013317,1.4135393493916377,0.00010154858952812762,9847.502605863503,-0.16279627537674896,18.30003571510315,-14.700037956237793,3.5999977588653564,-16.600032806396484,9.250017166137695,27,straight,74.13945410239886,266.9020347686359
3963.104838806708,6.350006103515625,-155.06365966796875,2.371337890625,6.3713147010601165,-155.06704359965684,-0.0215756187161066,1.4133055440835964,-0.00017100217684720698,5847.878772289051,-0.08403602304443564,18.350036144256592,-14.80003833770752,3.5499978065490723,-16.65003204345703,9.050016403198242,27,straight,72.56910122792176,261.24876442051834
3972.9490588754743,7.906829833984375,-145.34332275390625,2.3669891357421875,7.870102844957161,-145.33737198924652,0.037205958165870745,1.410165266459648,-0.00044225417297802383,2261.1431640458286,-0.0018745905049522005,18.450036764144897,-14.95003890991211,3.499997854232788,-16.700031280517578,8.850015640258789,27,straight,70.9542256368803,255.43521229276908
3982.8518994759293,9.517379760742188,-135.57232666015625,2.3710174560546875,9.408140254117455,-135.55399769516038,0.11076651463973339,1.404557830282016,-0.0005890854057576944,1697.5467228114035,0.08432447442124485,18.50003743171692,-15.1000394821167,3.3999979496002197,-16.800029754638672,8.650014877319336,27,straight,69.29177192590913,249.45037893327287
3992.812277803849,11.195022583007812,-125.75425720214844,2.3837890625,11.002098136656475,-125.72067649960665,0.19582519139061072,1.3984614980974388,-0.0005088383895656967,1965.2605237853988,0.17335918745898377,19.54903745651245,-15.150039672851562,4.398997783660889,-17.00002670288086,8.450014114379883,27,straight,67.57841748132064,243.2823029327543
4002.8290313614216,12.933486938476562,-115.88954162597656,2.40570068359375,12.649148827483803,-115.83885993778745,0.2888196580578096,1.3944043696925954,-0.0003760889552295865,2658.945406651312,0.2658875224527138,19.84903573989868,-14.700037956237793,5.148997783660889,-17.200023651123047,8.25001335144043,27,straight,65.81039479839168,236.91742127421006
4012.8632374866183,14.712295532226562,-106.01431274414062,2.4371185302734375,14.332371374026696,-105.94522727938453,0.386154331096317,1.3909215648390894,-0.00024043167251788788,4159.185807458878,0.3642089570800991,18.150032997131348,-14.000035285949707,4.149997711181641,-17.500019073486328,7.95001220703125,27,straight,63.99033297700947,230.3651987172341
4022.789064408449,16.497146606445312,-96.2503662109375,2.4782867431640625,16.020775728429506,-96.16308364213258,0.4843010016908245,1.3895823506359115,5.8772092195957804e-05,17014.878365497043,0.46756346606645627,16.899033308029175,-13.700034141540527,3.1989991664886475,-17.750015258789062,7.700011253356934,27,straight,62.13750112018476,223.69500403266514
4032.3730736778975,18.215423583984375,-86.82177734375,2.527984619140625,17.644916963255447,-86.71863531964001,0.5797551909496336,1.391938062509967,0.00041802480790381624,2392.2025226552846,0.5722285184606185,16.10003399848938,-13.90003490447998,2.1999990940093994,-18.050010681152344,7.450010299682617,27,straight,60.2944701545761,217.060092556474
4041.57799635128,19.831832885742188,-77.76007080078125,2.5854034423828125,19.17297068280899,-77.6446055353108,0.6689033039118188,1.3973085935645502,0.0006876416591100609,1454.245807757183,0.6758209725787806,16.100034713745117,-14.05003547668457,2.049999237060547,-18.25000762939453,7.400010108947754,27,straight,58.46967104233571,210.49081575240857
4050.4124719413576,21.326171875,-69.05313110351562,2.6495208740234375,20.58862827732486,-68.92916039673189,0.7478898947118131,1.4042670562092419,0.0007895243862934831,1266.585323215436,0.7798050253715244,16.100034952163696,-14.100035667419434,1.9999992847442627,-18.350006103515625,7.450010299682617,27,straight,56.66307032367877,203.98705316524357
4058.866544746995,22.698440551757812,-60.71147155761719,2.719818115234375,21.896216479084448,-60.58214125929293,0.8125821735930968,1.4109569277692822,0.0006755192680821809,1480.3426745161978,0.8813537649994901,16.050034880638123,-14.100035667419434,1.949999213218689,-18.45000457763672,7.450010299682617,27,straight,54.878601005949875,197.56296362141956
4066.943024361154,23.964813232421875,-52.73524475097656,2.7948455810546875,23.116438754068312,-52.60244260193865,0.8587058089420182,1.4155192605897633,0.0004579992680477374,2183.4096029510897,0.9761288317894634,15.350032091140747,-13.350032806396484,1.9999992847442627,-18.45000457763672,7.350009918212891,27,straight,53.117870931866946,191.224335354721
4074.6391154423554,25.143600463867188,-45.13037109375,2.8734283447265625,24.271669655700492,-44.99632889477873,0.8821738180966832,1.4182601595456534,0.0003263969239671871,3063.7543633852706,1.0717302514832912,15.300031900405884,-13.300032615661621,1.9999992847442627,-18.45000457763672,7.1500091552734375,27,straight,51.3839609598041,184.98225945529475
4081.974165426067,26.2496337890625,-37.87965393066406,2.9555816650390625,25.379995460608953,-37.747909633378896,0.8795609030548366,1.420446353174842,0.00034740257337773084,2878.5048719621886,1.1672466062741886,15.300031900405884,-13.300032615661621,1.9999992847442627,-18.400005340576172,7.050008773803711,27,straight,49.67509463606655,178.83034068983957
4088.983186213078,27.290985107421875,-30.948944091796875,3.040557861328125,26.451593452839855,-30.82415558987182,0.8486168275462374,1.4232118595053993,0.0005353218720516306,1868.035012594352,1.2581616137021856,15.300031661987305,-13.250032424926758,2.049999237060547,-18.350006103515625,6.900008201599121,27,straight,47.98535861794487,172.74729102460154
4095.679077665536,28.263214111328125,-24.3245849609375,3.1277313232421875,27.48261001945903,-24.21211204348692,0.7886652682872621,1.4276967106085185,0.0012017803010133665,832.0988446530359,1.347186727005445,14.738996982574463,-12.588997840881348,2.1499991416931152,-18.300006866455078,6.8000078201293945,27,straight,46.31356791844162,166.72884450638983
4102.068345134536,29.145248413085938,-17.997116088867188,3.2165679931640625,28.45059473962777,-17.904759849475468,0.7007662955675766,1.4386185744298245,0.0029018795355316707,344.60424278666136,1.4372214501942093,13.839997291564941,-11.589998245239258,2.2499990463256836,-18.200008392333984,6.8000078201293945,27,straight,44.66002306365255,160.7760830291492
4108.1600883395495,29.882598876953125,-11.950836181640625,3.3068389892578125,29.298392660516264,-11.887747067703957,0.5876028757764786,1.4632220427392884,0.005441279295941848,183.78031077099985,1.6534708129814613,13.040997505187988,-10.590998649597168,2.4499988555908203,-18.000011444091797,6.850008010864258,28,left,43.02433797314185,154.88761670331064
4114.06698355161,30.406723022460938,-6.0682220458984375,3.414337158203125,29.954644328889966,-6.037705525100067,0.4531074963212074,1.5033959009324573,0.007755428508051887,128.94194034046913,2.010145353158055,12.441997528076172,-9.591999053955078,2.8499984741210938,-17.65001678466797,7.100008964538574,28,left,41.376584164891874,148.95570299361074
4119.8459297693,30.653182983398438,-0.295928955078125,3.541259765625,30.351265050419,-0.2907393437691393,0.3019625313182324,1.5536092049538548,0.008714675983641618,114.74895932758801,2.241183532047258,12.092997312545776,-8.592999458312988,3.499997854232788,-17.100025177001953,7.65001106262207,28,left,39.69839048884846,142.91420575985447
4125.561348845726,30.607711791992188,5.417816162109375,3.6718902587890625,30.468660163547952,5.413258365251477,0.1391263055111854,1.6035623266772414,0.008265643159648728,120.98272096741445,2.1792442937460024,12.043998718261719,-7.593999862670898,4.44999885559082,-16.300037384033203,8.55001449584961,28,left,40.762442146741776,146.7447917282704
4131.233022116868,30.294082641601562,11.07958984375,3.7895050048828125,30.32447625466929,11.081934050388858,-0.030483881315810313,1.6477721958141893,0.006914474304004881,144.6241544958519,1.841607899507397,12.043998718261719,-6.59499979019165,5.448998928070068,-15.200039863586426,9.700018882751465,28,left,42.368745146183386,152.5274825262602
4136.886461610569,29.757186889648438,16.706741333007812,3.8805389404296875,29.958030565192157,16.729148397140673,-0.20208972890516977,1.6819015815931901,0.005014483042785289,199.4223515101471,1.1995168142818646,12.043998718261719,-5.595999717712402,6.447999000549316,-13.90003490447998,11.050024032592773,28,left,43.91144662501964,158.0812078500707
4142.545917554668,29.062042236328125,22.323165893554688,3.9251556396484375,29.429691856095193,22.37261261033737,-0.3709598640223172,1.704488208672192,0.00358113459022924,279.2411105487065,0.6707432175683536,12.043998718261719,-4.596999645233154,7.4469990730285645,-12.350028991699219,12.600029945373535,28,left,44.98467807160463,161.94484105777667
4148.213968702869,28.256698608398438,27.933624267578125,3.9564971923828125,28.7828179458203,28.0140348622142,-0.532228729907499,1.7224598587536657,0.0037038194834495552,269.9915599203688,1.3224272941004034,11.839999198913574,-3.5979995727539062,8.241999626159668,-10.70002269744873,14.300036430358887,28,left,43.47611602906433,156.51401770463158
4153.8720890054465,27.34033203125,33.51579284667969,4.0747833251953125,28.010622340928848,33.63474244776396,-0.6807628859209875,1.7464277236469765,0.005172649156505782,193.3245363726772,1.9400796659583108,9.841999530792236,-2.598999500274658,7.243000030517578,-8.900015830993652,16.100040435791016,29,left,41.91608140760284,150.89789306737023
4159.501326488711,26.262664794921875,39.03999328613281,4.175567626953125,27.05605841417645,39.20909508251395,-0.8112144307229754,1.7807914331292372,0.004892533764143003,204.3930707906242,1.5082272657860107,7.84399950504303,-1.5999995470046997,6.24399995803833,-6.950008392333984,17.600017547607422,29,left,40.30413270699179,145.09487774517044
4165.081815292126,25.045944213867188,44.48579406738281,4.2441253662109375,25.939963469135254,44.695682050417396,-0.9183264094059314,1.8013893403615138,0.00463499335965889,215.7500394075202,1.626553528838398,6.194999992847443,-0.9500001072883606,5.244999885559082,-5.950004577636719,18.150009155273438,29,left,38.63982511444914,139.10337041201691
4170.64191122689,23.701156616210938,49.879638671875,4.3566131591796875,24.66469643880381,50.13760548125391,-0.997474743772209,1.8323895406532968,0.009170659395708713,109.04341300342443,2.1572126864212224,6.194999933242798,-1.9490001201629639,4.245999813079834,-9.050016403198242,18.10000991821289,29,left,36.90703437269257,132.86532374169326
4176.161612619713,22.075393676757812,55.15296936035156,4.4830322265625,23.063678815848192,55.493595013359474,-1.0453388692830483,1.9027089916032254,0.011146159060671068,89.71700426638212,2.246025591765055,6.195000171661377,-2.948000192642212,3.246999979019165,-12.900031089782715,17.65001678466797,29,left,35.1023266550024,126.36837595800864
4181.641353823621,20.15814208984375,60.284942626953125,4.60369873046875,21.141312558984833,60.68256871748267,-1.0605332051665826,1.9551179744102802,0.00932370346653838,107.25351826008587,2.077193002143879,6.195000171661377,-3.94700026512146,2.247999906539917,-17.95429229736328,17.00002670288086,29,left,36.894286325924504,132.8194307733282
4187.111707573405,17.976486206054688,65.30029296875,4.71051025390625,18.92371609253497,65.73932133093862,-1.0440260344682417,2.0048089400890103,0.006632652072864231,150.7692532360079,2.4429639032300776,6.195000052452087,-4.946000099182129,1.2489999532699585,-23.422603607177734,11.531716346740723,29,left,38.60028979404433,138.96104325855958
4192.580144609176,15.605987548828125,70.22561645507812,4.87091064453125,16.50272074215041,70.66642731045287,-0.9992220124788072,2.0276805619977214,0.0002482227659117431,4028.63934066207,2.0253369712108285,6.195000171661377,-5.945000171661377,0.25,-28.88768768310547,7.700011253356934,29,left,40.23345938089855,144.8404537712348
4198.035721075772,13.233917236328125,75.13813781738281,4.9319915771484375,14.078117151524745,75.5323014702825,-0.9316858279941821,2.0076216034863434,-0.005610447757226078,178.23889344875047,1.4827080126228631,7.544000327587128,-6.944000244140625,0.6000000834465027,-34.341922760009766,7.850011825561523,30,right,40.34970875302949,145.25895151090617
4203.490987107634,11.016098022460938,80.1212158203125,5.032684326171875,11.799086291184679,80.44826951801042,-0.8485486138913229,1.96646705069345,-0.00869501872188938,115.00837801332594,1.7251258944681158,9.542000412940979,-7.943000316619873,1.599000096321106,-37.749595642089844,10.150020599365234,30,right,38.72544658232025,139.41160769635292
4208.9480908261185,9.055511474609375,85.21321105957031,5.1202392578125,9.769367497243465,85.46728572241514,-0.7577231389832781,1.912734113088366,-0.010016203853063899,99.83822360944718,1.588953094929746,11.540000438690186,-8.942000389099121,2.5980000495910645,-34.337791442871094,13.150032043457031,30,right,37.029422937066514,133.30592257343946
4214.41757370776,7.3618927001953125,90.41316223144531,5.206298828125,8.001820761635086,90.60149607008032,-0.6670663824486007,1.8570199235675522,-0.010105956103139635,98.9515479578749,1.4561440284626193,11.891998291015625,-8.294998168945312,3.5970001220703125,-28.869985580444336,15.500041007995605,30,right,36.864624772991434,132.71264918276916
4219.918253531395,5.9597015380859375,95.73161315917969,5.2799072265625,6.5277988258439565,95.86527601548515,-0.5836097047803026,1.8018751621396598,-0.009990792100908807,100.0921638544591,1.293160143160621,11.891998291015625,-7.2959980964660645,4.5960001945495605,-23.370798110961914,16.550033569335938,30,right,37.076485518144,133.47534786531838
4225.469056224491,4.835601806640625,101.16696166992188,5.3491668701171875,5.340645850901021,101.25668182010718,-0.5129514518862093,1.7466103123244459,-0.00959074272778071,104.26721145416433,1.2349244078062427,11.891998291015625,-6.296998023986816,5.595000267028809,-17.821426391601562,17.400020599365234,30,right,37.841853576582274,136.2306728756962
4231.07695897608,4.0023345947265625,106.71218872070312,5.417694091796875,4.457681659838647,106.76898941869426,-0.4588760932958577,1.6948968378947618,-0.008552126985043262,116.92997563634064,1.1984502559897359,11.891998291015625,-5.297997951507568,6.594000339508057,-12.21494197845459,18.150009155273438,30,right,39.54792465471357,142.37252875696885
4236.753689207097,3.4280853271484375,112.35940551757812,5.484375,3.849985346379042,112.39297456453733,-0.42323339558751,1.650195410958683,-0.007421879859243696,134.73675389053008,1.1801805704556856,11.891998291015625,-4.29899787902832,7.593000411987305,-7.600010871887207,18.949996948242188,30,right,41.203049414502686,148.3309778922097
4242.508220382211,3.0889739990234375,118.10353088378906,5.5526123046875,3.4947356041836253,118.11949771071555,-0.40607563308363215,1.610126300674005,-0.006711943185928548,148.98815027166492,1.24705728776906,11.891998052597046,-3.2999980449676514,8.592000007629395,-6.750007629394531,19.749984741210938,30,right,42.8156042003479,154.13617512125245
4248.3462257263,2.9698028564453125,123.9398193359375,5.6290435791015625,3.375812039921156,123.94048229439915,-0.4060097247365426,1.5724291910241408,-0.006174033167354931,161.96867961245798,1.2381108978600452,12.240998268127441,-2.649998664855957,9.590999603271484,-6.100005149841309,20.249977111816406,30,right,44.39173302386463,159.81023888591267
4254.2734100022035,3.0654144287109375,129.86582946777344,5.698150634765625,3.4858648072453438,129.85184105195412,-0.42068301200174385,1.5375385187185586,-0.005523787979131001,181.03518885555044,1.0722957594235472,12.73999834060669,-2.1499991416931152,10.589999198913574,-5.600003242492676,20.599971771240234,30,right,45.93664754260966,165.3719311533948
4260.296384661293,3.361053466796875,135.88125610351562,5.7570037841796875,3.807429090106851,135.8525112932155,-0.44730019137550003,1.5064891067494255,-0.004662749294813584,214.4657447296831,0.8714536448473698,13.588998079299927,-1.9999992847442627,11.588998794555664,-5.350002288818359,20.699970245361328,30,right,47.4550366434117,170.83813191628212
4266.422203650574,3.8362884521484375,141.98843383789062,5.803802490234375,4.317416480238067,141.94511084592816,-0.4830745915963654,1.4809938882030123,-0.0035784620146700474,279.44966186603637,0.6739910151605188,14.687997579574585,-2.099999189376831,12.587998390197754,-5.350002288818359,20.699970245361328,31,straight,48.951065209157505,176.22383475296704
4272.657615157247,4.456573486328125,148.19281005859375,5.840118408203125,4.97903626432893,148.13594566877913,-0.5255482025707123,1.4623839439786401,-0.002597998424565262,384.91170377339074,0.4952128184196214,15.836997032165527,-2.2499990463256836,13.586997985839844,-5.450002670288086,20.549972534179688,31,straight,50.428298738151916,181.5418754573469
4279.00624274203,5.1890106201171875,154.49899291992188,5.8659210205078125,5.75748571386908,154.42905770297062,-0.5727607413102276,1.4483888985090825,-0.0019470291171607146,513.6030022284749,0.32448926352466323,16.15003252029419,-2.5499987602233887,13.6000337600708,-5.700003623962402,20.3499755859375,31,straight,51.88916458645694,186.800992511245
4285.46835438225,6.0145111083984375,160.90814208984375,5.881500244140625,6.63226027293672,160.82530721450735,-0.6232781456619072,1.4375000034917145,-0.0015113295628240708,661.6690525998841,0.1705888434337277,16.050030946731567,-2.7999985218048096,13.250032424926758,-5.950004577636719,19.999980926513672,31,straight,53.33506686915999,192.00624072897597
4292.043964250851,6.917755126953125,167.42141723632812,5.88800048828125,7.587074772774579,167.3256806945312,-0.67613184640112,1.4287243817317044,-0.001183278753415784,845.1094022547846,0.04792719087062247,16.200029134750366,-3.2999980449676514,12.900031089782715,-6.150005340576172,19.599987030029297,31,straight,54.76719379961055,197.161897678598
4298.733005123119,7.8887176513671875,174.03961181640625,5.8877410888671875,8.611339612309237,173.93116862035103,-0.7307136410430605,1.4218388427196438,-0.0008996706956044265,1111.517808555684,-0.0031786947218337414,16.100027084350586,-3.6499977111816406,12.450029373168945,-7.350009918212891,19.149993896484375,31,straight,56.18658465310725,202.27170475118612
4305.535018411117,8.916656494140625,180.7635040283203,5.8875732421875,9.693985162261322,180.64269679960645,-0.7866601838098949,1.4166164294030619,-0.0006680919611549707,1496.7999289667248,-0.031012042263833806,15.900025129318237,-3.8999974727630615,12.000027656555176,-7.850011825561523,18.650001525878906,31,straight,57.594087333973775,207.33871440230558
4312.4492017283565,9.991806030273438,187.5935821533203,5.8834228515625,10.825036787264406,187.46074087693808,-0.8437536957587807,1.412697709237875,-0.0007017593049123416,1424.9900115323906,-0.160834431101331,15.300023078918457,-3.8499975204467773,11.45002555847168,-8.150012969970703,18.10000991821289,31,straight,58.9903926741846,212.36541362706456
4319.474153564643,11.116500854492188,194.52789306640625,5.86492919921875,12.006237211374266,194.3806612310657,-0.9018359041951833,1.4068043659108092,-0.0008931263351482088,1119.662426966792,-0.33939315977462026,13.950021743774414,-3.0499982833862305,10.900023460388184,-8.10001277923584,17.500019073486328,31,straight,60.37600428885646,217.35361543988324
4326.607327619735,12.305099487304688,201.561279296875,5.835205078125,13.251862133814623,201.39802464015636,-0.9607349227371826,1.4000408902063382,-0.0009840972322090469,1016.1597525838534,-0.4643904173063762,12.600020170211792,-2.2999989986419678,10.300021171569824,-8.150012969970703,16.85002899169922,31,straight,61.75115661946021,222.30416383005675
4333.847053747095,13.561416625976562,208.69107055664062,5.7980804443359375,14.56546211656769,208.5102894330514,-1.020190747763651,1.3926523216208466,-0.0009750568102461776,1025.5812681801842,-0.6712483593839802,12.100017309188843,-2.4999988079071045,9.600018501281738,-8.7000150680542,16.150039672851562,31,straight,63.116221811699624,227.21839852211866
4341.192083379512,14.887985229492188,215.91505432128906,5.736968994140625,15.949331897563807,215.71647060102322,-1.0797649020881128,1.3858295775784084,-0.0008950985800542655,1117.1953819202515,-0.7036994150528997,12.150014162063599,-3.199998140335083,8.950016021728516,-9.400017738342285,15.450040817260742,31,straight,64.47161261709915,232.09780542155696
4348.6409164831975,16.28173828125,223.23220825195312,5.694244384765625,17.399676641166398,223.01560755557867,-1.1387282547835844,1.379417421551773,-0.0007685621830211264,1301.1308936241426,-0.4091665560717217,12.300010919570923,-3.99999737739563,8.300013542175293,-10.100020408630371,14.80003833770752,31,straight,65.81765842114463,236.94357031612066
4356.190731015411,17.737579345703125,230.6403045654297,5.675933837890625,18.910501435741654,230.40684240972726,-1.1959309375735618,1.3743209445659226,-0.0006404622619413658,1561.3722453666596,-0.5447405685370721,12.300010681152344,-4.800000190734863,7.5000104904174805,-10.85002326965332,14.20003604888916,31,straight,67.15442646161834,241.75593526182604
4363.841654204212,19.248260498046875,238.14031982421875,5.6108245849609375,20.47274195199638,237.89069316366903,-1.249667276007297,1.3696889630788291,-0.0005779988664242897,1730.1071993209298,-1.0516462998542142,12.40001106262207,-5.5500030517578125,6.850008010864258,-11.60002613067627,13.550033569335938,31,straight,68.48248191286618,246.53693488631825
4371.5941153306285,20.813217163085938,245.73255920410156,5.5135345458984375,22.083533866671683,245.46793967723835,-1.2975854582285762,1.3654234103342662,-0.00045099062360559605,2217.3409992544057,-1.3691859122026473,12.55001163482666,-6.350006103515625,6.200005531311035,-12.400029182434082,12.800030708312988,31,straight,69.80239446971991,251.28862009099169
4379.446083982868,22.426788330078125,253.4160614013672,5.396942138671875,23.734633928560466,253.1398666674636,-1.3366913033702696,1.362671386275291,-9.659557281910258e-05,10352.441326402504,-1.4735659280738889,12.70001220703125,-7.200009346008301,5.500002861022949,-13.300032615661621,12.000027656555176,31,straight,69.42608317291266,249.93389942248555
4387.350063572603,24.059036254882812,261.1488037109375,5.2813720703125,25.39346178933769,260.86874686047236,-1.3634967350520681,1.363927953368596,0.000449338725421522,2225.4925814860626,-1.467363902238994,12.750012397766113,-8.10001277923584,4.649999618530273,-14.20003604888916,11.00002384185791,31,straight,68.07267975679716,245.06164712446977
4395.271855627471,25.666015625,268.90501403808594,5.1647186279296875,27.012682537650445,268.63062400964003,-1.3743368078233311,1.3697928740341132,0.0009603492516083167,1041.287842235811,-1.5205497091076825,12.800013542175293,-8.950016021728516,3.8499975204467773,-15.000039100646973,10.050020217895508,31,straight,66.68867262985258,240.07922146746927
4403.24060007556,27.220672607421875,276.7196350097656,5.039703369140625,28.56151292041668,276.45955726203556,-1.365830582398986,1.3792091381518299,0.0012454240684590112,802.9393564212394,-1.615140909957219,12.850016832351685,-9.650018692016602,3.199998140335083,-15.700041770935059,9.250017166137695,31,straight,65.26685941460526,234.96069389257894
4411.290797068742,28.713180541992188,284.62913513183594,4.905914306640625,30.026760463994414,284.3886884073696,-1.335405121599423,1.38975369152959,0.001412925552990163,707.7513729465137,-1.7088865953335086,13.000019550323486,-10.250020980834961,2.7499985694885254,-16.250038146972656,8.600014686584473,31,straight,63.79834715600688,229.6740497616248
4419.4311857991515,30.128738403320312,292.64422607421875,4.762939453125,31.392309758465853,292.42902598228426,-1.2817658324019092,1.4021039276564267,0.0014731099110597001,678.8359731288737,-1.803914304317089,13.15002179145813,-10.750022888183594,2.399998903274536,-16.750030517578125,8.050012588500977,31,straight,62.27818067003571,224.20145041212857
4427.660457646698,31.463821411132812,300.76304626464844,4.61053466796875,32.65419154363576,300.57468517620816,-1.205180879367691,1.4138601281901375,0.0015625913289073479,639.9625938659576,-1.8981618859143234,13.250023603439331,-11.1500244140625,2.099999189376831,-17.1500244140625,7.600010871887207,31,straight,60.7027331443237,218.52983931956533
4435.970133388029,32.70536804199219,308.9778594970703,4.4489288330078125,33.80159607863595,308.8202149728786,-1.1075051712436763,1.4279691985533496,0.0015573726998151516,642.1070564025506,-1.9789276047886217,13.30002510547638,-11.500025749206543,1.7999993562698364,-17.45001983642578,7.300009727478027,31,straight,59.06927124603003,212.6493764857081
4444.276974514104,33.83551025390625,317.2057647705078,4.281707763671875,34.81894252470341,317.0761357789494,-0.9919388623789853,1.4397390345202892,0.001101974908928105,907.4616780274096,-2.009188500816106,13.950025796890259,-11.75002670288086,2.1999990940093994,-17.600017547607422,7.000008583068848,31,straight,57.389916693307434,206.60370009590676
4452.513731343011,34.880828857421875,325.37425231933594,4.1165313720703125,35.73673746643997,325.2670920126277,-0.8625907942501473,1.446243782658552,0.0004452572583969472,2245.8926410324775,-1.9930114227138973,13.950026750564575,-11.950027465820312,1.9999992847442627,-17.250022888183594,6.8000078201293945,31,straight,55.67473695748345,200.42905304694042
4460.50113629501,35.86601257324219,333.29908752441406,3.9582977294921875,36.584457625827916,333.2097859159438,-0.7239738053688709,1.4471321459357556,3.949113933160442e-05,25322.13597594812,-1.9621474575522713,13.950027346611023,-12.100028038024902,1.8499993085861206,-16.65003204345703,6.650007247924805,31,straight,53.95943729409267,194.25397425873362
4468.163400773704,36.813690185546875,340.90106201171875,3.8093414306640625,37.389805533418745,340.8293203405841,-0.5805650363488255,1.446907500814207,0.000244839369956118,4084.3104610963005,-1.918073659258801,13.95002806186676,-12.250028610229492,1.699999451637268,-16.000041961669922,6.500006675720215,31,straight,52.261080339089325,188.13988922072159
4475.484610128372,37.70750427246094,348.1661834716797,3.6707305908203125,38.14088301468496,348.11384847423705,-0.4365273028906581,1.4506178463319488,0.0006264821600999726,1596.2146469428951,-1.8608654866587249,13.900028586387634,-12.350028991699219,1.5499995946884155,-15.350040435791016,6.400006294250488,31,straight,50.585076506440544,182.10627542318596
4482.466298651117,38.52685546875,355.09844970703125,3.54296875,38.82052616533285,355.06452561359333,-0.2956236156788591,1.4557886224960779,0.0007960792571534703,1256.156332443187,-1.7930524914335833,13.900029063224792,-12.450029373168945,1.4499996900558472,-14.750038146972656,6.300005912780762,31,straight,48.93335355953997,176.1600728143439
4489.120558853589,39.27131652832031,361.70989990234375,3.425994873046875,39.43164319451429,361.69229656378246,-0.16129016529651893,1.461437675839042,0.0007477734584442342,1337.3034155030468,-1.716603389197724,13.900029301643372,-12.500029563903809,1.399999737739563,-14.250036239624023,6.250005722045898,31,straight,47.30544565243988,170.29960434878356
4495.464234181613,39.94917297363281,368.016357421875,3.3195953369140625,39.98575380737433,368.01249386657844,-0.03678429633354573,1.4655695074377297,0.00045907073641177076,2178.313537944693,-1.633504810350589,13.90002954006195,-12.550029754638672,1.3499997854232788,-14.000035285949707,6.200005531311035,31,straight,45.69955904002715,164.51841254409774
4501.513941230664,40.578216552734375,374.0325012207031,3.223297119140625,40.50392233300397,374.0402226629351,0.07469438904958986,1.4672375326944318,0.000133290582232104,7502.405520734103,-1.5452299379951462,13.90002954006195,-12.550029754638672,1.3499997854232788,-13.90003490447998,6.200005531311035,31,straight,44.11366447814181,158.8091921213105
4507.314039759894,41.17570495605469,379.80108642578125,3.136260986328125,41.006619705900114,379.8186627898104,0.16999632464356332,1.4672186112724532,-0.00024609138185660573,4063.5311665757035,-1.4529238840119696,13.950029492378235,-12.550029754638672,1.399999737739563,-13.90003490447998,6.200005531311035,31,straight,42.53772295172718,153.13580262621787
4512.900219098004,41.76091003417969,385.35597229003906,3.0576629638671875,41.51612860263472,385.3820808290338,0.24616987028806508,1.4645374435940943,-0.00041632835077043406,2401.9502831105683,-1.3578824734766182,13.900029301643372,-12.500029563903809,1.399999737739563,-14.000035285949707,6.200005531311035,31,straight,40.962627693806894,147.46545969770483
4518.290058822023,42.33821105957031,390.71434020996094,2.987030029296875,42.03922257623875,390.7468091002626,0.3007463083768925,1.4626244339127663,-0.00010674977910440919,9367.700883220807,-1.2580066884063212,13.900029301643372,-12.500029563903809,1.399999737739563,-14.100035667419434,6.200005531311035,31,straight,39.38322588512944,141.77961318646598
4523.469494930749,42.8973388671875,395.8631286621094,2.9244842529296875,42.56716979179705,395.898755704304,0.3320856884596535,1.4633067786105767,0.0009138507588838385,1094.270580046771,-1.1532829067247286,13.538997769355774,-12.138998031616211,1.399999737739563,-14.20003604888916,6.200005531311035,31,straight,37.80335748812911,136.0920869572648
4528.418111905496,43.41259765625,400.7845458984375,2.8699798583984375,43.074589421698995,400.8182104171467,0.33968053586305147,1.471526956219124,0.0033274476319208324,300.53065010154074,-1.044591999312211,12.539998173713684,-11.139998435974121,1.399999737739563,-14.300036430358887,6.200005531311035,31,straight,36.22959562735753,130.42654425848713
4533.230122441346,43.84034729003906,405.5772705078125,2.8223724365234375,43.516973096509574,405.6017189265621,0.32429707710709144,1.4953357733310515,0.007270969598122179,137.53323906872927,-0.9233780641219713,11.590998530387878,-10.140998840332031,1.4499996900558472,-14.250036239624023,6.250005722045898,32,left,34.63076122850587,124.67074042262112
4537.999885995939,44.10089111328125,410.33973693847656,2.7814483642578125,43.8130989496943,410.3483145367821,0.2879199621678704,1.5410003113513484,0.01144106663066169,87.40443808971729,-0.7913603205001007,10.84199869632721,-9.141999244689941,1.699999451637268,-14.100035667419434,6.500006675720215,32,left,32.96953609222386,118.69032993200591
4542.724605404267,44.09782409667969,415.0643310546875,2.7471771240234375,43.86445091300841,415.05662716945807,0.23350030557687423,1.6037953567576593,0.014075304797739219,71.04641884278203,-0.6468076086450725,10.392998695373535,-8.142999649047852,2.2499990463256836,-17.375062942504883,7.050008773803711,32,left,31.237021567152787,112.45327764175003
4547.404088771072,43.783721923828125,419.7331848144531,2.720550537109375,43.620006011276764,419.71634485710234,0.16457971985059877,1.673296690915439,0.015171200397906037,65.91436232943191,-0.48480396980313256,10.243998289108276,-7.144000053405762,3.0999982357025146,-22.053470611572266,7.95001220703125,32,left,30.08766943836657,108.31560997811965
4552.076141234127,43.13847351074219,424.3604278564453,2.7018280029296875,43.05485906363003,424.3456554560353,0.08490936096653512,1.7456646459596445,0.015653619550469344,63.882988645269386,-0.32803111777763294,10.243998050689697,-6.144999980926514,4.098998069763184,-26.7244873046875,9.250017166137695,32,left,29.620414684033875,106.63349286252195
4556.750020352079,42.15716552734375,428.93011474609375,2.6898956298828125,42.15894537304207,428.93056693832784,-0.0018363900801403386,1.8195949477708402,0.015781244491494983,63.36635875193062,-0.22047716002147055,10.243998050689697,-5.145999908447266,5.097998142242432,-31.39735221862793,11.050024032592773,32,left,29.50039950744761,106.2014382268114
4561.417068631042,40.8428955078125,433.4082794189453,2.6812286376953125,40.93033909814883,433.4374787590631,-0.09218992870276205,1.8930766034969078,0.015350983220523584,65.14240720835681,-0.25435782357356995,10.243998050689697,-4.146999835968018,6.09699821472168,-36.063392639160156,14.091256141662598,32,left,29.910964889143454,107.67947360091644
4566.076494201914,39.212738037109375,437.77320861816406,2.6661834716796875,39.381730562212034,437.8430643304601,-0.18286140675649046,1.9627714900631545,0.015014610836692643,66.60179280545881,-0.2784662955427619,10.243998289108276,-3.1480000019073486,7.095998287200928,-40.72179412841797,18.749656677246094,32,left,30.244156830537882,108.87896458993637
4570.730690164056,37.28656005859375,442.0101013183594,2.6552886962890625,37.52877982139062,442.13074905702047,-0.27060356674185093,2.03291641272528,0.015302166003934248,65.35022556564188,-0.16466154038520808,10.243998289108276,-2.1489999294281006,8.094998359680176,-42.48634719848633,23.40283966064453,32,left,29.958638118554813,107.85109722679732
4575.356239902427,35.07664489746094,446.07359313964844,2.6508636474609375,35.37969602146936,446.25277267054736,-0.3520586429217768,2.1047585147800065,0.015851612820674044,63.085063413596416,-0.02944270192007936,10.043998122215271,-1.149999976158142,8.893998146057129,-44.25090026855469,28.027387619018555,32,left,29.434847730578344,105.96545183008205
4579.929640169964,32.60691833496094,449.9228057861328,2.6525115966796875,32.95469608779724,450.16479134377084,-0.4236819272440862,2.178701415792883,0.017077784475483748,58.555604881626415,0.11892752915588778,9.444998145103455,-1.5499995946884155,7.894998550415039,-46.01544952392578,32.599788665771484,32,left,28.358467473477074,102.09048290451747
4584.444379270001,29.880935668945312,453.52166748046875,2.6615753173828125,30.252822106549843,453.8280124334383,-0.4818160984069544,2.259857750904613,0.017892910220367986,55.8880577661242,0.21383605885025303,9.444998025894165,-2.548999547958374,6.895998477935791,-47.78000259399414,35.28729248046875,32,left,27.70499206569007,99.73797143648426
4588.899389279332,26.91650390625,456.8471984863281,2.6716766357421875,27.292503260382336,457.2106348647541,-0.5229354792623649,2.339206175238431,0.01783298321447907,56.07586728327505,0.09843613766302162,9.444998025894165,-3.547999620437622,5.896998405456543,-48.223907470703125,37.97479248046875,32,left,27.751503765895276,99.905413557223
4593.303721999812,23.732040405273438,459.88978576660156,2.6704254150390625,24.092287379140053,460.29743315718696,-0.5440167986662983,2.41784405112297,0.017376406178744475,57.549299303514246,-0.0825318650484741,9.444997787475586,-4.546999454498291,4.897998332977295,-48.66781234741211,39.33307647705078,32,left,28.11373466180658,101.20944478250368
4597.704504083326,20.32745361328125,462.6782684326172,2.6644134521484375,20.655778736637025,463.11071362574495,-0.5429606170670835,2.4922108213859016,0.015674189492692836,63.79915213263122,-0.1271198677893326,9.444998025894165,-5.545999526977539,3.898998498916626,-49.11171340942383,40.69136047363281,32,left,29.600972203452326,106.56349993242837
4602.144092910085,16.703857421875,465.2433166503906,2.6591949462890625,16.99053750576289,465.6758853668333,-0.5189423522346486,2.5563142552538953,0.010751901871978997,93.00680120659804,-0.10014345301144756,9.444998025894165,-6.544999599456787,2.899998426437378,-49.55561828613281,42.049644470214844,32,left,31.31682031635352,112.74055313887268
4606.660149291425,12.891586303710938,467.6643371582031,2.6554718017578125,13.140081822806676,468.06633404071044,-0.47260080041854213,2.587932289587216,0.0034475770917621884,290.05877849387315,-0.07580902616213248,9.543998956680298,-7.543999671936035,1.9999992847442627,-49.9995231628418,42.499637603759766,32,left,32.970733479391,118.6946405258076
4611.280510292454,8.95819091796875,470.0884094238281,2.65228271484375,9.17198457589359,470.43359693530965,-0.40603219854059514,2.5870628687588266,-0.0018318432829461107,545.8982268350617,-0.050859284941767724,9.892999053001404,-8.542999267578125,1.3499997854232788,-49.9995231628418,42.649635314941406,32,left,34.58107930035236,124.49188548126848
4616.008605646787,4.95697021484375,472.60736083984375,2.6507568359375,5.131371273890538,472.8787670665975,-0.322609778706937,2.5704490937744695,-0.004641718980133935,215.43742830617146,-0.020217028053787223,10.691998839378357,-9.541998863220215,1.149999976158142,-49.9995231628418,42.54963684082031,33,right,36.15479667484908,130.1572680294567
4620.842652701915,0.9245147705078125,475.2733154296875,2.6503753662109375,1.0523667622679727,475.46053494529434,-0.22670967959288987,2.54243641176688,-0.006815617159290743,146.72185608853408,-0.006600302345599607,11.490998566150665,-10.540998458862305,0.9500001072883606,-49.9995231628418,42.199642181396484,33,right,37.69591657548069,135.70529967173047
4625.745343053281,-3.0720062255859375,478.1130676269531,2.650115966796875,-2.998526565083717,478.21224489502663,-0.12343172610818443,2.5039460895983257,-0.008358050162959707,119.64513020413429,-0.04111898598369579,12.489998161792755,-11.539998054504395,0.9500001072883606,-49.9995231628418,41.849647521972656,33,right,39.19707984146497,141.10948742927388
4630.698836967522,-6.9884490966796875,481.14598083496094,2.6462860107421875,-6.976879983543774,481.1602410019519,-0.018362917561256856,2.4600061278374135,-0.009414399535978946,106.22026356309894,-0.04886471053070496,13.688997626304626,-12.538997650146484,1.149999976158142,-49.9995231628418,42.049644470214844,33,right,38.19462134614769,137.5006368461317
4635.700238785902,-10.792922973632812,484.39251708984375,2.6452789306640625,-10.848109604006757,484.3310260921172,0.08262388863661947,2.4101743575299346,-0.00998753791137158,100.12477638371946,0.03294150896628878,14.440995573997498,-13.090995788574219,1.3499997854232788,-49.9995231628418,42.54963684082031,33,right,37.082525249152106,133.49709089694758
4640.767719455028,-14.478073120117188,487.8708801269531,2.6496734619140625,-14.600422172015886,487.74773441662524,0.1735919251367232,2.3594395925542906,-0.01006694033239025,99.33504788763999,0.10859579554063359,13.841995596885681,-12.091996192932129,1.7499994039535522,-49.9995231628418,43.04962921142578,33,right,36.93599257755026,132.96957327918093
4645.9221384422135,-18.037811279296875,491.59864807128906,2.6564178466796875,-18.222167216436638,491.43150575715765,0.24884465984202125,2.307261439354202,-0.009472412097874583,105.56973130681041,0.09510308443666793,13.292995691299438,-11.092996597290039,2.1999990940093994,-49.9995231628418,43.69961929321289,33,right,38.077482713117135,137.0789377672217
4651.175274855564,-21.472885131835938,495.5730285644531,2.6595001220703125,-21.70679895425403,495.37989698465316,0.3033405403738061,2.2609846164521286,-0.007886792324337921,126.7942604389482,0.05715471846366171,12.893995523452759,-10.09399700164795,2.7999985218048096,-44.74738693237305,44.54960632324219,33,right,39.668306410579845,142.80590307808745
4656.554465644574,-24.815444946289062,499.7876434326172,2.6624908447265625,-25.080104635447366,499.5852570705831,0.33317411454486384,2.2236418633348,-0.005234470148651693,191.04130343690704,0.05960396939559409,12.594995260238647,-9.09499740600586,3.499997854232788,-39.369197845458984,45.74958801269531,33,right,40.77167738800487,146.77803859681754
4662.040846193444,-28.096099853515625,504.1851043701172,2.665985107421875,-28.366880917671434,503.9861425424514,0.3360181447087074,2.2044788307810275,-5.610713795956013e-06,178230.44203765332,0.07123393426129165,12.445996284484863,-8.09599781036377,4.349998474121094,-33.883819580078125,47.549560546875,33,right,39.15556580345819,140.9600368924495
4667.5051062136745,-31.35723876953125,508.56951904296875,2.6702880859375,-31.604640791695996,508.3804141330258,0.3113975393861428,2.2234264548679876,0.00640398986506413,156.15265187337798,0.0979122948226413,12.346999645233154,-7.0969977378845215,5.250001907348633,-28.420560836791992,48.99953842163086,34,left,37.47676340711183,134.9163482656026
4672.9216063490285,-34.74690246582031,512.7942810058594,2.6766204833984375,-34.9457767824599,512.6257204558589,0.26069839438578446,2.2738798467815537,0.010482040328102571,95.40127386449554,0.22094871242883118,11.948001861572266,-6.097997665405273,5.850004196166992,-23.005064010620117,49.59952926635742,34,left,35.73488094685446,128.64557140867606
4678.282382382215,-38.33650207519531,516.7757873535156,2.6939849853515625,-38.47126184873406,516.6462947257452,0.18689177941023297,2.336264876035627,0.011934642525583794,83.78969021119333,0.5696883587785972,11.948001861572266,-5.098997592926025,6.84900426864624,-17.645315170288086,49.699527740478516,34,left,33.922965751250715,122.12267670450258
4683.589977354342,-42.13499450683594,520.4825592041016,2.7371368408203125,-42.19843263966232,520.4131415739843,0.09403831170115216,2.4011715733378582,0.01231040635405628,81.23208700340747,1.0401030518958965,11.948001861572266,-4.099997520446777,7.848004341125488,-16.600032806396484,49.74952697753906,34,left,33.401219781690585,120.24439121408611
4688.862042230344,-46.14031982421875,523.9100341796875,2.803863525390625,-46.13200514942861,523.9204200120053,-0.013304109507909981,2.4664990240444804,0.012322445518768599,81.15272236155373,1.5255773274018836,12.00001335144043,-3.249998092651367,8.750015258789062,-16.100040435791016,49.9995231628418,34,left,33.38489911492289,120.1856368137224
4694.10196986711,-50.33332824707031,527.0511779785156,2.8973388671875,-50.25840630269153,527.1581735098648,-0.13061907011686905,2.5307094369815903,0.012686951493009024,78.82114159189753,2.0843828977407663,12.0000159740448,-2.699998617172241,9.300017356872559,-15.600041389465332,49.9995231628418,34,left,32.90181695017952,118.44654102064628
4699.310792483387,-54.69642639160156,529.8936767578125,3.0214691162109375,-54.56535615314834,530.1110721785636,-0.25385069700854146,2.599034961700036,0.013798897227802642,72.4695592329766,2.8088586181128083,11.950017929077148,-2.2499990463256836,9.700018882751465,-15.550041198730469,49.9995231628418,34,left,31.54832684162031,113.57397662983311
4704.484595399521,-59.21971130371094,532.3997039794922,3.1886749267578125,-59.04857117063769,532.7385764585109,-0.37963601276045517,2.6739306392738555,0.015039347606499609,66.49224595140194,3.7849913327018534,11.900018692016602,-2.049999237060547,9.850019454956055,-15.800042152404785,49.9995231628418,34,left,30.219273748661703,108.78938549518213
4709.638247889329,-63.904541015625,534.5357208251953,3.412139892578125,-63.71368402836167,535.0036703494687,-0.5053742641398796,2.7543304919819556,0.015742212242607523,63.52347335868222,4.867699775039935,11.950018405914307,-2.1499991416931152,9.800019264221191,-16.20003890991211,49.19953536987305,34,left,29.536949455015517,106.33301803805587
4714.769434458461,-68.72349548339844,536.2764282226562,3.6890716552734375,-68.53410097042227,536.8764211878434,-0.6291755238561553,2.8358304076912733,0.015814708145724388,63.2322766114629,5.6425959753661825,11.95001745223999,-2.349998950958252,9.600018501281738,-16.600032806396484,47.24956512451172,34,left,29.4691718068532,106.08901850467153
4719.8574314338985,-73.62449645996094,537.6099243164062,3.988555908203125,-73.45675693709141,538.3406498964648,-0.7497308989793249,2.915949792843145,0.015730346133088824,63.571391979512605,5.835348215403324,11.950016021728516,-2.649998664855957,9.300017356872559,-17.100025177001953,44.899600982666016,34,left,29.54808788139473,106.37311637302102
4724.8867332846685,-78.55851745605469,538.539794921875,4.279510498046875,-78.43198664095283,539.3966358381174,-0.866133016872973,2.9949809339900937,0.01684015161096991,59.38188818612452,5.929952103949426,12.000013828277588,-3.149998188018799,8.850015640258789,-17.65001678466797,42.59963607788086,34,left,28.557850975664014,102.80826351239045
4729.845285010822,-83.48147583007812,539.0507202148438,4.58062744140625,-83.42518960726184,540.0267609718621,-0.9776623641318648,3.0839885507817675,0.017925718876734498,55.785768307338785,6.4020860016889225,12.050010681152344,-3.8499975204467773,8.200013160705566,-18.200008392333984,40.599666595458984,34,left,27.67962683875978,99.64665661953521
4734.757158779033,-88.38177490234375,539.1166687011719,4.9111175537109375,-88.41462868460856,540.199724534881,-1.0835540180076473,-3.1112676142354285,0.017777577106659448,56.25063494312742,7.0943347626394875,12.050009727478027,-4.59999942779541,7.450010299682617,-18.700000762939453,39.19968795776367,34,left,27.794715690377405,100.06097648535867
4739.652462525635,-93.25018310546875,538.7571258544922,5.2762603759765625,-93.38795591685059,539.9318480918898,-1.1827737241723506,-3.024844807206677,0.0169575769960153,58.97068904566852,7.626538295798557,12.050009727478027,-5.350002288818359,6.700007438659668,-19.199993133544922,37.249717712402344,34,left,28.458802563586744,102.45168922891229
4744.54571346027,-98.06849670410156,537.9940338134766,5.6576385498046875,-98.31697242517063,539.2434111173319,-1.2738460783586323,-2.945274584962509,0.01572554330507203,63.5908076815041,7.715472260460377,12.050009727478027,-6.000004768371582,6.050004959106445,-19.749984741210938,35.04975128173828,34,left,29.552599762081464,106.38935914349327
4749.461255701144,-102.83636474609375,536.8586578369141,6.03302001953125,-103.19899890214181,538.1640109015771,-1.3547878633047645,-2.870620141547899,0.014720937010909263,67.93045845240209,7.657284030041578,12.10000991821289,-6.650007247924805,5.450002670288086,-20.49997329711914,31.899799346923828,34,left,30.544343443349547,109.95963639605837
4754.416811746007,-107.54689025878906,535.3674468994141,6.41351318359375,-108.02364594530279,536.7084203597841,-1.423202658106013,-2.8000002529671204,0.014326441303399162,69.8010049266551,7.875674832441682,12.25001049041748,-7.5000104904174805,4.75,-21.499958038330078,28.699848175048828,34,left,30.96202515441587,111.46329055589713
4759.425259305434,-112.18826293945312,533.5293426513672,6.817962646484375,-112.7818746472732,534.8813110201696,-1.4765477743382627,-2.72786336841238,0.013869407435950998,72.10113370870425,8.281160345489791,12.30001163482666,-8.450014114379883,3.8499975204467773,-22.399944305419922,25.199901580810547,34,left,31.46803092593091,113.28491133335129
4764.482475668719,-116.72917175292969,531.3450164794922,7.2472686767578125,-117.42916278312333,532.6858235973646,-1.5125313780840095,-2.660447761837491,0.012773623895874386,78.2863193837247,8.426972164062253,12.200015306472778,-9.200016975402832,2.9999983310699463,-23.099933624267578,21.199962615966797,34,left,32.79000320854018,118.04401155074464
4769.592626688237,-121.16716003417969,528.8479766845703,7.6746978759765625,-121.95821311687592,530.157109092784,-1.5295726991152063,-2.5980485141723153,0.012116435791258873,82.53252171083408,8.43639657704448,12.150018215179443,-9.800019264221191,2.349998950958252,-23.749923706054688,17.00002670288086,34,left,33.667516290581865,121.20305864609472
4774.757937036503,-125.487548828125,526.0512847900391,8.114227294921875,-126.35696853160785,527.306867148797,-1.527212388775157,-2.535956264945295,0.011804575091167696,84.71291785404544,8.655847896747604,12.200021624565125,-10.55002212524414,1.6499994993209839,-24.249916076660156,13.800034523010254,34,left,34.109342031289025,122.79363131264049
4779.971583052655,-129.664306640625,522.96484375,8.573226928710938,-130.59505955080667,524.14926025101,-1.5063676270009592,-2.475550365383952,0.011001200691723168,90.89916892002135,8.684668535485907,12.150025129318237,-11.30002498626709,0.8500001430511475,-24.599910736083984,12.150028228759766,34,left,35.332834388817055,127.1982037997414
4785.234769014488,-133.6953887939453,519.6109924316406,9.02398681640625,-134.66519903165195,520.7148710647299,-1.4693807994361112,-2.420756762270821,0.009383392946854974,106.57125899594448,8.405838144686218,12.100026905536652,-11.800026893615723,0.30000001192092896,-24.84990692138672,11.00002384185791,34,left,37.04491377008419,133.3616895723031
4790.551690216081,-137.59274291992188,516.02099609375,9.46240234375,-138.57624714838138,517.0450372565836,-1.41983832550582,-2.376384034370461,0.0069394352894970035,144.10394481428816,8.111515030147931,12.100028038024902,-12.100028038024902,0.0,-25.049903869628906,10.150020599365234,34,left,38.69763854556598,139.31149876403754
4795.947791594673,-141.41458129882812,512.2359924316406,9.89276123046875,-142.38696549189186,513.1899683048157,-1.3622044580459447,-2.346638769063718,0.004690655095614921,213.18983801108172,7.911445559071195,13.199028432369232,-12.200028419494629,0.9990000128746033,-25.14990234375,9.700018882751465,34,left,40.305744502004224,145.10068020721522
4801.445868336579,-145.20545959472656,508.27720642089844,10.32415771484375,-146.15349082388929,509.168669868706,-1.3013340425289588,-2.3254523735538117,0.0027318352331463513,366.0542875597459,7.775092907999737,13.149028241634369,-12.150028228759766,0.9990000128746033,-25.14990234375,9.150016784667969,35,straight,41.88078030161676,150.77080908582033
4807.045772501469,-149.01063537597656,504.1914367675781,10.7554931640625,-149.92292981440858,505.03412199865505,-1.241933790936212,-2.3165514450496807,0.0012697553077731516,787.5533135228723,7.654551484633054,12.050027847290039,-12.050027847290039,0.0,-25.049903869628906,8.7000150680542,35,straight,43.426304267465184,156.33469536287467
4812.744466658776,-152.85507202148438,500.0072326660156,11.188919067382812,-153.73209911454617,500.8086375149763,-1.1880346181412766,-2.3111696465218303,0.0007684616559544,1301.3011023406734,7.5525213357624965,12.050027281045914,-11.90002727508545,0.15000000596046448,-24.899906158447266,8.450014114379883,35,straight,44.94456538414958,161.80043538293847
4818.532568883959,-156.74005126953125,495.73866271972656,11.622940063476562,-157.58611100559224,496.50648712856525,-1.1425285115882586,-2.307755988365662,0.00021047329783194235,4751.196518992518,7.440090466887006,12.100026726722717,-11.75002670288086,0.3500000238418579,-24.699909210205078,8.40001392364502,35,straight,46.43585938000726,167.16909376802613
4824.4009296793365,-160.67503356933594,491.4066925048828,12.056076049804688,-161.49389427157672,492.151359919335,-1.106825373679692,-2.3087775782951994,-0.0003970068015835826,2518.8485336049544,7.313331407874646,12.10002601146698,-11.550025939941406,0.5500000715255737,-24.49991226196289,8.450014114379883,35,straight,47.90045639580241,172.44164302488866
4830.350391917762,-164.6739044189453,487.022705078125,12.487106323242188,-165.47072043441506,487.7527394136245,-1.0806784413123658,-2.312484153009226,-0.0011495128289351064,869.9337448250898,7.170972393876096,12.050025284290314,-11.350025177001953,0.7000001072883606,-24.34991455078125,8.500014305114746,35,straight,49.34093495129228,177.62736582465223
4836.378555456942,-168.75559997558594,482.6073303222656,12.914871215820312,-169.53149159202198,483.33280941306697,-1.0622277117669516,-2.3226294338292917,-0.001690005407961409,591.7140828598075,7.0054463540819345,12.05002474784851,-11.200024604797363,0.8500001430511475,-24.19991683959961,8.500014305114746,35,straight,50.75879179249755,182.73165045299118
4842.506315910793,-172.9561767578125,478.16603088378906,13.3385009765625,-173.714377550162,478.8898930283398,-1.048258005375138,-2.333029141203148,-0.0009626362040851544,1038.8140356203978,6.786737785664543,12.100024580955505,-11.1500244140625,0.9500001668930054,-24.099918365478516,8.450014114379883,35,straight,52.160587960255796,187.77811665692087
4848.704254396313,-177.23211669921875,473.6983184814453,13.751205444335938,-177.97951849514226,474.4138187266189,-1.0346738835948144,-2.334390914556605,0.00015359621238630883,6510.577210620966,6.503697380415185,12.050024390220642,-11.100024223327637,0.9500001668930054,-24.099918365478516,8.850015640258789,35,straight,53.54111691086275,192.7480208791059
4854.90699971859,-181.50650024414062,469.2207489013672,14.144989013671875,-182.2435152795505,469.9217013050329,-1.0171162345695852,-2.3311208528658636,0.0005401731935929799,1851.258099922484,6.169264386346929,12.050024151802063,-11.050024032592773,1.0000001192092896,-24.04991912841797,9.150016784667969,35,straight,54.78090951571127,197.21127425656059
4861.124056530509,-185.7751007080078,464.716064453125,14.517364501953125,-186.4959930919499,465.3969766403844,-0.9916285776358962,-2.3276816984956805,0.0005493173885820768,1820.441188984106,5.798093019012973,12.100023865699768,-11.00002384185791,1.100000023841858,-23.949920654296875,9.300017356872559,35,straight,53.428210355473475,192.34155727970452
4867.399286441018,-190.0695343017578,460.1539764404297,14.86907958984375,-190.76623318626716,460.80753948313804,-0.9552664478933371,-2.3242590741029563,0.0008776337054749728,1139.4275239905503,5.389748111954362,12.650022864341736,-10.900023460388184,1.7499994039535522,-23.84992218017578,9.200016975402832,35,straight,52.027201046910896,187.29792376887923
4873.761004764908,-194.40164184570312,455.50682067871094,15.198089599609375,-195.0675884813273,456.12193226705665,-0.9065578788011154,-2.316533225191107,0.0018343985797623086,545.1377966775217,4.934010990672122,12.650022149085999,-10.750022888183594,1.8999992609024048,-23.749923706054688,9.150016784667969,35,straight,50.567275510531864,182.04219183791471
4880.213171062703,-198.7407684326172,450.7412414550781,15.500885009765625,-199.37108497323717,451.3051457537488,-0.8457464155634272,-2.300640354937888,0.0029983976476692376,333.51146762582874,4.439053791414782,12.292996883392334,-10.142997741699219,2.1499991416931152,-23.5499267578125,9.200016975402832,35,straight,49.042222107514164,176.551999587051
4886.753520199727,-203.04368591308594,445.8232879638672,15.774383544921875,-203.63294704171312,446.32638801543305,-0.7748150357321304,-2.277481459041473,0.004416704033771424,226.41317877623328,3.9036810086019003,11.643996953964233,-9.143998146057129,2.4999988079071045,-23.24993133544922,9.350017547607422,36,left,47.44632303098576,170.80676291154873
4893.323706696532,-207.2257080078125,440.76153564453125,16.01251220703125,-207.77144957851237,441.195579757159,-0.6973006193147862,-2.242682618332967,0.0058234564981493875,171.7193217323399,3.3289197546467753,11.19499683380127,-8.144998550415039,3.0499982833862305,-22.799938201904297,9.750019073486328,36,left,45.787171765461466,164.8338183556613
4899.849022256249,-211.18031311035156,435.5748596191406,16.210586547851562,-211.67945951375071,435.9391549505206,-0.6179467780412529,-2.2012675031444973,0.0068423309236616825,146.14902599081668,2.7335115531069487,11.045995950698853,-7.145998477935791,3.8999974727630615,-22.149948120117188,10.500021934509277,36,left,44.077580114406295,158.67928841186267
4906.328279023871,-214.8766632080078,430.25575256347656,16.368270874023438,-215.32934972580483,430.5542509608172,-0.5422419908215732,-2.153746513550859,0.007671402356483004,130.35426295361927,2.1861621891979155,11.045995712280273,-6.146998405456543,4.8989973068237305,-21.249961853027344,11.550025939941406,36,left,42.31176488170881,152.32235357415172
4912.765201689184,-218.2831573486328,424.79551696777344,16.4931640625,-218.69340322241342,425.036667110392,-0.4758729538847324,-2.1022107401127084,0.007621950444507336,131.200013340501,1.4702041105530528,11.045995712280273,-5.147998332977295,5.8979973793029785,-20.099979400634766,13.250032424926758,36,left,42.44880426135041,152.81569534086148
4919.158867516886,-221.38613891601562,419.20567321777344,16.55731201171875,-221.76133499913632,419.4034539883535,-0.42413362752834116,-2.0559192662673538,0.007492944217286052,133.45888758827576,0.46617647644819904,11.045995712280273,-4.148998260498047,6.896997451782227,-18.60000228881836,15.450040817260742,36,left,42.178389734845446,151.8422030454436
4925.521539193606,-224.22592163085938,413.5118865966797,16.552963256835938,-224.58067264437955,413.6771003800858,-0.3913360139585086,-2.006643843458372,0.008429832746710997,118.62631561583026,-0.022657362211941923,9.594997882843018,-3.149998188018799,6.444999694824219,-16.900028228759766,16.400035858154297,36,left,40.363520890375916,145.3086752053533
4931.860956011991,-226.73138427734375,407.68858337402344,16.554412841796875,-227.08481643302656,407.8289617243678,-0.38028984987242176,-1.9488746032037556,0.008776144827826321,113.9452481264123,0.06886965973564863,8.795997619628906,-3.3499979972839355,5.445999622344971,-15.150039672851562,16.250038146972656,36,left,39.55912079114179,142.41283484811044
4938.188493366668,-228.90814208984375,401.74725341796875,16.561676025390625,-229.27959942792967,401.8722796869914,-0.39193382344931643,-1.8954688302731937,0.008193518213838374,122.0476935428127,0.14296459431220043,8.795997619628906,-4.348998069763184,4.446999549865723,-16.35003662109375,15.000039100646973,36,left,40.94145848790672,147.3892505564642
4944.5260156499935,-230.7734375,395.6904602050781,16.572525024414062,-231.18272665736296,395.8056365413622,-0.42518608017516424,-1.8451081367583588,0.007226081095501047,138.387597202943,0.02182027391917085,8.795997858047485,-5.347998142242432,3.4479997158050537,-18.700000762939453,12.550029754638672,36,left,42.72485983307151,153.80949539905745
4950.908850058639,-232.37481689453125,389.51177978515625,16.564315795898438,-232.8389881441892,389.62184389014146,-0.47704198579915935,-1.803616015941034,0.005672330026805117,176.2943967072452,-0.10987438380423153,8.795997858047485,-6.34699821472168,2.4489996433258057,-20.399974822998047,11.250024795532227,36,left,44.44874690104039,160.0154888437454
4957.371593235413,-233.7588348388672,383.198974609375,16.558441162109375,-234.29074807776806,383.3076743602131,-0.542906372729469,-1.7723769786403745,0.003675008371286148,272.10822370182206,-0.07223491946677374,8.295998454093933,-6.845998764038086,1.4499996900558472,-21.399959564208984,11.100024223327637,37,straight,46.128623721358885,166.063045396892
4963.927249703373,-235.0113525390625,376.7640838623047,16.554946899414062,-235.6178983029691,376.8777144267691,-0.6170977790379444,-1.7559901539317082,0.0018309358090566608,546.1687925122959,-0.05233376490632047,8.295998334884644,-5.846998691558838,2.4489996433258057,-21.349960327148438,12.400029182434082,37,straight,47.772338254562804,171.9804177164261
4970.5833115973055,-236.2094268798828,370.21673583984375,16.551528930664062,-236.89197405529802,370.33919498261747,-0.6934456635643227,-1.7483224831250286,0.0012015143070538414,832.2830565805228,-0.14257641202632954,8.295998334884644,-4.84799861907959,3.4479997158050537,-19.69998550415039,14.850038528442383,37,straight,49.38528752107374,177.78703507586548
4977.342814800418,-237.37847900390625,363.5591125488281,16.535629272460938,-238.13346305624822,363.68798373488744,-0.7659038463717379,-1.7398608337593255,0.0016366545631189278,611.0024818519599,-0.34798474794066614,8.295998096466064,-3.848998546600342,4.446999549865723,-17.1500244140625,17.350021362304688,37,straight,50.97109344474764,183.4959364010915
4984.20555514292,-238.48928833007812,356.7869415283203,16.503890991210938,-239.30844606777876,356.9150645282876,-0.8291169413028902,-1.7259475098644703,0.0023689322960138565,422.1311017130693,-0.41421748143126713,8.295998096466064,-2.8499984741210938,5.445999622344971,-14.550037384033203,18.75,37,straight,52.5321684834833,189.11580654053986
4991.169666924095,-239.5023651123047,349.89695739746094,16.47845458984375,-240.37309743442734,350.0163253125986,-0.8788762574750778,-1.707036196735996,0.0028692836700099644,348.51904342958437,-0.3368608198271561,8.444998979568481,-1.9999992847442627,6.444999694824219,-12.900031089782715,18.650001525878906,37,straight,54.07024850463556,194.652894616688
4998.232715652643,-240.387451171875,342.8896179199219,16.456695556640625,-241.29386715578988,342.99420073946766,-0.9124294504456376,-1.6856689690075133,0.0029145795621880605,343.1026598049945,-0.3447159242421671,10.442999124526978,-2.9989993572235107,7.443999767303467,-13.350032806396484,17.850013732910156,37,straight,55.586726766540025,200.1122163595441
5005.393221945661,-241.13502502441406,335.76829528808594,16.429351806640625,-242.05944824559543,335.8561995875238,-0.9285932681852724,-1.6656022268975617,0.002648653970476117,377.550261810999,-0.4712119287105132,12.440999269485474,-3.997999429702759,8.442999839782715,-14.65003776550293,16.85002899169922,37,straight,57.08301982884931,205.4988713838575
5012.650933632029,-241.75558471679688,328.5372772216797,16.388580322265625,-242.68051385536205,328.6083716326779,-0.9276574403528994,-1.6475101952835773,0.0022929656224457695,436.1164381232021,-0.6568516382607248,13.29500436782837,-4.996999263763428,8.298005104064941,-15.850042343139648,15.800042152404785,37,straight,58.56062428564644,210.8182474283272
5020.004850892965,-242.26034545898438,321.20091247558594,16.33319091796875,-243.16973644236285,321.25676517234695,-0.9111045408654047,-1.6321369694490797,0.0018974835673267326,527.013786690574,-0.8806000680527948,13.295005321502686,-5.995999336242676,7.29900598526001,-16.900028228759766,14.700037956237793,37,straight,60.020724293498205,216.07460745659355
5027.453994136078,-242.6689910888672,313.76336669921875,16.257980346679688,-243.5491534253726,313.8062312622281,-0.8812054864585427,-1.6194586259926995,0.0016143331992118926,619.4508051300647,-1.1143980276290932,13.295005321502686,-6.994999408721924,6.300005912780762,-17.900012969970703,13.800034523010254,37,straight,61.46437971078846,221.27176695883844
5034.996755897034,-242.9927520751953,306.2281188964844,16.165924072265625,-243.83275493667276,306.25934376424954,-0.8405830117586494,-1.607951554612048,0.0015487555414765708,645.6796913518116,-1.3044841064271395,13.344001770019531,-7.993999481201172,5.350002288818359,-18.849998474121094,15.250040054321289,37,straight,62.89242208829236,226.4127195178525
5042.631972198618,-243.23077392578125,298.59735107421875,16.059829711914062,-244.02235429623943,298.6172643187234,-0.7918308027611766,-1.5959473363555383,0.0016832716435520173,594.0811774680725,-1.4697670496658377,13.442997932434082,-8.992999076843262,4.44999885559082,-19.69998550415039,18.300006866455078,37,straight,64.30567851081605,231.50044263893778
5050.358968515035,-243.37359619140625,290.8726043701172,15.939987182617188,-244.11079901324504,290.88091737963015,-0.7372496908471774,-1.5820722700485588,0.002057956743596906,485.91886253750675,-1.625526341990513,13.641996383666992,-9.991998672485352,3.6499977111816406,-20.449974060058594,20.599971771240234,37,straight,65.70498223125955,236.5379360325344
5058.175157593864,-243.39349365234375,283.0575714111328,15.807037353515625,-244.07219876921772,283.0528996380185,-0.6787211954366363,-1.5639130733519724,0.002451944241827847,407.8396167991698,-1.7706736266839385,13.950021982192993,-10.950023651123047,2.9999983310699463,-21.099964141845703,20.299976348876953,37,straight,67.09075231119486,241.5267083203015
5066.078177818023,-243.25942993164062,275.1570281982422,15.661529541015625,-243.876917429281,275.14017330533954,-0.617717489761257,-1.5435071770938786,0.0026867801989974988,372.19270871994803,-1.902651899726704,13.9000244140625,-11.45002555847168,2.4499988555908203,-21.549957275390625,19.84998321533203,37,straight,68.46340448619016,246.46825615028456
5074.065615334334,-242.95291137695312,267.17701721191406,15.504592895507812,-243.5076154597856,267.149483974343,-0.5553869810160781,-1.5212011275396637,0.002695760748481865,370.9528008237216,-2.020051643950571,13.900026082992554,-11.800026893615723,2.099999189376831,-21.899951934814453,19.599987030029297,37,straight,69.82330544111848,251.36389958802653
5082.13645513464,-242.4660186767578,259.12261962890625,15.337051391601562,-242.95748269580068,259.08788318658793,-0.4926900673229662,-1.5002341479384116,0.0022996399852656946,434.8506750653244,-2.1260218856833935,13.30002748966217,-12.000027656555176,1.2999998331069946,-22.09994888305664,19.649986267089844,37,straight,71.17101822358671,256.2156656049122
5090.289962169412,-241.8218536376953,250.9965362548828,15.159576416015625,-242.25076722312832,250.9591886608613,-0.4305365333490311,-1.4839405307786502,0.0016723181017772176,597.9723588097701,-2.2202484574860515,13.250027537345886,-12.000027656555176,1.2499998807907104,-22.09994888305664,20.3499755859375,37,straight,72.50710313209872,261.0255712755554
5098.522336258544,-241.05972290039062,242.8016357421875,14.973175048828125,-241.42784292513142,242.76547641362893,-0.36989167286782515,-1.472883418485941,0.0010856403416494992,921.115365407867,-2.2828474512596286,13.300027251243591,-11.950027465820312,1.3499997854232788,-22.049949645996094,18.050010681152344,37,straight,73.83158551841694,265.793707866301
5106.776614911726,-240.22256469726562,234.5921173095703,14.783203125,-240.532683733123,234.55951517326653,-0.3118280226225528,-1.4660532506740789,0.0007394260625498,1352.4002610235968,-2.307184484319902,13.300026535987854,-11.800026893615723,1.4999996423721313,-21.849952697753906,17.750015258789062,37,straight,75.1361547909782,270.4901572475215
5115.04567478989,-239.33619689941406,226.3729248046875,14.591949462890625,-239.59214734950817,226.34462296100827,-0.25751044106797466,-1.4606682364599626,0.0007146572797374906,1399.2721103566203,-2.320470681567499,13.300025582313538,-11.60002613067627,1.699999451637268,-21.64995574951172,17.1500244140625,37,straight,76.42073345987541,275.11464045555147
5123.362920632279,-238.3971405029297,218.1111297607422,14.3983154296875,-238.6038429855426,218.0869178571978,-0.20811567118211788,-1.4541935955942034,0.000980621409781779,1019.7615410238019,-2.3390635218729527,13.300024390220642,-11.350025177001953,1.949999213218689,-21.399959564208984,16.550033569335938,37,straight,77.69137493093132,279.68894975135277
5131.756755435507,-237.38243103027344,209.78118896484375,14.2010498046875,-237.54581832951487,209.76040180274921,-0.16470432799825271,-1.4442498837130018,0.0013805480727816788,724.3500025211661,-2.142265646674446,13.300022840499878,-11.00002384185791,2.2999989986419678,-21.099964141845703,16.35003662109375,37,straight,78.95298718392954,284.23075386214634
5140.2274429471545,-236.259521484375,201.38685607910156,14.037353515625,-236.38634397325825,201.36899497332152,-0.12807405196303645,-1.4308810625560695,0.0016276383497335761,614.3870965953139,-2.1202118987024288,13.300020933151245,-10.600022315979004,2.699998617172241,-20.699970245361328,16.600032806396484,37,straight,80.0,288.0
5148.773238814233,-235.00852966308594,192.9354248046875,13.839981079101562,-235.10599417573306,192.9202704660598,-0.09863561833732491,-1.4165457502037533,0.0017705905546298584,564.7833133330195,-2.5373055306706305,13.292994499206543,-10.042996406555176,3.249998092651367,-20.149978637695312,16.700031280517578,37,straight,78.79642974934676,283.66714709764835
5157.3945813999735,-233.61720275878906,184.43043518066406,13.601425170898438,-233.6924507685625,184.41749314017855,-0.0763528610255888,-1.4004709571980638,0.001939301853368991,515.6494839948622,-2.8123158197410403,12.993994235992432,-9.043996810913086,3.9499974250793457,-19.499988555908203,16.85002899169922,37,straight,77.49771900775575,278.9917884279207
5166.090746763074,-232.0687713623047,175.87684631347656,13.352890014648438,-232.12845905108912,175.8655004736897,-0.06075646692242073,-1.3829506378294427,0.0019358628882954199,516.5655099057802,-2.77633326718979,12.84499740600586,-8.044997215270996,4.800000190734863,-18.700000762939453,17.45001983642578,37,straight,76.16530663035648,274.19510386928334
5174.859745724322,-230.35986328125,167.2792205810547,13.116653442382812,-230.40983936203293,167.26887517694337,-0.05103563496859585,-1.3666723284243263,0.0018323066326184217,545.7601812918014,-2.7613519495312544,12.75124740600586,-7.045997142791748,5.705250263214111,-18.350006103515625,18.350006103515625,37,straight,74.79770466098942,269.27173677956193
5183.70135735028,-228.4982452392578,158.63943481445312,12.866500854492188,-228.54331195050565,158.6293518066992,-0.04618089981866671,-1.3506861050459165,0.0016088098329748446,621.5775037568633,-2.88063662441691,12.65749740600586,-6.0469970703125,6.610500335693359,-22.849937438964844,19.54998779296875,37,straight,73.39298139761765,264.2147330314235
5192.615410051683,-226.49449157714844,149.9574432373047,12.6051025390625,-226.53841886460728,149.94703460180182,-0.04514361833662154,-1.338135828087781,0.0011755464636802188,850.6682048698908,-2.9174344623955517,12.905004024505615,-5.29799747467041,7.607006549835205,-20.449974060058594,21.199962615966797,37,straight,71.94899069222035,259.01636649199327
5201.603026578409,-224.3839111328125,141.2250518798828,12.344253540039062,-224.42953122082062,141.2138337065619,-0.046979142632936184,-1.329676190799329,0.0007925101236360976,1261.8135342068854,-2.8271253517059836,13.152510166168213,-4.548997402191162,8.60351276397705,-11.467144012451172,22.149948120117188,37,straight,70.46313091343566,253.6672712883684
5210.663489392289,-222.19346618652344,132.4368896484375,12.094970703125,-222.24287319356583,132.42443477933168,-0.05095268500609579,-1.3238543013181785,0.0005150130400485842,1941.6984080746076,-2.50928862613482,13.400016069412231,-3.799997568130493,9.600018501281738,-3.799997568130493,22.499942779541016,37,straight,68.93281716014502,248.1581417765221
5219.794363515481,-219.94639587402344,123.58924865722656,11.88812255859375,-220.0012311764527,123.57521939806327,-0.05660150620946695,-1.32032544632607,0.0004376744316002268,2284.8033327964727,-2.3807851991174744,13.300016641616821,-3.5999977588653564,9.700018882751465,-3.5999977588653564,22.499942779541016,37,straight,67.35544507519465,242.47960227070075
5228.9939927003625,-217.64767456054688,114.68440246582031,11.658401489257812,-217.70937082523974,114.66832165855246,-0.06375752065001433,-1.3158244417608989,0.0004913153618554267,2035.3526016844914,-2.4878568291645586,13.250017404556274,-3.3999979496002197,9.850019454956055,-3.449997901916504,22.299945831298828,37,straight,65.72792337925111,236.620524165304
5238.260406493804,-215.29107666015625,105.72560119628906,11.428726196289062,-215.36118479923036,105.70698516310317,-0.07253763062032849,-1.3112525201210052,0.00044315218401841383,2256.561145501312,-2.1699864516327994,13.300018548965454,-3.199998140335083,10.100020408630371,-3.199998140335083,22.049949645996094,37,straight,64.0467912185764,230.56844838687505
5247.5416162064585,-212.89151000976562,96.76161193847656,11.256011962890625,-212.97194906523958,96.73993843884291,-0.08330775613299451,-1.307606509602524,0.00018837297348457682,5308.61716254575,-1.857626629282827,13.250019788742065,-2.899998426437378,10.350021362304688,-2.949998378753662,21.899951934814453,37,straight,62.31753095174087,224.34311142626714
5256.751809416405,-210.4932861328125,87.87077331542969,11.085220336914062,-210.5865813014059,87.84564925326693,-0.09661887487663084,-1.307740309911671,-0.0002551520488609377,3919.2317069929445,-1.9561663383008354,13.300021171569824,-2.649998664855957,10.650022506713867,-2.649998664855957,21.79995346069336,37,straight,60.55270328388482,217.98973182198534
5265.683375619788,-208.18817138671875,79.24374389648438,10.901687622070312,-208.29752503026876,79.2148064615984,-0.11311761355085166,-1.3121033558771273,-0.0006343740713700835,1576.3569873533124,-2.0418112507901376,13.30002236366272,-2.399998903274536,10.900023460388184,-2.399998903274536,21.64995574951172,37,straight,58.79068872103592,211.64647939572933
5274.250888347443,-206.0224609375,70.956298828125,10.727828979492188,-206.15168353505572,70.92301930104551,-0.13343914958392697,-1.3187372226222915,-0.0007462744817232081,1339.9895406994476,-2.0439385597836535,13.300023317337036,-2.1999990940093994,11.100024223327637,-2.1999990940093994,21.44995880126953,37,straight,57.04937826684742,205.3777617606507
5282.460142381808,-203.99984741210938,63.00190734863281,10.558883666992188,-204.15317991650494,62.96338281015673,-0.15809806124367923,-1.3246430931299196,-0.0007370878703709532,1356.6903488680819,-1.7724776585111846,13.25002384185791,-2.049999237060547,11.200024604797363,-2.049999237060547,21.199962615966797,37,straight,55.32949379534175,199.1861776632303
5290.307524367679,-202.1099853515625,55.38639831542969,10.441207885742188,-202.29200649041888,55.3418090815234,-0.18740302764610142,-1.3305598664117153,-0.0006545789746216918,1527.6995424088304,-1.2894312825083465,13.300024151802063,-1.9999991655349731,11.30002498626709,-1.9999991655349731,20.949966430664062,37,straight,53.63388967969221,193.08200284689195
5297.7976730252385,-200.34352111816406,48.10798645019531,10.359649658203125,-200.55880259504647,48.05620521766571,-0.22142134118227808,-1.3347521208259627,-0.0005970695846607837,1674.8466605749734,-1.3021330216970717,13.300024390220642,-1.949999213218689,11.350025177001953,-1.949999213218689,20.64997100830078,37,straight,51.96389190755272,187.0700108671898
5304.935634444772,-198.68894958496094,41.16526794433594,10.252197265625,-198.94202430294163,41.10560409107399,-0.2600126694356869,-1.3392681643457454,-0.0007942863968382341,1258.9917238676592,-1.4492252236300462,13.300024390220642,-1.949999213218689,11.350025177001953,-1.949999213218689,20.3499755859375,37,straight,50.32086941337875,181.15512988816351
5311.709427152518,-197.15411376953125,34.568328857421875,10.157638549804688,-197.44939693564635,34.50071194366828,-0.3029260556910264,-1.3456873362542745,-0.0012857612911979094,777.7493434013143,-1.0525606560181089,13.250024199485779,-1.949999213218689,11.30002498626709,-1.949999213218689,19.999980926513672,37,straight,48.71044778081131,175.35761201092072
5318.1209332767885,-195.75244140625,28.312088012695312,10.110992431640625,-196.09433690506788,28.23749332902325,-0.3499384216459538,-1.3559828748725358,-0.002085602506617698,479.4777513102142,-1.1118655586178083,13.300024032592773,-2.049999237060547,11.250024795532227,-2.049999237060547,19.649986267089844,37,straight,47.13549854215324,169.68779475175168
5324.31528491896,-194.47586059570312,22.25140380859375,10.019119262695312,-194.8689398638014,22.172122420121564,-0.4009948248628044,-1.3717732873292683,-0.0028327859705325753,353.0093732467885,-1.466209432911647,13.300023317337036,-2.1999990940093994,11.100024223327637,-2.1999990940093994,19.199993133544922,37,straight,45.5622146932526,164.02397289570936
5330.371983137457,-193.3347625732422,16.303817749023438,9.931320190429688,-193.78368068236577,16.222042035182174,-0.4563055293039186,-1.3906102613157603,-0.003409880204941984,293.2654345307166,-1.3691576236462777,13.090997695922852,-2.4499988555908203,10.640998840332031,-2.4499988555908203,18.700000762939453,37,straight,43.9694951630985,158.29018258715462
5336.31989480707,-192.33023071289062,10.441848754882812,9.854583740234375,-192.8401523258356,10.360523740119156,-0.5163659645781199,-1.4126429319159703,-0.004508428504980733,221.80677788174742,-1.289915444497558,12.491997718811035,-2.8499984741210938,9.641999244689941,-2.8499984741210938,18.10000991821289,38,right,42.347123545152094,152.44964476254754
5342.2296541668275,-191.48471069335938,4.5933837890625,9.778366088867188,-192.061927727668,4.519805043851411,-0.5818877352573096,-1.444008559173456,-0.006575569592151553,152.07808023103834,-1.3202713184417236,12.042997598648071,-3.3999979496002197,8.642999649047852,-3.3999979496002197,17.400020599365234,38,right,40.67111380552853,146.4160096999027
5348.105306690128,-190.86865234375,-1.2493438720703125,9.699005126953125,-191.52017146836488,-1.3020646591223302,-0.6536487215059194,-1.4900524730073064,-0.008700098635951892,114.94122559342551,-1.3991854202796472,11.793997287750244,-4.149997711181641,7.6439995765686035,-4.149997711181641,16.50003433227539,38,right,38.93331651906465,140.15993946863273
5353.96913243812,-190.55636596679688,-7.1042327880859375,9.614120483398438,-191.28845722771777,-7.122299750647957,-0.7323141603526223,-1.5461227688901857,-0.009968461354869534,100.31638428447194,-1.4588482546425086,11.793997287750244,-5.148997783660889,6.6449995040893555,-8.223504066467285,15.350040435791016,38,right,37.11799054047697,133.6247659457171
5359.832479149797,-190.59115600585938,-12.966842651367188,9.527923583984375,-191.40888326037646,-12.937262686309138,-0.818262083389479,-1.606953949134203,-0.010550790459466136,94.77962848772181,-1.5548137751955404,11.793997287750244,-6.147997856140137,5.645999431610107,-14.085217475891113,13.90003490447998,38,right,36.07912717417609,129.88485782703393
5365.687804236506,-190.98292541503906,-18.808258056640625,9.431930541992188,-191.88992116199813,-18.718203146279777,-0.9114555238089941,-1.6697611983282594,-0.010530814155171542,94.95941959140104,-1.7202548578845955,11.793997287750244,-7.146997928619385,4.646999359130859,-19.93875503540039,12.100028038024902,38,right,36.1133308996595,130.00799123877422
5371.550891770633,-191.7420654296875,-24.62103271484375,9.326324462890625,-192.74060072474873,-24.46034140989579,-1.011382435564764,-1.7303553343442706,-0.01004064278719971,99.59521727780691,-1.8217980600471306,11.793996572494507,-8.145997047424316,3.6479995250701904,-25.79989242553711,9.850019454956055,38,right,36.9843306562847,133.1435903626249
5377.448971557353,-192.84486389160156,-30.414077758789062,9.2176513671875,-193.93571045422397,-30.173538395908835,-1.1170521063405912,-1.787830226698789,-0.010357770088892687,96.54587728997434,-1.6544858035208998,11.793996095657349,-9.144996643066406,2.6489994525909424,-27.69986343383789,7.1500091552734375,38,right,36.41374848461097,131.0894945445995
5383.372866906283,-194.30442810058594,-36.154693603515625,9.130828857421875,-195.48296282835196,-35.81319626331931,-1.2270144815411472,-1.8528363586699155,-0.011117061278975049,89.95182943636668,-1.1277740717389295,11.79399573802948,-10.143996238708496,1.6499994993209839,-30.24982452392578,5.950004577636719,38,right,35.14823502651392,126.53364609545012
5389.307989244051,-196.1457061767578,-41.796783447265625,9.083984375,-197.4043820468215,-41.338935557478486,-1.339361652453539,-1.9196708785960628,-0.011052489788783038,90.47735117700638,-0.5778921810663529,12.742995381355286,-11.142995834350586,1.5999995470046997,-32.99978256225586,6.200005531311035,38,right,35.25075802114056,126.90272887610602
5395.266976328883,-198.36276245117188,-47.32794189453125,9.06219482421875,-199.69210591218499,-46.74464418009055,-1.4516853174879472,-1.984285916708187,-0.01039972796621158,96.15636132492806,-0.33626396526134084,13.264639377593994,-10.714640617370605,2.5499987602233887,-33.64977264404297,7.200009346008301,38,right,36.34021830474553,130.8247858970839
5401.2622203955325,-200.93896484375,-52.741424560546875,9.043807983398438,-202.3284577296906,-52.030071575173196,-1.560997613668778,-2.0439593681652797,-0.009363924350306946,106.79283199967547,-0.603927109766611,13.699019432067871,-10.150020599365234,3.5489988327026367,-32.94978332519531,8.800015449523926,38,right,38.2330157421796,137.63885667184658
5407.309921929019,-203.836669921875,-58.0494384765625,8.989151000976562,-205.27527866872538,-57.21386663820844,-1.6636632542569538,-2.096993026057727,-0.008413349385458402,118.85872726602747,-1.2429614671999545,13.998016834259033,-9.450017929077148,4.547998905181885,-30.649818420410156,10.55002212524414,38,right,40.05184861708828,144.18665502151782
5413.424393362243,-207.03863525390625,-63.25758361816406,8.892181396484375,-208.5113450377976,-62.30228057094295,-1.7554139168866323,-2.1462361926659153,-0.007750446005583944,129.02483280052948,-1.94355695263696,15.197017669677734,-9.650018692016602,5.546998977661133,-27.899860382080078,12.150028228759766,38,right,41.810401732941806,150.5174462385905
5419.618286345204,-210.5268096923828,-68.37388610839844,8.749359130859375,-212.01580122789514,-67.30740808272273,-1.8315215456217036,-2.192339882127741,-0.007436179367231871,134.47765991317817,-2.545094484742161,16.04400873184204,-9.49800968170166,6.545999050140381,-25.999889373779297,13.550033569335938,38,right,42.975762718625354,154.7127457870513
5425.9108442769075,-214.3105010986328,-73.39874267578125,8.57391357421875,-215.79170344517453,-72.22937120631562,-1.8871645463501299,-2.239086242998989,-0.006500151036102936,153.84257911021317,-3.0105988435808695,16.0440092086792,-8.49901008605957,7.544999122619629,-25.29990005493164,14.65003776550293,38,right,44.666185926174784,160.79826933422922
5432.311574552301,-218.3702392578125,-78.34292602539062,8.366729736328125,-219.83240584507192,-77.1017076712306,-1.9179557167988996,-2.2746455303290554,-0.003953505238840416,252.94009735353364,-3.4018989429820734,16.0440092086792,-7.5000104904174805,8.543998718261719,-23.84992218017578,15.600041389465332,38,right,46.322423930484014,166.76072614974245
5438.83263628174,-222.63265991210938,-83.27261352539062,8.133926391601562,-224.07780666553145,-82.00770914775298,-1.9205291519509142,-2.2897834495037017,-0.0017583720008653159,568.7078726844422,-3.7016528656826253,16.193005561828613,-6.650007247924805,9.542998313903809,-22.699939727783203,16.400035858154297,38,right,47.95100453747955,172.62361633492637
5445.477122786319,-227.0240020751953,-88.25260925292969,7.879058837890625,-228.4386044430133,-86.9946365783288,-1.8930385915450318,-2.297655166046536,-0.0019187255013830007,521.1792928583108,-3.94937547444264,16.442002296447754,-5.9000043869018555,10.541997909545898,-21.749954223632812,17.1500244140625,38,right,49.555389479018395,178.39940212446623
5452.241253802087,-231.55508422851562,-93.26730346679688,7.604095458984375,-232.90442201884179,-92.02307893650948,-1.8354310540500123,-2.3156881317399436,-0.0034200196333723787,292.3959822458475,-3.956897761318745,16.740999221801758,-5.2000017166137695,11.540997505187988,-21.14996337890625,17.850013732910156,38,right,51.13698590113074,184.09314924407067
5459.117457746867,-236.28140258789062,-98.25469970703125,7.339569091796875,-237.53283142019217,-97.03226267721915,-1.749407446586244,-2.34447579687323,-0.004719938258493983,211.8671781776814,-4.0090517912676376,17.18999671936035,-4.649999618530273,12.539997100830078,-21.199962615966797,18.400005340576172,38,right,52.696154249891414,189.7061552996091
5466.1007568962095,-241.24559020996094,-103.1575927734375,7.0481109619140625,-242.37454737493806,-101.97066911377665,-1.6380879262774335,-2.381219264033389,-0.0052336783809042164,191.0702047815233,-4.407022426366564,17.700031280517578,-4.349998474121094,13.350032806396484,-20.49997329711914,18.700000762939453,38,right,51.22653797075731,184.41553669472634
5473.188194306589,-246.4661865234375,-107.93972778320312,6.7189788818359375,-247.4628176010625,-106.8113540587683,-1.505490208165727,-2.418111643613076,-0.00497800537112561,200.88367236411466,-4.735020892009089,17.700031280517578,-4.2999982833862305,13.400032997131348,-19.799983978271484,18.799999237060547,38,right,52.52557811436967,189.09208121173083
5480.381830703318,-251.93270874023438,-112.60287475585938,6.3717041015625,-252.795130706167,-111.55651489676382,-1.355964823308319,-2.4522618832626355,-0.0044901054946782926,222.7119164984448,-4.769762947527606,17.700031280517578,-4.499999046325684,13.200032234191895,-19.69998550415039,18.650001525878906,38,right,54.11379982567602,194.80967937243366
5487.682579446949,-257.63372802734375,-117.1505126953125,6.0277557373046875,-258.3641699427046,-116.20634108396335,-1.193735910238823,-2.483137457675492,-0.0038641348943570797,258.79013733716494,-4.268483898602781,17.391998291015625,-4.950000762939453,12.441997528076172,-20.449974060058594,18.25000762939453,39,straight,55.67936924924146,200.44572929726925
5495.086742157171,-263.5431823730469,-121.60247802734375,5.7449493408203125,-264.1478028661284,-120.77771226484623,-1.0226458349019432,-2.509007625765433,-0.0032011225094339124,312.390418377596,-3.5350436964690815,17.043001174926758,-5.600003242492676,11.442997932434082,-21.29996109008789,17.65001678466797,39,straight,57.2233847901612,206.00418524458033
5502.59504959147,-269.650146484375,-125.96369934082031,5.501190185546875,-270.135406838283,-125.27054996987431,-0.846128631779935,-2.5308126685405155,-0.0027756032627952176,360.282037928192,-3.863494743751783,16.194002151489258,-5.750003814697266,10.443998336791992,-21.949951171875,16.900028228759766,39,straight,58.7476923553257,211.4916924791725
5510.194293563689,-275.90850830078125,-130.26080322265625,5.1601409912109375,-276.2801825165075,-129.7065082838134,-0.6673714122304827,-2.5509166790489215,-0.002721228315734181,367.4811092542238,-4.737191774713506,14.895001411437988,-5.450002670288086,9.444998741149902,-23.099933624267578,15.950042724609375,39,straight,60.251207101251566,216.90434556450563
5517.906328864902,-282.3542175292969,-134.4774627685547,4.775299072265625,-282.61803630734795,-134.0650498478715,-0.48957610725891465,-2.57249535872348,-0.0022230829163443766,449.82577691901554,-4.868665123300541,13.746001243591309,-5.300002098083496,8.445999145507812,-22.199947357177734,14.850038528442383,39,straight,61.73961545304338,222.26261563095616
5525.723623846438,-288.96336364746094,-138.6357879638672,4.404327392578125,-289.13033226541637,-138.36725133569718,-0.31621265004879084,-2.5853177996352175,-0.0006580167576600571,1519.7181353800984,-4.317664782206493,13.247003078460693,-5.800004005432129,7.4469990730285645,-22.499942779541016,13.550033569335938,39,straight,61.91019840814206,222.8767142693114
5533.644214533454,-295.68409729003906,-142.8158416748047,4.0966796875,-295.7642556949318,-142.68768703708417,-0.1511587941346244,-2.582646886332504,0.0012645615853545955,790.7878996020507,-3.756552934755794,13.247003078460693,-6.799004077911377,6.447999000549316,-22.849937438964844,12.150028228759766,39,straight,60.38534822124005,217.38725359646418
5541.661892708372,-302.44483947753906,-147.11595153808594,3.80584716796875,-302.44410340575456,-147.11708337223465,0.0013501297019554714,-2.564981705288711,0.0030319523538009097,329.82048637617345,-3.4736060146270757,13.247003078460693,-7.798004150390625,5.448998928070068,-22.849937438964844,10.800023078918457,39,straight,58.80154815011382,211.68557334040975
5549.750985484225,-309.156005859375,-151.6239013671875,3.53741455078125,-309.0777658807008,-151.73634791946975,0.1369880337223105,-2.5336930383470704,0.0041500379689906886,240.961650826343,-3.146189662948262,13.247002601623535,-8.797003746032715,4.44999885559082,-22.59994125366211,9.650018692016602,40,left,57.15918530328678,205.77306709183242
5557.847383188031,-315.7164764404297,-156.36245727539062,3.2966461181640625,-315.56534924554495,-156.56384087268017,0.251783204942279,-2.4978071829580992,0.004464089998539339,224.00982066383125,-2.7704992280839362,13.346001148223877,-9.796003341674805,3.5499978065490723,-22.24994659423828,8.750015258789062,40,left,55.46666455626351,199.67999240254863
5565.954856224375,-322.1107940673828,-161.34246826171875,3.088531494140625,-321.89528110402614,-161.60884555970202,0.342640777280854,-2.4613567969123253,0.004626490571014635,216.14655528859967,-2.3396968672609346,13.745001316070557,-10.795002937316895,2.949998378753662,-21.949951171875,8.200013160705566,40,left,54.48446375191397,196.1440695068903
5574.104374776483,-328.34271240234375,-166.5911102294922,2.916473388671875,-328.07411716404886,-166.8979651784592,0.40780309187186403,-2.4225833546695363,0.004691763264974863,213.13948371292295,-1.8586174721984734,12.690998077392578,-10.040999412536621,2.649998664855957,-21.699954986572266,7.95001220703125,40,left,54.104137266139674,194.77489415810282
5582.313436072413,-334.41636657714844,-172.11216735839844,2.7847900390625,-334.1093160805508,-172.43718584706968,0.4471208174967972,-2.3846141007150745,0.004424152071839882,226.03201331280817,-1.3229721380196402,11.741998434066772,-9.041999816894531,2.699998617172241,-21.549957275390625,8.000012397766113,40,left,55.71645780950281,200.57924811421015
5590.585078641287,-340.3294677734375,-177.8955841064453,2.69879150390625,-340.00063638902895,-178.22016887600796,0.46204475108379234,-2.3496954848774037,0.004167890304225652,239.92953916904705,-0.7358323841289954,11.042998552322388,-8.043000221252441,2.9999983310699463,-21.349960327148438,8.40001392364502,40,left,57.40376547708079,206.65355571749083
5598.9203641918475,-346.08070373535156,-183.92874145507812,2.6629791259765625,-345.7458633727608,-184.23732248291864,0.45534637273510936,-2.315405094132139,0.0037673891300104845,265.4358138993773,-0.20026129495948064,10.693997859954834,-7.044000148773193,3.6499977111816406,-21.14996337890625,9.100016593933105,41,straight,59.088393563796416,212.7182168296671
5607.319551645159,-351.67877197265625,-190.19036865234375,2.6655731201171875,-351.3538435958427,-190.47300338227734,0.43065164648856774,-2.2866946661872998,0.003354706917702621,298.0886332344116,0.044142489975348975,10.594999313354492,-6.045000076293945,4.549999237060547,-20.799968719482422,10.100020408630371,41,straight,60.738692143895044,218.65929171802216
5615.784206706879,-357.14642333984375,-196.65219116210938,2.670440673828125,-356.84367308026765,-196.9010678590143,0.39191495242680896,-2.2588401959605102,0.0033523861216388506,298.29499458467484,0.059699963129561384,10.594999313354492,-5.046000003814697,5.548999309539795,-19.999980926513672,11.30002498626709,41,straight,62.357682462740634,224.48765686586628
5624.311729543515,-362.46714782714844,-203.316162109375,2.67572021484375,-362.1959851084003,-203.52614666021887,0.3429617057806747,-2.2297225373458884,0.0035782562931494233,279.4657280180018,-0.011633698232457745,10.594999313354492,-4.046999931335449,6.547999382019043,-18.89999771118164,12.800030708312988,41,straight,61.04777966311892,219.7720067872281
5632.896446172616,-367.61244201660156,-210.18807983398438,2.668365478515625,-367.3798466240695,-210.3565287802493,0.28718576588142253,-2.1975894287118396,0.0038964876427779044,256.6413887782985,-0.09491489949037257,10.594999551773071,-3.0480000972747803,7.546999454498291,-17.900012969970703,14.65003776550293,41,straight,59.36929200757873,213.72945122728342
5641.534990368025,-372.5575256347656,-217.2711944580078,2.65936279296875,-372.36877597806983,-217.3980653518523,0.22742615638415667,-2.1625957453086624,0.004128134270440287,242.24018272868457,-0.08792382075303862,10.594999551773071,-2.0490000247955322,8.545999526977539,-17.100025177001953,16.750030517578125,42,left,57.67951689807877,207.64626083308357
5650.213951862987,-377.2696990966797,-224.5595245361328,2.6531524658203125,-377.1286486212546,-224.6470348382226,0.16599183591211197,-2.126094180354926,0.004254634265530993,235.03782877450138,-0.028748783342930073,10.594999194145203,-1.0500000715255737,9.544999122619629,-16.450035095214844,18.350006103515625,42,left,56.81557480470475,204.53606929693711
5658.867020484007,-381.696533203125,-231.99449157714844,2.65435791015625,-381.60551089730126,-232.04637332290176,0.10477010880916185,-2.0888568236830563,0.0044460195927168294,224.92028636988752,0.2298099816902488,10.093998789787292,-1.2499998807907104,8.843998908996582,-15.900042533874512,19.39999008178711,42,left,55.57926963359662,200.08537068094782
5667.486724855235,-385.8130187988281,-239.567626953125,2.6927032470703125,-385.77276370730397,-239.5885081283194,0.045348603849710685,-2.0493085936471394,0.004397653660861006,227.39398713909006,0.6670451789752563,10.093998670578003,-2.248999834060669,7.844998836517334,-15.400040626525879,20.3499755859375,42,left,55.88406767020689,201.1826436127448
5676.122501281346,-389.64727783203125,-247.30514526367188,2.76953125,-389.6571320295591,-247.3004797928802,-0.010902835714891168,-2.0129793234336355,0.004134180542768637,241.88590451115272,0.8137587077235664,10.093998670578003,-3.247999906539917,6.845998764038086,-15.500041007995605,19.499988555908203,42,left,57.63732308631423,207.49436311073123
5684.781326025517,-393.21217346191406,-255.19581604003906,2.833404541015625,-393.26985695034443,-255.17094933248927,-0.06281510950293816,-1.9778129435022231,0.004033193220952039,247.9424974744823,0.5743120413179176,10.093998432159424,-4.246999740600586,5.846998691558838,-16.400035858154297,17.700016021728516,42,left,58.35445364592612,210.07603312533405
5693.4522613554545,-396.51051330566406,-263.21484375,2.8690185546875,-396.6124761399397,-263.17502733167913,-0.10946125680539781,-1.9430857346629826,0.004103356996798077,243.7029000353413,0.33948905079231595,10.093998432159424,-5.245999813079834,4.84799861907959,-17.700016021728516,16.250038146972656,42,left,57.853397731554,208.2722318335944
5702.128230433074,-399.51190185546875,-271.35508728027344,2.8922882080078125,-399.65373653233746,-271.3055787977843,-0.1502270461695632,-1.9066314115637084,0.004220647430524652,236.93047487638503,0.19431393388048002,10.093998432159424,-6.244999885559082,3.848998546600342,-18.949996948242188,15.000039100646973,42,left,57.043870327602,205.3579331793672
5710.814299079665,-402.22515869140625,-279.60650634765625,2.902740478515625,-402.401828716093,-279.5520474884994,-0.18487310503012364,-1.8698063129827738,0.0040231043886687495,248.56426863209018,0.06178211552180235,10.093998432159424,-7.24399995803833,2.8499984741210938,-19.949981689453125,13.950035095214844,42,left,58.427576240959425,210.33927446745395
5719.538519329813,-404.65447998046875,-287.9856719970703,2.9029998779296875,-404.8605286266571,-287.9295751506845,-0.21354835698383443,-1.8366045543311507,0.0036216585349199,276.1165886728515,-0.05175688862380512,10.292999267578125,-8.243000030517578,2.049999237060547,-20.49997329711914,13.250032424926758,43,straight,60.15966013004578,216.5747764681648
5728.311480077428,-406.82684326171875,-296.48541259765625,2.8936309814453125,-407.0570455676098,-296.43013624471195,-0.23674580636706394,-1.8064554886742545,0.0028939284110715696,345.55104963004874,-0.15345137698465072,10.941999077796936,-9.241999626159668,1.699999451637268,-20.64997100830078,12.850030899047852,43,straight,61.85252860477463,222.6691029771887
5737.142978068749,-408.7926788330078,-305.09532165527344,2.8759307861328125,-409.04200320502866,-305.04089474074215,-0.2551958689104993,-1.7857222547620957,0.0019157328732004736,521.993443861186,-0.24079164116116714,11.74099886417389,-10.240999221801758,1.4999996423721313,-20.299976348876953,12.700030326843262,43,straight,63.51113353981417,228.640080743331
5746.039370822432,-410.62835693359375,-313.80023193359375,2.85089111328125,-410.89260524474867,-313.746183571325,-0.2697191046480817,-1.7725498494041927,0.0012464221431217198,802.2964013584157,-0.3138926732193126,12.839998364448547,-11.239998817443848,1.5999995470046997,-19.39999008178711,12.700030326843262,43,straight,65.13924127977566,234.50126860719237
5755.003392199491,-412.3836212158203,-322.5906677246094,2.81982421875,-412.6594929912094,-322.5368404158655,-0.2810740393969852,-1.7634924399469873,0.0009390378153868173,1064.919839876811,-0.36807175970228756,13.600026726722717,-11.90002727508545,1.699999451637268,-18.45000457763672,12.800030708312988,43,straight,66.73956602950237,240.26243770620854
5764.035710297841,-414.07798767089844,-331.4625701904297,2.7846221923828125,-414.3628738514389,-331.409296716707,-0.2898244276548019,-1.7556603933200303,0.0007376117090017592,1355.7268516701583,-0.4026530413845403,13.550025820732117,-11.700026512145996,1.8499993085861206,-17.65001678466797,12.950031280517578,43,straight,68.31417547708433,245.9310317175036
5773.135869180869,-415.722900390625,-340.4127502441406,2.746795654296875,-416.0143948217558,-340.3599061669456,-0.2962456748626669,-1.7501353496306824,0.0003715912696743845,2691.128887059896,-0.41872504771807706,13.650024890899658,-11.500025749206543,2.1499991416931152,-16.900028228759766,13.150032043457031,43,straight,69.86473153069348,251.5130335104965
5782.302643095568,-417.3498992919922,-349.43389892578125,2.7081298828125,-417.64542989063,-349.38069890483365,-0.30028083015742535,-1.7489040572094705,-0.00012611654300244413,7929.1738910146,-0.41530581258491794,13.650023698806763,-11.250024795532227,2.399998903274536,-16.300037384033203,13.450033187866211,43,straight,71.39259931465965,257.01335753277476
5791.534167192423,-418.9981231689453,-358.5170135498047,2.6703948974609375,-419.2947094030778,-358.4625249240832,-0.3015500034984133,-1.7524895252763797,-0.0005334151188693681,1874.7125168098155,-0.39300867885959934,13.650022506713867,-11.00002384185791,2.649998664855957,-15.700041770935059,13.700034141540527,43,straight,72.36822574647476,260.52561268730915
5800.82740805078,-420.7046356201172,-367.65216064453125,2.635345458984375,-420.998772501289,-367.5961999277875,-0.299412936734467,-1.7588034072206575,-0.0006994217954143372,1429.7524134311548,-0.35019386519957174,13.700021505355835,-10.800023078918457,2.899998426437378,-15.400040626525879,13.90003490447998,43,straight,70.84038420931657,255.02538315353965
5810.179113895479,-422.4836730957031,-376.8330383300781,2.605133056640625,-422.7712144177052,-376.7763248991915,-0.2930809190337,-1.7655325552041534,-0.000681347855266759,1467.6790897191324,-0.2855899897344999,13.750020742416382,-10.650022506713867,3.0999982357025146,-15.500041007995605,14.05003547668457,43,straight,69.26892140430658,249.3681170555037
5819.58440842733,-424.3330535888672,-386.0546875,2.581817626953125,-424.60915887415626,-385.99849307378764,-0.28176575750415234,-1.7715793415900032,-0.0005664737769740941,1765.3067814394733,-0.20035570212146303,13.800020217895508,-10.55002212524414,3.249998092651367,-15.750041961669922,14.100035667419434,43,straight,67.65164608535468,243.54592590727688
5828.9907680431115,-426.23199462890625,-395.2673645019531,2.56744384765625,-426.49126753620385,-395.21335012852563,-0.2648395608577474,-1.776188701142638,-0.0004675768075801945,2138.686059249184,-0.09383472171131668,13.800019979476929,-10.500021934509277,3.2999980449676514,-15.900042533874512,14.150035858154297,43,straight,65.99455952776815,237.58041429996533
5838.390663290714,-428.16741943359375,-404.4658508300781,2.5641632080078125,-428.4041083638067,-404.4155071120813,-0.2419837590151288,-1.7803730003398401,-0.0004791219913100192,2087.151118373406,0.04161959427623485,13.600020170211792,-10.500021934509277,3.0999982357025146,-15.750041961669922,14.150035858154297,43,straight,64.29596218701907,231.46546387326867
5847.815775203893,-430.14947509765625,-413.68019104003906,2.5753173828125,-430.35788430908815,-413.63480766442177,-0.21329334305620073,-1.7852098920235138,-0.0005952361601503225,1680.005461609485,0.1973233231278404,13.550020456314087,-10.55002212524414,2.9999983310699463,-15.900042533874512,14.100035667419434,43,straight,62.546510043892035,225.16743615801133
5857.285207993673,-432.1932373046875,-422.92640686035156,2.6015167236328125,-432.36820153449395,-422.88712882514255,-0.17931883827875278,-1.7916270062173867,-0.0006295073361078651,1588.5438383972248,0.3573508958377547,13.500020980834961,-10.650022506713867,2.8499984741210938,-16.400035858154297,14.000035285949707,43,straight,60.73810659765512,218.65718375155842
5866.730041511877,-434.28985595703125,-432.135498046875,2.6428680419921875,-434.42730522957356,-432.1038479222613,-0.14104620842289917,-1.797118927688171,-0.000473687555978472,2111.0962012382856,0.5166634110440244,13.450021982192993,-10.85002326965332,2.599998712539673,-16.800029754638672,13.800034523010254,43,straight,58.879100135069294,211.96476048624947
5876.086415324036,-436.40699768066406,-441.2490234375,2.698516845703125,-436.50420367856134,-441.2262883608203,-0.09982930300687008,-1.8005518843114008,-0.00020093896266978883,4976.635624636625,0.6746414537597445,13.300023078918457,-11.050024032592773,2.2499990463256836,-16.85002899169922,13.6000337600708,43,straight,56.97773220901336,205.1198359524481
5885.185128139987,-438.4813232421875,-450.1078643798828,2.7669677734375,-438.53712098328174,-450.0947929229093,-0.057308384191406665,-1.800911625027379,7.493911459925673e-05,13344.166198754614,0.8295014445958898,13.300024032592773,-11.250024795532227,2.049999237060547,-17.00002670288086,13.250032424926758,43,straight,55.06579585498881,198.23686507795972
5893.945501868966,-440.47471618652344,-458.6380615234375,2.8461456298828125,-440.4896482646731,-458.63458900067485,-0.015330537244502713,-1.7992895637699446,0.0002508532722657192,3986.3940819585505,0.9769742529762648,13.250024676322937,-11.400025367736816,1.8499993085861206,-17.350021362304688,12.800030708312988,43,straight,53.160019131563686,191.37606887362926
5902.33809182249,-442.36553955078125,-466.8144073486328,2.93402099609375,-442.34203285686414,-466.8198087241412,0.02411927686092177,-1.7966560562427247,0.00036714483422035926,2723.7207412260714,1.1193382040943307,13.300025582313538,-11.60002613067627,1.699999451637268,-17.750015258789062,12.400029182434082,43,straight,51.26785051279643,184.56426184606715
5910.36990938781,-444.1508331298828,-474.64471435546875,3.02947998046875,-444.0933053166238,-474.6577298345413,0.05898179374904106,-1.7932970981167138,0.00040959208048192697,2441.4534549188493,1.2553830768521457,13.300026535987854,-11.800026893615723,1.4999996423721313,-18.050010681152344,12.050027847290039,43,straight,49.38918285864369,177.8010582911173
5918.040656088778,-445.8326873779297,-482.1281280517578,3.13067626953125,-445.74755082597943,-482.14711457549856,0.08722798038325766,-1.7902183292895368,0.0005785964208613048,1728.3204042489397,1.3843314217445584,13.950026869773865,-12.000027656555176,1.949999213218689,-18.25000762939453,11.800026893615723,43,straight,47.52569119031272,171.0924882851258
5925.3293949064255,-447.40155029296875,-489.2452392578125,3.236083984375,-447.2969689790798,-489.26796519400966,0.10702205095576214,-1.7847736292879286,0.0009797388361354742,1020.6801681399554,1.5096025660373158,13.950027346611023,-12.100028038024902,1.8499993085861206,-18.400005340576172,11.60002613067627,43,straight,45.684628228697115,164.4646616233096
5932.239757412744,-448.8424530029297,-496.0028381347656,3.3445587158203125,-448.72796205742236,-496.0267246729572,0.11695615977767504,-1.776478471225501,0.0013584519448543164,736.1320389638386,1.6309752821760004,13.950027585029602,-12.150028228759766,1.7999993562698364,-18.500003814697266,11.500025749206543,43,straight,43.86784336556215,157.92423611602376
5938.776403481964,-450.1455993652344,-502.4073181152344,3.4549560546875,-450.03148422634916,-502.4299548232518,0.11633866714321356,-1.7666214575228905,0.0014900300767365648,671.1273924014881,1.748108496930284,13.950027346611023,-12.100028038024902,1.8499993085861206,-18.550003051757812,11.45002555847168,43,straight,42.07717773914731,151.47783986093032
5944.959044900083,-451.3201904296875,-508.47633361816406,3.566497802734375,-451.216533779589,-508.4959162501429,0.10549019188940807,-1.7575139981522125,0.0011424356452912066,875.3228281362844,1.8545452089609504,13.950026869773865,-12.000027656555176,1.949999213218689,-18.500003814697266,11.45002555847168,43,straight,40.31035570351105,145.1172805326398
5950.801993000671,-452.388671875,-514.2196807861328,3.677642822265625,-452.30410435327883,-514.2352327754456,0.08598563892681296,-1.7526645381824186,0.0006773604235716102,1476.3189067456353,1.953170139096061,13.900026559829712,-11.90002727508545,1.9999992847442627,-18.45000457763672,11.500025749206543,43,straight,38.566285883700886,138.8386291813232
5956.287044306695,-453.3718719482422,-519.6147766113281,3.7873992919921875,-453.3120615864573,-519.6255947051648,0.060780840164484234,-1.749734969638219,0.0005760134135289752,1736.0706825791601,2.045184807871009,13.950026273727417,-11.850027084350586,2.099999189376831,-18.350006103515625,11.60002613067627,43,straight,36.85401414926635,132.67445093735887
5961.403558870621,-454.2767639160156,-524.6495056152344,3.8941497802734375,-454.24311405644204,-524.6554826679984,0.03417657398081383,-1.746587749111199,0.0011569552298794916,864.3376806414194,2.134455417848141,13.950026035308838,-11.800026893615723,2.1499991416931152,-18.300006866455078,11.650026321411133,43,straight,35.181744414131146,126.65427989087213
5966.2061233477325,-455.0996856689453,-529.3798828125,3.9988250732421875,-455.08825429053786,-529.3818191180387,0.011594209392326816,-1.738588825711637,0.002401636534612117,416.3827396810932,2.2227058367311034,13.95002555847168,-11.700026512145996,2.2499990463256836,-18.150009155273438,11.75002670288086,43,straight,33.53630215113372,120.7306877440814
5970.772199651337,-455.83387756347656,-533.8853607177734,4.1021881103515625,-455.83471876462613,-533.8852304568152,-0.0008512269328909208,-1.7244272576379294,0.005128921363300704,194.9727689637364,2.308463949682821,13.941995859146118,-11.541996955871582,2.399998903274536,-18.050010681152344,11.90002727508545,44,left,31.89325730432787,114.81572629558033
5975.1052836635345,-456.4399719238281,-538.1746368408203,4.2040557861328125,-456.43691704698887,-538.175014714415,0.003078158695788244,-1.6938663873305366,0.009835437449309703,101.67315944550943,2.395513328838006,13.19299602508545,-10.542997360229492,2.649998664855957,-17.80001449584961,12.150028228759766,44,left,30.251640145567226,108.90590452404201
5979.2298668493495,-456.84861755371094,-542.2776947021484,4.3046112060546875,-456.8196405110796,-542.2797723841913,0.029051433051181512,-1.6423748014259294,0.014992876779656605,66.69834046504475,2.486554826767884,12.593996047973633,-9.543997764587402,3.0499982833862305,-17.500019073486328,12.600029945373535,44,left,28.601617873296355,102.96582434386688
5983.261250289523,-457.0006103515625,-546.3049163818359,4.406768798828125,-456.91914881159715,-546.3050182914757,0.0814616037105685,-1.5720473415268048,0.018992234657104812,52.65309838755123,2.581858323787478,12.244995832443237,-8.544998168945312,3.699997663497925,-17.050025939941406,13.400032997131348,44,left,26.891218887484975,96.80838799494592
5987.231308654472,-456.84703063964844,-550.2706298828125,4.511138916015625,-456.6847407779498,-550.2575865097729,0.16281317142788868,-1.490597866990516,0.021504275161794123,46.50238115333756,2.653863244290944,12.244995594024658,-7.5459980964660645,4.698997497558594,-16.450035095214844,14.600037574768066,44,left,25.271796587499235,90.97846771499725
5991.155798255019,-456.3623046875,-554.1636505126953,4.6162567138671875,-456.09286795100905,-554.1178363422052,0.2733040306848271,-1.4023703673877232,0.02270391905747851,44.045259211343385,2.665135239766614,12.244995594024658,-6.546998023986816,5.697997570037842,-15.600041389465332,16.35003662109375,44,left,24.595072474147948,88.54226090693261
5995.069757721383,-455.5351867675781,-557.9878082275391,4.7200469970703125,-455.13813636941086,-557.882967311117,0.4106587834699289,-1.3126390366547465,0.022892783913404297,43.68188699909385,2.5019722436322334,12.244995594024658,-5.547997951507568,6.69699764251709,-14.50003719329834,18.849998474121094,44,left,24.493408012066325,88.17626884343878
5998.990383043027,-454.36534118652344,-561.7286987304688,4.812255859375,-453.82927287248583,-561.5343654843462,0.5702057943090622,-1.2230153536344475,0.022928328370096424,43.614169505013706,2.380209988910964,12.244995594024658,-4.54899787902832,7.695997714996338,-12.950031280517578,22.199947357177734,44,left,24.474415293972974,88.10789505830272
6002.920073106944,-452.8631896972656,-565.3587188720703,4.9069061279296875,-452.1884429619695,-565.0425822763369,0.7451345542616369,-1.1326431791077765,0.023482037311724352,42.58574274135532,2.509350105282393,12.244995594024658,-3.5499978065490723,8.694997787475586,-10.900023460388184,25.749893188476562,44,left,24.184139240621608,87.06290126623779
6006.862162878123,-451.025146484375,-568.8445587158203,5.0098114013671875,-450.22668468569447,-568.3738920553105,0.9268594010245507,-1.0381578851212003,0.02395431016505027,41.74614059473173,2.740620041286723,12.243996143341064,-2.5499987602233887,9.693997383117676,-9.100016593933105,26.89987564086914,44,left,23.94455042234131,86.20038152042872
6010.80897202607,-448.8634033203125,-572.1447601318359,5.1231231689453125,-447.9683097677515,-571.4960658704463,1.1054396015143486,-0.9436701799124607,0.024289835155367312,41.16948483197221,2.95260458404053,12.892996072769165,-2.1999990940093994,10.692996978759766,-9.550018310546875,27.04987335205078,44,left,23.77859761807467,85.60295142506881
6014.755144100603,-446.39857482910156,-575.2241363525391,5.24285888671875,-445.4473882216964,-574.382520253519,1.2700683525844791,-0.8464391176949247,0.02498473362847263,40.02444111953224,3.1077837143707265,12.346002578735352,-2.4499988555908203,9.896003723144531,-11.400025367736816,26.299884796142578,44,left,23.44558965638646,84.40412276299126
6018.702969800536,-443.6390686035156,-578.0445404052734,5.3684539794921875,-442.6818340163045,-577.0096564648896,1.4097101918541541,-0.746439605699875,0.024714357535333784,40.46231016000774,3.437325611037856,11.997002363204956,-3.0999982357025146,8.897004127502441,-12.850030899047852,24.899906158447266,44,left,23.57348866285061,84.8645591862622
6022.6714899562,-440.60162353515625,-580.5943603515625,5.51507568359375,-439.68442868195905,-579.389893994306,1.5139305150812001,-0.6508172748288557,0.023451557677129392,42.641090786699756,4.0243830676433445,11.997002601623535,-4.098998069763184,7.898004531860352,-13.950035095214844,23.199932098388672,44,left,24.199850017397512,87.11946006263105
6026.678650477105,-437.3088073730469,-582.8712463378906,5.6896820068359375,-436.47350938624896,-581.5372882198304,1.5739018354037948,-0.5594474544669441,0.02157592412614933,46.34795683157005,4.554947039328761,11.997002601623535,-5.097998142242432,6.8990044593811035,-14.700037956237793,21.399959564208984,44,left,25.229800616033078,90.82728221771909
6030.746256165487,-433.77613830566406,-584.8782958984375,5.88311767578125,-433.04949849866284,-583.4713931659622,1.5834710947047015,-0.47674602619512335,0.018106169009301468,55.22979485534913,4.675033610754364,11.997002601623535,-6.09699821472168,5.9000043869018555,-15.200039863586426,19.799983978271484,44,left,27.061236990426575,97.42045316553568
6034.885240137007,-430.03822326660156,-586.6455078125,6.0732269287109375,-429.42267163765155,-585.2337974368027,1.5400746711619693,-0.41117805501058496,0.009953588764382917,100.46627640256906,4.351069712038824,12.150010108947754,-6.8000078201293945,5.350002288818359,-15.500041007995605,16.800029754638672,44,left,28.805533948835322,103.69992221580716
6039.099770455957,-426.15602111816406,-588.2767181396484,6.2462158203125,-425.6005361134466,-586.9424463818859,1.4452836102400408,-0.3944963288874565,-0.0010127396959792867,987.4205622334495,3.6352442872614743,12.10000991821289,-7.1500091552734375,4.950000762939453,-15.700041770935059,14.900038719177246,44,left,30.479266525080007,109.72535949028803
6043.434668474477,-422.17515563964844,-589.9870910644531,6.38287353515625,-421.6418478749132,-588.7962272989205,1.3048270689963404,-0.42105015712887534,-0.007950294253681559,125.78150796581247,2.8274877655971364,12.150010108947754,-7.550010681152344,4.59999942779541,-16.05004119873047,14.05003547668457,45,right,32.109913217803935,115.59568758409416
6047.89602554099,-418.14378356933594,-591.8948059082031,6.4940948486328125,-417.6380377544815,-590.8864667231262,1.1280632701246818,-0.4648973761927895,-0.010545047233912433,94.831249004181,2.393461265478203,12.70001220703125,-8.000012397766113,4.699999809265137,-16.800029754638672,14.000035285949707,45,right,33.705855835876484,121.34108100915535
6052.485508162804,-414.0962829589844,-594.0558319091797,6.5992431640625,-413.6383557300588,-593.2498478512301,0.926988483564036,-0.516678013401349,-0.011317272671967589,88.36051131620768,2.174539751517568,12.70001220703125,-8.40001392364502,4.2999982833862305,-17.95001220703125,14.05003547668457,45,right,34.83594784725681,125.40941225012452
6057.203312447476,-410.0589904785156,-596.4947967529297,6.6961822509765625,-409.67303492017845,-595.8929698196516,0.7149526911833333,-0.5702395402506816,-0.01173144035314215,85.2410249634999,1.9413597093381085,12.700013160705566,-8.850015640258789,3.8499975204467773,-19.39999008178711,13.75003433227539,45,right,34.215497027643885,123.17578929951799
6062.046975971203,-406.05860900878906,-599.2243041992188,6.784576416015625,-405.7613594870743,-598.815713275031,0.5052759854655838,-0.6289443178298784,-0.012768914960687168,78.31518990288461,1.6922788175965264,12.700015306472778,-9.300017356872559,3.3999979496002197,-20.949966430664062,13.100031852722168,45,right,32.796048818816836,118.06577574774062
6066.942288100038,-402.19749450683594,-602.2326354980469,6.8608551025390625,-401.9990878778765,-601.9945111413349,0.30994902754249526,-0.6946630897457792,-0.012957259018198969,77.17681637724935,1.4434911707209674,12.70001745223999,-9.750019073486328,2.949998378753662,-22.299945831298828,12.150028228759766,45,right,32.55681796682751,117.20454468057903
6071.848922970856,-398.52711486816406,-605.4882659912109,6.9260406494140625,-398.4320670616548,-605.3874466448327,0.13855910697735221,-0.7559400831908911,-0.01211869860571721,82.51711116309406,1.2181328279203374,12.700019359588623,-10.150020599365234,2.5499987602233887,-23.099933624267578,10.85002326965332,45,right,33.664372929165545,121.19174254499596
6076.79677285557,-395.02723693847656,-608.9852752685547,6.980804443359375,-395.0289944231218,-608.9869348020316,-0.0024171892021286334,-0.8140560014853669,-0.011717509083445557,85.34237036886921,0.9980331245017626,12.700021028518677,-10.500021934509277,2.1999990940093994,-23.649925231933594,9.450017929077148,45,right,34.235830859584084,123.2489910945027
6081.800450297092,-391.7003173828125,-612.7224426269531,7.025238037109375,-391.7844768067968,-612.7930780655321,-0.10987344460158426,-0.8725440305677187,-0.011652865518977137,85.81580199063156,0.8171323824594512,12.650022387504578,-10.800023078918457,1.8499993085861206,-24.299915313720703,7.95001220703125,45,right,34.33066012385043,123.59037644586155
6086.869518654552,-388.55560302734375,-616.6979675292969,7.063018798828125,-388.7031458054198,-616.8076748907188,-0.18386020916053786,-0.9314275959312602,-0.011348153949404194,88.12005939102566,0.722360720031423,12.650023818016052,-11.100024223327637,1.5499995946884155,-24.84990692138672,6.400006294250488,45,right,34.78851672141752,125.23866019710309
6092.005255806607,-385.6149139404297,-620.9082946777344,7.0989227294921875,-385.8044479108057,-621.0331449582578,-0.22695972874784878,-0.988313752155327,-0.009857675977950592,101.44378880344368,0.7705539493518265,12.650024771690369,-11.30002498626709,1.3499997854232788,-25.199901580810547,5.250001907348633,45,right,36.485020092968796,131.34607233468768
6097.196080712783,-382.8565979003906,-625.3053894042969,7.142669677734375,-383.0656450465985,-625.4300480052084,-0.24339366491115116,-1.0330884903895556,-0.01033780215168413,96.73236006331288,0.9798838955484501,12.650025010108948,-11.350025177001953,1.2999998331069946,-25.049903869628906,6.150038719177246,45,right,36.06832488831084,129.84596959791904
6102.439344201282,-380.3113555908203,-629.8890686035156,7.2013092041015625,-380.5231221577033,-629.9978234154937,-0.238060261231888,-1.0963597561363199,-0.011663925419519605,85.73443022247876,1.175007185386856,12.650023579597473,-11.050024032592773,1.5999995470046997,-24.19991683959961,6.250005722045898,45,right,34.31437985270203,123.53176746972731
6107.7226539476915,-378.0374298095703,-634.6575469970703,7.2664031982421875,-378.23481842587273,-634.744504552824,-0.21569395528950475,-1.155837236636035,-0.011756928305180506,85.05623016850122,1.1901821336555263,12.700021266937256,-10.55002212524414,2.1499991416931152,-22.89993667602539,5.950004577636719,45,right,34.17838886100683,123.04219989962459
6113.040533770847,-376.0524139404297,-639.5906829833984,7.32745361328125,-376.2217827698897,-639.6524622369596,-0.1802844323929256,-1.2210318172224985,-0.011880224581523352,84.17349294517916,1.0338009239390433,12.700018644332886,-10.000020027160645,2.699998617172241,-21.349960327148438,6.300005912780762,45,right,34.0005698791813,122.40205156505267
6118.390930633046,-374.37522888183594,-644.6711730957031,7.376617431640625,-374.50446977874486,-644.7094929666141,-0.13480215851557972,-1.2825540179135873,-0.011468531174230759,87.19512418878472,0.7836440944299694,12.700016260147095,-9.500018119812012,3.199998140335083,-19.799983978271484,8.10001277923584,45,right,34.60545962140612,124.57965463706203
6123.784248121868,-373.00306701660156,-649.8869018554688,7.411529541015625,-373.082214017211,-649.9051460113812,-0.08122251492309575,-1.3442438466345203,-0.010648012344054145,93.91424123943662,0.5196563064205795,12.650014400482178,-9.100016593933105,3.5499978065490723,-18.25000762939453,8.950016021728516,45,right,35.91403888707621,129.29053999347437
6129.255946409879,-371.9222412109375,-655.2507476806641,7.4328765869140625,-371.9426601886391,-655.2543090201367,-0.02072722338414705,-1.398120069288008,-0.009245098643520869,108.16542241015654,0.2874033735119408,12.650012969970703,-8.800015449523926,3.8499975204467773,-16.85002899169922,8.900015830993652,45,right,37.66488887114033,135.5935999361052
6134.81859085672,-371.10028076171875,-660.7523193359375,7.44305419921875,-371.0546385015369,-660.746600416571,0.045999151657718215,-1.4461471629424962,-0.006799865583175094,147.06173052512978,0.07052798574167518,12.650012016296387,-8.450014114379883,4.199997901916504,-15.600041389465332,8.750015258789062,45,right,39.365095637274784,141.71434429418923
6140.442283693587,-370.49607849121094,-666.3434600830078,7.4406280517578125,-370.37815723039955,-666.3320052538284,0.11847631350982556,-1.473960505611841,-0.0013875494744780004,720.6950226954629,-0.16608645512827813,12.10000991821289,-7.95001220703125,4.149997711181641,-14.550037384033203,9.550018310546875,45,right,41.01237592097036,147.6445533154933
6146.035416317,-369.93849182128906,-671.9087066650391,7.42449951171875,-369.7434504213541,-671.8873885347981,0.1962029825603125,-1.4619279506478826,0.00443719749032348,225.36747624616052,-0.3919877761490387,12.150010108947754,-7.450010299682617,4.699999809265137,-13.650033950805664,10.55002212524414,46,left,40.84613748342788,147.04609494034037
6151.580926735471,-369.2414855957031,-677.4101715087891,7.397064208984375,-368.96591172664364,-677.3696371753032,0.2785390268877391,-1.4247529379178139,0.007719357290902645,129.54446365353652,-0.6111259850479556,12.150010108947754,-6.8000078201293945,5.350002288818359,-12.700030326843262,11.400025367736816,46,left,39.21534712357687,141.17524964487674
6157.073866372076,-368.31517028808594,-682.8242950439453,7.3571624755859375,-367.9573288248779,-682.7540000443332,0.364680544807857,-1.3768245003913515,0.009295563554583386,107.57820051770047,-0.7858524409331435,12.249006748199463,-5.949000835418701,6.300005912780762,-11.550025939941406,12.600029945373535,46,left,37.530223543410955,135.10880475627945
6162.511269979571,-367.12892150878906,-688.1305236816406,7.3112335205078125,-366.6890598663551,-688.0193398219989,0.45369606029761533,-1.3232122398341966,0.010725502470242967,93.23572511165966,-0.845493389221752,12.249006748199463,-4.950000762939453,7.29900598526001,-10.300021171569824,13.850034713745117,46,left,35.78406696678752,128.8226410804351
6167.886063411742,-365.6525421142578,-693.2983703613281,7.2657470703125,-365.13389117166014,-693.1323292366851,0.5445809906066661,-1.26096602122404,0.011779795918843705,84.89111414912858,-0.8396822306440788,12.25001072883606,-3.99999737739563,8.25001335144043,-9.250017166137695,13.400032997131348,46,left,34.14519822352965,122.92271360470673
6173.193594967327,-363.8759765625,-698.2995452880859,7.221527099609375,-363.2835291621676,-698.0674410353288,0.6362910547136208,-1.1974031886763592,0.012230855640008559,81.76042865953573,-0.8220340784410696,12.150014638900757,-3.0999982357025146,9.050016403198242,-8.300013542175293,12.900031089782715,46,left,33.50966617574791,120.63479823269248
6178.4331537040935,-361.80780029296875,-703.1134643554688,7.1790313720703125,-361.1490210189603,-702.8042924653441,0.727720680966466,-1.1320005113005176,0.012827097238591698,77.95996096384089,-0.7994322150423061,12.100017786026001,-2.399998903274536,9.700018882751465,-7.600010871887207,13.700034141540527,46,left,32.721584678578616,117.79770484288302
6183.613400010153,-359.4507751464844,-707.7262420654297,7.138214111328125,-358.73602528791594,-707.3292431403615,0.8176035144425754,-1.0637879851926402,0.013463490023480434,74.27494641107113,-0.7601076658600103,12.100019454956055,-2.049999237060547,10.050020217895508,-7.200009346008301,14.000035285949707,46,left,31.938880913545656,114.97997128876436
6188.743804465467,-356.8034362792969,-712.1206970214844,7.1006317138671875,-356.0457755771811,-711.6269139377971,0.9043624678558055,-0.9932124998067055,0.013924953188829359,71.81352687075481,-0.7205369231324865,12.05001950263977,-1.9999992847442627,10.050020217895508,-7.050008773803711,14.600037574768066,46,left,31.40520622513004,113.05874241046814
6193.834195381809,-353.8731231689453,-716.2829132080078,7.0645599365234375,-353.08782643514945,-715.6867705909282,0.9859396431876088,-0.9214773306849429,0.013956943841507016,71.64892338579646,-0.7063847713719373,12.050018787384033,-2.1499991416931152,9.900019645690918,-7.050008773803711,14.95003890991211,46,left,31.369193706254688,112.92909734251688
6198.887513878908,-350.6800994873047,-720.199462890625,7.0289764404296875,-349.8828570899886,-719.5013984541688,1.05966475713938,-0.8516273198935875,0.013905805656485554,71.91241016183828,-0.7108761511355532,12.050017595291138,-2.399998903274536,9.650018692016602,-7.100008964538574,14.95003890991211,46,left,31.426820411277482,113.13655348059893
6203.93561205754,-347.2228698730469,-723.8777160644531,6.9927520751953125,-346.43282347577673,-723.0807051362593,1.122229802446785,-0.7810098617866246,0.01399873963596067,71.43500243630145,-0.7392101906308346,12.100016355514526,-2.699998617172241,9.400017738342285,-7.1500091552734375,14.850038528442383,46,left,31.32232947052572,112.76038609389259
6208.995234378938,-343.5062255859375,-727.3106231689453,6.954254150390625,-342.7435761834869,-726.4235716881385,1.1698266712038101,-0.7101317457920697,0.014098294028309297,70.93056776883824,-0.7815201980388875,12.700014352798462,-3.5999977588653564,9.100016593933105,-7.200009346008301,14.600037574768066,46,left,31.211543020767564,112.36155487476323
6214.06256166529,-339.5479736328125,-730.4742279052734,6.913604736328125,-338.8339507413126,-729.511680183939,1.1984685250067988,-0.6382357650425854,0.014058619067482403,71.13074158990486,-0.7568666607450036,12.650013208389282,-3.799997568130493,8.850015640258789,-7.1500091552734375,14.150035858154297,46,left,31.25555318652596,112.51999147149347
6219.143650123228,-335.3629913330078,-733.3555603027344,6.8774566650390625,-334.7156012460093,-732.3398783489339,1.2044599437174193,-0.5674626044373711,0.013682700838343026,73.08498605755528,-0.6590263444916644,12.75001311302185,-3.8999974727630615,8.850015640258789,-7.100008964538574,13.700034141540527,46,left,31.682001175974733,114.05520423350904
6224.257688635488,-330.95806884765625,-735.9534606933594,6.8464508056640625,-330.39128167718593,-734.9128870562633,1.1849224408496262,-0.4987551592878107,0.013073103362156106,76.49293150200207,-0.5470601337286163,13.600015878677368,-3.99999737739563,9.600018501281738,-7.050008773803711,13.500033378601074,46,left,32.41224955550751,116.68409839982704
6229.421694197725,-326.34410095214844,-738.2724304199219,6.8212890625,-325.8663594420812,-737.2392937299516,1.1382479389851812,-0.4331330210177116,0.012317648668141237,81.18432559181787,-0.42761773746798903,14.733390808105469,-4.149997711181641,10.583393096923828,-7.000008583068848,15.900042533874512,46,left,33.39139900749932,120.20903642699754
6234.648403636477,-321.53399658203125,-740.3171844482422,6.802093505859375,-321.148296647368,-739.3251611221365,1.0643658765373711,-0.37081518283438875,0.011586987712883468,86.30370763991654,-0.310137725671944,15.916767120361328,-4.349998474121094,11.566768646240234,-7.000008583068848,19.999980926513672,46,left,34.42811526538468,123.94121495538486
6239.9558868817785,-316.53125,-742.0896759033203,6.7887115478515625,-316.2359157038267,-741.1712675338748,0.9647260126915292,-0.3111281544393136,0.01052523844886918,95.00972399418075,-0.2034287175739502,17.10014247894287,-4.549999237060547,12.550143241882324,-6.900008201599121,24.899906158447266,46,left,36.122895085196014,130.04242230670565
6245.362416996929,-311.3414764404297,-743.6051788330078,6.7803955078125,-311.12647441014315,-742.7910430795885,0.8420468502541988,-0.25819171310234323,0.009205409381435239,108.63177926847263,-0.11494022241931301,18.23351764678955,-4.699999809265137,13.533517837524414,-6.700007438659668,26.09988784790039,46,left,37.84382240692898,136.23776066494432
6250.872874398921,-305.98106384277344,-744.88232421875,6.7762451171875,-305.834645091549,-744.1979090499883,0.6999018316458174,-0.21075574557179097,0.008095711694642715,123.52218528999045,-0.04514324525414226,18.142000198364258,-4.850000381469727,13.291999816894531,-6.450006484985352,22.349945068359375,46,left,39.520793304786906,142.27485589723287
6256.485400055687,-300.4691162109375,-745.9400939941406,6.7754364013671875,-300.3783069856732,-745.4054649110655,0.5422864297240462,-0.1682488672551888,0.00819547748066223,122.01851598757558,-0.007130011188261065,17.143000602722168,-4.850000381469727,12.293000221252441,-6.150005340576172,19.099994659423828,46,left,40.93656432302744,147.37163156289878
6262.189229799632,-294.8240051269531,-746.7564239501953,6.77545166015625,-294.78009517947277,-746.3857120640864,0.37330334312744706,-0.11789832133043092,0.008730476800503933,114.54128140427324,0.00013471171405043947,16.04400062561035,-4.75,11.294000625610352,-5.9000043869018555,16.100040435791016,46,left,39.66245023704774,142.78482085337188
6267.974881204875,-289.06288146972656,-747.2886047363281,6.77545166015625,-289.04950054580274,-747.092002839451,0.19705673036148394,-0.06795620938873473,0.008011885207667298,124.81456911576934,1.1102230246251565e-14,15.445002555847168,-5.150001525878906,10.295001029968262,-5.600003242492676,13.6000337600708,46,left,41.34401208749974,148.83844351499908
6273.863304965935,-283.18067932128906,-747.5592193603516,6.77545166015625,-283.18024398827527,-747.5414510128404,0.01777367964460362,-0.024495577802517158,0.006648152617287544,150.41772618150296,-0.0001258168693230033,14.746004104614258,-5.450002670288086,9.296001434326172,-5.450002670288086,11.45002555847168,46,left,42.98795627291116,154.7566425824802
6279.867940639832,-277.1761474609375,-747.5945281982422,6.7754364013671875,-277.1743983245159,-747.7544249475775,-0.15990631609232794,0.010938725543855679,0.005568879690897614,179.5693309077065,-4.7873966235734144e-06,13.797004699707031,-5.500002861022949,8.297001838684082,-5.500002861022949,9.550018310546875,46,left,44.60199016667269,160.5671646000217
6285.987871863208,-271.0584411621094,-747.4295196533203,6.77545166015625,-271.04424730995345,-747.7598109072849,-0.33059609478107294,0.04294732055368886,0.005389205799106338,185.5560981111214,0.00012575103405243482,13.198006629943848,-5.9000043869018555,7.298002243041992,-5.9000043869018555,7.900012016296387,46,left,46.18901587554259,166.28045715195333
6292.215398383708,-264.8421630859375,-747.0553894042969,6.77545166015625,-264.8043779685608,-747.5418605191986,-0.4879363285603345,0.07751622911956642,0.005469492499426009,182.832319471129,-0.00011951603194892968,13.198006629943848,-6.8990044593811035,6.299002170562744,-6.900008201599121,6.500006675720215,46,left,47.7498279782218,171.8993807215985
6298.546383737341,-258.5395202636719,-746.4570007324219,6.7754364013671875,-258.46994426784283,-747.0777445854126,-0.6246308911840518,0.11161900467189584,0.005384551121423126,185.7165021651242,-3.6197312480723554e-06,13.198006629943848,-7.898004531860352,5.300002098083496,-8.000012397766113,5.300002098083496,46,left,49.28592893631719,177.4293441707419
6304.973900982916,-252.16554260253906,-745.6291198730469,6.77545166015625,-252.0587726738792,-746.3541360573911,-0.7328357832605099,0.14621463111160363,0.004655480491185313,214.80059939965383,1.2712507269085904e-06,13.247002601623535,-8.897004127502441,4.349998474121094,-8.900015830993652,4.349998474121094,46,left,50.797955245713744,182.87263888456948
6311.436022484447,-245.7852020263672,-744.6042938232422,6.7754364013671875,-245.64777786326172,-745.3973708294484,-0.8048953586512284,0.17157602025225713,0.0038330475510347743,260.8890149901842,-0.00011834440535318791,13.15001630783081,-9.600018501281738,3.5499978065490723,-9.600018501281738,3.6499977111816406,46,left,52.274051361814,188.18658490253043
6317.928988597415,-239.40113830566406,-743.4200897216797,6.7754364013671875,-239.2387672014239,-744.2384504107795,-0.8343132463026464,0.1958664352799317,0.003748862104208772,266.74760826153624,-0.00011570043129127683,13.15001916885376,-10.200020790100098,2.949998378753662,-10.200020790100098,2.949998378753662,46,left,53.71635542310452,193.37887952317627
6324.489141178361,-232.98265075683594,-742.0641326904297,6.775421142578125,-232.8040137499463,-742.8610626291163,-0.8167058879459639,0.22051141942597657,0.004387923486323856,227.8982309324146,0.00011028650713784671,13.150021076202393,-10.600022315979004,2.5499987602233887,-10.600022315979004,2.5499987602233887,46,left,52.31039413455352,188.31741888439268
6331.147753674168,-226.5093536376953,-740.504150390625,6.77545166015625,-226.3207687275627,-741.2305908873132,-0.7505198622009979,0.25399458436115785,0.00532406688413703,187.82634060805728,0.0002308417145824304,13.150022268295288,-10.85002326965332,2.2999989986419678,-10.85002326965332,2.2999989986419678,46,left,50.78983128453036,182.8433926243093
6337.904896438248,-220.0023193359375,-738.6827545166016,6.77545166015625,-219.81885739676295,-739.2930973616178,-0.6373199130642727,0.2919964633360185,0.005405821806739396,184.98574976210054,-0.00022102139696222878,13.100022315979004,-10.85002326965332,2.2499990463256836,-10.85002326965332,2.2499990463256836,46,left,50.4043082209516,181.45550959542575
6344.759317888622,-213.47462463378906,-736.5917510986328,6.775421142578125,-213.31969559804568,-737.0477313885511,-0.48158180085045593,0.32753352975450944,0.004834136977223118,206.86215651556316,-6.181246170466892e-06,13.150021314620972,-10.650022506713867,2.4999988079071045,-10.650022506713867,2.4999988079071045,46,left,51.9805231395403,187.1298833023451
6351.710242008439,-206.92990112304688,-734.2503967285156,6.77545166015625,-206.8280698220024,-734.5220339312874,-0.29009719716345983,0.35866528785646823,0.003911231265021058,255.67396357847838,6.2042585735611055e-06,13.15001893043518,-10.150020599365234,2.9999983310699463,-10.150020599365234,2.9999983310699463,47,straight,53.53155465085306,192.713596743071
6358.760799733252,-200.35928344726562,-731.6935729980469,6.775421142578125,-200.33272708705962,-731.7596425050805,-0.07120688187990318,0.3821826560783555,0.0026271275106054467,380.6438766154675,-0.00011199741609124736,13.200015783309937,-9.500018119812012,3.699997663497925,-9.500018119812012,3.699997663497925,47,straight,55.06020045741069,198.21672164667848
6365.911331311981,-193.7450408935547,-728.9766082763672,6.7754364013671875,-193.8090100124011,-728.8235308246196,0.16590586005176272,0.39583071195939357,0.0013486838662068734,741.4636039300042,0.00021194665686952163,13.250014305114746,-8.7000150680542,4.549999237060547,-8.7000150680542,4.549999237060547,47,straight,55.15121072345036,198.54435860442132
6373.160868057412,-187.06605529785156,-726.1575775146484,6.77545166015625,-187.22694410627543,-725.7786172146332,0.4116990620145533,0.4014921438078436,0.00024152948920402872,4140.281185935286,2.619658062696928e-06,13.250014305114746,-7.80001163482666,5.450002670288086,-7.80001163482666,5.450002670288086,47,straight,53.58146089019964,192.8932592047187
6380.5017707290335,-180.3076171875,-723.2918548583984,6.7754364013671875,-180.56282088042758,-722.686986321256,0.6565019970333732,0.3992555452763768,-0.0007710023624144767,1297.0128870531507,1.08101266826921e-07,13.200014114379883,-6.850008010864258,6.350006103515625,-6.850008010864258,6.350006103515625,47,straight,51.94361114350186,186.9970001166067
6387.838857616184,-173.53570556640625,-720.468017578125,6.77545166015625,-173.87444566737798,-719.6443616854654,0.8905918737105902,0.3901789370576561,-0.0014182088728994444,705.1147536226867,-0.00010975561870463224,13.200014114379883,-5.950004577636719,7.250009536743164,-5.950004577636719,7.250009536743164,47,straight,50.25330203037662,180.91188730935582
6395.061531375825,-166.84072875976562,-717.7579803466797,6.775421142578125,-167.24894741057142,-716.7319076753288,1.1042950664378144,0.37864788603739546,-0.0016707437876174805,598.5358182453716,-0.00020683432504498,13.200014114379883,-5.150001525878906,8.050012588500977,-5.150001525878906,8.050012588500977,47,straight,48.53188368443228,174.7147812639562
6401.987649860224,-160.39007568359375,-715.2360382080078,6.775421142578125,-160.8518316906043,-714.0333524452483,1.2882824433930555,0.36658305686531356,-0.0017118637007168362,584.1586567793066,0.0002357701728739059,13.15001392364502,-4.44999885559082,8.7000150680542,-4.44999885559082,8.7000150680542,47,straight,46.821738544853005,168.55825876147082
6408.606403441761,-154.197509765625,-712.8993682861328,6.77545166015625,-154.69659752092417,-711.554875346738,1.4341373196358136,0.3554428373209883,-0.0016522118061279463,605.2492763282921,-1.888691778528795e-05,13.20001482963562,-3.8999974727630615,9.300017356872559,-3.8999974727630615,9.300017356872559,47,straight,45.126968278833736,162.45708580380145
6414.9647046407945,-148.22503662109375,-710.7181854248047,6.775421142578125,-148.74439730438374,-709.27357185328,1.5351364403142564,0.34512642543806576,-0.0016226759856063228,616.2659759991111,0.001675850209315044,13.150017023086548,-3.3999979496002197,9.750019073486328,-3.3999979496002197,9.750019073486328,47,straight,43.4366598924092,156.37197561267314
6421.073174947656,-142.467041015625,-708.6788482666016,6.7756500244140625,-142.98913585396767,-707.1801277807165,1.5870558008576268,0.3352133875328881,-0.0018060128870773032,553.70590495526,0.001969470010609875,13.15001893043518,-2.9999983310699463,10.150020599365234,-2.9999983310699463,10.150020599365234,47,straight,41.748360419351506,150.29409750966542
6426.948963377372,-136.907470703125,-706.7772521972656,6.775665283203125,-137.4126137831356,-705.2709454915638,1.588750900212138,0.32356632062935997,-0.002344207201379525,426.5834519284462,0.000539629790419216,13.100020408630371,-2.649998664855957,10.450021743774414,-2.649998664855957,10.450021743774414,47,straight,40.05728441762935,144.20622390346566
6432.606236250382,-131.53085327148438,-705.0175018310547,6.7757110595703125,-131.99889496614367,-703.5479378241617,1.5422974415769368,0.30833276299316614,-0.0031820745581437465,314.26039262365583,0.0005396768152587939,13.100021362304688,-2.4499988555908203,10.650022506713867,-2.4499988555908203,10.650022506713867,47,straight,38.3587174237188,138.0913827253877
6438.033556440452,-126.34501647949219,-703.4165954589844,6.775726318359375,-126.7583248036104,-702.0240286050807,1.452606696038729,0.2885147934431692,-0.004800158145797824,208.32646959255385,0.0025357443735662955,13.100022077560425,-2.2999989986419678,10.800023078918457,-2.2999989986419678,10.800023078918457,48,right,36.65529123929706,131.95904846146942
6443.232876472132,-121.34007263183594,-702.0082397460938,6.775970458984375,-121.67833607404346,-700.725508954323,1.3265822403797733,0.2578359867092443,-0.007296780366893251,137.04674523810147,0.0011918948506162153,13.100022077560425,-2.2999989986419678,10.800023078918457,-2.2999989986419678,10.800023078918457,48,right,34.945637567682326,125.80429524365637
6448.195490076991,-116.51705932617188,-700.8394470214844,6.7758636474609375,-116.76712630120188,-699.6943840832569,1.17205060663044,0.21501134632037208,-0.010746654820247881,93.05221175578188,-0.0013809914872431328,13.100021123886108,-2.4999988079071045,10.600022315979004,-2.4999988079071045,10.600022315979004,48,right,33.23187942772765,119.63476593981953
6452.95671060736,-111.83802795410156,-699.9586029052734,6.7758331298828125,-111.99108372806515,-698.9737261911484,0.996698656550354,0.15417277355882442,-0.013841135452430216,72.24840790243266,-0.004921561589932288,13.146003484725952,-2.899998426437378,10.246005058288574,-2.899998426437378,10.250020980834961,48,right,31.500152922359128,113.40055052049286
6457.636728097388,-107.19163513183594,-699.3986053466797,6.7754058837890625,-107.25977289207373,-698.594210129634,0.807275925304477,0.08450508959370352,-0.015178259594523283,65.88370647981449,-0.00453477609992925,12.94700312614441,-3.699997663497925,9.247005462646484,-3.699997663497925,9.600018501281738,48,right,30.080671947178512,108.29041900984265
6462.256030874243,-102.57786560058594,-699.1725769042969,6.7754058837890625,-102.58582152228007,-698.5634530044669,0.6091758547695404,0.013060510883916476,-0.015778107838364967,63.37895584465892,0.0003366912438962366,12.947003841400146,-4.698997974395752,8.248005867004395,-4.800000190734863,8.7000150680542,48,right,29.50333166899199,106.21199400837116
6466.816873678694,-98.01826477050781,-699.2790069580078,6.7754364013671875,-97.9937719203666,-698.8733433626122,0.40640232816426514,-0.0603040380580533,-0.0160965597107105,62.12507628786102,0.00016651553763624705,12.947003841400146,-5.697998046875,7.2490057945251465,-6.850008010864258,7.450010299682617,48,right,29.210029060880498,105.1561046191698
6471.369389077123,-93.48707580566406,-699.7191467285156,6.775421142578125,-93.46018417498759,-699.5191111080627,0.20183510410829306,-0.1336330236216038,-0.015726350228740776,63.587544818405775,-0.00016809239051784886,12.947003841400146,-6.696998119354248,6.250005722045898,-8.350013732910156,6.250005722045898,48,right,29.551841576050467,106.38662967378168
6475.949480950797,-88.97233581542969,-700.4900970458984,6.775421142578125,-88.9728091437873,-700.492386096836,-0.0023374759739482566,-0.20390554129217953,-0.014923595485483257,67.0079808162006,0.00032843725923381584,13.494998455047607,-7.695998191833496,5.799000263214111,-10.85002326965332,5.850004196166992,48,right,30.336242491938567,109.21047297097884
6480.573290070078,-84.47785949707031,-701.5760498046875,6.77545166015625,-84.5325015749976,-701.7727577611814,-0.20415625591249256,-0.270951470274446,-0.014379116135599508,69.54530379820922,-0.00015556538832672828,13.49499797821045,-8.694997787475586,4.800000190734863,-14.000035285949707,6.200005531311035,48,right,30.90526172619487,111.25894221430153
6485.245709507797,-80.02061462402344,-702.9776458740234,6.7754058837890625,-80.15359083432556,-703.3564956550011,-0.4015094383113896,-0.3375652624262876,-0.013579112704591802,73.64251418738488,0.0004681032847453359,14.293996810913086,-9.693997383117676,4.59999942779541,-17.750015258789062,7.450010299682617,48,right,31.802614512796648,114.48941224606793
6489.978231008267,-75.60585021972656,-704.6825256347656,6.7754974365234375,-75.8355786674067,-705.2280425464492,-0.5919154167668107,-0.39858023741798204,-0.012539120006851513,79.75041306356339,0.006969150578006733,14.942995071411133,-10.692996978759766,4.249998092651367,-22.299945831298828,9.150016784667969,48,right,33.09519863990817,119.14271510366942
6494.779441190333,-71.23744201660156,-706.6746673583984,6.7760772705078125,-71.57836129619669,-707.3678835728662,-0.7725119256041207,-0.4570609418594099,-0.012215959893693402,81.86012468134075,0.018370850411941753,15.541994094848633,-11.691996574401855,3.8499975204467773,-24.34991455078125,11.100024223327637,48,right,33.530090252988195,120.70832491075751
6499.649034753345,-66.93260192871094,-708.9509124755859,6.77728271484375,-67.3971183114134,-709.7684077383848,-0.9402520802941754,-0.5167232848932268,-0.012605202958465588,79.33232041523023,0.03182557531025143,16.04099416732788,-12.690996170043945,3.3499979972839355,-22.199947357177734,12.950031280517578,48,right,33.00833362323478,118.83000104364523
6504.580506178912,-62.72492980957031,-711.5228576660156,6.779205322265625,-63.32410757259937,-712.4361034858995,-1.092260005330153,-0.5806493417395593,-0.012970742951905853,77.09658604043689,0.04517366579251947,16.589994192123413,-13.689995765686035,2.899998426437378,-22.24994659423828,14.65003776550293,48,right,32.53989109814844,117.14360795333438
6509.565143078695,-58.64764404296875,-714.3903198242188,6.781768798828125,-59.38519955110318,-715.3699619539191,-1.226249089648304,-0.645343417981809,-0.01291298912889273,77.44140338215777,0.05509594645904947,15.640993356704712,-13.040994644165039,2.599998712539673,-23.04993438720703,16.150039672851562,48,right,32.61257785043303,117.4052802615589
6514.599429798164,-54.72535705566406,-717.5462188720703,6.78472900390625,-55.59942212137398,-718.5630958858121,-1.3409058878873137,-0.7100170365700805,-0.012800225595326856,78.12362309966497,0.06015873327119836,14.49199390411377,-12.04199504852295,2.4499988555908203,-23.499927520751953,17.100025177001953,48,right,32.75591304865121,117.92128697514435
6519.683218335893,-50.97944641113281,-720.9832305908203,6.7878570556640625,-51.98416227455542,-722.0093640086232,-1.436107153851938,-0.7748524470765298,-0.012546301224497111,79.7047657398392,0.058547202205638804,13.592994213104248,-11.04299545288086,2.5499987602233887,-22.799938201904297,17.850013732910156,48,right,33.08572581448005,119.10861293212818
6524.821456952677,-47.425323486328125,-724.6939849853516,6.79071044921875,-48.550128728288534,-725.7057768849517,-1.512914300427472,-0.8382429983467362,-0.01178639390733588,84.8435923541973,0.030871221202166677,12.843994379043579,-10.04399585723877,2.7999985218048096,-20.599971771240234,18.350006103515625,48,right,34.135639695083285,122.88830290229983
6530.033632083482,-44.05543518066406,-728.6702423095703,6.791015625,-45.2847105421273,-729.6522338400484,-1.5733484293796056,-0.8967644920848855,-0.010913282755878467,91.63145703902407,-0.00730391596783786,12.244994401931763,-9.04499626159668,3.199998140335083,-18.89999771118164,18.949996948242188,48,right,35.474870415182025,127.70953349465529
6535.3405216790525,-40.861602783203125,-732.9084625244141,6.7899169921875,-42.18213782265043,-733.8468570631368,-1.6199991051580076,-0.9529803974686992,-0.010368026138494635,96.45037412542567,-0.02177538833546544,11.845994234085083,-8.04599666595459,3.799997568130493,-17.45001983642578,19.649986267089844,48,right,36.39573379173164,131.0246416502339
6540.745160722091,-37.853057861328125,-737.3983154296875,6.7886810302734375,-39.25307797040968,-738.2819562216284,-1.655559529287518,-1.0077775129022364,-0.009927129883852123,100.73405019376658,-0.013596713097518975,11.646996974945068,-7.046997547149658,4.59999942779541,-15.850042343139648,20.249977111816406,48,right,37.19518040500933,133.9026494580336
6546.24495836896,-35.04277038574219,-742.1259002685547,6.7884521484375,-36.511381839943965,-742.9466229736383,-1.6823808611763567,-1.061189497760703,-0.009825517897436978,101.77580565609205,0.05110901953208069,11.598000526428223,-6.04799747467041,5.5500030517578125,-14.35003662109375,20.64997100830078,48,right,37.38701532458519,134.5932551685067
6551.834595506887,-32.45118713378906,-747.0784454345703,6.7944488525390625,-33.98084719180347,-747.8249898796126,-1.7021129520417315,-1.1167575837412662,-0.009941268924868728,100.590780468521,0.10728252932330339,11.598000526428223,-5.048997402191162,6.5490031242370605,-13.350032806396484,20.949966430664062,48,right,37.16872043741441,133.80739357469187
