s_m,x_center_m,y_center_m,z_center_m,x_line_m,y_line_m,offset_m,heading_rad,curvature_1_per_m,radius_m,slope_pct,width_m,drive_left_m,drive_right_m,limit_left_m,limit_right_m,segment_id,segment_kind,v_target_ms,v_target_kmh
0.0,-1128.0094604492188,473.77593994140625,20.186676025390625,-1127.8073446289573,473.8105940709989,-0.20506514452194513,1.740602012842652,0.0013747390593916657,727.4107716430992,1.1107635958199884,11.041678667068481,-8.041680335998535,2.9999983310699463,-12.500029563903809,62.90679168701172,0,straight,78.7938288086814,283.65778371125305
9.080293600067765,-1129.5995178222656,482.7153625488281,20.28753662109375,-1129.3241268028116,482.76612675924696,-0.28003074591075405,1.7530850471254094,0.0014992111996511154,667.0174290538332,1.016118767467189,11.01935887336731,-8.019360542297363,2.9999983310699463,-11.500025749206543,64.20543670654297,0,straight,77.42579693727627,278.7328689741946
18.14663148525986,-1131.3018493652344,491.62005615234375,20.37109375,-1130.9355670865727,491.6931649269396,-0.3735071626949222,1.767804174475682,0.0018134038280312459,551.4491502345993,0.8175889566254035,10.909998655319214,-8.010000228881836,2.899998426437378,-11.60002613067627,64.69000244140625,0,straight,76.03531459499575,273.7271325419847
27.186043031189563,-1133.1456451416016,500.4691925048828,20.435623168945312,-1132.6702779648565,500.5730564675314,-0.48658162261200033,1.785907870381577,0.0020813289291854165,480.46225946197586,0.5994539282266009,10.959999322891235,-8.160000801086426,2.7999985218048096,-11.75002670288086,62.935546875,0,straight,74.62317225226649,268.6434201081594
36.18264838272256,-1135.1484375,509.23992919921875,20.47930908203125,-1134.5463052373218,509.3838011223186,-0.6190818944327896,1.8053363469468344,0.0022095848782657246,452.57369827082067,0.36273115108522713,10.90999960899353,-8.210000991821289,2.699998617172241,-11.800026893615723,58.23359680175781,0,straight,73.19066944154814,263.4864099895733
45.13596537831611,-1137.3107299804688,517.9281921386719,20.500839233398438,-1136.566412780669,518.1220333228813,-0.7691440038207733,1.8255654245640152,0.0005393881802936151,1853.9523788890804,0.07746715574465934,10.749999523162842,-8.200000762939453,2.5499987602233887,-11.850027084350586,51.426300048828125,0,straight,71.7366655388049,258.2519959396976
52.862244376218044,-1139.269027709961,525.4021759033203,20.495956420898438,-1138.3644768655702,525.630708133714,-0.9329733170979335,1.818264908223111,1.9695451428436428e-05,50773.14443050506,-0.3563965699460825,11.100013732910156,-8.650014877319336,2.4499988555908203,-13.150032043457031,43.70201110839844,0,straight,70.45781567138523,253.64813641698686
61.7833856911375,-1141.4999084472656,534.0396575927734,20.4339599609375,-1140.4316549200394,534.3210700656053,-1.104698410561253,1.8283766478526056,0.0009397977218044834,1064.0587615810812,-1.0135512869718477,11.050014734268188,-8.850015640258789,2.1999990940093994,-13.350032806396484,34.78208541870117,0,straight,68.95169442472466,248.2260999290088
70.66421359155214,-1143.7876434326172,542.6199493408203,20.315780639648438,-1142.5554473758837,542.9533067834961,-1.2764929717068751,1.8350107372759492,0.0006359304027777762,1572.4991219667268,-1.6005786149340562,11.050015449523926,-9.000016212463379,2.049999237060547,-13.500033378601074,25.90304183959961,0,straight,67.41896879817699,242.70828767343718
79.50068258249038,-1146.114990234375,551.142822265625,20.150619506835938,-1144.7276929210072,551.5250616647851,-1.4389929791168405,1.8396534459496543,0.0004808469030003343,2079.6640131408,-2.0900360210488245,11.050015807151794,-9.100016593933105,1.949999213218689,-13.6000337600708,17.069114685058594,0,straight,65.85850418205382,237.09061505539376
88.2930888765468,-1148.4628295898438,559.613525390625,19.947525024414062,-1146.939265838753,560.0396080612252,-1.5820217905652552,1.8434914441074788,0.000915023553464761,1092.8680428099074,-2.483233348627456,11.00001585483551,-9.100016593933105,1.8999992609024048,-13.6000337600708,13.530000686645508,0,straight,64.26822582160597,231.36561295778148
97.04195201307476,-1150.8582153320312,568.0248718261719,19.715179443359375,-1149.230963444073,568.501380568341,-1.6955852347278806,1.8556625520874366,0.0017130827309198293,583.7429692978436,-2.7851810874217398,11.999015808105469,-9.100016593933105,2.8989992141723633,-13.6000337600708,11.870000839233398,0,straight,62.64576567837721,225.52475644215795
105.74893419658814,-1153.3708801269531,576.3575592041016,19.461456298828125,-1151.680290166216,576.8852871557787,-1.7710424066990722,1.8733678513355743,0.0023178147738539823,431.4408602794582,-3.0132129921080164,12.89801549911499,-9.000016212463379,3.8979992866516113,-14.706009864807129,10.70002269744873,0,straight,60.98823470996894,219.5576449558882
114.41883391153578,-1156.0349578857422,584.6035919189453,19.191650390625,-1154.3270713183651,585.1792916843549,-1.8023059526395353,1.8959179014236311,0.0025676051425156526,389.4679845594303,-3.123542615742325,13.597014427185059,-8.7000150680542,4.896999359130859,-23.370710372924805,9.850019454956055,0,straight,59.29173939212141,213.45026181163706
123.05316526005984,-1158.8828887939453,592.7502288818359,18.92095947265625,-1157.202482857852,593.3579264429063,-1.7869136620970358,1.917800651789374,0.002615643637084719,382.3150775671245,-3.122143148041334,14.04601240158081,-8.150012969970703,5.895999431610107,-31.999797821044922,9.250017166137695,0,straight,57.55252455711767,207.1890884056236
131.65108415164067,-1161.8871154785156,600.8017730712891,18.65362548828125,-1160.2773750952567,601.4264822784316,-1.7267094993030818,1.9409854221982425,0.003143963562592153,318.06984403327954,-3.0700277370645512,13.15001392364502,-7.5000104904174805,5.650003433227539,-31.999797821044922,8.800015449523926,0,straight,55.76677153809553,200.7603775371439
140.21250047683677,-1165.0922088623047,608.7363739013672,18.394134521484375,-1163.5932450555893,609.3717519229058,-1.6280656387557735,1.9717163827617694,0.0040855535093187595,244.76487646510932,-2.9297808391983704,11.799005031585693,-6.5490031242370605,5.250001907348633,-31.199810028076172,8.650014877319336,1,left,53.92987720743466,194.14755794676478
148.73650356999661,-1168.5538940429688,616.5220794677734,18.152984619140625,-1167.1953868334094,617.1615642774632,-1.5014934765919983,2.010751778511234,0.004839753359204904,206.62209947084668,-2.6683747345825015,10.700004577636719,-5.5500030517578125,5.150001525878906,-30.149826049804688,8.750015258789062,1,left,52.036631902617344,187.33187484942243
157.22109848008893,-1172.314682006836,624.1246795654297,17.940155029296875,-1171.109820466099,624.7568784279223,-1.3606493795551307,2.054013334725457,0.005463371201946884,183.03716936598556,-2.315971403243755,10.10000228881836,-4.649999618530273,5.450002670288086,-28.799846649169922,9.200016975402832,1,left,50.08111393877294,180.29201017958258
165.66403068833418,-1176.4014587402344,631.5104217529297,17.760787963867188,-1175.3496030296865,632.1301270178669,-1.2208337524834876,2.1032028422063513,0.005944954338269082,168.2098706061984,-1.8757072170155098,10.000002384185791,-3.9499974250793457,6.050004959106445,-27.24987030029297,10.050020217895508,1,left,48.05627387357852,173.00258594488267
174.06473359109222,-1180.8323211669922,638.6462860107422,17.624008178710938,-1179.9165854117555,639.2506303711431,-1.097180057860662,2.15413796458131,0.006220086510539347,160.76946812646332,-1.335333459439414,10.00000524520874,-3.3499979972839355,6.650007247924805,-25.94989013671875,10.900023460388184,1,left,46.98142043875785,169.13311357952827
182.42010702480772,-1185.5992584228516,645.5078430175781,17.536773681640625,-1184.7928949322582,646.1039859376734,-1.0028003092050268,2.2074129015959607,0.006763113889841327,147.86088424476637,-0.7136564389031541,9.950007677078247,-2.7999985218048096,7.1500091552734375,-24.899906158447266,11.500025749206543,1,left,45.05583110620104,162.20099198232376
190.72949976852945,-1190.7200164794922,652.0517578125,17.504776000976562,-1189.9931470356269,652.6590526126145,-0.9471779994652862,2.2668081864239107,0.00643313730861958,155.44515094682157,-0.1968746255434528,9.950009822845459,-2.349998950958252,7.600010871887207,-23.799922943115234,11.850027084350586,1,left,46.19691185940578,166.30888269386082
198.98944276216577,-1196.152847290039,658.2735748291016,17.50396728515625,-1195.4644191778937,658.9063242734782,-0.935042846585681,2.3140761996808363,0.005434453649861282,184.01113790445626,-0.007584091900225687,9.950011610984802,-1.949999213218689,8.000012397766113,-22.74993896484375,12.200028419494629,1,left,48.255158825209676,173.71857177075483
207.19717711812672,-1201.8221893310547,664.2086791992188,17.503524780273438,-1201.1392223281084,664.8918326962456,-0.9659930784500317,2.3563310038304066,0.005115198368805751,195.49583963318918,-0.00334388798235441,9.950012564659119,-1.7499994039535522,8.200013160705566,-21.79995346069336,12.450029373168945,1,left,50.21690214199532,180.78084771118316
215.35045946509962,-1207.6944580078125,669.8648681640625,17.50341796875,-1206.9937738710603,670.6263782725123,-1.0348216777625083,2.3977696243629936,0.005487070984899561,182.24659435826572,0.0005723495286380498,9.900012612342834,-1.699999451637268,8.200013160705566,-21.099964141845703,12.450029373168945,1,left,50.02119541143415,180.07630348116294
223.46266151355564,-1213.7798156738281,675.2292175292969,17.503616333007812,-1213.053642681443,676.0983135105465,-1.132543614830706,2.445547710865048,0.005742909624316422,174.12776195638457,0.003863014130622844,9.95001232624054,-1.7999993562698364,8.150012969970703,-17.100025177001953,12.350028991699219,1,left,48.89431483828575,176.0195334178287
231.55782730015073,-1220.0998229980469,680.2877960205078,17.504043579101562,-1219.3438589662578,681.280690962351,-1.2479270743503017,2.490852067886408,0.005039048808230362,198.4501516172424,0.007106290665781501,9.950011372566223,-1.9999991655349731,7.95001220703125,-17.80001449584961,12.550029754638672,1,left,50.805329657941215,182.89918676858838
239.59603865275264,-1226.578369140625,685.0460815429688,17.5047607421875,-1225.7887131876948,686.1647089436103,-1.3692639575567616,2.5269078576280073,0.0042290504620555724,236.4596991623363,0.011934137403191158,9.950009822845459,-2.349998950958252,7.600010871887207,-18.500003814697266,12.550029754638672,1,left,52.634290557757744,189.48344600792788
247.57161446509056,-1233.1608276367188,689.5495300292969,17.505950927734375,-1232.342710551115,690.7901468971742,-1.4860840415731844,2.5586071885373856,0.003925930821085999,254.71666353086118,0.017212474556504986,10.000007152557373,-2.949998378753662,7.050008773803711,-19.39999008178711,12.350028991699219,2,straight,54.388246669796395,195.797688011267
255.48167442637978,-1239.8282775878906,693.8056030273438,17.507492065429688,-1238.9937888464533,695.1596516518167,-1.590540517252715,2.589280109311168,0.0036544882699981185,273.63612252079133,0.02269635267309056,9.99899959564209,-3.749997615814209,6.249001979827881,-20.149978637695312,11.800026893615723,2,straight,56.07363222282933,201.8650760021856
263.3228776418541,-1246.5550689697266,697.8348388671875,17.509521484375,-1245.713331473936,699.2867517951512,-1.6782649261090945,2.616200601937813,0.003226047492181555,309.9768377320969,0.007555145951054776,9.99899959564209,-4.748997688293457,5.250001907348633,-20.699970245361328,10.900023460388184,2,straight,57.695775199683375,207.70479071886015
271.0928228109179,-1253.3206481933594,701.6557006835938,17.508697509765625,-1252.4793832994949,703.1886199104159,-1.7485902829450595,2.6396718051622474,0.0028378458482889446,352.3799577073369,-0.014339524249784574,10.000001907348633,-5.650003433227539,4.349998474121094,-21.099964141845703,10.000020027160645,2,straight,59.25939245886408,213.3338128519107
278.79010488475564,-1260.1044921875,705.2926788330078,17.507308959960938,-1259.269021223026,706.891717656249,-1.8041443652635167,2.6601206676594966,0.002430411253321385,411.45299941868115,-0.016216413248648642,10.000003814697266,-6.350006103515625,3.6499977111816406,-21.549957275390625,9.300017356872559,2,straight,60.768729767802775,218.76742716408998
286.41379513098104,-1266.889144897461,708.7696228027344,17.506210327148438,-1266.0601600652835,710.4234399671162,-1.8499532602702227,2.676941205846118,0.002401718727151392,416.36849007130434,-0.012653751239111166,10.000006437301636,-6.900008201599121,3.0999982357025146,-22.049949645996094,8.7000150680542,2,straight,62.22756130750899,224.0192207070324
293.9636796898708,-1273.6683654785156,712.0927124023438,17.505386352539062,-1272.8537621099374,713.8005679822246,-1.8921811038664038,2.6965346275527615,0.003325526799537737,300.70423733737596,-0.008711546900252998,9.950008392333984,-7.300009727478027,2.649998664855957,-22.44994354248047,8.300013542175293,2,straight,61.08150132625325,219.8934047745117
301.4403841303051,-1280.4595031738281,715.2202606201172,17.504898071289062,-1279.678996910321,716.9927937908959,-1.936766343389119,2.726806156758821,0.0034849840225752438,286.9453614484711,0.015899637635841124,10.000009536743164,-7.550010681152344,2.4499988555908203,-22.649940490722656,8.050012588500977,2,straight,59.623639503364714,214.645102212113
308.8461639721461,-1287.2691650390625,718.1312866210938,17.507720947265625,-1286.5075698978228,719.9677884105788,-1.9881564279355912,2.748479442138167,0.0024066578075601086,415.51399490973296,0.12949123274006435,9.95000958442688,-7.550010681152344,2.399998903274536,-22.649940490722656,8.050012588500977,2,straight,58.14358304663394,209.3168989678822
316.1786287637022,-1294.0625,720.8908843994141,17.523849487304688,-1293.3041706867807,722.7936881433839,-2.048347000718659,2.7623519208209277,0.001839047606199573,543.7597137936625,0.2959484991527983,9.950009107589722,-7.450010299682617,2.4999988079071045,-22.59994125366211,8.150012969970703,2,straight,56.64008873108644,203.9043194319112
323.44864878010014,-1300.8301086425781,723.5464324951172,17.55084228515625,-1300.0722314727934,725.5223477566731,-2.1162747754793734,2.775340682671666,0.001789619055498487,558.7781360103234,0.42342659374308145,9.950008153915405,-7.250009536743164,2.699998617172241,-22.399944305419922,8.350013732910156,2,straight,55.108917165556825,198.39210179600457
330.67290936571084,-1307.590103149414,726.0942230224609,17.585174560546875,-1306.8331582439187,728.1468172823916,-2.1877177116473714,2.788290887959222,0.0019139921321272568,522.4681874154708,0.5084540116594649,9.95000672340393,-6.950008392333984,2.9999983310699463,-22.149948120117188,8.650014877319336,2,straight,53.54402714577691,192.75849772479688
337.81870926470094,-1314.311508178711,728.5198516845703,17.623855590820312,-1313.5619065119247,730.6472871431856,-2.2556338996882053,2.8028259197088077,0.0016539362002944424,604.6182433288386,0.5375258835742969,10.000005006790161,-6.600007057189941,3.3999979496002197,-17.30002212524414,9.000016212463379,2,straight,51.949779425874944,187.0192059331498
344.87369336319176,-1320.9743194580078,730.8389739990234,17.661514282226562,-1320.226041671801,733.0253796551867,-2.310906605346374,2.811846683611803,0.001239172762545454,806.9899776895064,0.5679132970671796,10.00000286102295,-6.150005340576172,3.8499975204467773,-17.30002212524414,9.500018119812012,2,straight,50.326273047528005,181.17458297110082
351.848141807483,-1327.5830688476562,733.0673370361328,17.703475952148438,-1326.842897590881,735.2906298084185,-2.3432635875321917,2.8202171306692985,0.0013944507783733295,717.1282167209454,0.6972586135493453,11.549004077911377,-7.14900541305542,4.399998664855957,-10.650022506713867,10.000020027160645,2,straight,48.668094469040426,175.20514008854553
358.7400086046023,-1334.1323852539062,735.21240234375,17.758041381835938,-1333.4168192765442,737.4428660015806,-2.3424352278902827,2.8311506778045143,0.000785844929575924,1272.5156864467438,0.9013379794144294,11.998002052307129,-7.048001289367676,4.950000762939453,-10.650022506713867,10.650022506713867,2,straight,46.972084454334315,169.09950403560353
365.5363383116451,-1340.6051635742188,737.2832794189453,17.826644897460938,-1339.9027349770963,739.4726061262463,-2.2992514793638352,2.831125843639832,0.001627023522047244,614.6192642265703,1.1198928597837998,11.59900426864624,-6.049001216888428,5.5500030517578125,-14.89186954498291,11.200024604797363,2,straight,45.2373581661589,162.85448939817203
372.23913061931734,-1347.0017395019531,739.2843933105469,17.909011840820312,-1346.373332891515,741.3996257783425,-2.206604464071253,2.852811107420232,0.0044015507328762915,227.19265565446014,1.293349654024567,10.600004196166992,-5.05000114440918,5.5500030517578125,-15.096538543701172,11.200024604797363,3,left,43.45873815714927,156.45145736573738
378.8424063444864,-1353.3621520996094,741.0565032958984,17.998611450195312,-1352.848204295654,743.0515500412748,-2.0601829679490775,2.8894627694750556,0.00660432292959609,151.41597566628354,1.286509236386535,9.95000171661377,-4.399998664855957,5.5500030517578125,-15.645050048828125,11.200024604797363,3,left,41.63228901796191,149.87624046466289
385.34882026743395,-1359.6953430175781,742.5457458496094,18.077804565429688,-1359.3216612393726,744.3666864950918,-1.858887545208917,2.939189083548412,0.008688816442624592,115.0904736684637,1.369350257459212,10.000001907348633,-4.850000381469727,5.150001525878906,-16.439163208007812,10.750022888183594,3,left,39.75063258667936,143.1022773120457
391.7585243791,-1366.0059814453125,743.6640777587891,18.175186157226562,-1365.7818375828012,745.253424452109,-1.6050742607956148,3.001487705002308,0.008845620414358352,113.0502953050963,1.940111071427486,10.000001907348633,-5.400002479553223,4.59999942779541,-17.380638122558594,10.200020790100098,3,left,39.3967327304589,141.82823782965204
398.0673286265696,-1372.2696075439453,744.4029541015625,18.323715209960938,-1372.1527295494986,745.7020735401077,-1.3043664290343062,3.0518671258315058,0.009447380637261776,105.84944530083415,2.781934189057189,10.000002384185791,-6.050004959106445,3.9499974250793457,-18.371232986450195,9.900019645690918,3,left,37.861440450179934,136.30118562064777
404.26345359496213,-1378.4507446289062,744.7852478027344,18.522109985351562,-1378.429227276113,745.7503114293103,-0.9653034754992992,3.1193000423485766,0.010662242208222483,93.78890297847693,3.3958043612150934,9.95000433921814,-6.450006484985352,3.499997854232788,-19.312707901000977,9.450017929077148,3,left,35.88393684577311,129.18217264478318
410.34508331403356,-1384.5283203125,744.7436676025391,18.740203857421875,-1384.5530043111182,745.3419754343253,-0.5988168011708694,-3.1003596848321666,0.009407355046527788,106.29980425466087,3.6774726002955616,9.95000433921814,-6.450006484985352,3.499997854232788,-20.106821060180664,9.450017929077148,3,left,34.18262319912727,123.05744351685817
416.30439801708303,-1390.4724731445312,744.3829956054688,18.964691162109375,-1390.4922784899366,744.5994801269076,-0.2173885915342486,-3.050360421300536,0.011523654869144195,86.778024103933,3.655432806818637,9.696995973587036,-5.896998405456543,3.799997568130493,-20.655332565307617,9.750019073486328,3,left,32.06545705732462,115.43564540636864
422.1368507150209,-1396.254409790039,743.6454772949219,19.171524047851562,-1396.2254339595179,743.4828572462765,0.16518135177986787,-2.9652620217812693,0.014767006727875065,67.7185308050508,3.316747647272189,9.447997570037842,-4.897998332977295,4.549999237060547,-20.860000610351562,10.55002212524414,3,left,29.848302512782393,107.45388904601661
427.8495869494132,-1401.8350830078125,742.4370727539062,19.348159790039062,-1401.6966989127827,741.9203659941539,0.5349168471182727,-2.8799143665201865,0.016901521201314107,59.16627196386614,3.28775962504928,9.447997808456421,-3.898998498916626,5.548999309539795,-20.624746322631836,11.950027465820312,3,left,27.503934834698903,99.01416540491606
433.44604461894664,-1407.1675567626953,740.7497253417969,19.542892456054688,-1406.8524163261438,739.9299879295351,0.8782271459089795,-2.774570989671725,0.021792697234023717,45.88693126240271,4.528075927261765,9.447997808456421,-2.899998426437378,6.547999382019043,-19.994266510009766,14.100035667419434,3,left,24.994968044379085,89.98188495976471
438.9266878342329,-1412.1554870605469,738.4990997314453,19.847335815429688,-1411.5860400113493,737.4626477129273,1.182583074684319,-2.6391951596148706,0.027693671250474894,36.10933310197549,6.273918536070444,9.546998620033264,-1.9999991655349731,7.546999454498291,-19.08148193359375,17.400020599365234,3,left,22.26558393688077,80.15610217277077
444.297462847694,-1416.649185180664,735.5816650390625,20.222137451171875,-1415.7602508006642,734.4524270100956,1.4371439934853731,-2.4747064492000614,0.031060481309992283,32.19525125897827,7.212661472991466,9.99599826335907,-1.4499996900558472,8.545998573303223,-17.99931526184082,18.000011444091797,3,left,21.024238037617508,75.68725693542304
449.56186670057065,-1420.5329895019531,732.0494537353516,20.613922119140625,-1419.324805423889,730.9503510133273,1.6333204094875047,-2.308952770858586,0.033419705535674527,29.92246592156625,7.608576319496763,9.950015187263489,-1.1999999284744263,8.750015258789062,-16.860687255859375,18.000011444091797,3,left,20.268567058418775,72.9668414103076
454.7141271723576,-1423.6787109375,727.9886779785156,21.014328002929688,-1422.179555539767,727.0566641916286,1.765252561391565,-2.127013736468561,0.03300745713847214,30.296184156350563,7.335860909816194,9.900015234947205,-1.149999976158142,8.750015258789062,-15.778519630432129,17.850013732910156,3,left,20.394746973169962,73.42108910341186
459.74424123289043,-1426.0437774658203,723.5628814697266,21.3619384765625,-1424.3591451573889,722.8476384169263,1.830179947215692,-1.97230205701689,0.033351121691506724,29.983999016580675,6.205845240528962,9.750014424324036,-1.1999999284744263,8.55001449584961,-14.865735054016113,17.550018310546875,3,left,20.289396677534086,73.0418280391227
464.65465362034246,-1427.6250305175781,718.9219360351562,21.632888793945312,-1425.84257496636,718.5134068216508,1.8286727182182685,-1.7960996594797005,0.03892685939786317,25.68920317406581,5.37352143612102,9.500012755393982,-1.3499997854232788,8.150012969970703,-14.235254287719727,17.00002670288086,3,left,18.780176624029217,67.60863584650518
469.4754085358748,-1428.2602233886719,714.1498718261719,21.885101318359375,-1426.495993282461,714.1088589684754,1.7647067524539788,-1.5940390273481961,0.03658973160063911,27.330072024429203,4.546902673859599,9.450010895729065,-1.699999451637268,7.750011444091797,-14.000000953674316,16.600032806396484,3,left,19.370674514474608,69.73442825210859
474.22037768442317,-1428.047119140625,709.4132537841797,22.068862915039062,-1426.4145599937096,709.6192302703533,1.6455016502676225,-1.445291609741963,0.030964251641239504,32.29530658729558,2.7708151912337886,9.800010204315186,-2.1499991416931152,7.65001106262207,-13.863449096679688,16.600032806396484,3,left,21.056881907870952,75.80477486833543
478.8630408408514,-1427.1875610351562,704.8515319824219,22.147445678710938,-1425.7590520071324,705.2430659978702,1.4811944262650232,-1.3032802546706295,0.036319147956000664,27.53368557025247,-0.08822007859232706,9.900009393692017,-2.399998903274536,7.5000104904174805,-13.485926628112793,16.450035095214844,3,left,19.442697977300448,69.99371271828161
483.4561822601011,-1425.6063079833984,700.5399932861328,22.062469482421875,-1424.4557521281981,701.110574670584,1.2842670642113971,-1.1104196288870845,0.043124649715609586,23.188594147305864,-2.82542541487536,9.6500084400177,-2.399998903274536,7.250009536743164,-12.915626525878906,15.950042724609375,3,left,17.842740751144365,64.23386670411972
488.0805982151782,-1423.2166442871094,696.5847778320312,21.886398315429688,-1422.3756800507902,697.2443421478902,1.0687590624282404,-0.9057050352155861,0.045320276914153634,22.065178504849285,-4.323610337763784,9.500009298324585,-2.099999189376831,7.400010108947754,-12.2007417678833,12.900031089782715,3,left,17.405162334733117,62.65858440503922
492.8184857619121,-1419.944107055664,693.1664123535156,21.656494140625,-1419.4062062731973,693.8236505061044,0.8492933774595154,-0.6858757517965731,0.04318885582891829,23.154121145539175,-5.838528837248447,9.600010991096497,-1.7999993562698364,7.80001163482666,-11.3894681930542,13.500033378601074,3,left,17.829472986733577,64.18610275224088
497.6967949429245,-1415.931625366211,690.4121246337891,21.3221435546875,-1415.6297012776636,690.9763965998825,0.6399695359656677,-0.4913071702788214,0.03848202564591763,25.986158036513995,-6.839508442993258,9.85001289844513,-1.5999995470046997,8.25001335144043,-10.530000686645508,15.650041580200195,3,left,18.888409657572865,67.99827476726232
502.7067361447712,-1411.3501892089844,688.4138641357422,20.980224609375,-1411.213779299856,688.8460528542814,0.4532049776216304,-0.30573003075436994,0.036232199797154196,27.599759484615767,-6.645852519757778,9.950014233589172,-1.399999737739563,8.55001449584961,-9.670533180236816,16.20003890991211,3,left,19.46601278869738,70.07764603931057
507.8590307627988,-1406.3316955566406,687.2958221435547,20.647293090820312,-1406.2949525923646,687.5922079156218,0.29865460201978933,-0.12334077930192248,0.03322966087967705,30.093596309061063,-6.24000381128671,9.950014233589172,-1.399999737739563,8.55001449584961,-8.859259605407715,16.20003890991211,3,left,20.32644368161718,73.17519725382185
513.1507030282121,-1401.0566101074219,687.0236968994141,20.329147338867188,-1401.0640265423199,687.2057896885259,0.18224375806351223,0.04070637895295604,0.027024853141697003,37.00297628841086,-5.8048995026240835,9.492999911308289,-1.7499994039535522,7.743000507354736,-8.144375801086426,16.20003890991211,3,left,22.539417303609294,81.14190229299346
518.5664170404319,-1395.6767120361328,687.5667572021484,20.026260375976562,-1395.6940590088732,687.6709173320183,0.10559474474502478,0.16502678346725233,0.020706418154769257,48.29420484632068,-5.193660486396046,9.393999099731445,-2.649998664855957,6.744000434875488,-7.574074745178223,13.950035095214844,3,left,25.208914311197294,90.75209152031026
524.1184825593542,-1390.2560729980469,688.7378845214844,19.7606201171875,-1390.2734429390619,688.8013400904257,0.06578999985204048,0.26718875677391113,0.0148947771751069,67.13762738735453,-4.397095359895076,9.393999099731445,-3.648998737335205,5.74500036239624,-7.196551322937012,12.550029754638672,3,left,27.679641484672846,99.64670934482224
529.9298377060364,-1384.707260131836,690.4492340087891,19.528656005859375,-1384.725414809749,690.5018207333516,0.0556323281046619,0.3324218416623339,0.00830604314241623,120.39426991335127,-3.8679856185121375,9.393999099731445,-4.647998809814453,4.746000289916992,-7.060000419616699,11.60002613067627,3,left,30.04893300931214,108.1761588335237
536.066019109519,-1378.9483032226562,692.5550689697266,19.29931640625,-1378.9712514774553,692.6152182288938,0.06437822439843324,0.3644761343618555,0.0009771264552830283,1023.4089913268659,-3.674000429138724,9.393999099731445,-5.646998882293701,3.747000217437744,-8.160501480102539,10.800023078918457,3,left,32.36293087875752,116.50655116352706
542.4754549212608,-1372.951400756836,694.8055267333984,19.068084716796875,-1372.9778775681355,694.8798297190408,0.07887937127009159,0.34230796620725906,-0.006029322763071443,165.85610677949217,-3.701266220189825,9.393999099731445,-6.645998954772949,2.748000144958496,-10.784775733947754,10.000020027160645,4,right,34.61519203978163,124.61469134321388
549.0110909179217,-1366.7461547851562,696.8421630859375,18.8199462890625,-1366.770117085204,696.9237194207857,0.08500369155193449,0.2857708986245725,-0.011787175924790394,84.83796342572893,-3.98851547708452,9.393999099731445,-7.644999027252197,1.749000072479248,-13.916973114013672,8.200013160705566,4,right,33.192021684083144,119.49127806269932
555.6408365538248,-1360.3135070800781,698.4225616455078,18.542617797851562,-1360.3263332834424,698.4905241930996,0.06916226838318218,0.1865306792168837,-0.014518032987342722,68.87985451416397,-3.8895275447216715,8.894997715950012,-8.144997596740723,0.7500001192092896,-16.54124641418457,7.5000104904174805,4,right,30.751794669252334,110.70646080930841
562.3158983017286,-1353.7169647216797,699.414794921875,18.302719116210938,-1353.7187922487342,699.4344630270152,0.019752828023846813,0.09265227188866261,-0.013453690359429726,74.3290482599146,-3.0870735434670227,7.245998479425907,-7.145998477935791,0.10000000149011612,-17.641748428344727,6.700007438659668,4,right,31.945055103494937,115.00219837258177
568.9606505964848,-1347.0856170654297,699.8001708984375,18.131118774414062,-1347.0850945001564,699.7285202577887,-0.07165254622027292,0.007293110062646104,-0.01279878584717653,78.1324113037335,-2.243093161893972,7.245998382568359,-6.146998405456543,1.0989999771118164,-15.000039100646973,8.55001449584961,4,right,32.75216169715308,117.90778210975108
575.5440558074441,-1340.5068817138672,699.5863800048828,18.005584716796875,-1340.522926035494,699.3774923424583,-0.20950292544413898,-0.07665786172470558,-0.012782716218443346,78.23063446853067,-1.5557211554218187,7.245998382568359,-5.147998332977295,2.0980000495910645,-14.400036811828613,10.750022888183594,4,right,32.772742212319415,117.98187196434989
582.05038763821,-1334.0441436767578,698.8385925292969,17.92694091796875,-1334.106910241953,698.4497155044199,-0.39390986555752927,-0.16002456259266307,-0.012329590036206428,81.10569751820233,-1.2077868454777319,7.245998382568359,-4.148998260498047,3.0970001220703125,-20.799968719482422,12.400029182434082,4,right,33.36952597795825,120.13029352064969
588.4770277733445,-1327.7388153076172,697.5982208251953,17.849380493164062,-1327.88406810082,696.9947236884891,-0.6207311559329198,-0.2361927057598873,-0.012189204442072221,82.0398086480856,-1.292050471994033,7.245998382568359,-3.149998188018799,4.0960001945495605,-20.799968719482422,13.500033378601074,4,right,33.56113772312029,120.82009580323304
594.8247103881847,-1321.6246948242188,695.8944091796875,17.76202392578125,-1321.8985345232145,695.0559592365959,-0.8820354232208377,-0.31568046199609373,-0.011495957732660267,86.9870978351789,-1.3810759421395646,7.394999265670776,-2.2999989986419678,5.095000267028809,-14.453887939453125,14.20003604888916,4,right,34.55825273620615,124.40970985034214
601.0905464737167,-1315.7305145263672,693.7703094482422,17.675186157226562,-1316.1648004034575,692.6872896116084,-1.1668488289330643,-0.38136410994351305,-0.008706385250236592,114.85823005280238,-1.3128615087680595,8.043999552726746,-1.949999213218689,6.094000339508057,-9.400017738342285,14.50003719329834,4,right,36.62984165479203,131.86742995725132
607.2659522485263,-1310.046615600586,691.3572082519531,17.598556518554688,-1310.648543645139,690.0248054598093,-1.462058333765118,-0.42431767572524715,-0.0073737779669610926,135.61569177707742,-1.0939777761027836,9.042999625205994,-1.949999213218689,7.093000411987305,-9.750019073486328,14.50003719329834,4,right,38.56279817330202,138.82607342388727
613.3426663098955,-1304.5588073730469,688.7481689453125,17.540863037109375,-1305.3555482179618,687.1859747185736,-1.7536381542416655,-0.471626636657383,-0.007932353610965948,126.06598861371573,-0.7324638523266147,10.00001049041748,-2.2499990463256836,7.750011444091797,-9.750019073486328,14.250036239624023,4,right,37.821940568739606,136.15898604746258
619.3184826731068,-1299.2972564697266,685.9152374267578,17.509841918945312,-1300.3043045180407,684.15595568883,-2.0271206192577593,-0.5198931779086378,-0.008676619603412317,115.25225787318402,-0.2792350391765286,9.896996259689331,-2.7999985218048096,7.0969977378845215,-10.300021171569824,13.75003433227539,4,right,35.91451814368926,129.29226531728133
625.1865219665725,-1294.2754669189453,682.8795318603516,17.507278442382812,-1295.5079581896896,680.9745986615326,-2.2688775252145117,-0.5742631773334663,-0.00975471687190621,102.51450791770502,-0.0017070777815542115,9.797995328903198,-3.699997663497925,6.097997665405273,-11.250024795532227,13.75003433227539,4,right,33.937334535934724,122.174404329365
630.9446057904502,-1289.5276794433594,679.6216125488281,17.509552001953125,-1290.9873335971708,677.6330408839996,-2.466780799928941,-0.6331961292218606,-0.00944272132240076,105.90167451280406,0.004554021764824334,9.797995567321777,-4.698997974395752,5.098997592926025,-12.550029754638672,17.850013732910156,4,right,31.87821583540265,114.76157700744955
636.5934085417779,-1285.0467987060547,676.1820373535156,17.50787353515625,-1286.692831601639,674.1554474978673,-2.6108410017391073,-0.6821467083961175,-0.01266658410169641,78.94788302602215,-0.01957933895762043,9.797995567321777,-5.697998046875,4.099997520446777,-14.20003604888916,21.44995880126953,4,right,29.719869603438326,106.99153057237798
642.1365889712376,-1280.8824462890625,672.5234832763672,17.507339477539062,-1282.765585810395,670.5973924395936,-2.693703838269346,-0.7741230523431727,-0.01823750008392816,54.832076512572705,0.014669121009003305,10.796995639801025,-6.696998119354248,4.099997520446777,-16.400035858154297,23.799922943115234,4,right,27.43732086747592,98.7743551229133
647.6172994204109,-1277.152359008789,668.5079345703125,17.50946044921875,-1279.2469900498716,666.7868729313711,-2.7110020957759673,-0.8829905762460838,-0.019730251219774064,50.68359185400434,0.0033217124058682046,11.392998218536377,-7.695998191833496,3.697000026702881,-19.499988555908203,25.29990005493164,4,right,26.378983006876897,94.96433882475684
653.1399774784282,-1273.8501892089844,664.0812377929688,17.507675170898438,-1276.0770917189486,662.6235623344749,-2.6615620472159307,-0.9912114227596813,-0.018232870878880425,54.845998013309256,-0.030995859531279812,11.392997741699219,-8.694997787475586,2.697999954223633,-23.360002517700195,25.29990005493164,4,right,27.440803723362528,98.7868934041051
658.6966321424727,-1271.0071563720703,659.3069763183594,17.506027221679688,-1273.2597758064126,658.1173204004741,-2.5474645275127066,-1.0849057244173532,-0.01643608543546088,60.84173776819744,-0.05656104588385169,10.84199869632721,-9.142998695373535,1.6990000009536743,-22.235763549804688,22.3850154876709,4,right,28.901817914420032,104.04654449191212
664.2124782323745,-1268.6265106201172,654.3313293457031,17.501434326171875,-1270.8153218899727,653.4121992235689,-2.3739618692094666,-1.1732345960161257,-0.015244085544425079,65.59921204100763,-0.034071184803008414,8.843999207019806,-8.143999099731445,0.7000001072883606,-19.554882049560547,27.899860382080078,4,right,30.010530116389585,108.0379084190025
669.6643083104104,-1266.6916961669922,649.234375,17.502227783203125,-1268.7327867793483,648.5611480452146,-2.1492522933564198,-1.2521958762735388,-0.014852992369020046,67.32650062392625,0.02538632042872191,8.244999527931213,-7.1449995040893555,1.100000023841858,-16.355121612548828,28.19985580444336,4,right,30.403065606630474,109.4510361838697
675.0704485380617,-1265.189697265625,644.0410766601562,17.504180908203125,-1267.0214427865903,643.5999521541703,-1.8841131822048394,-1.334474318471267,-0.017109249196908483,58.44791834469819,0.04119595752860583,8.245998620986938,-6.145999431610107,2.099999189376831,-13.674241065979004,28.19985580444336,4,right,28.32754118890392,101.9791482800541
680.4494678207199,-1264.168716430664,638.7598419189453,17.506668090820312,-1265.74580654128,638.5469540393481,-1.5913938752810635,-1.4366196084177385,-0.01947647720204515,51.343987397012114,0.05242954505346731,8.245998620986938,-5.146999359130859,3.098999261856079,-12.55000114440918,28.149856567382812,4,right,26.550282853666026,95.5810182731977
685.8367580010664,-1263.704818725586,633.3925628662109,17.50982666015625,-1264.9897321994385,633.3583450297454,-1.2853690114593865,-1.5441721597068778,-0.019671957577365673,50.83378184744504,0.0014724962396961416,8.24599838256836,-4.147999286651611,4.097999095916748,-12.567601203918457,22.763566970825195,4,right,26.418038334742903,95.10493800507446
691.2831850196285,-1263.8164520263672,627.9472808837891,17.506759643554688,-1264.7944610826537,628.0246151394048,-0.9810618233679831,-1.649705287814785,-0.016759712725987252,59.666893839380755,-0.051230418579994996,8.24599838256836,-3.1489992141723633,5.096999168395996,-12.61712646484375,17.318140029907227,4,right,28.621413002469822,103.03708680889136
696.8144670138233,-1264.4549255371094,622.4529724121094,17.50421142578125,-1265.139385348394,622.5612622425489,-0.6929732466988215,-1.727707841165587,-0.011661713518822836,85.7506916445794,-0.039597262546231526,8.24599838256836,-2.1499991416931152,6.095999240875244,-12.69366455078125,15.471867561340332,4,right,30.811837238665902,110.92261405919724
702.4562809188214,-1265.4744262695312,616.9040374755859,17.502349853515625,-1265.8995372099112,616.994051986054,-0.4345364469472842,-1.77945786549597,-0.009583407855575876,104.34701466015285,-0.02846873197115407,8.244999289512634,-1.149999976158142,7.094999313354492,-12.792305946350098,21.112680435180664,4,right,32.89612166224946,118.42603798409807
708.2944755241622,-1266.8267517089844,611.2246246337891,17.500961303710938,-1267.035964446734,611.2818717837239,-0.2169036786508893,-1.8378896080239893,-0.009805134869984466,101.9873783746928,0.061845699721119196,8.543998956680298,-0.4500000476837158,8.093998908996582,-12.908137321472168,26.949874877929688,4,right,34.922232676635005,125.72003763588602
714.2350556803938,-1268.5417938232422,605.5370025634766,17.509811401367188,-1268.5872889297493,605.5522870645578,-0.04799396513525467,-1.8949083261019481,-0.008147697054696701,122.73406746554903,0.34135062558657836,9.242998510599136,-0.15000000596046448,9.092998504638672,-13.036247253417969,26.949874877929688,4,right,36.86976528342558,132.7311550203321
720.2470577788916,-1270.5650329589844,599.8757629394531,17.542037963867188,-1270.5012365729444,599.8514382267258,0.06827642727203082,-1.9350671900860128,-0.005117876022953383,195.39355691991304,0.7510934585625684,9.900019265711308,-0.10000000149011612,9.800019264221191,-13.171725273132324,26.24988555908203,4,right,38.741164579359975,139.4681924856959
726.2194121594066,-1272.75537109375,594.3198547363281,17.599655151367188,-1272.632594222669,594.2700213661698,0.13250481068167452,-1.95636622041223,-0.003120261192259388,320.485990878186,1.2022012129296433,9.950018882751465,-0.25,9.700018882751465,-13.309659004211426,25.29990005493164,4,right,40.514724814204044,145.85300933113456
732.0787085154376,-1274.9938354492188,588.9056549072266,17.683746337890625,-1274.8558501317614,588.8471059447158,0.14989305802766667,-1.972084925992323,-0.004264908050445493,234.4716435083623,1.7061775711620486,9.950017988681793,-0.5000000596046448,9.450017929077148,-13.445137023925781,24.49991226196289,4,right,40.56251412704741,146.02505085737067
737.8235290198295,-1277.3166046142578,583.6525726318359,17.797027587890625,-1277.1987983436018,583.5978723584052,0.12988624761405948,-2.005498000205355,-0.005274896305608678,189.5771863679524,2.2817214664942354,10.000016748905182,-0.9000001549720764,9.100016593933105,-13.573246955871582,24.149917602539062,4,right,38.860104049119236,139.89637457682926
743.4518585888245,-1279.7497863769531,578.5794525146484,17.942535400390625,-1279.6733629953296,578.5414547594897,0.08534847775955683,-2.0322019505783593,-0.0016327127737052471,612.4775993089214,2.8913768592180755,10.000014185905457,-1.4499996900558472,8.55001449584961,-13.689078330993652,23.649925231933594,4,right,37.11656701670683,133.6196412601446
749.0077399686893,-1282.2255096435547,573.6088256835938,18.119964599609375,-1282.197332380497,573.5950958034758,0.03134434177763298,-2.0242065977797425,0.004532458864190125,220.63079444598188,3.412383550473219,10.050011396408081,-2.099999189376831,7.95001220703125,-13.7877197265625,22.999935150146484,5,left,35.31113910913165,127.12010079287396
754.470921888867,-1284.5307159423828,568.6597747802734,18.318145751953125,-1284.5456871151152,568.6663178996337,-0.016338556360573686,-1.9828272242344398,0.008484873951993932,117.85678911175829,3.758381110292164,10.000009059906006,-2.5499987602233887,7.450010299682617,-13.8642578125,22.44994354248047,5,left,33.44092274502038,120.38732188207337
759.7932983764986,-1286.5587463378906,563.7432708740234,18.52496337890625,-1286.5987172116547,563.7584141859234,-0.04274331111131807,-1.932945637807378,0.012345779013988145,80.99934389453833,3.9201697197893237,9.850008010864258,-2.649998664855957,7.200009346008301,-13.913783073425293,22.199947357177734,5,left,31.51234795949969,113.44445265419888
764.9661931694355,-1288.2312622070312,558.8524932861328,18.729476928710938,-1288.265036188628,558.8623272134354,-0.03517652568244256,-1.8541314754629155,0.01575765001014451,63.46123942061265,3.8805177760715015,9.950008392333984,-2.649998664855957,7.300009727478027,-13.93138313293457,22.199947357177734,5,left,29.51743601652778,106.26276965950001
769.9885028903989,-1289.4656677246094,553.9880065917969,18.920806884765625,-1289.4503290834218,553.9848709110612,0.015655874525361657,-1.772447995601456,0.017962485271103723,55.671583575837445,4.055778856428494,10.050010919570923,-2.1999990940093994,7.850011825561523,-13.737462043762207,17.182283401489258,5,left,27.64656269961206,99.52762571860342
774.8560417885932,-1290.243179321289,549.1875152587891,19.129837036132812,-1290.128893750854,549.1753315437148,0.114933174160642,-1.677002827766405,0.020110060541221886,49.72635452539717,4.932265546617565,9.8300119638443,-1.9800001382827759,7.850011825561523,-13.436138153076172,12.320235252380371,5,left,26.128691824296915,94.0632905674689
779.5541764311099,-1290.5542602539062,544.5069427490234,19.390487670898438,-1290.2907951713048,544.5044523057921,0.2634768529827475,-1.5802486953398387,0.02242657682384641,44.58995270899702,5.936526133040099,9.948001861572266,-2.4499988555908203,7.498003005981445,-13.045312881469727,11.500025749206543,5,left,24.742459126512866,89.07285285544631
784.0742408185699,-1290.3765258789062,539.9993896484375,19.67572021484375,-1289.9208517457096,540.0450570558004,0.457956796826685,-1.470910409720491,0.022821984766922654,43.81739845209972,6.028145856614264,9.948001861572266,-3.4489989280700684,6.499002933502197,-12.582886695861816,11.500025749206543,5,left,24.527181793724225,88.29785445740721
788.4098183573537,-1289.7749481201172,535.7130126953125,19.925338745117188,-1289.0963552756998,535.8457341959328,0.6914501032043862,-1.3776510751849533,0.023132282884954614,43.22962869567908,5.32671123194115,9.948001861572266,-4.447999000549316,5.500002861022949,-12.06675910949707,10.500021934509277,5,left,24.36212169635218,87.70363810686784
792.5578029848303,-1288.8033599853516,531.6855773925781,20.129196166992188,-1287.8904472160261,531.9635140148915,0.9542842817633501,-1.275261649693614,0.024878312639260214,40.19565211275262,4.634391450694775,9.95000171661377,-5.100001335144043,4.850000381469727,-11.514829635620117,9.900019645690918,5,left,23.49167019409509,84.57001269874232
796.5148218064775,-1287.4965057373047,527.95458984375,20.302001953125,-1286.3565243896478,528.4294756959777,1.2349388833669832,-1.176084719691098,0.026280161821853776,38.05151607432001,4.2411059342755575,9.80000114440918,-5.100001335144043,4.699999809265137,-10.945000648498535,9.900019645690918,5,left,22.856532111287628,82.28351560063547
800.28176352992,-1285.9017181396484,524.5454254150391,20.457244873046875,-1284.5655444559945,525.2720358709126,1.5209611656693824,-1.0727261094091483,0.026952841135645,37.101840023740756,4.041564332887537,10.000001907348633,-5.000000953674316,5.000000953674316,-10.375171661376953,11.410000801086426,5,left,22.56950737735195,81.25022655846702
803.8587348603388,-1284.0716400146484,521.475341796875,20.599105834960938,-1282.5789653101726,522.4809018319322,1.7997857532178927,-0.9779655900012516,0.025503249598469058,39.210689451121134,3.9428060897993333,10.200002670288086,-4.499999046325684,5.700003623962402,-9.8232421875,11.55738353729248,5,left,23.20206264081217,83.5274255069238
807.24565052822,-1282.0838775634766,518.7362976074219,20.731903076171875,-1280.4772585994135,520.0250132393808,2.0596146425343766,-0.8947585731316663,0.022960104310967067,43.553809096692234,3.5968041303599207,10.34700345993042,-3.6479997634887695,6.69900369644165,-9.307114601135254,11.945938110351562,5,left,21.468079906750646,77.28508766430232
810.4421250667253,-1280.0181732177734,516.2992401123047,20.83709716796875,-1278.3345431238993,517.8507475751728,2.2894946386340513,-0.8262153609715571,0.028325862947127467,35.30342577264395,2.963379493782625,10.34700345993042,-2.6489996910095215,7.698003768920898,-8.844688415527344,12.495274543762207,5,left,19.637880690220918,70.69637048479531
813.4571994469246,-1277.8957214355469,514.1592712402344,20.917129516601562,-1276.2580901377416,516.0217837874163,2.480078477782857,-0.7212372059007187,0.040148631353929654,24.907449302182062,2.4608522027696367,10.100013613700867,-1.6499994993209839,8.450014114379883,-8.453863143920898,13.125000953674316,5,left,17.739326029868117,63.861573707525224
816.3198805276301,-1275.6575622558594,512.3756408691406,20.982315063476562,-1274.193835469195,514.5531969645082,2.6237847957619453,-0.5918152388422678,0.05551508403046301,18.013122333585336,2.154074789543614,9.950015187263489,-1.1999999284744263,8.750015258789062,-8.152539253234863,13.754727363586426,5,left,15.726021130143392,56.61367606851621
819.0577894984445,-1273.2899475097656,511.0018005371094,21.038070678710938,-1272.2006763880913,513.4886839524369,2.714977108180569,-0.4128354974756912,0.0712564266331217,14.033821891584665,1.3860248831821131,9.900015234947205,-1.149999976158142,8.750015258789062,-7.958618640899658,14.30406379699707,5,left,13.880730933000331,49.97063135880119
821.7099508778139,-1270.7861022949219,510.12754821777344,21.058120727539062,-1270.2162332707003,512.8179346871477,2.750078191499211,-0.2087316099350067,0.08206192212518881,12.185919779876215,-0.17217743947059994,9.950014233589172,-1.399999737739563,8.55001449584961,-7.890000343322754,14.692618370056152,5,left,12.934615196945455,46.564614709003635
824.372226761731,-1268.142822265625,509.8114471435547,21.028732299804688,-1268.206591052426,512.5383390638581,2.727637439834281,0.023380892298757207,0.08353090024064103,11.97161765429485,-1.7362410961412778,9.950012803077698,-1.699999451637268,8.25001335144043,-7.924595832824707,14.840001106262207,5,left,12.820376358644344,46.15335489111964
827.1069952579707,-1265.4261932373047,510.1190643310547,20.963485717773438,-1266.059705015545,512.6905368584787,2.64835951722296,0.24155125306360717,0.07281700062934982,13.733056722428874,-3.0183074756614303,9.843998908996582,-2.1499991416931152,7.693999767303467,-8.025440216064453,14.580524444580078,5,left,13.731183233422017,49.432259640319266
829.9352781405871,-1262.7417755126953,511.0035400390625,20.859619140625,-1263.7837070565988,513.2926639621286,2.5150963554771706,0.4271417200270425,0.06268377925351243,15.953090447142527,-4.114705380646555,9.39499831199646,-2.699998617172241,6.694999694824219,-8.188114166259766,13.931833267211914,5,left,14.799490673900179,53.27816642604064
832.9376356575705,-1260.114013671875,512.4492492675781,20.72198486328125,-1261.442708136369,514.366672791417,2.3327970228349666,0.6059843119743344,0.05209234175207522,19.196679710797657,-4.899610261587606,9.345997333526611,-3.6499977111816406,5.695999622344971,-8.408203125,13.08853530883789,5,left,16.234443837725127,58.44399781581046
836.1838161834214,-1257.5691375732422,514.4573211669922,20.551864624023438,-1259.0045314830586,516.0016691488936,2.1084037482278086,0.7488495098706325,0.03959732850211983,25.254228955028246,-5.775442228852512,9.345997333526611,-4.648997783660889,4.696999549865723,-8.681290626525879,12.24523639678955,5,left,18.437980955881752,66.37673144117431
839.6804832408079,-1255.1455535888672,516.968017578125,20.32977294921875,-1256.5608973878254,518.1604097112121,1.8506747602691584,0.8706870161991804,0.033271249973323536,30.055979285472812,-6.512896256846723,9.345997333526611,-5.647997856140137,3.6979994773864746,-9.002959251403809,11.596545219421387,5,left,20.313735672294122,73.12944842025884
843.4702016352753,-1252.8589477539062,519.9795227050781,20.076324462890625,-1254.171797445987,520.8405613913237,1.5700197238276863,0.9903163044589425,0.030572956504676507,32.70864562434574,-6.578504263279461,9.345997333526611,-6.646997928619385,2.6989994049072266,-9.368793487548828,11.337068557739258,5,left,21.19120420025219,76.28833512090789
847.5710229001218,-1250.8042449951172,523.5185546875,19.8114013671875,-1251.9494385795467,524.0852491917985,1.277736673583652,1.1112803843028234,0.02545134455162612,39.29065507606389,-6.306616847826874,9.3459974527359,-7.645998001098633,1.699999451637268,-9.774374961853027,11.299751281738281,5,left,23.22570954012718,83.61255434445785
852.0087283556193,-1249.0088348388672,527.5676879882812,19.538909912109375,-1249.929451596972,527.9205326769548,0.9859181455013923,1.2047951224139644,0.017276837382231514,57.880963852125916,-5.941291179228458,9.694997668266296,-8.644997596740723,1.0500000715255737,-10.215290069580078,11.240264892578125,5,left,25.374775698215064,91.34919251357424
856.8044871625881,-1247.4327850341797,532.0887451171875,19.264297485351562,-1248.1072046683355,532.2994523707632,0.706568743749935,1.2679774916039772,0.010672953467420032,93.69477746273071,-5.496148140193968,9.950016915798187,-9.150016784667969,0.8000001311302185,-10.687119483947754,11.160826683044434,5,left,27.50912628901892,99.03285464046812
861.9735727644554,-1245.9847412109375,537.0434417724609,18.993011474609375,-1246.420208903748,537.1600260884359,0.450803742456922,1.30920885091566,0.008259532663565605,121.07222535860815,-4.999444732691294,9.950016915798187,-9.150016784667969,0.8000001311302185,-11.18544864654541,11.063653945922852,5,left,29.638006362562866,106.69682290522631
867.3650748044174,-1244.7000427246094,542.2734069824219,18.737457275390625,-1244.9227488172085,542.3221489150352,0.22797758590624545,1.3553316080739222,0.008794218683976673,113.71106813866587,-4.481924020447692,9.950016140937805,-8.950016021728516,1.0000001192092896,-11.705860137939453,10.95096206665039,5,left,31.70655448798846,114.14359615675845
872.8009876480332,-1243.6533660888672,547.6026611328125,18.507965087890625,-1243.6975825423417,547.6100850309747,0.04483535459639479,1.4044488660042203,0.008399646800837823,119.05262491516369,-3.9706848462965905,9.893998742103577,-8.393999099731445,1.4999996423721313,-12.243937492370605,10.824969291687012,5,left,33.66370485776349,121.18933748794858
878.1341121947287,-1242.8724212646484,552.8745574951172,18.309341430664062,-1242.7779688181922,552.8627006606737,-0.09519374540674774,1.4459172391921888,0.006750768771078497,148.13127717900502,-3.488736923056912,9.594998598098755,-7.3949995040893555,2.1999990940093994,-12.79526424407959,10.687891960144043,5,left,35.47908159404146,127.72469373854926
883.325395222167,-1242.2908020019531,558.0303802490234,18.14013671875,-1242.099236189194,558.012124085719,-0.19243374994176998,1.4757835759097062,0.00746194400576905,134.0133347592625,-3.0366828587277794,9.495997667312622,-6.395999431610107,3.0999982357025146,-13.355423927307129,10.541947364807129,5,left,37.161096060788076,133.77994581883706
888.3659782085754,-1241.9108428955078,563.0546112060547,17.997970581054688,-1241.6601258127457,563.0423069221137,-0.25101882597130515,1.5217593014431718,0.00771048411449915,129.6935426038365,-2.6228613364456033,9.495997905731201,-5.396999359130859,4.098998546600342,-13.920000076293945,10.389351844787598,5,left,35.650697637875815,128.34251149635293
893.2496601324045,-1241.7460327148438,567.9340667724609,17.879226684570312,-1241.467575676312,567.9290383792145,-0.2785024363385527,1.5527402316624432,0.0028947807566555017,345.44930482243313,-2.2864365743029635,9.495997905731201,-4.397999286651611,5.09799861907959,-14.484577178955078,10.232322692871094,5,left,34.000442639108066,122.40159350078903
897.9657656527628,-1241.6678466796875,572.6484375,17.777999877929688,-1241.3828872717543,572.6427057259331,-0.2850170475665579,1.5506846859990517,-0.0036038187569525926,277.4834328365628,-1.96442406187185,9.495997667312622,-3.398998975753784,6.096998691558838,-15.044736862182617,10.073077201843262,5,left,32.32695514230108,116.37703851228389
902.5071100465689,-1241.5227813720703,577.1867370605469,17.696746826171875,-1241.2410801924982,577.1725466303271,-0.28205836786408023,1.5204648176043114,-0.009687543820917965,103.22533951699252,-1.6059960383423721,9.495997667312622,-2.399998903274536,7.095998764038086,-15.596063613891602,9.91383171081543,6,right,30.629187530417816,110.26507510950414
906.8678550577706,-1241.2084350585938,581.5356903076172,17.634384155273438,-1240.9289252338212,581.5061550897735,-0.28106595531553474,1.4655190926087913,-0.013923189708220485,71.8226226142407,-1.2692982780406314,9.544998049736023,-1.4499996900558472,8.094998359680176,-16.05000114440918,9.756802558898926,6,right,28.905238428694176,104.05885834329904
911.0575447429811,-1240.655776977539,585.6885070800781,17.587677001953125,-1240.3680215323425,585.6394267167409,-0.29191107944994954,1.4018592661482925,-0.014530218012685947,68.82209194156114,-0.9733750898005322,9.893998086452484,-0.8000001311302185,9.093997955322266,-16.205047607421875,9.604207038879395,6,right,27.14598386089794,97.72554189923258
915.0582752815133,-1239.8901062011719,589.6151428222656,17.55413818359375,-1239.5765764372175,589.5435382562985,-0.3216024358624754,1.3462651544547541,-0.013101652531254393,76.3262495028371,-0.7171333305924232,9.908262491226196,-0.4500000476837158,9.45826244354248,-16.633705139160156,9.45826244354248,6,right,25.352384618620405,91.26858462703346
918.8480187116598,-1238.971420288086,593.2917785644531,17.53131103515625,-1238.6117388294392,593.1917180075178,-0.37334014885692146,1.2994648316916269,-0.012489848161120198,80.06502457835414,-0.5028178839778796,9.62118512392044,-0.30000001192092896,9.321185111999512,-17.281251907348633,9.321185111999512,6,right,23.52760412936829,84.69937486572584
922.4080303233306,-1237.9583587646484,596.7045745849609,17.516738891601562,-1237.5344200320521,596.5658405238229,-0.4460618664660413,1.2545304912558946,-0.016753031244857164,59.69069032250384,-0.32820475587458375,9.142000019550323,-0.30000001192092896,8.842000007629395,-18.09296417236328,9.195192337036133,6,right,21.67394438436272,78.02619978370579
925.7237405072369,-1236.851089477539,599.8299255371094,17.50836181640625,-1236.3555970350008,599.6293882357753,-0.5345352839980171,1.1862248437320613,-0.026753803782078478,37.377862532948235,-0.18672940831998552,8.34300047159195,-0.5000000596046448,7.843000411987305,-19.014122009277344,9.082501411437988,6,right,19.791953994399783,71.25103437983923
928.7962404984993,-1235.590591430664,602.6319580078125,17.504501342773438,-1235.0330731824795,602.3386600752071,-0.6299605339458794,1.0865048382981697,-0.04114792894230157,24.302559708465996,-0.0726359834226642,7.844000458717346,-1.0000001192092896,6.844000339508057,-19.990001678466797,8.98532772064209,6,right,17.87196704400739,64.33908135842661
931.6938062275073,-1234.1112976074219,605.1234588623047,17.50384521484375,-1233.5275429626004,604.7002683126271,-0.721012986489904,0.9435235813636189,-0.05465267407219665,18.29736635903655,0.021536009299039094,7.644999623298645,-1.7999993562698364,5.845000267028809,-20.96588134765625,8.905889511108398,6,right,15.849612453520244,57.05860483267288
934.495806011577,-1232.3214111328125,607.2792663574219,17.505645751953125,-1231.7644831831267,606.7117774143254,-0.7951178791084695,0.776006021621428,-0.05857580919485761,17.071893905441605,0.08713731800562563,7.6449995040893555,-2.798999309539795,4.8460001945495605,-21.887039184570312,8.846403121948242,6,right,15.309648059799365,55.114733015277714
937.1935276222081,-1230.2853393554688,609.0490417480469,17.508590698242188,-1229.796601456695,608.3660743756914,-0.8398268663241755,0.6211254583124187,-0.05754635936601682,17.377293907328145,0.041672879986176525,7.6449995040893555,-3.797999382019043,3.8470001220703125,-22.69875144958496,8.809085845947266,6,right,15.445978603339425,55.60552297202193
939.7791942242662,-1228.1038360595703,610.4371032714844,17.50799560546875,-1227.7200462520498,609.6852807542705,-0.8441159361998051,0.4719958345516855,-0.06658298686689545,15.018851617442117,-0.079238639372603,7.6449995040893555,-4.796999454498291,2.8480000495910645,-23.346298217773438,8.796154022216797,6,right,14.359612449501004,51.694604818203615
942.3445432333988,-1225.7404022216797,611.4346923828125,17.504531860351562,-1225.5206050901318,610.6660319652042,-0.7994683337284515,0.27851598866421895,-0.07695842929728203,12.99402819328743,-0.1276132249894424,7.644999623298645,-5.795999526977539,1.849000096321106,-23.77495574951172,8.523846626281738,6,right,13.356610393897961,48.08379741803266
944.9628070707502,-1223.169418334961,611.9300079345703,17.501388549804688,-1223.1183801001687,611.231219259134,-0.7006500655311283,0.07290869222028742,-0.07222234933505911,13.84612947663511,0.40283317262805873,7.644999742507935,-6.794999599456787,0.8500001430511475,-23.930002212524414,8.320770263671875,6,right,13.7875960154358,49.635345655568884
947.5942692720033,-1220.538101196289,611.9429168701172,17.52581787109375,-1220.5928761694063,611.3995362474451,-0.5461344145679461,-0.10046468837352533,-0.06383404654291391,15.665621312722621,0.11545791893250446,8.543999791145325,-7.793999671936035,0.7500001192092896,-22.673751831054688,8.193846702575684,6,right,14.665543677101637,52.795957237565894
950.1944416386527,-1217.9733428955078,611.5156097412109,17.5079345703125,-1218.0606653276468,611.1889025288415,-0.3381757084251362,-0.2611752852257053,-0.060323927316568327,16.57717002993179,-0.4490810909997922,9.74299943447113,-8.792999267578125,0.9500001668930054,-20.07464027404785,8.15000057220459,6,right,15.086189255860566,54.31028132109804
952.7655920639386,-1215.5295104980469,610.7165679931641,17.502456665039062,-1215.562612280456,610.6409262200208,-0.08256758348722153,-0.4125048301909376,-0.06280182290826097,15.923104675811244,-0.043892066174056055,9.695996880531311,-7.795997619628906,1.8999992609024048,-17.50449562072754,8.453411102294922,6,right,14.785575411753918,53.22807148231411
955.2944623394458,-1213.2805938720703,609.5600433349609,17.50555419921875,-1213.1642904910236,609.7371213146342,0.21185628932854658,-0.581135027980731,-0.06817009075751268,14.669189799924023,0.1194614261790683,9.695996761322021,-6.796997547149658,2.8989992141723633,-15.89000129699707,9.321788787841797,6,right,14.191471178563372,51.08929624282814
957.7968115416942,-1211.2872772216797,608.0472869873047,17.508468627929688,-1210.9212335021423,608.4359742655191,0.5339155409410872,-0.7554050024347913,-0.06307518532468737,15.854095312639599,0.1071019017139907,9.695996761322021,-5.79799747467041,3.8979992866516113,-15.55742359161377,10.692359924316406,6,right,14.753500917300135,53.11260330228049
960.3461980118589,-1209.5372161865234,606.1934661865234,17.510955810546875,-1208.8554924008474,606.7353932579849,0.8708801701377848,-0.8991505634617342,-0.04941652361034987,20.23614627133663,0.22516849659295346,9.695996761322021,-4.798997402191162,4.896999359130859,-14.680627822875977,12.502349853515625,6,right,16.663374427261513,59.988147938141445
962.9886774027177,-1207.9920349121094,604.0498657226562,17.520401000976562,-1206.9675213823334,604.6923957705876,1.209327430925425,-1.0106479629313465,-0.03732793946561119,26.78958480741381,0.5706741856871034,9.6959969997406,-3.799997568130493,5.895999431610107,-13.441020965576172,14.688987731933594,6,right,18.43532849035219,66.3671825652679
965.7949273094958,-1206.5935363769531,601.6170196533203,17.542770385742188,-1205.2240324939255,602.3125073165547,1.5359830647956534,-1.100897096803023,-0.0253413282820516,39.461230637553676,1.0153102540283232,9.944997787475586,-3.0499982833862305,6.8949995040893555,-12.020007133483887,17.189498901367188,6,right,20.1471864562555,72.5298712425198
968.8700465660964,-1205.2741394042969,598.839599609375,17.581344604492188,-1203.5916636326374,599.580777002313,1.8384963013353732,-1.1558473253156543,-0.013974601888105842,71.5583891410264,1.4747816528076996,10.050009489059448,-2.4999988079071045,7.550010681152344,-10.598993301391602,19.94110679626465,6,right,21.869728071508035,78.73102105742893
972.3366944858891,-1203.9217681884766,595.6481781005859,17.641082763671875,-1201.9672543518907,596.432746892664,2.106103636317103,-1.1890717661526495,-0.010888454267520609,91.84040043065804,1.951925361324225,10.000011444091797,-2.049999237060547,7.95001220703125,-9.359386444091797,22.881032943725586,6,right,23.661696741696897,85.18210827010883
976.3018233082852,-1202.5271911621094,591.9374237060547,17.728851318359375,-1200.324771741607,592.6982959512035,2.330145462679032,-1.2381618516901025,-0.008782943295269408,113.85704841549088,2.446082579069797,9.950012803077698,-1.699999451637268,8.25001335144043,-8.482590675354004,25.946510314941406,6,right,25.557758236097133,92.00792964994967
980.8335146073449,-1201.0955963134766,587.6395568847656,17.85174560546875,-1198.711783324661,588.4070105343949,2.504306185348745,-1.259331196331549,-0.0029011064379458884,344.69607420127755,2.9390781468611626,9.950013756752014,-1.4999996423721313,8.450014114379883,-8.150012969970703,29.07476234436035,7,straight,27.56549856617523,99.23579483823083
985.9635865716808,-1199.5337524414062,582.7557678222656,18.015716552734375,-1197.0312405358761,583.5487444301832,2.6251433747558925,-1.2639331608871525,-0.0012106903411993608,825.9750375222767,3.406663738016813,10.000014662742615,-1.3499997854232788,8.650014877319336,-7.900012016296387,32.20301818847656,7,straight,29.674869498475307,106.82953019451111
991.663184576154,-1197.8335876464844,577.3196105957031,18.22320556640625,-1195.2605892147053,578.1098316803489,2.6916110960827786,-1.2728196485830727,-0.0013955466786336745,716.5650675182438,3.818563868959335,10.000015377998352,-1.1999999284744263,8.800015449523926,-7.900012016296387,35.268489837646484,7,straight,31.85503712760197,114.67813365936709
997.9371049731757,-1196.0123901367188,571.3211212158203,18.475082397460938,-1193.4205392665117,572.0955533531612,2.70507598206401,-1.2804453831773033,-0.001272479678938343,785.8671667231034,4.144048076763229,9.950015902519226,-1.0500000715255737,8.900015830993652,-7.700011253356934,38.20841979980469,7,straight,34.094077636862195,122.73867949270391
1004.7606652328901,-1194.0879211425781,564.7810974121094,18.7674560546875,-1191.5237928187425,565.5218810950887,2.6689912937408455,-1.2895513463147705,-0.0010841554953765487,922.3769138878738,4.345719077512822,9.950016140937805,-1.0000001192092896,8.950016021728516,-7.700011253356934,40.960025787353516,7,straight,36.37313804497236,130.9432969619005
1012.1147114458817,-1192.0694732666016,557.7169189453125,19.091873168945312,-1189.5784331521622,558.420451347871,2.5884819283116407,-1.2955401926262848,-2.6701913123761134e-05,37450.500095820236,4.384264366980184,9.950016140937805,-1.0000001192092896,8.950016021728516,-7.550010681152344,43.46053695678711,7,straight,38.67931887644527,139.245547955203
1019.791170703958,-1189.9714965820312,550.3402862548828,19.426254272460938,-1187.5987329789912,551.0260867238219,2.4698844910457964,-1.289433652987132,0.0005508529057801637,1815.3666605129674,4.228757832865937,9.950016379356384,-0.9500001668930054,9.000016212463379,-7.550010681152344,45.64717102050781,7,straight,40.94829113388554,147.41384808198794
1027.513539012465,-1187.815414428711,542.9317779541016,19.742935180664062,-1185.5878901372198,543.5812839789189,2.320285013841413,-1.2870802329131201,1.913263067926385e-05,52266.72780987774,3.8704942680442,9.950016558170319,-0.9000001549720764,9.050016403198242,-7.5000104904174805,47.4571647644043,7,straight,43.11050798123047,155.19782873242968
1035.1779365001082,-1185.6793365478516,535.5763549804688,20.022064208984375,-1183.616870043945,536.1732018862058,2.147089729988897,-1.2891062726041418,-0.00040466457672566625,2471.1824496512054,3.313179643489206,9.950016736984253,-0.8500001430511475,9.100016593933105,-7.400010108947754,48.827735900878906,7,straight,45.1542340328458,162.55524251824488
1042.779884170098,-1183.5772399902344,528.2743530273438,20.2491455078125,-1181.694510192069,528.8107613361946,1.9576530251053017,-1.2932405274625827,-0.0005791094317205148,1726.7893514167667,2.5628040944446706,9.950016736984253,-0.8500001430511475,9.100016593933105,-7.450010299682617,49.69611358642578,7,straight,47.09377864830963,169.53760313391467
1050.319783608031,-1181.5290985107422,521.0197601318359,20.41064453125,-1179.8352295591903,521.4938916883931,1.7589749168064834,-1.2978707003175387,-0.0004284699637852607,2333.8858835415986,1.6228036306938032,9.950016736984253,-0.8500001430511475,9.100016593933105,-7.450010299682617,49.9995231628418,7,straight,48.941626035014366,176.18985372605172
1057.7983234944015,-1179.5197296142578,513.8166961669922,20.493499755859375,-1178.0191422324276,514.2337705830172,1.5574702433788947,-1.2996981639876235,3.971048675943667e-06,251822.64978466005,0.5408374180129627,9.950016558170319,-0.9000001549720764,9.050016403198242,-7.450010299682617,49.9995231628418,7,straight,50.707961648790594,182.54866193564615
1065.2183936637266,-1177.529067993164,506.66864013671875,20.49188232421875,-1176.2205443723212,507.03495218879675,1.3588298590335361,-1.2978404635024698,0.000391214466861467,2556.1426907919285,-0.42595219837073817,9.950016558170319,-0.9000001549720764,9.050016403198242,-7.450010299682617,49.9995231628418,7,straight,52.40167792425779,188.64604052732804
1072.579395000392,-1175.5308074951172,499.5843200683594,20.431015014648438,-1174.4074134158272,499.9035462423667,1.1678696877455879,-1.293932168777056,0.0003907353130207514,2559.277256690878,-1.1610887462952801,9.950016379356384,-0.9500001668930054,9.000016212463379,-7.350009918212891,49.9995231628418,7,straight,54.029474199712034,194.5061071189633
1079.8798954921438,-1173.5294036865234,492.5643615722656,20.322052001953125,-1172.5790259349117,492.8363112230352,0.9885213620920628,-1.2920948009793483,7.992815975366163e-05,12511.235127669614,-1.7770103465840403,10.000016570091248,-0.9500001668930054,9.050016403198242,-7.5000104904174805,49.9995231628418,7,straight,55.59683776844865,200.14861596641515
1087.1198086691113,-1171.5374908447266,485.60545349121094,20.1729736328125,-1170.7453302200042,485.83156869037026,0.8238000598757671,-1.292749255031136,-0.0005321882013294976,1879.0345173038938,-2.295722806056699,9.950016558170319,-0.9000001549720764,9.050016403198242,-7.5000104904174805,49.9995231628418,7,straight,57.10872680061936,205.5914164822297
1094.3005730507562,-1169.5867462158203,478.69712829589844,19.99127197265625,-1168.9356343925258,478.8780854208046,0.6757899729119441,-1.2997172658840837,-0.0008215158961740188,1217.2618992002726,-2.7199522113420027,10.949016451835632,-1.8990000486373901,9.050016403198242,-7.5000104904174805,49.9995231628418,7,straight,58.56972648086721,210.85101533112197
1101.4275893416007,-1167.6954498291016,471.8287658691406,19.784011840820312,-1167.168911280059,471.9723814409438,0.5457730994580335,-1.3045192658423086,-0.000907417563816626,1102.028481566931,-3.05335668716582,11.898016452789307,-2.8980002403259277,9.000016212463379,-7.5000104904174805,49.9995231628418,7,straight,59.98461494737015,215.94461381053253
1108.545478251918,-1165.8477478027344,464.9586486816406,19.556350708007812,-1165.4278303839303,465.069527601191,0.43430953640897757,-1.3126390806865076,-0.0008306775589664861,1203.836541875745,-3.299576911695401,11.099015712738037,-2.1989998817443848,8.900015830993652,-7.750011444091797,49.9995231628418,7,straight,61.36513977057279,220.91450317406205
1115.6147302393797,-1164.0564270019531,458.1243438720703,19.315994262695312,-1163.7260414664333,458.21027726874877,0.34137831030312965,-1.3163342654330537,-0.001238692527652907,807.3028436643715,-3.458007526150997,9.950015187263489,-1.1999999284744263,8.750015258789062,-7.80001163482666,42.93535614013672,7,straight,62.70615608589601,225.74216190922564
1122.629224005179,-1162.3294219970703,451.3302459716797,19.06939697265625,-1162.0705645800617,451.3938094701189,0.26654733289643745,-1.3300064033880552,-0.002160781607878026,462.79549786710743,-3.5309824447285587,9.950014233589172,-1.399999737739563,8.55001449584961,-7.95001220703125,35.92619705200195,7,straight,64.00902167476748,230.43247802916295
1129.590602090342,-1160.7236022949219,444.5611114501953,18.822525024414062,-1160.5196817597762,444.607630562575,0.20915929926904742,-1.346510673035798,-0.0020737827218600957,482.2105948992777,-3.51989400270325,9.950012803077698,-1.699999451637268,8.25001335144043,-8.350013732910156,28.970197677612305,7,straight,64.11718880244607,230.82187968880584
1136.4987381069434,-1159.2264862060547,437.82147216796875,18.5811767578125,-1159.0617436656814,437.85692971645346,0.16851511016271561,-1.3588002723471593,-0.0017626739174450012,567.3199053455681,-3.4242121535776215,9.950011014938354,-2.099999189376831,7.850011825561523,-8.7000150680542,25.29990005493164,7,straight,62.83648849965459,226.21135859875653
1143.3520857942153,-1157.8191680908203,431.1181182861328,18.351226806640625,-1157.6780087361808,431.14673665174183,0.14403115722784832,-1.370769463689751,-0.0017737074672356523,563.7908271077608,-3.243604522363941,10.000008821487427,-2.599998712539673,7.400010108947754,-9.200016975402832,23.949920654296875,7,straight,61.53961463913711,221.5426127008936
1150.1480000795261,-1156.5072784423828,424.45343017578125,18.138320922851562,-1156.3743138774466,424.47869722136033,0.1353440028997921,-1.3830069550798065,-0.0018893570064036358,529.2805947265022,-2.9778304641083553,10.000006198883057,-3.149998188018799,6.850008010864258,-9.750019073486328,29.997873306274414,7,straight,60.22603924508896,216.81374128232028
1156.8838053896175,-1155.2899627685547,417.8312683105469,17.948089599609375,-1155.1497373699256,417.8559849106299,0.14238705257280643,-1.3963251034467052,-0.0019910328779648157,502.2518769364448,-2.6261530758915796,10.000003099441528,-3.799997568130493,6.200005531311035,-10.800023078918457,36.7299919128418,7,straight,58.89517941907384,212.02264590866582
1163.5555796761662,-1154.1726989746094,411.2557067871094,17.785964965820312,-1154.0095954312578,411.28221183214595,0.16524310353600943,-1.4097001259829398,-0.0025458912390794453,392.78975654968843,-2.1988268943196276,10.050002098083496,-4.549999237060547,5.500002861022949,-10.800023078918457,43.39879608154297,7,straight,57.546638008381166,207.1678968301722
1170.1585886532855,-1153.1685791015625,404.7307891845703,17.6558837890625,-1152.9665858010762,404.7594088004281,0.2040107248484558,-1.4300472134571627,-0.002994396876627725,333.95706755017557,-1.6878336227573953,10.050002098083496,-5.350002288818359,4.699999809265137,-11.200024604797363,49.9995231628418,7,straight,56.180133418340496,202.24848030602578
1176.6888805318322,-1152.3084716796875,398.25804138183594,17.563888549804688,-1152.051857491109,398.28944134995345,0.2585281411714865,-1.449039037209411,-0.0029666257696801535,337.0832985475667,-1.0694169354977578,9.80000114440918,-5.700003623962402,4.099997520446777,-11.200024604797363,49.9995231628418,7,straight,54.795170430072936,197.26261354826258
1183.1397633852312,-1151.5845336914062,391.84808349609375,17.516525268554688,-1151.2582235908585,391.88156482375,0.32802329341244996,-1.468548288655836,-0.002405480196059462,415.71741128368063,-0.4181755994976166,10.000001907348633,-5.700003623962402,4.2999982833862305,-10.800023078918457,49.9995231628418,7,straight,53.39178758628011,192.2104353106084
1189.501813813906,-1150.9691467285156,385.515869140625,17.509750366210938,-1150.5601025685978,385.55312383437615,0.41073718722480357,-1.479969475813469,-0.0019277406398960362,518.7419818331632,-0.08670788390019446,10.10000228881836,-4.90000057220459,5.2000017166137695,-10.050020217895508,43.63847732543945,7,straight,51.97062648507502,187.09425534627007
1195.7659277165392,-1150.4363098144531,379.2744598388672,17.505538940429688,-1149.9342511571763,379.3136666006838,0.5035871975325439,-1.4928624984904366,-0.0029811093953123202,335.4455900117122,-0.03484266649844692,10.198999166488647,-3.99999737739563,6.199001789093018,-9.200016975402832,37.3753662109375,7,straight,50.532307319212755,181.91630634916592
1201.930229561558,-1150.018798828125,373.1243133544922,17.505355834960938,-1149.4177258144987,373.15677825414133,0.6019491153072456,-1.5168371826551974,-0.004355733872595746,229.58243759829668,-0.0017264824710760962,10.447999954223633,-3.249998092651367,7.198001861572266,-8.350013732910156,36.124732971191406,7,straight,49.0757712252296,176.67277641082657
1207.9902742981992,-1149.7717742919922,367.0693054199219,17.505325317382812,-1149.0723536439853,367.0866435988911,0.6996355160426582,-1.5460120588101787,-0.003936206092147065,254.0517382956781,-0.006291318991547001,10.897000074386597,-2.699998617172241,8.197001457214355,-8.350013732910156,38.128211975097656,8,straight,47.60044485959428,171.36160149453943
1213.9669283004262,-1149.67724609375,361.09339904785156,17.504608154296875,-1148.888130913406,361.0984768965682,0.7891315178073944,-1.5643615517989866,-0.002445519131146101,408.91113353562133,-0.01182083705180137,10.400012016296387,-2.2499990463256836,8.150012969970703,-7.450010299682617,44.10386657714844,8,straight,46.099198054857986,165.95711299748876
1219.8635857983168,-1149.6693878173828,355.1967468261719,17.503921508789062,-1148.8073253939554,355.1929956091192,0.8620705849958721,-1.5751477441336952,-0.0016791875398697864,595.5260959580164,-0.01015454513952907,9.950011610984802,-1.949999213218689,8.000012397766113,-7.1500091552734375,49.9995231628418,8,straight,44.568515414998615,160.44665549399502
1225.6578579156658,-1149.7180938720703,349.4026794433594,17.50341796875,-1148.8080986857112,349.3906422889774,0.910074794883437,-1.584023267529983,-0.0017131156238718859,583.7317610470782,-0.008096126872625398,9.950012803077698,-1.699999451637268,8.25001335144043,-6.8000078201293945,49.9995231628418,8,straight,43.011380000110755,154.84096800039873
1231.344638523101,-1149.8191528320312,343.716796875,17.50299072265625,-1148.8937071055475,343.69459935323005,0.9257119004527756,-1.5947774914752488,-0.0023969791199044965,417.19178598428647,-0.005516403292937788,9.950013756752014,-1.4999996423721313,8.450014114379883,-6.550006866455078,49.9995231628418,8,straight,41.42625940884064,149.1345338718263
1236.9162345498203,-1149.9882049560547,338.14776611328125,17.502792358398438,-1149.0853791870468,338.1115454858376,0.9035520477742758,-1.610894000654633,-0.0036808673776719814,271.67509649110605,-0.002185069859206301,9.950014472007751,-1.3499997854232788,8.600014686584473,-6.500006675720215,49.9995231628418,8,straight,39.812084941478915,143.3235057893241
1242.3656106023257,-1150.2659912109375,332.7054748535156,17.50274658203125,-1149.426583637074,332.6513781109363,0.8411489360494158,-1.6351536622135225,-0.005556325630170722,179.97505304045225,0.0023427658902175352,9.950014472007751,-1.3499997854232788,8.600014686584473,-6.550006866455078,49.9995231628418,9,right,38.16733957968262,137.40242248685743
1247.6853435067421,-1150.6842041015625,327.40220642089844,17.503036499023438,-1149.948049322042,327.3286037895094,0.7398251190372411,-1.6704477011380168,-0.0074683229394078565,133.89886968108095,0.00880398114440073,9.992998719215393,-1.4999996423721313,8.492999076843262,-6.600007057189941,44.96000289916992,9,right,36.490283497689866,131.36502059168353
1252.86784326974,-1151.2945098876953,322.2557678222656,17.503662109375,-1150.6956618430704,322.16980958988387,0.6049857835233405,-1.7133618367785366,-0.009410807076071004,106.26081184287739,0.01808375586669353,9.34399926662445,-1.8499993085861206,7.49399995803833,-6.900008201599121,44.631866455078125,9,right,34.778810828144344,125.20371898131964
1257.9056328458933,-1152.1224822998047,317.28648376464844,17.504867553710938,-1151.684952409881,317.1998354509915,0.4460272803723976,-1.7663063303090338,-0.010595996426717824,94.3752677641999,0.01621970786953586,8.894998788833618,-2.399998903274536,6.494999885559082,-7.600010871887207,43.71308898925781,9,right,33.03023567380484,118.90884842569743
1262.794196603897,-1153.1812286376953,312.5139465332031,17.505294799804688,-1152.9139205741335,312.4463404942081,0.27572482179474594,-1.818515999468161,-0.01133745874168679,88.20318757351612,0.002988539870241169,8.745997905731201,-3.249998092651367,5.495999813079834,-8.500014305114746,42.30210876464844,9,right,31.24002925096683,112.4641053034806
1267.5269173147526,-1154.4505004882812,307.95460510253906,17.505172729492188,-1154.3463772095631,307.9218945584873,0.10914044558804066,-1.8751855795821977,-0.012563588487114807,79.59509347393845,0.03774988260771828,8.745997905731201,-4.248998165130615,4.496999740600586,-9.600018501281738,40.49736785888672,9,right,29.403236254864787,105.85165051751324
1272.1009603455866,-1155.9309844970703,303.6267852783203,17.508682250976562,-1155.9663704928143,303.6402852368263,-0.03787370558132172,-1.935258375710445,-0.01567324270862841,63.80300609072311,0.009112257819232639,8.745997905731201,-5.247998237609863,3.497999668121338,-11.00002384185791,38.397300720214844,9,right,27.511739466042627,99.04226207775346
1276.5226258933005,-1157.6414642333984,299.5493621826172,17.506195068359375,-1157.7770808945927,299.613974960755,-0.15022213516049893,-2.0154163705091928,-0.01848042332645633,54.11131456974869,-0.06663520803362744,8.745997905731201,-6.246998310089111,2.49899959564209,-13.050031661987305,36.10035705566406,9,right,25.550492460675475,91.98177285843171
1280.8183691085044,-1159.6234741210938,295.7381896972656,17.502899169921875,-1159.8096417129832,295.8461401026363,-0.21520144583529544,-2.09627240247754,-0.0248844155734953,40.18579407848792,-0.06000036676319098,8.74599802494049,-7.245998382568359,1.4999996423721313,-15.500041007995605,33.70497131347656,9,right,23.48878933661173,84.55964161180223
1285.0103480826822,-1161.932373046875,292.2393798828125,17.501068115234375,-1162.109977772059,292.3756863841171,-0.22388144341493987,-2.225385522042476,-0.027716349243593508,36.07978782527229,-0.02457577335230887,8.744998037815094,-8.24499797821045,0.5000000596046448,-19.190000534057617,31.309589385986328,9,right,22.256473031174302,80.12330291222749
1289.2058876558597,-1164.6248931884766,289.02178955078125,17.500839233398438,-1164.7498139962552,289.1400284331333,-0.17200477178237145,-2.328721826925542,-0.02641831445996662,37.852528461471856,0.010689942409980446,8.666320264339447,-8.26632022857666,0.40000003576278687,-18.848222732543945,29.01264190673828,9,right,22.79669049514359,82.06808578251693
1293.479486087032,-1167.7184753417969,286.0733337402344,17.501998901367188,-1167.7571188889779,286.11994748615695,-0.06054886495759343,-2.4494076515814727,-0.027653315874723805,36.162028616396,0.02757491424860703,9.162160992622375,-8.162160873413086,1.0000001192092896,-17.966793060302734,26.912578582763672,9,right,22.281824456344946,80.2145680428418
1297.8356118208676,-1171.2089233398438,283.4670715332031,17.503219604492188,-1171.152184343081,283.37938846349573,0.10443962115481059,-2.5672645684712343,-0.027108347697238355,36.889005968514795,0.03462961197204795,9.637840390205383,-8.037840843200684,1.5999995470046997,-16.76157569885254,25.107837677001953,9,right,22.504679480801094,81.01684613088395
1302.2641807380026,-1175.048828125,281.2608642578125,17.505050659179688,-1174.911758297604,280.9800099084619,0.3125176845100968,-2.6875539373190063,-0.025635473121929597,39.008447210773745,0.053822805093672876,9.945000171661377,-7.346000671386719,2.598999500274658,-15.448426246643066,23.696857452392578,9,right,23.142149087224983,83.31173671400994
1306.781172783202,-1179.1980895996094,279.47569274902344,17.508056640625,-1179.0120183989523,278.95837627359157,0.5497625191545897,-2.7963155770422374,-0.02523581419202464,39.62622296989464,0.03306724799969629,9.945000171661377,-6.347000598907471,3.5979995727539062,-14.243207931518555,22.778078079223633,9,right,23.32468004674028,83.96884816826501
1311.3767236471724,-1183.5995025634766,278.1540832519531,17.508010864257812,-1183.4217427995923,277.37344396411834,0.8006224024890813,-2.9176998191099517,-0.02688483818086368,37.19568603212902,-0.04081338292609704,9.945000171661377,-5.348000526428223,4.596999645233154,-13.36177921295166,22.44994354248047,9,right,22.5980331931292,81.35291949526513
1316.0498958186474,-1188.2070617675781,277.3737487792969,17.50421142578125,-1188.1064871318285,276.3294825749818,1.0490982617614186,-3.0455774973259775,-0.02516608645332913,39.73601544501226,-0.08010834820479928,9.945000171661377,-4.349000453948975,5.595999717712402,-12.970001220703125,22.89993667602539,9,right,23.356970570032434,84.08509405211676
1320.8864804453701,-1193.0386657714844,277.1543426513672,17.500396728515625,-1193.0574845914102,275.8742050722167,1.2802758958664626,3.1268930894386253,-0.019951147482243248,50.12243034592429,-0.08016499043543845,9.944999933242798,-3.3500001430511475,6.59499979019165,-13.004798889160156,27.32539176940918,9,right,25.678429401357896,92.44234584488842
1326.0141577629322,-1198.1589965820312,277.42869567871094,17.4962158203125,-1198.3084042170585,275.9547424787263,1.481506219072112,3.0405724516580332,-0.013134472314840495,76.1355291655007,-0.08632910244104064,10.743520021438599,-3.1495201587677,7.593999862670898,-13.105669021606445,32.45206832885742,9,right,27.929671404432415,100.5468170559567
1331.4872656251373,-1203.5885009765625,278.1181640625,17.4912109375,-1203.8361589632013,276.49373165696767,1.6432027015829502,2.9902995021203007,-0.006375168464360231,156.8585999868716,-0.09977867820332165,11.182999610900879,-2.5900001525878906,8.592999458312988,-13.267326354980469,37.92417526245117,9,right,30.147659817639486,108.53157534350215
1337.3283446973637,-1209.3543090820312,279.05284118652344,17.48486328125,-1209.6536893802993,277.31930460996836,1.7591980062646324,2.9705803334481455,-0.0024299580177969404,411.52974359064217,-0.08842000979709663,12.031697988510132,-2.5816800594329834,9.450017929077148,-13.48448371887207,43.764251708984375,10,straight,32.34743878394196,116.45077962219106
1343.5646164494808,-1215.4944458007812,280.14361572265625,17.480697631835938,-1215.8212366104167,278.34641043810234,1.826674319108583,2.9617250354432647,-0.0009489696056474706,1053.7745298151167,-0.02717421071996018,13.010857820510864,-2.561840295791626,10.449017524719238,-13.751855850219727,49.9995231628418,10,straight,34.54176368380501,124.35034926169803
1350.1419189988562,-1221.9642181396484,281.3280792236328,17.481658935546875,-1222.2998184665105,279.5131124100954,1.845733489329402,2.9587506736600244,-0.0003073127507658424,3254.0140215722845,0.06645168460477358,13.986177444458008,-2.5381603240966797,11.448017120361328,-14.064157485961914,49.9995231628418,10,straight,36.71425565223716,132.1713203480538
1356.8628486308714,-1228.572036743164,282.555908203125,17.48968505859375,-1228.9046524919693,280.7677883017833,1.818792461477548,2.9576803976755692,-0.000475249973288433,2104.155825787058,0.18205799537747147,13.616336107254028,-2.518320322036743,11.098015785217285,-14.416102409362793,49.9995231628418,10,straight,38.8087631737956,139.71154742566415
1363.574860660977,-1235.1682739257812,283.7970733642578,17.506103515625,-1235.497407345297,282.0784639698572,1.749842009543778,2.95237230076388,1.883405438549146e-05,53095.312327989,0.31890703718953084,11.948016285896301,-1.849000096321106,10.099016189575195,-14.802404403686523,49.9995231628418,10,straight,40.79330515832025,146.8558985699529
1370.1867373716752,-1241.664291381836,285.0291442871094,17.532028198242188,-1241.9647561763436,283.4130568000121,1.6437815726826308,2.957770397062257,0.00012551870027238676,7966.940366892829,0.47510577510736507,9.950016736984253,-0.8500001430511475,9.100016593933105,-15.217779159545898,43.388694763183594,10,straight,42.65806619536055,153.569038303298
1376.695069786463,-1248.0616607666016,286.22528076171875,17.568267822265625,-1248.3422682693188,284.74573373351166,1.505921637821063,2.954161090681355,0.0004326322379220038,2311.4320023934115,0.6506454115101867,10.000016570091248,-0.9500001668930054,9.050016403198242,-15.656939506530762,36.88146209716797,10,straight,43.88355518614358,157.9807986701169
1383.0969129538498,-1254.3552551269531,287.3966064453125,17.615829467773438,-1254.593386834499,286.0763219546892,1.3415878079048995,2.9631472230805187,-0.0003237974501749674,3088.3504470453345,0.8453842733205041,9.950016140937805,-1.0000001192092896,8.950016021728516,-16.114599227905273,30.48079490661621,10,straight,42.13185126553802,151.67466455593686
1389.3901375626303,-1260.5438842773438,288.53765869140625,17.675369262695312,-1260.7635356528012,287.4027059247138,1.1560123309736525,2.9504225485200593,-0.003914394083896766,255.4673797699243,1.0495713417535413,9.542999148368835,-1.0500000715255737,8.492999076843262,-16.585474014282227,28.699848175048828,10,straight,40.33578818367312,145.20883746122323
1395.5720223165797,-1266.5948791503906,289.801025390625,17.746536254882812,-1266.8095242081074,288.87115738797803,0.9543201785296731,2.9147324067834073,-0.008070394606137482,123.90967837427758,1.2499189629430418,8.74399983882904,-1.2499998807907104,7.49399995803833,-17.06427764892578,30.049827575683594,11,right,38.489988517854634,138.5639586642767
1401.6412297559425,-1272.470199584961,291.3206329345703,17.828277587890625,-1272.6819263477673,290.609899974434,0.7415993276107165,2.8520643337341447,-0.010256204401186603,97.50195695049759,1.4410404677424715,8.294999241828918,-1.7999993562698364,6.494999885559082,-17.545724868774414,30.59981918334961,11,right,36.587355637980124,131.71448029672845
1407.6002711535405,-1278.1315460205078,293.1783142089844,17.919662475585938,-1278.310998687244,292.6870668489344,0.5229983062637719,2.7913530816830523,-0.010168958187825872,98.3384906820824,1.6315380268447477,8.145998477935791,-2.649998664855957,5.495999813079834,-18.02452850341797,30.999813079833984,11,right,36.74397397542106,132.27830631151582
1413.4595740146676,-1283.5792388916016,295.33326721191406,18.020904541015625,-1283.7002601305826,295.05460216209605,0.303809727090121,2.7318803006321155,-0.00971261713239896,102.95886127995718,1.827170944006351,8.145998477935791,-3.648998737335205,4.496999740600586,-18.495403289794922,31.199810028076172,11,right,37.5972621843603,135.35014386369707
1419.2272874038692,-1288.81201171875,297.7565460205078,18.131927490234375,-1288.8520132223855,297.67646299422273,0.08951765966595168,2.67834480472759,-0.009588097554652314,104.29597678788555,2.001310354184871,8.145998477935791,-4.647998809814453,3.497999668121338,-18.95306396484375,31.199810028076172,11,right,37.582637142977696,135.2974937147197
1424.8669568134749,-1293.7931365966797,300.39862060546875,18.249008178710938,-1293.7364923662028,300.49777935786545,-0.11419731618205847,2.622582737732452,-0.010728373781273032,93.21077177097942,2.2670569532290408,8.145998477935791,-5.646998882293701,2.49899959564209,-19.392223358154297,30.949813842773438,11,right,35.773168450432586,128.78340642155732
1430.368635696065,-1298.4923400878906,303.2565460205078,18.383987426757812,-1298.3264494107214,303.5083476049091,-0.301535660708083,2.5590454899279753,-0.010297265192062505,97.11316367484012,2.8564841261580654,8.14599859714508,-6.645998954772949,1.4999996423721313,-19.807598114013672,30.499820709228516,11,right,35.16275898129437,126.58593233265972
1435.7225792871845,-1302.8919525146484,306.30250549316406,18.55792236328125,-1302.6166282511729,306.6792028939589,-0.46658802151788276,2.5104347162207423,-0.008433371375267451,118.57654021174736,3.8510260060863777,8.595998167991638,-7.145998477935791,1.4499996900558472,-20.19390106201172,29.79983139038086,11,right,33.32280625898352,119.96210253234067
1440.9130504778775,-1307.0213317871094,309.43878173828125,18.788116455078125,-1306.6457646037875,309.911197736829,-0.6035127048141915,2.4699125222513807,-0.0033835079444567984,295.5512492997985,4.846563025264206,8.595998287200928,-6.146998405456543,2.4489998817443848,-20.54584503173828,28.84984588623047,11,right,31.43639124722253,113.17100849000111
1445.9242664740668,-1310.9290618896484,312.56494140625,19.0509033203125,-1310.4917311746678,313.1200974684846,-0.7067222988566662,2.4743587304562653,0.006228864858994987,160.54289547732262,5.326068331486145,8.595998287200928,-5.147998332977295,3.447999954223633,-20.85814666748047,27.54986572265625,12,left,29.50089685773599,106.20322868784957
1450.7457691475895,-1314.7729949951172,315.46376037597656,19.311508178710938,-1314.3297117414143,316.09474174333843,-0.7711274401623375,2.5291708116493825,0.015433032593374418,64.79607905638142,5.488893276045426,8.595998287200928,-4.148998260498047,4.447000026702881,-21.125518798828125,26.44988250732422,12,left,27.510438407027515,99.03757826529906
1455.382971872391,-1318.6557159423828,317.98594665527344,19.569778442382812,-1318.2601015698594,318.6725523960421,-0.7924255012324799,2.6188655987566203,0.02119756993190952,47.175218820467784,5.697843437886085,8.595998287200928,-3.149998188018799,5.446000099182129,-21.342676162719727,26.199886322021484,12,left,25.449620891165285,91.61863520819503
1459.8411795058396,-1322.6048278808594,320.0384521484375,19.829299926757812,-1322.2917183660352,320.73907840488397,-0.7674077921780427,2.7213201057434104,0.024730462626894434,40.43596009855868,5.924449538941534,8.594999313354492,-2.1499991416931152,6.445000171661377,-21.50433349609375,26.199886322021484,12,left,23.46974200687728,84.4910712247582
1464.1586205333897,-1326.6194152832031,321.60552978515625,20.089401245117188,-1326.4101524650464,322.26748745830974,-0.694246993590645,2.8354067211195755,0.030562983498290397,32.71931878168691,6.250826206432647,8.843999981880188,-1.399999737739563,7.444000244140625,-21.60520362854004,21.891286849975586,12,left,21.19466136890613,76.30078092806207
1468.3830901640497,-1330.7098999023438,322.625,20.362823486328125,-1330.6186730088436,323.19041118601945,-0.5727234545341968,2.981625161277577,0.03634207114344917,27.51631837527385,6.71970999711049,9.542999863624573,-1.100000023841858,8.442999839782715,-21.64000129699707,17.676673889160156,12,left,19.436565155212765,69.97163455876596
1472.57419985323,-1334.8724670410156,323.0164337158203,20.654739379882812,-1334.8722805085342,323.4207899793377,-0.40435630654177157,3.1411313463587716,0.03833096886208165,26.088565712964154,7.359889737059433,9.900015473365784,-1.100000023841858,8.800015449523926,-21.738840103149414,16.20003890991211,12,left,18.925591301955556,68.13212868704001
1476.8181518577874,-1339.091781616211,322.7001037597656,20.984054565429688,-1339.123077066646,322.88993981284773,-0.19239836867220572,-2.978207051955074,0.03682447895148161,27.155849273999454,7.643264740260092,9.950014472007751,-1.3499997854232788,8.600014686584473,-22.026050567626953,16.250038146972656,12,left,19.308834066199164,69.511802638317
1481.1253990747066,-1343.2747955322266,321.72557067871094,21.308181762695312,-1343.2568087617185,321.67022166619,0.05819825684979018,-2.8273878575212885,0.036158308663747585,27.656160837041657,7.420785340616698,10.000012278556824,-1.8499993085861206,8.150012969970703,-22.487682342529297,17.400020599365234,12,left,19.485892474854836,70.14921290947741
1485.50528693482,-1347.3184814453125,320.073486328125,21.628555297851562,-1347.1617191750925,319.7706499767001,0.3410047875161342,-2.6639274701933515,0.034700672761091234,28.81788508496205,7.010372605895787,10.150009155273438,-2.649998664855957,7.5000104904174805,-23.10978126525879,17.400020599365234,12,left,19.89094461999782,71.60740063199216
1489.9576443839462,-1351.131576538086,317.7942810058594,21.926910400390625,-1350.7546958172786,317.2667118926271,0.6483581162852072,-2.521285886398783,0.032589392176894494,30.68483126570825,6.1625066434008335,10.050005197525024,-3.3999979496002197,6.650007247924805,-23.878389358520508,13.650033950805664,12,left,20.525144597410293,73.89052055067705
1494.4833063297992,-1354.6331329345703,314.9383850097656,22.1810302734375,-1353.956509130564,314.2410636579828,0.9716361663710771,-2.3712576695669543,0.03058281102147714,32.698106112539435,5.192730621311625,10.050002098083496,-4.049997329711914,6.000004768371582,-24.779560089111328,11.100024223327637,12,left,21.187789767504036,76.27604316301453
1499.076927267027,-1357.7370147705078,311.5591278076172,22.399871826171875,-1356.7184303616762,310.7489156442699,1.3015213972696218,-2.2427442046415003,0.024358781196279822,41.05295712220299,4.26942353894435,10.050002098083496,-4.59999942779541,5.450002670288086,-25.799335479736328,9.600018501281738,12,left,23.601646422775353,84.96592712199127
1503.730212799255,-1360.470703125,307.7975769042969,22.575225830078125,-1359.1047920580454,306.9111383521856,1.6283385242320338,-2.1464488019224657,0.019030846763386455,52.54626935065786,3.392783892716622,11.59900426864624,-5.150001525878906,6.449002742767334,-26.923765182495117,9.000016212463379,12,left,25.817770159733026,92.9439725750389
1508.4389807521343,-1362.888168334961,303.7592315673828,22.717086791992188,-1361.1780515833207,302.838345726297,1.9423001921826981,-2.064762058622904,0.01794508731305483,55.72555778385722,2.637020531332812,11.810004711151123,-5.9000043869018555,5.910000324249268,-28.138887405395508,8.900015830993652,12,left,27.65996127505403,99.57586059019451
1513.2465893149324,-1365.0026550292969,299.4429473876953,22.825424194335938,-1362.9493530696848,298.5632787931118,2.2338007461820384,-1.9755572818370453,0.018795697499062847,53.20366536277039,1.7862611774231318,11.880008220672607,-6.8000078201293945,5.080000400543213,-29.43075942993164,8.900015830993652,12,left,27.026831388487572,97.29659299855527
1518.2558758395207,-1366.7757720947266,294.7584228515625,22.890518188476562,-1364.400423074185,293.9992321762323,2.493722809555274,-1.8801475107637657,0.016254289681482903,61.52222087804999,0.7978364490427214,12.202320575714111,-7.799007892608643,4.403312683105469,-30.785423278808594,7.750011444091797,12,left,29.062994379850476,104.62677976746171
1523.5426606321432,-1368.2161712646484,289.6716613769531,22.904708862304688,-1365.5795224334768,289.0292280811558,2.713786579388259,-1.8097945913992253,0.011380065589852717,87.87295574918933,-0.18005007002677154,12.054327487945557,-8.650014877319336,3.4043126106262207,-32.18891906738281,6.750007629394531,12,left,31.130165398387966,112.06859543419668
1529.1248394840245,-1369.409896850586,284.21873474121094,22.86822509765625,-1366.5733160482512,283.6825167940605,2.886818375828338,-1.7576283976428435,0.0075537811294154045,132.38403163494772,-0.9994105840227308,11.655329704284668,-9.250017166137695,2.4053125381469727,-33.62730407714844,6.150005340576172,12,left,33.17331963945898,119.42395070205234
1534.811860285334,-1370.3810119628906,278.6157684326172,22.791351318359375,-1367.409648482484,278.15375851094285,3.007067358809886,-1.725048668319004,0.006541967692421047,152.85920796559617,-1.5954246678266948,11.56001877784729,-9.650018692016602,1.9100000858306885,-35.08661651611328,5.800004005432129,12,left,35.1328710753975,126.47833587143101
1540.44795360646,-1371.151870727539,273.0335998535156,22.687820434570312,-1368.1009385674138,272.68786686251036,3.070458979819745,-1.6836354065333023,0.008873629919104675,112.69345342507785,-2.0761036188546633,11.420019388198853,-9.800019264221191,1.6200001239776611,-36.55290985107422,5.600003242492676,12,left,36.300287697481494,130.68103571093337
1545.9764027192539,-1371.6352081298828,267.5278015136719,22.560073852539062,-1368.5652353502394,267.35721925998064,3.0747083069823944,-1.6263039928912884,0.0101800619769572,98.23122906948136,-2.490094917575547,11.550019383430481,-9.800019264221191,1.7500001192092896,-38.01222229003906,5.750003814697266,12,left,34.46147892559422,124.0613241321392
1551.4003651920818,-1371.8055725097656,262.1084442138672,22.41546630859375,-1368.786096608871,262.10450837966243,3.0194784660390788,-1.5720998086258051,0.009979962761425876,100.20077468276305,-2.7643541062805532,11.650017976760864,-9.450017929077148,2.200000047683716,-39.45060348510742,6.200005531311035,12,left,32.55664856733867,117.20393484241922
1556.7239738244386,-1371.6852111816406,256.7883758544922,22.263168334960938,-1368.7828635267156,256.93872221990677,2.9062391401332315,-1.5190409483647886,0.007534479131695804,132.72317601799867,-2.882616306461472,11.670015811920166,-8.850015640258789,2.820000171661377,-40.854103088378906,6.950008392333984,12,left,30.571868214265066,110.05872557135424
1561.9515161385475,-1371.336654663086,251.57467651367188,22.111358642578125,-1368.6070176040466,251.78982557002658,2.7381029181772383,-1.4921392875788637,0.00946673749262178,105.63301251137297,-2.901650057130345,11.65018606185913,-7.897000789642334,3.753185272216797,-42.20876693725586,7.900012016296387,12,left,28.488662645115813,102.55918552241693
1567.0849569075583,-1370.7967376708984,246.4718780517578,21.9625244140625,-1368.3050089036658,246.84600503834582,2.5196593522831527,-1.4217620724892317,0.019099957119962596,52.35613848341238,-3.198372223714774,10.842815160751343,-6.898000717163086,3.944814443588257,-43.50063705444336,9.150016784667969,12,left,26.28275941953983,94.61793391034338
1572.189745009482,-1369.76416015625,241.47579956054688,21.784072875976562,-1367.5919080484064,242.08611562169244,2.2563609894083227,-1.296897591588795,0.024059606159029856,41.563440124088984,-3.8108601224925653,9.94700002670288,-5.899000644683838,4.047999382019043,-44.715763092041016,11.250024795532227,12,left,23.88801695683541,85.99686104460748
1577.3898321469,-1368.0947265625,236.5556640625,21.5692138671875,-1366.2920194431774,237.31123311821543,1.954645122780859,-1.1739079107458505,0.02281859780043216,43.823902272428896,-4.543057164598618,9.94700002670288,-4.90000057220459,5.046999454498291,-45.840187072753906,14.400036811828613,12,left,24.529002012064836,88.30440724343342
1582.7134500673772,-1365.7889709472656,231.7645721435547,21.304946899414062,-1364.37684984852,232.5615641732505,1.621506180352636,-1.0569696121497028,0.021595021417332827,46.306969586859005,-5.309050843716445,10.045996904373169,-3.99999737739563,6.045999526977539,-46.7400016784668,15.800042152404785,12,left,25.21433601383465,90.77160964980474
1588.1728590064924,-1362.8710021972656,227.1607666015625,20.99578857421875,-1361.849140538596,227.90526723107365,1.264311052234263,-0.9411502357125444,0.020093340595531806,49.7677325104603,-6.0193433848658495,10.194997787475586,-3.149998188018799,7.044999599456787,-46.689552307128906,17.1500244140625,12,left,26.13956058607695,94.10241810987702
1593.7739659939316,-1359.3515319824219,222.81820678710938,20.638153076171875,-1358.691245800862,223.4159782363761,0.890678700271522,-0.835048793217973,0.019913220916878416,50.21789313613257,-6.655508889113171,10.393998622894287,-2.349998950958252,8.043999671936035,-46.5423698425293,19.449989318847656,12,left,26.257513637296963,94.52704909426907
1599.5431744922982,-1355.2639617919922,218.7666015625,20.238113403320312,-1354.930870044742,219.15069845760956,0.5084098119814123,-0.7143995255552971,0.02017997267602728,49.5540809719701,-6.8562688685466,10.692998766899109,-1.6499994993209839,9.042999267578125,-46.30469512939453,19.449989318847656,12,left,26.083392023072435,93.90021128306077
1605.4561493395768,-1350.6233673095703,215.12413024902344,19.837417602539062,-1350.5525915141739,215.22769047649265,0.12543497888346003,-0.5995159374830035,0.018408972758878206,54.32133629062621,-6.721972593253733,10.560000538825989,-1.1999999284744263,9.360000610351562,-45.982765197753906,18.949996948242188,12,left,27.309237732830574,98.31325583819007
1611.501597304185,-1345.488037109375,211.95973205566406,19.434417724609375,-1345.6067961911165,211.73949042949226,-0.25022008991057787,-0.49453054360241744,0.017086350866975963,58.52624751682777,-6.568297790260069,9.972001433372498,-0.9500001668930054,9.022001266479492,-45.58282470703125,18.949996948242188,12,left,28.346516457851724,102.04745924826621
1617.6635780819838,-1339.9451446533203,209.29750061035156,19.03582763671875,-1340.1778612255769,208.7329641338497,-0.6106213526433716,-0.3910013372086966,0.016639832143095945,60.09676007548618,-6.089549038718101,9.266000628471375,-1.0500000715255737,8.2160005569458,-45.111106872558594,18.500003814697266,12,left,28.724328522560334,103.4075826812172
1623.9281263274838,-1334.0562744140625,207.19082641601562,18.678482055664062,-1334.3253862901,206.28168318076192,-0.948136395268091,-0.28778858217165537,0.014874877810617915,67.22744299023316,-5.306287616321836,8.754000306129456,-1.4999996423721313,7.254000663757324,-44.57386779785156,17.050025939941406,12,left,30.380691323935302,109.37048876616709
1630.3040529551186,-1327.8823699951172,205.6295166015625,18.365982055664062,-1328.1359574865005,204.39961413214223,-1.2557733474127066,-0.20333557970183494,0.012844960316157561,77.85154452693084,-4.376839000561428,8.747999429702759,-2.2999989986419678,6.448000431060791,-43.977333068847656,14.80003833770752,12,left,32.69324072020142,117.69566659272513
1636.8293203498754,-1321.4528350830078,204.54443359375,18.115402221679688,-1321.63903649938,203.02821144139952,-1.5276127070489267,-0.12219432337719043,0.013271748180440912,75.34802396821684,-3.3273454390573054,9.408999681472778,-3.298999071121216,6.1100006103515625,-43.32775115966797,11.75002670288086,12,left,32.16327686892427,115.78779672812738
1643.5111351823107,-1314.793716430664,204.02700805664062,17.92816162109375,-1314.8425996181434,202.26839988311318,-1.7592874335979487,-0.027789364475707436,0.01323810285752769,75.53952486714226,-2.5710894477715796,9.645999431610107,-4.297998905181885,5.348000526428223,-42.63136291503906,9.250017166137695,12,left,32.20412324771014,115.93484369175651
1650.3972715502916,-1307.909927368164,204.10772705078125,17.76751708984375,-1307.79882889329,202.16245700243053,-1.9484399996227233,0.05705013420214767,0.010956978038319243,91.26604037196702,-2.1344384113129555,9.645999431610107,-5.296998977661133,4.349000453948975,-41.8944091796875,7.450010299682617,12,left,34.629140680430545,124.66490644954996
1657.5223309634082,-1300.8143768310547,204.7407684326172,17.63006591796875,-1300.553033005963,202.66206497083047,-2.095067702237258,0.12506822391255162,0.009188027091929007,108.83729335957499,-1.7285312083128668,9.645999193191528,-6.295999050140381,3.3500001430511475,-41.123130798339844,6.300005912780762,12,left,36.971238789223506,133.09645964120463
1664.8660408583135,-1293.5589447021484,205.87049865722656,17.518310546875,-1293.143506854506,203.7083822078967,-2.2016666745255895,0.18983049313313233,0.0068779097464264916,145.39300992130103,-1.3292639859914024,9.964999198913574,-7.294999122619629,2.6700000762939453,-40.32376480102539,5.600003242492676,12,left,39.23918653524661,141.2610715268878
1672.3152727302315,-1286.2703247070312,207.40670776367188,17.433837890625,-1285.7600699542713,205.19157382405393,-2.2731428206695132,0.2264001989679475,0.003505322058440341,285.2804915862539,-0.9601875285425443,10.826591491699219,-8.293998718261719,2.5325927734375,-39.50255584716797,5.350002288818359,13,straight,41.41302431984493,149.08688755144175
1679.7716453876715,-1279.0183868408203,209.13975524902344,17.375213623046875,-1278.4631588959824,206.89096306341327,-2.3163212999906704,0.24205937841338043,0.0016175207576906159,618.2300877719373,-0.633699835241508,11.570405721664429,-9.292998313903809,2.27740740776062,-38.665748596191406,5.300002098083496,13,straight,43.48024231678876,156.52887234043953
1687.1619600295041,-1271.849868774414,210.93637084960938,17.339553833007812,-1271.2700499906423,208.6701407303828,-2.339228243524807,0.25047849879755296,0.0008070094134715045,1239.142918665979,-0.35323841829584257,11.84001898765564,-9.700018882751465,2.140000104904175,-37.819576263427734,5.300002098083496,13,straight,45.43643495834875,163.5711658500555
1694.4776967974603,-1264.7667083740234,212.7662811279297,17.323074340820312,-1264.1762302401714,210.49155538459271,-2.3501152384419974,0.2539765999537404,2.14021070510384e-06,467243.71465634805,-0.11871952636133276,12.1190185546875,-10.699018478393555,1.4200000762939453,-36.97028350830078,5.400002479553223,13,straight,47.29326072143263,170.2557385971575
1701.7179706971942,-1257.757583618164,214.58114624023438,17.322113037109375,-1257.1732862901024,212.2983872811043,-2.3563513814939636,0.2505811249996847,-0.000728003212392303,1373.6203123525843,0.07105185489992838,13.047018051147461,-11.698018074035645,1.3489999771118164,-36.124114990234375,5.500002861022949,13,straight,49.06179069865453,176.6224465151563
1708.8797761664018,-1250.8133392333984,216.33294677734375,17.333175659179688,-1250.2434513327573,214.0393008417806,-2.3633839927152143,0.24353227139967515,-0.0010311132036685544,969.8256180234546,0.2169596277028507,13.807017803192139,-12.697017669677734,1.1100001335144043,-35.28730392456055,5.500002861022949,13,straight,50.750559342825326,182.70201363417118
1715.9627678299446,-1243.933364868164,218.01649475097656,17.352920532226562,-1243.378552656115,215.7083932664123,-2.373846889267828,0.23590047624013136,-0.0008336793003875798,1199.5020141859072,0.31889925715624656,14.117018461227417,-12.897018432617188,1.2200000286102295,-34.466094970703125,5.500002861022949,13,straight,52.36720617030387,188.52194221309392
1722.9669136052084,-1237.1199188232422,219.6395721435547,17.378036499023438,-1236.5716618405945,217.31635030146612,-2.3870369596173737,0.23174988483682576,-0.0015862870113821925,630.4029427364861,0.3647653018701069,13.288018941879272,-11.898018836975098,1.3900001049041748,-33.66673278808594,5.450002670288086,13,straight,53.91821192216866,194.10556291980717
1729.891261687432,-1230.3695526123047,221.1818084716797,17.403717041015625,-1229.8601937319454,218.83766101046484,-2.398848429751451,0.21396357329978455,-0.001669927304892349,598.8284622152845,0.3643891129918364,12.275561571121216,-10.899019241333008,1.376542329788208,-32.895450592041016,5.350002288818359,13,straight,52.617653169732975,189.42355141103872
1736.7368081111329,-1223.6751861572266,222.61231994628906,17.42822265625,-1223.17768349628,220.26221986881055,-2.4021821895546367,0.20861432438561603,-0.0009605998548767869,1041.0161889190238,0.5389291893737491,11.780019760131836,-9.900019645690918,1.880000114440918,-32.15849685668945,5.300002098083496,13,straight,51.063694718302,183.82930098588722
1743.503248680613,-1217.0506286621094,223.98985290527344,17.476791381835938,-1216.574082694944,221.64998869360005,-2.3878987809141776,0.2009160850797926,-0.0009271277998657013,1078.5999515329543,0.8109714092917608,11.980020761489868,-10.150020599365234,1.8300001621246338,-31.462108612060547,5.500002861022949,13,straight,49.479755897723265,178.12712123180376
1750.187848928545,-1210.498031616211,225.3103485107422,17.537155151367188,-1210.0408842298966,223.009223510375,-2.3460946272750562,0.19610923091131865,-0.00040696558341529743,2457.2102427136374,1.0069568145612884,11.90002179145813,-10.450021743774414,1.4500000476837158,-30.81252670288086,5.650003433227539,13,straight,47.863532669945755,172.30871761180472
1756.7874568353195,-1204.0245666503906,226.59242248535156,17.610382080078125,-1203.5841635328277,224.3679939147728,-2.2676060882715614,0.19545714985355697,0.0014826085985045756,674.4868477146592,1.1911441739584916,11.925921440124512,-10.750022888183594,1.175898551940918,-30.215993881225586,5.800004005432129,13,straight,46.21244044559253,166.3647856041331
1763.2994726928214,-1197.6466674804688,227.90463256835938,17.693191528320312,-1197.1883523607937,225.80863173346876,-2.1455237702679826,0.21527343682032624,0.0035995490045924727,277.8125811661831,1.2923580017494274,12.12576150894165,-11.00002384185791,1.1257376670837402,-29.67875099182129,6.000004768371582,13,straight,44.52328724606828,160.2838340858458
1769.7212858326732,-1191.3901824951172,229.34996032714844,17.777496337890625,-1190.9166894688915,227.4310083779893,-1.976505054146327,0.24191339819630744,0.004153253223307618,240.7751095907434,1.2698289053868272,12.09028172492981,-11.00002384185791,1.0902578830718994,-29.20703887939453,6.350006103515625,14,left,42.79228400084389,154.05222240303803
1776.051119902385,-1185.2628021240234,230.93614196777344,17.855194091796875,-1184.7959028898597,229.23744392560815,-1.7616951874030053,0.2682333621015474,0.0043884846303361424,227.86909018373467,1.119608303914732,12.076823949813843,-11.00002384185791,1.0768001079559326,-28.807096481323242,6.850008010864258,14,left,41.01464187991292,147.65271076768653
1782.2866048754559,-1179.273193359375,232.66873168945312,17.918380737304688,-1178.8321125794405,231.22760389631404,-1.5071169730931675,0.2970129549958978,0.0041307548942421946,242.08650128185698,0.8595366842086394,11.754598736763,-10.590998649597168,1.1636000871658325,-28.485166549682617,7.550010681152344,14,left,39.1847256418966,141.06501231082777
1788.4285618636547,-1173.416244506836,234.51748657226562,17.961868286132812,-1173.0320220383244,233.35592442317756,-1.223459656671664,0.31945152692501805,0.005283194952173442,189.27940555905704,0.4598513038891694,11.141999125480652,-9.591999053955078,1.5500000715255737,-28.247488021850586,8.40001392364502,14,left,37.29458230942853,134.2604963139427
1794.4763425918995,-1167.7100677490234,236.521240234375,17.974899291992188,-1167.3831528815278,235.65562946545003,-0.9252866225491706,0.3611090794460783,0.008021048051891078,124.67198719302468,0.2106380311099887,10.792999505996704,-8.592999458312988,2.200000047683716,-28.100305557250977,9.450017929077148,14,left,35.33476396307182,127.20515026705856
1800.4655511774083,-1162.1623077392578,238.77796936035156,17.987228393554688,-1161.9079093114594,238.20192049511076,-0.6297228399951257,0.4158687177046479,0.008743017362254357,114.37698892343883,0.10751709109964036,10.733999967575073,-7.593999862670898,3.140000104904175,-28.04985809326172,10.40002155303955,14,left,33.28038116707511,119.80937220147041
1806.420798948417,-1156.7695007324219,241.30435180664062,17.987808227539062,-1156.610215091743,240.98730315093292,-0.35481229602788533,0.46556676264141733,0.011887887117011164,84.11923751942713,-0.5502877267897555,10.300202131271362,-6.59499979019165,3.705202341079712,-27.199871063232422,14.584077835083008,14,left,31.10339687714601,111.97222875772565
1812.3198151801198,-1151.6011352539062,244.1472625732422,17.922622680664062,-1151.5389623276446,244.04729612194038,-0.11772325235830217,0.5563943353920929,0.016569639746852327,60.3513422909491,-1.4003656666691455,10.042093753814697,-5.595999717712402,4.446094036102295,-26.349884033203125,20.481733322143555,14,left,28.785105301675557,103.626379086032
1818.2268235769793,-1146.7369842529297,247.49729919433594,17.822433471679688,-1146.778113923071,247.55016231524593,0.06697879752793934,0.6612070929992137,0.017394087126745283,57.49080090914298,-1.8063930624042657,9.694499969482422,-4.596999645233154,5.097500324249268,-25.099903106689453,26.386892318725586,14,left,28.094644112889306,101.14071880640151
1824.2121566270007,-1142.1903839111328,251.38824462890625,17.707626342773438,-1142.320879464918,251.52466742460342,0.18878630443859734,0.7631956136653026,0.017985678557991158,55.599792733741104,-1.8372730012180982,9.346906185150146,-3.5979995727539062,5.74890661239624,-23.299930572509766,32.37012481689453,14,left,27.62873124805551,99.46343249299983
1830.307248616848,-1138.0198974609375,255.8318634033203,17.600662231445312,-1138.2064194161337,255.9864679484602,0.24226639293995295,0.8786912889196057,0.01872132218131195,53.415030750243844,-1.4036269730424822,8.644000053405762,-2.598999500274658,6.0450005531311035,-21.049964904785156,38.463279724121094,14,left,27.0804637299591,97.48966942785276
1836.5332168717268,-1134.3042297363281,260.82708740234375,17.535614013671875,-1134.4949121407008,260.95119898261277,0.22751585372059208,0.9938019267240544,0.01757635755245901,56.894609535301335,-0.702063369002337,8.644000172615051,-1.5999995470046997,7.044000625610352,-17.95001220703125,44.68790817260742,14,left,27.94859087036604,100.61492713331775
1842.8931807641807,-1131.0937042236328,266.3171844482422,17.513229370117188,-1131.2274325976534,266.3853053536699,0.15007909839307332,1.0996589764165488,0.01529554437779257,65.37851646861873,-0.20532613393962063,7.794999957084656,-0.9500001668930054,6.84499979019165,-16.700031280517578,51.04683303833008,14,left,29.960005339414938,107.85601922189377
1849.397352068702,-1128.38916015625,272.2323913574219,17.509628295898438,-1128.407961664691,272.23991452310577,0.020250796072355998,1.1901724707049082,0.011352648677633637,88.08517099363296,-0.03962711881162484,7.495999217033386,-1.6499994993209839,5.845999717712402,-18.150009155273438,57.55000305175781,14,left,32.41425358687339,116.69131291274422
1856.1376875150638,-1126.0634002685547,278.5587615966797,17.508056640625,-1125.9229574198273,278.51190683229424,-0.14805256736814296,1.2487863773633692,0.00920438593197459,108.64385819874818,0.014699558102893029,7.495999336242676,-2.6489996910095215,4.846999645233154,-19.899982452392578,57.290042877197266,14,left,34.775337540364546,125.19121514531237
1863.161184111163,-1124.0563049316406,285.28936767578125,17.511871337890625,-1123.728410491903,285.20436914250763,-0.3387322161671473,1.3171540548870448,0.010393521932042127,96.2137768639431,0.12027768670597183,7.495999336242676,-3.6479997634887695,3.8479995727539062,-21.249961853027344,56.60469055175781,14,left,36.34485890515882,130.84149205857176
1870.4527070998952,-1122.4906921386719,292.4108123779297,17.525634765625,-1121.963585574847,292.31877482246904,-0.5350815276596195,1.3979300569093307,0.010708828427235417,93.38089659338759,0.2960894202836073,7.495999336242676,-4.646999835968018,2.848999500274658,-22.149948120117188,55.635746002197266,14,left,35.805799494056295,128.90087817860265
1877.9793402645753,-1121.4593963623047,299.86639404296875,17.556259155273438,-1120.7413439511513,299.79787629990767,-0.7213140413698214,1.4756627226349839,0.008766839674088034,114.06619000409911,0.5112480506899386,7.495999217033386,-5.645999908447266,1.8499993085861206,-22.649940490722656,54.525001525878906,14,left,38.1995001866143,137.51820067181148
1885.793416093628,-1120.9255676269531,307.6620635986328,17.60467529296875,-1120.0423836608775,307.6273443968202,-0.8838661329113874,1.5315051543452451,0.005050874535964811,197.98551575167593,0.7168395662450866,7.944999814033508,-6.644999980926514,1.2999998331069946,-22.649940490722656,53.41426086425781,14,left,40.53533755449306,145.927215196175
1894.0155761361846,-1120.703598022461,315.8809509277344,17.672027587890625,-1119.6913082404596,315.86486272829876,-1.0124176178362843,1.554904785273533,0.0018388156314217974,543.8283115022175,0.9103283376890259,8.694000124931335,-7.644000053405762,1.0500000715255737,-14.429057121276855,52.445316314697266,15,straight,42.855921650711316,154.28131794256075
1902.6956555261736,-1120.5958099365234,324.55992126464844,17.7593994140625,-1119.4954222415247,324.5498424194706,-1.1004338519079337,1.5616372246104908,0.0007050868228981599,1418.2650526493192,1.0917297219824373,9.592999815940857,-8.642999649047852,0.9500001668930054,-12.350028991699219,51.75996398925781,15,straight,45.17658709831358,162.6357135539289
1911.842221533615,-1120.5367126464844,333.7056579589844,17.867462158203125,-1119.391414931679,333.7017756343459,-1.1453042949290269,1.5674065446289414,0.0004957384914101026,2017.1925669026657,1.2608516395598124,9.950016558170319,-9.050016403198242,0.9000001549720764,-12.350028991699219,51.500003814697266,15,straight,47.49944456033158,170.9980004171937
1921.3118576916831,-1120.5188751220703,343.17442321777344,17.994644165039062,-1119.3707949517843,343.174401266341,-1.148080170495949,1.5707772066733205,-3.0320557691643213e-05,32980.92370760102,1.4136695618570339,10.949016451835632,-9.050016403198242,1.8990000486373901,-12.250028610229492,51.45961380004883,15,straight,49.79030238280201,179.24508857808723
1930.876124539765,-1120.5048217773438,352.7376251220703,18.136672973632812,-1119.3919428096453,352.73312865370355,-1.1128880514109827,1.5667559558025794,-3.9777608984159496e-05,25139.771482952296,1.5439560963791732,11.998016834259033,-9.100016593933105,2.8980002403259277,-12.300028800964355,51.35313034057617,15,straight,52.00171548455531,187.20617574439913
1940.4273980720852,-1120.4759979248047,362.2876281738281,18.289764404296875,-1119.4298730688106,362.2868023876313,-1.0461251819221469,1.5700069506314582,0.0004609008776143564,2169.663909463668,1.6519954084897148,12.55001449584961,-9.100016593933105,3.449997901916504,-12.300028800964355,51.20258331298828,15,straight,54.12002222045356,194.83207999363285
1949.9469314028179,-1120.491943359375,371.80577087402344,18.451690673828125,-1119.5363997416732,371.81030184945587,-0.9555543600806538,1.57553806897195,0.000505661356493381,1977.6081109593154,1.7379445553689865,12.55001449584961,-9.100016593933105,3.449997901916504,-12.300028800964355,51.030006408691406,15,straight,56.15183132216774,202.14659275980387
1959.435215275336,-1120.558349609375,381.2923278808594,18.620086669921875,-1119.7089506621246,381.29982558851003,-0.849432038017229,1.5796231718839533,0.0006322058159312638,1581.763366929741,1.8013718833711168,12.55001425743103,-9.050016403198242,3.499997854232788,-12.250028610229492,50.857425689697266,15,straight,58.10631661467978,209.1827398128472
1968.893276051298,-1120.6696319580078,390.74815368652344,18.79296875,-1119.9340632947094,390.7604443885107,-0.7356713395136556,1.5875038878420713,0.0011421193010955344,875.5652750468258,1.8435820283957405,12.339998006820679,-8.84000015258789,3.499997854232788,-12.100028038024902,50.706878662109375,15,straight,59.991237448697625,215.96845481531145
1978.319071907327,-1120.8869171142578,400.16981506347656,18.968215942382812,-1120.2659367111041,400.18868287508207,-0.6212669759577886,1.6011708902803894,0.0013191714127204768,758.0515999340361,1.8610824918105617,12.089627981185913,-8.789629936218262,3.2999980449676514,-12.000027656555176,50.60039520263672,15,straight,61.81256931127912,222.52524952060483
1987.7097717543713,-1121.2237548828125,409.55284118652344,19.143157958984375,-1120.7123076095938,409.57409837509556,-0.5118888369057373,1.6123352341027546,0.0014207885995820568,703.8344763564141,1.8523752796059112,11.613702297210693,-8.663703918457031,2.949998378753662,-11.850027084350586,50.56000518798828,15,straight,63.57525352551672,228.8709126918602
1997.0612223021983,-1121.6717224121094,418.8919677734375,19.315399169921875,-1121.260703035339,418.91541511059813,-0.4116876312212201,1.627781356841042,0.0018969612796602697,527.1588886511652,1.8210624672875264,11.199998617172241,-8.5,2.699998617172241,-11.850027084350586,51.04457092285156,15,straight,65.28329209582924,235.01985154498527
2006.372367899133,-1122.2873229980469,428.1812286376953,19.4830322265625,-1121.9649899412746,428.20607196701127,-0.3232890200728837,1.647717731339806,0.0019910126842567766,502.25697099126677,1.7691760163832004,10.986295700073242,-8.336297035217285,2.649998664855957,-11.700026512145996,52.34321594238281,15,straight,66.94068252709253,240.98645709753313
2015.6436777822728,-1123.076187133789,437.4175109863281,19.644180297851562,-1122.829346206489,437.44078133884017,-0.24793538008207347,1.664791195894426,0.0022295585644338534,448.5192790860498,1.696528365378791,10.96036958694458,-8.210371017456055,2.7499985694885254,-11.550025939941406,54.22333526611328,15,straight,68.5511790981758,246.78424475343286
2024.8758662333785,-1124.0417785644531,446.59779357910156,19.796981811523438,-1123.857347332656,446.6196852966254,-0.1857259447636868,1.6889420686948633,0.0023757913403084086,420.9123852897734,1.603337285102513,10.899998903274536,-8.100000381469727,2.7999985218048096,-11.550025939941406,56.45235061645508,15,straight,70.11813298889139,252.425278760009
2034.0707361684956,-1125.2137451171875,455.716552734375,19.939666748046875,-1125.0791284355641,455.73522007515714,-0.13590482178037533,1.7085879295680728,0.001962207184481035,509.6301796818057,1.4882615150794143,11.040638446807861,-8.0906400680542,2.949998378753662,-11.550025939941406,58.79765701293945,15,straight,71.6446973951735,257.9209106226246
2043.2281963819091,-1126.5445098876953,464.77586364746094,20.070159912109375,-1126.448529667008,464.7907792633726,-0.09713227250102936,1.7249661650209753,0.001788512870513236,559.1237370928383,1.4249929677156377,11.068318605422974,-8.068320274353027,2.9999983310699463,-12.500029563903809,61.026668548583984,15,straight,73.13338691822273,263.28019290560184
