s_m,x_center_m,y_center_m,z_center_m,x_line_m,y_line_m,offset_m,heading_rad,curvature_1_per_m,radius_m,slope_pct,width_m,drive_left_m,drive_right_m,limit_left_m,limit_right_m,segment_id,segment_kind,v_target_ms,v_target_kmh
0.0,-264.9955596923828,-123.68838500976562,12.574722290039062,-266.0469960326327,-124.0751677678585,-1.1203210609267256,-1.2182988678004814,0.000299036233778367,3344.076359459362,-0.7862645137557335,21.799980998039246,-19.949981689453125,1.8499993085861206,-146.61602783203125,1.8499993085861206,0,straight,64.91531137345837,233.6951209444501
10.555296882789316,-261.4010925292969,-133.61245727539062,12.491729736328125,-262.4893907800009,-134.01670462074338,-1.160951764161704,-1.2151424515742395,0.00023801310074879345,4201.449402801703,-0.7861829677394239,21.749980330467224,-19.999980926513672,1.7499994039535522,-146.4279327392578,1.7499994039535522,0,straight,62.97208699816659,226.69951319339972
20.361516884531557,-257.97911071777344,-142.80191040039062,12.414642333984375,-259.10866973807276,-143.22377107921764,-1.2057653223907259,-1.213364381964568,0.00021125923011654224,4733.520989583957,-0.8267097504261134,21.749980330467224,-19.999980926513672,1.7499994039535522,-146.25387573242188,1.7499994039535522,0,straight,61.11142362262265,220.00112504144155
29.736859659287376,-254.68972778320312,-151.5808868408203,12.33349609375,-255.86194547142037,-152.02168595501473,-1.2523570447935142,-1.2111154023349484,0.00022628386172732218,4419.228098577465,-0.688739841197572,21.79998028278351,-19.999980926513672,1.7999993562698364,-146.09600830078125,1.7999993562698364,0,straight,59.277930352659844,213.40054926957544
38.674349784787786,-251.5366668701172,-159.94358825683594,12.287002563476562,-252.75119879830135,-160.40294405592925,-1.2984974219224983,-1.20920885318789,0.00024086783435978143,4151.654381989053,-0.5539897964976448,21.799980998039246,-19.949981689453125,1.8499993085861206,-145.95651245117188,1.8499993085861206,0,straight,57.47563622422991,206.9122904072277
47.161994064531505,-248.52670288085938,-167.8794403076172,12.237258911132812,-249.78095920825095,-168.35707266067706,-1.3421220508922962,-1.2069424084028328,0.0002768810871365407,3611.658746149251,-0.6657297596891709,21.799981713294983,-19.899982452392578,1.8999992609024048,-145.2076873779297,1.8999992609024048,0,straight,55.71010377353217,200.5563735847158
55.24609790362341,-245.64268493652344,-175.43136596679688,12.17730712890625,-246.93244850428036,-175.92594042812135,-1.3813377423742081,-1.2046282121817915,0.00028838982129125723,3467.5287620156923,-0.663066775056409,21.032998204231262,-19.03299903869629,1.9999991655349731,-143.06448364257812,1.9999991655349731,0,straight,53.97484156225142,194.30942962410512
62.95935278089621,-242.8739471435547,-182.6304168701172,12.131942749023438,-244.19351027743033,-183.13981177953104,-1.414471646241254,-1.2023881507521392,0.0002737387942840924,3653.1175736902564,-0.6306200943512974,20.133997678756714,-18.033998489379883,2.099999189376831,-139.68185424804688,2.099999189376831,0,straight,52.26550151715405,188.1558054617546
70.4129732729264,-240.18360900878906,-189.58139038085938,12.081878662109375,-241.52614191172566,-190.1026167028454,-1.4401636970144893,-1.2004679352209835,0.0002512964799157996,3979.363341400818,-0.7048970795721088,19.234997034072876,-17.034997940063477,2.1999990940093994,-135.2147216796875,2.1999990940093994,0,straight,50.55882324555501,182.01176368399805
77.62775252523295,-237.56805419921875,-196.30516052246094,12.028701782226562,-238.92579314453695,-196.8350560322946,-1.4574787459773264,-1.198699060420229,0.0005348369094918953,1869.728850520092,-0.6537527467320947,18.335996389389038,-16.03599739074707,2.2999989986419678,-129.8179931640625,2.2999989986419678,0,straight,48.85007518171255,175.86027065416516
84.66086230355891,-234.99740600585938,-202.8515167236328,11.988433837890625,-236.35999588891784,-203.3923501898552,-1.465998645156064,-1.1929515591212783,0.0015941566527455514,627.2909241872438,-0.7377418457783946,17.486995697021484,-15.036996841430664,2.4499988555908203,-123.64662170410156,2.4499988555908203,0,straight,47.12475261089507,169.64910939922225
91.59830462812306,-232.39511108398438,-209.28208923339844,11.925949096679688,-233.7485329687239,-209.84510945156373,-1.465858985085116,-1.1765754585215462,0.003753483587621037,266.41917478951905,-0.8808498580215374,16.68799591064453,-14.037997245788574,2.649998664855957,-116.85553741455078,2.649998664855957,0,straight,45.358650404840354,163.29114145742528
98.48386352234945,-229.65185546875,-215.59730529785156,11.866653442382812,-230.97711457426766,-216.20443173005512,-1.4577085447501845,-1.1412111519449246,0.006138462119081631,162.90725276147978,-0.9253198340032909,15.988996028900146,-13.038997650146484,2.949998378753662,-109.97122955322266,2.949998378753662,1,left,43.534969483655985,156.72589014116156
105.29979614519242,-226.67413330078125,-221.72801208496094,11.79925537109375,-227.95491083067355,-222.39185186146716,-1.4425929189999736,-1.092608259947768,0.0076043755027862675,131.50323779166308,-1.361703378361978,15.489995956420898,-12.039998054504395,3.449997901916504,-103.15663146972656,3.449997901916504,1,left,41.65116145164073,149.94418122590665
112.05542503826459,-223.41529846191406,-227.64450073242188,11.682296752929688,-224.6400674721864,-228.36661499016967,-1.421797499563875,-1.0380647689126719,0.008669737709613323,115.34374320126932,-1.9589221909942056,15.140995979309082,-11.040998458862305,4.099997520446777,-96.40301513671875,4.099997520446777,1,left,39.69590310866037,142.9052511911773
118.7435247311169,-219.8529815673828,-233.3030548095703,11.536209106445312,-221.00989964963742,-234.08551116102228,-1.39667368808007,-0.9761347454908378,0.009683423104158553,103.26926637859594,-2.327272500861577,15.14099645614624,-10.041998863220215,5.098997592926025,-89.71751403808594,5.100001335144043,1,left,37.660325336401925,135.57717121104693
125.35952995005626,-215.9763641357422,-238.66184997558594,11.372879028320312,-217.05620731097974,-239.50252013405242,-1.3684983004896831,-0.9092962540635804,0.00997040557583638,100.2968226712396,-2.794665997672452,15.140996932983398,-9.042999267578125,6.097997665405273,-83.10452270507812,6.300005912780762,1,left,37.11437137507255,133.6117369502612
131.92521004192096,-211.79013061523438,-243.71572875976562,11.16815185546875,-212.79093405910425,-244.6043634790002,-1.3383867891946912,-0.8446947474707618,0.010051354688148606,99.48907694791471,-3.374775361473925,15.140997409820557,-8.043999671936035,7.0969977378845215,-76.54303741455078,7.80001163482666,1,left,36.964617985347296,133.07262474725027
138.46909060296255,-207.29176330566406,-248.46237182617188,10.930572509765625,-208.20884133664322,-249.39398367265048,-1.307261545140801,-0.7775366414289747,0.010347203395478531,96.64447114637517,-3.86194342077949,15.140997409820557,-7.044999599456787,8.09599781036377,-70.00447082519531,9.600018501281738,1,left,36.43233682766337,131.15641257958814
145.02650332299874,-202.47434997558594,-252.90310668945312,10.662124633789062,-203.30516489467288,-253.87140180968893,-1.2758718076867788,-0.7091307126794588,0.010121767856202009,98.79697047065353,-4.311962266800451,13.789000034332275,-6.045999526977539,7.743000507354736,-63.453556060791016,11.550025939941406,1,left,36.83581942137239,132.60894991694062
151.61410976940087,-197.3477020263672,-257.02923583984375,10.363632202148438,-198.0955979740715,-258.0243485277201,-1.24482834566261,-0.6445045769835757,0.009791019968606256,102.13440511881106,-4.768668934755349,11.79099988937378,-5.046999454498291,6.744000434875488,-56.873714447021484,13.90003490447998,1,left,37.45282258924888,134.83016132129598
158.24590178695314,-191.932373046875,-260.8429718017578,10.031524658203125,-192.5977256854903,-261.8591788396799,-1.2146484584581245,-0.5797010243611448,0.00979122974377468,102.13221690930149,-5.287373877756485,9.792999744415283,-4.047999382019043,5.74500036239624,-50.251243591308594,16.450035095214844,1,left,37.452421377426944,134.828716958737
164.9311533770866,-186.2355499267578,-264.3215026855469,9.659210205078125,-186.8186777982385,-265.35400757527077,-1.185792756682777,-0.5141122416605028,0.009630803111949776,103.8335005269927,-5.492286693095538,8.396000623703003,-3.6500003337860107,4.746000289916992,-45.5620231628418,19.349990844726562,1,left,37.763067886994,135.9470443931784
171.6789741301509,-180.26658630371094,-267.44737243652344,9.293838500976562,-180.77094673708717,-268.4905391482655,-1.1586959200938667,-0.45035240034629376,0.008485989997073302,117.84128903579735,-5.193490841657422,7.140000820159912,-2.950000286102295,4.190000534057617,-43.418827056884766,22.549942016601562,1,left,39.811053591281194,143.31979292861232
178.4988191644993,-174.0524139404297,-270.2365417480469,8.95489501953125,-174.49301465168946,-271.28123241577043,-1.1338022658256202,-0.39911661923831776,0.005328368161375212,187.6747194852068,-4.194955870631889,6.9800004959106445,-3.5500001907348633,3.4300003051757812,-42.67000198364258,25.899890899658203,1,left,41.77901889150297,150.4044680094107
185.4018499731338,-167.6603240966797,-272.8322296142578,8.719467163085938,-168.07016542991775,-273.865539576857,-1.111620167699855,-0.37759750079436605,0.0013338682642141664,749.6992220510913,-2.6768529140233532,7.012222766876221,-4.522222518920898,2.4900002479553223,-39.62766647338867,28.99984359741211,2,straight,43.68078956354902,157.25084242877648
192.388751383063,-161.1659698486328,-275.40553283691406,8.584320068359375,-161.57221630704285,-276.420019424277,-1.0928033770582823,-0.38089025913051927,-0.001351992179615718,739.6492487731948,-1.5397427993767865,7.2702226638793945,-5.5212225914001465,1.749000072479248,-38.560001373291016,31.599803924560547,2,straight,45.52483919455868,163.88942110041125
199.44355524545264,-154.6304473876953,-278.06085205078125,8.503799438476562,-155.04706119314676,-279.0553682178855,-1.0782529710250681,-0.3967019632955617,-0.002583192316207874,387.1179059048921,-0.8649946510627338,7.270222783088684,-6.5202226638793945,0.7500001192092896,-34.29976272583008,32.98948669433594,2,straight,47.31394388366423,170.33019798119122
206.56987768942076,-148.08978271484375,-280.88970947265625,8.462051391601562,-148.52339356636742,-281.8670512536167,-1.0692124799917015,-0.41757199146838536,-0.002206609925317196,453.183858427652,-0.9284043801947583,8.631482243537903,-7.341482162475586,1.290000081062317,-35.19974899291992,35.57032012939453,2,straight,49.054983655560555,176.597941160018
213.75014258816145,-141.54627990722656,-283.8444366455078,8.37060546875,-141.98945953427298,-284.8153943535573,-1.067317690591543,-0.42819283610925457,-0.0020066896543718543,498.3331616931198,-1.378165106686835,9.288519144058228,-7.418519020080566,1.8700001239776611,-35.19974899291992,36.96000289916992,2,straight,50.74882834335453,182.6957820360763
220.99444034148226,-134.984130859375,-286.91143798828125,8.26312255859375,-135.44822041088457,-287.8806117852393,-1.0745589609372164,-0.44658547030493384,-0.001854340304958374,539.2753408455131,-1.4056931577378307,10.317003011703491,-7.448002815246582,2.869000196456909,-34.29976272583008,38.09970474243164,2,straight,52.402321747489864,188.64835829096353
228.30544006294184,-128.4065399169922,-290.1015167236328,8.166107177734375,-128.88701833063058,-291.083386902447,-1.0931278763333425,-0.4550915658781529,-0.0003892374405624621,2569.125926208342,-1.232236125218511,10.279002904891968,-6.449002742767334,3.830000162124634,-30.849815368652344,38.999691009521484,2,straight,54.01975103579702,194.47110372886928
235.64115328375496,-121.81578063964844,-293.32139587402344,8.082687377929688,-122.30746158056834,-294.3334372503477,-1.1251568313155935,-0.45224818691786906,0.0009018941883581558,1108.7775183699098,-1.255886438348086,10.190002918243408,-5.450002670288086,4.740000247955322,-29.199840545654297,39.59968185424805,2,straight,55.59537331505489,200.14334393419762
243.0529988979489,-115.13470458984375,-296.5289306640625,7.980712890625,-115.63589087698296,-297.5888039188298,-1.172398827442018,-0.441712114199174,0.00184174638697129,542.9629220798837,-1.4668336261624226,9.95481014251709,-4.59999942779541,5.35481071472168,-27.349868774414062,39.949676513671875,2,straight,57.143241307970094,205.71566870869233
250.5489363272832,-108.33447265625,-299.68048095703125,7.863861083984375,-108.8437557454383,-300.8065986954692,-1.2359249272337587,-0.42472075491340494,0.002597986398580481,384.91348551570246,-1.3797154815906931,10.303808212280273,-3.9499974250793457,6.353810787200928,-25.549896240234375,40.249671936035156,2,straight,58.66714905308717,211.20173659111381
258.1169889042825,-101.40690612792969,-302.72613525390625,7.77313232421875,-101.92241234275704,-303.93687928346924,-1.3159208800866564,-0.402528067823059,0.0031272354326134094,319.7712553302413,-1.1867060005995134,10.702808856964111,-3.3499979972839355,7.352810859680176,-23.649925231933594,40.249671936035156,2,straight,60.16657384204304,216.59966583135497
265.75114434442503,-94.34819030761719,-305.6324768066406,7.6834716796875,-94.86806120908226,-306.9448962127616,-1.4116339652165482,-0.3771540027715163,0.00347572762686775,287.70954095191235,-1.1936350055069822,11.301808834075928,-2.949998378753662,8.351810455322266,-21.549957275390625,40.14967346191406,2,straight,61.64215411204198,221.91175480335113
273.44994622298105,-87.1536865234375,-308.37144470214844,7.590087890625,-87.67428397449277,-309.8011102632002,-1.521501009694941,-0.3492151523429899,0.0037083293301612384,269.66321245166216,-1.1501025928684405,11.75999903678894,-2.699998617172241,9.0600004196167,-20.549972534179688,39.949676513671875,2,straight,60.856836590568264,219.08461172604575
281.21334680435723,-79.82269287109375,-310.9248352050781,7.5057220458984375,-80.33934261414618,-312.4848963638527,-1.643386070317421,-0.3198047700258586,0.0037708333780617845,265.1933670201047,-1.128340665761729,11.7000150680542,-2.649998664855957,9.050016403198242,-16.300037384033203,39.649681091308594,2,straight,60.35035793310689,217.2612885591848
289.0364352573713,-72.36248779296875,-313.27806091308594,7.4141693115234375,-72.87076795691569,-314.9785888234293,-1.7748644733947017,-0.2904431968574071,0.0039082711640739815,255.86760949247957,-1.1587700362399755,11.850014925003052,-2.7999985218048096,9.050016403198242,-13.300032615661621,39.09968948364258,2,straight,59.18804165842213,213.07694997031967
296.92013847106955,-64.7755126953125,-315.41871643066406,7.32373046875,-65.26446614824368,-317.26865106553834,-1.9134611656474105,-0.25839949638205006,0.004139726634882244,241.5618441019223,-1.2752784863439448,12.69901442527771,-3.7989985942840576,8.900015830993652,-9.800019264221191,38.44969940185547,2,straight,57.59870108688043,207.35532391276956
304.8607270106968,-57.06736755371094,-317.3226623535156,7.21221923828125,-57.52609929241419,-319.327627293092,-2.0567739829704506,-0.22492637097777846,0.004158404007770455,240.47687481336234,-1.2611191915816666,13.298012733459473,-4.797998428344727,8.500014305114746,-8.725015640258789,37.79970932006836,2,straight,57.46920391554696,206.88913409596907
312.8552404935774,-49.24708557128906,-318.98020935058594,7.1229248046875,-49.66766755926292,-321.14212861081234,-2.202449567265007,-0.19214107717269932,0.003920507303605611,255.0690312654998,-1.2719270256150161,14.44801139831543,-4.948997497558594,9.499013900756836,-7.65001106262207,36.899723052978516,3,straight,59.08411143554297,212.7028011679547
320.9047231408849,-41.32569885253906,-320.40589904785156,7.0079803466796875,-41.70452303443809,-322.7231626146064,-2.348024318145092,-0.1620456754124173,0.003878987634243901,257.79922348087655,-1.3076245238111406,14.448010921478271,-3.9499974250793457,10.498013496398926,-8.800015449523926,35.99973678588867,3,straight,59.503063242881524,214.2110276743735
329.01110482482864,-33.30583190917969,-321.58314514160156,6.91180419921875,-33.62736720365166,-324.05298372705295,-2.490680144814983,-0.12945666968893815,0.003872119071847132,258.256520898508,-1.1558356516569834,15.797011375427246,-4.2999982833862305,11.497013092041016,-10.100020408630371,34.89975357055664,3,straight,59.555814644920346,214.40093272171325
337.1704921070653,-25.200790405273438,-322.51881408691406,6.82000732421875,-25.460643690734383,-325.13292948557506,-2.626998867049875,-0.09907842719856366,0.0037910515855133047,263.7790537647356,-1.1374340074567946,17.046011924743652,-4.549999237060547,12.496012687683105,-11.700026512145996,33.699771881103516,3,straight,60.189214352779835,216.68117167000742
345.3817572373648,-17.0189208984375,-323.20654296875,6.7255859375,-17.20428606175424,-325.9531085931708,-2.7528136466207513,-0.06738760948049483,0.003963097859490682,252.32785953171367,-1.172240135997965,18.395012855529785,-4.90000057220459,13.495012283325195,-13.450033187866211,32.34979248046875,3,straight,58.868249700569116,211.9256989220488
353.6426293059654,-8.76953125,-323.630615234375,6.62689208984375,-8.866254682645504,-326.49223134954286,-2.8632502882233557,-0.03378741934433631,0.004194547141018994,238.4047589359234,-1.1361292737196826,19.94401454925537,-5.450002670288086,14.494011878967285,-15.300040245056152,30.89981460571289,3,straight,57.2210709374263,205.99585537473467
361.9504542346702,-0.4633331298828125,-323.7685241699219,6.5373992919921875,-0.4570652235970307,-326.72153312794313,-2.9530156099829807,0.0021225458378742335,0.004341997947214525,230.3087224261631,-1.0443310905707992,21.643016815185547,-6.150005340576172,15.493011474609375,-17.200023651123047,29.349838256835938,3,straight,56.241088127817406,202.46791726014266
370.30200347480076,7.8861541748046875,-323.60328674316406,6.45294189453125,8.002425597323068,-326.6179699467985,-3.016924570149202,0.03854926507161333,0.004202708969826275,237.9417673647139,-0.9984987910811982,23.292019844055176,-6.8000078201293945,16.49201202392578,-19.04999542236328,27.749862670898438,3,straight,57.16548113142214,205.79573207311972
378.69729677391234,16.268264770507812,-323.1403350830078,6.3701934814453125,16.489209622340738,-326.1829002554265,-3.0505769054338736,0.07249070738724539,0.0037689790422415622,265.3238420252027,-0.9802730361503253,24.791022300720215,-7.300009727478027,17.491012573242188,-20.64997100830078,26.149887084960938,4,straight,58.86893084149961,211.9281510293986
387.1401131223129,24.6787109375,-322.4063262939453,6.2878875732421875,24.989332608874115,-325.4414986891846,-3.0510256130602533,0.10198563737684857,0.003225519962354528,310.02753406307596,-0.9326387207393705,26.340024948120117,-7.850011825561523,18.490013122558594,-22.199947357177734,24.64990997314453,4,straight,60.53369876794254,217.92131556459316
395.6337893850939,33.11639404296875,-321.4355926513672,6.2122802734375,33.49883320299633,-324.4285170187275,-3.0172596805482232,0.12709236200016683,0.002745652223275839,364.212186642815,-0.8858707178682312,26.789021492004395,-8.600014686584473,18.189006805419922,-23.799922943115234,23.04993438720703,4,straight,62.16352467853575,223.7886888427287
404.17921272599966,41.58064270019531,-320.26295471191406,6.1369476318359375,42.01788425455144,-323.1807365351167,-2.950361154954985,0.14874725012352433,0.0024530918711005364,407.6488173071837,-0.9264384754440025,26.690024375915527,-9.500018119812012,17.190006256103516,-25.399898529052734,21.399959564208984,4,straight,63.76125192934349,229.54050694563657
412.77609562531717,50.06925964355469,-318.90545654296875,6.0534210205078125,50.54955472867088,-321.7180298047054,-2.8532878791707166,0.1691356525373193,0.00249247649998457,401.20739353257324,-0.850649782263363,26.69002342224121,-10.499017715454102,16.19100570678711,-26.89987564086914,19.799983978271484,4,straight,65.3291838199341,235.18506175176276
421.4251462577619,58.579681396484375,-317.3644104003906,5.9903717041015625,59.1000097600625,-320.0447196684569,-2.730347849345552,0.19174498371778506,0.0028177622071336363,354.8915509862162,-0.33316223275347556,26.69002342224121,-11.498017311096191,15.19200611114502,-28.349853515625,18.200008392333984,4,straight,66.86954094854413,240.73034741475885
430.1235060489882,67.0985107421875,-315.6062927246094,5.9960174560546875,67.65800792109798,-318.13156876154085,-2.5865142868171427,0.21803667383682174,0.0028102333020480538,355.84234208284977,-0.04012642033560665,26.69002342224121,-12.497016906738281,14.19300651550293,-29.899829864501953,16.50003433227539,4,straight,68.38369461789594,246.1813006244254
438.86759232559325,75.61370849609375,-313.61875915527344,5.9832763671875,76.19230745503938,-315.9755375366025,-2.426763501866828,0.24074285361946285,0.0025403957691303644,393.6394526205351,-0.2513268761073162,26.69002342224121,-13.496016502380371,13.19400691986084,-31.349807739257812,14.850038528442383,4,straight,69.87274473562663,251.54188104825585
447.65626054974695,84.12588500976562,-311.4318542480469,5.9518585205078125,84.71135407863405,-313.61012332339067,-2.2555775746359865,0.2625717718879981,0.0024450401061630895,408.99124618829376,-0.3744508694331461,26.69002342224121,-14.495016098022461,12.19500732421875,-32.84978485107422,13.200032234191895,4,straight,71.33807441723889,256.81706790206
456.4916953720612,92.63388061523438,-309.04905700683594,5.917266845703125,93.21542672571915,-311.0426568037572,-2.0766887173826585,0.2838308614316226,0.002274361571945648,439.68382702866813,-0.4425330379950021,26.69002342224121,-15.49401569366455,11.19600772857666,-34.29976272583008,11.75002670288086,4,straight,72.78146975031542,262.0132911011355
465.37508006903386,101.13760375976562,-306.4801483154297,5.8733978271484375,101.70220944558616,-308.28705637259264,-1.8930653204528443,0.3028581045086714,0.0019225319944926635,520.147390454165,-0.536780217386823,26.69002342224121,-16.49301528930664,10.19700813293457,-35.5997428894043,10.500021934509277,4,straight,74.20439844322979,267.1358343956273
474.30728449654214,109.64237976074219,-303.7506103515625,5.82159423828125,110.1762273754886,-305.3720734816503,-1.7070840512419625,0.31806042456138467,0.0015411608122530979,648.8615542579566,-0.6375922743174167,26.690024375915527,-17.492015838623047,9.19800853729248,-36.79972457885742,9.400017738342285,4,straight,75.60815147431433,272.1893453075316
483.2887450619855,118.15545654296875,-300.8887481689453,5.759124755859375,118.64891054427838,-302.32727295826123,-1.5208058458872695,0.3304500579060523,0.0013371705125458204,747.847780531829,-0.7274599691747097,26.690025329589844,-18.491016387939453,8.19900894165039,-37.99970626831055,8.300013542175293,4,straight,75.26002179127237,270.93607844858053
492.3188083066578,126.68002319335938,-297.91064453125,5.6905364990234375,127.1283480733501,-299.16946300531265,-1.3362706120618195,0.3421407804636446,0.0013605806871793448,734.9802987966307,-0.7406335347323489,26.350003242492676,-19.149993896484375,7.200009346008301,-38.849693298339844,7.200009346008301,4,straight,73.83405089110462,265.8025832079767
501.39652902589535,135.2122344970703,-294.8119201660156,5.625030517578125,135.61405817483362,-295.8955536117558,-1.1557351395272326,0.35509346033458816,0.0014127832797392707,707.8226465028309,-0.7429083156793748,25.79999351501465,-19.54998779296875,6.250005722045898,-40.69966506958008,6.250005722045898,4,straight,72.37224063393711,260.5400662821736
510.52206242485084,143.74835205078125,-291.5862121582031,5.5552825927734375,144.1014212654169,-292.50232454862834,-0.9817941648909874,0.36785668342510897,0.001327741081506375,753.1588906366144,-0.8409912962042077,25.24998664855957,-19.799983978271484,5.450002670288086,-42.849632263183594,5.450002670288086,4,straight,70.87234761196704,255.14045140308136
519.6949748926761,152.28807067871094,-288.2383117675781,5.4710693359375,152.59077423633852,-288.9975444619713,-0.8173516550640424,0.3793823241256545,0.0011444061664582054,873.8156340898402,-0.9305281269446519,24.649982452392578,-19.899982452392578,4.75,-43.54962158203125,4.75,4,straight,69.33197390013508,249.59510604048631
528.9144354647564,160.83531188964844,-284.7835235595703,5.384124755859375,161.08761753353764,-285.3992586701153,-0.6654230716590586,0.3888945678190793,0.0009354602882644496,1068.9924655757331,-0.9308642349025342,24.04998016357422,-19.899982452392578,4.149997711181641,-44.14961242675781,4.149997711181641,4,straight,67.74850275231147,243.89460990832129
538.1798771848677,169.394775390625,-281.2371520996094,5.29901123046875,169.5990808613171,-281.7249083247142,-0.528816471456041,0.3966653383952334,0.0008569754380753289,1166.8945871376295,-0.9634432720435737,23.54998016357422,-19.899982452392578,3.6499977111816406,-44.64960479736328,3.6499977111816406,4,straight,66.11893877945754,238.02817960604713
547.4910372968831,177.96829223632812,-277.60621643066406,5.205108642578125,178.1296792266212,-277.9828649766761,-0.40976809032529043,0.4048159360194217,0.0008735400592811277,1144.767191126806,-1.051293317819113,22.849984407424927,-19.649986267089844,3.199998140335083,-45.0995979309082,3.199998140335083,4,straight,64.43983326828494,231.9833997658258
556.8473874055804,186.5532684326172,-273.8874816894531,5.10272216796875,186.6775304139699,-274.17107529143163,-0.3096229498807192,0.41297199168433957,0.0008245466754546182,1212.7876198744536,-1.1309481770737595,22.19998860359192,-19.39999008178711,2.7999985218048096,-45.44959259033203,2.7999985218048096,4,straight,62.70730583181829,225.74630099454583
566.2487815076936,195.14984130859375,-270.0831298828125,4.9929351806640625,195.24315064521093,-270.29191932056017,-0.22869119269207835,0.42027831226488843,0.0007414810946266247,1348.6520522867186,-1.192669899130916,21.74999189376831,-19.199993133544922,2.5499987602233887,-45.699588775634766,2.5499987602233887,4,straight,60.916826755380484,219.30057631936975
575.6946430832056,203.7605438232422,-266.20152282714844,4.8779144287109375,203.8294153239425,-266.35291303748335,-0.16631981058781653,0.4269436954831196,0.000638793682243774,1565.4506733496214,-1.2313836247406007,21.749988317489624,-19.449989318847656,2.2999989986419678,-45.9495849609375,2.2999989986419678,4,straight,59.063240827194576,212.62766697790047
585.1724900365457,212.37608337402344,-262.2533416748047,4.7599029541015625,212.42686377260648,-262.36337900155706,-0.12118936487603157,0.43236237423126367,0.000501039350687002,1995.8512213239264,-1.2585204095355185,21.749985456466675,-19.649986267089844,2.099999189376831,-46.09958267211914,2.099999189376831,4,straight,57.14297846929005,205.71472248944417
594.5929312782118,220.92071533203125,-258.2885437011719,4.6400909423828125,220.9595051129173,-258.37170949023215,-0.0917670723691673,0.43642057194933687,0.000373665672585545,2676.1890999528873,-1.2856342883547367,21.749983191490173,-19.799983978271484,1.949999213218689,-46.24958038330078,1.949999213218689,4,straight,55.168153129753755,198.60535126711352
603.7199534389943,229.18603515625,-254.41905212402344,4.5215301513671875,229.2186995528452,-254.4885571528609,-0.07679786350299272,0.43932592319110764,0.0003051650318939697,3276.915424397158,-1.2779113641982032,21.799981713294983,-19.899982452392578,1.8999992609024048,-46.349578857421875,1.8999992609024048,4,straight,53.184946272366375,191.46580658051894
612.4156135594144,237.050537109375,-250.71066284179688,4.4121551513671875,237.08290870297637,-250.7790919448196,-0.07569981646468897,0.44187051573795016,0.00029646235070980576,3373.1095958921846,-1.1860388101068764,21.7499817609787,-19.899982452392578,1.8499993085861206,-46.44957733154297,1.8499993085861206,4,straight,51.22409480038984,184.40674128140344
620.6722795609628,244.51010131835938,-247.17245483398438,4.319854736328125,244.54824856978556,-247.25257868426755,-0.08874144564729355,0.44434836799986094,0.0003700122925411539,2702.612913566316,-1.087397328551326,21.699981808662415,-19.899982452392578,1.7999993562698364,-46.499576568603516,1.7999993562698364,4,straight,49.29008971161313,177.44432296180727
628.4777377089735,251.5520782470703,-243.80661010742188,4.2372283935546875,251.6027188134968,-243.91204847948106,-0.1169688730837793,0.4477523358757709,0.0004549536992566744,2198.0258686408065,-1.0673983044622193,21.64998185634613,-19.899982452392578,1.7499994039535522,-46.499576568603516,1.7499994039535522,4,straight,47.38925233786779,170.60130841632403
635.8072084375253,258.1536407470703,-240.6231689453125,4.15838623046875,258.2242232441641,-240.76883306524255,-0.1618639080554739,0.4512166597831545,0.00045354970697409486,2204.8299990570085,-1.1150566907128567,21.64998185634613,-19.899982452392578,1.7499994039535522,-46.499576568603516,1.7499994039535522,4,straight,45.53214445102583,163.91572002369298
642.6983980431625,264.3504638671875,-237.60960388183594,4.0789947509765625,264.44910489266533,-237.8116260181334,-0.2248176938355093,0.45421835997045373,0.0003646178128831126,2742.5977685861853,-1.1181264684804404,21.649982571601868,-19.84998321533203,1.7999993562698364,-46.499576568603516,1.7999993562698364,4,straight,43.714185457743135,157.3710676478753
649.1540459371081,270.14845275878906,-234.7716827392578,4.0088653564453125,270.2834805013036,-235.0468821661293,-0.3065407245358548,0.4561430194456371,0.0003826271819914878,2613.5100877967593,-1.050766445680268,21.699982523918152,-19.84998321533203,1.8499993085861206,-46.44957733154297,1.8499993085861206,4,straight,41.939697617161066,150.98291142177985
655.1992692394364,275.5723114013672,-232.10284423828125,3.947357177734375,275.7524048869529,-232.46731573553308,-0.40653798821192344,0.4589343830214212,0.0005214595197498353,1917.6943983681406,-1.0426255437279486,21.749982476234436,-19.84998321533203,1.8999992609024048,-46.349578857421875,1.8999992609024048,4,straight,40.207082694332456,144.74549769959685
660.8679176666415,280.6502990722656,-229.58412170410156,3.8869171142578125,280.88340688783614,-230.05202038614374,-0.5227508300680664,0.4622077576190801,0.0006470809771055713,1545.4016350056445,-1.0514904156625815,21.749983191490173,-19.799983978271484,1.949999213218689,-46.29957962036133,1.949999213218689,4,straight,38.5116455142957,138.64192385146453
666.161313264406,285.3838195800781,-227.2154083251953,3.8319854736328125,285.6764964307277,-227.79736876353908,-0.6514120744225089,0.4659771861746468,0.0006520416993767222,1533.644245384745,-0.9799230016153682,21.799983978271484,-19.749984741210938,2.049999237060547,-46.199581146240234,2.049999237060547,4,straight,36.85809455553833,132.689140399938
671.2454150590858,289.92225646972656,-224.92445373535156,3.7849884033203125,290.2780223788583,-225.6265671225691,-0.7871039261815401,0.46899896144027137,0.0006150252979442022,1625.9493769485955,-0.8767873117848102,21.849984645843506,-19.69998550415039,2.1499991416931152,-46.09958267211914,2.1499991416931152,4,straight,35.19686124658083,126.70870048769099
676.1760254246742,294.3177490234375,-222.6908721923828,3.7440338134765625,294.73750410120863,-223.51287579677953,-0.922975758595981,0.4721302386926262,0.0011482640967511726,870.8797939684243,-0.8195702783575287,21.84998607635498,-19.599987030029297,2.2499990463256836,-45.99958419799805,2.2499990463256836,4,straight,33.50720446655687,120.62593607960474
680.9792579104393,298.58868408203125,-220.4934539794922,3.7051849365234375,299.07409580953396,-221.42573596633434,-1.0510824174095528,0.48004693304297574,0.00314225263905029,318.24302972094523,-0.8589520633606518,21.689011812210083,-19.289012908935547,2.399998903274536,-45.72618865966797,2.399998903274536,4,straight,31.774918497437497,114.38970659077499
685.618835274144,302.6846160888672,-218.31463623046875,3.6630859375,303.2434584566227,-219.33438566514664,-1.1628386395044172,0.5013212454598892,0.00734521938005421,136.1429724911252,-1.0685444538985622,20.84001111984253,-18.29001235961914,2.5499987602233887,-44.9437141418457,2.5499987602233887,5,left,30.006853151700735,108.02467134612264
690.0421973902231,306.5228729248047,-216.11668395996094,3.6090240478515625,307.1711696260353,-217.18495907464572,-1.2496000694147136,0.5454505895044,0.013326579529117921,75.03800940181605,-1.454984130026865,20.191010236740112,-17.291011810302734,2.899998426437378,-43.70872497558594,5.041151523590088,5,left,28.218213947852277,101.5855702122682
694.2725166249434,310.06932067871094,-213.81163024902344,3.538055419921875,310.8217246825543,-214.8759153008494,-1.3033857665863047,0.615379995634309,0.019080639115781298,52.409145937512946,-1.9619752528286794,19.792009115219116,-16.292011260986328,3.499997854232788,-42.077789306640625,9.269875526428223,5,left,26.394487347635895,95.02015445148922
698.3784039007437,313.3232116699219,-211.30921936035156,3.4461669921875,314.1759890464185,-212.31372513754582,-1.3176726111903139,0.7038854402404283,0.0228900018188751,43.68719617904966,-2.6110236692163946,19.69300937652588,-15.293010711669922,4.399998664855957,-40.107460021972656,13.373734474182129,5,left,24.494896454630464,88.18162723666967
702.4156842673519,316.27891540527344,-208.56167602539062,3.3259429931640625,317.2044224666488,-209.45767680611823,-1.288169522896783,0.8015955683924102,0.024982006433660886,40.02881044224674,-3.4188441969160213,19.693009853363037,-14.294011116027832,5.398998737335205,-37.854312896728516,17.40822410583496,5,left,23.446869356351534,84.40872968286553
706.390903865235,318.9041748046875,-205.58058166503906,3.1727752685546875,319.85763366315683,-206.33106950514082,-1.2133902063781004,0.9039576904212656,0.026472271300946065,37.77537592568651,-4.200094309872748,19.693010330200195,-13.295011520385742,6.397998809814453,-35.374908447265625,21.379491806030273,5,left,22.777335510620606,81.99840783823419
710.3039579568269,321.16725158691406,-202.39328002929688,2.99505615234375,322.09461860996925,-202.9752988499977,-1.0948769351393712,1.010326997783326,0.027609378031432777,36.21957723428315,-4.932101209167761,19.693010807037354,-12.296011924743652,7.396998882293701,-32.72581100463867,25.287508010864258,5,left,22.303355660878584,80.2920803791629
714.158366695139,323.0470886230469,-199.03460693359375,2.790130615234375,323.8898239509389,-199.44422674701434,-0.9370118592760491,1.1183628951604425,0.028022777954575445,35.68525581657132,-5.811673290424901,19.69301128387451,-11.297012329101562,8.39599895477295,-29.963584899902344,29.135465621948242,5,left,22.13823171314255,79.69763416731318
717.9739663109801,324.5386657714844,-195.53086853027344,2.5496826171875,325.2410194294261,-195.7836986415625,-0.7464741964720514,1.2252624328358308,0.028469735968236404,35.125018409573485,-6.710322196602069,20.41499900817871,-11.020000457763672,9.394998550415039,-27.144792556762695,32.942481994628906,5,left,21.96376567979822,79.0695564472736
721.7726262729988,325.6378173828125,-191.90476989746094,2.279327392578125,326.154629126729,-192.02887457885618,-0.5315038575534549,1.3351235318492118,0.02876130321422768,34.768939103750995,-7.447642061724053,20.43600845336914,-10.23900032043457,10.19700813293457,-24.326000213623047,36.73051071166992,5,left,21.85215343280648,78.66775235810334
725.5690924405435,326.3337860107422,-188.18434143066406,1.984039306640625,326.6325230974179,-188.22251289749153,-0.3011659141324854,1.4437088589426745,0.029938001666602793,33.40236302797543,-7.747626542757594,18.43800926208496,-9.24000072479248,9.19800853729248,-21.563772201538086,40.51447677612305,5,left,21.418404558374895,77.10625641014963
729.3665518229773,326.606201171875,-184.40802001953125,1.69097900390625,326.67095907986936,-184.40855902398275,-0.06476015112401547,1.5624731424682012,0.032141655638679156,31.1122740919607,-5.973002381469142,16.609009742736816,-8.410000801086426,8.19900894165039,-18.914676666259766,44.29961013793945,5,left,20.67113863286172,74.4160990783022
733.1322257940885,326.4064025878906,-180.6510467529297,1.53118896484375,326.2389625105004,-180.6705487836543,0.1685719689593325,1.6867456023209357,0.03360522899347332,29.757273791951135,-3.329080499462536,15.11282205581665,-7.91281270980835,7.200009346008301,-16.435272216796875,44.29961013793945,5,left,20.215993625312038,72.77757705112334
736.8141375097833,325.76417541503906,-177.0266876220703,1.4415283203125,325.3854120367816,-177.12012220983527,0.39011757061148217,1.8126509314674446,0.03345376885075735,29.89199825171152,-1.6597257248425672,13.699012279510498,-7.349006175994873,6.350006103515625,-14.182123184204102,45.78008270263672,5,left,20.261705357373206,72.94213928654354
740.4142111724686,324.72174072265625,-173.58099365234375,1.4090728759765625,324.16776683774725,-173.78930813881115,0.59184625573992,1.9304755351176572,0.03355472338061011,29.802063591972832,-0.2520113355902909,12.350010871887207,-6.350006103515625,6.000004768371582,-12.211796760559082,48.5295295715332,5,left,20.23120217318177,72.83232782345438
743.9212155713218,323.3087921142578,-170.37124633789062,1.42242431640625,322.62875803818224,-170.72543402778464,0.7667432844808133,2.050975144999297,0.034493089468391025,28.99131435925407,0.3026168198789314,12.350010871887207,-6.100005149841309,6.250005722045898,-10.580857276916504,50.01000213623047,5,left,19.954115149762853,71.83481453914627
747.355672755563,321.5609588623047,-167.41481018066406,1.4301910400390625,320.8100611620627,-167.92752718473315,0.9092447868920148,2.1698888362836075,0.03586348121587518,27.883517330084068,0.1433156391485224,12.296008110046387,-5.345999717712402,6.950008392333984,-9.345870018005371,49.9995231628418,5,left,19.56916520987481,70.44899475554932
750.8003574026686,319.4563903808594,-164.6877899169922,1.4322662353515625,318.6974381274405,-165.3627835696031,1.0156893984061437,2.2977105157872764,0.036183215120865364,27.63712391670085,-0.013887864248859905,12.296008110046387,-4.346999645233154,7.949008464813232,-8.563395500183105,49.9995231628418,5,left,19.482511641776824,70.13704191039658
754.2759321825096,317.00408935546875,-162.2248992919922,1.4291839599609375,316.2877772668849,-163.03936798947535,1.0846484533853529,2.420228748461584,0.03359470084857513,29.766599336824083,-0.21489595505442827,12.296008348464966,-3.3479998111724854,8.94800853729248,-8.290000915527344,49.9995231628418,5,left,20.219161092684878,72.78897993366556
757.7744538838066,314.26170349121094,-160.0526123046875,1.4172210693359375,313.62211271081355,-160.9683785795891,1.117006820308862,2.5319269260076074,0.03216136166924233,31.09321086228618,-0.28664528559115277,13.017008304595947,-3.070000171661377,9.94700813293457,-6.350006103515625,49.9995231628418,5,left,20.66480481356256,74.39329732882523
761.3301640941462,311.2398376464844,-158.1787567138672,1.409027099609375,310.71035810201664,-159.1608477969024,1.1157291263505986,2.647129448101447,0.030083866106306867,33.240408545441475,-0.41428647379829486,13.176007986068726,-2.2300002574920654,10.94600772857666,-7.521200656890869,49.9995231628418,5,left,21.36641689575239,76.91910082470861
764.960053463055,307.9667663574219,-156.60948181152344,1.387176513671875,307.55027134047367,-157.61174761530145,1.0853593140363538,2.747750444565741,0.025093445809076964,39.85104347997809,-0.503068781575719,13.955007553100586,-2.010000228881836,11.94500732421875,-11.1500244140625,49.9995231628418,5,left,23.280590333251492,83.81012519970537
768.7036334490057,304.45306396484375,-155.3179473876953,1.372161865234375,304.1383876465256,-156.30015650955968,1.0313854489878556,2.8315485903695614,0.019493690900511118,51.29864862963331,0.20391029799069482,15.514007091522217,-2.570000171661377,12.94400691986084,-12.820037841796875,49.9995231628418,5,left,25.102285422923245,90.36822752252368
772.5847611052278,300.7210998535156,-154.25279235839844,1.4044189453125,300.4873807122209,-155.18355503636295,0.9596581681511497,2.895574282346265,0.014804379678211022,67.54757860417433,1.1218923647483947,16.000995874404907,-3.2100002765655518,12.790995597839355,-16.700031280517578,49.9995231628418,5,left,26.860789321834883,96.69884155860558
776.600225053089,296.8037872314453,-153.37225341796875,1.4615478515625,296.63525507933343,-154.23185629733,0.8759681481090694,2.9479901892252642,0.013377432078002682,74.75276227672725,1.4180409926347477,15.439995527267456,-3.6479995250701904,11.791996002197266,-19.149993896484375,45.98546600341797,5,left,28.566450360176773,102.83922129663638
780.7496296150271,292.71258544921875,-152.68218994140625,1.5201873779296875,292.6054891015101,-153.46071469669255,0.7858564896252627,3.0048874755607047,0.014192160174223811,70.4614369992968,1.7333854301806868,15.439995765686035,-4.646999359130859,10.792996406555176,-19.199993133544922,41.83747482299805,5,left,30.228060923365764,108.82101932411675
785.02746162271,288.4599914550781,-152.22666931152344,1.60845947265625,288.4087223771382,-152.9193892090171,0.6946145511983224,3.0677160796213347,0.013970749346021327,71.5781219197656,1.7713030399440055,15.439996242523193,-5.645999431610107,9.793996810913086,-22.399944305419922,37.561553955078125,5,left,31.353690794642674,112.87328686071363
789.4233798782619,284.06915283203125,-152.02554321289062,1.673126220703125,284.05961892433464,-152.63283039132028,0.6073620110617777,3.1258947681482927,0.012884892019390248,77.61027399338059,1.3473804899531316,15.439996719360352,-6.6449995040893555,8.794997215270996,-24.04991912841797,33.167110443115234,5,left,32.64811637790286,117.5332189604503
793.9300826663177,279.56304931640625,-152.07427978515625,1.7281341552734375,279.5846054639072,-152.6029169408158,0.5290764688009588,-3.1008384014875072,0.012878153696891548,77.65088253616464,1.2044507685355976,15.43999719619751,-7.6439995765686035,7.795997619628906,-25.499897003173828,28.6617431640625,5,left,32.65665660706382,117.56396378542976
798.5491356335011,274.95538330078125,-152.39373779296875,1.7830047607421875,275.00263370736457,-152.85580253972532,0.46447436002162956,-3.039687597913706,0.01280506985941593,78.09406828535744,1.2039600398747878,15.91892385482788,-8.642999649047852,7.275924205780029,-26.699878692626953,24.044015884399414,5,left,32.74971654581302,117.89897956492689
803.2754118773686,270.26954650878906,-153.0079803466797,1.8406829833984375,270.3362349290547,-153.4203608005676,0.41773793716434354,-2.9812649035687815,0.01114370910176965,89.73672866614918,1.2088632768509744,15.952073097229004,-9.641999244689941,6.3100738525390625,-27.749862670898438,19.319091796875,5,left,34.40667641195114,123.8640350830241
808.1050406706655,265.5212860107422,-153.88888549804688,1.89849853515625,265.6023151091864,-154.27255050730216,0.39212823683273423,-2.933453796159751,0.009362147981800129,106.81309480943739,1.140198876441187,16.039021968841553,-10.40002155303955,5.639000415802002,-28.699848175048828,17.30002212524414,5,left,36.02121821962852,129.67638559066268
813.0376805615708,260.71788024902344,-155.0093231201172,1.951873779296875,260.81487667476136,-155.38665395521727,0.38959833896367324,-2.8899809950803674,0.008498203415808203,117.67193029762247,1.0094224896178006,15.240022659301758,-10.600022315979004,4.640000343322754,-29.499835968017578,16.000041961669922,5,left,37.59869991924684,135.35531970928864
818.0689697246548,255.87107849121094,-156.35845947265625,1.998931884765625,255.98955160432837,-156.7515200424292,0.4105270880733427,-2.848841088617994,0.008075577195868211,123.8301579869288,0.8773075019723187,14.250022649765015,-10.600022315979004,3.6500003337860107,-30.199825286865234,15.000039100646973,5,left,39.142290526657,140.9122458959652
823.1955965706225,250.99264526367188,-157.9337158203125,2.0408782958984375,251.1412008973034,-158.36235105896284,0.4536484807607215,-2.807969446101966,0.007859297538059307,127.23783457203602,0.7817873023244187,13.450022220611572,-10.55002212524414,2.9000000953674316,-30.699817657470703,14.20003604888916,5,left,40.65489158926247,146.3576097213449
828.4121067878746,246.09779357910156,-159.7367401123047,2.0797271728515625,246.2863874948636,-160.2172388897994,0.5161847927209521,-2.767571811598306,0.0075289527060702355,132.82059790251407,0.620861475417292,12.840021848678589,-10.450021743774414,2.390000104904175,-31.099811553955078,13.6000337600708,5,left,42.13831660958548,151.69793979450773
833.6734487587344,241.23721313476562,-161.75064086914062,2.1058197021484375,241.475383878688,-162.29491161812282,0.5941009606608764,-2.729101574173679,0.007512778093233086,133.106553606411,0.33773585909513404,12.560022115707397,-10.500021934509277,2.06000018119812,-31.299808502197266,13.250032424926758,5,left,42.75611543663022,153.9220155718688
839.0084922754685,236.39346313476562,-163.9868621826172,2.1152801513671875,236.69253625437375,-164.60025010307575,0.6824144428693163,-2.687933696630974,0.007216397272407804,138.573302196588,0.13114124763591584,12.49002230167389,-10.55002212524414,1.9400001764297485,-31.299808502197266,13.000031471252441,5,left,43.625287762580314,157.05103594528913
844.4633246930438,231.53433227539062,-166.465576171875,2.1198577880859375,231.89944258939818,-167.14970217479697,0.7754572388395572,-2.65135870217023,0.006109516508616575,163.67907322775002,0.005320942790240646,12.570022344589233,-10.55002212524414,2.0200002193450928,-31.24980926513672,11.550025939941406,5,left,45.07321052251916,162.26355788106898
850.0181151233805,226.6736602783203,-169.15435791015625,2.1157073974609375,227.10509733442169,-169.90647836226836,0.8670773367253595,-2.6207903742162855,0.004948994478280788,202.06124787340357,0.014026409684542163,12.380021333694458,-10.300021171569824,2.080000162124634,-30.999813079833984,11.700026512145996,5,left,46.50135796618397,167.4048886782623
855.674638116727,221.80393981933594,-172.03221130371094,2.121612548828125,222.2973564091593,-172.84498931286544,0.9508249172576806,-2.595987738640116,0.003676893328061148,271.96872761258675,0.3056519329897672,12.300019979476929,-9.950019836425781,2.3500001430511475,-30.59981918334961,12.000027656555176,6,straight,47.91193452632163,172.48296429475786
861.433757133204,216.9089813232422,-175.06634521484375,2.1510162353515625,217.45317157493076,-175.929291267528,1.0202053322131692,-2.578962847237675,0.0025455736504473303,392.83876144156005,0.6402068260913246,11.90001654624939,-9.400017738342285,2.4999988079071045,-29.999828338623047,12.500029563903809,6,straight,49.30665440058234,177.50395584209642
867.2915970269959,211.9735565185547,-178.2213134765625,2.1962432861328125,212.5550370087735,-179.1184102103433,1.0690659990221822,-2.5664976763283365,0.0017162064130967214,582.6804936567047,0.6825407113009802,11.950013399124146,-8.750015258789062,3.199998140335083,-29.349838256835938,14.000035285949707,6,straight,50.685926554004126,182.46933559441487
873.2481123587879,206.9873046875,-181.47955322265625,2.231475830078125,207.58838761604127,-182.39137393181338,1.0921161534523587,-2.5587689167242638,0.0006676987793904354,1497.6813360553595,0.6319563941263207,12.000010013580322,-8.050012588500977,3.9499974250793457,-28.599849700927734,14.000035285949707,6,straight,52.05096874804169,187.38348749295008
879.3010986375276,201.93502807617188,-184.8129425048828,2.272216796875,202.5326247176706,-185.7191443582968,1.085506123917082,-2.5586014517321782,-0.00027062360723228984,3695.169132608781,0.6865957868392059,12.000009536743164,-7.250009536743164,4.75,-27.799861907958984,15.500041007995605,6,straight,53.40238624402715,192.24859047849773
885.4496464184042,196.7971954345703,-188.1901397705078,2.315277099609375,197.3706843348402,-189.0664940914405,1.047323452687908,-2.5621284000115865,-0.0008160210979662463,1225.4585114187375,0.6636285155855598,11.900009155273438,-6.400006294250488,5.500002861022949,-26.949874877929688,15.500041007995605,6,straight,52.961490069641606,190.6613642507098
891.6908376479158,191.56387329101562,-191.5906219482422,2.3543701171875,192.09389155881462,-192.41238561873297,0.9778624107404481,-2.5687569917243125,-0.0012866380700510271,777.2193465100413,0.609162797859783,11.850008964538574,-5.600003242492676,6.250005722045898,-26.149887084960938,16.300037384033203,6,straight,51.55557025277797,185.6000529100007
898.0217269610471,186.22854614257812,-194.9984130859375,2.3918304443359375,186.69818404337292,-195.74211893274307,0.8795783901595858,-2.57834469332532,-0.001736721725267787,575.7974841051804,0.6288689905024819,11.850008964538574,-4.850000381469727,7.000008583068848,-25.349899291992188,18.000011444091797,6,straight,50.08914419413414,180.3209190988829
904.4407168388775,180.78187561035156,-198.39479064941406,2.4346160888671875,181.177830819498,-199.0396642708201,0.7567314683793321,-2.5909394241323858,-0.0022182956820726574,450.79653180664053,0.5687893702647828,11.800008773803711,-4.149997711181641,7.65001106262207,-24.599910736083984,18.10000991821289,6,straight,48.55711758761142,174.80562331540114
910.9437611918137,175.2152099609375,-201.7564697265625,2.4651641845703125,175.52842214602606,-202.28551619943775,0.614810575177168,-2.6070529360246355,-0.002292162492220029,436.26924504443383,0.6691257265012823,11.850011110305786,-3.5999977588653564,8.25001335144043,-23.999919891357422,18.400005340576172,6,straight,46.954083871071255,169.03470193585653
917.5289060751818,169.52699279785156,-205.0738525390625,2.52252197265625,169.75577290813848,-205.47279254660887,0.4598841902957659,-2.620908999474525,-0.0019426586365633436,514.7584764398175,0.8681757450720251,11.800013303756714,-3.0999982357025146,8.7000150680542,-23.449928283691406,18.849998474121094,6,straight,45.27300896823156,162.9828322856336
924.1627588543638,163.75404357910156,-208.34153747558594,2.579925537109375,163.89923022087788,-208.6017830102802,0.2980048645216773,-2.6327171470371176,-0.0017402504282576503,574.6299404742605,0.7720321322503609,11.750015258789062,-2.649998664855957,9.100016593933105,-22.949935913085938,19.199993133544922,6,straight,43.513881821833756,156.6499745586015
930.6772886976626,158.04747009277344,-211.48353576660156,2.6242523193359375,158.11181088675713,-211.60193116727314,0.134748687083149,-2.643799874787288,-0.001725946620945662,579.3921943264334,0.7304832537996492,11.8000168800354,-2.349998950958252,9.450017929077148,-22.59994125366211,20.699970245361328,6,straight,41.71426399415299,150.17135037895076
936.8372057492578,152.620849609375,-214.3979949951172,2.6721649169921875,152.60911074865223,-214.37582791252635,-0.02508346869270995,-2.65457551477175,-0.0017882327597072423,559.2113188686429,0.7595398944446885,11.750018119812012,-2.049999237060547,9.700018882751465,-22.299945831298828,20.899967193603516,6,straight,39.93808625248749,143.77711050895496
942.6210441674064,147.4955291748047,-217.0779266357422,2.7151031494140625,147.41405986930306,-216.92007812225975,-0.17763276991460608,-2.665129711444834,-0.0021647093839785025,461.95577448004025,0.7272168069258234,11.75001871585846,-1.8999992609024048,9.850019454956055,-22.09994888305664,21.049964904785156,6,straight,38.19523585205674,137.50284906740427
947.9676321079282,142.73150634765625,-219.50457763671875,2.75323486328125,142.5884970953804,-219.21824525805522,-0.3200591778212387,-2.6783836159042544,-0.003938541098309933,253.9011210087689,0.6870922143657143,11.700019001960754,-1.7999993562698364,9.900019645690918,-21.949951171875,21.14996337890625,6,straight,36.510217409960646,131.43678267585832
952.9497807289812,138.2484893798828,-221.67788696289062,2.7862548828125,138.05787963747406,-221.26963274418586,-0.4505591870014024,-2.7047822556088192,-0.007192012755887711,139.043134925109,0.6136355506832836,11.590998768806458,-1.7999993562698364,9.790999412536621,-21.949951171875,21.14996337890625,7,right,34.86683622281383,125.52061040212979
957.6721908533544,133.9329833984375,-223.59539794921875,2.8130340576171875,133.7146138609819,-223.0706912228648,-0.5683330041178649,-2.747221003890719,-0.010927837564107923,91.50941292213776,0.4353006216002875,10.74199903011322,-1.949999213218689,8.791999816894531,-22.149948120117188,20.99996566772461,7,right,33.23419690951293,119.64310887424655
962.2099888442117,129.69979858398438,-225.22988891601562,2.8270416259765625,129.4775367117122,-224.59412971099258,-0.6734909848227199,-2.805273589467744,-0.013766020750966446,72.6426334879522,0.20008567127434707,10.09299921989441,-2.2999989986419678,7.793000221252441,-22.649940490722656,20.799968719482422,7,right,31.585976766969477,113.70951636109012
966.6515873848817,125.46455383300781,-226.56797790527344,2.831207275390625,125.2592976845075,-225.82905417079053,-0.766901800675508,-2.870646361599969,-0.014998507954253504,66.67329864077612,0.04659483784066887,9.743998527526855,-2.949998378753662,6.794000148773193,-23.5499267578125,20.3499755859375,7,right,30.26038802679865,108.93739689647515
971.0369519151607,121.20425415039062,-227.60781860351562,2.831207275390625,121.0320937954683,-226.77546322339944,-0.8499733328848232,-2.9376335501706254,-0.01555906909603999,64.27119732082909,-0.21122255357524655,9.744997501373291,-3.9499974250793457,5.795000076293945,-24.95264434814453,19.69998550415039,7,right,29.494306039518015,106.17950174226486
975.3688724916537,116.93681335449219,-228.35223388671875,2.813018798828125,116.81208384173303,-227.43629122744696,-0.9243962388646019,-3.0062490424302553,-0.01750982019108499,57.110809196609765,-0.44522048844703455,9.744997501373291,-4.948997497558594,4.796000003814697,-26.109115600585938,18.849998474121094,7,right,27.7114299649043,99.76114787365549
979.642498733221,112.683349609375,-228.76638793945312,2.7929229736328125,112.63033820910736,-227.7759274526424,-0.9918781096947725,-3.0881216984652515,-0.02058129049792784,48.587818149725926,-0.33839392827946235,9.74499773979187,-5.947997570037842,3.7970001697540283,-29.272686004638672,17.850013732910156,7,right,25.832249117495284,92.99609682298302
983.8462057562657,108.47991943359375,-228.81382751464844,2.784149169921875,108.5209414073116,-227.7607150794629,-1.0539110984661524,3.102659256652607,-0.02301927151584232,43.44186128182988,-0.10670165728001724,9.74499773979187,-6.94699764251709,2.7980000972747803,-33.47538375854492,16.600032806396484,7,right,24.42602142889119,87.93367714400829
987.9847896891209,104.35604858398438,-228.4651641845703,2.7838897705078125,104.5094309681396,-227.36422391687913,-1.1115734923040874,3.003164249525097,-0.024801525109657774,40.32010110582262,0.10692835674489531,10.225997924804688,-7.945997714996338,2.2800002098083496,-37.61296844482422,18.60648536682129,7,right,23.532026444557808,84.71529520040811
992.0634044066478,100.34927368164062,-227.7030792236328,2.7928009033203125,100.6292775349617,-226.57183559975525,-1.1653816089325717,2.8989507731372046,-0.024458574289882518,40.88545751473576,0.443753466998853,10.46499788761139,-8.944997787475586,1.5200001001358032,-41.6910514831543,22.68408966064453,7,right,23.696431661905997,85.30715398286159
996.1004998096836,96.48094177246094,-226.54833984375,2.8197174072265625,96.88277366504056,-225.4015087948366,-1.2151914765360767,2.804575282776474,-0.022868275341512312,43.72870210219659,0.6653352882718622,10.922998428344727,-9.792998313903809,1.130000114440918,-44.67353057861328,26.720094680786133,7,right,24.50652963337665,88.22350668015595
1000.1430700389939,92.71856689453125,-225.06976318359375,2.8465576171875,93.24091203515304,-223.92296955032603,-1.2601508176542073,2.7141883297691,-0.024736937067573128,40.425376725838404,1.0154753394779392,10.293998837471008,-8.793998718261719,1.5000001192092896,-45.83000183105469,30.76157569885254,7,right,23.56272743025868,84.82581874893124
1004.225800891321,89.10308837890625,-223.17401123046875,2.9025115966796875,89.76880371781886,-222.0588941969207,-1.2987158699933339,2.6033882561978037,-0.02590484040640556,38.60282419469094,1.4466539294942515,10.274998903274536,-7.794998645782471,2.4800002574920654,-44.59745788574219,34.84292221069336,7,right,23.025446520966437,82.89160747547918
1008.3605059047666,85.658447265625,-220.88790893554688,2.96551513671875,86.45213042786008,-219.82223588971493,-1.3287558100073245,2.501446040812214,-0.02453372256332681,40.76022288989309,1.5720636383025122,10.274998903274536,-6.795998573303223,3.4790003299713135,-41.41878890991211,38.97614669799805,7,right,23.660112027836888,85.1764033002128
1012.5320484819438,82.43441772460938,-218.2416229248047,3.0331268310546875,83.34516565517299,-217.2481421757418,-1.3477632550950647,2.3996140762315687,-0.02498345210309466,40.02649417196159,1.8569615876668166,9.99699878692627,-5.796998500823975,4.200000286102295,-37.24879455566406,43.146141052246094,7,right,23.446190969061913,84.4062874886229
1016.7373953435188,79.48170471191406,-215.24851989746094,3.1212310791015625,80.49783790779742,-214.35491319590227,-1.3531665118701002,2.2921235724037587,-0.024099384198224938,41.4948362072113,2.164621617186202,10.979000568389893,-5.78000020980835,5.199000358581543,-33.045372009277344,47.34956359863281,7,right,23.872370650394988,85.94053434142195
1020.9636266365892,76.838134765625,-211.9525146484375,3.215667724609375,77.92647995600865,-211.16615954933587,-1.34270234799615,2.1964794129365504,-0.022308996190019775,44.82496619221995,2.3005177045600176,11.445000648498535,-5.645000457763672,5.800000190734863,-28.821195602416992,47.34956359863281,7,right,24.81181342997623,89.32252834791443
1025.262275800429,74.48268127441406,-208.35809326171875,3.31744384765625,75.61628890128239,-207.69207568030805,-1.3147797041490268,2.1019890950351923,-0.019392530704662653,51.56624554213363,2.8571949837033928,12.30400037765503,-5.510000228881836,6.794000148773193,-24.81187629699707,47.24956512451172,7,right,26.61223057685438,95.80403007667577
1029.6650642375635,72.40266418457031,-204.48043823242188,3.4653167724609375,73.54094180694277,-203.92003973496261,-1.2687483680968763,2.028282254000083,-0.012100608940540936,82.64046916264503,3.6294455997168185,12.643000602722168,-4.850000381469727,7.793000221252441,-23.57933235168457,47.69955825805664,7,right,28.49333373334113,102.57600144002808
1034.1756399199057,70.48309326171875,-200.4025115966797,3.64154052734375,71.58122410018174,-199.90637817452833,-1.2050061041169289,1.9951445445909417,-0.0059576434437402515,167.85160264176415,3.9031628408727537,13.419037342071533,-4.627037525177002,8.791999816894531,-22.030000686645508,48.99953842163086,7,right,30.29962146800884,109.07863728483183
1038.8021978051743,68.62083435058594,-196.171142578125,3.8219451904296875,69.6554689111283,-195.72958230010752,-1.1249196206803154,1.9741728172291024,-0.004768530935672893,209.70819178693003,4.1783407227991285,14.003962516784668,-4.212963104248047,9.790999412536621,-21.831785202026367,49.9995231628418,7,right,32.046758649750906,115.36833113910326
1043.540076482085,66.81233215332031,-191.797119140625,4.033447265625,67.76954750350531,-191.41519408938584,-1.0305959302237833,1.9504368469148774,-0.00429725767065392,232.7065483713078,4.663700041496294,14.19002103805542,-3.9900002479553223,10.200020790100098,-21.300567626953125,49.9995231628418,7,right,33.7423080942097,121.47230913915492
1048.3792155980375,65.06187438964844,-187.2918243408203,4.2689971923828125,65.92640361596412,-186.96407429709188,-0.9245706432274173,1.9331637571282716,-0.002629461624420376,380.3059876260542,4.806056535489861,14.274396419525146,-4.0243754386901855,10.250020980834961,-20.531492233276367,49.9995231628418,8,straight,35.39033832659072,127.4052179757266
1053.315594799057,63.334808349609375,-182.67335510253906,4.503143310546875,64.09407929864236,-182.39264849111785,-0.8094989658677911,1.9249171434709778,-0.0010991725701235688,909.7752502025957,4.576262736352316,14.350021362304688,-4.100000381469727,10.250020980834961,-19.619701385498047,49.9995231628418,8,straight,36.99592083972716,133.18531502301778
1058.346864741237,61.59953308105469,-177.9560089111328,4.724822998046875,62.245381529632446,-177.719142161469,-0.687914293808904,1.92231707532692,-0.00023757990763909054,4209.110147138822,4.383623688744592,14.375646114349365,-4.175625324249268,10.200020790100098,-18.660337448120117,49.9995231628418,8,straight,38.5636406255691,138.82910625204877
1063.4705712952884,59.83648681640625,-173.15037536621094,4.9482574462890625,60.36416000409847,-172.95670631497163,-0.5620913577143869,1.9225566161890697,0.00012342432749867793,8102.1304330032635,4.22842516870447,14.360021114349365,-4.210000514984131,10.150020599365234,-17.748546600341797,49.9995231628418,8,straight,40.097218424806385,144.349986329303
1068.6805494083944,58.04142761230469,-168.26405334472656,5.1615447998046875,58.44868388797363,-168.11409521227017,-0.43398746014320483,1.9236058441560706,0.00023190517061946747,4312.107389968019,4.148543880383427,13.877208232879639,-3.827188014984131,10.050020217895508,-16.97947120666504,49.9995231628418,8,straight,41.598685677574,149.7552684392664
1073.973409408251,56.21128845214844,-163.3026580810547,5.384063720703125,56.49759210521138,-163.19678394699187,-0.30525254138293434,1.9249973775034972,0.0003762262361154123,2657.9751862207636,4.300480549038987,12.985020399093628,-2.9850003719329834,10.000020027160645,-16.448253631591797,49.9995231628418,8,straight,43.07047417823749,155.05370704165497
1079.2916006268713,54.36338806152344,-158.32131958007812,5.617919921875,54.52949637219853,-158.25940066060778,-0.17727358366013754,1.9276037547513507,0.0006168200372919097,1621.218409814321,4.285582181045999,12.14283275604248,-2.142812728881836,10.000020027160645,-16.250038146972656,49.9995231628418,8,straight,44.5003060662443,160.20110183847947
1084.6998596815758,52.467071533203125,-153.26144409179688,5.8435516357421875,52.51500987847103,-153.24335395415247,-0.051238052529524666,1.9316366893872154,0.0008157623808376924,1225.8471627155902,4.047349677709944,11.710019946098328,-1.7600001096725464,9.950019836425781,-14.900038719177246,49.9995231628418,8,straight,45.90870604987014,165.27134177953252
1090.216863252385,50.50929260253906,-148.1080322265625,6.0598297119140625,50.44226267488158,-148.13370233544333,0.07177719478860098,1.9365315641637637,0.000749344673389829,1334.4993772709097,3.7487534064567285,11.700019240379333,-1.7499994039535522,9.950019836425781,-14.000035285949707,49.9995231628418,8,straight,47.30223697928584,170.28805312542903
1095.8293054281635,48.4935302734375,-142.87391662597656,6.26043701171875,48.31570044069166,-142.94271716677528,0.1906750215120187,1.9399499326342229,0.0004877533531799094,2050.216556135385,3.40250313720204,11.800019383430481,-1.7999993562698364,10.000020027160645,-13.700034141540527,49.9995231628418,8,straight,46.98117319215594,169.1322234917614
1101.5331338083915,46.43110656738281,-137.5592041015625,6.444549560546875,46.14767145634857,-137.66954019701762,0.3041537705294448,1.9420287592706456,0.0002316563021312057,4316.739889224422,3.0680887994574246,11.850019574165344,-1.7999993562698364,10.050020217895508,-13.400032997131348,49.9995231628418,8,straight,45.52954753923283,163.9063711412382
1107.3312054295739,44.326629638671875,-132.15916442871094,6.6130218505859375,43.944193959368256,-132.3082864896855,0.4104807399546599,1.9425891814459184,-0.00015014692175099875,6660.143200660377,2.7641495053295273,11.850019812583923,-1.7499994039535522,10.100020408630371,-13.100031852722168,49.9995231628418,8,straight,44.004884966082415,158.4175858778967
1113.2064778136921,42.19700622558594,-126.68560791015625,6.766998291015625,41.723964601220075,-126.86877937875782,0.5072673509032032,1.9402376820592515,-0.0007988724942925851,1251.764214119697,2.410608490991828,11.900020003318787,-1.7499994039535522,10.150020599365234,-12.800030708312988,49.9995231628418,8,straight,42.404038579673816,152.65453888682575
1119.0497968151985,40.10481262207031,-121.231201171875,6.8956451416015625,39.55191127017526,-121.44086695026628,0.5913202546470051,1.9332529273669843,-0.001466149228650876,682.0588112440519,2.2318973244918716,11.900020003318787,-1.7499994039535522,10.150020599365234,-12.550029754638672,49.9995231628418,8,straight,40.749569142446134,146.6984489128061
1124.740639544255,38.11045837402344,-115.90281677246094,7.0243377685546875,37.492321802603726,-116.13028573450887,0.6586614833293944,1.9234083861298499,-0.0019012291589177721,525.9755223663966,1.8335718312296523,12.000019669532776,-1.8999992609024048,10.100020408630371,-12.300028800964355,49.9995231628418,8,straight,39.07098903383551,140.65556052180784
1130.2380709623824,36.23907470703125,-110.73429870605469,7.1024169921875,35.574943068580694,-110.97016122326191,0.7047708565302258,1.912046605287806,-0.0026438840225585514,378.23141691074466,1.3354738401182176,12.100019454956055,-2.049999237060547,10.050020217895508,-12.250028610229492,49.9995231628418,8,straight,37.37794347972748,134.56059652701893
1135.5906571579096,34.48643493652344,-105.67723083496094,7.1694793701171875,33.799108701847345,-105.90812826055497,0.7250730818475934,1.8948871874296462,-0.0045210881848569695,221.18568785042098,1.023474550433845,12.100018739700317,-2.1999990940093994,9.900019645690918,-12.250028610229492,49.9995231628418,9,right,35.65234030728149,128.34842510621337
1140.7424503789684,32.910888671875,-100.77244567871094,7.2108306884765625,32.22605434722333,-100.98000321547057,0.7155963829469998,1.865073666452285,-0.007450471233409778,134.21969814684334,0.43054079068162165,12.150017499923706,-2.4999988079071045,9.650018692016602,-12.450029373168945,49.72859573364258,9,right,33.90863532773915,122.07108717986094
1145.765162589226,31.55224609375,-95.93698120117188,7.2142333984375,30.899305840800427,-96.10280734719194,0.6736685272637597,1.819506387872489,-0.010900168174639763,91.74170379559752,0.06019923669416949,12.150015354156494,-2.949998378753662,9.200016975402832,-12.800030708312988,48.979557037353516,9,right,32.11760908771532,115.62339271577517
1150.6426428016987,30.483810424804688,-91.17796325683594,7.2168121337890625,29.895778268301704,-91.28915629173376,0.5984527617877103,1.7576831736256557,-0.01414438878626631,70.69941410059117,-0.052016770566265524,12.245997190475464,-3.699997663497925,8.545999526977539,-13.500033378601074,47.8480339050293,9,right,30.277143514354826,108.99771665167738
1155.428839767874,29.754806518554688,-86.44761657714844,7.2093963623046875,29.26670934267553,-86.50265602444169,0.49119058812191885,1.6830852888858385,-0.0170816816736086,58.542245377690875,-0.44903937694945606,12.245996952056885,-4.698997497558594,7.546999454498291,-14.600037574768066,46.429649353027344,9,right,28.355232286426546,102.07883623113557
1160.1307818617224,29.416412353515625,-81.75799560546875,7.1746978759765625,29.061446865047106,-81.76689407057593,0.35507700669708,1.5958596134339833,-0.01872022335353385,53.41816607178612,-0.9655309107308607,12.245996952056885,-5.697997570037842,6.547999382019043,-16.800029754638672,44.82001495361328,9,right,27.08588364498952,97.50918112196227
1164.740604265836,29.489501953125,-77.14907836914062,7.119903564453125,29.295063678958513,-77.13700802333935,0.1948125655819053,1.5087978518912621,-0.01913564203524898,52.258502649555275,-1.109260950222657,12.245996952056885,-6.69699764251709,5.548999309539795,-17.600017547607422,43.11476135253906,9,right,26.790264563624454,96.44495242904804
1169.2584947353319,29.953201293945312,-72.65528869628906,7.07330322265625,29.937402315249713,-72.65290808961626,0.01597732818573107,1.4212403838612027,-0.02052063202964055,48.73144250896235,-1.1917939799848454,12.845998287200928,-7.695997714996338,5.15000057220459,-19.149993896484375,41.40951156616211,9,right,25.870400681436863,93.1334424531727
1173.6798860389306,30.80889892578125,-68.31790161132812,7.013671875,30.979230567771545,-68.36052827870469,-0.17558445556125285,1.3255758973439042,-0.02178620754877092,45.90060008201912,-1.3627327899856323,13.030014991760254,-8.650014877319336,4.380000114440918,-23.134841918945312,39.79987716674805,9,right,25.10774465232691,90.38788074837689
1178.002165520278,32.04158020019531,-64.17555236816406,6.9541778564453125,32.39436042263698,-64.30035091638199,-0.3742039056227122,1.2307782536624317,-0.022292531697534784,44.85807236109413,-1.4013014043775973,12.99001693725586,-9.100016593933105,3.890000343322754,-27.455713272094727,38.381492614746094,9,right,24.820974312207543,89.35550752394715
1182.2268288029675,33.62664794921875,-60.259979248046875,6.893951416015625,34.14753940521423,-60.50246384766608,-0.5745665235476047,1.1351124345237444,-0.02333752676008094,42.849442028729,-1.4668552913028043,12.883721590042114,-9.400017738342285,3.483703851699829,-31.67894744873047,37.249969482421875,9,right,24.2589001569025,87.332040564849
1186.3544347037027,35.540771484375,-56.60356140136719,6.8317413330078125,36.20467351334254,-56.996851486227165,-0.7716495285532069,1.0359899099089824,-0.024642541938009105,40.58022920344844,-1.6230320599661896,12.7200186252594,-9.550018310546875,3.1700003147125244,-35.805084228515625,36.50093078613281,9,right,23.607813703944736,84.98812933420105
1190.4006396500533,37.7645263671875,-53.22395324707031,6.761474609375,38.536671235741274,-53.795263744108205,-0.9605224526577206,0.9337901909682331,-0.025554094620431997,39.132671881102034,-1.510725626928966,12.655956506729126,-9.650018692016602,3.0059378147125244,-39.84967803955078,36.230003356933594,9,right,23.182927244311824,83.45853807952257
1194.4309424355488,40.31758117675781,-50.10585021972656,6.70965576171875,41.155696845555696,-50.872947835044606,-1.1361675165710199,0.8296114604194493,-0.02385204533809998,41.925125741843765,-1.48923785541758,12.740019798278809,-9.900019645690918,2.8400001525878906,-40.79966354370117,36.822113037109375,9,right,23.995826239962696,86.3849744638657
1198.50862495499,43.198883056640625,-47.22126770019531,6.640533447265625,44.07161115511287,-48.17593567501969,-1.2934625143459877,0.7405884871300934,-0.01869342030412928,53.49475824812569,-1.7870023710161664,12.820021390914917,-10.300021171569824,2.5200002193450928,-40.79966354370117,38.38312911987305,9,right,25.9191943195811,93.30909955049195
1202.6806730815435,46.36817932128906,-44.509185791015625,6.5620574951171875,47.261269866734565,-45.622683647490625,-1.4274061085544545,0.6759949336439641,-0.012565345245104956,79.58396530247086,-1.850955409601529,12.820022821426392,-10.70002269744873,2.120000123977661,-39.799678802490234,40.59008026123047,9,right,27.74943846761197,99.8979784834031
1206.9748423624221,49.77256774902344,-41.893096923828125,6.4839019775390625,50.68215997547234,-43.12779243330611,-1.5335680681148054,0.6349304520911405,-0.010087555848990806,99.13204099881573,-1.7431840884845617,12.895023584365845,-10.900023460388184,1.9950001239776611,-39.24968719482422,43.12000274658203,9,right,29.51496665789728,106.25387996843021
1211.3993479171831,53.39057922363281,-39.34735107421875,6.4102783203125,54.28276854037667,-40.6859153154387,-1.6086503674772277,0.5879059612526605,-0.009890875816769687,101.10328129936983,-1.5770391024669705,12.820024251937866,-11.100024223327637,1.7200000286102295,-39.09968948364258,45.649925231933594,9,right,31.229854556146776,112.42747640212839
1215.9450926261607,57.22047424316406,-36.89967346191406,6.3426513671875,58.07833439035093,-38.310287752839564,-1.6509865868306528,0.5463880531475402,-0.01001168218920307,99.88331442226892,-1.4492999658784922,12.695024847984314,-11.250024795532227,1.4450000524520874,-39.34968566894531,47.856876373291016,9,right,32.89876637544709,118.43555895160952
1220.5996203741886,61.25117492675781,-34.57292175292969,6.2770233154296875,62.04099674270822,-36.03391502223369,-1.6608190250303592,0.4956023770287809,-0.010959664969007257,91.24366509632287,-1.4037156767778058,12.67002522945404,-11.350025177001953,1.3200000524520874,-39.34968566894531,49.41789245605469,9,right,34.52412244106746,124.28684078784286
1225.3465481376554,65.47956848144531,-32.4166259765625,6.210693359375,66.18316574466579,-33.89828922396837,-1.6402362901498821,0.4433421729334554,-0.011225594574877353,89.08214111330719,-1.4407669143445934,12.740025281906128,-11.350025177001953,1.3900001049041748,-40.4127311706543,50.01000213623047,9,right,34.87690563949935,125.55686030219766
1230.1850213957728,69.90220642089844,-30.455520629882812,6.1388397216796875,70.50477018301042,-31.929960944068938,-1.5928142790381548,0.3879605621197258,-0.012457351523742027,80.27388470929276,-1.524368353539518,12.820025086402893,-11.30002498626709,1.5200001001358032,-42.386959075927734,49.9995231628418,9,right,33.20363733986725,119.5330944235221
1235.1068760655326,74.51347351074219,-28.736526489257812,6.0618438720703125,74.99486015877399,-30.1814874319793,-1.5230381580557522,0.32158424339127734,-0.012724025120926106,78.59148268698293,-1.2900554392273,12.640024185180664,-11.050024032592773,1.5900001525878906,-43.45000457763672,49.9995231628418,9,right,32.85384944299562,118.27385799478422
1240.112877425527,79.30712890625,-27.294876098632812,6.01123046875,79.67866747946752,-28.68165320116708,-1.4356850781079546,0.2617676105554691,-0.011132802913645747,89.8246387506129,-1.1453685420290238,12.250022292137146,-10.55002212524414,1.7000001668930054,-45.07025146484375,49.9995231628418,9,right,34.60110864181566,124.56399111053636
1245.2090506389243,84.26058959960938,-26.099075317382812,5.945892333984375,84.53799424757972,-27.40526796816666,-1.3353248966739464,0.20926724376296013,-0.010396324974436466,96.18783584188654,-1.2394683379597482,11.960020780563354,-10.150020599365234,1.8100001811981201,-48.079280853271484,49.9995231628418,9,right,36.29353966450445,130.65674279221602
1250.397533226886,89.36177062988281,-25.1533203125,5.8838348388671875,89.55083744555384,-26.36469282313876,-1.2260381806123501,0.15482739974527313,-0.010476285553144761,95.45367916205959,-1.204181391383008,11.95001745223999,-9.600018501281738,2.349998950958252,-49.699527740478516,49.9995231628418,9,right,36.20719306452416,130.345895032287
1255.6220054670896,94.54225158691406,-24.479736328125,5.82049560546875,94.65340223199918,-25.585539015898625,-1.1113748468407116,0.10017932237442938,-0.010129028934448225,98.72614704446735,-1.231902804273688,11.800015211105347,-9.100016593933105,2.699998617172241,-49.699527740478516,49.9995231628418,9,right,36.82261402329708,132.56141048386948
1260.9282759516236,99.83322143554688,-24.08258056640625,5.7540740966796875,99.88115368245163,-25.075929689722138,-0.9945048924393369,0.04821577464665354,-0.008468885844799115,118.07928673570642,-1.2542566370302044,11.850014686584473,-9.000016212463379,2.8499984741210938,-48.899539947509766,49.9995231628418,9,right,38.48162854917374,138.53386277702546
1266.3564422644906,105.25880432128906,-23.929656982421875,5.68585205078125,105.2672349000699,-24.808082222482074,-0.8784656948529054,0.009597083012600363,-0.004851611135634784,206.1170963713604,-1.18005623503592,12.000015258789062,-9.150016784667969,2.8499984741210938,-49.9995231628418,49.9995231628418,9,right,40.10781075385098,144.38811871386352
1271.8919817843046,110.79400634765625,-23.925582885742188,5.6248626708984375,110.79056899855854,-24.691969160252857,-0.7663939829664383,-0.004485109093416765,-0.0004399944909888505,2272.7557287196582,-1.0570235724102928,11.950016498565674,-9.400017738342285,2.5499987602233887,-49.9995231628418,48.30270767211914,9,right,41.70090197970811,150.1232471269492
1277.5359999558796,116.43772888183594,-23.9344482421875,5.567779541015625,116.44112910489181,-24.596082502290663,-0.6616429971359862,0.0051390826131097475,0.00365009007273212,273.9658419583855,-0.9585873705906078,12.000018119812012,-9.750019073486328,2.2499990463256836,-49.9995231628418,43.82928466796875,9,right,43.26485860086434,155.75349096311163
1283.2832315892415,122.18370056152344,-23.825927734375,5.515777587890625,122.20498465573257,-24.39325072459642,-0.5677221044666816,0.03749912692743694,0.006826988153443494,146.4774769669998,-0.8567950164539817,12.000019192695618,-10.000020027160645,1.9999991655349731,-49.9995231628418,38.083290100097656,10,left,42.94356089385022,154.5968192178608
1289.1203161442043,128.01036071777344,-23.480438232421875,5.4686126708984375,128.05152346060623,-23.966748089505224,-0.4880488177364487,0.08444176061532996,0.008047008953004739,124.26977599255706,-0.8190560320256279,11.391998648643494,-9.441999435424805,1.949999213218689,-49.9995231628418,32.24739456176758,10,left,41.31248120703692,148.72493234533292
1295.032817316045,133.88905334472656,-22.850967407226562,5.419525146484375,133.94508572460884,-23.272828767178208,-0.42556625173470425,0.13204888806436496,0.007863490514152569,127.16998872195725,-0.9488909902604481,10.642998933792114,-8.442999839782715,2.1999990940093994,-49.9995231628418,26.336097717285156,10,left,41.79177700346518,150.45039721247466
1300.9240121294627,139.7103271484375,-21.948196411132812,5.356658935546875,139.77774787814343,-22.324536340576852,-0.38233139720408404,0.1772680280665742,0.00727363952405574,137.48275491145122,-1.1739847396542158,10.193998336791992,-7.443999767303467,2.7499985694885254,-49.9995231628418,20.446237564086914,10,left,42.100275721286415,151.5609925966311
1306.7776207020868,145.45108032226562,-20.8067626953125,5.2817230224609375,145.52859183784668,-21.157489300737414,-0.35918962512933716,0.2175064828645257,0.007499730283237829,133.338128470438,-1.3817049408893833,10.144997358322144,-6.444999694824219,3.699997663497925,-49.9995231628418,14.594108581542969,10,left,40.43038282745386,145.5493781788339
1312.5945780720135,151.10145568847656,-19.427337646484375,5.1954803466796875,151.19451071294898,-19.770571692395375,-0.3556245883681246,0.2647484103046969,0.008828690182389125,113.2670848496567,-1.6367877379188323,10.144997119903564,-5.445999622344971,4.698997497558594,-49.9995231628418,10.510001182556152,10,left,38.69963063463165,139.31867028467394
1318.381299298729,156.64505004882812,-17.770843505859375,5.091888427734375,156.76135819218683,-18.121921589389768,-0.3698424055552928,0.31990910680904383,0.010085454537938604,99.15269522442297,-1.9003373085590747,10.634293556213379,-4.936295986175537,5.697997570037842,-49.9995231628418,12.300028800964355,10,left,36.89740975590473,132.83067512125703
1324.1409427529616,162.05743408203125,-15.804580688476562,4.9761199951171875,162.20587990881202,-16.174983449362042,-0.3990418132980701,0.3811688594562704,0.011203985455587113,89.25395377957476,-2.051562769280557,10.68670129776001,-3.98970365524292,6.69699764251709,-49.9995231628418,13.6000337600708,10,left,35.011623801370305,126.04184568493311
1329.8606797688672,167.29629516601562,-13.512115478515625,4.856414794921875,167.4869818243556,-13.90840496110485,-0.4397803493560186,0.44847874568164825,0.012449273558031215,80.32597206082637,-1.9837291058574624,11.044997930526733,-3.3490002155303955,7.695997714996338,-49.9995231628418,17.050025939941406,10,left,33.21440802247406,119.57186888090662
1335.5260296254207,172.3114471435547,-10.8790283203125,4.750152587890625,172.55528736334404,-11.302121661163145,-0.48832983511053074,0.522831168064977,0.013189648048507287,75.81703441383131,-1.7910244683761622,11.044997930526733,-2.3500001430511475,8.694997787475586,-49.9995231628418,20.5124568939209,10,left,32.26873332871247,116.1674399833649
1341.1203075911224,177.0571746826172,-7.9184722900390625,4.654632568359375,177.3612616218185,-8.3658481392216,-0.540938089826013,0.5969800101308266,0.013398618290707154,74.63456143784374,-1.6251814422231226,11.643997550010681,-1.9500001668930054,9.693997383117676,-49.9995231628418,26.10491943359375,10,left,32.01610636519291,115.25798291469448
1346.6439166287084,181.5115509033203,-4.6532745361328125,4.5693511962890625,181.88122325359473,-5.118184803478351,-0.5939690254892942,0.6717752385726548,0.013792633626865045,72.50246958290967,-1.4878956400167787,11.490999698638916,-1.9000000953674316,9.590999603271484,-49.9995231628418,31.626869201660156,10,left,31.555489494724707,113.59976218100894
1352.1118471795805,185.66493225097656,-1.0977783203125,4.49102783203125,186.1031929433469,-1.5695844717693592,-0.6439514570442884,0.7485544095099729,0.013769912572873418,72.62210233418544,-1.254095620753315,10.73200011253357,-2.140000104904175,8.592000007629395,-49.9995231628418,37.093238830566406,10,left,31.5815128430812,113.69344623509232
1357.5695624839557,189.52671813964844,2.75836181640625,4.4322967529296875,190.03049929116875,2.2903845875685898,-0.6876031815936481,0.8222259748530837,0.012267844935412442,81.5139093512173,-0.9892940543474282,10.218000411987305,-2.625,7.593000411987305,-49.9995231628418,42.54963684082031,10,left,33.459109836180914,120.4527954102513
1363.0648110802777,193.14517211914062,6.893829345703125,4.3827362060546875,193.70286929376263,6.4354461912176735,-0.7219011392825319,0.8828309652818547,0.010655807059223199,93.84554303978729,-1.0697615556693019,9.704000473022461,-3.1100001335144043,6.594000339508057,-49.9995231628418,43.299625396728516,10,left,35.33966841923426,127.22280630924332
1368.6270474708574,196.54934692382812,11.292160034179688,4.31378173828125,197.15035429352596,10.853225238494266,-0.7442268560691244,0.9400021496104222,0.008227839221685879,121.53859270418518,-0.7081066342640441,9.692999362945557,-4.097999095916748,5.595000267028809,-49.9995231628418,40.92000198364258,10,left,37.14632495363752,133.72676983309506
1374.267056280831,199.7950897216797,15.904617309570312,4.3042449951171875,200.41786327097816,15.482096332365968,-0.7525761555374477,0.9746800454507999,0.004039202408007342,247.57362939217737,0.06921862656460998,10.347468376159668,-5.096999168395996,5.250469207763672,-49.9995231628418,37.66062545776367,10,left,38.89264486999117,140.01352153196822
1380.0050119160048,202.9820556640625,20.676101684570312,4.3221282958984375,203.60371957541082,20.264123532135645,-0.7457828214409102,0.9855432545341115,-0.000727708057540466,1374.177446076159,0.5005152089924747,10.588499546051025,-6.095999240875244,4.492500305175781,-49.9995231628418,34.89975357055664,10,left,40.59226838275713,146.13216617792568
1385.842844042751,206.2436981201172,25.517623901367188,4.3625640869140625,206.8388987309766,25.105981342148905,-0.723680429282994,0.9657281569137377,-0.005196265214724938,192.44591233839373,0.6942475920291402,10.829530954360962,-7.094999313354492,3.7345316410064697,-49.9995231628418,31.400001525878906,11,right,42.25136887782332,152.10492796016393
1391.7633333003891,209.69876098632812,30.325225830078125,4.4037628173828125,210.24717917306384,29.91120540104698,-0.6871502188005303,0.9241438913944988,-0.008030314226570634,124.52812826317664,1.0047423952903256,10.852998971939087,-8.093998908996582,2.759000062942505,-49.9995231628418,29.42987823486328,11,right,41.35540247133944,148.87944889682197
1397.7421106042457,213.43003845214844,34.99610900878906,4.48248291015625,213.9177364288382,34.5847085710233,-0.6380436009091809,0.8700553929471697,-0.008490011979052692,117.78546396251129,1.5219810392921806,10.852998614311218,-9.092998504638672,1.7600001096725464,-49.9995231628418,25.66933822631836,11,right,40.22021335176046,144.79276806633766
1403.7058756304812,217.37998962402344,39.46307373046875,4.5854644775390625,217.8044098790115,39.069219359003895,-0.5790110696404012,0.8227348691520169,-0.007790398555065081,128.36313738400847,1.594006676615073,11.341998219490051,-10.091998100280762,1.2500001192092896,-49.9995231628418,23.96000099182129,11,right,41.92942219776965,150.94591991197072
1409.6362654891213,221.50262451171875,43.7252197265625,4.6721649169921875,221.86266886901058,43.359358870559916,-0.5133089763218887,0.7773855825152423,-0.008255884691628801,121.12572272405494,1.137520732985714,12.660997748374939,-11.090997695922852,1.5700000524520874,-49.9995231628418,21.554996490478516,11,right,40.650739163242676,146.34266098767364
1415.5540559508386,225.8147735595703,47.77778625488281,4.7203216552734375,226.10959316611147,47.44497023273447,-0.444617931486945,0.724932987200112,-0.00907640515547764,110.17577806082144,0.5928377235369264,12.549017429351807,-10.399017333984375,2.1500000953674316,-49.9995231628418,19.149993896484375,11,right,38.89928194565192,140.0374150043469
1421.4984471277514,230.3676300048828,51.59967041015625,4.74237060546875,230.60159885204547,51.304172907014966,-0.3769087367060491,0.6697082659576973,-0.008706425547813708,114.85769843298235,0.34518091281354746,11.74801778793335,-9.400017738342285,2.3480000495910645,-49.9995231628418,17.700016021728516,11,right,39.71719564972557,142.98190433901206
1427.5028779849488,235.16497802734375,55.21052551269531,4.76153564453125,235.34786069129453,54.95488046192088,-0.3143254058443243,0.6209719138565597,-0.0070948516662490135,140.94727374740046,-0.20399533020936667,11.797014236450195,-8.450014114379883,3.3470001220703125,-49.9995231628418,16.000041961669922,11,right,41.45870174499479,149.25132628198125
1433.5820097417368,240.17127990722656,58.65882873535156,4.7169342041015625,240.31523243889225,58.44107794130187,-0.2610320663869423,0.5841308019580302,-0.0056512169782981445,176.95303575145127,-0.7496794667310902,12.000009536743164,-7.80001163482666,4.199997901916504,-49.9995231628418,16.000041961669922,11,right,43.150330571876864,155.34119005875672
1439.7538829063662,245.37416076660156,61.97843933105469,4.6696624755859375,245.49000363671317,61.79026225167779,-0.22097552751043137,0.5518152758042835,-0.004198004142372244,238.20843574368448,-0.915205648028361,11.9500093460083,-7.600010871887207,4.349998474121094,-49.9995231628418,15.1000394821167,11,right,44.80247326041596,161.28890373749746
1446.0165514122402,250.7413330078125,65.20489501953125,4.6028594970703125,250.84156466738008,65.03465562849703,-0.19755464013627808,0.532120409440954,-0.0017010608560036472,587.8684448417264,-1.1422403876692022,12.10000991821289,-7.750011444091797,4.349998474121094,-49.9995231628418,13.550033569335938,11,right,46.418852609177925,167.10786939304054
1452.37446216916,256.22857666015625,68.41537475585938,4.525360107421875,256.32637209437314,68.2487032428374,-0.19324425012586371,0.5306240043492301,0.001472212532818526,679.2497534887283,-1.3361023128720506,12.25001049041748,-8.200013160705566,4.049997329711914,-49.9995231628418,11.950027465820312,11,right,48.004171989666744,172.8150191628003
1458.8223202058562,261.760009765625,71.72737121582031,4.431549072265625,261.8696190968443,71.54910735623201,-0.20926588141803368,0.5512825788709094,0.00433071902140645,230.90853852606645,-1.8204293207765287,12.300013303756714,-8.800015449523926,3.499997854232788,-49.9995231628418,10.55002212524414,11,right,49.071170782755686,176.65621481792047
1465.3322528084534,267.2491912841797,75.22419738769531,4.2890167236328125,267.38509056003596,75.01985230878887,-0.24540889236444108,0.58688111627962,0.006012409097237555,166.3226809465539,-2.1941626935447376,12.450016021728516,-9.400017738342285,3.0499982833862305,-49.9995231628418,9.400017738342285,11,right,47.48378616743642,170.9416302027711
1471.8088573765058,272.5643310546875,78.92222595214844,4.1466064453125,272.7409565772233,78.67963650937105,-0.30007701171215045,0.6293267805501254,0.005358652200495341,186.61408924945016,-2.6943529077361363,12.500018119812012,-9.850019454956055,2.649998664855957,-49.9995231628418,15.269118309020996,11,right,45.850024763838476,165.0600891498185
1478.1977739751078,277.6785430908203,82.74606323242188,3.9432373046875,277.90457138777657,82.45243035026478,-0.37055237215383297,0.656031131841193,0.00401035582271779,249.35443242597538,-3.3255146157639306,12.450019359588623,-10.100020408630371,2.349998950958252,-49.9995231628418,21.653797149658203,11,right,44.17922722781733,159.04521802014239
1484.4152803376778,282.5567626953125,86.59495544433594,3.7278594970703125,282.84184650585837,86.24237448266916,-0.45341604908208677,0.6799403297261781,0.00342299747090824,292.14161228540587,-3.4223376877592027,12.45002007484436,-10.250020980834961,2.1999990940093994,-49.9995231628418,27.8665714263916,11,right,42.49022415387765,152.96480695395954
1490.380178997804,287.15773010253906,90.38578796386719,3.5261077880859375,287.50797493931407,89.96822036853592,-0.5450083874201365,0.6979405743014033,0.002702346396246752,370.0487847852832,-3.53639938195644,12.400020360946655,-10.300021171569824,2.099999189376831,-49.9995231628418,33.827056884765625,11,right,40.804185748434634,146.89506869436468
1496.0565038516982,291.4807586669922,94.05844116210938,3.317047119140625,291.89987940902586,93.57237652250974,-0.6418107433441556,0.7115765482806008,0.0037753841840684893,264.8737058919297,-3.7176062406264645,12.250020384788513,-10.300021171569824,1.949999213218689,-49.9995231628418,39.498531341552734,11,right,39.132316341262914,140.8763388285465
1501.4114058851396,295.49053955078125,97.6019287109375,3.1162261962890625,295.9892713774644,97.05433110461969,-0.7406730543172889,0.7387299748779617,0.006075580042741155,164.59333807884855,-3.813632730261846,12.250020146369934,-10.250020980834961,1.9999991655349731,-49.9995231628418,44.84866714477539,12,left,37.48682927052282,134.95258537388216
1506.5671350213895,299.24085998535156,101.13417053222656,2.9164581298828125,299.8278457563756,100.53489913925004,-0.838855468972278,0.7750419075173339,0.008228125106302955,121.53436986926394,-3.559768778611694,12.100018978118896,-9.950019836425781,2.1499991416931152,-49.81122589111328,49.9995231628418,12,left,35.83121379430872,128.99236965951138
1511.5972090111059,302.75376892089844,104.73060607910156,2.7528533935546875,303.4380308478989,104.09500023445362,-0.933921396313956,0.8222458389392073,0.011106401096278376,90.03816729931428,-2.8185070386882396,12.100016832351685,-9.500018119812012,2.599998712539673,-49.27708435058594,49.9995231628418,12,left,34.138655801885015,122.89916088678606
1516.5551726483957,306.01710510253906,108.46128845214844,2.6343231201171875,306.8097224111676,107.81365579052844,-1.0235576497367314,0.8857264831007962,0.013095995522727694,76.3592197526741,-1.8860501372467475,11.897000789642334,-8.547002792358398,3.3499979972839355,-48.44320297241211,49.9995231628418,12,left,32.383908412716735,116.58207028578025
1521.450072100683,308.99755859375,112.34359741210938,2.5663909912109375,309.89751706132205,111.70171463417375,-1.1054133814844742,0.9512422667868514,0.013643567704420753,73.29461191268781,-1.5076229511121197,11.519876480102539,-7.548003196716309,3.9718732833862305,-47.35569763183594,49.728675842285156,12,left,31.72740455834442,114.21865641003991
1526.277950711484,311.6770324707031,116.35890197753906,2.4878997802734375,312.6789754705431,115.74122159830108,-1.1770381581851561,1.0183453757948686,0.01514450724318507,66.03054057437184,-1.429171058663986,11.519876480102539,-6.5490031242370605,4.9708733558654785,-46.06068420410156,49.030174255371094,12,left,30.114173477756662,108.41102451992398
1531.0356302363612,314.02545166015625,120.49617004394531,2.4291229248046875,315.1248350380441,119.93140062205994,-1.2359645267858028,1.0962372380228897,0.016626605435612785,60.144567925939015,-1.0438933966555652,11.519876480102539,-5.5500030517578125,5.969873428344727,-44.60427474975586,48.075077056884766,12,left,28.740659280796717,103.46637341086819
1535.7181420006416,316.01129150390625,124.73654174804688,2.389068603515625,317.192401466871,124.24338721735144,-1.279930519895518,1.1752657105454436,0.017415413571796795,57.420399227236224,-0.7665063809679684,12.318873882293701,-5.350000381469727,6.968873500823975,-43.03258514404297,47.03445053100586,12,left,28.082232158196796,101.09603576950846
1540.3220502806037,317.61915588378906,129.05044555664062,2.3578033447265625,318.86286528222905,128.6480485294476,-1.3071864577258006,1.257880209068773,0.018944276874595517,52.786390666672055,-0.4422180015625832,12.520000457763672,-4.990000247955322,7.53000020980835,-41.3917236328125,46.07935333251953,12,left,26.92523517847289,96.9308466425024
1544.8442516896139,318.8323059082031,133.40687561035156,2.34832763671875,320.1165514974845,133.11590851680776,-1.316794814355708,1.347991320016526,0.019778317366451664,50.56041833448471,0.0984081229275513,12.940000534057617,-4.970000267028809,7.970000267028809,-39.72780227661133,45.38085174560547,12,left,26.351409552542215,94.86507438915197
1549.279649786432,319.63002014160156,137.76991271972656,2.3660888671875,320.92680838045004,137.59281813194525,-1.308824751231886,1.435071913166279,0.019495074889058217,51.29500685125651,0.25548818428467457,13.600001335144043,-5.190000534057617,8.410000801086426,-38.08694076538086,45.11000442504883,12,left,26.54214806859379,95.55173304693764
1553.6332009475814,320.0519561767578,142.10296630859375,2.3710174560546875,321.33463509138693,142.03692524853696,-1.2843779115383007,1.5193549286217287,0.020097308866495994,49.75790572971136,0.15262771232727457,13.341201305389404,-5.2900004386901855,8.051200866699219,-36.5152473449707,44.30400466918945,12,left,26.141443672679134,94.10919722164489
1557.9078138019966,320.0923614501953,146.37738037109375,2.3791961669921875,321.3369080689578,146.42415134104792,-1.2454251522687572,1.6083593794759765,0.02096402673866815,47.700759613872265,0.13019356640668334,13.122401237487793,-5.949000835418701,7.173400402069092,-35.058837890625,42.38200378417969,12,left,25.595355682953922,92.14328045863412
1562.1060095212142,319.76051330566406,150.56243896484375,2.38214111328125,320.94551502060517,150.71273849653818,-1.19449529661735,1.6969575470836693,0.021716428725840425,46.048087032381055,0.07303771817783744,13.122401237487793,-6.948000907897949,6.174400329589844,-33.76382827758789,40.08800506591797,12,left,25.148050169003586,90.53298060841291
1566.2286203636002,319.0673522949219,154.62635803222656,2.3852691650390625,320.17476781225,154.87187001270556,-1.1343038660684641,1.7889658150312124,0.022929683069705248,43.611592753377494,0.0617667591113813,12.818810939788818,-7.5000104904174805,5.318800449371338,-32.67632293701172,38.1660041809082,12,left,24.47369230163047,88.1052922858697
1570.2717303800719,318.0180969238281,158.53094482421875,2.38720703125,319.03354500938656,158.85992208434996,-1.0674084748341277,1.8840986114235552,0.0240616357451085,41.55993427019152,-0.03911390475107024,12.510011196136475,-7.550010681152344,4.960000514984131,-31.842443466186523,37.36000442504883,12,left,23.89108907661621,86.00792067581837
1574.2334433022754,316.6283721923828,162.24090576171875,2.3822784423828125,317.5415115275471,162.6385370557691,-0.9959588803923517,1.981489209703919,0.025551707553212233,39.13632769620068,-0.16858239363335414,12.563518047332764,-7.294999122619629,5.268518924713135,-31.308298110961914,38.29646682739258,12,left,23.184010105665934,83.46243638039736
1578.1332436340767,314.90277099609375,165.73814392089844,2.3740081787109375,315.70523668994866,166.1912955016886,-0.9215734072697079,2.0848546799967513,0.027174154784337323,36.79967262777135,0.05315850354721263,12.335814476013184,-6.295999050140381,6.039815425872803,-31.12000274658203,40.63762283325195,12,left,22.48125227539186,80.9325081914107
1581.9943781247493,312.8377227783203,169.00062561035156,2.386199951171875,313.52496109432224,169.49284893668874,-0.8453285195541449,2.1923345884171894,0.02729543150560343,36.636167477136674,0.2402994466137176,12.335814476013184,-5.296998977661133,7.038815498352051,-31.43813133239746,43.681121826171875,12,left,22.431253289350444,80.7525118416616
1585.819548397769,310.4640808105469,172.000244140625,2.3925323486328125,311.03936425856904,172.50878796307126,-0.7678332272808523,2.2946944117478,0.02700371874927765,37.03193657454124,-0.031222661262364504,12.335813999176025,-4.297998905181885,8.03781509399414,-32.323734283447266,46.72462463378906,12,left,22.552086752998033,81.18751231079293
1589.6571226906126,307.7852325439453,174.7480926513672,2.383758544921875,308.2512374817971,175.25607183833765,-0.6893500246590292,2.3992632547674906,0.02709119359411083,36.91236403173403,-0.09302617050001571,12.775482892990112,-3.9590003490448,8.816482543945312,-33.67363357543945,49.06577682495117,12,left,22.515648061111524,81.05633302000149
1593.5532797533792,304.78675842285156,177.23590087890625,2.385498046875,305.1497327396976,177.72606783818327,-0.6099295063011254,2.50419183200658,0.02538017676258919,39.400828818261694,-0.09122002531561368,12.085001230239868,-2.9600002765655518,9.125000953674316,-35.3846549987793,50.00223922729492,12,left,23.26222222811067,83.74400002119842
1597.5210862553436,301.49745178222656,179.4548797607422,2.3763885498046875,301.77105330592946,179.90826243659131,-0.529540975310391,2.5986277219945806,0.0229076219099702,43.65359284914533,-0.10138181801547241,12.053438663482666,-2.320000171661377,9.733438491821289,-37.35361862182617,50.007286071777344,12,left,24.485474146729565,88.14770692822644
1601.587789468602,297.927490234375,181.40255737304688,2.3776092529296875,298.12386128755935,181.80544094938597,-0.44819277840289695,2.6880645308364906,0.019564556986962744,51.11283637377382,0.04662446621493399,12.366004228591919,-2.370000123977661,9.996004104614258,-39.47734451293945,50.01000213623047,12,left,26.368255623820097,94.92572024575236
1605.7775095496045,294.0982971191406,183.1028594970703,2.380279541015625,294.2347622684055,183.44251275638584,-0.36604244771276934,2.759554605136298,0.014936838680273179,66.94857067183048,0.373628730909753,11.917004823684692,-2.9200003147125244,8.997004508972168,-41.65266036987305,49.9995231628418,12,left,28.17672220522183,101.43619993879858
1610.0983505604952,290.04640197753906,184.60316467285156,2.4102325439453125,290.1374547805446,184.87164068444415,-0.28349599950585025,2.814619059672672,0.011710657084902376,85.39230486812059,0.8549941170691966,11.49700379371643,-3.4989988803863525,7.998004913330078,-43.776390075683594,49.9995231628418,12,left,29.92753840513202,107.73913825847526
1614.5427607058002,285.80625915527344,185.93429565429688,2.45562744140625,285.8618190647865,186.12776578230765,-0.2012898258174042,2.861942445317988,0.010647971865353323,93.9145982582682,1.0903830636804335,11.497003555297852,-4.4979987144470215,6.99900484085083,-45.7453498840332,49.9995231628418,12,left,31.6274682428378,113.85888567421608
1619.1125681375486,281.38600158691406,187.09259033203125,2.508697509765625,281.4135977774721,187.20992689637475,-0.12053803990960446,2.910602227356169,0.009853434749027501,101.4874534079293,1.4278801056823665,11.497003555297852,-5.4969987869262695,6.000004768371582,-47.45637130737305,49.9995231628418,12,left,33.284955965492834,119.82584147577421
1623.7943405039684,276.80828857421875,188.07095336914062,2.5883331298828125,276.81630106136663,188.11291641278163,-0.0427211537989155,2.9529221531594647,0.00809791492706563,123.48857811011372,2.1356683369859297,12.51599931716919,-6.495998859405518,6.020000457763672,-48.806270599365234,49.9995231628418,12,left,34.90151776384211,125.6454639498316
1628.587180483593,272.08811950683594,188.89315795898438,2.7120208740234375,272.08344285282107,188.8631251248277,0.03039477291012194,2.9871152377762784,0.006691870754926443,149.4350438946862,2.6099660119487442,13.020010471343994,-7.350009918212891,5.6700005531311035,-49.691871643066406,49.9995231628418,12,left,36.482304843582305,131.3362974368963
1633.4869256804411,267.2374725341797,189.57286071777344,2.84136962890625,267.22549391825765,189.47667984269606,0.09692392877952594,3.017688050826924,0.0054281739609907675,184.2240147766887,2.848664930168648,12.820012092590332,-7.80001163482666,5.020000457763672,-50.01000213623047,49.9995231628418,12,left,38.03048997337082,136.90976390413496
1638.4820061336557,262.2762451171875,190.13291931152344,2.994293212890625,262.26061953372715,189.9786182613707,0.15509020902917114,3.0406698382798814,0.004266940992061263,234.35993182481823,3.091584368160727,12.820013523101807,-8.150012969970703,4.6700005531311035,-49.9995231628418,49.9995231628418,12,left,39.54645801845143,142.36724886642517
1643.575311845232,257.20655822753906,190.59632873535156,3.1533203125,257.1901098763848,190.39351660612905,0.2034780283359032,3.060668350928031,0.003369249275449071,296.80202271965015,3.387644608678114,13.020094394683838,-8.40001392364502,4.620080471038818,-49.9995231628418,49.9995231628418,13,straight,41.03460894755173,147.72459221118623
1648.7586327948425,252.04066467285156,190.97634887695312,3.3429107666015625,252.02465780901883,190.73563420182177,0.2412462942997478,3.0751931591503405,0.0022136757833432497,451.73733548719105,3.5429912022391594,13.101055145263672,-8.600014686584473,4.501040458679199,-49.9995231628418,49.9995231628418,13,straight,42.495590829121596,152.98412698483776
1654.0255037442164,246.7870330810547,191.3030242919922,3.52337646484375,246.77151272485213,191.03522351855324,0.2682501364606305,3.0837025492256327,0.0011492898850829492,870.1024980549844,3.1630711213353866,13.05897569656372,-8.7000150680542,4.3589606285095215,-49.9995231628418,49.9995231628418,13,straight,43.93038185069854,158.14937466251473
1659.3764769574257,241.44668579101562,191.60235595703125,3.678314208984375,241.4312227750605,191.31773756447026,0.2850381277065146,3.0873170708274063,0.00042486312091361,2353.6992287060284,2.8476822308918237,13.039936065673828,-8.800015449523926,4.239920616149902,-49.9995231628418,49.9995231628418,13,straight,45.34161182490078,163.22980256964283
1664.806434371873,236.02664184570312,191.89297485351562,3.8303070068359375,236.0110323217684,191.60066298180843,0.29272835116954476,3.088243085950949,8.387568584111715e-05,11922.40623694292,2.6609758846626197,13.040016174316406,-8.850015640258789,4.190000534057617,-49.9995231628418,49.9995231628418,13,straight,46.73012604568629,168.22845376447066
1670.2609860068148,230.58160400390625,192.1841278076172,3.9678802490234375,230.56598555077198,191.89174394669217,0.29280071415165393,3.0882257440415075,-7.777649434659306e-05,12857.35501967638,2.507143660857114,13.105261325836182,-8.90626335144043,4.198997974395752,-50.00115966796875,49.9995231628418,13,straight,48.084578026003314,173.10448089361194
1675.8236289441159,225.02865600585938,192.48170471191406,4.1064910888671875,225.0131091708467,192.19526404798953,0.28686226316551544,3.087369920785666,1.4230650705659986e-05,70270.85554157181,2.4336555793063877,13.928006649017334,-9.030008316040039,4.897998332977295,-50.0047607421875,49.9995231628418,13,straight,49.427659354400106,177.9395736758404
1681.4976431659634,219.36444091796875,192.78659057617188,4.2412109375,219.34974971171843,192.51054048732644,0.27644074065278096,3.0884234629165928,0.00026021788571151117,3842.9333835593584,2.4342610640413764,13.052751779556274,-9.153753280639648,3.898998498916626,-50.008365631103516,49.9995231628418,13,straight,50.76103328433923,182.73971982362121
1687.2679787106613,213.60382080078125,193.0887451171875,4.38519287109375,213.5903611787849,192.8262468686181,0.262843093738973,3.0903624266428413,0.00030445696350228646,3284.536469445837,2.3541570985894653,12.109999418258667,-9.210000991821289,2.899998426437378,-50.01000213623047,49.9995231628418,13,straight,52.08204374021974,187.49535746479106
1693.1332828584673,207.74740600585938,193.3843536376953,4.514862060546875,207.7351472967591,193.1375678422449,0.24709007423387158,3.091959969600836,0.0002622069270894478,3813.781775715123,2.079937161022433,12.100015640258789,-9.250017166137695,2.8499984741210938,-49.9995231628418,49.9995231628418,13,straight,53.39131016386568,192.20871658991646
1699.0934591476528,201.79544067382812,193.67477416992188,4.6309051513671875,201.7843787596611,193.44512451095946,0.22991592334284366,3.093461205220336,0.00021106212924043577,4737.941399524258,1.927810495096971,12.100015878677368,-9.300017356872559,2.7999985218048096,-49.9995231628418,49.9995231628418,13,straight,54.68965525185444,196.88275890667597
1705.1462846834143,195.75051879882812,193.96160888671875,4.7464141845703125,195.74054521019283,193.7500336871534,0.21181014503886286,3.0944878374940914,9.0333964597622e-05,11070.033341881295,1.7178923388584344,12.100016117095947,-9.350017547607422,2.7499985694885254,-49.9995231628418,48.736690521240234,13,straight,55.977371463660724,201.5185372691786
1711.2894629320504,189.61483764648438,194.2501983642578,4.8400726318359375,189.60575784741715,194.05733493075294,0.19307704869919484,3.0945484856859133,-2.2420955311741597e-05,44601.13256085531,1.4767249568385599,12.100016355514526,-9.400017738342285,2.699998617172241,-49.9995231628418,45.40740966796875,13,straight,57.254703777650846,206.11693359954305
1717.5237668434895,183.38812255859375,194.54454040527344,4.929107666015625,183.37988507786122,194.37084097825291,0.1738946434944886,3.0942043933528307,-0.00011639675963967533,8591.30445809367,1.19230017951642,12.100016593933105,-9.450017929077148,2.649998664855957,-49.9995231628418,40.70049285888672,13,straight,58.522487609101766,210.68095539276635
1723.845728278709,177.07373046875,194.84788513183594,4.9893646240234375,177.0662442688536,194.6937040185177,0.15436275098913982,3.0930761717800017,-0.0001385794770898674,7216.075720588194,0.9117160669920521,12.100016832351685,-9.500018119812012,2.599998712539673,-46.849571228027344,35.30476379394531,13,straight,59.78064750392284,215.21033101412223
1730.2565348283451,170.6708526611328,195.16171264648438,5.0451202392578125,170.66424340129558,195.02733775594328,0.134537331337911,3.0924470293194224,-0.00014134577342844734,7074.848973154647,0.7113205212577967,12.100017309188843,-9.600018501281738,2.4999988079071045,-42.7496337890625,29.909029006958008,13,straight,61.03000774531255,219.7080278831252
1736.7526335015687,164.18275451660156,195.48202514648438,5.080902099609375,164.17699447636275,195.3677178236683,0.11445235739350998,3.091244415648535,-9.285713573631282e-05,10769.231595078576,0.48887899869563545,13.049016952514648,-10.599018096923828,2.4499988555908203,-38.89969253540039,25.20211410522461,13,straight,62.270426307801074,224.17353470808388
1743.3342366541522,157.60964965820312,195.81520080566406,5.10894775390625,157.60491265487153,195.72118778892732,0.0941322820105001,3.091248554480026,-2.709112473547881e-06,369124.578534161,0.1615895756317487,13.998016595840454,-11.598017692565918,2.399998903274536,-35.09975051879883,21.872831344604492,13,straight,63.502466544061974,228.6088795586231
1749.9980432078182,150.9542999267578,196.15074157714844,5.10186767578125,150.95059322972318,196.07723589330425,0.07359908396379979,3.091207980133269,-8.721378962767146e-06,114660.7668660137,-0.1689526095872862,14.94701623916626,-12.597017288208008,2.349998950958252,-31.69980239868164,20.610000610351562,13,straight,64.72600650958796,233.01362343451666
1756.7461312796288,144.21482849121094,196.4912872314453,5.086181640625,144.21216158824723,196.43848186290995,0.052872670800440606,3.091131137696579,-1.1210617316542715e-05,89201.15384942904,-0.2321816840283042,15.896015882492065,-13.596016883850098,2.2999989986419678,-28.549850463867188,22.53499984741211,13,straight,65.94189035993683,237.39080529577262
1763.575815888865,137.39390563964844,196.83676147460938,5.070343017578125,137.39229059759984,196.80483098070985,0.03197131216398063,3.091055793925824,-5.412518024050517e-06,184756.89051870152,-0.17734186719373102,16.795015573501587,-14.595016479492188,2.1999990940093994,-25.44989776611328,24.46000099182129,13,straight,67.150063281294,241.7402278126584
1770.483853621837,130.4947509765625,197.18687438964844,5.0619049072265625,130.4941998030129,197.17597690414087,0.010911415245945445,3.0910576676558574,3.5336512691303e-05,28299.340366037854,-0.10736753997634407,16.347023010253906,-14.29702377319336,2.049999237060547,-22.399944305419922,25.929935455322266,13,straight,67.48572941003391,242.9486258761221
1777.4673623260258,123.5201416015625,197.5392608642578,5.055450439453125,123.52065650218792,197.54954191931733,-0.0102939407318515,3.091551994465593,5.96228115838926e-05,16772.104056061573,-0.2695989293244605,15.298023343086243,-13.29802417755127,1.9999991655349731,-19.84998321533203,27.39986801147461,13,straight,66.25635022450976,238.52286080823515
1784.5246185082462,116.47177124023438,197.89187622070312,5.0237884521484375,116.47334287575183,197.92347294874065,-0.03163579082111474,3.091893162493807,-3.077854775260236e-05,32490.16191530508,-0.2565778804146379,14.199023842811584,-12.29902458190918,1.8999992609024048,-17.900012969970703,28.64984893798828,13,straight,64.99036779030179,233.96532404508645
1791.6568485951389,109.34828186035156,198.24484252929688,5.0193328857421875,109.35096216015481,198.2978838855153,-0.05310903385039726,3.0911033355813897,1.5894582731823537e-05,62914.51728379365,-0.14581713294586351,13.200024247169495,-11.30002498626709,1.8999992609024048,-16.250038146972656,29.79983139038086,13,straight,63.6853725776406,229.26734127950616
1798.856530679613,102.15776062011719,198.6075439453125,5.002777099609375,102.16145380090765,198.68216136983912,-0.07470876539828966,3.092138126622345,6.344755575934946e-05,15761.048444370415,-0.1595019224793881,12.200020670890808,-10.350021362304688,1.8499993085861206,-15.150039672851562,30.949813842773438,13,straight,62.34033497949815,224.42520592619334
1806.1258145727745,94.8973388671875,198.96632385253906,4.9963531494140625,94.9021180595368,199.06263349204337,-0.09642814599981818,3.092010126855449,-5.068655388273946e-05,19729.098220278393,0.10859090202094968,11.800019383430481,-10.000020027160645,1.7999993562698364,-14.65003776550293,32.249794006347656,13,straight,60.9521890121712,219.42788044381635
1813.4385590670834,87.59371948242188,199.33084106445312,5.0187835693359375,87.5996528084632,199.44894370193254,-0.11825158492598545,3.0913961300586585,-9.92455759071531e-05,10076.01589148444,0.3686413257180554,11.952241659164429,-9.950019836425781,2.0022218227386475,-14.65003776550293,33.44977569580078,13,straight,59.52308870515236,214.28311933854852
1820.7871847864133,80.25454711914062,199.70211791992188,5.050445556640625,80.261696835704,199.84208047670396,-0.14014505252743065,3.0905539512881326,-0.00013489766939758785,7413.0265145847015,0.3397217214339665,12.42779803276062,-10.050020217895508,2.3777778148651123,-14.80003833770752,37.249717712402344,13,straight,58.05154644852739,208.98556721469862
1828.221706619768,72.8299560546875,200.0858154296875,5.06884765625,72.83840987621097,200.24763679145218,-0.16204203226856534,3.089398411163946,-4.238650442500713e-05,23592.414934080323,0.2620199278072777,12.730020761489868,-10.150020599365234,2.580000162124634,-14.900038719177246,37.249717712402344,13,straight,56.523832699322774,203.48579771756198
1835.728167354913,65.33364868164062,200.47555541992188,5.0896148681640625,65.3431399778186,200.6591336306368,-0.18382340480045042,3.0899369982564635,0.00014881171404515503,6719.901093919008,0.4182947162305328,12.765206336975098,-10.250020980834961,2.5151853561401367,-14.900038719177246,37.1997184753418,13,straight,54.93825216980218,197.77770781128785
1843.3050792670895,57.76658630371094,200.8594207763672,5.13214111328125,57.776833972072694,201.06445490279347,-0.20529005749485518,3.091653902859922,0.0003034631485007988,3295.2930362065617,0.9119450249028993,12.694836139678955,-10.300021171569824,2.394814968109131,-14.80003833770752,37.14971923828125,13,straight,53.289968450098485,191.84388642035455
1850.9473961234662,50.13389587402344,201.23048400878906,5.2288665771484375,50.14452612879761,201.4563627309096,-0.22612872312772953,3.0945655716017555,0.0003169770421836693,3154.802610028015,1.5641818787277606,12.630021333694458,-10.300021171569824,2.330000162124634,-14.80003833770752,37.0997200012207,13,straight,51.574121702128465,185.6668381276625
1858.6430987515437,42.44770812988281,201.58511352539062,5.37237548828125,42.45878935664442,201.830738687052,-0.24587499593840437,3.0965088439598314,0.0002981574792523811,3353.9322994930835,2.0431541783133,12.430391550064087,-10.300021171569824,2.1303703784942627,-15.150039672851562,37.0997200012207,13,straight,49.78656853681023,179.23164673251682
1866.285928533203,34.81413269042969,201.92063903808594,5.5420684814453125,34.82533339738483,202.18428355630823,-0.2638823370840836,3.0991340597355244,0.0004999771597438696,2000.0913651981307,2.36908730919394,12.059650897979736,-10.300021171569824,1.759629726409912,-15.800042152404785,37.0997200012207,13,straight,47.94538165758108,172.6033739672919
1873.7020245043425,27.406448364257812,202.22055053710938,5.7284698486328125,27.416954833534557,202.4996634260581,-0.2793105631263754,3.1039680524523816,0.000917158192720563,1090.3244477746023,2.6621457786463187,11.860021233558655,-10.300021171569824,1.5600000619888306,-16.400035858154297,37.14971923828125,13,straight,46.08855670062371,165.91880412224538
1880.838043240077,20.27734375,202.46253967285156,5.92864990234375,20.285860923767228,202.75356416426195,-0.29114909728463106,3.112334829630885,0.0016916104031780843,591.152666193863,2.9787949723250606,11.85002052783966,-10.250020980834961,1.5999995470046997,-17.100025177001953,37.1997184753418,13,straight,44.228323884502714,159.2219659842098
1887.7555046090272,13.365081787109375,202.61911010742188,6.1463470458984375,13.369280037602541,202.91736676290088,-0.29828620123084265,3.127517617279247,0.003293955127630449,303.5864063878015,3.2360249150414857,11.80001986026764,-10.100020408630371,1.699999451637268,-17.80001449584961,37.399715423583984,13,straight,42.34713594993067,152.4496894197504
1894.4678478409946,6.6564483642578125,202.6266632080078,6.369354248046875,6.651896026170477,202.92625567143185,-0.2996270480489721,-3.126398720741775,0.005144033332848297,194.39998446633143,3.3798047171977927,11.900018692016602,-9.850019454956055,2.049999237060547,-18.350006103515625,37.74971008300781,14,left,40.43815666061534,145.57736397821523
1900.9794505525,0.1522369384765625,202.4118194580078,6.5930633544921875,0.13646169831736718,202.70563479231686,-0.29423852378168064,-3.087953153094027,0.0073150618546151125,136.7042439113614,3.0570417942767603,11.90001630783081,-9.350017547607422,2.5499987602233887,-18.700000762939453,38.349700927734375,14,left,38.495913287890495,138.5852878364058
1907.306483435419,-6.1533050537109375,201.91934204101562,6.763214111328125,-6.183814649769463,202.1991828560741,-0.2814990536826632,-3.0329967445028543,0.010054560345538366,99.45735722236152,2.800669401688227,11.900013208389282,-8.7000150680542,3.199998140335083,-18.700000762939453,39.34968566894531,14,left,36.50988465708075,131.4355847654907
1913.522989918384,-12.304901123046875,201.0417938232422,6.944122314453125,-12.351527092537733,201.29881215187336,-0.26121332715487744,-2.962133268198403,0.011574145774595757,86.39946476178942,3.1355249523382978,11.900009870529175,-8.000012397766113,3.8999974727630615,-18.400005340576172,41.049659729003906,14,left,34.4472095972724,124.00995455018064
1919.6319184405663,-18.271240234375,199.74574279785156,7.149200439453125,-18.329324631712097,199.97207222362442,-0.2336638743680424,-2.890377668491658,0.011533072875056727,86.70716042753536,3.2522885879518793,11.900009155273438,-7.350009918212891,4.549999237060547,-17.900012969970703,43.34962463378906,14,left,34.50849375605621,124.23057752180236
1925.6309013653424,-24.029388427734375,198.07366943359375,7.338134765625,-24.092011138967205,198.26318068587312,-0.19958987625290878,-2.8224454391761924,0.011930880594669457,83.81610997320561,3.09696012735704,12.112600803375244,-7.212600231170654,4.90000057220459,-17.250022888183594,46.049583435058594,14,left,33.92831346194511,122.1419284630024
1931.5450656361695,-29.572174072265625,196.01881408691406,7.5182342529296875,-29.633525239029222,196.16669962968803,-0.1601065252411906,-2.7483455607034397,0.012661349253665466,78.98052411045367,3.075607147660553,12.357412815093994,-6.9574103355407715,5.400002479553223,-16.600032806396484,49.09953689575195,14,left,32.93506517578143,118.56623463281316
1937.4171279667369,-34.90830993652344,193.57473754882812,7.7006072998046875,-34.96094438071247,193.6787763751649,-0.11659529193161422,-2.673226993800275,0.012218679556953826,81.84190405671828,2.8501907357946887,12.920005798339844,-6.820000648498535,6.100005149841309,-15.950042724609375,49.98210906982422,14,left,33.526358441008306,120.6948903876299
1943.2781923595212,-40.04554748535156,190.75733947753906,7.8527069091796875,-40.08164034721294,190.818015199398,-0.07059913526698777,-2.6049696344221824,0.011845999809272756,84.41668209526938,2.50279809681746,13.020860195159912,-6.270852565765381,6.750007629394531,-15.450040817260742,52.37766647338867,14,left,34.0496506868489,122.57874247265605
1949.1537181430836,-44.98577880859375,187.57994079589844,7.99432373046875,-44.99933051038588,187.59943795289752,-0.023744215137780425,-2.534189554175265,0.01160813407218253,86.14648950311295,2.3990678416721867,12.671862602233887,-5.271852493286133,7.400010108947754,-14.80003833770752,55.907958984375,14,left,34.396742386972534,123.82827259310112
1955.0577333337726,-49.72373962402344,184.0601043701172,8.135299682617188,-49.70982627311105,184.04266251966234,0.022311420414230433,-2.4682561870441506,0.011319399470440472,88.34390928700805,2.2752561010058847,12.730012893676758,-4.7300004959106445,8.000012397766113,-14.375032424926758,60.194740295410156,14,left,34.83267503577307,125.39763012878306
1961.0048635057433,-54.24623107910156,180.2001953125,8.263870239257812,-54.20170532859076,180.15158438522926,0.06592089735942017,-2.4000285635888976,0.010832733143389839,92.312806635526,1.9813492816925016,13.084655284881592,-4.434640407562256,8.650014877319336,-13.440019607543945,64.85977172851562,14,left,35.6065174698722,128.18346289153993
1966.994724704203,-58.5406494140625,176.02589416503906,8.371658325195312,-58.464771396688086,175.95258153740824,0.10550931186776452,-2.3390008052758966,0.010484662590136529,95.37741356987037,1.6243792488210285,12.980337381362915,-3.7303202152252197,9.250017166137695,-12.505006790161133,69.5248031616211,14,left,36.19272576041489,130.2938127374936
1973.0372819503377,-62.60218811035156,171.5527801513672,8.459136962890625,-62.495637610770004,171.46247784390386,0.13966930834755736,-2.273841366574406,0.010719177556256787,93.2907394015784,1.3026038197416656,12.639699220657349,-2.8896801471710205,9.750019073486328,-13.30892562866211,73.81158447265625,14,left,35.79462270986073,128.86064175549865
1979.1300082375249,-66.395263671875,166.78529357910156,8.529586791992188,-66.26089679240167,166.68564141658726,0.16728721347782893,-2.2089270192102313,0.010245709508394707,97.60183022763442,1.082891038338074,12.435381174087524,-2.1853601932525635,10.250020980834961,-19.400243759155273,77.34187316894531,14,left,36.61234131199931,131.8044287231975
1985.2703382952086,-69.90322875976562,161.7460479736328,8.591537475585938,-69.74601672005726,161.64355292676404,0.18767221441090887,-2.148544087358643,0.009627523919805647,103.86886683738172,0.8653119551397803,12.640022993087769,-1.8900001049041748,10.750022888183594,-25.539262771606445,79.7374267578125,14,left,37.769498502688656,135.97019460967917
1991.4629079921363,-73.14619445800781,156.47071838378906,8.636154174804688,-72.97201039899075,156.37112202332602,0.20064775461774387,-2.0902133777082823,0.009653754024605499,103.58664592563669,0.45623385308105613,12.8243989944458,-1.8243751525878906,11.00002384185791,-30.250001907348633,80.62000274658203,14,left,37.71815206426071,135.78534743133855
1997.6992063896735,-76.076416015625,150.96571350097656,8.64801025390625,-75.89111304625655,150.87442592200932,0.2065686629923996,-2.028538289543852,0.009558864808391687,104.614932844547,0.07097401354846378,12.780024290084839,-1.6800000667572021,11.100024223327637,-29.018722534179688,80.48259735107422,14,left,37.90490057613934,136.45764207410164
2003.9550197455128,-78.68663024902344,145.2804718017578,8.644973754882812,-78.49666418816338,145.20015105588567,0.20624870059262024,-1.9708159027583714,0.009213869219749482,108.53203753495312,-0.09346013834113931,12.78564989566803,-1.5356251001358032,11.250024795532227,-27.330001831054688,80.22740936279297,14,left,38.6080173475024,138.98886245100863
2010.208022571217,-80.95606994628906,139.45384216308594,8.636322021484375,-80.76692055976395,139.38640324271842,0.20081209725303714,-1.913283619363634,0.009183868424544384,108.88657739558268,-0.35573828574245736,12.720024943351746,-1.470000147819519,11.250024795532227,-26.400001525878906,80.09000396728516,14,left,38.67102602661239,139.2156936958046
2016.4694997330564,-82.905517578125,133.50367736816406,8.600418090820312,-82.72174156492545,133.4498178143213,0.19150580818257784,-1.8558848513775938,0.009607986706631766,104.08007739121508,-0.7233895919495748,12.68002450466156,-1.53000009059906,11.1500244140625,-26.049888610839844,77.03074645996094,14,left,37.807879904736104,136.10836765704997
2022.7296501989865,-84.48849487304688,127.44721984863281,8.545745849609375,-84.3133850419884,127.40766071190582,0.17952263988676118,-1.7929771576390325,0.010187655484835412,98.15801108395605,-1.0378844031696088,12.490023374557495,-1.6400001049041748,10.85002326965332,-25.64989471435547,71.3492660522461,14,left,36.71651024031359,132.17943686512893
2029.0019007296937,-85.67588806152344,121.28884887695312,8.470306396484375,-85.5120709469709,121.26284741872729,0.16586778725897644,-1.7282057067421872,0.010613212191243171,94.22218099295965,-1.31865831514405,12.150022029876709,-1.6500000953674316,10.500021934509277,-25.599895477294922,68.29000854492188,14,left,35.97287080227692,129.5023348881969
2035.2968721915684,-86.46308898925781,115.0439453125,8.379974365234375,-86.31239268633523,115.03052983718106,0.15129226911037805,-1.659585519306354,0.010540373614506604,94.8732973396418,-1.6258537467290668,11.76002049446106,-1.6600000858306885,10.100020408630371,-25.599895477294922,66.36288452148438,14,left,36.09695091919317,129.94902330909542
2041.615526261071,-86.83001708984375,108.73699951171875,8.26513671875,-86.69376730488217,108.73366424704227,0.13629060089580497,-1.5952704845118866,0.010335523716884287,96.7536844181764,-1.9527108931684856,11.750017642974854,-2.1499991416931152,9.600018501281738,-25.599895477294922,61.7674446105957,14,left,36.452916231753456,131.23049843431244
2047.96963428058,-86.77613830566406,102.38450622558594,8.132415771484375,-86.65510530203727,102.38961704633212,0.12114086203928982,-1.5285947276314331,0.010182024830169722,98.21229241525344,-2.1458595179924878,11.800015211105347,-2.699998617172241,9.100016593933105,-25.749893188476562,56.282562255859375,14,left,36.72666094312265,132.21597939524156
2054.37052241258,-86.30860900878906,96.00227355957031,7.9913787841796875,-86.20322889113307,96.01341855934396,0.10596782633018942,-1.4654280300525395,0.008953176968390486,111.69219636007821,-2.354454623184399,12.263344287872314,-3.3499979972839355,8.913346290588379,-26.149887084960938,51.6871223449707,14,left,38.72402528419406,139.40649102309862
2060.828625444966,-85.46331787109375,89.60177612304688,7.8294830322265625,-85.37363050034661,89.6159945925224,0.0908074300140802,-1.4135711040636583,0.007150390170850951,139.85250819970184,-2.711801913904066,12.716669082641602,-4.149997711181641,8.566671371459961,-26.699878692626953,49.76000213623047,14,left,40.639878346340915,146.3035620468273
2067.3640128907377,-84.30197143554688,83.17323303222656,7.638702392578125,-84.22779003213233,83.18812676090663,0.07566177216102662,-1.3726562377135485,0.005229608701977528,191.21889552116187,-2.9852465291562824,13.480002403259277,-5.100001335144043,8.380001068115234,-27.149871826171875,47.84955596923828,14,left,42.490809288934976,152.9669134401659
2073.986106821525,-82.91065979003906,76.70210266113281,7.43658447265625,-82.85165538456727,76.71566034013682,0.060541973250432916,-1.3449425827296868,0.00396201727788098,252.39667822317864,-3.016538238692401,14.72000503540039,-6.000004768371582,8.720000267028809,-27.449867248535156,47.02366256713867,14,left,44.287463841758864,159.4348698303319
2080.698527159931,-81.33067321777344,70.18135070800781,7.2365264892578125,-81.28659654186487,70.19264905721042,0.045501714845186454,-1.3198652242432338,0.003754552321460436,266.34333853443883,-2.890218160994762,15.191883087158203,-6.8000078201293945,8.391875267028809,-27.599864959716797,44.95893096923828,14,left,46.03712282476534,165.73364216915522
2087.4951993448562,-79.56245422363281,63.62147521972656,7.046295166015625,-79.5329539133444,63.629848954974065,0.030665742272239983,-1.2942188361206017,0.003912528396039727,255.58919930452208,-2.773587503486258,15.0700101852417,-7.400010108947754,7.670000076293945,-27.599864959716797,42.2747802734375,14,left,47.743455341066486,171.87643922783934
2094.3739194559507,-77.59754943847656,57.032073974609375,6.857269287109375,-77.58204159642536,57.036946991192444,0.016255443879016968,-1.2663368911202726,0.004226152001261252,236.62187249809287,-2.6063751219608355,14.798137187957764,-7.850011825561523,6.94812536239624,-27.39986801147461,39.59062576293945,14,left,49.41042515704574,177.87753056536465
2101.332645726476,-75.41500854492188,50.42669677734375,6.6858673095703125,-75.41254342400585,50.427555171405125,0.0026102991198775566,-1.2357118751379055,0.004161461837800029,240.30017310663442,-2.4156866671689095,14.72001314163208,-8.10001277923584,6.62000036239624,-27.099872589111328,37.52589416503906,14,left,51.04141813775621,183.74910529592236
2108.365461136129,-73.01353454589844,43.818695068359375,6.51934814453125,-73.02270267630357,43.81521640266525,-0.009805902821104766,-1.208147300428989,0.0038699430958557546,258.4017323331912,-2.1964312570193156,14.655198097229004,-8.10001277923584,6.555185317993164,-27.099872589111328,36.70000076293945,15,straight,52.63845525391237,189.49843891408455
2115.471754568015,-70.40435791015625,37.210296630859375,6.3755645751953125,-70.42324139936551,37.20253901148957,-0.020414867694965085,-1.1810016377722135,0.003554719011086227,281.31618754710706,-1.9344299716962998,14.43482780456543,-8.000012397766113,6.434815406799316,-25.674428939819336,36.52549743652344,15,straight,54.20440520915677,195.13585875296437
2122.649330724545,-67.60014343261719,30.604507446289062,6.2431640625,-67.62630085835171,30.593033151904887,-0.02856344434187829,-1.157410159612406,0.002799802816090158,357.16800992309544,-1.6148687230867542,13.349010944366455,-7.65001106262207,5.698999881744385,-24.20221519470215,36.07546615600586,15,straight,55.74142442661296,200.66912793580664
2129.896578090122,-64.63259887695312,23.993438720703125,6.1429443359375,-64.66313074983138,23.979431980104085,-0.03359142812775945,-1.1406831692751247,0.0016856101790512779,593.2569774601361,-1.498151226444977,11.900009155273438,-7.200009346008301,4.699999809265137,-22.73000144958496,35.46011734008789,15,straight,57.251511675089866,206.10544203032353
2137.21077271008,-61.55377197265625,17.35986328125,6.0248565673828125,-61.585396369952846,17.34505821080439,-0.03491837074195138,-1.1329489706395055,0.0005462133164572669,1830.7865624477781,-1.3127903106048389,11.900009155273438,-6.650007247924805,5.250001907348633,-22.268510818481445,34.78965759277344,15,straight,58.73619827002121,211.45031377207636
2144.549657005973,-58.43794250488281,10.715667724609375,5.9507293701171875,-58.46703980127813,10.702037060495629,-0.0321317236029926,-1.1327047482591857,-6.310027123840323e-05,15847.792416324728,-0.9855660217822582,11.850008964538574,-6.000004768371582,5.850004196166992,-21.411457061767578,34.17430877685547,15,straight,60.18909933765205,216.6807576155474
2151.972668298812,-55.29359436035156,3.9918975830078125,5.8794097900390625,-55.31629534012511,3.9812962608446605,-0.025054391117842335,-1.1338967592045701,-0.00032352772200350266,3090.9252344971337,-0.7413297697031362,11.750008583068848,-5.350002288818359,6.400006294250488,-20.949966430664062,33.72427749633789,15,straight,61.623818909220056,221.8457480731922
2159.478289273735,-52.12757873535156,-2.8131866455078125,5.840423583984375,-52.14007927240204,-2.8189686676085453,-0.013772988278645858,-1.137561646042221,-0.0005725073234654765,1746.7025468719655,-0.3759874923617179,11.750008583068848,-4.75,7.000008583068848,-17.700016021728516,33.549774169921875,15,straight,63.04131500206772,226.9487340074438
2167.05560458687,-48.96183776855469,-9.697479248046875,5.822906494140625,-48.96058183689795,-9.696905905867798,0.001380610582568319,-1.1425439848041328,-0.0007341994820466158,1362.0276565878971,-0.03247905660689887,11.700008392333984,-4.149997711181641,7.550010681152344,-17.700016021728516,33.19977951049805,15,straight,62.845741628771925,226.24466986357893
2174.7018789468234,-45.805938720703125,-16.662078857421875,5.83575439453125,-45.787797035240466,-16.653932697994815,0.01988669567417203,-1.1487494194331136,-0.0008893381913432918,1124.4316388679542,0.46401650364347735,11.75001072883606,-3.5999977588653564,8.150012969970703,-17.500019073486328,33.49977493286133,15,straight,61.3967699259465,221.0283717334074
2182.415278573608,-42.66981506347656,-23.708908081054688,5.8945770263671875,-42.632180152715094,-23.692345349534058,0.0411182512206939,-1.1562144166570734,-0.0009139893944009603,1094.1045991626763,0.83766030165906,11.800013065338135,-3.149998188018799,8.650014877319336,-16.750030517578125,33.49977493286133,15,straight,59.89957492776219,215.63846973994387
2190.192228004757,-39.558013916015625,-30.835800170898438,5.965606689453125,-39.498877313175534,-30.810245367438018,0.06442193551397915,-1.162900567218426,-0.0009373167256838122,1066.8752328840155,0.882884150335167,11.85001540184021,-2.699998617172241,9.150016784667969,-16.000041961669922,33.09978103637695,15,straight,58.35116604764312,210.06419777151524
2198.0330660774166,-36.472991943359375,-38.043914794921875,6.0324249267578125,-36.39085235793457,-38.00919320824917,0.08917679112206903,-1.1708631834272571,-0.0011717812156188945,853.4016305013342,0.9625284864903605,11.850017309188843,-2.2999989986419678,9.550018310546875,-15.050039291381836,32.599788665771484,15,straight,56.747280882320005,204.29021117635202
2205.9369914375816,-33.4287109375,-45.337554931640625,6.1172943115234375,-33.32248631454509,-45.29396196880706,0.11482167448057043,-1.1813697793368556,-0.0013159390278542626,759.9136273285967,0.9659332908019014,11.900018811225891,-1.9999991655349731,9.900019645690918,-12.950031280517578,32.449790954589844,15,straight,55.08324490130549,198.29968164469977
2213.9001474835623,-30.440872192382812,-52.71861267089844,6.1855621337890625,-30.31002174352087,-52.666492720934365,0.1408486036552329,-1.1917417078033024,-0.0013607222724000834,734.9038229793722,0.7354355068539375,12.000020146369934,-1.7999993562698364,10.200020790100098,-12.550029754638672,31.39980697631836,15,straight,53.354281205078834,192.0754123382838
2221.92522429137,-27.511154174804688,-60.18963623046875,6.2347259521484375,-27.35553204638344,-60.12969402664777,0.16676724694398137,-1.203132563530328,-0.001442627595378554,693.1795864736624,0.5322422435440399,12.050020813941956,-1.699999451637268,10.350021362304688,-12.250028610229492,31.099811553955078,15,straight,51.553243492021004,185.59167657127563
2230.010128993308,-24.649856567382812,-67.75120544433594,6.271209716796875,-24.469835646777074,-67.68430462916469,0.19205012607731922,-1.2149852004431196,-0.0013953628352983416,716.6594771647266,0.44410189006665046,12.050021529197693,-1.5499995946884155,10.500021934509277,-12.000027656555176,30.849815368652344,15,straight,49.67278850885232,178.82203863186837
2238.090885974232,-21.874343872070312,-75.34027099609375,6.3065185546875,-21.671013013437246,-75.26717508201143,0.2160704762987987,-1.2256901130377147,-0.00125993329696239,793.6928108900124,0.45825444699519324,12.100021481513977,-1.5999995470046997,10.500021934509277,-11.90002727508545,30.59981918334961,15,straight,47.71931030396706,171.78951709428142
2245.995842982328,-19.234329223632812,-82.791259765625,6.344390869140625,-19.009565998797015,-82.7128516942495,0.23804691322387117,-1.235148672403255,-0.0011728947864704797,852.5913931370081,0.4751277389410058,12.100021004676819,-1.699999451637268,10.40002155303955,-11.90002727508545,30.299823760986328,15,straight,45.72765320993068,164.61955155575046
2253.525724176142,-16.782791137695312,-89.91079711914062,6.3798828125,-16.539397429751226,-89.82824768113082,0.25701149153784275,-1.2438108674736668,-0.0012215827904707988,818.6100915964929,0.6488770342613637,12.100020289421082,-1.8499993085861206,10.250020980834961,-11.950027465820312,29.999828338623047,15,straight,43.74625407118344,157.48651465626037
2260.625484655753,-14.530502319335938,-96.64358520507812,6.437835693359375,-14.272293331579235,-96.55863721131566,0.2718235512287505,-1.252960485422642,-0.0011854718763963934,843.5459498540006,0.47951836581163754,12.050019264221191,-2.049999237060547,10.000020027160645,-11.950027465820312,29.749832153320312,15,straight,41.79208040440877,150.45148945587158
2267.3560271732404,-12.45245361328125,-103.0452880859375,6.4486236572265625,-12.184668732333378,-102.95935691264621,0.2812346155925368,-1.260280563865255,-0.0014801724909694336,675.5969362361637,0.30992520630435116,12.000018119812012,-2.2499990463256836,9.750019073486328,-11.75002670288086,29.29983901977539,15,straight,39.85114918665267,143.4641370719496
2273.7258651730453,-10.535980224609375,-109.11991882324219,6.477386474609375,-10.264541712050816,-109.03633339830735,0.284016530085029,-1.2720756855239408,-0.0026257443868111796,380.8443826531205,0.5189661544582447,11.850017547607422,-2.2499990463256836,9.600018501281738,-11.050024032592773,28.84984588623047,15,straight,37.922850969164216,136.52226348899117
2279.713181494513,-8.827407836914062,-114.85816955566406,6.5122528076171875,-8.559032183122376,-114.78139099926472,0.27914232619021406,-1.2921529064669472,-0.003760788510419555,265.9016845082947,0.37478310421443783,11.750017642974854,-2.1499991416931152,9.600018501281738,-10.450021743774414,28.249855041503906,15,straight,36.016346985178956,129.65884914664426
2285.3144209086095,-7.34161376953125,-120.25874328613281,6.522369384765625,-7.084253295076268,-120.19153412051807,0.26599151444045,-1.3153532876321095,-0.005503567015619881,181.70034037231895,0.2510264357803771,11.650017738342285,-2.049999237060547,9.600018501281738,-10.000020027160645,27.749862670898438,16,right,34.136515191087064,122.89145468791344
2290.533450103641,-6.1037750244140625,-125.32882690429688,6.5388946533203125,-5.865134999714487,-125.27543764302413,0.24453931096628148,-1.3506976872123067,-0.007248127761781409,137.96666295990138,0.3156552956602887,11.70001769065857,-2.099999189376831,9.600018501281738,-9.750019073486328,27.199871063232422,16,right,32.28660474598556,116.231777085548
2295.36684369975,-5.124267578125,-130.06190490722656,6.554107666015625,-4.912365185768262,-130.0227021924818,0.2154982058622938,-1.3878610372129536,-0.00959197860481309,104.25377716107678,0.28608889545532756,11.800017595291138,-2.1999990940093994,9.600018501281738,-9.700018882751465,26.649879455566406,16,right,30.473388836765505,109.70419981235582
2299.8863851340448,-4.406829833984375,-134.5241241455078,6.565826416015625,-4.2279984060727,-134.50046380533513,0.18038983149284152,-1.4392550371082118,-0.013394716408672847,74.65630249196745,0.22670656432476344,11.850017547607422,-2.2499990463256836,9.600018501281738,-11.49210262298584,25.999889373779297,16,right,28.67436736298935,103.22772250676167
2304.144708588948,-3.9721221923828125,-138.76019287109375,6.5741729736328125,-3.830889485678579,-138.75080337900428,0.14154448065785583,-1.5044115969255447,-0.01769029589734561,56.5281669567804,0.2565732754976957,11.850017070770264,-2.349998950958252,9.500018119812012,-15.749417304992676,25.44989776611328,16,right,26.86933896182458,96.7296202625685
2308.2033526599294,-3.850738525390625,-142.81700134277344,6.5869293212890625,-3.7487123746283673,-142.81849679693536,0.10203711002627107,-1.5854528346422745,-0.021925124239619342,45.60977575638868,0.24773724812591214,11.90001630783081,-2.5499987602233887,9.350017547607422,-19.80704116821289,24.84990692138672,16,right,25.028077437914444,90.101078776492
2312.119782634796,-4.0743560791015625,-146.72703552246094,6.5941162109375,-4.009172222519701,-146.7340977822585,0.06556531607742622,-1.678719055875757,-0.024723189549050728,40.44785556556136,0.25123323220604954,11.741998434066772,-2.899998426437378,8.842000007629395,-23.72246551513672,24.249916076660156,16,right,23.56927763715765,84.84939949376755
2315.9503870826156,-4.6595001220703125,-150.51266479492188,6.6062774658203125,-4.624005502701415,-150.52008314559868,0.036261548931433206,-1.7768298972870245,-0.026396455117584594,37.883874768238385,0.2218031742464821,11.292998313903809,-3.449997901916504,7.843000411987305,-27.552051544189453,23.499927520751953,16,right,22.81002271079505,82.11608175886218
2319.703705416231,-5.6005706787109375,-154.14608764648438,6.611083984375,-5.583002693175249,-154.15167627316674,0.018435478403800738,-1.8787877573676794,-0.027978831425057193,35.74130687618437,0.06799033013048517,11.04399824142456,-4.199997901916504,6.844000339508057,-31.304367065429688,23.78000259399414,16,right,22.155611222385993,79.76020040058958
2323.3815963528405,-6.886474609375,-157.59185791015625,6.611419677734375,-6.871623394434721,-157.5983804239516,0.016220412183819304,-1.984624870899579,-0.02926697211880036,34.168208311430526,-0.009113624517098629,11.587126731872559,-5.150001525878906,6.437125205993652,-34.981258392333984,23.649925231933594,16,right,21.662552318440845,77.98518834638705
2326.99430565874,-8.503707885742188,-160.82237243652344,6.610443115234375,-8.474961151500676,-160.83888144935048,0.03314999598907639,-2.0920981884477197,-0.030397798998176295,32.8971186387539,-0.09332257462422167,11.691001892089844,-6.149001598358154,5.5420002937316895,-38.59296798706055,23.649925231933594,16,right,21.255799852855365,76.52087947027931
2330.5533818057006,-10.433151245117188,-163.8130645751953,6.60479736328125,-10.375276495164973,-163.8554186439128,0.07171717938511082,-2.2025622513336063,-0.03169131013769888,31.55439127177121,-0.10041105818928697,11.794877052307129,-7.148001670837402,4.646875381469727,-42.151039123535156,23.599925994873047,16,right,20.817492878022218,74.94297436087999
2334.052932904345,-12.644424438476562,-166.5254669189453,6.6032867431640625,-12.546652244778649,-166.61562809562568,0.132997893370121,-2.3157181230644044,-0.03248500637775564,30.783432466393407,-0.04329062493034774,11.816001415252686,-8.147001266479492,3.6690001487731934,-45.64958953857422,23.69992446899414,16,right,20.56160649106599,74.02178336783757
2337.532467791561,-15.13458251953125,-168.95574951171875,6.601776123046875,-14.993130708455496,-169.11954801635014,0.2164221915056009,-2.429271892047412,-0.03313234409977317,30.18198763687373,0.006453954705032405,11.816000938415527,-9.146000862121582,2.6700000762939453,-48.34954833984375,24.099918365478516,16,right,20.359749954378707,73.29509983576335
2340.9768536833735,-17.858016967773438,-171.06446838378906,6.60369873046875,-17.67839999993924,-171.32899369680044,0.3197434852467076,-2.5450890460044784,-0.032973207706810226,30.327652950594242,0.2143591774860787,11.815000534057617,-10.145000457763672,1.6700000762939453,-48.34954833984375,24.249916076660156,16,right,20.4088212698201,73.47175657135236
2344.38451072972,-20.770584106445312,-172.83334350585938,6.6163482666015625,-20.56530231717526,-173.22162359571197,0.4392061488434191,-2.6552533441196786,-0.03324544536771923,30.079308276344623,0.45937176919224054,12.71400010585785,-11.144000053405762,1.5700000524520874,-44.94291305541992,24.249916076660156,16,right,20.325088434427954,73.17031836394064
2347.804698834281,-23.874664306640625,-174.26931762695312,6.6350860595703125,-23.668864520014395,-174.80072685426657,0.569867808398831,-2.7721068228448233,-0.03418276220168642,29.254511209473428,0.5752400317887596,13.14002525806427,-11.350025177001953,1.790000081062317,-41.52377700805664,24.249916076660156,16,right,20.04448694656234,72.16015300762443
2351.2593887525695,-27.1595458984375,-175.33889770507812,6.655914306640625,-26.983961463561407,-176.0227300796862,0.7060145964021353,-2.8902568407732945,-0.03423807760115022,29.207247312460243,0.8044942177465431,13.98002552986145,-11.400025367736816,2.580000162124634,-38.07014846801758,24.249916076660156,16,right,20.02828835895192,72.10183809222691
2354.775986380333,-30.609512329101562,-176.019287109375,6.6914215087890625,-30.499744204063806,-176.85371724016278,0.8416190851215372,-3.0107950773058403,-0.03271923011918426,30.563066317800374,0.9690121720386746,14.900026082992554,-11.550025939941406,3.3500001430511475,-34.55472946166992,23.84992218017578,16,right,20.487878191961958,73.75636149106305
2358.3554780972154,-34.17791748046875,-176.298828125,6.7246246337890625,-34.15912875692012,-177.26945317243036,0.9708068802968763,-3.1222377261935486,-0.030612216467916842,32.666697004708915,0.8423676533766411,15.640026569366455,-11.650026321411133,3.9900002479553223,-32.19979476928711,24.000001907348633,16,right,21.181227930945653,76.25242055140436
2361.9938054581116,-37.814300537109375,-176.18312072753906,6.7521209716796875,-37.91221878189974,-177.26702384939728,1.0883170311250225,3.051498652077259,-0.02900912076074047,34.47191689288809,0.8258570262991594,16.71002769470215,-11.90002727508545,4.810000419616699,-32.19979476928711,24.39000129699707,16,right,21.75861453785431,78.33101233627552
2365.727711272342,-41.51161193847656,-175.6627197265625,6.78564453125,-41.74136277802477,-176.83026069361546,1.189931661071356,2.9472934013656666,-0.0265306311813428,37.69228078912922,0.9719582519225223,17.67002773284912,-11.950027465820312,5.720000267028809,-31.04981231689453,25.29990005493164,16,right,22.752269872650086,81.90817154154031
2369.5624147680874,-45.235748291015625,-174.74940490722656,6.825836181640625,-45.60046173813434,-175.968855813106,1.2728222226058894,2.850980056550535,-0.024156903999191515,41.39603320166641,1.058668548988595,17.909998893737793,-11.389998435974121,6.520000457763672,-29.349838256835938,27.099872589111328,16,right,23.843932561381028,85.8381572209717
2373.4916274684115,-48.94770812988281,-173.46165466308594,6.86785888671875,-49.4452338377683,-174.70129150950933,1.33575122721915,2.7599247904323994,-0.0234053447589061,42.725283917020036,1.0925652830236832,17.48900032043457,-10.390998840332031,7.098001480102539,-30.649818420410156,28.64984893798828,16,right,24.22372905471726,87.20542459698214
2377.51216182141,-52.608367919921875,-171.79965209960938,6.9127349853515625,-53.24118420348306,-173.02496837974195,1.3790781105862413,2.664870726896936,-0.02366368621682774,42.25884297303094,1.1561701028744764,17.48900032043457,-9.391999244689941,8.097001075744629,-30.649818420410156,29.79983139038086,16,right,24.09113839966071,86.72809823877856
2381.6020544577714,-56.15391540527344,-169.76153564453125,6.9616851806640625,-56.916104796551345,-170.94130388683786,1.4045589249767354,2.5679991774309516,-0.024024942959705586,41.62340787560623,1.1576172259836426,17.48900032043457,-8.392999649047852,9.096000671386719,-28.82468032836914,30.699817657470703,16,right,23.90932629254902,86.07357465317648
2385.7348871892736,-59.51533508300781,-167.35757446289062,7.0078887939453125,-60.39878284659638,-168.46287901600502,1.4149834296291535,2.46729092289224,-0.024392895167507478,40.99554370782721,1.1037967116524938,17.48900032043457,-7.394000053405762,10.095000267028809,-25.43514060974121,31.299808502197266,16,right,23.728312145689987,85.42192372448396
2389.902836801949,-62.64274597167969,-164.60275268554688,7.0532989501953125,-63.63304419185418,-165.61168993279566,1.4137343929347899,2.3655172975218526,-0.023714341667759486,42.168575202723694,1.1211740241166113,17.488999843597412,-6.394999980926514,11.093999862670898,-23.610002517700195,31.749801635742188,16,right,24.065394487400518,86.63542015464186
2394.124884348988,-65.51625061035156,-161.5098114013672,7.10198974609375,-66.59252798949082,-162.41195523434698,1.4043633761353733,2.2684043071691944,-0.022075640851759892,45.298798196396596,1.13324835026829,17.488999366760254,-5.395999908447266,12.092999458312988,-20.49997329711914,32.19979476928711,16,right,24.942608011779978,89.79338884240792
2398.414912859567,-68.12553405761719,-158.1048583984375,7.1497344970703125,-69.26748399514102,-158.89779566462207,1.3902514765016116,2.177734644438033,-0.01923093590397315,51.999549319562654,1.0260485898088256,17.488998889923096,-4.396999835968018,13.091999053955078,-17.47998809814453,32.54978942871094,16,right,26.72380606041874,96.20570181750747
2402.800945472397,-70.48915100097656,-154.41041564941406,7.1908416748046875,-71.67419906551424,-155.1065537077045,1.3743897232826243,2.1019252143997798,-0.0144450353897001,69.22793700547392,0.8899029812875492,17.488998413085938,-3.3979997634887695,14.090998649597168,-14.460000991821289,32.84978485107422,16,right,28.59067264321262,102.92642151556544
2407.3062707157496,-72.66673278808594,-150.4664764404297,7.2287445068359375,-73.87289625761154,-151.09317535056385,1.359257826602956,2.0499852803364926,-0.009822612246261908,101.80591220839038,0.726587492044839,18.22903871536255,-3.379000186920166,14.850038528442383,-13.705562591552734,33.1497802734375,16,right,30.38914180625774,109.40091050252786
2411.933091455883,-74.724853515625,-146.3227081298828,7.2569122314453125,-75.94228689797151,-146.89860213333958,1.346773159692881,2.0126438058846365,-0.007928271470248716,126.13089798357136,0.7511809548658377,17.430039405822754,-2.380000114440918,15.050039291381836,-12.304463386535645,33.34977722167969,16,right,32.13150801357674,115.67342884887627
2416.6795125906656,-76.67860412597656,-141.99725341796875,7.29949951171875,-77.90866786951857,-142.5244498886238,1.3382798406341194,1.9757061726674991,-0.008313176253831267,120.29096574719358,1.0644478940850743,17.41003942489624,-2.3600001335144043,15.050039291381836,-11.550025939941406,33.44977569580078,16,right,33.82578227364244,121.77281618511279
2421.5356130623154,-78.50242614746094,-137.49705505371094,7.3594970703125,-79.7505478631796,-137.96956412928202,1.3345683361093101,1.9326985329311166,-0.008810568348900483,113.50005588740427,1.7583555014978214,17.450037717819214,-2.4999988079071045,14.95003890991211,-11.550025939941406,33.44977569580078,16,right,35.47556308120262,127.71202709232945
2426.4925864952143,-80.15663146972656,-132.82562255859375,7.473114013671875,-81.42537433584762,-133.24390378040542,1.3359145335137836,1.8892567597040306,-0.007739630749986154,129.20513036126292,2.3466469004996826,17.300036668777466,-2.599998712539673,14.700037956237793,-11.350025177001953,33.19977951049805,16,right,37.083993291345486,133.50237584884374
2431.541700247669,-81.65757751464844,-128.00628662109375,7.5944061279296875,-82.94571643983268,-128.38318938032333,1.3421466315159787,1.8554455958805045,-0.005486076260885292,182.27963893426252,2.691031119809051,16.90003514289856,-2.599998712539673,14.300036430358887,-11.100024223327637,32.84978485107422,16,right,38.6535754183277,139.1528715059797
2436.683946370102,-83.04359436035156,-123.05673217773438,7.7479095458984375,-84.34989344732222,-123.40812360465993,1.352735465468813,1.8335737123922844,-0.0027837937470930607,359.22201529629723,3.0635456324307753,17.100032329559326,-3.3499979972839355,13.75003433227539,-11.050024032592773,32.2997932434082,17,straight,40.18915196078312,144.68094705881924
2441.9173950473255,-84.38357543945312,-118.00041198730469,7.91241455078125,-85.70591031037371,-118.34657462509115,1.3668935886351306,1.8268322372146046,-0.0006526431348039541,1532.230933985673,3.0776587161834845,15.848032474517822,-2.5980000495910645,13.250032424926758,-11.1500244140625,31.5498046875,17,straight,41.69393542211462,150.09816751961264
2447.214839973267,-85.72148132324219,-112.87718200683594,8.071929931640625,-87.06005476830512,-113.22752465492454,1.3836613888149696,1.8267826346191591,0.00020747154601449824,4819.938055168873,2.795936065438187,14.399030804634094,-1.599000096321106,12.800030708312988,-11.250024795532227,30.74981689453125,17,straight,43.16372660371006,155.38941577335623
2452.542302563349,-87.07443237304688,-107.72621154785156,8.2093505859375,-88.4298996444133,-108.08426111767862,1.4019597063392673,1.8290496578482427,0.0007059913918575911,1416.4478654177626,2.8513012179746777,12.900028884410858,-0.6000000834465027,12.300028800964355,-11.550025939941406,30.59981918334961,17,straight,44.59301597269153,160.53485750168952
2457.986822281351,-88.47587585449219,-102.46791076660156,8.379714965820312,-89.84737929544863,-102.8381369132393,1.420594624870016,1.8344539415186685,0.0012732068729620627,785.4183175068335,3.5784858331228797,12.65002703666687,-0.8500001430511475,11.800026893615723,-11.850027084350586,29.549835205078125,17,straight,46.00785634846904,165.62828285448856
2463.5327342746036,-89.94235229492188,-97.12408447265625,8.603561401367188,-91.32759818327294,-97.51090059198995,1.4382395076515944,1.8431001816156038,0.0015785455654767633,633.4945419823679,3.751185927447087,12.350024819374084,-1.100000023841858,11.250024795532227,-12.100028038024902,28.549850463867188,17,straight,47.40565153808668,170.66034553711205
2469.1709353946626,-91.48088073730469,-91.703369140625,8.798721313476562,-92.87715557361655,-92.10686401687013,1.4534068713453108,1.852112205901314,0.0016149300044096537,619.2218840875121,3.331020860156586,12.250022530555725,-1.4999996423721313,10.750022888183594,-12.350028991699219,27.69986343383789,17,straight,48.785670077607506,175.62841227938702
2474.901347386234,-93.09478759765625,-86.20797729492188,8.982009887695312,-94.49780913199962,-86.62767536547051,1.464450714859825,1.8614627719777752,0.0017226300121245819,580.5077079591014,3.283230300718909,11.950019717216492,-1.8499993085861206,10.100020408630371,-12.750030517578125,27.04987335205078,17,straight,50.14936116094332,180.53770017939596
2480.726195850669,-94.79168701171875,-80.63923645019531,9.178268432617188,-96.19513802459836,-81.07528014420257,1.4696288132165587,1.8720349516926114,0.0018763955983349123,532.9366583930309,2.7798634358266905,12.050018548965454,-2.1999990940093994,9.850019454956055,-15.660000801086426,26.399883270263672,17,straight,51.49853063046924,185.39471026968926
2486.63965742983,-96.5753173828125,-75.00265502929688,9.307266235351562,-97.97139996069357,-75.45402329921001,1.4672354546382276,1.8834994465062476,0.0019982107270926086,500.44771877238264,1.9926457643300477,12.150017261505127,-2.5499987602233887,9.600018501281738,-17.45001983642578,25.749893188476562,17,straight,52.832993446492814,190.19877640737414
2492.6479787482917,-98.45762634277344,-69.29782104492188,9.41546630859375,-99.83717105938113,-69.76276651434979,1.4557877299461512,1.8958685649029163,0.001982740013263401,504.3525592415394,1.8033571053000852,12.150016069412231,-2.7999985218048096,9.350017547607422,-17.390722274780273,25.29990005493164,17,straight,54.15519470594685,194.95870094140867
2498.7467115918935,-100.43817138671875,-63.53068542480469,9.525604248046875,-101.79186551157648,-64.00450816477388,1.4342230553809314,1.9074907550265432,0.00180580626932636,553.7692591869454,1.4783354900549384,12.150015115737915,-2.9999983310699463,9.150016784667969,-17.234392166137695,24.84990692138672,17,straight,55.465067201877375,199.67424192675855
2504.932286114071,-102.51051330566406,-57.70301818847656,9.59649658203125,-103.82888681913018,-58.18013946593876,1.40205329228819,1.9180341754888615,0.001724353960299685,579.9273368596575,1.060047413182541,12.050014734268188,-2.9999983310699463,9.050016403198242,-17.01337432861328,24.84990692138672,17,straight,56.762724091245985,204.34580672848554
2511.2101110293092,-104.67866516113281,-51.811798095703125,9.657562255859375,-105.9518150992865,-52.28838543340863,1.3594286503829354,1.9289857543255646,0.0015695755943793133,637.114901366346,0.8166066453543785,12.000014781951904,-2.949998378753662,9.050016403198242,-16.760009765625,24.599910736083984,17,straight,58.050081447516426,208.98029321105915
2517.574757926659,-106.93572998046875,-45.86094665527344,9.699462890625,-108.15575485964649,-46.330014386788065,1.3070903727596377,1.9378469085074523,0.0012081629726688192,827.7029031861575,0.5720304822967148,11.900015115737915,-2.7999985218048096,9.100016593933105,-16.50664710998535,24.19991683959961,17,straight,59.32673261367504,213.57623740923015
2524.0274074219983,-109.27201843261719,-39.84617614746094,9.730728149414062,-110.43226066829362,-40.30105981041356,1.2462267820379505,1.9444385136767737,0.0006826022522411768,1464.9819814053008,0.4394414905957489,11.85001540184021,-2.699998617172241,9.150016784667969,-16.285629272460938,23.84992218017578,17,straight,60.593583672966254,218.13690122267852
2530.564836848084,-111.66654968261719,-33.76312255859375,9.7564697265625,-112.76256826348559,-34.19563332560675,1.1782708912601392,1.9466561187638742,5.133266939674752e-05,19480.771441497658,0.20501990829614458,11.900016069412231,-2.599998712539673,9.300017356872559,-16.12929916381836,23.5499267578125,17,straight,61.85062344665994,222.66224440797578
2537.187428288706,-114.09428405761719,-27.6015625,9.75738525390625,-115.12250713607524,-28.005429844790633,1.1046952209826961,1.9450646997369951,-0.0004298605349446205,2326.3359129463497,0.08885027958046576,11.900016784667969,-2.4499988555908203,9.450017929077148,-16.07000160217285,23.299930572509766,17,straight,63.098509599027224,227.15463455649802
2543.897461852932,-116.53524780273438,-21.351272583007812,9.768447875976562,-117.4925721665251,-21.722688347408152,1.0268493597175774,1.9408915797120483,-0.000539331121680281,1854.148518046779,0.123698588728538,11.900017261505127,-2.349998950958252,9.550018310546875,-16.000783920288086,22.999935150146484,17,straight,64.3381919535719,231.61749103285882
2550.684894855187,-118.98017883300781,-15.019485473632812,9.774017333984375,-119.86305693278617,-15.358879457644603,0.9458657491693163,1.9377979547242896,-0.0004149137412127468,2410.139507737466,-0.07640445483354519,11.900017738342285,-2.2499990463256836,9.650018692016602,-15.808098793029785,22.59994125366211,17,straight,65.56833280219772,236.04599808791178
2557.5506141976534,-121.43553161621094,-8.60784912109375,9.757766723632812,-122.24151404882123,-8.915312696664094,0.8626363845670417,1.9352331357650574,-0.0003120623549481838,3204.487770292076,-0.026360576654205214,11.85001802444458,-2.1499991416931152,9.700018882751465,-15.51439380645752,22.24994659423828,17,straight,66.78961567982547,240.4426164473717
2564.494110410056,-123.90457153320312,-2.1181793212890625,9.770706176757812,-124.63181168180682,-2.3941602071316432,0.7778455393531496,1.93349824015749,-0.0002022960191890577,4943.251004190252,0.055615690963728426,11.900018453598022,-2.099999189376831,9.800019264221191,-15.142117500305176,22.24994659423828,17,straight,68.00242964397367,244.80874671830523
2571.512382951611,-126.39091491699219,4.444915771484375,9.765335083007812,-127.03819281770392,4.200080971634547,0.6920352302934408,1.9324158770100277,-0.00017929338246586157,5577.450691413027,-0.17268240290750914,11.950018882751465,-2.049999237060547,9.900019645690918,-14.713720321655273,22.24994659423828,17,straight,69.12482200147193,248.84935920529895
2578.603601363908,-128.8950653076172,11.079238891601562,9.746200561523438,-129.46188330424755,10.865777935180008,0.6056799660055215,1.9309648248977203,-0.0001683858430543972,5938.741534684416,-0.28132544147803085,11.900018811225891,-1.9999991655349731,9.900019645690918,-14.251648902893066,21.599956512451172,17,straight,67.90644572083016,244.46320459498858
2585.7659553583208,-131.41673278808594,17.782974243164062,9.7252197265625,-131.90284048483963,17.600432107234333,0.5192516964180015,1.9300209590837674,-0.00014721924035501766,6792.590408621254,-0.2028168470512126,11.950019001960754,-1.9999991655349731,9.950019836425781,-13.778353691101074,20.99996566772461,17,straight,66.65324379196863,239.9516776510871
2592.997724491541,-133.95498657226562,24.554656982421875,9.717132568359375,-134.3607718793078,24.402822234569083,0.43326147540120213,1.9288435794149899,-0.00017193520766858872,5816.144427658679,-0.10092323723148722,11.950019240379333,-1.949999213218689,10.000020027160645,-13.316282272338867,20.49997329711914,17,straight,65.36352297359034,235.30868270492522
2600.294501909039,-136.50791931152344,31.3902587890625,9.7105712890625,-136.8342642913093,31.26864013845475,0.3482702140681644,1.9275217982092885,-0.00018731009501329887,5338.7405517519,-0.07522092865996921,11.950019478797913,-1.8999992609024048,10.050020217895508,-12.887884140014648,20.099979400634766,17,straight,64.03588687604393,230.52919275375817
2607.6107639398515,-139.0578155517578,38.24778747558594,9.706146240234375,-139.3061388064368,38.155645246213574,0.26486719171704853,1.9261061690722883,-0.0001607896434011602,6219.306037672227,-0.026603292755678076,11.950019478797913,-1.8999992609024048,10.050020217895508,-12.515608787536621,19.69998550415039,17,straight,62.676476725706614,225.6353162125438
2615.0047323801336,-141.6261749267578,45.18135070800781,9.706710815429688,-141.798388267738,45.11763462864267,0.18362236677818294,1.9251616546599943,-8.150476642154736e-05,12269.22110086105,-0.04111527663291925,11.900019526481628,-1.8499993085861206,10.050020217895508,-12.221903800964355,19.24999237060547,17,straight,61.27199312728483,220.5791752582254
2622.4813148918524,-144.21939086914062,52.19380187988281,9.699951171875,-144.31790157752093,52.15738364831476,0.10502688825311703,1.9249018305297394,-1.0548909762264636e-05,94796.52613743853,-0.0056900428480832765,11.800018906593323,-1.8999992609024048,9.900019645690918,-12.029217720031738,18.799999237060547,17,straight,59.818295555240724,215.3458639988666
2630.029855701683,-146.8367462158203,59.2740478515625,9.705978393554688,-146.86435327166186,59.26383856339662,0.029434318356177394,1.9250066559384689,2.4051904713467964e-05,41576.7487819809,-0.014141896908692608,11.800018668174744,-1.949999213218689,9.850019454956055,-11.960000991821289,18.400005340576172,17,straight,58.31385459997888,209.92987655992397
2637.646656469182,-149.4796600341797,66.41761779785156,9.697677612304688,-149.4393620957972,66.43253223796245,-0.04296934211388775,1.9252679798880292,2.90568484457715e-05,34415.29462034707,-0.13676236163424615,12.799018621444702,-2.9489991664886475,9.850019454956055,-11.950027465820312,17.95001220703125,17,straight,56.75540221897373,204.31944798830543
2645.33186782922,-152.14781188964844,73.62478637695312,9.685012817382812,-152.0426278741792,73.66373726978547,-0.11216438455529362,1.9254505623687435,1.3806972099475456e-05,72427.17612487906,-0.11489217841780253,13.499018430709839,-3.598998785018921,9.900019645690918,-10.70002269744873,17.500019073486328,17,straight,55.13832664106477,198.4979759078332
2653.0872268839107,-154.84109497070312,80.8974609375,9.680007934570312,-154.67392876455162,80.95937012444215,-0.17826185207982254,1.9254797650089648,-1.2384857982106201e-05,80743.75995629604,-0.020466810030983495,12.50001835823059,-2.599998712539673,9.900019645690918,-9.200016975402832,18.949996948242188,17,straight,53.45692556809745,192.44493204515084
2660.9109074716685,-157.558349609375,88.23411560058594,9.681884765625,-157.33191586725738,88.31791646301897,-0.24144321095013838,1.9252554016230947,-7.250487139448536e-05,13792.1767291909,-0.020587437744890025,11.850018858909607,-1.949999213218689,9.900019645690918,-8.200013160705566,19.199993133544922,17,straight,51.705339718784785,186.13922298762523
2668.802244825302,-160.29612731933594,95.63531494140625,9.676712036132812,-160.0129047702608,95.73983629605983,-0.3018935671445018,1.9243343935717425,-4.17316982160576e-05,23962.600199558095,-0.07548365099478982,11.850019097328186,-1.8999992609024048,9.950019836425781,-8.900015830993652,19.199993133544922,17,straight,49.87633215043984,179.55479574158343
2676.7135386930922,-163.035400390625,103.05723571777344,9.669952392578125,-162.69793695246642,103.18187574189989,-0.35974533729854585,1.9245989274320436,-8.806998293475754e-06,113546.06492212022,0.1495692168800411,12.000019192695618,-1.9999991655349731,10.000020027160645,-8.900015830993652,18.550003051757812,17,straight,47.972752745258866,172.70190988293191
2684.3580161877067,-165.68319702148438,110.22845458984375,9.698745727539062,-165.293806292462,110.3721057846615,-0.4150431370606459,1.9242195568221383,-2.2593949793675572e-05,44259.636280147744,0.43936696682550513,12.000019192695618,-1.9999991655349731,10.000020027160645,-8.750015258789062,18.000011444091797,17,straight,46.05869546377253,165.81130366958112
2691.555556630356,-168.17466735839844,116.98092651367188,9.734619140625,-167.73584793112894,117.1428228409321,-0.4677316650917228,1.9242401300757606,3.7595735238427075e-05,26598.761632353646,0.4314531916716269,12.000019192695618,-1.9999991655349731,10.000020027160645,-8.600014686584473,17.900012969970703,17,straight,44.18081637592048,159.05093895331373
2698.3164160888527,-170.51605224609375,123.3233642578125,9.759536743164062,-170.0304748645876,123.5027732534232,-0.5176610678198709,1.9247149151630598,-8.986119654727509e-05,11128.273809195383,0.347938372713108,12.050019264221191,-2.049999237060547,10.000020027160645,-8.450014114379883,18.050010681152344,17,straight,42.34107769710115,152.42787970956414
2704.6399311811415,-172.7036895751953,129.25637817382812,9.780319213867188,-172.17378502473488,129.45125304906162,-0.5646016733910204,1.9231998496161762,-0.0003715875373425659,2691.155917530414,0.4253752182084902,12.000019073486328,-2.049999237060547,9.950019836425781,-11.846755027770996,20.3499755859375,17,straight,40.5448643014021,145.96151148504757
2710.5331200114824,-174.72959899902344,134.79031372070312,9.810699462890625,-174.15810740360467,134.99859339319985,-0.6082623328874094,1.9202850768607391,-0.0006206733830734501,1611.1533493642028,0.5100630939684048,12.050019025802612,-2.099999189376831,9.950019836425781,-17.73886489868164,20.49997329711914,17,straight,38.79609237278367,139.6659325420212
2715.959342161397,-176.58018493652344,139.89114379882812,9.838104248046875,-175.97018250259154,140.1107001381517,-0.6483116191616607,1.9162872714827737,-0.0011586707484345926,863.0579492500672,0.6192013736921909,12.100018739700317,-2.1999990940093994,9.900019645690918,-23.164018630981445,20.49997329711914,17,straight,37.113094846697564,133.60714144811124
2721.040677868606,-178.28578186035156,144.6775360107422,9.875,-177.64000865009479,144.90422439720197,-0.6844053357777607,1.908392053166081,-0.002921830556478877,342.2511951566105,0.5861872348594366,12.150018215179443,-2.349998950958252,9.800019264221191,-28.244220733642578,20.249977111816406,17,straight,35.46472671838096,127.67301618617145
2725.8254494110174,-179.83248901367188,149.2053680419922,9.896743774414062,-179.15205159783045,149.42893496289005,-0.7162242979658876,1.8882479352244967,-0.00669991106659254,149.2557125103129,0.4150042670370002,12.050017595291138,-2.399998903274536,9.650018692016602,-33.0279426574707,20.249977111816406,18,right,33.839240239918375,121.82126486370615
2730.367904398816,-181.17344665527344,153.54534912109375,9.913894653320312,-180.4581210081074,153.74816632256838,-0.7435224264993663,1.8470765801183318,-0.011545919286436168,86.61068687486606,0.2735849486117825,11.342998504638672,-2.649998664855957,8.692999839782715,-37.569366455078125,20.399974822998047,18,right,32.2202827390168,115.9930178604605
2734.7792981732637,-182.25704956054688,157.8215789794922,9.9215087890625,-181.5084639601795,157.9848260188095,-0.7661788282922156,1.7855087844365274,-0.014700014939854233,68.02714174723934,0.046254572181902986,10.843997955322266,-3.149998188018799,7.693999767303467,-41.97975540161133,20.699970245361328,18,right,30.566072118553034,110.03785962679092
2739.134437823403,-183.05169677734375,162.10360717773438,9.9180908203125,-182.27597086218518,162.218860005923,-0.7842409769032095,1.7182915214845624,-0.016325638227722095,61.253348019309215,-0.13220487236587086,10.59499716758728,-3.8999974727630615,6.694999694824219,-46.333892822265625,21.049964904785156,18,right,29.00437004482588,104.41573216137317
2743.4341907609537,-183.53787231445312,166.3757781982422,9.910125732421875,-182.74208112825886,166.4343855695932,-0.7979463866708972,1.6443102799654037,-0.01786577316952595,55.97294841433017,-0.3229914845706672,10.594996929168701,-4.8989973068237305,5.695999622344971,-50.63264083862305,21.44995880126953,18,right,27.726025202369172,99.81369072852902
2747.6948369915726,-183.69200134277344,170.6335906982422,9.890548706054688,-182.8842998049637,170.62923586771802,-0.8077132775490987,1.5654047457180276,-0.01743919503239627,57.34209624597523,-0.40106482112498565,10.594996929168701,-5.8979973793029785,4.696999549865723,-54.892242431640625,21.549957275390625,18,right,28.06307805359604,101.02708099294574
2751.9836947821077,-183.52352905273438,174.9191131591797,9.875869750976562,-182.71174723302784,174.85768947781128,-0.8141023224625334,1.4952749744839584,-0.015497487383590997,64.52658906880718,-0.1491054142116921,10.594996929168701,-6.896997451782227,3.6979994773864746,-59.180076599121094,21.549957275390625,18,right,29.76924880259826,107.16929568935373
2756.337338007364,-183.0612030029297,179.24813842773438,9.877914428710938,-182.25135722440805,179.13465995353533,-0.8177576346912676,1.4315792017898104,-0.013847761922288537,72.2138353917292,0.03734123416456736,11.374997854232788,-7.895997524261475,3.4790003299713135,-63.532718658447266,21.533437728881836,18,right,31.443764888550355,113.19755359878128
2760.768945429957,-182.32679748535156,183.61846923828125,9.879135131835938,-181.52331035051486,183.45805697841993,-0.819343437736515,1.3737420516200998,-0.013799612588735688,72.4658024687068,0.18034072203951812,11.374997854232788,-8.894997596740723,2.4800002574920654,-67.96332550048828,21.488601684570312,18,right,31.547509110945974,113.57103279940551
2765.286301060543,-181.3036346435547,188.01840209960938,9.894317626953125,-180.51228720826802,187.80547921564929,-0.8194918656391024,1.307957361583262,-0.013732947385256489,72.8175803741582,0.272308493757345,11.49399733543396,-9.893997192382812,1.6000001430511475,-72.47965240478516,21.422527313232422,18,right,31.623988503329063,113.84635861198463
2769.831824509436,-180.00062561035156,192.37315368652344,9.903778076171875,-179.2237973733508,192.11445529543383,-0.8187716209994388,1.2493288978797057,-0.01353514562192934,73.88173189506158,0.3728491272791512,12.152996897697449,-10.892996788024902,1.2600001096725464,-77.024169921875,21.34229278564453,18,right,31.510284945313995,113.43702580313038
2774.365606091321,-178.43777465820312,196.6289825439453,9.928131103515625,-177.6801706820405,196.32135502258214,-0.8176787123298739,1.1850825875190938,-0.014917050645151614,67.03738049753308,0.4155264255668145,12.452998042106628,-11.442997932434082,1.0100001096725464,-81.556884765625,21.25497817993164,18,right,29.76835070626161,107.1660625425418
2778.9325645462154,-176.5869598388672,200.8040771484375,9.941513061523438,-175.85421897684847,200.44352660544217,-0.8166430462118407,1.113522985429652,-0.017638667755105475,56.69362413782935,0.16756938491857554,11.82399845123291,-10.443998336791992,1.380000114440918,-81.6578598022461,21.167665481567383,18,right,27.903946565117778,100.45420763442401
2783.554753849514,-174.3671112060547,204.8583221435547,9.943389892578125,-173.67057209897663,204.43316856606964,-0.8160406191712701,1.0227793730988968,-0.019450927736170173,51.411429499089635,0.12406499100816593,11.714998960494995,-9.444998741149902,2.2700002193450928,-81.91028594970703,21.087430953979492,18,right,26.57225193205305,95.66010695539099
2788.2467256572486,-171.75454711914062,208.75563049316406,9.95318603515625,-171.09910453868656,208.26923567858915,-0.8162015020309924,0.9323793969448352,-0.018333957857557398,54.543596520147574,0.11754083809243365,11.714999437332153,-8.445999145507812,3.269000291824341,-82.23844909667969,21.0213565826416,18,right,27.369723319896874,98.53100395162875
2793.0045865803686,-168.77023315429688,212.461181640625,9.954376220703125,-168.15631917713992,211.92149142292925,-0.8174080391243701,0.8496503490961224,-0.017335384190722516,57.6854824212766,-0.1869788424402108,11.714999198913574,-7.4469990730285645,4.26800012588501,-81.7496566772461,20.976520538330078,18,right,28.146978800109487,101.32912368039416
2797.824499254329,-165.4490966796875,215.95420837402344,9.935012817382812,-164.88049818184044,215.36352686807743,-0.8198834631949614,0.7663515675875876,-0.016524285231732425,60.51698975031302,-0.5180216124507364,11.517999172210693,-6.447999000549316,5.070000171661377,-80.48908996582031,20.96000099182129,18,right,28.82950463034006,103.78621666922422
2802.7201960218204,-161.796630859375,219.21401977539062,9.90386962890625,-161.27276109444585,218.57827867650346,-0.823775622011945,0.6892226291035608,-0.01406019197185901,71.12278424088844,-0.7616379009476981,11.835000038146973,-6.289000511169434,5.545999526977539,-78.76544952392578,21.699954986572266,18,right,30.763689992011898,110.74928397124283
2807.705578960317,-157.8520050048828,222.26229858398438,9.859527587890625,-157.36504223194558,221.59121933808902,-0.8291441952387959,0.6277283740794879,-0.009982568894402487,100.17461542997502,-1.043639290179399,11.835000038146973,-5.2900004386901855,6.544999599456787,-76.88745880126953,21.699954986572266,18,right,32.61564774504065,117.41633188214634
2812.791625593099,-153.67715454101562,225.16656494140625,9.798446655273438,-153.2126422714424,224.47154419307918,-0.8359578273987267,0.5891622617621611,-0.006719998036496075,148.80956728990617,-1.2146531979305042,12.013999938964844,-4.470000267028809,7.543999671936035,-75.16382598876953,20.899967193603516,18,right,34.402417934656846,123.84870456476465
2817.980422126083,-149.3216552734375,227.98599243164062,9.734695434570312,-148.87409495863477,227.27031195128944,-0.8441023547781479,0.558860530025471,-0.005925061774002788,168.7746116652605,-1.2680918191259605,12.282999515533447,-3.7400002479553223,8.542999267578125,-73.90325927734375,19.899982452392578,18,right,36.13435187357551,130.08366674487183
2823.2684318681986,-144.79725646972656,230.72242736816406,9.665512084960938,-144.36799509251344,229.98484859862776,-0.8533977801925523,0.5270694650903123,-0.005988830522632105,166.9775085838458,-1.3500119025737778,12.688874244689941,-3.1468753814697266,9.541998863220215,-73.41446685791016,19.099994659423828,18,right,37.81788315984572,136.1443793754446
2828.600003615013,-140.14999389648438,233.33453369140625,9.591293334960938,-139.73954792797963,232.57468559828666,-0.8636174023717039,0.49526367576073416,-0.005820407649843463,171.80927181739486,-1.426888872737908,12.790019750595093,-2.890000104904175,9.900019645690918,-71.81497955322266,18.550003051757812,18,right,39.442601484926705,141.99336534573615
2834.0300453690443,-135.3346405029297,235.84280395507812,9.511886596679688,-134.9429150799424,235.060944309611,-0.8745017508413321,0.46446133702129555,-0.005405594345748062,184.99353374279391,-1.5307263974776775,12.856270551681519,-2.7562501430511475,10.100020408630371,-68.84449768066406,18.694580078125,18,right,41.03125290501928,147.7125104580694
2839.588455876141,-130.33163452148438,238.26312255859375,9.42291259765625,-129.9576160261016,237.46020231073248,-0.8857599896777941,0.4359339154418799,-0.004731311426834112,211.35788997705768,-1.6707368513687815,12.870020627975464,-2.7700002193450928,10.100020408630371,-67.24501037597656,19.06743812561035,18,right,42.59613752366211,153.3460950851836
2845.25617174192,-125.16600036621094,240.59324645996094,9.324172973632812,-124.80724405676601,239.77105018992765,-0.8970578554492493,0.4114355590043695,-0.0038915586357624044,256.96644804738696,-1.7637435197734752,12.73377013206482,-2.783750295639038,9.950019836425781,-63.90005874633789,19.57726287841797,18,right,44.134698755952044,158.88491552142736
2851.0340817302204,-119.84873962402344,242.8516387939453,9.220993041992188,-119.50228027480387,242.0123395188117,-0.9079963402467369,0.3914884754239044,-0.0032997040837845354,303.057478673381,-1.7814022928476447,12.750019073486328,-3.0500001907348633,9.700018882751465,-60.72518539428711,20.13274383544922,18,right,45.649827459073514,164.33937885266465
2856.919632246098,-114.38943481445312,245.0481719970703,9.116409301757812,-114.05488744606369,244.193205079742,-0.9180906117710634,0.3729827479445017,-0.003004916924041149,332.78790238738264,-1.8147032695895793,12.680017709732056,-3.380000352859497,9.300017356872559,-57.805442810058594,20.642568588256836,18,right,47.143145295885866,169.71532306518912
2862.910749646188,-108.79344177246094,247.18499755859375,9.005386352539062,-108.4705874396401,246.31629038974015,-0.9267616011892432,0.355829759834735,-0.0033679151686416726,296.91959266400227,-1.8366221196341903,11.693996667861938,-3.199998140335083,8.493998527526855,-55.225860595703125,21.015424728393555,18,right,48.61616003405373,175.01817612259342
2869.005603657539,-103.05899047851562,249.24679565429688,8.89447021484375,-102.75462671044102,248.36446456132677,-0.9333517348451134,0.3321725728264675,-0.0044844006307907525,222.99524113296405,-1.8783908782607162,11.344996452331543,-3.8499975204467773,7.494998931884766,-53.07148361206055,21.160001754760742,19,right,50.07023326588332,180.25283975717994
2875.1999670052214,-97.17500305175781,251.17926025390625,8.774429321289062,-96.89751390163214,250.28411290946642,-0.9371707404177531,0.30059901812942397,-0.005471576809474434,182.76267241070747,-1.948558794596278,11.145998477935791,-4.649999618530273,6.495998859405518,-51.42735290527344,20.699970245361328,19,right,49.00222458301458,176.4080084988525
2881.4868913130376,-91.1402587890625,252.9376983642578,8.6512451171875,-90.89577756116951,252.03256691116056,-0.9375681405519467,0.26381041491402496,-0.00609533468750342,164.0599001151139,-1.553571930530706,11.145998477935791,-5.6489996910095215,5.4969987869262695,-50.37851333618164,20.299976348876953,19,right,47.46786985088939,170.88433146320182
2887.8544827109195,-84.96221923828125,254.4780731201172,8.5784912109375,-84.7552671043421,253.56727020136873,-0.9340188127348826,0.2234259355392198,-0.006223207517029795,160.68884048354516,-1.2450821448930616,11.145998477935791,-6.6479997634887695,4.4979987144470215,-50.01000213623047,19.84998321533203,19,right,46.97765995876135,169.11957585154087
2894.3013262059603,-78.65020751953125,255.7867889404297,8.491531372070312,-78.48067142429403,254.87623653121173,-0.9262009379831792,0.18408250406941243,-0.006003509722865907,166.56923135998989,-1.424385577267273,11.14599871635437,-7.646999835968018,3.4989988803863525,-44.69960403442383,19.449989318847656,19,right,47.82950787430392,172.1862283474941
2900.830381624035,-72.21066284179688,256.8597412109375,8.393539428710938,-72.07810063014504,255.95536020694857,-0.9140447146250938,0.14554142066667233,-0.005327426867144408,187.70787942059863,-1.576222019427631,11.14599871635437,-8.645999908447266,2.4999988079071045,-44.69960403442383,18.949996948242188,19,right,49.41034207796229,177.87723148066425
2907.4389732408795,-65.65888977050781,257.71754455566406,8.284332275390625,-65.55660438822613,256.8256527568689,-0.8977378683037313,0.1141847674539406,-0.004344652193889063,230.16802159826332,-1.662296886879655,12.154999732971191,-9.644999504089355,2.510000228881836,-42.26000213623047,18.350006103515625,19,right,50.960519868700686,183.45787152732248
2914.131172418404,-59.001922607421875,258.39414978027344,8.17242431640625,-58.92494189127076,257.51984507547286,-0.8776871581010992,0.08782145006978283,-0.003904278250123989,256.12928585923476,-1.57355477282205,12.733999252319336,-10.643999099731445,2.0900001525878906,-40.34967041015625,17.850013732910156,19,right,52.4836710103616,188.94121563730175
2920.90483273988,-52.248046875,258.9017639160156,8.072601318359375,-52.1954325553061,258.0489389289988,-0.8544464436798613,0.061616063699165675,-0.0040987345436159965,243.97774224182308,-1.425382508873041,12.83002257347107,-10.650022506713867,2.180000066757202,-40.34967041015625,17.600017547607422,19,right,53.981615216040964,194.33381477774748
2927.755376540089,-45.40596008300781,259.2287292480469,7.978302001953125,-45.37949484610095,258.4005195628446,-0.828632422384853,0.0319438844464122,-0.00421880566440039,237.03390948730225,-1.3487221515361414,12.000020861625671,-10.350021362304688,1.6499994993209839,-39.59968185424805,17.400020599365234,19,right,55.455423400825495,199.6395242429718
2934.6798390260187,-38.48321533203125,259.35292053222656,7.8868560791015625,-38.48039737635374,258.55207676452125,-0.8008487255073122,0.00351871883265438,-0.003592953734686381,278.32253734469174,-1.3024013868541462,12.000019073486328,-9.950019836425781,2.049999237060547,-39.04969024658203,17.30002212524414,20,straight,56.90635754758474,204.86288717130506
2941.6782756893354,-31.48553466796875,259.3028564453125,7.7969970703125,-31.4994266236343,258.53134804354914,-0.7716334624831039,-0.018004281685454662,-0.002516310333025363,397.40726208348826,-1.3398962952460458,12.000017881393433,-9.700018882751465,2.2999989986419678,-38.74969482421875,17.250022888183594,20,straight,58.3361356462243,210.01008832640747
2948.751459586034,-24.415313720703125,259.12355041503906,7.6982269287109375,-24.438891715092517,258.38248966826217,-0.7414357370891513,-0.03180581804781366,-0.0015696866097133885,637.0698417199287,-1.4061455798548783,11.950017213821411,-9.550018310546875,2.399998903274536,-38.59969711303711,17.30002212524414,20,straight,59.746428879043066,215.08714396455505
2955.9002832499605,-17.271865844726562,258.8655090332031,7.5970001220703125,-17.300474924664375,258.1554676160858,-0.7106175437440992,-0.04027034543955348,-0.0011219505944396776,891.3048443986235,-1.345073252211948,11.950016975402832,-9.500018119812012,2.4499988555908203,-38.499698638916016,17.30002212524414,20,straight,61.138757495896485,220.09952698522736
2963.1233654274315,-10.05633544921875,258.5483703613281,7.5050201416015625,-10.088884034190274,257.8696786200868,-0.6794717727859008,-0.047921116407872104,-0.0010300741204075353,970.8039258421163,-1.2444375410543773,11.950016975402832,-9.500018119812012,2.4499988555908203,-38.499698638916016,17.250022888183594,20,straight,62.1507557314821,223.74272063333555
2970.416379884505,-2.7735595703125,258.17236328125,7.4163970947265625,-2.809336764377465,257.5251062774268,-0.6482450436473476,-0.05521890591175735,-0.0007625138191836483,1311.4516417166128,-1.2437217528234845,12.000017404556274,-9.600018501281738,2.399998903274536,-38.499698638916016,17.200023651123047,20,straight,60.75368059317075,218.7132501354147
2977.778751767156,4.5760498046875,257.7492980957031,7.3227081298828125,4.539620077732193,257.133219629561,-0.6171546009308414,-0.059062860257545355,-0.00034837130409104064,2870.5004925970247,-1.2665665486690236,12.000017881393433,-9.700018882751465,2.2999989986419678,-38.59969711303711,17.100025177001953,20,straight,59.30994876082667,213.51581553897603
2985.167421565935,11.950851440429688,257.30650329589844,7.2295684814453125,11.915484494016463,256.72117064336175,-0.5864001492361849,-0.060348591385263134,-3.909009300214969e-06,255819.29414826585,-1.259216921377948,11.950018405914307,-9.800019264221191,2.1499991416931152,-38.649696350097656,17.00002670288086,20,straight,57.82483186546615,208.16939471567815
2992.6279137188963,19.397445678710938,256.8611145019531,7.1357269287109375,19.364597796243583,256.3059256759741,-0.5561597035695626,-0.05909635234474158,0.00018403096280497026,5433.86821846803,-1.2374750433035542,12.000019073486328,-9.950019836425781,2.049999237060547,-38.74969482421875,16.85002899169922,20,straight,56.28553413640231,202.6279228910483
3000.176664462097,26.932815551757812,256.4213409423828,7.0438690185546875,26.902510233071315,255.89563848539626,-0.5265752421282052,-0.057583552742758656,0.00027132700898230364,3685.589590770234,-1.2210126295232437,11.950019478797913,-10.050020217895508,1.8999992609024048,-38.849693298339844,16.750030517578125,20,straight,54.683942483348716,196.8621929400554
3007.7998085971153,34.54327392578125,255.9917755126953,6.950469970703125,34.515927957127055,255.49479868578675,-0.49772860926990503,-0.054969203078356475,0.00035569425770989307,2811.4032721203153,-1.3990733204579164,12.000020146369934,-10.200020790100098,1.7999993562698364,-38.89969253540039,16.65003204345703,20,straight,53.01749013304308,190.8629644789551
3015.4968937461795,42.22831726074219,255.5788116455078,6.8292694091796875,42.203846518471124,255.10984038941143,-0.46960925914203094,-0.05213234122435557,0.0003588513707614774,2786.669026449626,-1.7031231090219645,11.950020432472229,-10.250020980834961,1.699999451637268,-38.94969177246094,16.600032806396484,20,straight,51.27995794906383,184.60784861662978
3023.2699562162993,49.990020751953125,255.1836395263672,6.686798095703125,49.968182691159484,254.7421050869459,-0.442074159043799,-0.04941920243090206,0.00021801032651379455,4586.938683093644,-1.7892586941374133,12.000020861625671,-10.350021362304688,1.6499994993209839,-38.94969177246094,16.550033569335938,20,straight,49.463371341440656,178.06813682918636
3031.0802113073555,57.789703369140625,254.8009490966797,6.55047607421875,57.769491903958865,254.38663905658967,-0.4148027394366855,-0.048744787345461525,8.085524204814662e-06,123677.81910844236,-1.6593197249350267,12.00002110004425,-10.40002155303955,1.5999995470046997,-38.999691009521484,16.50003433227539,20,straight,47.56827155360415,171.24577759297495
3038.6614759847234,65.36099243164062,254.43096923828125,6.4310150146484375,65.3419242289451,254.0441849206528,-0.3872540570702158,-0.04925943577463535,-4.122387410812221e-05,24257.788032662684,-1.4912871372049774,11.950021147727966,-10.40002155303955,1.5499995946884155,-38.999691009521484,16.50003433227539,20,straight,45.653555864066874,164.35280111064074
3045.79465355463,72.48480224609375,254.0796661376953,6.3303070068359375,72.46710187549493,253.72146578738958,-0.35863741310477054,-0.04937455992452687,8.304657087080877e-05,12041.436383395625,-1.24094969271773,11.950021386146545,-10.450021743774414,1.4999996423721313,-38.999691009521484,16.450035095214844,20,straight,43.775605425026384,157.592179530095
3052.4894053317516,79.17108154296875,253.75082397460938,6.257965087890625,79.15528364008964,253.42328901592447,-0.32791572529554075,-0.04819537215353564,0.00016535739365224587,6047.507026526105,-1.0300617493790964,11.950021624565125,-10.500021934509277,1.4499996900558472,-38.999691009521484,16.400035858154297,20,straight,41.93664739207276,150.97193061146194
3058.7671820388737,85.44136047363281,253.4503631591797,6.1962738037109375,85.4274891212568,253.15682607024917,-0.293864657613918,-0.04722074741698428,0.00019928433730425233,5017.955818942636,-0.9222061640329238,12.000021815299988,-10.55002212524414,1.4499996900558472,-38.999691009521484,16.400035858154297,20,straight,40.13574989575456,144.48869962471642
3064.5898411782155,91.25735473632812,253.17645263671875,6.145843505859375,91.24566536262641,252.92153043944234,-0.2551900627410469,-0.04582257353913323,0.00016628869779159068,6013.637807503299,-0.8693691381192248,11.950021862983704,-10.55002212524414,1.399999737739563,-39.04969024658203,16.400035858154297,20,straight,38.3899691705776,138.20388901407938
3070.083323474948,96.74482727050781,252.924072265625,6.0979156494140625,96.73528718394016,252.71358008020022,-0.21070826603771273,-0.045291763793688156,0.00011417211468249706,8758.706123477828,-0.8947280463252771,12.000022053718567,-10.600022315979004,1.399999737739563,-39.09968948364258,16.65003204345703,20,straight,36.66675859308576,132.00033093510874
3075.307774609141,101.96371459960938,252.6878204345703,6.0500640869140625,101.9565995168978,252.52842419097277,-0.15955496505905245,-0.04460809447589019,0.0003277956702246003,3050.6809297231293,-0.8924578748566669,11.950022101402283,-10.600022315979004,1.3499997854232788,-39.09968948364258,17.050025939941406,20,straight,34.94920182522332,125.81712657080395
3080.2738589626115,106.92488098144531,252.47113037109375,6.0068511962890625,106.9206192199485,252.3698416977973,-0.10137829131133197,-0.042050597612263145,0.0006359658952549974,1572.411362717869,-0.92203540942698,11.950022101402283,-10.600022315979004,1.3499997854232788,-39.09968948364258,17.600017547607422,20,straight,33.23439811704251,119.64383322135303
3084.9375461859804,111.58451843261719,252.28216552734375,5.961578369140625,111.58311277084424,252.24572481655926,-0.03646781166314505,-0.03855482454152268,0.0008869525539132381,1127.4560240995938,-1.0700312371407117,11.950022101402283,-10.600022315979004,1.3499997854232788,-38.9621467590332,18.300006866455078,20,straight,31.539235346074587,113.54124724586852
3089.24806982491,115.891845703125,252.12393188476562,5.9114990234375,115.89301501773932,252.15812478896862,0.03421289222651401,-0.03418425937334888,0.00110552547426809,904.5472250759731,-1.160603389158088,12.000022053718567,-10.600022315979004,1.399999737739563,-38.56459426879883,18.552146911621094,20,straight,29.887060706267523,107.59341854256309
3093.238112586245,119.87954711914062,251.99533081054688,5.865234375,119.88275781220298,252.10437720267797,0.10909364870032481,-0.02943486424340014,0.0015653267294443132,638.844262472281,-1.1802116672144036,12.000021815299988,-10.55002212524414,1.4499996900558472,-37.92963790893555,19.261653900146484,20,straight,28.271802752694338,101.77848990969962
3096.9827042535285,123.62254333496094,251.89569091796875,5.8203125,123.62668562454654,252.08178481052275,0.18613998874210638,-0.022255462586163257,0.0031352807138601466,318.95070689501466,-1.255165628408439,11.950021386146545,-10.450021743774414,1.4999996423721313,-36.80596160888672,20.358165740966797,20,straight,26.66706141802521,96.00142110489075
3100.5129239598764,127.15202331542969,251.840087890625,5.7741546630859375,127.15389963806268,252.1031111673413,0.2630299691692986,-0.007133554220477325,0.006437198618692007,155.34707863390315,-1.3716937562691545,12.00002110004425,-10.40002155303955,1.5999995470046997,-33.996768951416016,21.771318435668945,21,left,25.06026081082305,90.21693891896298
3103.840215760166,130.47894287109375,251.8544464111328,5.72650146484375,130.47184639830596,252.1917014089183,0.3373296510200803,0.021038756335605858,0.014620008607727967,68.39941253327386,-1.4684117408995112,11.291998267173767,-9.541998863220215,1.7499994039535522,-30.670818328857422,23.430747985839844,21,left,23.44523221809625,84.40283598514651
3106.963253400719,133.59799194335938,252.00509643554688,5.6795806884765625,133.56357610087113,252.4102875661055,0.40665009836164834,0.08473392854530624,0.025953540065953802,38.53038920543303,-1.546498182617917,10.592998504638672,-8.542999267578125,2.049999237060547,-27.54913330078125,25.26608657836914,21,left,21.820864225581694,78.5551112120941
3109.9709156403524,136.58108520507812,252.38575744628906,5.6317901611328125,136.49766847212297,252.8470659596379,0.46878982052197016,0.1788932356147037,0.03388285734409324,29.513449525363857,-1.6467927972737328,10.143998384475708,-7.543999671936035,2.599998712539673,-24.542850494384766,27.206972122192383,21,left,20.133000665110682,72.47880239439846
3112.9404755921223,139.47348022460938,253.05641174316406,5.5811920166015625,139.32571791997734,253.5569304427346,0.5218741872232823,0.28706420696436574,0.03687901776350835,27.115689642621025,-1.8037716870477838,10.09499740600586,-6.544999599456787,3.5499978065490723,-22.76000213623047,29.183040618896484,21,left,19.29784655218704,69.47224758787334
3115.914032658584,142.27828979492188,254.04225158691406,5.5245819091796875,142.05946706984278,254.56260910350136,0.564495642215181,0.3980731728693692,0.03643176426304166,27.44857462240591,-1.9048138864402264,10.09499740600586,-5.545999526977539,4.54899787902832,-22.567203521728516,31.123926162719727,21,left,19.41593994284394,69.8973837942382
3118.9155857658284,144.984375,255.33961486816406,5.467376708984375,144.69626119761344,255.86116568702604,0.595839592324342,0.5046973663734825,0.03495761663436388,28.60606918541994,-2.1719555378286293,10.09499740600586,-4.546999454498291,5.547997951507568,-22.05536651611328,32.95926284790039,21,left,19.8210936679225,71.355937204521
3121.950451968146,147.5678253173828,256.93043518066406,5.3932952880859375,147.21555143390052,257.43547874828687,0.6157644794731892,0.6090541260571944,0.0345880229392484,28.91174212982438,-2.1642808274896286,10.736998558044434,-4.190000534057617,6.546998023986816,-21.269330978393555,34.618690490722656,21,left,19.926712383406553,71.73616458026359
3125.02309477111,149.99713134765625,258.81092834472656,5.3354034423828125,149.58704665415542,259.2823202601616,0.6248038042307167,0.7159593901721827,0.03449173719569289,28.99245098402506,-1.9459103281119772,10.914998292922974,-3.369000196456909,7.5459980964660645,-20.26393699645996,36.03184509277344,21,left,19.95450630345437,71.83622269243573
3128.121603758451,152.23370361328125,260.9544372558594,5.2731781005859375,151.77660887495378,261.3793303640789,0.6240751182502733,0.8218922414023337,0.03526027825691193,28.36052491457506,-2.020129422717498,10.914998292922974,-2.370000123977661,8.544998168945312,-19.094024658203125,37.12835693359375,21,left,19.735841739757994,71.04903026312878
3131.220630418636,154.2238311767578,263.3291778564453,5.210205078125,153.7291023299974,263.69469462157576,0.6151090451361724,0.9344873315396378,0.03601140727068322,27.768978659550942,-2.0866359686979585,11.003997921943665,-1.4600001573562622,9.543997764587402,-17.81443214416504,37.83786392211914,21,left,19.528931176853295,70.30415223667187
3134.307270152683,155.928955078125,265.9012451171875,5.1441192626953125,155.4104188121952,266.2023828187881,0.5996363684848853,1.044654729610356,0.03558092135366728,28.104949561597884,-2.1510801064301366,11.622997403144836,-1.0800000429153442,10.542997360229492,-16.48000144958496,38.090003967285156,21,left,19.64671415985343,70.72817097547235
3137.376572584149,157.33847045898438,268.626953125,5.077789306640625,156.80880112956427,268.8617573242475,0.5793812307217057,1.1535252557676043,0.039864102375617494,25.08522556403128,-1.8212172217093148,12.771997094154358,-1.2300001382827759,11.541996955871582,-15.145569801330566,38.27626037597656,21,left,18.561263100780767,66.82054716281077
3140.4128967395122,158.3973388671875,271.47230529785156,5.0326995849609375,157.86355641285311,271.6275519774999,0.5559003868473785,1.2877618407166305,0.04390028601241586,22.778894873650266,-1.6733099368434035,13.290025353431702,-1.9400001764297485,11.350025177001953,-13.865978240966797,38.79475402832031,21,left,17.68743458488858,63.674764505598894
3143.4258387525883,159.0662078857422,274.40953063964844,4.976654052734375,158.54180772938543,274.4896938200644,0.5304919033137007,1.4191042091610417,0.044761595767895845,22.340579750224755,-1.8024497124793815,13.389021873474121,-2.939000129699707,10.450021743774414,-12.696064949035645,39.585079193115234,21,left,17.51643577585311,63.0591687930712
3146.426937101296,159.33558654785156,277.39805603027344,4.924285888671875,158.83147298530182,277.40504554652244,0.5041620149158207,1.5569322514393351,0.04674974844357899,21.39048943133615,-1.5062128882823989,13.988020420074463,-3.938000202178955,10.050020217895508,-11.690671920776367,40.586830139160156,21,left,17.139923624391407,61.703725047809066
3149.456520519625,159.1782684326172,280.4233093261719,4.885955810546875,158.70467986020395,280.361254945825,0.47763676789025206,1.701084224130063,0.0467900537759941,21.372063489977343,-1.1428824122903358,14.837019920349121,-4.937000274658203,9.900019645690918,-10.90463638305664,41.739601135253906,21,left,17.132539799205162,61.67714327713858
3152.5417696736104,158.57789611816406,283.4494171142578,4.8545379638671875,158.14311565513194,283.3280762539303,0.4513952319414201,1.8429566795509804,0.0449107477452359,22.266385001485066,-0.920115963111634,15.636019229888916,-5.936000347137451,9.700018882751465,-10.392800331115723,42.98297882080078,21,left,17.487324884338253,62.95436958361771
3155.667457144796,157.55055236816406,286.4013366699219,4.828887939453125,157.1599811831676,286.2319822154288,0.42570738988911744,1.979934652829948,0.04351610469511091,22.97999802616412,-0.15509877595468735,15.910017490386963,-6.660000324249268,9.250017166137695,-10.210000991821289,44.256561279296875,21,left,17.765339650322986,63.95522274116275
3158.8590844226505,156.0931854248047,289.2407531738281,4.8456268310546875,155.75099368802762,289.03235209129394,0.4006572050018786,2.1178206680038647,0.03969764901279965,25.19040862287768,0.8751271772623914,16.740017890930176,-7.4900007247924805,9.250017166137695,-9.797542572021484,45.499942779541016,21,left,18.600136344301404,66.96049083948506
3162.139266264579,154.2288818359375,291.9393310546875,4.8861541748046875,153.93298070070054,291.70709784617407,0.3761512261989294,2.2362209218900038,0.03186608815762554,31.381322836160564,1.9140148819480451,16.69301414489746,-8.192999839782715,8.500014305114746,-9.660000801086426,46.6527099609375,21,left,20.57167162174637,74.05801783828693
3165.526889172177,152.01942443847656,294.5057373046875,4.9747314453125,151.76400431322938,294.2636635184252,0.35190788336814804,2.32937378285998,0.02531609349969033,39.500565125193276,2.6664029968072156,17.39201259613037,-9.191999435424805,8.200013160705566,-10.300021171569824,47.65446090698242,21,left,22.42658839523871,80.73571822285936
3169.03649545993,149.50772094726562,296.95513916015625,5.0701904296875,149.28905454893163,296.71143626812017,0.3274234160030787,2.4102899240665754,0.020870011575049918,47.91564184830157,2.6156319493923608,17.94101047515869,-10.190999031066895,7.750011444091797,-10.950023651123047,48.444786071777344,21,left,24.1988023978111,87.11568863211997
3172.6551586585133,146.74029541015625,299.284912109375,5.16094970703125,146.55425168899657,299.047135572982,0.30191049574668843,2.4776567320057796,0.01882088019821687,53.13247783675612,2.8085126170873553,18.49000835418701,-11.189998626708984,7.300009727478027,-11.800026893615723,48.963279724121094,21,left,25.899417828124147,93.23790418124693
3176.3680721869587,143.74537658691406,301.4764404296875,5.27667236328125,143.5920692507433,301.249086769883,0.27421310317031516,2.5483156806996115,0.019132155833224584,52.26802503162851,3.106156281673489,18.20003318786621,-11.500025749206543,6.700007438659668,-12.850030899047852,49.1495361328125,21,left,26.79270527185312,96.45373897867123
3180.2108941615397,140.4869384765625,303.5100860595703,5.3956146240234375,140.36647926196406,303.2993829375868,0.24270605265478346,2.622241090277502,0.017344502325347844,57.655156731627066,3.0726324701887964,18.05003261566162,-11.75002670288086,6.300005912780762,-14.150035858154297,45.30955505371094,21,left,28.139579288826727,101.30248543977622
3184.1845722601574,136.98130798339844,305.3771667480469,5.51678466796875,136.8905302330802,305.1931148405768,0.2052211114778701,2.6833851894877436,0.013740756922338448,72.77619461954768,2.898480095845557,18.05003261566162,-11.90002727508545,6.150005340576172,-15.550041198730469,41.9996452331543,21,left,29.755540655582475,107.11994636009692
3188.2893102839707,133.25930786132812,307.1042785644531,5.629364013671875,133.19609174106677,306.9583467665653,0.15903574282429372,2.7328059387430366,0.011604842713417385,86.17092232054223,2.591335955323637,18.100032806396484,-12.100028038024902,6.000004768371582,-17.30002212524414,39.5496826171875,21,left,31.337424140134456,112.81472690448405
3192.5271369540515,129.33462524414062,308.69970703125,5.7325592041015625,129.29891221737162,308.6052603342819,0.10097325808935306,2.7800816533686765,0.010025735347024167,99.7433071377472,2.4400321566051875,18.250033378601074,-12.250028610229492,6.000004768371582,-18.500003814697266,37.399715423583984,21,left,32.89087324561424,118.40714368421126
3196.8942477372148,125.22215270996094,310.1652526855469,5.8393402099609375,125.21338427001218,310.13904018661,0.027640199703536934,2.818780147592222,0.007254695430265634,137.84176187853893,2.5009077272731273,17.599027156829834,-12.250028610229492,5.348998546600342,-19.599987030029297,35.649742126464844,21,left,34.418436907242885,123.90637286607439
3201.387239219617,120.94496154785156,311.5361633300781,5.95428466796875,120.96379075729354,311.597544913302,-0.06420465627413431,2.843948673650219,0.004514626191806537,221.50228114453213,2.615676608274098,16.65002727508545,-12.300028800964355,4.349998474121094,-19.599987030029297,34.24976348876953,21,left,35.92230213390481,129.3202876820573
3206.000951023234,116.52510070800781,312.8537139892578,6.0776824951171875,116.5744123993366,313.0239402816072,-0.17722481064661277,2.8596275115657837,0.0028312789127495908,353.1972761485558,2.6174687393421325,16.200026273727417,-12.300028800964355,3.8999974727630615,-19.24999237060547,32.94978332519531,22,straight,37.40370331001858,134.6533319160669
3210.732635010209,111.97480773925781,314.14561462402344,6.198760986328125,112.05872116269512,314.4472663490364,-0.31310577419821506,2.8702725966472866,0.001911550589572264,523.13551388863,2.505334510730195,15.900026559829712,-12.300028800964355,3.5999977588653564,-20.3499755859375,31.799800872802734,22,straight,38.86437686485188,139.91175671346676
3215.577080832657,107.30404663085938,315.42567443847656,6.317474365234375,107.42716431770016,315.8816201579763,-0.47227583459578976,2.877855588360211,0.0013706041973892136,729.6052368034794,2.3287861427160994,15.400026321411133,-12.150028228759766,3.249998092651367,-21.399959564208984,30.649818420410156,22,straight,40.305054540801095,145.09819634688395
3220.5291393255197,102.52044677734375,316.70166015625,6.4266357421875,102.68722485964418,317.33384566885996,-0.6538145387567937,2.8836573585657175,0.0009809697337636591,1019.3994427976162,2.0002564249086974,14.85002589225769,-11.950027465820312,2.899998426437378,-22.44994354248047,29.549835205078125,22,straight,41.726354821538294,150.21487735753786
3225.5828795056764,97.6319580078125,317.98023986816406,6.5171966552734375,97.84690538383224,318.8083450674229,-0.8555469569213042,2.8876318113510817,0.0007275226898871834,1374.527576803233,1.6358593399917076,14.300025224685669,-11.700026512145996,2.599998712539673,-23.5499267578125,28.449851989746094,22,straight,43.128574582224715,155.262868496009
3230.733678089801,92.64486694335938,319.2662658691406,6.59326171875,92.91118733898068,320.30699095942725,-1.0742603346843056,2.891069845805325,0.000652775917329651,1531.9192596607409,1.441767186103693,13.750024318695068,-11.400025367736816,2.349998950958252,-24.64990997314453,27.349868774414062,22,straight,44.512294339419824,160.24425962191137
3235.980475337765,87.5604248046875,320.5592803955078,6.6670379638671875,87.87994635891349,321.8255328598849,-1.3059438453303036,2.8944162628299086,0.0006752490066219141,1480.9351664250885,1.4973239517358294,13.300023555755615,-11.1500244140625,2.1499991416931152,-28.099857330322266,26.299884796142578,22,straight,45.87891609187394,165.16409793074618
3241.2624879756454,82.43740844726562,321.84275817871094,6.7509765625,82.8100072703925,323.34314860960467,-1.5459629129163968,2.8981820605045914,0.0007174467932775097,1393.8315835683138,1.7392877356680936,12.900022864341736,-10.950023651123047,1.949999213218689,-29.099842071533203,25.199901580810547,22,straight,47.214771494856045,169.97317738148178
3246.650947357215,77.20625305175781,323.13121032714844,6.8529510498046875,77.63069995606514,324.8692656267713,-1.7891314650196444,2.902072726286326,0.0007655742411012412,1306.2090471611857,1.885923927172084,13.549021482467651,-10.600022315979004,2.9489991664886475,-30.09982681274414,24.099918365478516,22,straight,48.539680005034505,174.74284801812422
3252.1560606463345,71.85655212402344,324.42591857910156,6.9564056396484375,72.32927714939012,326.3998199803638,-2.029718131049993,2.9065321667186956,0.0008483827905024222,1178.7132072867582,1.874566227948904,14.09801983833313,-10.150020599365234,3.9479992389678955,-31.149810791015625,23.04993438720703,22,straight,49.85692451676271,179.48492826034575
3257.761608244646,66.40315246582031,325.7188262939453,7.06121826171875,66.91890909541374,327.9207111855782,-2.261482252190124,2.911506589004328,0.0009160702195851744,1091.6193743890415,1.8789673913965355,14.64701795578003,-9.700018882751465,4.9469990730285645,-32.14979553222656,21.999950408935547,22,straight,51.1633651641956,184.18811459110418
3263.466596592489,60.84614562988281,327.0052795410156,7.1689453125,61.39822979189097,329.42084432254825,-2.477851919651581,2.916899162294179,0.0009814882025834248,1018.8609474549457,1.9522698089182278,15.296016693115234,-9.350017547607422,5.9459991455078125,-33.19977951049805,20.899967193603516,22,straight,52.4595861648416,188.85451019342977
3269.269549387478,55.186767578125,328.28277587890625,7.2860107421875,55.76677449789639,330.89138978220427,-2.6723163217445585,2.922808660862448,0.0010693540367948395,935.143989353878,1.9783738908344395,15.895015239715576,-8.950016021728516,6.9449992179870605,-34.14976501464844,19.899982452392578,22,straight,53.746003583444775,193.4856129004012
3275.168399362204,49.42597961425781,329.54637145996094,7.4003753662109375,50.02382591679992,332.3217290279619,-2.8390191671990364,2.9294223933868904,0.001258825179037859,794.3914823536629,1.9841269400609707,16.444013595581055,-8.500014305114746,7.943999290466309,-35.149749755859375,18.849998474121094,22,straight,55.022862748103265,198.08230589317176
3281.1607946850568,43.565155029296875,330.78924560546875,7.52203369140625,44.16692448614566,333.70115791043025,-2.9734424075442134,2.937803614262026,0.0011790260500042227,848.1576806521099,2.161220335015146,16.993011474609375,-8.050012588500977,8.942998886108398,-36.04973602294922,17.850013732910156,22,straight,56.29032226304849,202.64516014697455
3287.244428139846,37.60565185546875,332.00392150878906,7.6616058349609375,38.21005634569947,335.01690077016,-3.0730032244146086,2.9436199659602043,0.0007762766039320634,1288.2006168094124,2.2656051665528865,17.392008781433105,-7.450010299682617,9.941998481750488,-36.94972229003906,16.900028228759766,22,straight,57.548531228324265,207.17471242196737
3293.41596744245,31.554092407226562,333.20703125,7.7996368408203125,32.15988107762855,336.2853764775604,-3.1373857354860797,2.947285180802558,0.0006253869506557541,1599.0100192391967,2.285842012454309,17.741005897521973,-6.8000078201293945,10.940998077392578,-37.849708557128906,15.950042724609375,22,straight,58.797416336756825,211.6706988123246
3299.67416783874,25.412704467773438,334.40162658691406,7.9458160400390625,26.011706455189792,337.5129889368618,-3.1684979175629846,2.9513988604348897,0.0006801122693164408,1470.3454784091284,2.2637530829705432,19.040006637573242,-7.100008964538574,11.939997673034668,-38.74969482421875,15.050039291381836,22,straight,60.03731537975499,216.13433536711798
3306.0159133852867,19.184326171875,335.58726501464844,8.084747314453125,19.76973483454674,338.7027993632023,-3.170056400026652,2.9558583913608536,0.000778421843334598,1284.6504868314166,2.2031171748487344,20.12169361114502,-7.182696342468262,12.938997268676758,-39.59968185424805,14.150035858154297,22,straight,61.26817522299866,220.56543080279516
3312.440617742718,12.868881225585938,336.7584686279297,8.227096557617188,13.433026259660906,339.8544046704906,-3.1469158868802474,2.96134910575623,0.0007880043496542033,1269.0285281278282,2.201721824794023,20.665407180786133,-7.415374755859375,13.250032424926758,-40.449668884277344,13.250032424926758,22,straight,62.490419542098074,224.96551035155306
3318.945576404975,6.4681854248046875,337.9096984863281,8.369400024414062,7.010373344045478,340.9663024100003,-3.1043188119100598,2.9660362620488527,0.0006847571152560905,1460.3718277918333,2.149314730842633,20.174997329711914,-7.774968147277832,12.400029182434082,-41.249656677246094,12.400029182434082,22,straight,63.70404446572922,229.3345600766252
3325.5289970821977,-0.0149383544921875,339.0460205078125,8.508346557617188,0.5044641258375975,342.04866162861185,-3.0472336039247194,2.9703058157959075,0.0006541391811643038,1528.7266514445714,2.1462579671282622,19.788427352905273,-8.238401412963867,11.550025939941406,-42.09964370727539,11.550025939941406,22,straight,64.9092084200396,233.67315031214258
3332.1893929327744,-6.578704833984375,340.16705322265625,8.653701782226562,-6.083687239453066,343.10555518402964,-2.97990540049359,2.9747004297449227,0.0006386292344978117,1565.8537786582121,2.1733156252955466,19.53262233734131,-8.782599449157715,10.750022888183594,-42.89963150024414,10.750022888183594,22,straight,66.10610938197857,237.98199377512285
3338.92352471927,-13.21990966796875,341.27235412597656,8.7994384765625,-12.749140565281222,344.13961406902666,-2.905650207623892,2.9788568114655143,0.0005987409729298343,1670.1713181689818,2.1095432202958952,19.334506034851074,-9.384486198425293,9.950019836425781,-43.649620056152344,9.950019836425781,22,straight,67.29462160086325,242.26063776310772
3345.7301356482817,-19.937255859375,342.3621520996094,8.93927001953125,-19.490270211338164,345.1534459994837,-2.8268565236012053,2.9828051353882703,0.0005624560018123725,1777.9168446558529,2.0938188204456365,19.221003532409668,-10.020986557006836,9.200016975402832,-44.449607849121094,9.200016975402832,22,straight,68.47496582048086,246.5098769537311
3352.60827216084,-26.729278564453125,343.4371643066406,9.086029052734375,-26.30537443801326,346.14935826189924,-2.745121264963392,2.986551346578267,0.0005562035936178822,1797.902802992335,2.1784297444929934,19.06903839111328,-10.669024467468262,8.40001392364502,-45.14959716796875,8.40001392364502,22,straight,69.6473961477936,250.73062613205695
3359.554873720254,-33.592803955078125,344.49708557128906,9.240493774414062,-33.192197601078945,347.12820481561255,-2.6614420769037865,2.9904960936101688,0.0007342201014537142,1361.9894062012968,2.223728998878882,19.005535125732422,-11.305523872375488,7.700011253356934,-45.89958572387695,7.700011253356934,22,straight,70.8117968793515,254.92246876566543
3366.567229268868,-40.52642822265625,345.53326416015625,9.396438598632812,-40.15474231007511,348.08271952865886,-2.57640701241048,2.996822273757423,0.0010199377200137416,980.4520220965326,2.2718446762628797,18.907419204711914,-11.907410621643066,7.000008583068848,-46.59957504272461,7.000008583068848,22,straight,71.96811430292655,259.0852114905356
3373.6446223374496,-47.53166198730469,346.5278625488281,9.560653686523438,-47.19226456907808,348.99497631763285,-2.4903495649656846,3.0048821522885594,0.0011574145317131135,863.9946817670235,2.306109996825645,18.751614570617676,-12.451608657836914,6.300005912780762,-47.19956588745117,6.300005912780762,22,straight,72.65918972792741,261.5730830205387
3380.783257624008,-54.60569763183594,347.47198486328125,9.724258422851562,-54.298145023841286,349.85568609964037,-2.403460045622636,3.013278398923128,0.001207970836340666,827.8345552027755,2.2057249662763456,18.61504554748535,-12.91504192352295,5.700003623962402,-47.799556732177734,5.700003623962402,22,straight,71.49325718368287,257.37572586125833
3387.983128210777,-61.74848937988281,348.36383056640625,9.876815795898438,-61.472664429022274,350.6632043813894,-2.3158582306668185,3.022206560626995,0.0013812079829283175,724.0039243618377,2.2027360021086184,18.424636840820312,-13.274635314941406,5.150001525878906,-48.2995491027832,5.150001525878906,22,straight,70.29773872349901,253.07185940459644
3395.234321262753,-68.95057678222656,349.18980407714844,10.04266357421875,-68.7097068565611,351.40438087785645,-2.2276374766384586,3.0332528647163004,0.0016036634292657392,623.5722419995975,2.2301479071046515,18.157313346862793,-13.50731372833252,4.649999618530273,-48.69954299926758,4.649999618530273,22,straight,69.07278755357723,248.66203519287802
3402.4963609415327,-76.17269897460938,349.9336242675781,10.200469970703125,-75.96744630680514,352.0626459727889,-2.1388927226252674,3.0454826441641414,0.0017924761059140426,557.8874924472519,2.234517808562564,17.839999198913574,-13.590001106262207,4.249998092651367,-49.09953689575195,4.249998092651367,22,straight,67.82383444058898,244.16580398612035
3409.8352340430324,-83.48019409179688,350.5902557373047,10.3690185546875,-83.31199576360733,352.63307026700073,-2.049727269746659,3.059441398627075,0.001963949191059522,509.17814195616467,2.2942747962559573,17.49888777732849,-13.59889030456543,3.8999974727630615,-49.34953308105469,3.8999974727630615,22,straight,66.53785456356941,239.53627642884987
3417.2426830108157,-90.86476135253906,351.14671325683594,10.538787841796875,-90.73324763607512,353.1025542234418,-1.9602575709003296,3.0744522035084954,0.002326406985298235,429.84740259099783,2.2323552483628273,17.321109533309937,-13.621111869812012,3.699997663497925,-49.549530029296875,3.699997663497925,22,straight,65.2141480924594,234.77093313285383
3424.710694273297,-98.31838989257812,351.5806427001953,10.701019287109375,-98.22955356875697,353.4491434078698,-1.8706113404473705,3.0940842542360687,0.002745234057555973,364.26766499111557,1.9877850692759158,17.299999237060547,-13.650001525878906,3.6499977111816406,-49.59952926635742,3.6499977111816406,22,straight,63.85184613040849,229.86664606947056
3432.23590297556,-105.83708190917969,351.8628692626953,10.83660888671875,-105.79084174443209,353.64318443268684,-1.7809155671558168,3.115625469860384,0.0032099816571228568,311.5282599142051,1.8321638302234322,17.428887844085693,-13.678890228271484,3.749997615814209,-49.59952926635742,3.749997615814209,22,straight,62.449057163221354,224.81660578759687
3439.8212071915173,-113.42042541503906,351.9617462158203,10.9779052734375,-113.42218095734557,353.65302605571253,-1.6912807510152206,-3.1405546576091092,0.0036906493738033397,270.95502680317367,1.7393109322597522,17.701109170913696,-13.701111793518066,3.99999737739563,-49.34953308105469,3.99999737739563,22,straight,61.002428952581774,219.6087442292944
3447.4611474543367,-121.05853271484375,351.84869384765625,11.101287841796875,-121.10696036391977,353.4497464938982,-1.6017848835700224,-3.1113544922103995,0.0037793381924264846,264.5965904834678,1.4535329227428395,18.15999984741211,-13.710000991821289,4.44999885559082,-49.049537658691406,4.44999885559082,22,straight,60.28241512829381,217.01669446185772
3455.1572597578793,-128.74652099609375,351.50941467285156,11.200637817382812,-128.83569436094902,353.0192450808828,-1.5124614871180575,-3.082599343474999,0.003818005545741132,261.9168537131826,1.1472158656514297,18.29000186920166,-13.24000072479248,5.05000114440918,-48.69954299926758,5.05000114440918,22,straight,59.9763792579783,215.91496532872188
3462.9111544682614,-136.47923278808594,350.94195556640625,11.278366088867188,-136.60607325260673,352.3595877008824,-1.42329525121785,-3.0523568044939133,0.00390924922270422,255.80359374178013,0.9472381734987878,18.774027824401855,-12.974023818969727,5.800004005432129,-48.19955062866211,5.800004005432129,22,straight,59.272308512910215,213.38031064647677
3470.72168089206,-144.2471160888672,350.1298828125,11.348007202148438,-144.40662673610686,351.4545401492841,-1.3342266323525362,-3.021753125276849,0.0038932250530965273,256.85645868446187,0.7843061431247356,18.555561065673828,-12.00555419921875,6.550006866455078,-47.449562072753906,6.550006866455078,22,straight,58.710584636796014,211.35810469246564
3478.587819849729,-152.0422821044922,349.0769348144531,11.401199340820312,-152.22868438730129,350.30806750735604,-1.2451640528744656,-2.991326812593647,0.004137799878415893,241.67432678808962,0.5994121035284516,18.306564331054688,-11.00655460357666,7.300009727478027,-46.499576568603516,7.300009727478027,23,left,57.1115782724924,205.60168178097265
3486.5083703020546,-159.85272216796875,347.761474609375,11.442550659179688,-160.06558221599607,348.8977117687968,-1.156003582389406,-2.9564015029910764,0.0044659770209174166,223.91516913684802,0.6246249043869834,18.157567977905273,-10.00755500793457,8.150012969970703,-45.49959182739258,8.150012969970703,23,left,55.45494507188219,199.6378022587759
3494.4810683009396,-167.66184997558594,346.1558380126953,11.500579833984375,-167.89592584967602,347.1964852685285,-1.066648126564757,-2.92034201583189,0.004540990611595741,220.2162667869053,0.6138487720299124,17.908571243286133,-9.00855541229248,8.900015830993652,-44.64960479736328,8.900015830993652,23,left,54.99500166425452,197.98200599131627
3502.5024794169685,-175.45608520507812,344.26075744628906,11.540618896484375,-175.70520202666893,345.20548832587775,-0.9770238613503601,-2.8837706329725523,0.004612830445137606,216.78663716202752,0.4786190624315956,17.66720676422119,-8.01718807220459,9.650018692016602,-43.84961700439453,9.650018692016602,23,left,54.5650774285466,196.43427874276776
3510.5723199909394,-183.22024536132812,342.06103515625,11.57757568359375,-183.47857062058554,342.90969254911056,-0.8871027618192414,-2.846110591869912,0.004770821523259555,209.60750577748982,0.45195431016890053,17.715998649597168,-7.315977096557617,10.40002155303955,-43.04962921142578,10.40002155303955,23,left,53.65397920329904,193.15432513187653
3518.6891367234675,-190.93881225585938,339.55003356933594,11.61376953125,-191.20086024225384,340.302648565064,-0.7969306613301652,-2.80653717499997,0.004802239421609539,208.23618154066043,0.4286566708200157,18.150024890899658,-7.0500006675720215,11.100024223327637,-42.349639892578125,11.100024223327637,23,left,53.47817982391912,192.52144736610884
3526.850777811048,-198.5946044921875,336.7215881347656,11.6473388671875,-198.8525495692521,337.37949962259864,-0.7066704950714192,-2.7679441244908545,0.004670977472972487,214.08795178017124,0.3770751794381244,18.697421073913574,-6.897394180297852,11.800026893615723,-41.699649810791016,11.800026893615723,23,left,54.22438501033342,195.20778603720032
3535.0578885578116,-206.1795196533203,333.5871124267578,11.675460815429688,-206.42618251188298,334.15230121860924,-0.6166692275675525,-2.730084357715482,0.004548998104010354,219.82862536662947,0.3599629874085797,18.988439083099365,-6.488409519195557,12.500029563903809,-40.99966049194336,12.500029563903809,23,left,54.94657715258785,197.80767774931627
3543.310609790615,-213.68174743652344,330.1486511230469,11.70660400390625,-213.91051077540166,330.6240241901491,-0.5275530477031645,-2.693074238628762,0.004357851648710498,229.4708678979247,0.38576624024985184,18.946328163146973,-5.896296501159668,13.050031661987305,-40.34967041015625,13.050031661987305,23,left,56.13869342717283,202.0992963378222
3551.609432268883,-221.09686279296875,326.4223327636719,11.73931884765625,-221.30162007397476,326.8121773013899,-0.44034566843962847,-2.6579669044335934,0.004363978744526764,229.14868713652302,0.42937655435341116,18.84434175491333,-5.194307804107666,13.650033950805664,-39.69968032836914,13.650033950805664,23,left,56.09926977361655,201.95737118501958
3559.9524701199653,-228.41270446777344,322.4119415283203,11.778091430664062,-228.5902440385838,322.72119194498015,-0.35658956716063817,-2.620437669899047,0.004552468676046417,219.66103913282674,0.5142644773956762,18.655728816986084,-4.455692768096924,14.20003604888916,-39.149688720703125,14.20003604888916,23,left,54.92562891265099,197.7322640855436
3568.3360915004323,-235.60289001464844,318.10101318359375,11.82537841796875,-235.75073723855994,318.3369496554814,-0.2784327933005618,-2.581814902357606,0.0045515939636072145,219.70325296931435,0.6355954061746827,18.403741359710693,-3.7537035942077637,14.65003776550293,-38.6996955871582,14.65003776550293,23,left,54.93090638502667,197.751262986096
3576.7602740468046,-242.65830993652344,313.4983673095703,11.884979248046875,-242.77570751693298,313.67083415591037,-0.20863126556799105,-2.5439398709553815,0.004417805957098536,226.3567050502068,0.6327440885459668,18.21163034439087,-3.161591053009033,15.050039291381836,-38.199703216552734,15.050039291381836,23,left,55.75646139381104,200.72326101771975
3585.223643616403,-249.56927490234375,308.6131896972656,11.932174682617188,-249.65842624265574,308.73434542355403,-0.15042164568937397,-2.507215115785926,0.004377245718579531,228.45416142745398,0.5223117788260012,18.2026469707489,-2.752606153488159,15.450040817260742,-37.74971008300781,15.450040817260742,23,left,56.01418974728326,201.65108309021974
3593.7273642733926,-256.3263244628906,303.45045471191406,11.97357177734375,-256.3930821274,303.5343852125328,-0.10724231769624522,-2.4696676750102835,0.004404775711042086,227.0263154360291,0.5236975254896192,18.35004210472107,-2.6000001430511475,15.750041961669922,-37.44971466064453,15.750041961669922,23,left,55.838870119285396,201.01993242942743
3602.2690486724437,-262.9131317138672,298.01243591308594,12.021469116210938,-262.9667582168327,298.0748949675875,-0.08232214349459153,-2.4321347390938852,0.004543924368145463,220.07408552183617,0.6650005653590196,18.59298586845398,-2.5429446697235107,16.05004119873047,-37.14971923828125,16.05004119873047,23,left,54.97724520705724,197.91808274540605
3610.8470761620156,-269.3110809326172,292.2989044189453,12.087493896484375,-269.36437536127585,292.3561434247389,-0.07820869459522856,-2.391866084977143,0.00463664637887623,215.6731219693245,0.7424117993353962,18.59584069252014,-2.3958017826080322,16.20003890991211,-36.94972229003906,16.20003890991211,23,left,54.424761433806054,195.9291411617018
3619.4578803267805,-275.50096130371094,286.31329345703125,12.149063110351562,-275.56934091211826,286.3811615221989,-0.09634233293595791,-2.352439997931156,0.00467381655313992,213.95790541419288,0.7643625402319221,18.594642400741577,-2.1946065425872803,16.400035858154297,-36.84972381591797,16.400035858154297,23,left,54.20791337949216,195.14848816617177
3628.100739672049,-281.4639587402344,280.05735778808594,12.219406127929688,-281.5649303380921,280.14963228310546,-0.13678393913409465,-2.3112195160481126,0.004832782493448068,206.92013376470524,0.8365616690533817,18.475427985191345,-1.9753936529159546,16.50003433227539,-36.69972610473633,16.50003433227539,23,left,53.30892155281761,191.9121175901434
3636.773219118346,-287.18162536621094,273.5370330810547,12.293930053710938,-287.333452196191,273.664386148808,-0.19816707639760098,-2.268754965228424,0.004797062915482209,208.46088901034943,0.7716601824131364,18.374231100082397,-1.774198293685913,16.600032806396484,-36.54972839355469,16.600032806396484,23,left,53.50702617103794,192.6252942157366
3645.4722962890064,-292.63890075683594,266.76292419433594,12.353408813476562,-292.8589189217398,266.9326598980727,-0.2778816330934217,-2.2278923622246074,0.004834168025089014,206.86082792531533,0.7248139067716375,18.327086687088013,-1.6270554065704346,16.700031280517578,-36.526466369628906,16.700031280517578,23,left,53.301281511107035,191.88461343998534
3654.199037020909,-297.8206481933594,259.741455078125,12.420257568359375,-298.12511712762074,259.9559406893246,-0.3724317512537693,-2.1845080516835744,0.004930712466624992,202.81044712479184,0.7414861630285929,18.270031332969666,-1.5700000524520874,16.700031280517578,-36.4832649230957,16.700031280517578,23,left,52.77687638361986,189.9967549810315
3662.9514508181246,-302.7149963378906,252.48568725585938,12.483001708984375,-303.11708164013857,252.7439297701703,-0.4778721444920669,-2.141709770431619,0.004729020954753499,211.46025986516804,0.705092487771275,18.238865971565247,-1.5888339281082153,16.65003204345703,-37.055381774902344,16.65003204345703,23,left,53.890585532059475,194.0061079154141
3671.7289519517567,-307.31190490722656,245.00843811035156,12.543853759765625,-307.8209112697929,245.30723486383715,-0.5902262083527984,-2.1016167994188435,0.0047881493120389695,208.84895913451857,0.7060659513618006,18.287437319755554,-1.637405276298523,16.65003204345703,-38.11788558959961,16.65003204345703,23,left,53.556807268109985,192.80450616519596
3680.533187611794,-311.6018371582031,237.32032775878906,12.607147216796875,-312.2256923754391,237.65045903939162,-0.7058200864985418,-2.057513984204291,0.004941953382101821,202.34913660288277,0.6846720567204034,18.303852081298828,-1.7038192749023438,16.600032806396484,-38.69000244140625,16.600032806396484,23,left,52.7168193473771,189.78054965055756
3689.359616281341,-315.5675354003906,229.43516540527344,12.66455078125,-316.3094997020582,229.7878214582369,-0.8215091701501467,-2.014489869998368,0.0050413128037262445,198.36102994062546,0.683448589558,18.226215958595276,-1.7761808633804321,16.450035095214844,-39.52774429321289,16.450035095214844,23,left,52.19473522496833,187.901046809886
3698.2068036244905,-319.1886749267578,221.3632354736328,12.727951049804688,-320.0505554705171,221.72520959042097,-0.934806575145569,-1.9684088222712273,0.005027058791017253,198.9234742563344,0.7276234110518809,18.142632246017456,-1.842594861984253,16.300037384033203,-41.622100830078125,16.300037384033203,23,left,52.26868082739889,188.167250978636
3707.0709746030975,-322.4490509033203,213.12071228027344,12.793426513671875,-323.4280160295776,213.4832452257028,-1.04393623126586,-1.9254600012399687,0.0051194492633344635,195.33351119660625,0.7146635413593949,18.141204357147217,-1.8911662101745605,16.250038146972656,-44.344764709472656,16.250038146972656,23,left,51.794888191540586,186.4615974895461
3715.9551053954447,-325.3359832763672,204.7189483642578,12.854782104492188,-326.4302333925725,205.06553757924345,-1.1478272521419277,-1.8775363322204215,0.00504551466892228,198.19583642467137,0.6929108972580922,17.91004204750061,-1.9100000858306885,16.000041961669922,-47.06742477416992,16.000041961669922,23,left,52.17299701432185,187.82278925155867
3724.857446795324,-327.8487548828125,196.17881774902344,12.916671752929688,-329.0513375670433,196.50509312062565,-1.2460580767066545,-1.8357308111000836,0.004807276632586788,208.0179853227838,0.7635173961487496,17.945242643356323,-2.0452001094818115,15.900042533874512,-49.161781311035156,15.900042533874512,23,left,53.45015444713994,192.42055600970377
3733.781676888765,-329.99684143066406,187.5172882080078,12.990921020507812,-331.30302710942146,187.81080046333147,-1.3387570621349196,-1.7918341948723355,0.004572492343999507,218.699108662763,0.7507069092288154,18.01764178276062,-2.367600202560425,15.650041580200195,-49.9995231628418,15.650041580200195,23,left,54.805232946995005,197.298838609182
3742.7262955899528,-331.79713439941406,178.75592041015625,13.05078125,-333.1997070712615,179.0158484986901,-1.4264545947986185,-1.7540397749017018,0.004504265564123255,222.01177656243448,0.65054897908291,18.202440977096558,-2.7524001598358154,15.450040817260742,-50.171142578125,15.450040817260742,23,left,55.21874445610363,198.78748004197305
3751.695887864772,-333.2505340576172,169.90504455566406,13.107452392578125,-334.7455960643274,170.11624014030812,-1.5099052880500432,-1.7111298823196992,0.004636072058976537,215.69983970886787,0.6261239922912942,18.22483992576599,-3.0748002529144287,15.150039672851562,-50.648895263671875,15.150039672851562,23,left,54.42813241846161,195.9412767064618
3760.687560878233,-334.3240509033203,160.9778594970703,13.163238525390625,-335.9060087123422,161.13655318184738,-1.5898975423320745,-1.6707765923727282,0.004096906844570869,244.08658481585397,0.5865140252036438,18.01003861427307,-3.2100002765655518,14.80003833770752,-51.37711715698242,14.80003833770752,23,left,56.339342807584444,202.821634107304
3769.7045387009757,-335.0796813964844,151.99273681640625,13.213058471679688,-336.7430566191161,152.1036375873287,-1.667068118661096,-1.6373699308295544,0.0037727748626296687,265.0568974855256,0.584847521119336,17.880407094955444,-3.5803706645965576,14.300036430358887,-58.121055603027344,14.300036430358887,24,straight,58.192931476676556,209.4945533160356
3778.7516834035982,-335.5279846191406,142.95687866210938,13.268905639648438,-337.26884198652857,143.01229892953472,-1.741739297263063,-1.6026206207215679,0.003688733733987093,271.09573965348704,0.727060590771933,18.372997760772705,-4.572963237762451,13.800034523010254,-67.16703033447266,13.800034523010254,24,straight,59.99519354688105,215.98269676877177
3787.829953299756,-335.6717834472656,133.88006591796875,13.34490966796875,-337.48556666125285,133.87956398133775,-1.8137832834388463,-1.5705195921695574,0.0033286084397932125,300.42584403893545,0.7856618021460093,18.72199535369873,-5.571963310241699,13.150032043457031,-76.24398040771484,13.150032043457031,24,straight,61.75080594747619,222.30290141091427
3796.9380862797984,-335.541015625,124.77311706542969,13.411758422851562,-337.4227574523754,124.71909866894448,-1.8825170097645296,-1.542097615448806,0.0031442259420433882,318.0433017323539,0.7221480668890834,19.070992946624756,-6.570963382720947,12.500029563903809,-85.35086822509766,12.500029563903809,24,straight,63.46340613333777,228.468262080016
3806.0786439389485,-335.14996337890625,115.64115905761719,13.4766845703125,-337.09337768179716,115.52898468824479,-1.9466489775573286,-1.5131400446432934,0.0031044053202486377,322.1228856546052,0.659436686011583,19.219989776611328,-7.569963455200195,11.650026321411133,-94.49019622802734,11.650026321411133,24,straight,65.1368498437866,234.4926594376318
3815.2506190419917,-334.4954528808594,106.49273681640625,13.532485961914062,-336.4924212465944,106.32148977182909,-2.004297434020928,-1.4852520961031792,0.0030514089324073512,327.7174649977409,0.5936781418105608,19.368986129760742,-8.568963050842285,10.800023078918457,-103.66100311279297,10.800023078918457,24,straight,66.77390350577127,240.38605262077658
3824.45468550071,-333.5823669433594,97.334228515625,13.585769653320312,-335.6222093806678,97.10123222109573,-2.0531060475067466,-1.457066529802924,0.0030102494664729362,332.1983812762485,0.5366201781587421,19.517982482910156,-9.567962646484375,9.950019836425781,-112.8639144897461,9.950019836425781,24,straight,67.54563323004676,243.16427962816834
3833.6899486028256,-332.40997314453125,88.17379760742188,13.63140869140625,-334.4796845633217,87.87991757651523,-2.090471437173282,-1.429748366923024,0.0028237468137707333,354.1393991569077,0.5088348111403351,19.566978454589844,-10.566962242126465,9.000016212463379,-122.09806823730469,9.000016212463379,24,straight,69.13644193133025,248.89119095278892
3842.958196242001,-330.9925231933594,79.01470947265625,13.679931640625,-333.07734423314264,78.66547885681943,-2.1138686787406624,-1.4048261745000736,0.0024872000042162057,402.0585390418296,0.4116680115924032,19.665974617004395,-11.565961837768555,8.10001277923584,-131.3651885986328,8.10001277923584,24,straight,70.69695343747811,254.50903237492122
3852.2591948560225,-329.35943603515625,69.85824584960938,13.707778930664062,-331.4435927447466,69.46342591033314,-2.1212241688658415,-1.3835761783231584,0.0023118773757883626,432.54889315182413,0.2871783599923128,19.764970779418945,-12.564961433410645,7.200009346008301,-140.66514587402344,7.200009346008301,24,straight,72.22909342300697,260.0247363228251
3861.5950877177356,-327.52392578125,60.70460510253906,13.733444213867188,-329.58921810265673,60.266436568531695,-2.111261243204097,-1.3617380665512087,0.0024190274002823253,413.38928194169677,0.2236168288380913,19.91396713256836,-13.563961029052734,6.350006103515625,-150.0,6.350006103515625,24,straight,73.73497269441172,265.4459016998822
3870.9645505455414,-325.47593688964844,51.56172180175781,13.74957275390625,-327.50360439759584,51.08166175115104,-2.083720992593347,-1.3383220381906369,0.002531054421726797,395.09225539202583,0.12170018413135697,20.01296329498291,-14.562960624694824,5.450002670288086,-149.9846954345703,5.450002670288086,24,straight,73.66272487190575,265.1858095388607
3880.3658903442742,-323.2029266357422,42.439300537109375,13.756256103515625,-325.1755822009984,41.921769661398415,-2.0394136869331865,-1.3142261083568316,0.002457782793269525,406.87077911784297,-0.025260759327438986,20.26196002960205,-15.561960220336914,4.699999809265137,-149.94024658203125,4.699999809265137,24,straight,74.752680757311,269.1096507263196
3889.8002479745037,-320.7076721191406,33.340911865234375,13.7447509765625,-322.61132148788363,32.796061215289704,-1.980086652109126,-1.2920349475217496,0.002074518356563415,482.03960058303363,-0.1536542214512715,20.56095814704895,-16.56096076965332,3.99999737739563,-149.8687744140625,3.99999737739563,24,straight,76.22391879489388,274.40610766161797
3899.2693304061113,-318.0230712890625,24.2603759765625,13.727188110351562,-319.84837376102695,23.70419971048151,-1.9081564802477242,-1.2750298928449304,0.0015718708105073587,636.1845981968621,-0.2241228860181188,21.00995922088623,-17.559961318969727,3.449997901916504,-149.77247619628906,3.449997901916504,24,straight,77.67255546987202,279.6211996915393
3908.775552350133,-315.1914367675781,15.185714721679688,13.702194213867188,-316.93157070262345,14.631041675925426,-1.8263976291001676,-1.2622248900591255,0.0011870919894748644,842.3946997084628,-0.3163353545802772,21.508960247039795,-18.558961868286133,2.949998378753662,-149.65350341796875,2.949998378753662,24,straight,79.10019192562297,284.7606909322427
3918.308675397,-312.25347900390625,6.116668701171875,13.66693115234375,-313.9038292941842,5.572763611420082,-1.7376676400504354,-1.252437055188686,0.001111154245881818,899.9650621920583,-0.41110991398476404,21.799991846084595,-19.199993133544922,2.599998712539673,-149.51400756835938,2.599998712539673,24,straight,80.0,288.0
3927.845127490544,-309.2174835205078,-2.9235076904296875,13.623794555664062,-310.77360964222635,-3.4561044842418682,-1.6447455278777274,-1.2410350883962082,0.0011430375693789463,874.8618827492575,-0.5742832809574216,21.79998755455017,-19.499988555908203,2.2999989986419678,-149.35614013671875,2.2999989986419678,24,straight,80.0,288.0
3937.4368802904114,-306.0661163330078,-11.9825439453125,13.55694580078125,-307.527553160394,-12.499866032436092,-1.5502966626638242,-1.2305786308436015,0.0010584727914282333,944.7573977321289,-0.7182431283040858,21.79998469352722,-19.69998550415039,2.099999189376831,-149.1820831298828,2.099999189376831,24,straight,80.0,288.0
3947.0771069647008,-302.80162048339844,-21.052932739257812,13.485641479492188,-304.1701672144734,-21.552669167359472,-1.4569339905114767,-1.22068164027509,0.0007394743312240659,1352.3119840342274,-0.7308388191186621,21.799983143806458,-19.799983978271484,1.9999991655349731,-148.99398803710938,1.9999991655349731,24,straight,80.0,288.0
3956.7609495809834,-299.4573974609375,-30.140731811523438,13.415725708007812,-300.73969606038,-30.615331471295814,-1.367309231735216,-1.2163140838291784,0.00025006926527582074,3998.8920625532396,-0.7428362701370039,21.799983143806458,-19.799983978271484,1.9999991655349731,-148.79400634765625,1.9999991655349731,24,straight,80.0,288.0
3966.4882040945026,-296.0771179199219,-39.26145935058594,13.3414306640625,-297.2812254410618,-39.70776151716043,-1.2841575239645802,-1.215845007438824,-2.5015955555485192e-05,39974.48739393576,-0.817117637849063,21.74998390674591,-19.749984741210938,1.9999991655349731,-148.5843048095703,1.9999991655349731,24,straight,80.0,288.0
3976.2600270640532,-292.68585205078125,-48.42555236816406,13.25634765625,-293.8210516049761,-48.84507034845803,-1.210236903930018,-1.216808415125697,-6.506644214987478e-05,15368.905490430669,-0.8053353384873452,21.74998390674591,-19.749984741210938,1.9999991655349731,-148.36705017089844,1.9999991655349731,24,straight,80.0,288.0
3986.0752179445217,-289.28466796875,-57.63232421875,13.183746337890625,-290.3617478260145,-58.029986640399045,-1.1481447733263594,-1.2171165505642265,6.888524619275138e-06,145168.9665450056,-0.8021794022085249,21.699984669685364,-19.69998550415039,1.9999991655349731,-148.14439392089844,1.9999991655349731,24,straight,80.0,288.0
3995.933166399408,-285.87013244628906,-66.879638671875,13.098480224609375,-286.9019173014671,-67.26110207430273,-1.1000428695130497,-1.2166696153778866,5.412722996861463e-05,18474.98940144996,-0.8187897083202444,21.699984669685364,-19.69998550415039,1.9999991655349731,-147.9185028076172,1.9999991655349731,24,straight,80.0,288.0
4005.8339953434884,-282.4332580566406,-76.16448974609375,13.022003173828125,-283.43416442188055,-76.53524630749732,-1.0673677809460222,-1.216046307224633,4.9900493223675735e-05,20039.882081276526,-0.8056455083742642,21.74998390674591,-19.749984741210938,1.9999991655349731,-147.69151306152344,1.9999991655349731,24,straight,80.0,288.0
4015.7767500711147,-278.9777526855469,-85.48709106445312,12.938583374023438,-279.96281708794976,-85.85238926680252,-1.0506163207951194,-1.2156805077363142,-3.579469031245175e-05,27937.1043937244,-0.8854263335811963,21.74998390674591,-19.749984741210938,1.9999991655349731,-147.4656219482422,1.9999991655349731,24,straight,80.0,288.0
4025.758453737406,-275.5109100341797,-94.84693908691406,12.845550537109375,-276.4951122422116,-95.21070371883258,-1.0492753183648553,-1.2167651623539297,-0.00014062807168674363,7110.955785752024,-0.9342725810302155,21.74998390674591,-19.749984741210938,1.9999991655349731,-147.2429656982422,1.9999991655349731,24,straight,80.0,288.0
4035.7851937932633,-272.04302978515625,-104.25440979003906,12.75164794921875,-273.03972718354487,-104.62083186338775,-1.0619184713488312,-1.218497142157206,-0.0001340755370573543,7458.482150791042,-0.9490648160144333,21.699983954429626,-19.749984741210938,1.949999213218689,-147.0257110595703,1.949999213218689,24,straight,80.0,288.0
4045.8528986772844,-268.5733337402344,-113.704833984375,12.654830932617188,-269.5934005743713,-114.07873741706635,-1.0864345921795941,-1.219456161935474,-9.525704113456292e-05,10497.911630357807,-0.9616592631278299,21.749983191490173,-19.799983978271484,1.949999213218689,-146.81600952148438,1.949999213218689,24,straight,80.0,288.0
