s_m,x_center_m,y_center_m,z_center_m,x_line_m,y_line_m,offset_m,heading_rad,curvature_1_per_m,radius_m,slope_pct,width_m,drive_left_m,drive_right_m,limit_left_m,limit_right_m,segment_id,segment_kind,v_target_ms,v_target_kmh
0.0,-125.58322143554688,1.8613739013671875,9.769622802734375,-126.20819395593087,1.627908355755961,0.6671557630888517,1.9283050726205972,2.529774282979657e-05,39529.2183467912,-0.15502193422152952,11.90001928806305,-1.8999992609024048,10.000020027160645,-104.430908203125,22.24994659423828,0,straight,70.79783542365529,254.87220752515904
7.323182438349008,-128.16482543945312,8.71441650390625,9.758270263671875,-128.7786030495329,8.48500335832347,0.6552505978642397,1.9284903326066183,2.4512162363765633e-05,40796.07442051787,-0.23679752683354316,11.900019526481628,-1.8499993085861206,10.050020217895508,-104.34101867675781,22.049949645996094,0,straight,69.56993152025733,250.45175347292638
14.768164295114387,-130.791259765625,15.680694580078125,9.734451293945312,-131.3931495128018,15.45560367482639,0.6426018856053944,1.9286668793037196,-4.494051275366617e-06,222516.3752539565,-0.24061846395019293,11.950019717216492,-1.8499993085861206,10.100020408630371,-104.31000518798828,21.349960327148438,0,straight,68.2989793229133,245.87632556248786
22.030908141117294,-133.33441162109375,22.483612060546875,9.72259521484375,-133.9235659212972,22.263439991457677,0.6289503394189717,1.9284343904863372,-9.970439477369197e-06,100296.48164153544,-0.12711370617177753,11.95001995563507,-1.7999993562698364,10.150020599365234,-104.30725860595703,20.799968719482422,0,straight,67.03592266764116,241.3293216035082
29.32016534916315,-135.8859100341797,29.311721801757812,9.715972900390625,-136.46098446482097,29.096753452412045,0.613939729939214,1.9285229603381777,5.7435051653564884e-05,17410.970674001856,-0.07990402127707741,11.95001995563507,-1.7999993562698364,10.150020599365234,-104.29938507080078,20.399974822998047,0,straight,65.74386102005028,236.67789967218098
36.67748284287321,-138.46414184570312,36.20249938964844,9.710906982421875,-139.0233166331296,35.99299071961596,0.5971350983757677,1.9292818101650109,0.00011573209599022305,8640.645375371749,-0.020160645386646525,11.95002019405365,-1.7499994039535522,10.200020790100098,-104.28695678710938,19.999980926513672,0,straight,64.41345924249393,231.88845327297815
44.12142422207303,-141.07933044433594,43.17193603515625,9.71307373046875,-141.6204386485859,42.96860612681231,0.5780494272410995,1.93023813506466,0.0001257176214096989,7954.334394707628,-0.03519789608280588,11.900020241737366,-1.699999451637268,10.200020790100098,-104.27055358886719,19.599987030029297,0,straight,63.03882474349625,226.93976907658651
51.63568315578166,-143.72581481933594,50.20472717285156,9.705551147460938,-144.24627475464212,50.008607298000356,0.5561848160194187,1.9311619305863874,0.00010018179115786618,9981.853872269092,0.002447652910930742,11.800020098686218,-1.6499994993209839,10.150020599365234,-104.250732421875,19.149993896484375,0,straight,61.62011138701249,221.832400993245
59.222323355030234,-146.4031219482422,57.303253173828125,9.713592529296875,-146.8999893736695,57.11569100829606,0.5310902036282024,1.931747659929268,6.191704260696818e-05,16150.642180178345,0.029619740349662305,11.800020098686218,-1.6499994993209839,10.150020599365234,-104.22806549072266,18.75,0,straight,60.15379678028578,216.5536684090288
66.87720707246352,-149.1077423095703,64.46441650390625,9.7099609375,-149.57772252534656,64.28681285536159,0.5024186095254334,1.9321035446290307,5.116932650425787e-05,19542.958024213756,-0.09975962805037764,11.850020289421082,-1.6499994993209839,10.200020790100098,-104.203125,18.400005340576172,0,straight,58.63714036432676,211.09370531157634
74.59965473115702,-151.83892822265625,71.68775939941406,9.69818115234375,-152.27847961721403,71.52143784462612,0.46996626266655084,1.9325351425548174,5.248609937578974e-05,19052.663693680195,-0.047369728143087375,12.050020337104797,-1.7999993562698364,10.250020980834961,-104.17647552490234,18.000011444091797,0,straight,57.06626859107449,205.43856692786818
82.39168403815111,-154.5979461669922,78.9749755859375,9.7027587890625,-155.00348808397877,78.82134562855893,0.433666242907243,1.932917363351814,2.767541710986532e-05,36133.150081540596,0.001544367266093083,12.10002052783966,-1.7999993562698364,10.300021171569824,-104.148681640625,18.999996185302734,0,straight,55.436144534233385,199.5701203232402
90.24797332971742,-157.3820343017578,86.3214111328125,9.698348999023438,-157.75005093124201,86.18197650262829,0.39354574787630936,1.9329654575506412,-4.3718388333086056e-05,22873.67028219566,-0.06736235560903525,11.900021195411682,-1.4999996423721313,10.40002155303955,-104.12033081054688,19.899982452392578,0,straight,53.74254190402312,193.47315085448324
98.07610545446201,-160.1557159423828,93.64167785644531,9.69219970703125,-160.48277801901304,93.51803346530126,0.3496534533378091,1.9322344674097753,-0.00011738718727064001,8518.817285352166,-0.07532857561657336,11.850021719932556,-1.3499997854232788,10.500021934509277,-104.09197235107422,19.899982452392578,0,straight,52.00017505492628,187.20063019773463
105.640850129017,-162.82705688476562,100.71905517578125,9.686737060546875,-163.10965064827587,100.61256519032858,0.3019923048300859,1.931170964726401,-0.00016017587485128715,6243.13743207855,0.0826160758132799,11.950022101402283,-1.3499997854232788,10.600022315979004,-104.06417846679688,19.349990844726562,0,straight,50.259075575187794,180.93267207067606
112.84013763267878,-165.3618621826172,107.45732116699219,9.703292846679688,-165.59638537968715,107.36929026638562,0.2505006375750659,1.929883597774294,-0.00018482863906763014,5410.416941035273,0.39553642915295395,12.000022292137146,-1.3499997854232788,10.650022506713867,-104.03752899169922,18.799999237060547,0,straight,48.54412976826091,174.75886716573928
119.71614984982126,-167.7747344970703,113.89596557617188,9.741363525390625,-167.9574964718873,113.8276369189805,0.1951172591868357,1.9285732447466954,-0.0002337921513981822,4277.303553688823,0.4856373587479923,12.000022530555725,-1.2999998331069946,10.70002269744873,-104.01258850097656,18.550003051757812,0,straight,46.84761452257284,168.65141228126222
126.24283145349759,-170.05569458007812,120.01103210449219,9.768844604492188,-170.183112473969,119.96365508379922,0.13594080245950058,1.926779584562205,-0.0004316763820804148,2316.5501785865945,0.4155151564044668,12.000022530555725,-1.2999998331069946,10.70002269744873,-103.98992156982422,18.700000762939453,0,straight,45.17839383265762,162.64221779756744
132.4129098137438,-172.1966552734375,125.79769897460938,9.794158935546875,-172.26559856333586,125.77234465428673,0.07345759852482253,1.9232011684013885,-0.0009828734577521092,1017.4249717629574,0.34244030631422895,12.000022530555725,-1.2999998331069946,10.70002269744873,-103.97010040283203,18.849998474121094,0,straight,43.54157268421865,156.74966166318714
138.303766269052,-174.20855712890625,131.33432006835938,9.810516357421875,-174.2168150051715,131.3313584850168,0.008772884149866473,1.9151451236344177,-0.0014362645475573532,696.2505631018284,0.45668022347153947,12.000022292137146,-1.3499997854232788,10.650022506713867,-103.95369720458984,19.079999923706055,0,straight,41.91922697184694,150.90921709864898
143.98480509883044,-176.10658264160156,136.6887969970703,9.846267700195312,-176.05348741792767,136.70732896857925,-0.05623643609785211,1.9066091867041726,-0.0020477882489949306,488.33174059417877,0.5588375052894445,12.050021767616272,-1.4999996423721313,10.55002212524414,-103.94126892089844,19.310001373291016,0,straight,40.29283915612187,145.05422096203876
149.47975956180025,-177.8852081298828,141.8878631591797,9.87322998046875,-177.7723811295708,141.92546109992088,-0.11892660403538714,1.892458660117011,-0.0037293456317027407,268.1435562043685,0.5448808313462616,12.150020956993103,-1.7499994039535522,10.40002155303955,-103.93339538574219,19.511558532714844,0,straight,38.65467447565467,139.15682811235683
154.68282266077787,-179.47776794433594,146.8411102294922,9.904251098632812,-179.30936558228197,146.89257135466477,-0.17608975821830522,1.8673684649145947,-0.006558288038142485,152.47881675584833,0.3905313718625347,11.441998839378357,-1.949999213218689,9.491999626159668,-103.93064880371094,19.954986572265625,1,right,37.036802964670365,133.33249067281332
159.69251060879765,-180.85211181640625,151.65858459472656,9.913894653320312,-180.635048494845,151.71524707492406,-0.2243370727930187,1.8261394536958309,-0.009175958900225323,108.98043581858722,0.1688201332048722,10.792999029159546,-2.2999989986419678,8.493000030517578,-98.92196655273438,20.398414611816406,1,right,35.40927786169523,127.47340030210283
164.632998675044,-181.9904327392578,156.4661407470703,9.92108154296875,-181.73532213487562,156.51928995521757,-0.2605882936644126,1.7761960947994944,-0.011386986430074353,87.81954787957628,-0.00820535676697709,10.393998384475708,-2.899998426437378,7.49399995803833,-93.98248291015625,20.599971771240234,1,right,33.727404720480465,121.41865699372967
169.5144660295709,-182.84902954101562,161.27149963378906,9.91326904296875,-182.56939854498694,161.31194740006012,-0.2825411752936541,1.7144469356864693,-0.013425257338943342,74.48646791292768,-0.1382983326155829,10.294997453689575,-3.799997568130493,6.494999885559082,-89.10202026367188,20.899967193603516,1,right,31.97886503273118,115.12391411783224
174.36595122648188,-183.38876342773438,166.09286499023438,9.907608032226562,-183.10055755566452,166.11445692285835,-0.28901355720793936,1.645575064320006,-0.014471432458548011,69.1016596224597,-0.27824933511775285,10.294997215270996,-4.798997402191162,5.495999813079834,-84.25154113769531,21.249961853027344,1,right,30.801267936096917,110.8845645699489
179.22410593065376,-183.5869140625,170.94692993164062,9.88623046875,-183.30684362590074,170.94780782506237,-0.2800718124941548,1.5739308616540857,-0.014746444371793815,67.81295712970272,-0.3348056653020848,10.294997215270996,-5.79799747467041,4.496999740600586,-79.3944320678711,21.249961853027344,1,right,30.512704082896338,109.84573469842682
184.10770682251598,-183.43502807617188,175.82815551757812,9.875045776367188,-183.17870389960137,175.81047258196975,-0.2569333954671325,1.5019188461439097,-0.014468068710623588,69.11772538553966,-0.040776842504652855,10.294997215270996,-6.796997547149658,3.497999668121338,-74.5118408203125,20.99996566772461,1,right,30.80484829232151,110.89745385235743
189.03208587805602,-182.9293975830078,180.72650146484375,9.88238525390625,-182.70983343998728,180.69584098776104,-0.22169455959784395,1.4320510693378654,-0.014267282262521386,70.09043359483343,0.11513965862228748,10.954997777938843,-7.795997619628906,3.1590001583099365,-69.58847045898438,19.149993896484375,1,right,31.020852516619886,111.67506905983159
193.95108964962063,-182.09066772460938,185.57347106933594,9.886383056640625,-181.91755036183935,185.5366963748598,-0.17698022331962396,1.3614813752972335,-0.015205116087355114,65.76733740504754,0.17198946135645876,10.954997301101685,-8.794997215270996,2.1600000858306885,-64.67047119140625,17.100025177001953,1,right,30.048962762606184,108.17626594538227
198.8186159569634,-180.90496826171875,190.2943572998047,9.899124145507812,-180.78450356423735,190.25874172541268,-0.12561931570645044,1.283333696128714,-0.016096258255399565,62.126239783991124,0.3811319493607579,11.413996934890747,-9.793996810913086,1.6200001239776611,-59.80396270751953,15.950042724609375,1,right,29.20531467265414,105.13913282155491
203.63531177330995,-179.37026977539062,194.85995483398438,9.923171997070312,-179.30449536377733,194.83480661900845,-0.07041807963549443,1.2056058169138462,-0.015651997222208572,63.8896101119353,0.40596948822089196,12.09299647808075,-10.792996406555176,1.3000000715255737,-54.98832702636719,15.600041389465332,1,right,29.616891514909096,106.62080945367275
208.42409419162084,-177.5113983154297,199.27320861816406,9.93817138671875,-177.49867038946246,199.26725019442338,-0.014053572958543722,1.132961769860478,-0.016641307115724632,60.09143350615074,0.24898029133484378,11.743998050689697,-10.343997955322266,1.4000000953674316,-50.20056915283203,15.800042152404785,1,right,28.72305552949286,103.4029999061743
213.24097729442644,-175.28392028808594,203.5441131591797,9.947052001953125,-175.31934466276311,203.56463754900633,0.040940650935544,1.0456720338623218,-0.017912769250782182,55.826097349874246,0.14396962335858632,11.434998512268066,-9.344998359680176,2.0900001525878906,-49.9995231628418,17.200023651123047,1,right,27.684901961296553,99.6656470606676
218.1073462998006,-172.67588806152344,207.65260314941406,9.952072143554688,-172.7513564942521,207.70549198584538,0.0921559187333044,0.9595286859863181,-0.017243921526476108,57.99144924573057,0.13171848745643366,11.434998989105225,-8.345998764038086,3.0890002250671387,-49.9995231628418,18.350006103515625,1,right,28.216707533727266,101.58014712141816
223.02889574759917,-169.69259643554688,211.56687927246094,9.959976196289062,-169.7981652006862,211.65469546157794,0.13731877964823797,0.8769407512547642,-0.016217316918203176,61.6624812257043,-0.08338487780603643,11.434998989105225,-7.346998691558838,4.088000297546387,-49.9995231628418,19.84998321533203,1,right,29.096104895962863,104.74597762546631
227.972044943393,-166.3969268798828,215.25103759765625,9.943740844726562,-166.52196389310794,215.37257888823066,0.1743747114427836,0.7995741408813931,-0.015849563594999408,63.0932198231315,-0.4209479240578462,11.337998867034912,-6.34799861907959,4.990000247955322,-49.9995231628418,20.99996566772461,1,right,29.43172393608498,105.95420616990593
232.94197184610198,-162.79798889160156,218.67845153808594,9.918197631835938,-162.93091064183443,218.8300613777993,0.2016277143223954,0.7198121732675296,-0.015030794284115426,66.53008358026709,-0.6552425031061793,11.434999942779541,-6.089000225067139,5.345999717712402,-49.9995231628418,21.849952697753906,1,right,30.222709041371466,108.80175254893729
238.0070198292772,-158.87643432617188,221.8838348388672,9.877716064453125,-159.00813238248347,222.05745828193872,0.21792080676307446,0.648936042037014,-0.012620627407952431,79.2353634788304,-0.9588436932536748,11.434999942779541,-5.090000152587891,6.34499979019165,-49.9995231628418,21.849952697753906,1,right,32.13445049366006,115.68402177717623
243.1630432974356,-154.67971801757812,224.87863159179688,9.819900512695312,-154.80386674689095,225.06362357887033,0.22278900841688282,0.5910678189765669,-0.00945175065028031,105.80050585341489,-1.1854919217410775,11.55400037765503,-4.210000514984131,7.343999862670898,-49.9995231628418,21.44995880126953,1,right,33.97020563133415,122.29274027280296
248.41806794631793,-150.25709533691406,227.71612548828125,9.754165649414062,-150.3704407938063,227.90062892101497,0.21653800887749272,0.5508875739973531,-0.006434159540619919,155.42045448000377,-1.2909547790396547,11.83299970626831,-3.4900002479553223,8.342999458312988,-49.9995231628418,20.399974822998047,1,right,35.744327110329486,128.67957759718615
253.77995352840068,-145.6513214111328,230.4604949951172,9.682754516601562,-145.75133497905597,230.63395592414176,0.20022838876339366,0.5230185682913775,-0.005143718800407204,194.41187179999704,-1.3675137495960943,12.361999273300171,-3.0200002193450928,9.341999053955078,-49.9995231628418,19.449989318847656,1,right,37.46804031644452,134.88494513920028
259.2491131220562,-140.87782287597656,233.1287384033203,9.605972290039062,-140.96125864068048,233.283229072967,0.17558158741625826,0.4951874018407045,-0.004936422197654507,202.57586566950053,-1.4293251448459277,12.720020294189453,-2.6700000762939453,10.050020217895508,-49.9995231628418,18.799999237060547,1,right,39.14812851956789,140.9332626704444
264.82527458805043,-135.93833923339844,235.71495056152344,9.524826049804688,-136.0037530879824,235.84419774536167,0.14485788518974874,0.46852711707496225,-0.004824408925445826,207.27927823978757,-1.515762019928646,12.670021057128906,-2.4700002670288086,10.200020790100098,-49.9995231628418,18.918540954589844,1,right,40.78990414063003,146.8436549062681
270.5082111917878,-130.8350830078125,238.21385192871094,9.4351806640625,-130.8823377386531,238.3140037349839,0.11074020898733439,0.44085957527361813,-0.004905301201092296,203.86107988176613,-1.6552984179001085,12.650021076202393,-2.450000286102295,10.200020790100098,-49.9995231628418,19.22425651550293,1,right,42.39775522819439,152.63191882149982
276.2973219696193,-125.5667724609375,240.61148071289062,9.334762573242188,-125.5973277655649,240.6813528128024,0.07626097945184579,0.4122453878211531,-0.004893840206825331,204.33850672225097,-1.7659759276392628,12.750020742416382,-2.6000001430511475,10.150020599365234,-49.9995231628418,19.64227294921875,1,right,43.975242217553465,158.31087198319247
282.191488491938,-120.13520812988281,242.89797973632812,9.228790283203125,-120.15196228835966,242.93948101667235,0.044755537048234297,0.3836938550318018,-0.0047338466689755485,211.2446958947257,-1.8016724945209006,12.710019588470459,-2.8600001335144043,9.850019454956055,-49.9995231628418,20.097726821899414,1,right,45.52523251555261,163.8908370559894
288.1876999675665,-114.54646301269531,245.0679473876953,9.120529174804688,-114.5533628224074,245.08650418390772,0.01979803171356629,0.3559808439739438,-0.004429709936406571,225.74841566516,-1.8513714303747375,11.952999830245972,-3.06000018119812,8.892999649047852,-49.9995231628418,20.515743255615234,1,right,47.04969063699635,169.37888629318687
294.2839277832707,-108.80712890625,247.11993408203125,9.00482177734375,-108.80877127909764,247.12472637867464,0.005065915089000422,0.3301665919051905,-0.004184752760684283,238.96274336562763,-1.893404226980766,11.14399766921997,-3.249998092651367,7.8939995765686035,-49.9995231628418,20.82145881652832,1,right,48.5505299977082,174.78190799174953
300.47965008936296,-102.92301940917969,249.0565643310547,8.887802124023438,-102.9242489920771,249.06047607735243,0.004100443049185821,0.30455204430876226,-0.004267857010892346,234.30963067596184,-1.9420167500816876,10.994997024536133,-4.099997520446777,6.8949995040893555,-49.9995231628418,20.940000534057617,1,right,50.02975350154804,180.10711260557295
306.7737685393312,-96.8955078125,250.8646697998047,8.762161254882812,-96.90096757822617,250.88388546513073,0.019976256799183356,0.2768352321011193,-0.004629473110583936,216.00730279948974,-1.9952891028649722,10.994997024536133,-5.098997592926025,5.895999431610107,-49.9995231628418,20.3499755859375,1,right,51.48897314473626,185.36030332105057
313.1598978368103,-90.72857666015625,252.51856994628906,8.634796142578125,-90.74194522829036,252.57185651797715,0.054937940771612015,0.24580730990816818,-0.004656136184790265,214.77035041771333,-1.5586338459450677,10.994997024536133,-6.097997665405273,4.896999359130859,-49.9995231628418,19.799983978271484,1,right,52.92842373620878,190.5423254503516
319.63016096132094,-84.43170166015625,254.00465393066406,8.562515258789062,-84.45540879110082,254.11217885366332,0.11010738905095448,0.21700841794245018,-0.004369825100062997,228.84211086287726,-1.266367327375717,10.994997024536133,-7.0969977378845215,3.8979992866516113,-47.19956588745117,19.24999237060547,1,right,54.34797046153266,195.6526936615176
326.18448462280173,-78.013671875,255.33108520507812,8.4696044921875,-78.04847658640914,255.5131320390481,0.18534405222385927,0.18890587299802353,-0.004206591770562904,237.72214052189457,-1.42569055640831,10.994997024536133,-8.09599781036377,2.8989992141723633,-45.1995964050293,18.849998474121094,1,right,55.74911831420558,200.6968259311401
332.8245777052507,-71.47578430175781,256.4877166748047,8.3743896484375,-71.52069966675089,256.7633754278964,0.27929399952117323,0.1615188860043135,-0.003764483293375932,265.64070605908177,-1.5526609795189494,11.354997634887695,-9.09499740600586,2.260000228881836,-45.1995964050293,18.350006103515625,2,straight,57.133572949677216,205.68086261883798
339.5461968681917,-64.83103942871094,257.49513244628906,8.261947631835938,-64.88489192776272,257.88100416034814,0.38961143638888973,0.13866499044500027,-0.003052117746864187,327.6413568996223,-1.6103584799669335,12.143997192382812,-10.09399700164795,2.0500001907348633,-42.05000305175781,17.95001220703125,2,straight,58.501665939956794,210.60599738384445
346.35156388531294,-58.08341979980469,258.37351989746094,8.156661987304688,-58.145013215401185,258.8830821238513,0.513271284418599,0.12029157299533849,-0.00230827542306222,433.22386488583464,-1.4596874761333645,12.740023016929626,-10.750022888183594,1.9900001287460327,-40.2996711730957,17.700016021728516,2,straight,59.85495604919099,215.47784177708758
353.23857088684275,-51.24137878417969,259.1535339355469,8.062225341796875,-51.31054015175977,259.7966849483879,0.646858964600444,0.10712353853027973,-0.0017589335248221908,568.526317730563,-1.3024398226946454,12.700021982192993,-10.450021743774414,2.250000238418579,-40.2996711730957,17.750015258789062,2,straight,61.194020009787806,220.2984720352361
360.2054812506685,-44.31103515625,259.8612060546875,7.9763336181640625,-44.386407111177036,260.6443435379128,0.7867561561385955,0.0959480580413526,-0.0014867413392169711,672.6119558407346,-1.1607538428686448,12.10001802444458,-9.750019073486328,2.349998950958252,-39.149688720703125,18.000011444091797,2,straight,62.51944504396131,225.07000215826073
367.249575630304,-37.29673767089844,260.5038757324219,7.8997039794921875,-37.37683577198347,261.4295873052006,0.9291703943701132,0.08631101222381685,-0.0013911592379826348,718.8249717912469,-1.0354031967332644,12.100013494491577,-8.800015449523926,3.2999980449676514,-38.14970397949219,18.500003814697266,2,straight,63.83157942711604,229.79368593761774
374.367987686541,-30.202377319335938,261.0843505859375,7.82977294921875,-30.28388026324908,262.15127731900407,1.070035225400831,0.07624231131241957,-0.0014976280722053007,667.7225264130306,-1.1058825093029245,12.050009727478027,-7.900012016296387,4.149997711181641,-37.14971923828125,19.39999008178711,2,straight,65.13070852968926,234.47055070688134
381.5583440925942,-23.030548095703125,261.59254455566406,7.7412872314453125,-23.108652515106904,262.7948739356677,1.204863576655145,0.06486977130979105,-0.0017020280925065879,587.5343682061637,-1.2228653472771134,12.050009727478027,-7.050008773803711,5.000000953674316,-36.249732971191406,19.899982452392578,2,straight,66.41717499516182,239.10182998258253
388.8208078417096,-15.781051635742188,262.01727294921875,7.653045654296875,-15.849614721999442,263.34417193278705,1.3286691873418914,0.05162575629825221,-0.001684123110858319,593.780818963019,-1.1230155232616612,12.050009727478027,-6.350006103515625,5.700003623962402,-35.449745178222656,20.599971771240234,2,straight,67.69172911544348,243.69022481559654
396.1319767601478,-8.477935791015625,262.3519592285156,7.5777130126953125,-8.535850314854025,263.78685410778746,1.436063162479979,0.040339614279353606,-0.00136993100867191,729.9637672771986,-1.0750067868927626,12.000009536743164,-5.650003433227539,6.350006103515625,-34.749755859375,21.199962615966797,2,straight,68.95103748208712,248.22373493551362
403.4815678096666,-1.1335601806640625,262.61627197265625,7.4954071044921875,-1.1815657294675808,264.1371005501765,1.5215860458476096,0.031554913691248694,-0.0010574030929577957,945.7131406744553,-1.1309190807634095,12.000009536743164,-5.100001335144043,6.900008201599121,-34.09976577758789,21.749954223632812,2,straight,70.19419670324616,252.6991081316862
410.9271805880903,6.30859375,262.82666015625,7.410369873046875,6.269531246029165,264.4064236037713,1.5802463191986829,0.02472176819809725,-0.0008463675461791607,1181.5197835909437,-0.9910911252540178,12.000009536743164,-4.549999237060547,7.450010299682617,-33.49977493286133,22.299945831298828,2,straight,71.43153991999951,257.1535437119982
418.45009733066865,13.829421997070312,262.9923095703125,7.3472900390625,13.799034196037884,264.60018264383933,1.6081602031589393,0.018897128306058147,-0.0007046362112013921,1419.1720267895655,-0.8651315971756446,12.000009536743164,-4.049997329711914,7.95001220703125,-32.94978332519531,22.799938201904297,2,straight,70.83230579770363,254.99630087173307
426.04514178272683,21.423126220703125,263.1178741455078,7.279541015625,21.40055610922434,264.7208506300732,1.6031353717019057,0.014079196024141337,-0.0007260104104804449,1377.390717218834,-0.9855220492031636,12.000011682510376,-3.5999977588653564,8.40001392364502,-32.449790954589844,23.24993133544922,2,straight,69.55903163642759,250.41251389113933
433.7132024531352,29.090255737304688,263.2040252685547,7.1967315673828125,29.078044678303876,264.76901114986117,1.5650335199766863,0.0078025056623556195,-0.0009351229179031298,1069.3781329221906,-1.085526089263028,12.000013589859009,-3.199998140335083,8.800015449523926,-31.999797821044922,23.649925231933594,2,straight,68.2494228032826,245.69792209181736
441.4546149051882,36.831146240234375,263.2347717285156,7.1122589111328125,36.831666392552414,264.7305844508773,1.4958128128003054,-0.0003477389176424791,-0.0010258047165803467,974.8444161317857,-1.3288040212168062,12.000015258789062,-2.8499984741210938,9.150016784667969,-31.599803924560547,24.04991912841797,2,straight,66.90128652848321,240.84463150253956
449.2677143683169,44.643218994140625,263.2028045654297,6.9897003173828125,44.65462214008075,264.6020191143362,1.3992610141102761,-0.00814949608977678,-0.0009925895781218645,1007.4657462071657,-1.6897326235052579,12.000016689300537,-2.5499987602233887,9.450017929077148,-31.24980926513672,24.34991455078125,2,straight,65.51254339991686,235.8451562397007
457.15486282747787,52.52850341796875,263.1080627441406,6.8467864990234375,52.548901906609345,264.3884015183656,1.280501259321018,-0.015930754722920753,-0.0009496190766649887,1053.0538239732361,-1.721565966366384,12.000017881393433,-2.2999989986419678,9.700018882751465,-30.949813842773438,24.599910736083984,2,straight,64.08011963220041,230.68843067592147
465.1160527183948,60.48712158203125,262.9528350830078,6.7169952392578125,60.51368623922465,264.09796003621267,1.1454330357835016,-0.02319388238612202,-0.0008120416186058084,1231.4639755988082,-1.525145220135321,11.950018644332886,-2.099999189376831,9.850019454956055,-30.699817657470703,24.799907684326172,2,straight,62.601018244530906,225.36366568031127
473.1472428388265,68.5147705078125,262.7433624267578,6.60302734375,68.54367659977667,263.743186308912,1.000241649542047,-0.02890313257623594,-0.0006157505805309061,1624.0341976418283,-1.44112994324897,12.000019192695618,-1.9999991655349731,10.000020027160645,-30.549819946289062,24.949905395507812,2,straight,61.07262656727002,219.86145564217207
481.24699133802204,76.60972595214844,262.49122619628906,6.4844970703125,76.63790181907984,263.34180491714216,0.8510452631002875,-0.03311341704627924,-0.0006672038104617354,1498.792399443814,-1.513583040399008,12.000019669532776,-1.8999992609024048,10.100020408630371,-30.399822235107422,25.049903869628906,2,straight,59.49143097235173,214.16915150046623
489.4148314128377,84.77122497558594,262.1958923339844,6.3567352294921875,84.79920754049516,262.89900578571405,0.7036700575853025,-0.039777087357910045,-0.0014441225494903603,692.4620077104303,-1.7872722694742882,11.640998721122742,-1.8499993085861206,9.790999412536621,-30.299823760986328,25.14990234375,2,straight,57.85319698902414,208.27150916048691
497.63654618974874,92.98207092285156,261.80699157714844,6.1913299560546875,93.0140875265422,262.3695629377199,0.5634816755202275,-0.056849862857264,-0.002878417014613644,347.4131770772016,-1.9229170748916113,10.691999077796936,-1.8999992609024048,8.791999816894531,-30.640962600708008,25.14990234375,2,straight,56.15591199268377,202.1612831736616
505.83460575978927,101.15812683105469,261.22589111328125,6.04095458984375,101.1959415552357,261.6594351013297,0.4351900078561298,-0.08700216297778794,-0.004147032223423936,241.13629847186593,-1.7368079918250012,9.892999410629272,-2.099999189376831,7.793000221252441,-31.45444679260254,25.399898529052734,3,right,54.41081923305285,195.87894923899026
513.9855479950982,109.2633056640625,260.37379455566406,5.90728759765625,109.30339736237745,260.6938763129232,0.32258281975927816,-0.12460562621473673,-0.0049587621917349285,201.6632299219271,-1.5056864233470413,9.44399881362915,-2.649998664855957,6.794000148773193,-32.42538070678711,25.64989471435547,3,right,52.618409318406925,189.42627354626492
522.0906949166862,117.28231811523438,259.2005615234375,5.7960662841796875,117.32038293293387,259.42557443083143,0.2282098570183989,-0.16758069914559476,-0.005282881151934238,189.29064865179993,-1.2832214225103167,9.24499797821045,-3.449997901916504,5.795000076293945,-33.23886489868164,25.999889373779297,3,right,50.978721006334034,183.52339562280252
530.1787206357735,125.22685241699219,257.6868896484375,5.699462890625,125.25879064539848,257.8366218832353,0.15310059624728892,-0.21015289341682486,-0.005351684388931388,186.85705795137105,-1.0842078902072338,9.24499797821045,-4.448997974395752,4.796000003814697,-34.76873016357422,26.44988250732422,3,right,50.64996025963236,182.3398569346765
538.2599702662864,133.091796875,255.8313446044922,5.6207427978515625,133.11608604078148,255.92486265275102,0.09662085139607347,-0.2541123644831956,-0.005197485826146009,192.40071708699793,-0.9173619207019756,9.244998216629028,-5.447998046875,3.7970001697540283,-38.13443374633789,26.59988021850586,3,right,51.39580808888689,185.0249091199928
546.3508408701732,140.8805389404297,253.64208984375,5.551116943359375,140.8969381679647,253.69621352884568,0.056553584785404856,-0.29420259591159553,-0.004591399157557168,217.79853279670965,-0.816986770425393,9.244998216629028,-6.446998119354248,2.7980000972747803,-41.50013732910156,26.59988021850586,3,right,53.21612064034683,191.5780343052486
554.4730047335056,148.61273193359375,251.1563720703125,5.488311767578125,148.6222276376512,251.18422824184358,0.029430166290996394,-0.3285300770096987,-0.003356726257673394,297.90930902215354,-0.21633670884383394,9.183072805404663,-6.484072685241699,2.699000120162964,-43.03000259399414,24.19991683959961,3,right,54.98289206479398,197.93841143325832
562.5987297704257,156.27078247070312,248.43959045410156,5.5160064697265625,156.27456328956518,248.44998883551295,0.011064399090986918,-0.34873611576689095,-0.0008156865743618527,1225.9610877895639,0.6179376660376712,7.666000247001648,-5.966000080108643,1.7000001668930054,-43.66960144042969,24.720272064208984,3,right,56.69537158577175,204.10333770877833
570.6809516386572,163.87232971191406,245.69485473632812,5.588226318359375,163.87138316310654,245.69219492902718,-0.0028232126245154865,-0.34189567911409097,0.002159413356210744,463.0887352455585,0.8936331247814122,6.766000151634216,-4.9670000076293945,1.7990001440048218,-45.194801330566406,26.092117309570312,3,right,56.27398999366864,202.58636397720713
578.7141259542447,171.47247314453125,243.09397888183594,5.6600189208984375,171.46752772128795,243.07875353668518,-0.016008383616560574,-0.3140647276806399,0.003883508557336223,257.49911072319617,0.4102236511997426,6.766000270843506,-3.9680001735687256,2.7980000972747803,-47.01520538330078,28.03162384033203,3,right,54.568246081790335,196.4456858944452
586.6931106324165,179.0979766845703,240.74539184570312,5.6544342041015625,179.08933336510026,240.71530634705374,-0.031302463168951127,-0.27975758106023474,0.004921075290069889,203.2076205007215,-0.21457637565980292,6.766000270843506,-2.9690001010894775,3.7970001697540283,-48.5404052734375,30.254959106445312,3,right,52.81950791342873,190.15022848834343
594.6202442753012,186.76133728027344,238.7176971435547,5.62603759765625,186.7495829590284,238.66878735908182,-0.050302396415227615,-0.23585375159603866,0.005109511496641201,195.71342596202436,-0.8708211920127273,6.766000151634216,-1.970000147819519,4.796000003814697,-49.18000411987305,32.478294372558594,3,right,51.83638004524121,186.61096816286835
602.5280084541126,194.47779846191406,236.99229431152344,5.5167388916015625,194.4633081168174,236.9203800506888,-0.0733596006832833,-0.1988323932701441,0.0048095379857065555,207.9201792296673,-1.5057592486526938,7.545000195503235,-1.7500001192092896,5.795000076293945,-49.9995231628418,34.41780090332031,3,right,52.86771860709864,190.3237869855551
610.422722061149,202.24693298339844,235.59568786621094,5.38812255859375,202.23105755865924,235.49722349501275,-0.09973595894212679,-0.1598544697701671,0.003893695579663797,256.8254193324342,-1.6673879684928006,8.77400028705597,-1.9800001382827759,6.794000148773193,-49.9995231628418,35.78964614868164,4,straight,51.08019192458756,183.88869092851522
618.2362801660279,209.9755859375,234.45469665527344,5.2548828125,209.95805658461134,234.32801551187706,-0.1278881945486376,-0.13750066050639997,0.001562824144477188,639.8672579598073,-1.836382156075994,10.442998886108398,-2.649998664855957,7.793000221252441,-49.9995231628418,36.310001373291016,4,straight,49.247197037380666,177.2899093345704
625.8349106330108,217.50357055664062,233.43177795410156,5.10565185546875,217.48256580229034,233.27738548205238,-0.15581474619165933,-0.13521761879484456,-0.0003088047071350096,3238.292606604599,-2.274220335837074,12.050012588500977,-3.449997901916504,8.600014686584473,-49.9995231628418,36.400169372558594,4,straight,47.396680825907026,170.6280509732653
633.1883796262761,224.78541564941406,232.42559814453125,4.9163360595703125,224.75977402619858,232.24601310380982,-0.18140639374632497,-0.14182402465359514,-0.0018857613978003635,530.2897817117504,-2.5398860755646737,12.295995712280273,-4.249998092651367,8.045997619628906,-49.9995231628418,36.65885543823242,4,straight,45.53432113500949,163.92355608603418
640.2330531600871,231.74822998046875,231.36944580078125,4.73974609375,231.71557261304156,231.16933722030242,-0.20275588185925886,-0.16177210220540167,-0.0034939783626659806,286.2066951201663,-2.640093307425956,12.096998691558838,-5.05000114440918,7.046997547149658,-49.9995231628418,37.06831359863281,4,straight,43.67575124392637,157.23270447813493
647.0097826802308,238.41941833496094,230.19296264648438,4.5521392822265625,238.3782227048845,229.9784900693468,-0.21839314614113184,-0.18976752604678082,-0.0052456118862664654,190.6355295972429,-2.707720410660941,11.998002052307129,-5.950004577636719,6.04799747467041,-49.9995231628418,37.610809326171875,5,right,41.809979811097904,150.51592731995245
653.5766105617598,244.84136962890625,228.83226013183594,4.3781890869140625,244.7892319343329,228.61088934370792,-0.22742771386055566,-0.23130660040584647,-0.007425760599065011,134.6663397855718,-2.671574866719295,11.998002052307129,-6.949004650115967,5.048997402191162,-49.9995231628418,38.26860427856445,5,right,39.91889043370148,143.70800556132534
659.938967320561,250.99465942382812,227.22377014160156,4.206817626953125,250.9300345569388,227.0034615495354,-0.229591483201457,-0.285333654882799,-0.009400218906313994,106.38050134431595,-2.593529733971817,11.998002052307129,-7.948004722595215,4.049997329711914,-49.9995231628418,39.02396011352539,5,right,37.997021452700594,136.78927722972213
666.1401185478206,256.8894348144531,225.304931640625,4.052032470703125,256.81240665709345,225.09333226755246,-0.22518355115532487,-0.3491171115042275,-0.010578718158789108,94.52941131333297,-2.6541737756762105,12.04700255393982,-8.947004318237305,3.0999982357025146,-48.04955291748047,39.85913848876953,5,right,36.02531876386738,129.6911475499226
672.2497325035229,262.56170654296875,223.04147338867188,3.8803558349609375,262.4749422774295,222.84481860151283,-0.2149445116469244,-0.4155125299083955,-0.011358120164623307,88.04273819136559,-2.6835300015562282,12.68001914024353,-9.700018882751465,2.9800002574920654,-47.299564361572266,40.75639724731445,5,right,34.76731289412653,125.16232641885553
678.2792434727908,267.99041748046875,220.42225646972656,3.72607421875,267.8968854866934,220.24559236535643,-0.1998960720786974,-0.4869166449443793,-0.011926457079881665,83.84719731116678,-2.4920477117595596,12.580020904541016,-10.200020790100098,2.380000114440918,-47.299564361572266,41.69800567626953,5,right,33.928810243157294,122.14371687536627
684.2779290161225,273.1891174316406,217.43284606933594,3.58056640625,273.09303713278535,217.27924127773775,-0.18117907117003962,-0.5589611328103987,-0.011595520753156521,86.24019751142103,-2.5157491783724617,12.704466581344604,-10.55002212524414,2.154444456100464,-46.09958267211914,42.666221618652344,5,right,34.40956852527401,123.87444669098645
690.2832238705942,278.1699981689453,214.0817413330078,3.424072265625,278.07628345421796,213.95215144570818,-0.15992494066516644,-0.6261035662995116,-0.010445444574410961,95.73551349358358,-2.739247977643605,12.585578918457031,-10.85002326965332,1.735555648803711,-45.59959030151367,43.64330291748047,5,right,36.2544141141819,130.51589081105485
696.3253967090468,282.9610900878906,210.40435791015625,3.250457763671875,282.8743287262052,210.29810360269218,-0.1371769358754641,-0.6847479047832022,-0.009369471989651407,106.7296002490323,-2.6883286445171906,12.510023951530457,-11.00002384185791,1.5100001096725464,-46.049583435058594,44.61151885986328,5,right,38.16530991622496,137.39511569840988
702.4258798579051,287.57936096191406,206.42137145996094,3.0978546142578125,287.50260233981624,206.33727877501266,-0.1138572164079539,-0.7398344251951586,-0.00855909793120778,116.83474216994844,-2.4253972691138714,12.331997990608215,-10.791997909545898,1.540000081062317,-46.049583435058594,45.55312728881836,5,right,40.00214504715594,144.0077221697614
708.5971814914403,292.02899169921875,202.14764404296875,2.9529266357421875,291.96453152955405,202.08373817216233,-0.09076934392583394,-0.7897162479243591,-0.008499173929496381,117.65849343657979,-2.2635892823894,11.682998418807983,-9.792998313903809,1.8900001049041748,-45.59959030151367,46.45038986206055,5,right,40.191664938439274,144.6899937783814
714.8524549865339,296.3099670410156,197.5887908935547,2.81671142578125,296.25862722851537,197.5432809357956,-0.0686070885754013,-0.8455204400255899,-0.0084159052348972,118.82263073179851,-1.9496829077579325,10.593998074531555,-8.793998718261719,1.7999993562698364,-44.580806732177734,47.28556442260742,5,right,40.39000782783272,145.4040281801978
721.1790693779725,300.398193359375,192.76171875,2.70794677734375,300.3607641912717,192.73174325778993,-0.04795281804173232,-0.8955317246801671,-0.00806869766699038,123.93573799289466,-1.6145307573644019,10.593997955322266,-7.794998645782471,2.798999309539795,-42.688785552978516,48.04092025756836,5,right,41.24987475112171,148.49954910403815
727.5759217726752,304.2681884765625,187.66921997070312,2.6114349365234375,304.24442022530405,187.65215846102086,-0.029257902872935268,-0.9482053834853578,-0.008188244884940438,122.12629373593461,-1.442761557113939,10.593997955322266,-6.795998573303223,3.797999382019043,-41.67000198364258,48.69871520996094,5,right,40.94764640185934,147.4115270466936
734.0405493121245,307.90333557128906,182.32420349121094,2.5224761962890625,307.8925537085968,182.3172932961975,-0.012806223418278282,-1.0008383948911441,-0.007763700179904007,128.8045618490595,-1.219880809492624,10.593997955322266,-5.796998500823975,4.796999454498291,-40.80918502807617,49.2412109375,5,right,42.05232168430075,151.3883580634827
740.5751949924495,311.3015594482422,176.7430877685547,2.4530792236328125,311.3027110460334,176.74374976478902,0.0013283133993719888,-1.0490746239852324,-0.006822824862807178,146.56685758581244,-0.6911188447153271,11.383999824523926,-5.588000297546387,5.795999526977539,-39.21051788330078,49.65066909790039,5,right,43.84286622001591,157.83431839205727
747.1796184217427,314.46728515625,170.94686889648438,2.43218994140625,314.47909426735583,170.95302271425342,0.013316327505895668,-1.090405563902133,-0.005806264821943255,172.2277627125725,-0.3048541007223793,11.383999824523926,-4.589000225067139,6.794999599456787,-38.349700927734375,49.90935516357422,5,right,45.581118503620765,164.09202661303476
753.8545024788565,317.4523468017578,164.9766845703125,2.4126129150390625,317.4736407436739,164.98683142223635,0.023587932641278196,-1.126113791408153,-0.005180433934285425,193.0340223782696,-0.10940792905447805,11.383999824523926,-3.5900001525878906,7.793999671936035,-38.349700927734375,49.9995231628418,5,right,47.27301733773704,170.18286241585335
760.6008905594557,320.25067138671875,158.83802795410156,2.4177703857421875,320.2807605961341,158.85113740924731,0.03282100451630607,-1.1599092500718815,-0.00491186590688264,203.58861967277502,0.04365210589667157,11.697999477386475,-2.9050002098083496,8.792999267578125,-36.449729919433594,49.9995231628418,5,right,48.923623007944194,176.1250428285991
767.415736743441,322.8751525878906,152.54881286621094,2.418487548828125,322.91409567679335,152.56428082392443,0.041902528433377786,-1.19271133181066,-0.00486045231832366,205.74216852823562,0.16723219934908495,12.011999130249023,-2.2200002670288086,9.791998863220215,-35.799739837646484,49.9995231628418,5,right,50.536272472511044,181.93058090103978
774.297740800728,325.3081512451172,146.11126708984375,2.440887451171875,325.35697032616923,146.12877318129284,0.05186295318040625,-1.2264884984691673,-0.004352932141947152,229.730206534458,0.28067603449959955,12.878776550292969,-2.087778091430664,10.790998458862305,-35.449745178222656,49.9995231628418,5,right,52.11419583595262,187.61110500942945
781.245343991055,327.56640625,139.5409393310547,2.457244873046875,327.626992573026,139.5608798412076,0.06378343423621238,-1.2528374971213811,-0.002772415637516845,360.6962774512644,0.3759892114241631,13.63222050666809,-1.8422224521636963,11.789998054504395,-36.099735260009766,49.9995231628418,6,straight,53.66011478194425,193.17641321499931
788.2627089102202,329.7131652832031,132.860107421875,2.49359130859375,329.7882088107102,132.88379343726058,0.07869280999910769,-1.265062149870999,-0.0008431869323059088,1185.9766342265837,0.5263727595718498,14.623708963394165,-1.8347113132476807,12.788997650146484,-36.099735260009766,49.9995231628418,6,straight,55.17760721936306,198.63938598970702
795.3489624813614,331.8425750732422,126.10147094726562,2.531494140625,331.93549627304446,126.13084641297685,0.0974539242845063,-1.264605032094996,0.0002950550800118329,3389.1977049163024,0.5731872373612862,15.563821911811829,-1.8168002367019653,13.747021675109863,-35.5997428894043,49.9995231628418,6,straight,56.66877552104458,204.00759187576048
802.5037046031969,334.0123596191406,119.2838134765625,2.5752716064453125,334.12726913478326,119.32061807370883,0.12065974952871468,-1.260828539423969,0.0003728154132463246,2682.292535312335,0.39442224823118543,14.543444395065308,-1.7954223155975342,12.748022079467773,-33.59977340698242,48.35955810546875,6,straight,58.135564359902595,209.28803169564935
809.7244799849324,336.2213134765625,112.40922546386719,2.5879058837890625,336.3627174409679,112.45475972985022,0.14855453721841927,-1.2592661844007265,-3.442819253943186e-05,29045.962806634816,0.2491662015133178,13.526533722877502,-1.7775112390518188,11.749022483825684,-33.59977340698242,44.259647369384766,6,straight,59.5792893881581,214.48544179736916
817.0134072611183,338.4500427246094,105.46943664550781,2.6115264892578125,338.6224383756002,105.52455212631209,0.18099164816325025,-1.2613624282490776,-0.00036943584479279257,2706.8299248571166,0.2774244679316473,12.520022988319397,-1.7700001001358032,10.750022888183594,-32.04979705810547,38.92976379394531,6,straight,61.00199689201256,219.60718881124524
824.3650973179579,340.6769256591797,98.46315002441406,2.6284637451171875,340.8842478760027,98.52867313941235,0.2174299431713299,-1.2646852708435476,-0.00034112099154536,2931.5111786869516,0.2239681561318707,12.530960440635681,-1.7809375524520874,10.750022888183594,-31.24980926513672,33.599876403808594,6,straight,62.404108101336426,224.65478916481115
831.7517805802254,342.8964080810547,91.41781616210938,2.64453125,343.14155376334895,91.49483588121825,0.2569600020998211,-1.2663822194348058,-1.0995308977343465e-05,90947.8762316333,0.2731077611969668,12.505022764205933,-1.8050000667572021,10.70002269744873,-31.24980926513672,29.499967575073242,6,straight,62.99716222195609,226.78978399904193
839.1852959659916,345.1295166015625,84.32769775390625,2.6689910888671875,345.41400615046666,84.417564649579,0.29834604467555176,-1.2648276708657855,0.0004097273966209153,2440.6471430691563,0.28448856341198037,12.459096670150757,-1.8090741634368896,10.650022506713867,-30.999813079833984,27.860002517700195,6,straight,61.5929178334707,221.7345042004945
846.7061663786353,347.4104461669922,77.16107177734375,2.6869964599609375,347.7342493681666,77.26500074311436,0.34007314362787566,-1.2602197450356556,0.0006863203193418488,1457.045597832447,0.24560482732294275,12.469281792640686,-1.8192592859268188,10.650022506713867,-30.199825286865234,26.44988250732422,6,straight,60.138811278936224,216.49972060417042
854.297327069182,349.7511444091797,69.9398193359375,2.70611572265625,350.11266853396086,70.05816218750554,0.38040074042519295,-1.2544455768105898,0.0006027616441181272,1659.0305799285786,0.27086895307198156,12.48252260684967,-1.8325001001358032,10.650022506713867,-29.399837493896484,25.499897003173828,6,straight,58.634557793823504,211.08440805776462
861.9570403409757,352.148193359375,62.66487121582031,2.72833251953125,352.54447141212756,62.79608251556134,0.41743586366423646,-1.251048847350791,0.00010358821730307999,9653.607582358374,0.2559500532257397,12.545763611793518,-1.8457409143447876,10.70002269744873,-28.549850463867188,24.949905395507812,6,straight,57.07655089877823,205.47558323560162
869.6845452051579,354.5742950439453,55.32810974121094,2.745452880859375,355.0010280756012,55.46852992803907,0.44924259501418573,-1.2528979262953348,-0.0008718105497513562,1147.038195724064,0.2014897740838656,12.60594892501831,-1.8559260368347168,10.750022888183594,-27.54986572265625,24.899906158447266,6,straight,55.46042207843018,199.65751948234865
877.4801283387163,356.97802734375,47.912384033203125,2.75958251953125,357.4299890405468,48.055232507855436,0.47399901063392785,-1.2646685410331053,-0.0024413952205291495,409.60185044650797,0.33867802550089365,12.610023021697998,-1.8600001335144043,10.750022888183594,-26.699878692626953,24.899906158447266,6,straight,53.78086912936159,193.61112886570174
885.3373423249442,359.2549285888672,40.39241027832031,2.7986602783203125,359.7260839317871,40.52767293097783,0.49018704834578847,-1.291227860915438,-0.0037264828164040587,268.3495535248353,0.2927932769696995,11.443997263908386,-1.2499998807907104,10.193997383117676,-25.899890899658203,24.749908447265625,6,straight,52.0332087249885,187.3195514099586
893.2382461362085,361.32337951660156,32.76707458496094,2.8055419921875,361.80503719365765,32.88871614150175,0.49678042045229703,-1.3234212343479639,-0.004826971530423482,207.1692351399196,0.033405017668250436,10.84499728679657,-1.6499994993209839,9.194997787475586,-25.199901580810547,24.399913787841797,7,right,50.21453429190052,180.77232345084187
901.1172052722394,363.0943908691406,25.089736938476562,2.803955078125,363.577603306537,25.189416934809813,0.4933866245892066,-1.3673638368218837,-0.0058771206859538905,170.15134679639377,-0.05427990400043159,10.545997142791748,-2.349998950958252,8.195998191833496,-24.899906158447266,23.799922943115234,7,right,48.332810668170296,173.99811840541307
908.9518402506909,364.5029602050781,17.382766723632812,2.7970428466796875,364.9774989332468,17.45693973511865,0.4803005727300575,-1.4157454114941843,-0.0061461147834187685,162.70441331454458,-0.09736586490579624,10.545997142791748,-3.3489990234375,7.196998119354248,-25.049903869628906,22.949935913085938,7,right,47.26329790401332,170.14787245444796
916.7356327668651,365.52992248535156,9.667022705078125,2.78875732421875,365.9857339729232,9.716182961611269,0.45845484295038896,-1.4633594475779808,-0.006185631526858831,161.66498047254635,-0.2032988987414941,10.545997142791748,-4.347999095916748,6.197998046875,-25.599895477294922,21.749954223632812,7,right,47.112085849084785,169.60350905670524
924.4881429362753,366.1806945800781,1.9419097900390625,2.7655181884765625,366.6092325639034,1.967202849533644,0.42928375515460465,-1.5118429745455328,-0.006557950432032833,152.48666643093551,-0.2068982914366052,11.126999378204346,-5.346999168395996,5.78000020980835,-26.59988021850586,20.399974822998047,7,right,45.755182376392156,164.71865655501176
932.2143662024322,366.4355010986328,-5.7801055908203125,2.756683349609375,366.8300385663193,-5.777760404921204,0.3945444376814361,-1.5648522569128016,-0.007138272196757708,140.0899226642285,0.07117955232082418,11.365999698638916,-6.345999240875244,5.020000457763672,-27.69986343383789,18.799999237060547,7,right,43.85587732714076,157.88115837770675
939.892748967817,366.2693328857422,-13.4566650390625,2.77630615234375,366.6250153317142,-13.474814334974441,0.3561451941480442,-1.621778793794958,-0.007001934697793422,142.81767013838882,0.2110915486829984,11.444999694824219,-7.344999313354492,4.100000381469727,-28.49985122680664,17.45001983642578,7,right,44.28078665524905,159.41083195889658
947.5154476006434,365.69915771484375,-21.057998657226562,2.789031982421875,366.01356096029104,-21.08993766071522,0.316021361131845,-1.672035139914749,-0.007237119327521996,138.17652504320418,0.21521335554377796,11.923999071121216,-8.343998908996582,3.580000162124634,-29.049842834472656,16.950027465820312,7,right,43.55534808770231,156.79925311572833
955.0683247912453,364.7230987548828,-28.547515869140625,2.80889892578125,364.9956059004007,-28.59169437097241,0.27606500028506425,-1.7315167102209787,-0.007561223788057181,132.25372347522398,0.22169667727826858,12.382998704910278,-9.342998504638672,3.0400002002716064,-29.349838256835938,16.950027465820312,7,right,42.611645922747776,153.401925321892
962.5584379835202,363.3279724121094,-35.90653991699219,2.8224334716796875,363.56058478216823,-35.95734193206553,0.23809527387144389,-1.7858178247511833,-0.007452717012833246,134.17925278499703,0.14233822514805594,12.510018825531006,-9.600018501281738,2.9100003242492676,-29.349838256835938,17.500019073486328,7,right,42.920724097498486,154.51460675099455
970.0161433780241,361.5399627685547,-43.146728515625,2.8302001953125,361.73629820037866,-43.20151201644346,0.2038353103646038,-1.8429054422592455,-0.006825977438184777,146.49916573206966,0.1670207979806132,12.740018606185913,-9.600018501281738,3.140000104904175,-29.349838256835938,18.25000762939453,7,right,44.84788134435072,161.4523728396626
977.3607904740977,359.400634765625,-50.172882080078125,2.847015380859375,359.56682587701636,-50.227264887521606,0.17486273259596288,-1.88704435011693,-0.005329474901606873,187.63574619677695,0.0559286724624547,12.360016822814941,-9.100016593933105,3.260000228881836,-29.199840545654297,19.04999542236328,7,right,46.73538040226339,168.2473694481482
984.6970835530957,356.9921569824219,-57.10255432128906,2.83843994140625,357.13541477781035,-57.154906304409,0.15252385412174146,-1.9211585027197142,-0.0038567695842619265,259.2843513599143,-0.23615921016046093,12.889998197555542,-9.390000343322754,3.499997854232788,-28.799846649169922,19.84998321533203,7,right,48.54752807095164,174.77110105542593
992.0883495608555,354.37290954589844,-64.01411437988281,2.812103271484375,354.5012532395521,-64.0643319120329,0.13781837408674352,-1.9437576070378115,-0.0031454803685187493,317.9164651632889,-0.4375377474536174,12.669997692108154,-8.720000267028809,3.9499974250793457,-28.749847412109375,20.549972534179688,7,right,50.307285982328956,181.10622953638423
999.5461341277282,351.583251953125,-70.93038940429688,2.7733612060546875,351.7043247798638,-70.98116214760309,0.1312878548737951,-1.9678776515390142,-0.003574529368453233,279.757108397383,-0.7079961343354785,12.912961959838867,-8.6629638671875,4.249998092651367,-28.84984588623047,21.049964904785156,7,right,52.02258300163849,187.28129880589856
1007.0661144167042,348.57725524902344,-77.82310485839844,2.7058258056640625,348.6982888525476,-77.87810768423981,0.1329452670559531,-1.9973385766766258,-0.003923229265202888,254.8920627375789,-0.9601898468680731,12.857035636901855,-8.557037353515625,4.2999982833862305,-29.099842071533203,21.29996109008789,7,right,53.19075734377769,191.48672643759969
1014.6505137379734,345.3392791748047,-84.68113708496094,2.6282501220703125,345.4669929192488,-84.74383157874021,0.14227227442542134,-2.02713631283859,-0.00408680009392387,244.69021655518935,-1.1437386995046206,12.799999237060547,-8.500000953674316,4.2999982833862305,-29.249839782714844,21.29996109008789,8,right,51.48544015306872,185.34758455104742
1022.2966138747579,341.86366271972656,-91.49095153808594,2.5314788818359375,342.00341464239267,-91.56527932606423,0.15828840751808665,-2.059602157650181,-0.0048793893050153025,204.94367993391006,-1.0786593111960645,11.950009822845459,-8.000012397766113,3.9499974250793457,-29.249839782714844,19.799983978271484,8,right,49.70706429452323,178.94543146028363
1029.9943131395707,338.110595703125,-98.21139526367188,2.4629364013671875,338.26550363708543,-98.30242374587584,0.17967373925048646,-2.1020702619426324,-0.005635481520751939,177.44712609164418,-1.027520010043964,11.950012922286987,-8.650014877319336,3.2999980449676514,-29.14984130859375,19.649986267089844,8,right,47.84996863939622,172.2598871018264
1037.6906147404395,334.07794189453125,-104.7659912109375,2.3733062744140625,334.24983507856035,-104.8775220875635,0.20490583973287865,-2.1463544338573004,-0.00593471170342591,168.5001816386015,-1.3217677700620933,12.14901328086853,-9.649014472961426,2.4999988079071045,-27.749862670898438,18.999996185302734,8,right,45.91818433001481,165.30546358805333
1045.3649080204468,329.7574768066406,-111.10755920410156,2.2598419189453125,329.9462767353191,-111.24305501797849,0.23238874466538878,-2.193282366337,-0.006478976747513271,154.34536022741787,-1.7718727601810786,12.928014278411865,-10.648014068603516,2.2800002098083496,-26.649879455566406,18.10000991821289,8,right,43.90737742679124,158.06655873644848
1053.012016824779,325.15968322753906,-117.21604919433594,2.10198974609375,325.3631262665439,-117.37882511885063,0.2605476381031506,-2.2456016850928813,-0.00785485469138289,127.3098025730562,-1.7367546308043658,14.327013969421387,-11.647013664245605,2.6800003051757812,-25.899890899658203,17.500019073486328,8,right,41.80760392039092,150.5073741134073
1060.6255017829,320.2247314453125,-123.01258850097656,1.9945831298828125,320.4368868089081,-123.20719724629465,0.28789314346936545,-2.3130841311456876,-0.007912914022767642,126.37569384966442,-1.2403062540767924,14.499999284744263,-11.289999008178711,3.2100002765655518,-25.899890899658203,17.200023651123047,8,right,41.65394431896139,149.95419954826102
1068.2233877747944,314.9342041015625,-128.4652557373047,1.91326904296875,315.1533972348029,-128.6887890984223,0.31306994936001586,-2.3659975828436957,-0.006679396180209296,149.71413178977886,-1.2558586746687403,14.139997959136963,-10.290999412536621,3.848998546600342,-26.07000160217285,17.200023651123047,8,right,43.74785272578441,157.49226981282388
1075.8327864625858,309.3768005371094,-133.66200256347656,1.803558349609375,309.5993747691566,-133.91224872237956,0.33490659715377324,-2.414653046888156,-0.006764636647949851,147.82759992039908,-1.2957882935611313,14.139998435974121,-9.291999816894531,4.84799861907959,-25.549896240234375,16.800029754638672,8,right,45.05075965911268,162.18273477280565
1083.468158646863,303.5356750488281,-138.57855224609375,1.7158050537109375,303.7552330893247,-138.85429216713723,0.3524744490083848,-2.4691421982679564,-0.00651528777499355,153.48516205809344,-1.0975231028511347,14.13999891281128,-8.293000221252441,5.846998691558838,-25.549896240234375,19.04999542236328,8,right,45.904742350826915,165.2570724629769
1091.1375724511472,297.4324645996094,-143.2222900390625,1.6356201171875,297.6467828856281,-143.5179271532403,0.3651487792686585,-2.514325749611731,-0.005743125568715618,174.12121466528168,-0.6887616861775316,14.13999891281128,-7.294000148773193,6.845998764038086,-25.549896240234375,21.44995880126953,8,right,47.83045459554909,172.18963654397675
1098.8495332015516,291.09397888183594,-147.6151580810547,1.61016845703125,291.2994860999575,-147.92602328216458,0.3726531765075221,-2.557466711877438,-0.005622000598091953,177.87262426464156,0.22045086079650889,14.13999891281128,-6.295000076293945,7.844998836517334,-21.44995880126953,22.499942779541016,8,right,49.4172884630752,177.90223846707073
1106.6037002493158,284.5347442626953,-151.7503662109375,1.6701812744140625,284.727682123949,-152.07200625458512,0.37506977481900733,-2.6012786966282255,-0.004983664074520416,200.65557891684966,0.6194722844793457,14.13999891281128,-5.296000003814697,8.843998908996582,-20.549972534179688,23.24993133544922,8,right,51.23055889322585,184.43001201561304
1114.392179621047,277.79002380371094,-155.64495849609375,1.7063446044921875,277.97094759219925,-155.97091767037793,0.3728039706615164,-2.6348802038757277,-0.004879393198215898,204.94351641217193,0.4573597929885681,14.139998435974121,-4.296999931335449,9.842998504638672,-20.64997100830078,23.24993133544922,8,right,52.989428223619974,190.76194160503192
1122.225517553689,270.8642272949219,-159.3046417236328,1.7416229248046875,271.0282631315693,-159.6323933582684,0.3665090581566979,-2.6775545340682854,-0.005104740680830999,195.8963368609765,0.6094032377058606,14.139997959136963,-3.297999858856201,10.841998100280762,-20.64997100830078,21.79995346069336,8,right,51.86059714878699,186.69814973563317
1130.0984146757628,263.75782775878906,-162.6925506591797,1.80218505859375,263.9055302336159,-163.0175513952844,0.35698949499751637,-2.7150292513673855,-0.003799642001760528,263.1826891945766,0.9475635454165978,14.139997482299805,-2.298999786376953,11.840997695922852,-20.699970245361328,23.69992446899414,9,straight,53.61732675523851,193.02237631885865
1138.0215030028146,256.5061950683594,-165.8833465576172,1.8914794921875,256.64189409999943,-166.20065752194205,0.3451093671125586,-2.737476916987851,-0.0019298485878327942,518.175366868026,1.0050327831763934,14.070026397705078,-2.4200000762939453,11.650026321411133,-20.99996566772461,23.69992446899414,9,straight,55.328972684480355,199.1843016641293
1146.0023694011886,249.15283203125,-168.98452758789062,1.961883544921875,249.28078166311826,-169.2905848069558,0.3317259857730828,-2.745616707926644,-0.0003727079142693268,2683.0661805517184,1.1133550767853106,13.110024690628052,-1.9100000858306885,11.200024604797363,-21.349960327148438,23.24993133544922,9,straight,57.001162888466126,205.20418639847807
1154.0369723565152,241.7428436279297,-172.08859252929688,2.070037841796875,241.8660226916098,-172.38139329940725,0.31765606039605065,-2.7433762178297396,0.0007127486927937521,1403.0190586254357,1.0722719803045067,12.410022974014282,-1.6600000858306885,10.750022888183594,-21.749954223632812,23.24993133544922,9,straight,58.63646190221487,211.09126284797352
1162.1293267839058,234.29827880859375,-175.2604217529297,2.134490966796875,234.41863451412362,-175.53922509917098,0.3036721945271435,-2.734071944034264,0.001229204367988207,813.5343690949153,0.8349560428492719,11.75002110004425,-1.399999737739563,10.350021362304688,-22.149948120117188,20.699970245361328,9,straight,60.238658638110316,216.85917109719713
1170.2815298584903,226.8329620361328,-178.53492736816406,2.205718994140625,226.95094223443866,-178.80040460856765,0.2905124650760881,-2.723398792476733,0.0012318388482928933,811.7944984328266,0.7077090885225151,11.850019335746765,-1.8499993085861206,10.000020027160645,-22.399944305419922,20.699970245361328,9,straight,60.0732178733876,216.26358434419535
1178.4905588555362,219.3468780517578,-181.9031219482422,2.250091552734375,219.46254467714186,-182.1568884277835,0.27888383668927824,-2.7139263696629623,0.0011596877750803813,862.3010619653096,0.4908085806023227,11.85001802444458,-2.1499991416931152,9.700018882751465,-22.59994125366211,19.649986267089844,9,straight,58.442998960954974,210.3947962594379
1186.7582342763862,211.84054565429688,-185.36839294433594,2.286529541015625,211.9546548759775,-185.61248248625932,0.269445020271169,-2.7042902788479015,0.0011282616544579516,886.3192292752587,0.4944803072228027,11.900017261505127,-2.349998950958252,9.550018310546875,-22.74993896484375,19.499988555908203,9,straight,56.753823215287206,204.31376357503393
1195.08293426028,204.315185546875,-188.9275360107422,2.3321990966796875,204.42862232907947,-189.16455330408183,0.2627643448014874,-2.695210091977984,0.0010580474477452084,945.1371978932394,0.5403355819328215,11.850016832351685,-2.399998903274536,9.450017929077148,-22.74993896484375,19.499988555908203,9,straight,55.00060584865544,198.00218105515958
1203.46359755286,196.77154541015625,-192.57815551757812,2.3767852783203125,196.8854750495276,-192.81104319080413,0.2592617038205019,-2.686618884733571,0.00093946684611107,1064.4335179463835,0.54470428058781,11.800016641616821,-2.399998903274536,9.400017738342285,-20.749969482421875,19.299991607666016,9,straight,53.17724783863414,191.4380922190829
1211.8993506448242,189.20803833007812,-196.31353759765625,2.4238128662109375,189.32359271300237,-196.54550170957776,0.25915278241327266,-2.679421094848066,0.0006620491373746651,1510.4619031231857,0.5978450066030927,11.8000168800354,-2.349998950958252,9.450017929077148,-22.59994125366211,19.39999008178711,9,straight,51.27646770546088,184.59528373965918
1220.3546224469028,181.64791870117188,-200.09947204589844,2.477783203125,181.76586146853055,-200.33388982447215,0.262416065216408,-2.675443668820468,0.00038640504812112453,2587.9579080616327,0.5688258389454443,11.800017356872559,-2.2499990463256836,9.550018310546875,-22.59994125366211,19.799983978271484,9,straight,49.29780118246981,177.47208425689132
1228.6541426627102,174.23898315429688,-203.8395233154297,2.5193328857421875,174.3603994853682,-204.07933630830522,0.268797687867158,-2.672921032508052,0.0002466139355822572,4054.9208934158287,0.6091690701927638,11.800017833709717,-2.1499991416931152,9.650018692016602,-22.44994354248047,19.799983978271484,9,straight,47.275110001013076,170.19039600364707
1236.580722089741,167.17127990722656,-207.42770385742188,2.575836181640625,167.2971656802472,-207.67540910860643,0.2778580920423354,-2.6714002817131637,7.667745095341072e-05,13041.643763139711,0.6648551304864081,11.750018239021301,-1.9999991655349731,9.750019073486328,-22.24994659423828,21.199962615966797,9,straight,45.25899213721478,162.9323716939732
1244.110594953972,160.45819091796875,-210.83816528320312,2.622467041015625,160.5890830877603,-211.09587887531762,0.2890485351516233,-2.671646774830077,-0.00014637859105906537,6831.600118329387,0.6583662031216381,11.750018954277039,-1.8499993085861206,9.900019645690918,-22.09994888305664,21.199962615966797,9,straight,43.2568327867268,155.72459803221648
1251.200359607773,154.13526916503906,-214.0448760986328,2.6717529296875,154.27145354813447,-214.31420677767673,0.301803248612976,-2.6734431763287754,-0.0006801928313818206,1470.1713306335307,0.692660994317229,11.750019669532776,-1.699999451637268,10.050020217895508,-21.949951171875,21.249961853027344,9,straight,41.28303726032725,148.6189341371781
1257.8848242013476,148.16053771972656,-217.04196166992188,2.7178955078125,148.30091604046814,-217.32464838955187,0.3156229623924604,-2.6806798210989977,-0.0018687586443120185,535.114581566604,0.6758865214786663,11.750019907951355,-1.6499994993209839,10.100020408630371,-21.849952697753906,21.29996109008789,9,straight,39.33146163241051,141.59326187667784
1264.1412978058893,142.53695678710938,-219.78369140625,2.75933837890625,142.67895152017502,-220.08172817944953,0.3301339461454623,-2.69697527752961,-0.0038865943961506055,257.2946641899213,0.6361095228617331,11.750019907951355,-1.6499994993209839,10.100020408630371,-21.79995346069336,21.29996109008789,9,straight,37.41272192241872,134.68579892070738
1269.982180196222,137.23191833496094,-222.227294921875,2.7950592041015625,137.3710413299176,-222.54312480458256,0.3451140717744988,-2.7266671367353705,-0.006615322050396,151.16422033302808,0.540415931947763,11.700019240379333,-1.7499994039535522,9.950019836425781,-21.949951171875,21.199962615966797,10,right,35.528031008495994,127.90091163058558
1275.4918385135823,132.1461639404297,-224.346435546875,2.821136474609375,132.27669460533417,-224.68245918296404,0.3604859754427366,-2.7710767499576927,-0.008368400739282633,119.49714541105058,0.3417460222763402,11.092998504638672,-2.049999237060547,9.042999267578125,-22.299945831298828,20.949966430664062,10,right,33.65361629260067,121.15301865336241
1280.7000054830285,127.25294494628906,-226.1300506591797,2.83245849609375,127.37324384903856,-226.4865868255235,0.37628428603100794,-2.8161775095128263,-0.010374527526536892,96.38993172866049,0.18525423520716622,10.593998432159424,-2.5499987602233887,8.043999671936035,-22.949935913085938,20.549972534179688,10,right,31.780287602590853,114.40903536932707
1285.5656946403838,122.60548400878906,-227.5708770751953,2.8400115966796875,122.70912243465521,-227.94955906480467,0.3926079120070417,-2.874452234452707,-0.013822292808019332,72.34689742788738,0.02674217085635866,10.344997644424438,-3.2999980449676514,7.044999599456787,-23.899921417236328,20.04998016357422,10,right,29.92437158443669,107.7277377039721
1290.2107380698958,118.0869140625,-228.6474151611328,2.8355560302734375,118.16617488529174,-229.0492421614659,0.40956954992566424,-2.946841646767004,-0.017266175214576962,57.916706367936676,-0.30625984746853185,10.34499740600586,-4.29899787902832,6.045999526977539,-25.387130737304688,19.349990844726562,10,right,28.038232083499555,100.9376355005984
1294.6740077330905,113.6778564453125,-229.340576171875,2.8128662109375,113.72496087641893,-229.76522417557584,0.4272525652081831,-3.031118460424118,-0.02015769832200165,49.608838470834925,-0.3349424416099589,10.34499740600586,-5.297997951507568,5.046999454498291,-29.849342346191406,18.500003814697266,10,right,26.09779918127233,93.95207705258039
1299.0254345304336,109.33607482910156,-229.6300506591797,2.8056488037109375,109.34380650058387,-230.07566810309297,0.4456845129278163,-3.1242439256983334,-0.022508861962450943,44.42694622536625,-0.07137989338989459,10.34499740600586,-6.296998023986816,4.047999382019043,-34.199764251708984,17.400020599365234,10,right,24.697192493912805,88.9098929780861
1303.2859972341714,105.0772705078125,-229.50765991210938,2.806549072265625,105.0386540193806,-229.9708817158593,0.4648286486955572,3.058419967585876,-0.02404163514743468,41.59450860424122,0.13836773634045008,10.34499740600586,-7.2959980964660645,3.048999309539795,-38.33405685424805,16.05004119873047,10,right,23.896943380384343,86.02899616938363
1307.4695859789922,100.92979431152344,-228.95925903320312,2.8171539306640625,100.84037240931613,-229.43552856626272,0.48459152356926666,2.9559985456628692,-0.02474422759380407,40.41346597743059,0.40483781780251693,11.164998292922974,-8.294998168945312,2.870000123977661,-42.516632080078125,15.867039680480957,10,right,23.555233018983223,84.7988388683396
1311.6035903849443,96.90809631347656,-228.0024871826172,2.8400726318359375,96.76423968859335,-228.486397229675,0.5048402342982037,2.8526334285115618,-0.025522237217158794,39.18151812050757,0.6380639957924539,11.61399793624878,-9.293997764587402,2.320000171661377,-46.649574279785156,19.999980926513672,10,right,23.19343028849044,83.49634903856558
1315.6894832227006,93.05473327636719,-226.6440887451172,2.8695220947265625,92.85238470090268,-227.12898279385493,0.5254209593209997,2.746257989928191,-0.026510405788468194,37.721037089330096,0.9215322097216372,11.384997844696045,-8.644997596740723,2.7400002479553223,-49.9995231628418,23.099933624267578,10,right,22.757060700382873,81.92541852137835
1319.6836892034985,89.4503173828125,-224.9236602783203,2.9141693115234375,89.18699425582359,-225.40216159225028,0.5461708310042958,2.638512963504538,-0.027257588108042463,36.68703173722645,1.247214937385116,11.195998191833496,-7.645998001098633,3.5500001907348633,-49.9995231628418,26.729429244995117,10,right,22.442986247382954,80.79475049057864
1323.6246159083848,86.10003662109375,-222.84915161132812,2.968353271484375,85.77452670813317,-223.31330431810585,0.5669166064287663,2.5299952879605097,-0.02737087773549468,36.53518201585459,1.3783976403055564,11.195998191833496,-6.646997928619385,4.549000263214111,-48.3995475769043,30.668983459472656,10,right,22.396491685129895,80.62737006646762
1327.5544776545532,83.00027465820312,-220.4341278076172,3.0226593017578125,82.61356835408942,-220.87636001886494,0.5874615683654251,2.4230789243345083,-0.028497772920114073,35.09046137756919,1.8283898495640105,10.495996475219727,-5.647997856140137,4.84799861907959,-48.3995475769043,34.597469329833984,10,right,21.9492100608581,79.01715621908916
1331.5045400427457,80.17457580566406,-217.67544555664062,3.11260986328125,79.72369721478064,-218.08268410022362,0.6075645933533372,2.305382681549886,-0.027179252198877513,36.79277092256789,2.0375955524735145,10.495996475219727,-4.648997783660889,5.846998691558838,-44.451507568359375,38.54550552368164,10,right,22.475305509712665,80.9110998349656
1335.4825383302557,77.65084838867188,-214.60133361816406,3.1840667724609375,77.14685906787766,-214.97419230613983,0.6269201198507147,2.207746885788998,-0.023979703816905118,41.70193291941429,1.988205099691237,11.23599910736084,-4.390000343322754,6.845998764038086,-40.47515106201172,42.5218620300293,10,right,23.927782276045637,86.1400161937643
1339.5122122862053,75.40277099609375,-211.2581787109375,3.2720184326171875,74.85029349311019,-211.59132338143564,0.6451486361950042,2.1134197673795057,-0.021761039103558033,45.95368793011797,2.2010559969525056,13.014999389648438,-5.1700005531311035,7.844998836517334,-36.44743728637695,46.54957580566406,10,right,25.117970205330046,90.42469273918817
1343.6499429624105,73.41510009765625,-207.6302947998047,3.3638763427734375,72.82196266744623,-207.92385386293105,0.6618073244228944,2.0303764045238615,-0.015420461463496016,64.8489023734629,2.8942499658111798,13.88711929321289,-5.043120384216309,8.843998908996582,-32.31172561645508,46.6995735168457,10,right,26.986994847922304,97.1531814525203
1347.9109183373646,71.6192626953125,-203.76927185058594,3.51678466796875,71.0000575959298,-204.0415504369341,0.676424854426042,1.9850709204678754,-0.007471360251212256,133.8444361370135,3.671995256284527,14.583559036254883,-4.740560531616211,9.842998504638672,-28.054494857788086,47.59955978393555,10,right,28.78513569375156,103.62648849750562
1352.2922998843935,69.89530944824219,-199.7446746826172,3.681427001953125,69.25998495781475,-200.01013231298322,0.6885528023735137,1.9665782775732967,-0.0036622593709870754,273.05548261331194,3.8189931401707122,14.529460906982422,-4.3794403076171875,10.150020599365234,-23.7342586517334,49.049537658691406,11,straight,30.523827704652327,109.88577973674838
1356.7984480448486,68.18621826171875,-195.57888793945312,3.856353759765625,67.5386598863565,-195.83893427630403,0.6978222888467891,1.9526638235219314,-0.002725306441593245,366.9312135832287,4.20615675276631,14.376901626586914,-4.07688045501709,10.300021171569824,-22.919973373413086,49.9995231628418,11,straight,32.2142915582796,115.97144960980656
1361.4226310648064,66.48825073242188,-191.28285217285156,4.0662384033203125,65.83215582314237,-191.53807151730769,0.7039868207339428,1.94178204133799,-0.0019365950491811446,516.3702140118723,4.6988143738738,14.300021648406982,-3.950000286102295,10.350021362304688,-21.806562423706055,49.9995231628418,11,straight,33.861411181346995,121.90108025284918
1366.1541939455094,64.79209899902344,-186.8717498779297,4.2963104248046875,64.13144329937482,-187.12332290943897,0.7069334789504291,1.9346360483682195,-0.0011433895944858996,874.5925315593137,4.796014383935193,14.312521696090698,-3.9625003337860107,10.350021362304688,-20.59344482421875,49.9995231628418,11,straight,35.467690112128274,127.68368440366179
1370.9889631322326,63.08280944824219,-182.35499572753906,4.52490234375,62.42148633672118,-182.60401343075173,0.7066527254211471,1.9309205538943115,-0.0006439686992860683,1552.8705061420587,4.573173279062259,14.34002161026001,-3.9900002479553223,10.350021362304688,-19.48003387451172,49.9995231628418,11,straight,37.03711619548572,133.3336183037486
1375.9239031904704,61.351898193359375,-177.73870849609375,4.7427825927734375,60.69320550537565,-177.9848192283389,0.7031689339905888,1.9283698676129042,-0.000482756166581666,2071.439101608729,4.398218460645703,14.3675217628479,-4.017500400543213,10.350021362304688,-18.665748596191406,49.9995231628418,11,straight,38.573261825920206,138.86374257331275
1380.9556552177069,59.59747314453125,-173.0278778076172,4.963226318359375,58.944529260740445,-173.2701647040956,0.6964471663988276,1.9261157404404958,-0.0002026234905166957,4935.261935573074,4.227880409080031,13.808021306991577,-3.508000135421753,10.300021171569824,-18.350006103515625,49.9995231628418,11,straight,40.07896758068938,144.28428329048177
1386.0782126472486,57.81683349609375,-168.2292938232422,5.17181396484375,57.17345615125103,-168.46820772782925,0.6863047877305769,1.9263573275557293,0.00019956200902748744,5010.973806453618,4.141910636306095,12.759021043777466,-2.509000062942505,10.250020980834961,-17.30002212524414,49.9995231628418,11,straight,41.55584133540492,149.6010288074577
1391.2770924831934,56.00599670410156,-163.36090087890625,5.390838623046875,55.37612893868119,-163.59611892601407,0.6723547661769541,1.9281989436577838,0.0006752937480988264,1480.8370473076766,4.3074666365958585,11.760021090507507,-1.5100001096725464,10.250020980834961,-17.30002212524414,49.9995231628418,11,straight,43.0028903325922,154.81040519733193
1396.5037052684233,54.16831970214844,-158.47341918945312,5.620941162109375,53.55684405470467,-158.70541061085035,0.6540049594755972,1.9334154529499985,0.0011142742193634425,897.4451554405301,4.292362596516208,11.700020432472229,-1.4999996423721313,10.200020790100098,-16.05004119873047,49.9995231628418,11,straight,44.41015566743278,159.87656040275803
1401.8464121497705,52.25984191894531,-153.4882049560547,5.8442535400390625,51.671808054596596,-153.71574534581785,0.6305223664505956,1.9400033457058372,0.0011506518706611568,869.0725887625827,4.072910915744377,11.750020623207092,-1.4999996423721313,10.250020980834961,-14.700037956237793,49.9995231628418,11,straight,45.80401359986614,164.89444895951812
1407.2912811896817,50.28202819824219,-148.4198455810547,6.060089111328125,49.72265484097481,-148.64003940773404,0.6011521222854224,1.945811197828642,0.0007420910507587863,1347.5435379223377,3.7914520247734784,11.750020861625671,-1.4499996900558472,10.300021171569824,-13.700034141540527,49.9995231628418,11,straight,47.18217758630172,169.8558393106862
1412.831669768467,48.247344970703125,-143.27049255371094,6.2604217529296875,47.72184075120582,-143.47874006955323,0.5652625165035812,1.9480928568461093,0.00024047928416526254,4158.36234489445,3.442283373700372,11.75002110004425,-1.399999737739563,10.350021362304688,-13.350032806396484,49.9995231628418,11,straight,46.195374841952045,166.30334943102736
1418.4635878784786,46.17207336425781,-138.03810119628906,6.4443511962890625,45.6864180805576,-138.23076718885014,0.5224760657441482,1.9484662810480575,-5.5948588376208974e-05,17873.55193442611,3.091961056342951,11.800021529197693,-1.3499997854232788,10.450021743774414,-13.000031471252441,49.9995231628418,11,straight,44.737680510146554,161.0556498365276
1424.1898837168849,44.06367492675781,-132.71670532226562,6.6112823486328125,43.6240632203456,-132.89058025596034,0.4727482892428099,1.9474341114315739,-0.00018597368683376247,5377.104777698345,2.784327766167971,11.800021767616272,-1.2999998331069946,10.500021934509277,-12.700030326843262,49.9995231628418,11,straight,43.205163900013744,155.53859004004948
1430.013063296401,41.925445556640625,-127.30250549316406,6.7656707763671875,41.53808846138493,-127.45521264240436,0.4163712197955411,1.9463172642405322,-0.00031035809498169975,3222.0844765108027,2.460406888939304,11.850022196769714,-1.2499998807907104,10.600022315979004,-12.350028991699219,49.9995231628418,11,straight,41.588845451283476,149.71984362462052
1435.9235712841771,39.763763427734375,-121.80311584472656,6.8996429443359375,39.434191923114746,-121.93207387769907,0.3539033073106064,1.9437716030955727,-0.0011899088074786013,840.4005363394064,2.2859210389321816,11.850022435188293,-1.1999999284744263,10.650022506713867,-12.050027847290039,49.9995231628418,11,straight,39.88135637601564,143.5728829536563
1441.824837282106,37.63816833496094,-116.29963684082031,7.035675048828125,37.370602990555085,-116.40080156082853,0.2860515934256679,1.9322763525549087,-0.003281075256171717,304.7781358013644,1.8812826929467397,11.950022339820862,-1.2999998331069946,10.650022506713867,-11.700026512145996,49.9995231628418,11,straight,38.10027068032651,137.16097444917543
1447.5373281890002,35.67997741699219,-110.93391418457031,7.1197052001953125,35.47832596041241,-111.00419583503478,0.2135481686476205,1.906161271599912,-0.006757078430410068,147.99295439572288,1.340719828885617,11.841997981071472,-1.4499996900558472,10.391998291015625,-11.650026321411133,49.9995231628418,12,right,36.29299751231805,130.654791044345
1452.9904596426509,33.99395751953125,-105.74839782714844,7.18603515625,33.86250907852297,-105.78721478853188,0.13706002019024444,1.8579372931066795,-0.01070432701201568,93.42016540390566,0.8891583061915398,11.142998099327087,-1.7499994039535522,9.392998695373535,-11.800026893615723,49.9995231628418,12,right,34.479515435418456,124.12625556750645
1458.3037395809183,32.644012451171875,-100.60955810546875,7.216339111328125,32.58825040394406,-100.62206456799221,0.05714733166026043,1.7914279281209053,-0.012906108813142858,77.48268780917576,0.21025779381179666,10.693998098373413,-2.2999989986419678,8.393999099731445,-12.300028800964355,49.9995231628418,12,right,32.61569929597393,117.41651746550616
1463.5300785050385,31.66796875,-95.47517395019531,7.2088165283203125,31.693388505195195,-95.47130137884416,-0.02571304655332366,1.721978832025309,-0.012825990002428789,77.96669105547684,-0.18852160398534767,10.644997119903564,-3.249998092651367,7.394999027252197,-13.250032424926758,49.9995231628418,12,right,32.717409298030745,117.78267347291069
1468.6603957744512,31.053848266601562,-90.38175964355469,7.1968994140625,31.164484365445837,-90.37203087209048,-0.11106302427758286,1.6585055936856066,-0.012758254619132436,78.38062727642915,-0.24142408623126776,10.644997119903564,-4.248998165130615,6.395998954772949,-14.600037574768066,49.9995231628418,12,right,32.80414501054023,118.09492203794484
1473.6646634106248,30.771438598632812,-85.38548278808594,7.1843719482421875,30.96976779155396,-85.38112300421824,-0.19837710674401385,1.5927753493641448,-0.013751965835940017,72.71687640370327,-0.6850905085714842,10.644997119903564,-5.247998237609863,5.396998882293701,-16.35003662109375,49.9995231628418,12,right,31.596717208883064,113.74818195197903
1478.6042687811469,30.831436157226562,-80.44654846191406,7.12933349609375,31.118063182250452,-80.46059272665403,-0.2869708919840671,1.5218370859707677,-0.014415617599515596,69.36920968502957,-1.093891269287428,10.644997119903564,-6.246998310089111,4.397998809814453,-18.500003814697266,49.9995231628418,12,right,30.860839007077775,111.09902042547999
1483.4709737632265,31.2301025390625,-75.59648132324219,7.0770721435546875,31.603337316157127,-75.6412498787057,-0.37591012541718516,1.4514192164789497,-0.015477100026800805,64.61158733020768,-1.2166490794707219,10.644997358322144,-7.245998382568359,3.398998975753784,-19.84998321533203,49.47066879272461,12,right,29.783762556945245,107.22154520500288
1488.261519551465,31.972213745117188,-70.86421203613281,7.012054443359375,32.427044341464175,-70.95559336046743,-0.46391962429984207,1.3725231534655546,-0.017078375823867287,58.55357736082169,-1.3172237161003686,11.36499810218811,-8.24499797821045,3.120000123977661,-21.849952697753906,48.148536682128906,12,right,28.353134133561017,102.07128288081967
1493.0077641046091,33.08927917480469,-66.25169372558594,6.951416015625,33.61684760111028,-66.40465359347556,-0.5492951534643002,1.2886000590375106,-0.018133954658522633,55.14516931528876,-1.3916157531047468,11.623997688293457,-9.243997573852539,2.380000114440918,-24.449913024902344,46.42976379394531,12,right,27.51554332612909,99.05595597406473
1497.7170213084935,34.58137512207031,-61.78562927246094,6.88055419921875,35.1686553457561,-62.013214693755,-0.6298358398170343,1.2010908162949336,-0.019257236412508538,51.9285311027521,-1.5205471839901397,12.252997398376465,-10.242997169494629,2.010000228881836,-28.936805725097656,44.71099090576172,12,right,26.70099064368821,96.12356631727756
1502.407988685418,36.46794128417969,-57.49134826660156,6.8084869384765625,37.09671614123324,-57.80537923549247,-0.7028323201769214,1.1076023497523833,-0.01986410981988429,50.34204950875695,-1.5668674656685422,12.7000230550766,-10.750022888183594,1.9500001668930054,-33.626220703125,43.388858795166016,12,right,26.28995252451156,94.64382908824162
1507.0830638946481,38.7353515625,-53.40361022949219,6.7338104248046875,39.385351106364695,-53.80729412216939,-0.7651536396249654,1.015040644058026,-0.019786197160562624,50.540282798413436,-1.3287488592395813,12.720022201538086,-10.55002212524414,2.1700000762939453,-38.29970169067383,42.86000442504883,12,right,26.341663008000946,94.82998682880341
1511.7848041079517,41.3917236328125,-49.52449035644531,6.6840362548828125,42.03993695387378,-50.015961946099274,-0.8134647091535565,0.9220715145468472,-0.01896565311190901,52.72689498744839,-1.3043522152408893,12.740021467208862,-10.350021362304688,2.390000104904175,-42.499637603759766,43.255489349365234,12,right,26.905462022052788,96.85966327939003
1516.5355142648193,44.41615295410156,-45.86161804199219,6.6102752685546875,45.04270975615392,-46.427942739612455,-0.8445691737997354,0.8358482664456248,-0.017888860032222786,55.90071129176053,-1.5932053833129234,12.682661056518555,-10.250020980834961,2.4326400756835938,-42.499637603759766,44.275421142578125,12,right,27.70339680517681,99.73222849863652
1521.3475808189253,47.782196044921875,-42.42366027832031,6.5316314697265625,48.366207470136516,-43.04925200129187,-0.8558237836329151,0.7510365369288775,-0.017814513401115173,56.13400587957687,-1.601745550128575,12.584340333938599,-10.050020217895508,2.534320116043091,-40.49966812133789,45.67001724243164,12,right,27.76114493788996,99.94012177640386
1526.2255576485193,51.48307800292969,-39.246826171875,6.455108642578125,52.00362514241044,-39.91313106033173,-0.845536237427425,0.6631996798593387,-0.017641845878901052,56.68341095735114,-1.4921117405646944,12.505699634552002,-9.850019454956055,2.6556801795959473,-38.049705505371094,47.189510345458984,12,right,27.89666863428088,100.42800708341116
1531.1684804634508,55.49932861328125,-36.36631774902344,6.38519287109375,55.94351789598471,-37.047521830979704,-0.8132300536394915,0.5778254619783548,-0.016809304948389614,59.49085956084122,-1.3923011021446996,12.657379865646362,-9.900019645690918,2.7573602199554443,-37.699710845947266,48.584110260009766,12,right,28.579161168187788,102.88498020547604
1536.1777251882072,59.79844665527344,-33.79621887207031,6.3165740966796875,60.159985614778506,-34.46439369205663,-0.7597157424351245,0.4959724476545613,-0.015887661875064407,62.941923604850516,-1.3476692516639854,12.750020027160645,-9.950019836425781,2.8000001907348633,-38.62006759643555,49.60403823852539,12,right,29.39641442705743,105.82709193740675
1541.2333214941982,64.33369445800781,-31.563262939453125,6.24957275390625,64.61252349711548,-32.19107395421649,-0.6869441777232788,0.41796083439555937,-0.014856806282737112,67.30921713382986,-1.4018039841992014,12.799650430679321,-10.150020599365234,2.649629831314087,-40.644859313964844,49.9995231628418,12,right,30.39916294715467,109.43698660975681
1546.3055850862136,69.03717041015625,-29.666015625,6.1745758056640625,69.23960426078668,-30.22838767621404,-0.5976970703188598,0.34552395860240054,-0.014072642836789662,71.05985788154389,-1.6398217100235812,12.620391607284546,-10.250020980834961,2.370370626449585,-42.669647216796875,49.9995231628418,12,right,31.234641304354035,112.44470869567454
1551.4795023065649,73.9598388671875,-28.076034545898438,6.0812225341796875,74.09374710234756,-28.552801452591236,-0.49521520449305906,0.2738127714995774,-0.013458197590802357,74.30415501429576,-1.4693306631516245,12.47002124786377,-10.250020980834961,2.2200002670288086,-43.590003967285156,49.9995231628418,12,right,31.939705359932812,114.98293929575813
1556.7450564713183,79.07569885253906,-26.830841064453125,6.0218048095703125,79.15367802903305,-27.205692243546917,-0.38287616592664164,0.20510180679466336,-0.012202955041935692,81.94736410676599,-1.2541654918903244,11.900019526481628,-10.050020217895508,1.8499993085861206,-45.21284484863281,49.9995231628418,12,right,33.54222362194646,120.75200503900727
1562.0937720844656,84.34071350097656,-25.891204833984375,5.9478912353515625,84.37871013960907,-26.15245448946636,-0.2639983466554797,0.14442916627487237,-0.011082432447410362,90.23289830507116,-1.3531316477391253,11.950019001960754,-9.950019836425781,1.9999991655349731,-48.226688385009766,49.9995231628418,12,right,35.19709409921217,126.70953875716383
1567.531607356722,89.74172973632812,-25.263595581054688,5.8759002685546875,89.75385367568465,-25.40487186195203,-0.14179554806024647,0.08560748812271397,-0.009303600838283077,107.48526483263699,-1.3462562145553192,11.900017976760864,-9.700018882751465,2.1999990940093994,-49.849525451660156,49.9995231628418,12,right,36.97053024346837,133.09390887648613
1573.0643991619,95.2628173828125,-24.911972045898438,5.8001556396484375,95.26364649280777,-24.931398850353226,-0.01944448905754264,0.0426527763485085,-0.0053940622471132516,185.38903597843563,-1.3517552856749382,11.800017595291138,-9.600018501281738,2.1999990940093994,-49.9995231628418,49.9995231628418,12,right,38.691596931351995,139.2897489528672
1578.7028053824026,100.89764404296875,-24.7257080078125,5.7249298095703125,100.89506367067649,-24.62592724121592,0.09981412577269871,0.02585465509363548,-0.001399371277576389,714.6066351539876,-1.254376475105412,11.900017976760864,-9.700018882751465,2.1999990940093994,-49.9995231628418,49.9995231628418,12,right,40.37010002920119,145.33236010512428
1584.4510445973606,106.64366149902344,-24.580825805664062,5.657501220703125,106.63790647402216,-24.36827240835985,0.2126312936007476,0.027069053574626464,0.0010373225747118964,964.0202810372056,-1.079257298349251,11.950018644332886,-9.850019454956055,2.099999189376831,-49.9995231628418,49.9995231628418,12,right,42.01232324689259,151.24436368881334
1590.3064720256089,112.49583435058594,-24.394317626953125,5.5998992919921875,112.48382117420464,-24.0789163058713,0.31563002035124904,0.03807013893186619,0.002029459320546323,492.7420766092536,-0.9353775754803006,11.950019001960754,-9.950019836425781,1.9999991655349731,-49.9995231628418,49.9995231628418,12,right,43.62165070622094,157.0379425423954
1596.2659679011851,118.44932556152344,-24.132125854492188,5.547088623046875,118.42861560039498,-23.727025728985783,0.4056291584381551,0.05107859950718513,0.002688229592294533,371.9920362704035,-0.8652722468119434,11.440998673439026,-9.540999412536621,1.8999992609024048,-49.9995231628418,44.041259765625,12,right,44.45515348217361,160.03855253582498
1602.3258594923009,124.49839782714844,-23.7738037109375,5.495941162109375,124.46459589060161,-23.295024780136274,0.47997066107573705,0.07048335028612372,0.0045378716237660655,220.36762670030782,-0.8164197250876082,10.441999077796936,-8.541999816894531,1.8999992609024048,-49.9995231628418,37.98258590698242,13,left,42.820968053405515,154.15548499225986
1608.4766567697486,130.6260986328125,-23.243484497070312,5.44744873046875,130.56890603209075,-22.709677487821725,0.5368621021270157,0.1067338068459883,0.007064509811745612,141.55263799582778,-0.8468738305881574,9.592999458312988,-7.543000221252441,2.049999237060547,-49.9995231628418,31.832979202270508,13,left,41.0958682392848,147.94512566142527
1614.6852465952882,136.78204345703125,-22.438644409179688,5.391204833984375,136.69151049564834,-21.87017945928345,0.5756288877022152,0.15793233506512006,0.008899272171158823,112.36873991120832,-1.067478734929006,8.993999004364014,-6.544000148773193,2.4499988555908203,-49.9995231628418,25.62564468383789,13,left,39.277796075522765,141.40006587188196
1620.889615917916,142.87977600097656,-21.295822143554688,5.3149566650390625,142.75117279211833,-20.713051670862047,0.5967915960961874,0.21719459974809768,0.009553852865765933,104.66981374428252,-1.318038994795745,8.844998121261597,-5.545000076293945,3.2999980449676514,-49.9995231628418,19.422744750976562,13,left,37.908367421158026,136.4701227161689
1627.0954692580724,148.89926147460938,-19.788909912109375,5.227630615234375,148.73493912383637,-19.20983360827855,0.6019395323634597,0.2764977828119766,0.009690954280244357,103.1890122563642,-1.5943494981242312,8.844997882843018,-4.546000003814697,4.29899787902832,-49.9995231628418,13.218505859375,13,left,37.63926059132171,135.50133812875816
1633.3139878012917,154.82888793945312,-17.9188232421875,5.1168212890625,154.63232652277802,-17.358884843063265,0.593436939648297,0.3376020413672872,0.009974664098908681,100.2540025492597,-1.9255311678077258,8.844998121261597,-3.5470001697540283,5.297997951507568,-49.9995231628418,14.05003547668457,13,left,37.10011158661894,133.56040171182818
1639.5431955318702,160.63986206054688,-15.678512573242188,4.9879150390625,160.41597239589242,-15.149940810057078,0.5740337017769115,0.40066284834773896,0.009997802402120004,100.02198080929796,-2.1004104660353295,8.844998121261597,-2.5480000972747803,6.296998023986816,-49.9995231628418,14.05003547668457,13,left,37.057155602459595,133.40576016885456
1645.7898170198448,166.31546020507812,-13.072723388671875,4.854766845703125,166.0717090850264,-12.583609267742897,0.5464862594966117,0.4623285360762506,0.00995253424317527,100.47692131134619,-2.0390693877568813,9.784998178482056,-2.489000082015991,7.2959980964660645,-49.9995231628418,17.700016021728516,13,left,37.14133547045768,133.70880769364766
1652.0561702784082,171.83460998535156,-10.107711791992188,4.7328033447265625,171.57726408141636,-9.663621219166693,0.5132673291226479,0.5252018472545807,0.009586824691024731,104.30982439224206,-1.8608923325131865,9.784998297691345,-1.4900001287460327,8.294998168945312,-49.9995231628418,21.14996337890625,13,left,37.843122428344266,136.23524074203937
1658.2915471303843,177.14071655273438,-6.83465576171875,4.6220703125,176.878757691012,-6.436740856160129,0.47640184435055133,0.5822080339526036,0.009449639407696497,105.82414384886737,-1.5716309545935891,10.313997864723206,-1.0200001001358032,9.293997764587402,-49.9995231628418,25.249900817871094,13,left,38.05017190440512,136.98061885585844
1664.4697165260345,182.20587158203125,-3.29815673828125,4.5374755859375,181.94377567131335,-2.9479440816870848,0.43742790406396065,0.6424703893128394,0.010541494298272336,94.86321120183993,-1.3268886096857946,11.03499984741211,-1.3400001525878906,9.694999694824219,-49.9995231628418,31.141618728637695,13,left,36.08886856338853,129.91992682819873
1670.5877812869041,186.9819793701172,0.5245819091796875,4.4588623046875,186.72238386273037,0.8255450604828427,0.3974526964278194,0.7117345220701438,0.01140129150992697,87.70936162182257,-0.9942038422373844,10.906000137329102,-2.2100000381469727,8.696000099182129,-49.9995231628418,37.2581787109375,13,left,34.70142670853901,124.92513615074044
1676.6303808910395,191.4229278564453,4.622039794921875,4.4161376953125,191.17139149285921,4.875744921471587,0.3572629751929517,0.7811056623148608,0.011830275768519694,84.5288833131849,-0.8649307052607802,10.906000137329102,-3.2090001106262207,7.697000026702881,-49.9995231628418,43.299625396728516,13,left,34.06645333697863,122.63923201312308
1682.592209733851,195.5208740234375,8.951766967773438,4.35528564453125,195.281605061318,9.160398509381945,0.3174535499686214,0.853694070817032,0.012775413215442677,78.27535463128652,-0.7982997805731196,10.474666833877563,-3.7766668796539307,6.697999954223633,-49.9995231628418,43.299625396728516,13,left,32.78210806358963,118.01558902892268
1688.4678705786387,199.20181274414062,13.531387329101562,4.321258544921875,198.97815253619976,13.697413635000702,0.27854734403089176,0.9322318496367021,0.012923076460124916,77.38095515302197,-0.17084299447073792,10.472333431243896,-4.773333549499512,5.698999881744385,-49.9995231628418,38.499698638916016,13,left,32.59428050121579,117.33940980437686
1694.271419559845,202.50437927246094,18.303604125976562,4.334747314453125,202.30090057928112,18.432912860188758,0.24108987395103632,1.0046889706408684,0.01383999837310651,72.2543437536215,0.31455449615759856,10.010000228881836,-5.310000419616699,4.699999809265137,-49.9995231628418,33.29977798461914,13,left,31.496067758373158,113.38584393014337
1700.0278604104108,205.3852996826172,23.287216186523438,4.3575439453125,205.20271558827875,23.381970278592632,0.2057068046255292,1.0920949423084847,0.013722867208179557,72.87106876644168,0.30803823087375837,10.044997692108154,-6.295000076293945,3.749997615814209,-49.9995231628418,30.199825286865234,13,left,31.63019906870324,113.86871664733167
1705.7477888841568,207.85035705566406,28.448699951171875,4.3701629638671875,207.6914854537029,28.517469687079362,0.17311690410380612,1.162284025581578,0.012857486826998332,77.77569702814596,0.3167515547258748,10.54399824142456,-7.294000148773193,3.249998092651367,-49.9995231628418,28.19985580444336,13,left,32.67731101185491,117.63831964267769
1711.4594488844268,209.9305419921875,33.768035888671875,4.39373779296875,209.79430022767116,33.81496552431816,0.14409791497597155,1.239066748373835,0.01359116696304069,73.57719927356955,0.4069152367161266,11.44299840927124,-8.293000221252441,3.149998188018799,-49.9995231628418,26.499881744384766,13,left,31.783080054623575,114.41908819664488
1717.1737150302201,211.5845489501953,39.237640380859375,4.416656494140625,211.46894584984247,39.26755552091038,0.11941102300650261,1.3175764672047452,0.013254716427720636,75.44484300762716,0.3027849092299584,13.099014282226562,-8.950016021728516,4.148998260498047,-49.9995231628418,27.299869537353516,13,left,32.18393446353391,115.86216406872208
1722.9052817277106,212.8226318359375,44.83387756347656,4.4283599853515625,212.7245492055448,44.851729170308225,0.09969394290138572,1.3907612262895752,0.012407652405492853,80.59542347892508,0.18269511630670254,14.09801435470581,-8.950016021728516,5.147998332977295,-49.9995231628418,32.42854690551758,13,left,33.264388669017215,119.75179920846197
1728.6861395312494,213.659912109375,50.55377197265625,4.4376678466796875,213.57506969621892,50.56317797018267,0.08536221564378142,1.460382881053234,0.010470204981624653,95.50911388602354,0.11235723068849235,14.59801197052002,-8.600014686584473,5.997997283935547,-49.9995231628418,38.208396911621094,13,left,35.25021406393466,126.90077063016479
1734.5365901001303,214.14276123046875,56.38426208496094,4.4413604736328125,214.06635788384156,56.388734732790965,0.07653414894311115,1.5123231137303972,0.00655275074025452,152.60766655701576,0.08543185143988774,13.249010562896729,-8.25001335144043,4.998997211456299,-49.9995231628418,44.05784606933594,13,left,37.15203308197783,133.7473190951202
1740.4792709652295,214.40908813476562,62.32096862792969,4.447784423828125,214.33612282162917,62.323418869167774,0.07300644220358105,1.5372280362135928,0.0036330445458111482,275.2512355382448,0.10060620018634281,11.900009393692017,-7.900012016296387,3.99999737739563,-49.9995231628418,49.9995231628418,13,left,38.98897615042122,140.3603141415164
1746.5175925578335,214.5628204345703,68.35733032226562,4.453399658203125,214.48854107558668,68.35844855287073,0.07428777564786108,1.5557430716879976,0.0040743581986846245,245.43742872750914,0.06624083202346753,12.000009536743164,-7.80001163482666,4.199997901916504,-49.9995231628418,49.9995231628418,14,left,40.77079784268121,146.77487223365236
1752.6466840456524,214.5673370361328,74.48641967773438,4.4557952880859375,214.48766701233453,74.48512966789364,0.07968046697534288,1.5869868217839984,0.005354350384578155,186.76401956813393,-0.14224089242411142,11.9500093460083,-7.600010871887207,4.349998474121094,-49.9995231628418,49.9995231628418,14,left,42.503082344959694,153.0110964418549
1758.8638839798864,214.36480712890625,80.70028686523438,4.435516357421875,214.27653528962185,80.69577236072381,0.08838720700208534,1.6218950081639039,0.0060016648957759156,166.6204323909885,-0.06274840275342086,12.000009536743164,-7.300009727478027,4.699999809265137,-49.9995231628418,49.9995231628418,14,left,44.19094678536045,159.08740842729765
1765.1637635115637,213.92137145996094,86.98452758789062,4.4483795166015625,213.82217133258595,86.97543754292782,0.09961573263616834,1.6621745392018197,0.006690382434811792,149.4682867150824,0.08375604205962395,12.050009727478027,-6.850008010864258,5.2000017166137695,-49.9995231628418,49.9995231628418,14,left,43.2187384863737,155.58745855094534
1771.5368622840965,213.20738220214844,93.3175048828125,4.445953369140625,213.09576186324486,93.30223824911762,0.1126595320482168,1.706725778006553,0.007485310653978394,133.59498973746753,-0.10896405880380655,11.848001480102539,-5.997997283935547,5.850004196166992,-49.9995231628418,49.9995231628418,14,left,41.44710313842427,149.20957129832738
1777.9754010800903,212.1818084716797,99.673828125,4.434326171875,212.05708583546397,99.65018503691012,0.1269438127638557,1.7581387178218597,0.00876530000870851,114.0862262565433,-0.2070045795828701,11.848001480102539,-4.998997211456299,6.84900426864624,-48.0449104309082,49.9995231628418,14,left,39.57682613608906,142.47657408992063
1784.467117955474,210.78854370117188,106.01425170898438,4.419158935546875,210.65089911549427,105.97920051362371,0.14203738332766722,1.820146660558051,0.009495702527043626,105.31079687385048,-0.15490583751973652,11.848001718521118,-3.99999737739563,7.848004341125488,-43.7447624206543,49.9995231628418,14,left,38.02426299914469,136.8873467969209
1790.9928782654652,208.98582458496094,112.28607177734375,4.414215087890625,208.8357446726881,112.23784002373803,0.1576397225438715,1.881744975509161,0.009833980634973594,101.68822139466062,-0.27769461048922084,12.14500379562378,-3.297999858856201,8.847003936767578,-39.44461441040039,49.9995231628418,14,left,37.36454355235626,134.51235678848255
1797.542689419626,206.80181884765625,118.46095275878906,4.38275146484375,206.6405131874633,118.39690754473962,0.17355490616203995,1.9487505990907197,0.010602108665143162,94.3208593294018,-0.024076790225213696,12.145003318786621,-2.298999786376953,9.846003532409668,-37.4900016784668,49.9995231628418,14,left,35.985557063907585,129.54800543006732
1804.0988489298684,204.1608123779297,124.46157836914062,4.4111175537109375,203.99002426557058,124.37909846393475,0.18966157777987386,2.0207006254545647,0.01056086423589736,94.6892202818882,0.3290959250341119,12.885003328323364,-2.0400002002716064,10.845003128051758,-36.323829650878906,49.60403823852539,14,left,36.055757638806185,129.80072749970228
1810.6673325668644,201.12020874023438,130.28390502929688,4.4259185791015625,200.94118569321265,130.18222136824494,0.20588544943699533,2.087347970586915,0.010175778977376537,98.2725747309632,0.26569788788542437,12.900023937225342,-1.9000000953674316,11.00002384185791,-33.2493782043457,48.5841064453125,14,left,36.73165723159738,132.2339660337506
1817.2423748803135,197.6898193359375,135.8931121826172,4.446044921875,197.5044229237122,135.77067673475324,0.22217621060692172,2.1544466243127607,0.010344091842421299,96.67354227260267,0.3735235086060662,12.920023918151855,-1.9200000762939453,11.00002384185791,-28.902742385864258,47.189510345458984,14,left,36.431593852845175,131.15373787024262
1823.826299132854,193.8802490234375,141.26287841796875,4.4750823974609375,193.69077872200845,141.1180418908807,0.23848818566657864,2.22346800083836,0.010277937072299403,97.29578931701687,0.5322667932125602,12.906006097793579,-2.4100000858306885,10.49600601196289,-23.920011520385742,45.67001724243164,14,left,36.548653234120856,131.5751516428351
1830.4288058909858,189.70164489746094,146.37469482421875,4.516265869140625,189.50997347123317,146.2068665648103,0.25476314546704026,2.2899682886648156,0.009395270645025822,106.43652937549322,0.6339005783509211,12.487006664276123,-2.9900002479553223,9.4970064163208,-18.937280654907227,44.27541732788086,14,left,38.22695524260666,137.61703887338396
1837.064432296256,185.18807983398438,151.23858642578125,4.5590057373046875,184.99491306164973,151.04863621916405,0.2709141615495553,2.3477989078513724,0.008292666622819356,120.58847237971062,0.6621027340601937,11.747005939483643,-3.2489991188049316,8.498006820678711,-14.590642929077148,43.255489349365234,14,left,40.21785604392202,144.78428175811928
1843.7468151951568,180.38031005859375,155.8794403076172,4.604461669921875,180.1866582067965,155.66787598844155,0.28681091480758003,2.4003704510541524,0.007207064856613821,138.752740525474,0.6337050432695279,11.747005939483643,-4.24799919128418,7.499006748199463,-11.516192436218262,42.86000442504883,14,left,42.12780840944435,151.66011027399966
1850.4844048867737,175.31243896484375,160.31906127929688,4.6439971923828125,175.1183707708975,160.08731737726475,0.3022709050349207,2.4444443333654498,0.006331338869660363,157.9444759767919,0.5636447610330997,11.747005939483643,-5.246999263763428,6.500006675720215,-10.350021362304688,42.61695098876953,14,left,43.969624547648316,158.29064837153393
1857.2821873579003,170.01492309570312,164.5787353515625,4.68072509765625,169.82164688388434,164.32740085415583,0.31705634143112593,2.486042066651783,0.006245241500956289,160.1219103931973,0.5148980358791522,11.946002960205078,-6.245999336242676,5.700003623962402,-10.950023651123047,41.96556854248047,14,left,45.75281651647571,164.71013945931256
1864.1367554373096,164.4943389892578,168.64163208007812,4.714263916015625,164.30427878053968,168.37077859722183,0.33088440899106886,2.529720921623397,0.006357268399259708,157.30026438972564,0.210338993498016,12.050009727478027,-6.750007629394531,5.300002098083496,-11.30002498626709,41.02252197265625,14,left,46.268326115784326,166.5659740168236
1871.042703349306,158.7599334716797,172.48983764648438,4.709381103515625,158.57515370636347,172.20032898673873,0.34345134406206207,2.573519817352353,0.0069402345437445945,144.0873494543963,-0.0010775552674202604,13.00001335144043,-6.750007629394531,6.250005722045898,-11.60002613067627,39.904476165771484,14,left,44.47718390071181,160.1178620425625
1878.0009476116813,152.8030242919922,176.08599853515625,4.7141876220703125,152.62825483240508,175.77761002025503,0.3544683908719519,2.626004454064301,0.007288352081644189,137.20522675057276,0.10775666236416681,13.949013233184814,-6.700007438659668,7.2490057945251465,-11.800026893615723,38.72809600830078,14,left,43.40199409795483,156.24717875263738
1885.0022118309462,146.63075256347656,179.39064025878906,4.724456787109375,146.46722006781476,179.0657754516422,0.3637032032577317,2.6752396698001832,0.007066489562910727,141.5129805396747,0.26393021687644014,14.648012161254883,-6.400006294250488,8.248005867004395,-11.800026893615723,37.610050201416016,14,left,44.078062330973225,158.68102439150363
1892.0493018399407,140.26205444335938,182.40733337402344,4.751373291015625,140.11201860873715,182.0680062551908,0.3710170417191839,2.7252801434169736,0.006628994372343239,150.8524436484801,0.4486129062316824,15.347010612487793,-6.100005149841309,9.247005462646484,-11.700026512145996,36.6670036315918,14,left,45.50933929544038,163.83362146358536
1899.139022066399,133.7158966064453,185.12957763671875,4.787933349609375,133.57884878718576,184.77902699401872,0.3763879087606237,2.7689121512397175,0.006020912813295365,166.08777290244137,0.35639033515057483,16.046009063720703,-5.800004005432129,10.246005058288574,-11.200024604797363,36.015621185302734,14,left,47.30711716822988,170.30562180562757
1906.278365716498,127.01618957519531,187.5961456298828,4.8019256591796875,126.89284639919342,187.23681228399337,0.379913138143891,2.810938815460607,0.005807817028095047,172.1817328546244,0.20547113503310288,15.446006774902344,-5.650003433227539,9.796003341674805,-10.800023078918457,35.77256774902344,14,left,48.62032894477703,175.03318420119732
1913.4670996885095,120.17132568359375,189.7928466796875,4.8173828125,120.06234439303671,189.42694051516514,0.381790836619936,2.8521191924508584,0.00555935789303863,179.87688852559566,0.1935884629425788,14.39700698852539,-5.600003242492676,8.797003746032715,-10.70002269744873,35.34974670410156,14,left,49.69492493608724,178.90172976991406
1920.7057784569445,113.19575500488281,191.7266845703125,4.829833984375,113.10100429339558,191.35632712073607,0.38228567561981824,2.891129016108856,0.005347181935254963,187.01439601424713,0.19449500703698774,13.498007774353027,-5.700003623962402,7.798004150390625,-10.600022315979004,34.94975280761719,14,left,50.671280004972864,182.41660801790232
1927.993200752231,106.10324096679688,193.4007568359375,4.8456573486328125,106.02300097862197,193.02759787758768,0.3816884382569429,2.9297887993142555,0.004989445189174435,200.42308555061254,0.2863432188475068,12.549007892608643,-5.750003814697266,6.799004077911377,-10.650022506713867,34.849754333496094,14,left,52.33636495771685,188.41091384778068
1935.3305554569954,98.9046630859375,194.82081604003906,4.8717803955078125,98.83750743730052,194.4465115305948,0.38028114196494434,2.964066918460671,0.004170177878500825,239.79792448553755,0.4680518167423986,12.050009727478027,-6.250005722045898,5.800004005432129,-10.950023651123047,34.94975280761719,14,left,53.96097463745889,194.259508694852
1942.7177784539049,91.61654663085938,196.0260467529297,4.9146881103515625,91.55984429771873,195.6520096214162,0.37831062677968996,2.99114271471547,0.003254439158461492,307.2726056039534,0.61407055290425,11.800008773803711,-6.850008010864258,4.950000762939453,-11.60002613067627,35.449745178222656,15,straight,55.54864686732543,199.97512872237155
1950.114445260639,84.29229736328125,197.05743408203125,4.9625701904296875,84.24377385510145,196.6845998719331,0.37597856197605994,3.012172424723515,0.002496095450387509,400.6257051767608,0.620648625833331,12.230010986328125,-7.550010681152344,4.680000305175781,-12.350028991699219,36.04973602294922,15,straight,57.0941312473309,205.53887249039124
1957.5860276863434,76.87590026855469,197.9627685546875,5.006927490234375,76.83364601030716,197.59172040663714,0.37344631543455786,3.028203023542021,0.0019586849020694075,510.5466422615863,0.502313284065542,12.740013599395752,-8.200013160705566,4.5400004386901855,-13.050031661987305,38.999691009521484,15,straight,57.08486613702344,205.5055180932844
1965.1331215598168,69.37187194824219,198.76727294921875,5.037872314453125,69.33483676965231,198.39827438597177,0.3708524560138689,3.0415609168388875,0.001622251342315112,616.4272908370054,0.5015642080636318,12.660015344619751,-8.7000150680542,3.9600002765655518,-13.500033378601074,38.999691009521484,15,straight,55.50724135065235,199.82606886234848
1972.748027651055,61.79078674316406,199.4827423095703,5.083099365234375,61.758116194652374,199.1158530068503,0.3683410446725027,3.052779478339513,0.0012824440309002483,779.7611247783043,0.7414153094718379,12.630016803741455,-9.100016593933105,3.5300002098083496,-13.650033950805664,38.39970016479492,15,straight,53.86863389016312,193.92708200458722
1980.4304663131825,54.13618469238281,200.13255310058594,5.1514892578125,54.10676755880339,199.7676377316352,0.36609915903275064,3.0611530215574057,0.0010573243573752111,945.7835649246578,1.2180286116891592,12.6600182056427,-9.450017929077148,3.2100002765655518,-13.90003490447998,38.049705505371094,15,straight,52.1633602075072,187.78809674702595
1988.174734755613,46.41560363769531,200.72579956054688,5.2714080810546875,46.38920539668246,200.3623552318246,0.36440176619898756,3.069086459689186,0.0009959544362833639,1004.0619967834402,1.8840297263329198,12.59001898765564,-9.700018882751465,2.890000104904175,-14.35003662109375,37.79970932006836,15,straight,50.38598372412551,181.38954140685183
1995.9363338041194,38.67433166503906,201.2600555419922,5.4437408447265625,38.650711340513276,200.89716375715722,0.3636596860134581,3.0765951710735986,0.0010379661128655793,963.4225892396778,2.2624451972781126,12.410019397735596,-9.800019264221191,2.6100001335144043,-14.95003890991211,37.59971237182617,15,straight,48.53937238063709,174.74174057029353
2003.6013554210817,31.025711059570312,201.72906494140625,5.6203460693359375,31.00512721016224,201.36518469787248,0.3644619685106362,3.0850852272620473,0.0013632940668484306,733.5174591581193,2.507587646684817,12.040019989013672,-9.950019836425781,2.0900001525878906,-15.800042152404785,37.44971466064453,15,straight,46.64404601800956,167.91856566483443
2011.030827184751,23.608627319335938,202.10792541503906,5.8213043212890625,23.592260664435138,201.74069089900135,0.3675990440168434,3.097054814637432,0.002023315632297823,494.2382612169748,2.917102993412246,11.810020208358765,-10.000020027160645,1.8100001811981201,-16.550033569335938,37.399715423583984,15,straight,44.73038428942172,161.0293834419182
2018.1982298545902,16.449600219726562,202.3723602294922,6.0450592041015625,16.439432683503586,201.99844777707227,0.37405066617709054,3.1144070617767317,0.003443379725207779,290.41235059826533,3.1484360551755683,11.850019335746765,-10.000020027160645,1.8499993085861206,-17.400020599365234,37.49971389770508,15,straight,42.80321922633993,154.09158921482373
2025.1068352200455,9.545135498046875,202.46780395507812,6.26434326171875,9.546448697689558,202.0828806673465,0.38492552777313715,-3.138181078894717,0.005619686149235886,177.94588050721853,3.3282287413334943,11.850018501281738,-9.800019264221191,2.049999237060547,-17.95001220703125,37.74971008300781,16,left,40.859697950437365,147.0949126215745
2031.7553232041475,2.90264892578125,202.30551147460938,6.4954833984375,2.922063978343762,201.90463060718997,0.40135073704796703,-3.093199488075756,0.007497194432464355,133.38322875418564,3.204749361287429,11.90001630783081,-9.350017547607422,2.5499987602233887,-18.350006103515625,38.29970169067383,16,left,38.89776817950701,140.03196544622526
2038.2224513307408,-3.5450897216796875,201.84263610839844,6.685638427734375,-3.502102938209938,201.42049340905663,0.42432572648930045,-3.0401124679525893,0.00958362523861317,104.34464778223197,2.8138783716653903,11.950013160705566,-8.7000150680542,3.249998092651367,-18.350006103515625,39.299686431884766,16,left,36.88937923636415,132.80176525091093
2044.5853312939953,-9.848175048828125,200.98936462402344,6.8567657470703125,-9.770791923838958,200.54142965511306,0.4545699994564264,-2.9705258453353167,0.011336514098795603,88.21053732083662,2.965665864158673,11.9500093460083,-7.850011825561523,4.099997520446777,-18.150009155273438,40.899662017822266,16,left,34.80042833277107,125.28154199797585
2050.8437581754533,-15.969863891601562,199.7041473388672,7.0593719482421875,-15.850677272576776,199.2263862201264,0.49240342884166594,-2.8971137574895485,0.011359305656367974,88.03354978298384,3.1812322201888232,11.9500093460083,-7.050008773803711,4.90000057220459,-17.550018310546875,43.24962615966797,16,left,34.765498635443414,125.15579508759629
2057.0048676280467,-21.893402099609375,198.02073669433594,7.2519683837890625,-21.72824043599766,197.509039598045,0.5376916341915198,-2.829376924074752,0.01151640315694294,86.83266696834298,3.1117493225038206,11.850008964538574,-6.350006103515625,5.500002861022949,-16.800029754638672,46.049583435058594,16,left,34.52756294520569,124.29922660274048
2063.0759626010495,-27.598526000976562,195.95327758789062,7.440032958984375,-27.376852932206166,195.40663956754773,0.5898746262575447,-2.756336074201828,0.012059088844110333,82.92500477665862,3.0878232529880423,11.900009155273438,-5.9000043869018555,6.000004768371582,-16.05004119873047,49.1495361328125,16,left,33.74171153528266,121.47016152701758
2069.085204628389,-33.08375549316406,193.5060272216797,7.625,-32.79727326474935,192.92471950827675,0.6480669138748133,-2.6837025339851897,0.01179821702143985,84.75856972140697,2.9342673907486683,12.830008029937744,-6.080000400543213,6.750007629394531,-15.300040245056152,49.798851013183594,16,left,34.11270553418198,122.80573992305511
2075.077405924478,-38.36338806152344,190.67689514160156,7.792236328125,-38.005779624681956,190.06214082377372,0.7112008614928581,-2.614730614062616,0.011462013279866484,87.24470785220103,2.5972498031202385,12.820010662078857,-5.320000171661377,7.5000104904174805,-14.65003776550293,51.594017028808594,16,left,34.60938658748956,124.59379171496242
2081.0868352573852,-43.452545166015625,187.48426818847656,7.9366455078125,-43.01608142481002,186.84002205197663,0.7781732980398905,-2.5461413498378644,0.010991551439195585,90.97896739435947,2.4571220505496205,12.739272594451904,-4.539259433746338,8.200013160705566,-14.000035285949707,54.30585861206055,16,left,35.342303926555964,127.23229413560148
2087.124835563814,-48.34197998046875,183.94479370117188,8.088287353515625,-47.82257867571711,183.27452612681134,0.8479601031987752,-2.482334845874339,0.01084512397697282,92.20733687538058,2.3776348927325164,12.850016117095947,-4.000000476837158,8.850015640258789,-13.300032615661621,57.70521545410156,16,left,35.58009432585207,128.08833957306746
2093.202694621454,-53.0211181640625,180.06826782226562,8.224609375,-52.409959555038775,179.38103162056274,0.9196784450637122,-2.414721147557032,0.010379123114457794,96.34725293960828,2.094482816919252,12.710018396377563,-3.2100002765655518,9.500018119812012,-12.700030326843262,61.56290817260742,16,left,36.370060534130175,130.93221792286863
2099.3226567141814,-57.473419189453125,175.87103271484375,8.343643188476562,-56.77126843149345,175.16944252877659,0.9925948196968949,-2.355795148800267,0.009631137774716358,103.82989252061141,1.7204943703227005,12.800020456314087,-2.750000238418579,10.050020217895508,-13.5142822265625,65.64977264404297,16,left,37.755963524748715,135.92146868909538
2105.4990633911193,-61.71360778808594,171.38101196289062,8.4359130859375,-60.91598942921283,170.67365227563684,1.0660922912971535,-2.296292825615842,0.009576842880104158,104.41854507997566,1.3514136424159662,12.630022048950195,-2.130000114440918,10.500021934509277,-19.68899917602539,69.73663330078125,16,left,37.86283897374787,136.30622030549233
2111.7307337781267,-65.71318054199219,166.602783203125,8.51116943359375,-64.81722236283831,165.8985179326694,1.1396186335624023,-2.2369712688183396,0.008998444963399799,111.13031241146574,1.1508161171606912,12.740023612976074,-1.8400001525878906,10.900023460388184,-25.91921615600586,73.59432983398438,16,left,39.0607540825041,140.61871469701475
2118.012686792343,-69.46150207519531,161.56211853027344,8.579864501953125,-68.46961650673708,160.86451258954256,1.2126380455266708,-2.1837422721449364,0.008201823384051454,121.92410799097578,0.965284930142507,12.71002471446991,-1.5100001096725464,11.200024604797363,-32.19979476928711,76.99368286132812,16,left,40.84353681362915,147.03673252906495
2124.3290286443753,-72.97682189941406,156.3146514892578,8.6326904296875,-71.89039345002573,155.62917227409957,1.2846044255156197,-2.1336610033853978,0.008853299903321593,112.9522337343185,0.5506820796056577,12.760024666786194,-1.5600000619888306,11.200024604797363,-32.19979476928711,79.70552825927734,16,left,38.98119200679382,140.33229122445775
2130.65067040504,-76.19181823730469,150.87161254882812,8.649429321289062,-75.00340541064527,150.22076113970394,1.354965904857969,-2.0718446098394225,0.010015929830008874,99.84095505580375,0.15385393288201987,12.750024199485779,-1.7000001668930054,11.050024032592773,-29.899829864501953,81.50069427490234,16,left,37.02360628919334,133.28498264109604
2136.9682393453336,-79.05947875976562,145.2423858642578,8.652145385742188,-77.76958559303016,144.6409916885314,1.4232003851139639,-2.00706948901013,0.01033803043361034,96.73022404237312,-0.031089928012473234,12.770023584365845,-1.8700001239776611,10.900023460388184,-28.299854278564453,82.15000915527344,16,left,36.4422725999243,131.1921813597275
2143.2735224014395,-81.53839111328125,139.44483947753906,8.645523071289062,-80.1505738938453,138.90567009951786,1.4888721411721968,-1.9413512648365063,0.010561233186844349,94.6859123653907,-0.2911293934421355,12.710022926330566,-2.010000228881836,10.70002269744873,-27.24987030029297,81.01009368896484,16,left,36.05512783914768,129.79846022093164
2149.564931910932,-83.63441467285156,133.51292419433594,8.615524291992188,-82.15351988460475,133.04956659766486,1.5516925069901506,-1.8740367204448292,0.010586618852066632,94.45886490990354,-0.6491392904714344,12.700021982192993,-2.250000238418579,10.450021743774414,-26.649879455566406,77.95510864257812,16,left,36.01187357797686,129.6427448807167
2155.828710268604,-85.31787109375,127.47982788085938,8.564117431640625,-83.75159862150633,127.10046407406102,1.6115602238876567,-1.808428055329577,0.010654477885570557,93.8572505138246,-0.984978851285212,12.610020399093628,-2.56000018119812,10.050020217895508,-26.44988250732422,73.5322265625,16,left,35.897009458337294,129.22923405001427
2162.078852808525,-86.58805847167969,121.36053466796875,8.4923095703125,-84.94351154899965,121.07837916496352,1.6685761321475594,-1.7407123355009315,0.011086725288598415,90.19795962910705,-1.2530618109169445,12.400018692016602,-2.8000001907348633,9.600018501281738,-26.499881744384766,68.28860473632812,16,left,35.19027918496094,126.6850050658594
2168.3359732806866,-87.43875122070312,115.16209411621094,8.407379150390625,-85.7241652817878,114.99185637370573,1.7230164917665234,-1.6697599409770478,0.01073390821122458,93.16271206365336,-1.5580909696761291,12.150016784667969,-3.0500001907348633,9.100016593933105,-26.649879455566406,62.77140426635742,16,left,35.763944893742305,128.7502016174723
2174.6145597910654,-87.86550903320312,108.89900207519531,8.296905517578125,-86.09135714851102,108.83619763290105,1.7752631658231506,-1.6061812497646897,0.010316407181877374,96.93297117592256,-1.9285891203924987,11.800012826919556,-3.199998140335083,8.600014686584473,-26.649879455566406,57.52778244018555,16,left,36.48044422009284,131.32959919233423
2180.9299766791946,-87.87944030761719,102.58499145507812,8.16436767578125,-86.05461250775481,102.64153412718044,1.825703582983563,-1.5398210274819568,0.009931383712370498,100.69090360031134,-2.135245713719003,11.750010013580322,-3.749997615814209,8.000012397766113,-26.849876403808594,53.10490036010742,16,left,37.18086375689503,133.8511095248221
2187.299957960094,-87.49287414550781,96.22825622558594,8.0260009765625,-85.62594489690149,96.39774287939478,1.8746067707978378,-1.4802608524684846,0.008078660254264652,123.78290069471717,-2.30621167497026,12.195005416870117,-4.499999046325684,7.695006370544434,-27.299869537353516,50.049922943115234,16,left,39.14511788635705,140.92242439088537
2193.740336368344,-86.76799011230469,89.83073425292969,7.868743896484375,-84.86331173106933,90.08805417058888,1.9219816013608118,-1.4365104891267393,0.005980597083108524,167.20738516633725,-2.574647962933463,12.790002822875977,-5.400002479553223,7.390000343322754,-27.949859619140625,48.910003662109375,16,left,41.035603357794294,147.72817208805947
2200.2666252454305,-85.78713989257812,83.38099670410156,7.691925048828125,-83.84739872184382,83.70986102244014,1.9674215484531965,-1.4028529822015214,0.00477024187870205,209.63297573331712,-2.768483227045182,13.669003009796143,-6.399002552032471,7.270000457763672,-28.599849700927734,47.8692626953125,16,left,42.86634130524526,154.31882869888292
2206.880112428032,-84.59355163574219,76.87879943847656,7.5048675537109375,-82.62244307544067,77.27200088661762,2.009944361248373,-1.3738985176011655,0.004637420720748839,215.63710955225184,-2.856369831912964,14.548003196716309,-7.398002624511719,7.15000057220459,-29.049842834472656,45.26741027832031,16,left,44.64502196984564,160.7220790914443
2213.5809615453154,-83.18009948730469,70.33157348632812,7.3115692138671875,-81.18605456533496,70.797904586686,2.0478476129815615,-1.341063193219557,0.004803035612488904,208.20166259017307,-2.8699052648232914,15.123565196990967,-8.397002220153809,6.726562976837158,-29.349838256835938,41.88500213623047,16,left,46.37767677965784,166.95963640676823
2220.362829481792,-81.53370666503906,63.75543212890625,7.117950439453125,-79.52582909883256,64.29309818741024,2.0786190394929434,-1.309156382614516,0.004448146011018297,224.8127641320555,-2.801385666356937,14.995017528533936,-9.200016975402832,5.7950005531311035,-29.399837493896484,38.502593994140625,16,left,48.06773008949564,173.0438283221843
2227.226337764351,-79.66642761230469,57.15350341796875,6.9293975830078125,-77.65535021645954,57.75448366232919,2.0989543935471358,-1.2804087136645534,0.004089656538587963,244.51931123420704,-2.604528969331865,14.613457202911377,-9.750019073486328,4.863438129425049,-29.399837493896484,35.90074157714844,16,left,49.71967349404641,178.99082457856707
2234.1710266574887,-77.58747863769531,50.52949523925781,6.758544921875,-75.58814388908723,51.18782833747071,2.1049327555041493,-1.252701738778593,0.003676974075665043,271.96275508663547,-2.371522993618452,14.540020942687988,-10.100020408630371,4.440000534057617,-29.099842071533203,34.86000061035156,17,straight,51.337080676212196,184.8134904343639
2241.1916268784516,-75.31587219238281,43.88848876953125,6.5983428955078125,-73.34446168114953,44.589599939080976,2.0923709699449766,-1.2291064405014467,0.003384063079823335,295.50276587994483,-2.131740071592808,14.640762329101562,-10.250020980834961,4.390741348266602,-28.513957977294922,34.70487594604492,17,straight,52.921946471501734,190.51900729740623
2248.2878110023416,-72.8607177734375,37.23204040527344,6.4578399658203125,-70.93955935558043,37.96807395976099,2.0573271640248865,-1.2049261245800444,0.0033613099026034154,297.50306546429294,-1.9036941945943686,14.549280643463135,-10.250020980834961,4.299259662628174,-27.425886154174805,34.2959098815918,17,straight,54.47704033833891,196.1173452180201
2255.455941129467,-70.22024536132812,30.569244384765625,6.326904296875,-68.37323006021451,31.327670326545135,1.9966660791709627,-1.1811663412307076,0.0031134206629945677,321.19013401747463,-1.6124290640863626,14.400021076202393,-10.150020599365234,4.250000476837158,-26.840002059936523,33.71771240234375,17,straight,56.00407795841144,201.6146806502812
2262.69322345669,-67.40150451660156,23.904205322265625,6.225860595703125,-65.6516518641397,24.666186686047944,1.9085596412162225,-1.1601039797859773,0.0027469438250767864,364.04093555573405,-1.504322790025553,13.754464149475098,-9.800019264221191,3.9544448852539062,-26.029056549072266,33.05490493774414,17,straight,57.50472272199949,207.01700179919817
2269.9907037582484,-64.4256591796875,17.242095947265625,6.108123779296875,-62.79573457022034,17.988699301576673,1.7927829766079297,-1.141259908961383,0.0024937516344825383,401.00224343612444,-1.411579761047821,12.755573272705078,-9.350017547607422,3.4055557250976562,-24.244979858398438,32.39209747314453,17,straight,58.97920260407321,212.32512937466356
2277.3113685672597,-61.32136535644531,10.61279296875,6.0196075439453125,-59.832910693261894,11.326559585470399,1.6507453066711884,-1.1236540675934463,0.002227010174271765,449.03252421242354,-1.1115139493758197,11.91001558303833,-8.800015449523926,3.1100001335144043,-22.460901260375977,31.813901901245117,17,straight,60.42222450332836,217.5200082119821
2284.7214821464954,-58.06620788574219,3.95635986328125,5.9445648193359375,-56.73687112084855,4.618807036520946,1.4852516594271654,-1.1084863433012506,0.001657836347532568,603.1958470981438,-0.8040057333279227,11.800009965896606,-8.000012397766113,3.799997568130493,-21.64995574951172,31.40493392944336,17,straight,61.84860023255953,222.6549608372143
2292.211099318925,-54.69239807128906,-2.7301788330078125,5.900146484375,-53.53433690799181,-2.139325654946039,1.3000819727859803,-1.0990149473702189,0.0008984860647567455,1112.983316297441,-0.5243796009161972,11.750008583068848,-7.1500091552734375,4.59999942779541,-20.66558837890625,31.24980926513672,17,straight,63.257605715934076,227.72738057736268
2299.7728940466213,-51.239776611328125,-9.457656860351562,5.8657379150390625,-50.26237003690533,-8.954039073955316,1.099524663888696,-1.0950159650364053,0.0001237294747781087,8082.148589035543,-0.27095674247642476,11.800008773803711,-6.250005722045898,5.5500030517578125,-18.49997901916504,31.24980926513672,17,straight,63.476949360030744,228.51701769611068
2307.405030416751,-47.74755859375,-16.24395751953125,5.8592376708984375,-46.95730105314152,-15.838944014423078,0.8879993917838936,-1.097192267665594,-0.0005950730917281821,1680.4658350385982,0.16520574957474277,11.850008964538574,-5.350002288818359,6.500006675720215,-16.334369659423828,32.34979248046875,17,straight,62.045897879988765,223.36523236795955
2315.106467202797,-44.253753662109375,-23.107223510742188,5.89141845703125,-43.65550802093557,-22.805880139779397,0.6698549652026706,-1.1041837124594416,-0.0012369734320235581,808.424800493981,0.6265132076196167,11.850008964538574,-4.44999885559082,7.400010108947754,-15.350001335144043,32.34979248046875,17,straight,60.56758816062503,218.0433173782501
2322.8716910480944,-40.797027587890625,-30.060317993164062,5.9564056396484375,-40.39327843014225,-29.86307418323037,0.44935342764874814,-1.116366282527902,-0.001881398760890246,531.5194315992942,0.8226356475462937,11.850011110305786,-3.5999977588653564,8.25001335144043,-14.935943603515625,32.2997932434082,17,straight,59.039569254705086,212.5424493169383
2330.698769763035,-37.41664123535156,-37.1195068359375,6.0196685791015625,-37.207573523276324,-37.021786223933056,0.23077830539913424,-1.13355786892049,-0.002418225723302872,413.52632649783226,0.904082427940589,11.900014638900757,-2.899998426437378,9.000016212463379,-14.025015830993652,32.14979553222656,17,straight,57.45827117334299,206.84977622403477
2338.585577755356,-34.14372253417969,-44.294708251953125,6.0985870361328125,-34.12675037816205,-44.28720204489096,0.018557942352190653,-1.1543926047434077,-0.0027050065922509664,369.6848661532657,0.9780455214969452,11.900017499923706,-2.2999989986419678,9.600018501281738,-13.11408805847168,32.14979553222656,17,straight,55.819614194246036,200.95061109928574
2346.527281270819,-31.009384155273438,-51.591339111328125,6.1744537353515625,-31.178067609110453,-51.66154948640505,-0.18271180686213845,-1.176381069413436,-0.0026262036679747386,380.7777790407149,0.8060912967050193,12.000019431114197,-1.949999213218689,10.050020217895508,-12.700030326843262,31.349807739257812,17,straight,54.11943932195417,194.82998155903502
2354.5265554612965,-28.005294799804688,-59.004913330078125,6.2269134521484375,-28.34817753964356,-59.139705267012275,-0.3684256228085577,-1.1962403882456611,-0.002420632692700861,413.1151343264035,0.563967567439716,12.050020575523376,-1.7499994039535522,10.300021171569824,-12.300028800964355,31.099811553955078,17,straight,52.351151994455364,188.4641471800393
2362.565632186506,-25.13555908203125,-66.51423645019531,6.26483154296875,-25.636450841964447,-66.7002599395545,-0.5343194678863438,-1.2151990775929749,-0.0021000841821568056,476.1713880312126,0.45007979061951753,12.050021290779114,-1.5999995470046997,10.450021743774414,-12.050027847290039,30.89981460571289,17,straight,50.511738506065214,181.8422586218348
2370.569162436339,-22.40533447265625,-74.03761291503906,6.29913330078125,-23.043337029560536,-74.26390598997979,-0.6769459493804061,-1.2299495313221647,-0.0016500894110973996,606.0277662984004,0.43739352802464326,12.100021243095398,-1.6499994993209839,10.450021743774414,-12.000027656555176,30.59981918334961,17,straight,48.611366562628625,175.00091962546304
2378.3867347035216,-19.833465576171875,-81.41993713378906,6.3339996337890625,-20.584912940454334,-81.67683975377317,-0.7941486620537419,-1.2413762219466533,-0.0014498617038522371,689.7209556904851,0.43340398819631254,12.10002052783966,-1.7999993562698364,10.300021171569824,-12.000027656555176,30.24982452392578,17,straight,46.68051939416193,168.04986981898293
2385.842473569462,-17.45745849609375,-88.48687744140625,6.36541748046875,-18.298264586018206,-88.76429375707376,-0.8853895713484486,-1.2521020659102087,-0.0014629153694149521,683.5665417883463,0.5775217296032642,12.100019574165344,-1.9999991655349731,10.100020408630371,-12.100028038024902,29.899829864501953,17,straight,44.76151158293816,161.14144169857738
2392.942367427075,-15.264907836914062,-95.23954772949219,6.4169769287109375,-16.17189529966723,-95.52822509972002,-0.9518197737350723,-1.262652990407676,-0.001501923242757608,665.8129866636519,0.5178963766837907,12.050018310546875,-2.2499990463256836,9.800019264221191,-12.250028610229492,29.499835968017578,17,straight,42.85428918267668,154.27544105763604
2399.655745166706,-13.260513305664062,-101.64668273925781,6.4385223388671875,-14.212693323520837,-101.93909925440134,-0.99606937747047,-1.2728366165299516,-0.0020030621526791054,499.2356321357753,0.293121405980179,12.0500168800354,-2.5499987602233887,9.500018119812012,-12.250028610229492,29.099842071533203,17,straight,40.96930938406994,147.48951378265178
2406.0034422499193,-11.442337036132812,-107.7283935546875,6.4554595947265625,-12.423691086265883,-108.01306031465683,-1.02180768050745,-1.28846926958962,-0.0029020998956271887,344.5780765530418,0.42965042018349164,11.85001540184021,-2.699998617172241,9.150016784667969,-11.650026321411133,28.599849700927734,17,straight,39.10351859826699,140.77266695376116
2412.0248644910585,-9.8148193359375,-113.52558898925781,6.490631103515625,-10.812661005655446,-113.79354093589626,-1.0331922587460842,-1.3084536931811719,-0.003993336551692983,250.41716045096373,0.38963228887379797,11.800014972686768,-2.7499985694885254,9.050016403198242,-11.1500244140625,27.899860382080078,17,straight,37.24735176833987,134.09046636602352
2417.7392296812804,-8.400726318359375,-119.06221008300781,6.502349853515625,-9.40643724066348,-119.30392189907977,-1.0343495836856023,-1.334930590477324,-0.005108010689465162,195.77092938791515,0.21682090179225844,11.700014591217041,-2.7499985694885254,8.950016021728516,-11.258171081542969,27.24987030029297,18,right,35.39593399264941,127.42536237353788
2423.167328559088,-7.2050323486328125,-124.35696411132812,6.5147247314453125,-8.212326944476061,-124.56712863601659,-1.0289856802951831,-1.3651045907875652,-0.005833701886686415,171.4177411571518,0.23819886381274413,11.65001368522644,-2.899998426437378,8.750015258789062,-11.528536796569824,26.549880981445312,18,right,33.542758162498586,120.75392938499492
2428.27777910539,-6.2390594482421875,-129.37527465820312,6.5273895263671875,-7.2437266863594445,-129.55244900220032,-1.0201700875427542,-1.3962398442074895,-0.006816758077395235,146.69729930948523,0.2505618171125934,11.850013017654419,-3.199998140335083,8.650014877319336,-16.376203536987305,25.849891662597656,18,right,31.699168214767543,114.11700557316315
2433.0103638922087,-5.490753173828125,-134.04830932617188,6.53936767578125,-6.4912697090394325,-134.18840748814705,-1.0102776015630857,-1.4316750483081864,-0.008711567747967414,114.78990107530535,0.23831793486307484,11.85001277923584,-3.249998092651367,8.600014686584473,-21.107772827148438,25.099903106689453,18,right,29.89065638738893,107.60636299460015
2437.4713488286156,-4.9595184326171875,-138.4775390625,6.54937744140625,-5.956030091074972,-138.5726060336527,-1.0010360705021728,-1.4756844131933453,-0.012109456685438252,82.58008810605932,0.3017891118854976,11.85001254081726,-3.2999980449676514,8.55001449584961,-25.567747116088867,24.399913787841797,18,right,28.079490313128524,101.08616512726269
2441.6840591918835,-4.67144775390625,-142.68035888671875,6.5651702880859375,-5.664454841569669,-142.7152981696222,-0.9936215726520805,-1.5356255050826706,-0.0168829661991913,59.23129787749621,0.3500169412928411,11.900012493133545,-3.3499979972839355,8.55001449584961,-29.779428482055664,23.69992446899414,18,right,26.254668035296508,94.51680492706743
2445.6153722810473,-4.667083740234375,-146.6116485595703,6.5780181884765625,-5.655013012866821,-146.57118071210198,-0.9887577531442132,-1.6117357316231222,-0.02205576106620799,45.33962790937725,0.4428115109696762,12.050012350082397,-3.499997854232788,8.55001449584961,-33.709720611572266,23.04993438720703,18,right,24.42908852228397,87.9447186802223
2449.2795923868903,-4.9656829833984375,-150.2636260986328,6.59820556640625,-5.94403267856983,-150.13476058519484,-0.986800104679558,-1.7017596513484863,-0.026891772196219077,37.18609516335996,0.4183916242654684,12.100011348724365,-3.749997615814209,8.350013732910156,-37.372886657714844,21.71000099182129,18,right,22.59511956567766,81.34243043643957
2452.7311650258184,-5.5695037841796875,-153.66195678710938,6.60833740234375,-6.530995363949284,-153.4354742877184,-0.98780584149833,-1.8021325507726855,-0.031460940847838126,31.785444842114952,0.2194627862329268,11.742998123168945,-4.149997711181641,7.593000411987305,-40.82344436645508,21.300647735595703,18,right,20.890003009221832,75.2040108331986
2456.002880733674,-6.4756011962890625,-156.80569458007812,6.61322021484375,-7.409888811804702,-156.47346681827787,-0.9915990289510666,-1.9124466038007495,-0.03632517895581394,27.529114205229465,0.09114817623123717,12.05780839920044,-4.800000190734863,7.257808208465576,-44.09415817260742,21.302490234375,18,right,19.441083893368674,69.98790201612722
2459.130056691429,-7.6852874755859375,-159.68942260742188,6.6143341064453125,-8.578052364294855,-159.2437180980661,-0.9978384920274084,-2.033836258763093,-0.039701804225474036,25.18777218085131,-0.06009625599880941,12.158507823944092,-5.700003623962402,6.4585041999816895,-47.220333099365234,21.305156707763672,18,right,18.595986999357784,66.94555319768803
2462.169387961442,-9.197250366210938,-162.32598876953125,6.60968017578125,-10.03530526245291,-161.7693217634723,-1.0060885471715548,-2.157114913603589,-0.03844474289419941,26.0113587637201,-0.20076695827746516,12.185003757476807,-6.69900369644165,5.486000061035156,-50.258663177490234,21.308319091796875,18,right,18.897566192193374,68.03123829189614
2465.1477156478104,-10.966995239257812,-164.7214813232422,6.6023101806640625,-11.747485285013836,-164.07119907095748,-1.015889619575237,-2.265439230979645,-0.0378148801595124,26.444616399199358,-0.09579577483411761,12.185003757476807,-7.698003768920898,4.486999988555908,-53.23598098754883,21.311643600463867,18,right,19.0542996821109,68.59547885559925
2468.0736276831153,-12.956192016601562,-166.8671875,6.6038665771484375,-13.664591683679745,-166.12388436092616,-1.0268055535852538,-2.3802329838894667,-0.039395055651683775,25.383896112284315,-0.07128560997786693,12.185003519058228,-8.697003364562988,3.4880001544952393,-55.06000518798828,21.31480598449707,18,right,18.668245196947304,67.20568270901029
2470.964190979487,-15.152801513671875,-168.74607849121094,6.5982513427734375,-15.77880024066473,-167.91751151069067,-1.0384592661270462,-2.494568247377628,-0.036133532876182206,27.675123919564488,-0.18570898494989496,12.18500304222107,-9.696002960205078,2.489000082015991,-54.98197937011719,21.317472457885742,18,right,19.49257180518045,70.17325849864962
2473.8493321796554,-17.531265258789062,-170.379150390625,6.5931396484375,-18.082716120788,-169.48498910256328,-1.0505343698649492,-2.5889666568203062,-0.031292120798381284,31.956926359933046,-0.06007696136709484,12.1850026845932,-10.695002555847168,1.4900001287460327,-54.768043518066406,21.31931495666504,18,right,20.94627767988127,75.40659964757258
2476.7361183314783,-20.048446655273438,-171.79241943359375,6.59478759765625,-20.52634975277385,-170.84318545244182,-1.0627495102675963,-2.675179400282182,-0.033192917079495565,30.12690923202213,0.19290926886657012,12.604002237319946,-11.694002151489258,0.9100000858306885,-54.44839859008789,21.32000160217285,18,right,20.337691024014838,73.21568768645342
2479.6395490877007,-22.696884155273438,-172.98220825195312,6.6043548583984375,-23.075834362453033,-171.97641906803526,-1.074809351470128,-2.7812719626357483,-0.03831635858861415,26.098513450522766,0.43823655201120637,13.000028312206268,-12.150028228759766,0.8500000834465027,-54.05324172973633,21.353607177734375,18,right,18.929199182780994,68.14511705801158
2482.5691300337185,-25.476654052734375,-173.9069061279297,6.6204071044921875,-25.737854665931323,-172.85243565594672,-1.0863396046441673,-2.8987724691643617,-0.04068968409742496,24.57625371594578,0.5930357693897825,13.500028729438782,-12.250028610229492,1.2500001192092896,-53.61278533935547,21.44367027282715,18,right,18.368859678947725,66.12789484421181
2485.5429434717767,-28.390792846679688,-174.49935913085938,6.639404296875,-28.52216233524804,-173.41043777326928,-1.096817061110283,-3.0215310357871092,-0.041041035766728795,24.36585678986887,0.8078147524985146,14.440030217170715,-12.650030136108398,1.790000081062317,-53.157222747802734,21.574060440063477,18,right,18.290062910873612,65.84422647914501
2488.587448695261,-31.42913818359375,-174.69061279296875,6.6692657470703125,-31.4245573162581,-173.58511252147014,-1.1055097623400139,3.137448972004413,-0.03773087928037,26.503490485053803,0.9624883124818684,15.044719219207764,-13.050031661987305,1.994687557220459,-52.716766357421875,21.728647232055664,18,right,19.075498340839065,68.67179402702064
2491.7180303647015,-34.554840087890625,-174.51840209960938,6.6988067626953125,-34.43018237911518,-173.41396884884264,-1.1114460624593094,3.029198037448817,-0.033074666884348236,30.234620457303084,0.7109286453399255,16.09503412246704,-13.650033950805664,2.445000171661377,-52.32160949707031,21.891300201416016,18,right,20.37401474895549,73.34645309623976
2494.9501413464436,-37.7454833984375,-174.00254821777344,6.714019775390625,-37.50872191252311,-172.91458073666652,-1.1134312916199767,2.927315357765112,-0.030854267474713315,32.41042753063421,0.4769918999656064,17.045348405838013,-14.150035858154297,2.895312547683716,-52.0019645690918,22.045886993408203,18,right,21.094378559242067,75.93976281327144
2498.2921399668694,-40.97395324707031,-173.13902282714844,6.7301788330078125,-40.62992910142791,-172.08354994698414,-1.110124143304392,2.8265079524979937,-0.02902047122101198,34.45843426815069,0.7113739054511514,17.80003809928894,-14.700037956237793,3.1000001430511475,-51.788028717041016,22.17627716064453,18,right,21.750644270505273,78.30231937381899
2501.748274060722,-44.207305908203125,-171.91868591308594,6.762908935546875,-43.76745954455668,-170.9102662390924,-1.1001704697501378,2.7302957902375646,-0.026902772304970013,37.17089037010733,0.9016855258995093,18.100037574768066,-15.050039291381836,3.0499982833862305,-51.71000289916992,22.266340255737305,18,right,22.590499703796244,81.32579893366648
2505.32003578732,-47.41650390625,-170.35101318359375,6.7934417724609375,-46.89385299538437,-169.40319017485245,-1.082373517103992,2.6376579861334752,-0.02576559239323145,38.81144996544683,1.0025797044052709,18.39099931716919,-14.841001510620117,3.5499978065490723,-52.18019485473633,22.299945831298828,18,right,23.083639837016797,83.10110341326047
2509.016310919409,-50.57017517089844,-168.423583984375,6.836151123046875,-49.97528088590625,-167.5512598479471,-1.0558639160947978,2.543073732763394,-0.02437503555431042,41.02558118415391,1.1558408654639973,18.483553886413574,-14.13355541229248,4.349998474121094,-53.5184326171875,23.449928283691406,18,right,23.73295013283043,85.43862047818956
2512.8223550573903,-53.621978759765625,-166.1497039794922,6.880157470703125,-52.97529920765061,-165.36061315679638,-1.0202248622663659,2.455059172061468,-0.02218328597803132,45.078984285300464,1.0050917212258481,18.384557723999023,-13.13455581665039,5.250001907348633,-55.6162109375,24.449913024902344,18,right,24.877768182415767,89.55996545669676
2516.733100824848,-56.546478271484375,-163.55352783203125,6.91339111328125,-55.86771857332767,-162.85283942981877,-0.9755403450585035,2.3720898741214227,-0.020083135350819625,49.79302198245596,0.7997076238595691,18.38455820083618,-12.1355562210083,6.249001979827881,-58.36502456665039,25.29990005493164,18,right,26.146201151103238,94.12632414397166
2520.772377806237,-59.34242248535156,-160.6384735107422,6.943603515625,-58.65197838569781,-160.02689880574002,-0.9223538770695128,2.295693719241042,-0.017700898006676402,56.49430891149259,0.8142800696343877,18.38455867767334,-11.136556625366211,7.248002052307129,-61.656368255615234,26.09988784790039,18,right,27.85009659375788,100.26034773752836
2524.941737892621,-62.00251770019531,-157.42816162109375,6.98040771484375,-61.31995569367975,-156.90244198017814,-0.86155210729415,2.227110138103701,-0.015249015452551973,65.57800423978499,0.948772645696494,18.360458374023438,-10.210445404052734,8.150012969970703,-65.3817367553711,26.799877166748047,18,right,29.55939398060078,106.41381833016281
2529.2394465897173,-64.52503967285156,-153.9488983154297,7.02410888671875,-63.86780594000369,-153.50301745483,-0.7942077319204751,2.1668921415207176,-0.012889468541163296,77.58271776733382,1.0070520987309095,18.4298677444458,-9.479851722717285,8.950016021728516,-69.4326171875,27.449867248535156,18,right,31.223524344424828,112.40468763992938
2533.6626388455093,-66.91426086425781,-150.2267608642578,7.068206787109375,-66.29705059090624,-149.85326103179145,-0.721422654470401,2.1149881021479042,-0.01076169337800087,92.9221791474014,0.8589371857602779,18.03087043762207,-8.480852127075195,9.550018310546875,-73.70051574707031,27.949859619140625,18,right,32.84832641842684,118.25397510633664
2538.2077144907453,-69.18417358398438,-146.2892303466797,7.100799560546875,-68.61877352483184,-145.9804812020087,-0.6442074675326026,2.070618802424906,-0.009187794430185359,108.84004943717765,0.8289959320676776,17.481872081756592,-7.481852054595947,10.000020027160645,-78.07691192626953,28.349853515625,18,right,34.438136811894566,123.97729252282043
2542.8762170305213,-71.3414306640625,-142.14927673339844,7.144866943359375,-70.83650787133978,-141.89931267807935,-0.563408426953729,2.0304793241957553,-0.0077702607009371705,128.69581066686607,1.0663934212543413,16.960021495819092,-6.660000324249268,10.300021171569824,-82.45331573486328,28.64984893798828,18,right,35.998096562329984,129.59314762438794
2547.656911143234,-73.39236450195312,-137.83123779296875,7.20184326171875,-72.95566501247175,-137.63275899177364,-0.4796876886445281,1.997384028558176,-0.006757452774493744,147.98475599778322,1.585697113378337,17.000028610229492,-6.600007057189941,10.40002155303955,-86.72120666503906,28.84984588623047,18,right,37.528404995681306,135.1022579844527
2552.552724037947,-75.34797668457031,-133.34402465820312,7.299224853515625,-74.9846351896878,-133.19282769986253,-0.39354486671141525,1.9651292885083282,-0.0056854251622703855,175.888341057798,2.354289970368695,17.000028610229492,-6.600007057189941,10.40002155303955,-90.7720947265625,28.84984588623047,18,right,39.03343231099879,140.52035631959566
2557.5435046733583,-77.21098327636719,-128.71600341796875,7.435302734375,-76.92634405664883,-128.6054217661093,-0.3053650063937317,1.9413476786631,-0.0039296984782741795,254.47245012018678,2.8713215923485857,17.000028610229492,-6.600007057189941,10.40002155303955,-94.4974594116211,28.799846649169922,19,straight,40.51014257418923,145.83651326708124
2562.6318123017004,-79.01394653320312,-123.96031188964844,7.5889129638671875,-78.81189180287042,-123.88543450650334,-0.21548256671128135,1.9256860528344668,-0.0021740281071078726,459.9756538245994,3.0887030523114256,16.74601984024048,-6.495998859405518,10.250020980834961,-97.78880310058594,28.64984893798828,19,straight,41.962243221609285,151.06407559779342
2567.8128974473752,-80.79412841796875,-119.097412109375,7.75262451171875,-80.67733766030906,-119.05499250132496,-0.12425580156211535,1.9191909890653567,-0.0007154569257375454,1397.708183436937,3.156698640870692,15.697019577026367,-5.4969987869262695,10.200020790100098,-100.53761291503906,28.399852752685547,19,straight,43.390916894376545,156.20730081975557
2573.057435729299,-82.57913208007812,-114.16876220703125,7.9180145263671875,-82.54890475642287,-114.15781395420223,-0.03214895543198253,1.9182956816449337,0.00010686414327365501,9357.67573075681,3.1644585992851804,14.748019695281982,-4.4979987144470215,10.250020980834961,-102.63539123535156,28.19985580444336,19,straight,44.79070117955866,161.24652424641118
2578.351360015952,-84.38523864746094,-109.19529724121094,8.08612060546875,-84.44178143707337,-109.21590803772794,0.06018215674285488,1.9203447187137472,0.0004908986638225699,2037.0803053589884,3.2726471371770316,13.749019861221313,-3.4989988803863525,10.250020980834961,-103.9736328125,28.19985580444336,19,straight,46.160638019964765,166.17829687187316
2583.766054573092,-86.24607849121094,-104.11367797851562,8.268707275390625,-86.38854153548762,-104.16613057913086,0.15181236542482612,1.9235778970134585,0.0004847738594079276,2062.8174984957673,3.696666447953334,12.700019598007202,-2.4999988079071045,10.200020790100098,-104.4438247680664,27.899860382080078,19,straight,47.52099048756532,171.07556575523515
2589.2797003747037,-88.15542602539062,-98.94595336914062,8.490753173828125,-88.38187956432594,-99.02985545880183,0.24149692740457218,1.9256200573379822,0.0002347091845743554,4260.591684187808,3.9122753390997578,12.400019884109497,-2.1999990940093994,10.200020790100098,-104.70994567871094,27.449867248535156,19,straight,48.8673048567258,175.9222974842129
2594.8852137497342,-90.10365295410156,-93.69419860839844,8.703506469726562,-90.41085429927048,-93.80820769882939,0.32767474601270474,1.9261625300864895,2.2422716548065047e-05,44597.62927727391,3.662910047509771,12.30001974105835,-2.1499991416931152,10.150020599365234,-104.96732330322266,27.04987335205078,19,straight,50.19905001625391,180.7165800585141
2600.5844879134825,-92.08384704589844,-88.35377502441406,8.904586791992188,-92.46691183263232,-88.49580662451255,0.40854816883938827,1.9258594821482478,-9.372709793448175e-05,10669.273049497724,3.4469819044537053,11.900018811225891,-1.9999991655349731,9.900019645690918,-105.21245574951172,26.799877166748047,19,straight,51.517788299590016,185.46403787852407
2606.3764871145686,-94.09428405761719,-82.92538452148438,9.099456787109375,-94.54657773711766,-83.09268261631209,0.4822429108333854,1.925077904456184,-0.00011488098616918574,8704.660652262295,3.130274471667127,12.000019073486328,-2.049999237060547,9.950019836425781,-105.44184875488281,26.549880981445312,19,straight,52.824263107005756,190.16734718522073
2612.259716032411,-96.133056640625,-77.40933227539062,9.269622802734375,-96.6462226473821,-77.59882203823837,0.5470335645233608,1.9245219093773673,-9.123987644754639e-05,10960.12005863355,2.4316419152258906,12.100019216537476,-2.099999189376831,10.000020027160645,-105.65200805664062,26.199886322021484,19,straight,54.11903743858853,194.8285347789187
2618.2373385806773,-98.20195007324219,-71.80238342285156,9.386993408203125,-98.76640374584905,-72.01047443590224,0.6015894100063773,1.923996343209762,-6.522380588180887e-05,15331.825343220322,1.9520917182000441,12.15001916885376,-2.1499991416931152,10.000020027160645,-105.83943176269531,25.999889373779297,19,straight,55.40360365960363,199.4529731745731
2624.3085990589966,-100.30052185058594,-66.1065673828125,9.504806518554688,-100.90593326051564,-66.32958179165306,0.6451809062763427,1.923740319539327,4.106659775016119e-06,243506.90215044047,1.6912304791306787,12.200018882751465,-2.2499990463256836,9.950019836425781,-106.00061798095703,25.699893951416016,19,straight,56.678498941289455,204.04259618864205
2630.46796448379,-102.43002319335938,-60.32771301269531,9.593399047851562,-103.0659611155143,-60.562199565155005,0.6777912540887154,1.9240547837615565,7.942046263109681e-05,12591.213484173957,1.2541184988230425,12.100018501281738,-2.2499990463256836,9.850019454956055,-106.132080078125,25.399898529052734,19,straight,57.943237918682755,208.59565650725793
2636.7193503703797,-104.59466552734375,-54.46343994140625,9.660110473632812,-105.25137247432475,-54.706089325476995,0.700101948149715,1.9247312466178665,0.0001324866874879982,7547.928165164434,0.9427257477498285,12.050018787384033,-2.1499991416931152,9.900019645690918,-106.23030853271484,25.399898529052734,19,straight,59.19924989957568,213.11729963847247
2643.0599777829384,-106.79437255859375,-48.51683044433594,9.711883544921875,-107.46326690227313,-48.764740587532756,0.7133576116550177,1.9257274217861007,0.00016260092983605423,6150.026331388577,0.6130816019546237,11.900018811225891,-1.9999991655349731,9.900019645690918,-106.29180908203125,25.199901580810547,19,straight,60.446537881249206,217.60753637249715
2649.4892216733742,-109.03227233886719,-42.48970031738281,9.738037109375,-109.70632662413682,-42.74035210071943,0.7191491472428986,1.926808619562519,0.00012643192683825522,7909.394604729099,0.4198117078758834,11.850018620491028,-1.9999991655349731,9.850019454956055,-106.3130874633789,24.749908447265625,19,straight,61.68551182299485,222.06784256278146
2656.004923702792,-111.30516052246094,-36.38334655761719,9.766250610351562,-111.97909843699716,-36.63437568651326,0.7191717014759139,1.9273568107433876,8.573190739730174e-05,11664.268652810508,0.2507366572086167,11.850018620491028,-1.9999991655349731,9.850019454956055,-105.94293212890625,24.34991455078125,19,straight,62.91625919586393,226.49853310511014
2662.604137610469,-113.6103515625,-30.199844360351562,9.770614624023438,-114.28024883768356,-30.449808256834235,0.715013502560029,1.9279332549430699,5.5409481737933586e-05,18047.452685618522,0.06297688232320686,11.850018620491028,-1.9999991655349731,9.850019454956055,-105.59867858886719,23.899921417236328,19,straight,64.13871300364283,230.8993668131142
2669.291393286915,-115.9490966796875,-23.934890747070312,9.774612426757812,-116.61239441227647,-24.182508550801582,0.7080102109308632,1.928087345343846,1.4297437807564428e-05,69942.60184652975,0.09874919501354773,11.900018811225891,-1.9999991655349731,9.900019645690918,-105.28504943847656,23.5499267578125,19,straight,65.35415432758862,235.27495557931903
2676.0600558697784,-118.31634521484375,-17.59368896484375,9.783966064453125,-118.9713567436924,-17.838240929829503,0.6991750614138366,1.9281242076310876,1.474268103018872e-05,67830.26763939958,-0.046450812851350776,11.950019001960754,-1.9999991655349731,9.950019836425781,-105.00674438476562,23.04993438720703,19,straight,66.56179429430998,239.6224594595159
2682.9050340830377,-120.71109008789062,-11.181304931640625,9.76800537109375,-121.35671160451408,-11.422472666882339,0.6891944712842584,1.9282894738677903,1.1829136302154986e-05,84537.02573516073,-0.01865064986162901,11.90001904964447,-1.949999213218689,9.950019836425781,-104.76847839355469,22.649940490722656,19,straight,67.76116581867655,243.94019694723556
2689.8288471760156,-123.13400268554688,-4.695281982421875,9.78173828125,-123.76957527023518,-4.93269285646328,0.6784662360946759,1.928285127652132,-6.277199572136547e-07,1000000.0,0.19834316686245757,11.850019097328186,-1.8999992609024048,9.950019836425781,-104.57496643066406,22.24994659423828,19,straight,68.95313032132758,248.2312691567793
