s_m,x_center_m,y_center_m,z_center_m,x_line_m,y_line_m,offset_m,heading_rad,curvature_1_per_m,radius_m,slope_pct,width_m,drive_left_m,drive_right_m,limit_left_m,limit_right_m,segment_id,segment_kind,v_target_ms,v_target_kmh
0.0,-286.13604736328125,-64.01547241210938,13.077255249023438,-285.43124798049473,-63.74953718973195,0.7533018734061067,-1.209992840397559,-4.949275882674574e-05,20204.975913761406,-0.8171250577065621,21.74999475479126,-18.999996185302734,2.7499985694885254,-150.0,2.7499985694885254,0,straight,73.415237738535,264.294855858726
9.852270510429054,-282.6588134765625,-73.23336791992188,12.996749877929688,-281.8881665820336,-72.94301628548685,0.8235294212510973,-1.2104804564458276,-9.508766774422167e-05,10516.610867877433,-0.8309792258633597,21.69999623298645,-18.89999771118164,2.7999985218048096,-150.0,2.7999985218048096,0,straight,71.81862215026807,258.54703974096503
19.747351488432756,-279.1763000488281,-82.4949951171875,12.91314697265625,-278.34961546760974,-82.1848458434152,0.882949584543566,-1.2118744823551018,-0.00019137488613649167,5225.346022083502,-0.9054275781880561,21.749996185302734,-18.89999771118164,2.8499984741210938,-150.0,2.8499984741210938,0,straight,70.17851706518114,252.6426614346521
30.00567877101581,-275.55870056152344,-92.09376525878906,12.813827514648438,-274.6870963481778,-91.76924695445872,0.9300570060847106,-1.2143746696364224,-0.00017454036429150055,5729.33375072998,-0.9377095497653531,21.74999690055847,-18.849998474121094,2.899998426437378,-150.0,2.899998426437378,0,straight,68.43672023758982,246.37219285532336
40.29664116559322,-271.94996643066406,-101.73078918457031,12.720474243164062,-271.04636150324995,-101.39546903356943,0.9638160968329709,-1.2154566401316451,-8.20238595740791e-05,12191.57456370191,-0.9635179021738383,21.74999761581421,-18.799999237060547,2.949998378753662,-150.0,2.949998378753662,0,straight,66.64365684442788,239.91716463994038
50.30865183229453,-268.4687042236328,-111.11752319335938,12.618515014648438,-267.54607250241065,-110.77576791702067,0.9838932675400907,-1.216052718493416,-8.24408081172151e-05,12129.915060732917,-0.9392976878497494,21.74999761581421,-18.799999237060547,2.949998378753662,-150.0,2.949998378753662,0,straight,64.85163617848669,233.46589024255206
60.35906165311827,-264.9825439453125,-120.54354858398438,12.532089233398438,-264.0530949292955,-120.20038767008182,0.9907748917919704,-1.217112364687868,-9.66138947736464e-05,10350.478079192108,-0.8345325846398688,21.799996852874756,-18.849998474121094,2.949998378753662,-150.0,2.949998378753662,0,straight,63.00149737506474,226.80539055023306
70.4201297045987,-261.50367736816406,-129.98367309570312,12.45068359375,-260.5786633448655,-129.64307767132766,0.9857262228451273,-1.2179955786056826,-2.593772460816879e-05,38553.88300657111,-0.7965398648690281,21.74999690055847,-18.849998474121094,2.899998426437378,-150.0,2.899998426437378,0,straight,61.09330385797913,219.93589388872488
80.23766238015097,-258.11170959472656,-139.19630432128906,12.373687744140625,-257.20100958051967,-138.86062996049884,0.9705935258223988,-1.2176577299178297,6.910218525175982e-05,14471.32238085818,-0.8461482619750327,21.79999613761902,-18.89999771118164,2.899998426437378,-150.0,2.899998426437378,0,straight,59.17200959856675,213.01923455484032
89.62566026381897,-254.86203002929688,-148.00350952148438,12.2886962890625,-253.97331287647708,-147.6749682402022,0.9475006866607881,-1.2166975831645288,0.0001969488805697306,5077.459679421461,-0.7660576090611326,21.79999613761902,-18.89999771118164,2.899998426437378,-150.0,2.899998426437378,0,straight,57.274524679501106,206.188288846204
98.61363427676325,-251.7352294921875,-156.42987060546875,12.231826782226562,-250.8745235371774,-156.10915324569302,0.9185174826051887,-1.2141127336196043,0.00023364938761571974,4279.917059507503,-0.5706292249872957,21.79999613761902,-18.89999771118164,2.899998426437378,-150.0,2.899998426437378,0,straight,55.39702681925344,199.4292965493124
107.20610505337349,-248.73068237304688,-164.47979736328125,12.187896728515625,-247.90151923445845,-164.1693552873004,0.8853732506311052,-1.212548194554636,0.00018541001448627026,5393.45192745266,-0.6507360842175625,21.79999613761902,-18.89999771118164,2.899998426437378,-150.0,2.899998426437378,0,straight,53.54062506091629,192.74625021929864
115.41057265522028,-245.8490753173828,-172.1613006591797,12.123580932617188,-245.05419002306093,-171.86228923780936,0.8492646591252231,-1.2110009368588168,0.00017661671427816883,5661.978279275506,-0.6870109084157194,21.799996852874756,-18.849998474121094,2.949998378753662,-145.14918518066406,2.949998378753662,0,straight,51.70588468071362,186.14118485056906
123.1773710045524,-243.11026000976562,-179.4290313720703,12.077346801757812,-242.35176690095597,-179.14259754968185,0.8107750185592728,-1.209717203281339,0.00013983396220478006,7151.338517716808,-0.5718065139590833,21.381996393203735,-18.38199806213379,2.9999983310699463,-137.38352966308594,2.9999983310699463,0,straight,49.90690789196731,179.66486841108232
130.60455592935102,-240.48446655273438,-186.37644958496094,12.036544799804688,-239.7644479439029,-186.1038391456409,0.7698982067064986,-1.2088593930410496,0.00020365432432450925,4910.28119985593,-0.6815028406127244,20.432995796203613,-17.382997512817383,3.0499982833862305,-129.95745849609375,3.0499982833862305,0,straight,48.123731443380876,173.24543319617115
137.73092058273494,-237.95643615722656,-193.03909301757812,11.97894287109375,-237.2778612779248,-192.78057890329887,0.7261497187914954,-1.206805275469216,0.0005447270904605506,1835.7816556443515,-0.6804853063014149,19.48399519920349,-16.383996963500977,3.0999982357025146,-122.83232879638672,3.0999982357025146,0,straight,46.34833000882758,166.8539880317793
144.59377767577482,-235.49925231933594,-199.44686889648438,11.940689086914062,-234.86630598000244,-199.20179124338364,0.6787371542247067,-1.2013717574238043,0.001187640349404634,842.0057473639234,-0.6132818436043297,18.58499550819397,-15.384997367858887,3.199998140335083,-115.9705810546875,3.199998140335083,0,straight,44.57178215619928,160.45841576231743
151.267572545068,-233.06219482421875,-205.6596221923828,11.896133422851562,-232.48012183448046,-205.42718877194832,0.6267649163105234,-1.1908762433656734,0.002325380489715853,430.0371506609629,-0.8483102077376237,17.68599581718445,-14.385997772216797,3.2999980449676514,-109.29793548583984,3.2999980449676514,0,straight,42.773468359343916,153.9844860936381
157.78113524013662,-230.59580993652344,-211.68780517578125,11.829391479492188,-230.0712867617362,-211.46613191848442,0.5694414753857346,-1.1709444623319003,0.004397470007209817,227.40348390334955,-0.8824850957317887,16.83699607849121,-13.386998176574707,3.449997901916504,-102.78571319580078,3.449997901916504,1,left,40.94223545972017,147.39204765499264
164.11430429135953,-228.03704833984375,-217.48086547851562,11.782257080078125,-227.57812511454955,-217.26708669092184,0.5062725518329866,-1.134858970724659,0.006949271199386528,143.89998192735356,-0.9184870035410353,16.137996196746826,-12.387998580932617,3.749997615814209,-96.45372009277344,3.749997615814209,1,left,39.079527005535105,140.6862972199264
170.25229812731192,-225.32125854492188,-222.98495483398438,11.71551513671875,-224.9346945444443,-222.78073013529288,0.43719498398407636,-1.0847599322003931,0.009299124503105535,107.53700519506326,-1.4861693668902443,15.588996887207031,-11.388998985290527,4.199997901916504,-90.31708526611328,4.199997901916504,1,left,37.185290822758475,133.86704696193053
176.22008461588374,-222.3868865966797,-228.18028259277344,11.603683471679688,-222.0773627932112,-227.991307905069,0.36265192334605845,-1.0226674990092512,0.011051629752280606,90.48439211362837,-2.11786134575892,15.239999771118164,-10.389999389648438,4.850000381469727,-84.35134887695312,4.850000381469727,1,left,35.24610999088494,126.88599596718578
182.09455812881902,-219.1675262451172,-233.09210205078125,11.465164184570312,-218.93617678307226,-232.92805715858216,0.2836076519508799,-0.9540034676676868,0.012009682438642352,83.26614838560594,-2.5676155426665126,15.240000247955322,-9.390999794006348,5.849000453948975,-78.47950744628906,5.850004196166992,1,left,33.811044995562966,121.71976198402668
187.90814359806754,-215.6457977294922,-237.71478271484375,11.3038330078125,-215.4901815235864,-237.58674947559123,0.20151653503870526,-0.8823365268451777,0.01194227608244415,83.73613146241519,-3.115160597962363,15.24000072479248,-8.392000198364258,6.848000526428223,-72.66915893554688,7.100008964538574,1,left,33.906331371120814,122.06279293603494
193.71068313573466,-211.8167724609375,-242.0699920654297,11.103378295898438,-211.73067496584738,-241.9888909205535,0.11828006747132899,-0.8152719937269959,0.010655859649639735,93.84507987901371,-3.7138929836058043,15.24000072479248,-7.39300012588501,7.847000598907471,-66.87108612060547,8.650014877319336,1,left,35.86373719378954,129.10945389764234
199.55681427607632,-207.69041442871094,-246.20477294921875,10.870986938476562,-207.66553593407724,-246.17850764176268,0.03617742211657421,-0.7582888555355327,0.008851166421216708,112.97945970182504,-4.130743069657683,15.24000072479248,-6.394000053405762,8.846000671386719,-61.030574798583984,10.500021934509277,1,left,37.7333003351024,135.83988120636863
205.47731701806072,-203.30496215820312,-250.1741180419922,10.617095947265625,-203.33253272122715,-250.2061129256251,-0.04223515744193219,-0.7112576787304951,0.008250317014327914,121.20746369664946,-4.475188510173567,14.486999988555908,-5.394999980926514,9.092000007629395,-57.10335159301758,12.400029182434082,1,left,39.53664970497973,142.33193893792702
211.48242180904404,-198.66761779785156,-253.97909545898438,10.33697509765625,-198.7376763133521,-254.06939344633355,-0.11428876634844348,-0.6598465750568305,0.008868009901846406,112.76487183350915,-4.752879281775268,12.48900032043457,-4.395999908447266,8.093000411987305,-56.069190979003906,14.450037002563477,1,left,39.34696789477577,141.64908442119278
217.5704785958344,-193.7672576904297,-257.57965087890625,10.04217529296875,-193.8680382071194,-257.72571548037246,-0.1774586722190056,-0.6039641551428904,0.00937738461585038,106.63954193685548,-5.157988001332248,10.491000413894653,-3.3970000743865967,7.094000339508057,-55.65552520751953,16.800029754638672,1,left,38.263394119041365,137.74821882854891
223.74902432817163,-188.59320068359375,-260.93955993652344,9.703689575195312,-188.71224690822496,-261.1360226194105,-0.22971632368233164,-0.5447817596469574,0.009133649723368754,109.48525838925768,-5.429882984547474,8.493000268936157,-2.3980000019073486,6.095000267028809,-53.78350067138672,19.449989318847656,1,left,38.770569416197894,139.5740498983124
230.02141684441867,-183.1500701904297,-264.0381622314453,9.366195678710938,-183.27718697978955,-264.27629484198127,-0.2699366932038404,-0.4903258126850222,0.007608809924017738,131.42659758701953,-5.206260844908539,6.495000243186951,-1.3990000486373901,5.0960001945495605,-51.916873931884766,22.299945831298828,1,left,40.629839185294706,146.26742106706095
236.39360325368764,-177.46751403808594,-266.90357971191406,9.045730590820312,-177.5969290674798,-267.1723207089523,-0.2982783487317415,-0.44878743064691845,0.00532446161878225,187.81241590181816,-4.319391710656162,5.317000150680542,-1.2200000286102295,4.0970001220703125,-49.214447021484375,25.199901580810547,1,left,42.4353550316715,152.7672781140174
242.8580838712426,-171.60980224609375,-269.6280212402344,8.81304931640625,-171.73946526122975,-269.9166658904746,-0.31643045303264694,-0.42219951110131076,0.0030915516852322994,323.4621645747643,-3.004956923340696,5.317000150680542,-2.2190001010894775,3.0980000495910645,-46.010536193847656,27.999858856201172,2,straight,44.19170865557878,159.09015116008362
249.42189342503232,-165.6006622314453,-272.2641143798828,8.655426025390625,-165.73087267289148,-272.56475951551073,-0.32763128153204313,-0.4087142607687275,0.0011920557565466734,838.886935034776,-1.9044932452766505,5.782000303268433,-3.2180001735687256,2.564000129699707,-42.63946533203125,30.59981918334961,2,straight,45.90634676169701,165.26284834210924
256.07524313920595,-159.4915008544922,-274.89784240722656,8.562225341796875,-159.62454626840582,-275.20682338578456,-0.33640797742339634,-0.406599417896997,-0.00020116704173240435,4970.993217319447,-1.1906424023543694,6.247000217437744,-4.2170000076293945,2.0300002098083496,-39.4355583190918,32.899784088134766,2,straight,47.581358174646205,171.29288942872634
262.8116567350653,-153.3091278076172,-277.5723876953125,8.496353149414062,-153.44834297254314,-277.8913890653579,-0.34805565106202857,-0.41149460311196284,-0.0008191751227605328,1220.7401961013009,-0.8766287499250791,6.53600013256073,-5.216000080108643,1.3200000524520874,-36.73312759399414,34.22465515136719,2,straight,49.21924020827194,177.189264749779
269.63142626856427,-147.06866455078125,-280.32249450683594,8.443557739257812,-147.21793131291955,-280.65880178433525,-0.36794449469755774,-0.4177198221070447,-0.000904228433230285,1105.9152347461345,-1.0747215866850568,7.970937728881836,-6.215000152587891,1.7559375762939453,-34.86650466918945,36.68513107299805,2,straight,50.82365029815572,182.9651410733606
276.5277696159629,-140.77395629882812,-283.1380157470703,8.348480224609375,-140.93880915826014,-283.50333787739334,-0.40079511494861475,-0.4238957792757155,-0.0009513403543338142,1051.1485142457352,-1.4397039498859732,8.725741386413574,-6.010741233825684,2.7150001525878906,-34.17000198364258,38.01000213623047,2,straight,52.396140037219,188.6261041339884
283.5093296461431,-134.4214324951172,-286.0322570800781,8.24365234375,-134.60943738926906,-286.44118602699876,-0.45007635336094143,-0.43093200047851216,-0.0009474504017279936,1055.4642207931565,-1.438245052121745,9.203322172164917,-5.52925968170166,3.674062490463257,-33.34977722167969,39.24968719482422,2,straight,53.9413867861013,194.18899242996469
290.5674787377876,-128.01806640625,-288.99957275390625,8.146652221679688,-128.23723464890242,-289.46853197510177,-0.5176460854016507,-0.43718840785706437,-0.000867893076969297,1152.2156663491585,-1.273470201877347,9.35899829864502,-5.248998165130615,4.110000133514404,-29.849830627441406,40.19967269897461,2,straight,55.45983702737293,199.65541329854256
297.70229779975875,-121.56396484375,-292.0398406982422,8.063064575195312,-121.8228761266923,-292.5852001957445,-0.6036986284155289,-0.4432471246184755,-0.0005709716862905452,1751.4003303679387,-1.2627248029965288,9.344998359680176,-4.249998092651367,5.095000267028809,-28.04985809326172,40.84966278076172,2,straight,56.953650797403284,205.03314287065183
304.9092036083661,-115.05863952636719,-295.13995361328125,7.965423583984375,-115.36318715598829,-295.7779946951394,-0.7069976526457121,-0.44533681438569567,0.0003195956673858781,3128.9535561588364,-1.4619700781571265,9.493998289108276,-3.3999979496002197,6.094000339508057,-26.199886322021484,41.249656677246094,2,straight,58.42379469007218,210.32566088425983
312.1887820554119,-108.48158264160156,-298.2578887939453,7.8511199951171875,-108.83201418336925,-299.0051033148841,-0.8253070978535498,-0.4385282647867632,0.0014931026094665983,669.7463346857613,-1.3821339425453827,9.892998933792114,-2.7999985218048096,7.093000411987305,-24.449913024902344,41.44965362548828,2,straight,59.87212751468113,215.53965905285207
319.5388416656094,-101.80665588378906,-301.3337707519531,7.76348876953125,-102.19941048522035,-302.2052535389985,-0.955896660242006,-0.423414253047458,0.0024443752816671153,409.10248418073473,-1.161324257798213,10.391999006271362,-2.2999989986419678,8.092000007629395,-22.59994125366211,41.44965362548828,2,straight,61.29977456824342,220.67918844567632
326.9513033062908,-95.01966857910156,-304.31275939941406,7.679718017578125,-95.44888553845385,-305.32121383646967,-1.095996144980778,-0.40239448521032756,0.002999352593727616,333.40528289046307,-1.159801051482745,11.140998840332031,-2.049999237060547,9.090999603271484,-20.799968719482422,41.19965744018555,2,straight,62.70663252634505,225.74387709484216
334.4060200204714,-88.1285400390625,-307.1548156738281,7.591033935546875,-88.58826641269165,-308.3098148685741,-1.2431297110414756,-0.37880847622504277,0.0033176241302429015,301.42052286278266,-1.142044685448762,11.90001904964447,-1.949999213218689,9.950019836425781,-18.500003814697266,40.84966278076172,2,straight,64.09037117376026,230.72533622553695
341.88993503718365,-81.14190673828125,-309.8360900878906,7.5091400146484375,-81.62404769830788,-311.14542702910217,-1.3952860391176647,-0.3528247258010246,0.0034440974557196427,290.35183030006635,-1.0738173326724054,11.750018119812012,-2.049999237060547,9.700018882751465,-16.100040435791016,40.3996696472168,2,straight,63.13739214805283,227.2946117329902
349.4574590052576,-74.00837707519531,-312.36073303222656,7.429443359375,-74.50650554364636,-313.82949759179314,-1.5509356216555734,-0.326974536336457,0.0034524077670836546,289.65292267452173,-1.1001604555706201,11.750016689300537,-2.349998950958252,9.400017738342285,-13.500033378601074,39.74967956542969,2,straight,63.061357167480445,227.0208858029296
357.0921851851619,-66.74760437011719,-314.71923828125,7.341827392578125,-67.25317686080886,-316.35167694147617,-1.70893520144717,-0.3003354357930763,0.003582760824712077,279.11436150091413,-1.1915891610517426,12.000015258789062,-2.8499984741210938,9.150016784667969,-10.350021362304688,38.89969253540039,2,straight,61.90353458808402,222.85272451710247
364.7934101063444,-59.36097717285156,-316.8958282470703,7.24664306640625,-59.86295699508832,-318.6954852028614,-1.8683545970880377,-0.27201699422077935,0.003684836614939761,271.3824531447639,-1.1647577081576599,12.349012851715088,-3.848998546600342,8.500014305114746,-8.10001277923584,38.049705505371094,2,straight,61.04010016198317,219.7443605831394
372.55700039682205,-51.855926513671875,-318.880859375,7.1617889404296875,-52.344644604943355,-320.8493588751345,-2.0282592671465314,-0.2433491539055082,0.003573921137486922,279.8047191111696,-1.2039368451024546,12.748010635375977,-4.84799861907959,7.900012016296387,-7.850011825561523,36.94972229003906,2,straight,61.98004298272285,223.12815473780228
380.3803412080709,-44.23970031738281,-320.66612243652344,7.0588531494140625,-44.709222794893236,-322.80261166511235,-2.1874728754350263,-0.2163247686157035,0.003726228473363612,268.3678703945157,-1.2629517056545858,13.749011993408203,-4.850000381469727,8.899011611938477,-9.150016784667969,35.799739837646484,2,straight,60.567183006119286,218.04185882202944
388.26755566930404,-36.51155090332031,-322.2392578125,6.96343994140625,-36.94226054443761,-324.5436878150551,-2.344335392307868,-0.184773159171594,0.003942088308279542,253.67265312136882,-1.1427492494112346,15.198013305664062,-5.300002098083496,9.898011207580566,-10.750022888183594,34.39976119995117,2,straight,59.01483282383963,212.45339816582268
396.2127876894245,-28.681243896484375,-323.58302307128906,6.8780059814453125,-29.063985074005377,-326.0500008431181,-2.496491565310942,-0.15391865158498025,0.003832925349885337,260.89733264174197,-1.0273398709708337,16.847015380859375,-5.950004577636719,10.897010803222656,-12.550029754638672,32.99978256225586,2,straight,59.849313763915404,215.45752955009547
404.21424411645734,-20.757827758789062,-324.695068359375,6.7996673583984375,-21.08354302822431,-327.3156641748655,-2.640759902927505,-0.12365638858127874,0.003856011894581737,259.335299614907,-1.0026997327595766,18.39601707458496,-6.500006675720215,11.896010398864746,-14.550037384033203,31.39980697631836,2,straight,59.66988119944549,214.81157231800378
412.2709396521034,-12.748855590820312,-325.5667724609375,6.7169647216796875,-13.003597529331941,-328.32819096146756,-2.773143629584702,-0.09199003214290226,0.004057421544664767,246.4619436240072,-0.9843648758826928,20.195019721984863,-7.300009727478027,12.895009994506836,-16.700031280517578,29.699832916259766,2,straight,58.17003031816743,209.41210914540275
420.3802659012145,-4.6631622314453125,-326.1806945800781,6.6405792236328125,-4.8307786274288205,-329.0648686030285,-2.889040506961491,-0.0580506135581403,0.004292644236106322,232.95664513466835,-0.9611834756068971,22.144022941589355,-8.25001335144043,13.894009590148926,-18.89999771118164,27.899860382080078,2,straight,56.55381505799457,203.59373420878046
428.5392354222989,3.4886627197265625,-326.51255798339844,6.560577392578125,3.4225938459360727,-329.4954928162018,-2.9836664211730692,-0.02214532892537293,0.004360056827960837,229.3548087692453,-0.9447249097642219,24.142022132873535,-9.24901294708252,14.893009185791016,-21.099964141845703,25.999889373779297,2,straight,56.11491129444728,202.0136806600102
436.7453927855661,11.694381713867188,-326.552978515625,6.4860076904296875,11.734975803862932,-329.60534805455285,-3.052639461567176,0.013298421588566952,0.004200664219840623,238.05758986323858,-0.8379169687843302,26.092029571533203,-10.200020790100098,15.892008781433105,-23.099933624267578,24.149917602539062,2,straight,57.16962872964333,205.810663426716
444.9984408747171,19.943527221679688,-326.3072204589844,6.4227294921875,20.088774668524795,-329.3964268079912,-3.092619066027858,0.0469831215469449,0.003973998111708333,251.63575117304782,-0.7834527846947881,27.891032218933105,-11.00002384185791,16.891008377075195,-24.899906158447266,22.24994659423828,3,straight,58.77742113207789,211.5987160754804
453.30014165155325,28.228683471679688,-325.78759765625,6.356292724609375,28.473710624513973,-328.87974639600253,-3.1018417326451697,0.07907647234678063,0.0038254903239657466,261.40439925707,-0.8258658846597544,27.84103298187256,-11.90002727508545,15.94100570678711,-26.699878692626953,20.449974060058594,3,straight,59.90744555365454,215.66680399315635
461.65156401960684,36.54301452636719,-325.0045928955078,6.2851715087890625,36.883275161759485,-328.0661510562912,-3.080408361217165,0.11068545483441201,0.003927198484651014,254.6344433336844,-0.3169555179635297,27.84103298187256,-12.899026870727539,14.94200611114502,-28.449851989746094,18.60000228881836,3,straight,59.12660322735939,212.8557716184938
470.04847314473886,44.873291015625,-323.9490203857422,6.3036956787109375,45.310728321568156,-326.9475199705461,-3.0302394553401335,0.14486347850655246,0.003739603212303995,267.40804925768936,0.17081052485606874,27.84103298187256,-13.898026466369629,13.94300651550293,-30.049827575683594,16.800029754638672,3,straight,60.591484589454375,218.12934452203575
478.48968074506985,53.20783996582031,-322.6114196777344,6.3138885498046875,53.718276034257784,-325.5217131154841,-2.954717054773776,0.17362395332597513,0.0035225918302594604,283.8818824849043,0.06081084522699953,27.84103298187256,-14.897026062011719,12.94400691986084,-31.5498046875,15.200039863586426,3,straight,62.20932349083353,223.9535645670007
486.9775068130241,61.545318603515625,-321.02093505859375,6.313934326171875,62.12576004110733,-323.8194845063168,-2.858109737890515,0.204508347205987,0.0035734403378495407,279.84236630680385,-0.15629110543215474,27.84103298187256,-15.896025657653809,11.94500732421875,-32.84978485107422,13.6000337600708,3,straight,61.9842124912438,223.1431649684777
495.51147153664937,69.87484741210938,-319.1643829345703,6.287139892578125,70.51250277327115,-321.83422682367865,-2.74493547316278,0.23444427163114875,0.0033765416120466202,296.16101766146187,-0.4024235534804521,27.84103298187256,-16.8950252532959,10.94600772857666,-34.199764251708984,12.050027847290039,3,straight,63.58378449366096,228.90162417717946
504.0918484551416,78.19204711914062,-317.0559997558594,6.2449798583984375,78.87122378050373,-319.5858229496886,-2.6194057206505086,0.2622834115446206,0.0030549956257107484,327.3327109158622,-0.5183145474285611,27.841033935546875,-17.894025802612305,9.94700813293457,-35.4997444152832,10.500021934509277,3,straight,65.15247545930143,234.54891165348513
512.7196508519932,86.49650573730469,-314.71661376953125,6.1979217529296875,87.19995562340588,-317.100014439405,-2.4850433588592797,0.2869971586338393,0.002655476870363521,376.5801958813918,-0.5723583597949611,27.84103488922119,-18.89302635192871,8.94800853729248,-36.749725341796875,9.150016784667969,3,straight,66.69264330175464,240.0935158863167
521.3971706219412,94.79254150390625,-312.1725158691406,6.145904541015625,95.50376765690015,-314.40653245190714,-2.344498396838505,0.30821645709948625,0.002271670319728483,440.2047213081179,-0.6476159345919275,27.84103536605835,-19.892026901245117,7.949008464813232,-37.94970703125,7.95001220703125,3,straight,68.20661572589411,245.5438166132188
530.1262476046269,103.08554077148438,-309.4486846923828,6.08514404296875,103.79103978104585,-311.5319991772703,-2.1995290621935917,0.32652124903290636,0.001976995787741128,505.81797199607496,-0.7399955947453019,27.841035842895508,-20.891027450561523,6.950008392333984,-38.999691009521484,6.950008392333984,3,straight,69.69641049208487,250.90707777150553
538.9077140941283,111.37980651855469,-306.565185546875,6.0162811279296875,112.06927719585795,-308.4969342358825,-2.051102828320225,0.34282211712270844,0.001716813120460535,582.4745792551668,-0.8406910453742311,27.44996452331543,-21.399959564208984,6.050004959106445,-39.99967575073242,6.050004959106445,3,straight,71.1636837124066,256.18926136466376
547.7413354695944,119.67822265625,-303.5381622314453,5.9369964599609375,120.3415929723952,-305.3180895317485,-1.8995266175305892,0.35674847194907716,0.0014376711926374006,695.5693381916522,-0.9100809280988664,26.899956703186035,-21.699954986572266,5.2000017166137695,-40.94966125488281,5.2000017166137695,3,straight,72.60976269667572,261.3951457080326
556.6267007284019,127.98588562011719,-300.3876495361328,5.855010986328125,128.61397033784866,-302.0152852370028,-1.7446169744085318,0.3682817828369593,0.0011713170016623524,853.7398488887154,-0.8838629383051855,26.349949836730957,-21.949951171875,4.399998664855957,-41.549652099609375,4.399998664855957,3,straight,73.53609887969628,264.72995596690663
565.5638132295937,136.3083953857422,-297.1315612792969,5.779510498046875,136.89311320633539,-298.60571905460097,-1.5858865269018265,0.37761109274370297,0.0010131140248889128,987.0557266341755,-0.8559003380951724,25.74994659423828,-22.09994888305664,3.6499977111816406,-42.199642181396484,3.6499977111816406,3,straight,72.09170767918401,259.53014764506247
574.5529464192688,144.64964294433594,-293.78163146972656,5.701568603515625,145.18587387310876,-295.09947809187975,-1.4227660835474885,0.3864399030787223,0.0009896770780103807,1010.4305962207109,-0.9544208640336727,25.199947118759155,-22.09994888305664,3.0999982357025146,-45.14959716796875,3.0999982357025146,3,straight,70.6091101552346,254.19279655884458
583.5931224652497,153.00755310058594,-290.3376159667969,5.6073455810546875,153.4909691565771,-291.49564828046465,-1.2548824338115536,0.3954550558986525,0.0010245843010929616,976.0055848340282,-1.0632642244777168,24.64994764328003,-22.09994888305664,2.5499987602233887,-45.699588775634766,2.5499987602233887,3,straight,69.08601316549456,248.70964739578042
592.6833165784055,161.37924194335938,-286.79689025878906,5.5087738037109375,161.80574555620203,-287.7917165178204,-1.0823976244551579,0.4050187395050158,0.0010605520359475533,942.9051721225042,-1.0529357175971088,24.099949598312378,-21.999950408935547,2.099999189376831,-46.14958190917969,2.099999189376831,3,straight,67.51985463597666,243.07147668951598
601.8222018848533,169.7610626220703,-283.15606689453125,5.415435791015625,170.12633506143433,-283.98559710531015,-0.9063908238468807,0.41478876965188244,0.0010668848426399306,937.3082829872915,-1.0625779943431501,23.54995286464691,-21.79995346069336,1.7499994039535522,-46.499576568603516,1.7499994039535522,3,straight,65.90780174642663,237.26808628713587
611.0089015944134,178.15084838867188,-279.41485595703125,5.3140106201171875,178.45123417173053,-280.0793307795315,-0.729217668738571,0.42456981969845126,0.0011771646905837374,849.4988067507494,-1.1557068845364393,22.899959206581116,-21.399959564208984,1.4999996423721313,-46.74957275390625,1.4999996423721313,3,straight,64.24656048497894,231.2876177459242
620.2427513094566,186.54238891601562,-275.56341552734375,5.2024993896484375,186.77692283624816,-276.0661767789928,-0.5547747614116759,0.43648342295280007,0.0012571003632009942,795.4814343173591,-1.2602168996364183,22.249966263771057,-20.949966430664062,1.2999998331069946,-46.89957046508789,1.2999998331069946,3,straight,62.532335768071135,225.1164087650561
629.5230882764843,194.93002319335938,-271.59385681152344,5.0806427001953125,195.09827693438095,-271.94409725145476,-0.3885584732457363,0.44784092441996015,0.0011057591196101217,904.3560955233983,-1.3518096170415328,21.799972414970398,-20.549972534179688,1.2499998807907104,-46.89957046508789,1.2499998807907104,3,straight,60.7607716949703,218.7387781018931
638.8500626247846,203.3170166015625,-267.515380859375,4.950927734375,203.42179012529857,-267.72843174638814,-0.23741982169388662,0.4570475869626695,0.0007301941525354599,1369.4987785477201,-1.406384898266011,21.69997465610504,-20.399974822998047,1.2999998331069946,-46.89957046508789,1.2999998331069946,3,straight,58.92666698351164,212.1360011406419
648.2235985036676,211.71734619140625,-263.3584747314453,4.817626953125,211.76586711159786,-263.4560467057919,-0.10897050001779272,0.46147194400105346,0.0002723161046877254,3672.202939105404,-1.4289566990618812,21.749975323677063,-20.3499755859375,1.399999737739563,-46.849571228027344,1.399999737739563,3,straight,57.02400298367105,205.2864107412158
657.6433772071116,220.14869689941406,-259.1601104736328,4.682373046875,220.15345384970956,-259.1696601782028,-0.010668900294195191,0.4621467952592426,-1.571606626396202e-05,63629.1539628505,-1.4395807669450948,21.749976754188538,-20.249977111816406,1.4999996423721313,-46.6995735168457,1.4999996423721313,3,straight,55.045738995026824,198.16466038209657
667.074691024353,228.5915985107422,-254.95909118652344,4.5462493896484375,228.56878836248475,-254.91318733096404,0.0512588218626405,0.4611736623786983,-6.777380235605326e-05,14754.963794807423,-1.4171282811782038,21.74997889995575,-20.099979400634766,1.6499994993209839,-46.59957504272461,1.6499994993209839,3,straight,52.991115828585606,190.7680169829082
676.2866573960137,236.84144592285156,-250.86227416992188,4.418060302734375,236.80904610429369,-250.79702170660988,0.07285349827472092,0.4608679169209981,2.1924701195007862e-05,45610.65581261808,-1.3106181429513197,21.74998104572296,-19.949981689453125,1.7999993562698364,-46.499576568603516,1.7999993562698364,3,straight,50.904281595105786,183.25541374238082
685.0672796614189,244.70472717285156,-246.95632934570312,4.30975341796875,244.6810529619197,-246.90872820414,0.05316330446235936,0.46152171085183846,0.00015051580936285489,6643.8203683259435,-1.20101560168423,21.69998323917389,-19.799983978271484,1.8999992609024048,-46.39957809448242,1.8999992609024048,3,straight,48.83221795393016,175.7959846341486
693.4047657734613,252.1666259765625,-243.2382354736328,4.212188720703125,252.16908452531433,-243.2431558778494,-0.005500439947828568,0.46337875650885146,0.00028578465104604767,3499.1382369197736,-1.1825176748384847,21.699984669685364,-19.69998550415039,1.9999991655349731,-46.24958038330078,1.9999991655349731,3,straight,46.77985432498216,168.40747556993577
701.255716241955,259.1852264404297,-239.721435546875,4.118438720703125,259.2291974425637,-239.80884350296145,-0.09784477408570647,0.4660885553556375,0.0004479877410815125,2232.2039384065365,-1.2305888929396158,21.64998698234558,-19.54998779296875,2.099999189376831,-46.14958190917969,2.099999189376831,3,straight,44.76131269833475,161.1407257140051
708.6573223299182,265.7910461425781,-236.38404846191406,4.024810791015625,265.8890335733727,-236.57689181076498,-0.2163101795796118,0.47012194533416113,0.0006315325437820582,1583.449673094123,-1.2204395045503524,21.64998984336853,-19.349990844726562,2.2999989986419678,-45.99958419799805,2.2999989986419678,3,straight,42.77114926742145,153.97613736271722
715.6175791146683,271.98834228515625,-233.2167205810547,3.942779541015625,272.1493512263149,-233.52973685900358,-0.3519986781140069,0.4750843781287719,0.0006679169398716295,1497.1921511560934,-1.1737227710989395,21.69999122619629,-19.24999237060547,2.4499988555908203,-45.849586486816406,2.4499988555908203,3,straight,40.81121027831005,146.9203570019162
722.1443030923834,277.7857208251953,-230.2196044921875,3.8664703369140625,278.0141968578662,-230.65935885000056,-0.4955655281802814,0.4791679730328112,0.000495960758985739,2016.2885508221314,-1.187191974770746,21.749992609024048,-19.149993896484375,2.599998712539673,-45.64958953857422,2.599998712539673,3,straight,38.88370056861737,139.98132204702253
728.2413932721032,283.1925811767578,-227.40269470214844,3.793060302734375,283.487968140224,-227.9680727897382,-0.6378917150366525,0.4814530836466187,0.0004457378718775787,2243.471024321327,-1.1408920847368942,21.79999542236328,-18.949996948242188,2.8499984741210938,-45.44959259033203,2.8499984741210938,3,straight,36.99244922039655,133.1728171934276
733.8647591972848,288.1725311279297,-224.79144287109375,3.732177734375,288.5312769005233,-225.4733085046746,-0.770479896955407,0.48432761344578457,0.0004884722349847298,2047.19926411224,-1.048698813848864,21.799997568130493,-18.799999237060547,2.9999983310699463,-45.249595642089844,2.9999983310699463,3,straight,35.15807138969913,126.56905700291688
739.0171430510904,292.7301330566406,-222.38882446289062,3.67974853515625,293.14438674472825,-223.17161029880228,-0.8856408882826662,0.4867372287810627,0.0006089763340064169,1642.0999374820742,-0.9938312606129429,21.84999966621399,-18.650001525878906,3.199998140335083,-45.049598693847656,3.199998140335083,3,straight,33.388975479271075,120.20031172537587
743.743655795876,296.9042053222656,-220.17185974121094,3.6338043212890625,297.3640198448994,-221.03344973429395,-0.9766098050939949,0.49022824515240226,0.0007736095032964546,1292.6418247692989,-0.9743019544977138,21.85000252723694,-18.45000457763672,3.3999979496002197,-44.899600982666016,3.3999979496002197,3,straight,31.67934135449478,114.04562887618121
748.0711114924685,300.71876525878906,-218.12876892089844,3.591552734375,301.2105379027533,-219.04255709763146,-1.0377134311979637,0.4937147050519439,0.001543152997076816,648.0238847958,-1.0154122952810152,21.850005388259888,-18.25000762939453,3.5999977588653564,-44.69960403442383,3.9675745964050293,3,straight,30.028816901067362,108.1037408438425
752.040986549077,304.2074279785156,-216.23472595214844,3.5498199462890625,304.7202057929926,-217.16774856858092,-1.064646556277858,0.5025266606485612,0.0039365205155278,254.03144631291784,-1.1189687196179299,21.850008249282837,-18.050010681152344,3.799997568130493,-42.36685562133789,7.936230182647705,3,straight,28.430529786489952,102.34990723136383
755.7662396296846,307.4564666748047,-214.41282653808594,3.505767822265625,307.983501081463,-215.32653363241224,-1.0548108456135101,0.5231926721322945,0.008837475992911098,113.15447994451594,-1.262723306547242,21.850011825561523,-17.80001449584961,4.049997329711914,-38.64286422729492,11.660223007202148,4,left,26.844321866000566,96.63955871760204
759.3317984762003,310.51182556152344,-212.5755157470703,3.4580078125,311.05210067965,-213.42601797176556,-1.0075967633325238,0.5659307923338605,0.016191444418140216,61.76101243195091,-1.5506966286612411,21.892014503479004,-17.492015838623047,4.399998664855957,-35.0786247253418,15.224461555480957,4,left,25.23289056085719,90.83840601908588
762.7730818357028,313.35809326171875,-210.64224243164062,3.3976287841796875,313.9069331642506,-211.38617728827387,-0.9244805620049859,0.6356166082693662,0.02372651644403749,42.14693726146644,-2.102394255041229,21.443016052246094,-16.49301528930664,4.950000762939453,-32.03770065307617,18.664215087890625,4,left,23.57339302175825,84.8642148783297
766.1723255675245,316.0063934326172,-208.5128173828125,3.314483642578125,316.5445563688195,-209.11666817469623,-0.808860386445335,0.7279421491840132,0.028861254208646686,34.64852888134033,-2.889607443830661,21.344019889831543,-15.49401569366455,5.850004196166992,-31.852001190185547,22.06144142150879,4,left,21.8105569405248,78.51800498588929
769.5555936500022,318.42120361328125,-206.14585876464844,3.2017822265625,318.912993720263,-206.59444036429167,-0.6656447707776176,0.8313141958828357,0.028083609321172057,35.60795866954702,-3.6617547687308183,21.3440203666687,-14.495016098022461,6.84900426864624,-31.559852600097656,25.441831588745117,4,left,22.110465916425156,79.59767729913057
772.9783187243812,320.5997314453125,-203.50950622558594,3.06500244140625,320.9977369922946,-203.81327519475525,-0.500683534838833,0.9188829245468678,0.025168580629290463,39.732077653843895,-4.386113078071707,21.75312042236328,-13.905116081237793,7.848004341125488,-31.175445556640625,28.860822677612305,4,left,23.355813217563107,84.08092758322718
776.4502795474758,322.51881408691406,-200.6208953857422,2.89898681640625,322.7890781161727,-200.79260251867782,-0.32019679107085236,1.0048024024766848,0.024698626672438856,40.48808110921802,-5.190306822782786,21.75312042236328,-12.906116485595703,8.847003936767578,-30.712974548339844,32.32781219482422,4,left,23.57696793172519,84.87708455421068
779.9725095924466,324.15118408203125,-197.50601196289062,2.701568603515625,324.2667896100478,-197.56607574736543,-0.1302777659979546,1.0916249682362926,0.025264664525855768,39.58097282378729,-6.099523523303479,21.92400360107422,-12.07800006866455,9.846003532409668,-30.186634063720703,35.843505859375,4,left,23.311358733444756,83.92089144040112
783.5054117975187,325.44903564453125,-194.22840881347656,2.4685516357421875,325.39029265419197,-194.20441759249874,0.06345327097957944,1.1830610938888997,0.027457805538480595,36.41951643216918,-6.941542153135521,21.92400360107422,-11.079000473022461,10.845003128051758,-29.61061668395996,39.367713928222656,4,left,22.36101140707514,80.4996410654705
787.0089539707761,326.35943603515625,-190.8548583984375,2.2133331298828125,326.1137903708827,-190.78260786333144,0.2560506438177651,1.2847381022073212,0.029349921000772772,34.07164196365879,-7.6245683482796975,20.02700901031494,-10.080000877380371,9.94700813293457,-28.999113082885742,40.15003204345703,4,left,21.628225417913516,77.86161150448866
790.4743973027122,326.8577117919922,-187.43653869628906,1.9374542236328125,326.42177907681577,-187.35576074864835,0.443353593631709,1.387575356553496,0.02810858330417465,35.576321623135,-7.808150815309256,18.25800895690918,-9.3100004196167,8.94800853729248,-28.366321563720703,42.015560150146484,4,left,22.100641353221484,79.56230887159734
793.9206471946884,326.9073486328125,-184.00076293945312,1.6735992431640625,326.28791150234537,-183.94378808754874,0.6220518405654839,1.4790759727674112,0.02709198748343178,36.911282371275064,-5.913938124904372,16.41900873184204,-8.470000267028809,7.949008464813232,-27.72643280029297,44.242156982421875,4,left,22.51147347849026,81.04130452256494
797.3708798923755,326.47694396972656,-180.58050537109375,1.5297393798828125,325.68722677390986,-180.5833663420939,0.7897223781327888,1.5744190901070096,0.02708106815402958,36.92616533115601,-3.331804572254388,14.743008613586426,-7.793000221252441,6.950008392333984,-27.09364128112793,46.10768508911133,4,left,22.516011435036475,81.05764116613132
800.8309076421847,325.6029357910156,-177.23379516601562,1.4435272216796875,324.66241517687723,-177.3237997589481,0.9448173645568756,1.666202363025545,0.025749054839950658,38.83637695502754,-1.8492608560687769,13.344007015228271,-6.794000148773193,6.550006866455078,-26.482139587402344,46.8900032043457,4,left,23.091051480875205,83.12778533115073
804.3137218485591,324.31446838378906,-173.99835205078125,1.401641845703125,323.24592031859726,-174.19540033967337,1.0865647683320172,1.7531551500849731,0.02589081625213624,38.623734001336885,-0.45597791322010695,12.345006942749023,-5.795000076293945,6.550006866455078,-25.90612030029297,47.062252044677734,4,left,23.027748857886532,82.89989588839151
807.8309134231486,322.6381072998047,-170.9063720703125,1.4121246337890625,321.46955878997295,-171.23822942336727,1.2147571455260031,1.8475021089598105,0.027506474926068503,36.3550764933633,0.2162409593742809,11.946009159088135,-4.796000003814697,7.1500091552734375,-25.379779815673828,47.5064697265625,4,left,22.341220093161823,80.42839233538257
811.4112582217214,320.60858154296875,-167.95681762695312,1.4168853759765625,319.3728294687029,-168.4470628185822,1.3294448228368572,1.9484702655903483,0.01924311609678206,51.96663549554874,0.030655424224781957,11.946008920669556,-3.7970001697540283,8.149008750915527,-24.917308807373047,48.11386489868164,4,left,24.153611887593858,86.9530027953379
815.0854149588273,318.22459411621094,-165.16110229492188,1.414154052734375,316.91520118128096,-165.7373843734865,1.4305980889541634,1.9853986532636694,0.015539238969942415,64.35321587719336,-0.04441179856627675,11.748016119003296,-2.7980000972747803,8.950016021728516,-24.532901763916016,48.77566146850586,4,left,25.243697976174417,90.8773127142279
818.8426787895233,315.5032653808594,-162.57046508789062,1.41363525390625,314.16695499998,-163.29024741111814,1.5178313565336352,2.0648714515112805,0.02501634998646657,39.973857119083455,-0.17424757985566863,11.748015761375427,-1.7990001440048218,9.949015617370605,-24.240753173828125,49.383060455322266,4,left,23.42676837046893,84.33636613368816
822.6639351694367,312.5019073486328,-160.2053680419922,1.4007415771484375,311.1936067386063,-161.10945776839267,1.5902920233650688,2.1754843872781793,0.02565106114947313,38.984741963415416,-0.47827754198842,12.568015336990356,-1.6200001239776611,10.948015213012695,-24.055055618286133,49.827274322509766,4,left,23.135116331796105,83.28641879446599
826.5741536639945,309.21739196777344,-158.08377075195312,1.37640380859375,307.9492377517417,-159.1342727610075,1.6467451492767293,2.2625987784628823,0.024972192692550466,40.04454123479166,-0.48802108646334996,13.107014894485474,-1.1600000858306885,11.947014808654785,-23.990001678466797,49.9995231628418,4,left,23.447471514434927,84.41089745196574
830.5249537161814,305.7350616455078,-156.21775817871094,1.36248779296875,304.5619922295467,-157.42853488341706,1.6858446201599833,2.3720110078998147,0.024830345883841975,40.27330125315479,0.11959749913206252,15.096014499664307,-2.1500000953674316,12.946014404296875,-21.560001373291016,49.9995231628418,4,left,23.514349610991808,84.65165859957051
834.5718401016593,301.98626708984375,-154.69354248046875,1.3868865966796875,300.91194536407903,-156.0194408206546,1.7065091792772895,2.4606271513085876,0.021861769729655978,45.741951011563245,1.0041132863139817,16.440997838974,-2.8500001430511475,13.590997695922852,-21.776050567626953,49.9995231628418,4,left,24.686086213581035,88.86991036889172
838.7202336541137,298.00929260253906,-153.5148162841797,1.4456024169921875,297.0582677074243,-154.9338915390479,1.708280694179774,2.5511670140426426,0.026827297089861535,37.27546597968366,1.430370579762244,16.301998376846313,-3.7100002765655518,12.591998100280762,-22.35506248474121,45.85254669189453,4,left,22.622255144647507,81.44011852073103
842.9537964986285,293.8623809814453,-152.66485595703125,1.506805419921875,293.1186431848403,-154.18413429929518,1.691553307280359,2.6863531682189494,0.02733211793467727,36.586992723723874,1.6066089852864147,16.06299877166748,-4.470000267028809,11.592998504638672,-23.193334579467773,41.620426177978516,4,left,22.412366342529506,80.68451883310622
847.2915094778609,289.5564422607422,-152.14645385742188,1.583648681640625,288.9769736744559,-153.69947494522927,1.6576062082615044,2.784468191932969,0.025321791792096926,39.49167611085506,1.7983323873339396,15.539999008178711,-4.946000099182129,10.593998908996582,-24.187162399291992,37.284393310546875,4,left,23.285048072647896,83.82617306153243
851.7359092729689,285.11671447753906,-151.95957946777344,1.664794921875,284.74646038047814,-153.52482917379027,1.6084448198729686,2.9093157813288344,0.026506235593333927,37.726971696105004,1.4763135179697269,15.53999948501587,-5.945000171661377,9.594999313354492,-25.23284149169922,32.84173583984375,4,left,22.758850800887362,81.93186288319451
856.2833344128848,280.5708770751953,-152.0684356689453,1.715667724609375,280.3870991164513,-153.60398881490508,1.5465114943598155,3.0224772976257914,0.02651669156932196,37.712095318743806,1.1374606827274398,15.539999961853027,-6.944000244140625,8.595999717712402,-26.226669311523438,28.295595169067383,4,left,22.754363260275653,81.91570773699236
860.9375722306628,275.9333190917969,-152.4584197998047,1.769500732421875,275.9511193320041,-153.93267057792178,1.4743582350739128,-3.1295191478117355,0.026195453963295312,38.174562708521314,1.1535876016406155,16.123000621795654,-7.943000316619873,8.180000305175781,-27.06494140625,23.642667770385742,4,left,22.893457701704406,82.41644772613587
865.6964045923337,271.22608947753906,-153.15518188476562,1.824249267578125,271.40275812084593,-154.53831309098283,1.3943685822406182,-3.014549647595759,0.0232126938554571,43.07987716664383,1.1453044138442725,16.36000108718872,-8.942000389099121,7.4180006980896,-27.643953323364258,19.349990844726562,4,left,24.319888741167684,87.55159946820366
870.5522677242095,266.4734191894531,-154.14939880371094,1.879608154296875,266.7782040574999,-155.42199383036638,1.3085839360386653,-2.9065217144322237,0.016224507738299254,61.635151964544335,1.0900101976589553,16.31902027130127,-9.900019645690918,6.419000625610352,-27.860002517700195,15.600041389465332,4,left,26.565850048889434,95.63706017600197
875.5060111880955,261.68531799316406,-155.4186553955078,1.9310760498046875,262.02795874761307,-156.58813954816583,1.2186450959683284,-2.856584440377601,0.009533454021670607,104.89377698018873,0.9724979270727019,15.320020198822021,-9.900019645690918,5.4200005531311035,-28.549850463867188,15.850042343139648,4,left,28.676392674748346,103.23501362909404
880.5555001039213,256.8721466064453,-156.94464111328125,1.9767608642578125,257.2373154525582,-158.00960190273878,1.1258284812765378,-2.8112621666323645,0.008487501404059072,117.82030451526745,0.8551306037850454,14.420019626617432,-9.800019264221191,4.62000036239624,-29.049842834472656,15.850042343139648,4,left,30.67865815155024,110.44316934558087
885.6986593210487,252.0415496826172,-158.70977783203125,2.0181427001953125,252.41579635606521,-159.6706050922429,1.0311399500323608,-2.7701666168904477,0.007400546742582614,135.12515153049677,0.7518576553183776,13.570018291473389,-9.500018119812012,4.070000171661377,-29.44983673095703,15.350040435791016,4,left,32.591858731708164,117.3306914341494
890.9329445452975,247.19813537597656,-160.69415283203125,2.0546875,247.5684444860871,-161.55315175511,0.9354186158513886,-2.734571845773815,0.00613440560953471,163.01497873660318,0.6589338876385353,12.880017280578613,-9.200016975402832,3.6800003051757812,-29.699832916259766,14.900038719177246,4,left,34.429975069031514,123.94791024851345
896.2337015407415,242.36175537109375,-162.8635711669922,2.0875091552734375,242.7162283613779,-163.62447415494267,0.8394191193396436,-2.705629484838889,0.005112851184289391,195.58558697596533,0.458784478784377,12.540016412734985,-9.000016212463379,3.5400002002716064,-29.79983139038086,14.750038146972656,4,left,36.19643059569029,130.30715014448504
901.5842524357305,237.5399932861328,-165.1827850341797,2.1033935546875,237.87118775283002,-165.84883820436747,0.7438525393436906,-2.6801480320763247,0.004562827478688525,219.16235156176143,0.26697961669302217,12.520016431808472,-9.000016212463379,3.5200002193450928,-29.79983139038086,14.600037574768066,4,left,37.89606760220706,136.42584336794542
907.0652637063123,232.6618194580078,-167.68173217773438,2.1163482666015625,232.9647578096193,-168.2561228208813,0.6493814409203771,-2.6562596422638163,0.004387091675398802,227.9414413898922,0.19139874452122063,12.53001618385315,-8.950016021728516,3.580000162124634,-29.64983367919922,13.200032234191895,4,left,39.56150656553679,142.42142363593246
912.6520963246862,227.7517547607422,-170.3470458984375,2.124481201171875,228.02346691127585,-170.83279513462895,0.5565786675827579,-2.6315862533455032,0.004482537973056533,223.0879037747726,0.2467468835326947,12.540015459060669,-8.750015258789062,3.7900002002716064,-29.44983673095703,13.250032424926758,4,left,41.18985640625316,148.28348306251138
918.3408769677537,222.82205200195312,-173.18603515625,2.144378662109375,223.059928547385,-173.58659747138827,0.46587060346788234,-2.605702658340269,0.004362882708251414,229.20625349581923,0.43498139378479184,12.325014352798462,-8.450014114379883,3.875000238418579,-29.049842834472656,13.950035095214844,4,left,42.78428665330025,154.0234319518809
924.1292337333726,217.8806610107422,-176.20046997070312,2.1745758056640625,218.08119233379375,-176.5202923776782,0.3774906403185985,-2.5815504273700873,0.003521592928257211,283.96240575564946,0.549833838151706,11.910012483596802,-7.95001220703125,3.9600002765655518,-28.549850463867188,13.950035095214844,5,straight,44.34782652772402,159.65217549980648
930.0143291950018,212.92172241210938,-179.36940002441406,2.2086181640625,213.0806825084556,-179.61368827034846,0.29145335704381997,-2.5647205102188613,0.0020432743536894504,489.41053764725433,0.5712009111658006,11.9500093460083,-7.300009727478027,4.649999618530273,-27.899860382080078,16.300037384033203,5,straight,45.882906284521546,165.17846262427756
935.9979015341867,207.9212188720703,-182.6552734375,2.2423553466796875,208.03569516904676,-182.8284367200991,0.207582140392494,-2.5574616367257703,0.0005330676586229877,1875.9344781545835,0.6577075396567517,12.000009536743164,-6.550006866455078,5.450002670288086,-27.149871826171875,17.050025939941406,5,straight,47.39272315816373,170.61380336938944
942.0782877860245,202.84934997558594,-186.00865173339844,2.28814697265625,202.91850212359964,-186.1134739260593,0.12557751251372873,-2.558422349061248,-0.0006737580440293045,1484.2123353654622,0.6922346754179742,11.9500093460083,-5.750003814697266,6.200005531311035,-26.299884796142578,17.900012969970703,5,straight,48.879217832880194,175.9651841983687
948.2527322324522,197.684814453125,-189.3924102783203,2.3270721435546875,197.7093812261673,-189.43025488525248,0.045119182301557814,-2.565816200101757,-0.0017726962207377794,564.1124453821025,0.6109947891160733,11.9500093460083,-4.950000762939453,7.000008583068848,-25.44989776611328,17.900012969970703,5,straight,50.343812067298785,181.23772344227564
954.518536974908,192.40716552734375,-192.76959228515625,2.3641204833984375,192.38906884976507,-192.74079241597923,-0.03401355911986189,-2.580581010912865,-0.002733692356345019,365.80561001275674,0.6095509102458457,11.900009155273438,-4.199997901916504,7.700011253356934,-24.64990997314453,17.700016021728516,5,straight,50.49297041122537,181.77469348041134
960.8715287072773,186.99798583984375,-196.10121154785156,2.404022216796875,186.94037830014975,-196.00537172401798,-0.11182084091103363,-2.6003783533458433,-0.0031487012543250925,317.5912604050284,0.7180420702073642,11.800011396408081,-3.499997854232788,8.300013542175293,-23.949920654296875,19.24999237060547,5,straight,48.98996123345583,176.363860440441
967.3091466470252,181.44918823242188,-199.36480712890625,2.45611572265625,181.3556667683536,-199.20174554030805,-0.18797698241444663,-2.6208603531728034,-0.0030134540526807196,331.845112790227,0.6771519838032314,11.800013780593872,-2.9999983310699463,8.800015449523926,-23.39992904663086,19.24999237060547,5,straight,47.418359137894235,170.70609289641925
973.8292967098639,175.76364135742188,-202.55630493164062,2.491546630859375,175.63764478343296,-202.3268679536068,-0.2617564966648167,-2.639398057125286,-0.0024025343115483544,416.2271461403325,0.6653635569898564,11.750015497207642,-2.599998712539673,9.150016784667969,-22.949935913085938,19.349990844726562,5,straight,45.77163742163205,164.7778947178754
980.43110532571,169.956787109375,-205.69662475585938,2.5436248779296875,169.80074705344586,-205.40357090705402,-0.3320076164096289,-2.6523138999687816,-0.0017324416031793133,577.2200333707276,0.7830602912638179,11.8000168800354,-2.349998950958252,9.450017929077148,-22.649940490722656,20.949966430664062,5,straight,44.04160406646356,158.54977463926883
987.1062651871845,164.0493621826172,-208.80426025390625,2.5955047607421875,163.86622074531417,-208.4518127340654,-0.3971901815243871,-2.6623665904604588,-0.001363387197017285,733.4673540926041,0.6881518400370434,11.750017881393433,-2.099999189376831,9.650018692016602,-22.399944305419922,21.049964904785156,5,straight,42.22033388373273,151.99320198143784
993.7431005175132,158.1482696533203,-211.84121704101562,2.6352996826171875,157.94153011497082,-211.4353470063121,-0.45549063852861693,-2.6704742023898835,-0.0011508135838140254,868.9504660570661,0.6518513641649015,11.75001847743988,-1.949999213218689,9.800019264221191,-22.199947357177734,21.049964904785156,5,straight,40.328058500164204,145.18101060059115
1000.0550843770636,152.5145721435547,-214.6873779296875,2.6795806884765625,152.2884374873514,-214.23582219630674,-0.5050143196833317,-2.6773131372338606,-0.001169743190372774,854.8884988005956,0.6915630991489841,11.750018954277039,-1.8499993085861206,9.900019645690918,-22.049949645996094,21.099964141845703,5,straight,38.44208244559134,138.39149680412882
1005.9551742179752,147.2300567626953,-217.3109893798828,2.7198333740234375,146.9900450414893,-216.82276022728223,-0.5440343112022932,-2.6846904518373242,-0.0015449079880247574,647.2877399504875,0.6725430591769666,11.700019001960754,-1.7999993562698364,9.900019645690918,-21.999950408935547,21.14996337890625,5,straight,36.59138456333047,131.7289844279897
1011.451465549479,142.28651428222656,-219.71292114257812,2.7563018798828125,142.03963304834681,-219.19777060642093,-0.5712533750841381,-2.694689771857552,-0.0026363820961956552,379.3076889131576,0.648181984262286,11.700019001960754,-1.7999993562698364,9.900019645690918,-21.949951171875,21.14996337890625,5,straight,34.778857533491795,125.20388712057047
1016.6034268718723,137.62362670898438,-221.9036102294922,2.7889556884765625,137.37966500468443,-221.37078462061285,-0.58602085512596,-2.712218238341752,-0.00499522664401264,200.19111669309663,0.5894475611179617,11.590999484062195,-1.8499993085861206,9.741000175476074,-22.049949645996094,21.099964141845703,6,right,32.98958283654893,118.76249821157614
1021.4570284983691,133.1833953857422,-223.8634796142578,2.8155364990234375,132.95541057275855,-223.32098967894026,-0.588449152325004,-2.743746813964732,-0.008876936260645008,112.65147914077046,0.4225094067919988,10.791999816894531,-2.049999237060547,8.742000579833984,-22.24994659423828,20.949966430664062,6,right,31.21022912431691,112.35682484754088
1026.0309966500893,128.92901611328125,-225.5431365966797,2.8294677734375,128.73198662469505,-224.9982685732908,-0.579397775525808,-2.794612906864583,-0.01381690637590427,72.3751014006964,0.217024429309004,10.092999458312988,-2.349998950958252,7.743000507354736,-22.649940490722656,20.699970245361328,6,right,29.43510948734862,105.96639415445503
1030.4016785870606,124.77386474609375,-226.89869689941406,2.835296630859375,124.62153154418544,-226.35947424818255,-0.5603271116096266,-2.866262395295661,-0.017980715852161655,55.615138363903306,0.06721500546389425,9.69399881362915,-2.949998378753662,6.744000434875488,-23.499927520751953,20.3499755859375,6,right,27.632543771627706,99.47715757785974
1034.6778421949032,120.61688232421875,-227.90122985839844,2.8354034423828125,120.51526634433836,-227.37794107784217,-0.5330637440523737,-2.9497925269114615,-0.01910750398253247,52.33545945687994,-0.2467721406810841,9.694997787475586,-3.9499974250793457,5.74500036239624,-25.64794921875,19.799983978271484,6,right,26.80540518022319,96.49945864880348
1038.8899697420106,116.45506286621094,-228.54995727539062,2.814666748046875,116.39869271147383,-228.05361242763288,-0.4995355865609032,-3.0285066522800097,-0.018963787771815788,52.73208137702385,-0.4962573690491745,9.694997787475586,-4.948997497558594,4.746000289916992,-29.859025955200195,18.999996185302734,6,right,26.906785244067848,96.86442687864425
1043.0482267857114,112.30860900878906,-228.8623504638672,2.7938690185546875,112.29333698363253,-228.40106583027708,-0.46153737436824366,-3.108497146483822,-0.02041437576952565,48.9850883166748,-0.362851442100498,9.694997787475586,-5.947997570037842,3.747000217437744,-34.016231536865234,17.95001220703125,6,right,25.93321158046196,93.35956168966307
1047.1447427834241,108.21223449707031,-228.82960510253906,2.7845458984375,108.23547403747936,-228.40967972625302,-0.42056794681406307,3.086306977540368,-0.022701934433470405,44.04910968845274,-0.12275386629840845,9.694997787475586,-6.94699764251709,2.748000144958496,-38.11173629760742,16.65003204345703,6,right,24.591947505977867,88.53101102152033
1051.1715833940466,104.20512390136719,-228.4314727783203,2.78375244140625,104.26200960660789,-228.05802735699376,-0.3777531815491384,2.990427994052566,-0.024720836084410613,40.45170626856821,0.09187631727839984,10.175997972488403,-7.945997714996338,2.2300002574920654,-42.137577056884766,16.340002059936523,6,right,23.566374676434986,84.83894883516595
1055.1305551030246,100.32412719726562,-227.64964294433594,2.7917327880859375,100.40755546176462,-227.32639150152804,-0.33384393149300984,2.8890136162532456,-0.024890964038332186,40.17522175758223,0.4311621343511651,10.474997878074646,-8.944997787475586,1.53000009059906,-46.095542907714844,18.18129539489746,6,right,23.485699347232373,84.54851765003654
1059.035617767596,96.59329223632812,-226.4965057373047,2.817413330078125,96.6916608000436,-226.22448106732176,-0.28926423112228583,2.794606920758573,-0.023776169038229822,42.058920358115515,0.6243252092343721,11.013997435569763,-9.943997383117676,1.0700000524520874,-49.9995231628418,22.08527374267578,6,right,24.029980355004014,86.50792927801446
1062.9144992415227,92.99897766113281,-225.03839111328125,2.8403472900390625,93.10247020327917,-224.81722483476364,-0.24418277792107151,2.7039204067704277,-0.02646098070458447,37.79149424445731,0.9512456870442942,10.9639972448349,-9.643997192382812,1.3200000524520874,-49.9995231628418,25.96308708190918,6,right,22.778304147705335,82.0018949317392
1066.8168565217238,89.56132507324219,-223.19223022460938,2.8916015625,89.66563639498125,-223.02324535902633,-0.1985868491090677,2.5885625964050214,-0.027842367807151824,35.91648551324473,1.406439247677721,10.904997825622559,-8.644997596740723,2.260000228881836,-49.9995231628418,29.864107131958008,6,right,22.206047908663216,79.94177247118758
1070.7730267852235,86.2994384765625,-220.95440673828125,2.9509735107421875,86.39239736271034,-220.83370770410016,-0.15234700970511808,2.4853066435773727,-0.025417634761753682,39.34276376906304,1.5102410740478522,10.904998302459717,-7.645998001098633,3.259000301361084,-47.299564361572266,33.81883239746094,6,right,23.241105826578796,83.66798097568366
1074.798784654214,83.22970581054688,-218.35061645507812,3.0121612548828125,83.30190807180684,-218.27401084927712,-0.10526910929228266,2.3857766627628583,-0.024610241524975096,40.63348988205478,1.6844116713408075,10.904998302459717,-6.646997928619385,4.258000373840332,-47.299564361572266,37.84312438964844,6,right,23.61926711336729,85.02936160812224
1078.8994286859722,80.3818359375,-215.40118408203125,3.088104248046875,80.42499537548179,-215.36374566715946,-0.05713468294315694,2.2853310191402385,-0.023244085782364587,43.021696330113585,1.9779371944946,11.929000854492188,-6.909000396728516,5.020000457763672,-45.699588775634766,41.94206619262695,6,right,24.303460775000577,87.49245879000208
1083.058868120192,77.79322814941406,-212.14659118652344,3.175689697265625,77.79950727501537,-212.14207872129916,-0.007732383896140263,2.1939267352881693,-0.02089712536080679,47.853471840463335,2.280071747149648,11.406000137329102,-5.910000324249268,5.495999813079834,-41.54207229614258,46.09958267211914,6,right,25.631916617256532,92.27489982212352
1087.3199337566934,75.45234680175781,-208.58766174316406,3.28045654296875,75.41533781976061,-208.60978530299099,0.04311747497112009,2.1095884558406213,-0.017364986406038424,57.587145570828916,2.7804199151928555,12.825000286102295,-6.330000400543213,6.494999885559082,-37.283294677734375,46.349578857421875,6,right,27.51878303726497,99.0676189341539
1091.6975418287184,73.3345947265625,-204.75881958007812,3.4166412353515625,73.24956920919401,-204.8024054694433,0.09554615824581202,2.0444899012538387,-0.011131196812189215,89.83759939496804,3.5550697579454726,13.05400037765503,-5.560000419616699,7.49399995803833,-32.90880584716797,47.04956817626953,6,right,29.33112047520378,105.5920337107336
1096.1866985883087,71.35751342773438,-200.7324981689453,3.5966796875,71.22219619840875,-200.79635823664847,0.1496290773861077,2.0117356777401945,-0.005935098853193654,168.4891902789292,3.9685985688156347,13.87643814086914,-5.3834381103515625,8.493000030517578,-28.42426109313965,48.3995475769043,6,right,31.080077899811723,111.8882804393222
1100.7916245805811,69.43684387207031,-196.5511474609375,3.7774505615234375,69.24931887290352,-196.63489964329696,0.20537783074733204,1.9908348549026558,-0.004231066067227229,236.3470539365357,4.162216967773569,14.445018291473389,-4.99500036239624,9.450017929077148,-25.14990234375,49.94952392578125,6,right,32.77731831946369,117.99834595006928
1105.5099149596344,67.55276489257812,-192.2303466796875,3.9852752685546875,67.31091725454168,-192.33304404773142,0.2627489855869219,1.9723591635184705,-0.003489756068248112,286.5529797622814,4.657243785239585,14.306581497192383,-4.606562614440918,9.700018882751465,-23.949922561645508,49.9995231628418,7,straight,34.429668744343644,123.94680747963712
1110.3312329532753,65.70292663574219,-187.78433227539062,4.222259521484375,65.40504533698103,-187.9056776535665,0.3216488286256901,1.9576326873501664,-0.002677931454456467,373.42255281995915,4.878792830292261,14.280019760131836,-4.430000305175781,9.850019454956055,-22.749942779541016,49.9995231628418,7,straight,36.03992837521801,129.74374215078484
1115.249714778433,63.874542236328125,-183.2245330810547,4.46038818359375,63.519227043819534,-183.3646220700323,0.38193430175906845,1.9463505525261615,-0.0020232686679877154,494.24973352380886,4.669916180425399,14.294082641601562,-4.344062805175781,9.950019836425781,-21.54996109008789,49.9995231628418,7,straight,37.611668784946,135.4020076258056
1120.2632084581057,62.05839538574219,-178.55699157714844,4.6857452392578125,61.644488003970395,-178.71600590431458,0.4434014850327835,1.9375895411215167,-0.001373324472057097,728.1600381751766,4.449177670307774,14.10502004623413,-4.15500020980835,9.950019836425781,-20.3499813079834,49.9995231628418,7,straight,39.14888268512287,140.93597766644234
1125.3699288508403,60.24064636230469,-173.7900390625,4.9105682373046875,59.767621934410045,-173.96901968809544,0.5057530758419454,1.9325226272625313,-0.0006954364545642411,1437.945902083315,4.30831566735928,13.748019218444824,-3.797999382019043,9.950019836425781,-19.150001525878906,49.9995231628418,7,straight,40.654969959257116,146.3578918533256
1130.5638565511688,58.41009521484375,-168.93431091308594,5.129364013671875,57.87793791461804,-169.13442324202813,0.5685387729769945,1.9304782976742854,-0.00025466448045891044,3926.735280075102,4.194219268157717,12.749019145965576,-2.798999309539795,9.950019836425781,-18.444448471069336,49.9995231628418,7,straight,42.131587401686176,151.67371464607024
1135.8413426426853,56.55628967285156,-163.998046875,5.3497314453125,55.96547110616541,-164.21981434767915,0.6310684516592237,1.9298793353209187,-0.00011000270192670913,9090.685796665834,4.2850778781102274,11.750019192695618,-1.7999993562698364,9.950019836425781,-17.7388973236084,49.9995231628418,7,straight,43.5807452728428,156.89068298223407
1141.149586731486,54.694793701171875,-159.03237915039062,5.583038330078125,54.046503596957294,-159.2753009170693,0.6923084890053354,1.9293140541414797,4.134392131882603e-05,24187.352532152006,4.298226859238641,11.700019001960754,-1.7999993562698364,9.900019645690918,-17.033344268798828,49.9995231628418,7,straight,44.99128781309397,161.9686361271383
1146.5372562361824,52.80455017089844,-153.9922637939453,5.8093109130859375,52.101773122973135,-154.2564291851703,0.7507855439548964,1.930345205749301,0.0004469087550699191,2237.593219321804,4.082364151468032,11.700019001960754,-1.7999993562698364,9.900019645690918,-16.32779312133789,49.9995231628418,7,straight,46.37908960982757,166.96472259537924
1152.0350346346993,50.863677978515625,-148.85308837890625,6.02716064453125,50.11169518713578,-149.13909346694686,0.8045352875521004,1.9342357006568112,0.0008858989503681691,1128.7969125422396,3.794123207404787,11.750018954277039,-1.8499993085861206,9.900019645690918,-15.62224006652832,49.9995231628418,7,straight,47.75369562151993,171.91330423747175
1157.6279431555083,48.86210632324219,-143.63453674316406,6.2297821044921875,48.06838432196331,-143.94185210722245,0.8511388537133528,1.9402046410279477,0.0011146589762076886,897.1353762405581,3.4559538020946023,11.750018954277039,-1.8499993085861206,9.900019645690918,-14.916687965393066,49.9995231628418,7,straight,48.73739126531114,175.4546085551201
1163.3124744103359,46.79408264160156,-138.3428192138672,6.416595458984375,45.96823562492766,-138.66886651679678,0.887879574433857,1.9468149617844395,0.0010210565279206718,979.37770598896,3.1274692542060167,11.800019145011902,-1.8499993085861206,9.950019836425781,-14.211134910583496,49.9995231628418,7,straight,47.34493010994583,170.44174839580498
1169.0898274696349,44.65983581542969,-132.97686767578125,6.58795166015625,43.813239116088766,-133.31607473086464,0.9120237922079077,1.9518813327712663,0.0005356192151236838,1866.9979936568977,2.8323528249215246,11.80001962184906,-1.7499994039535522,10.050020217895508,-13.505582809448242,49.9995231628418,7,straight,45.886456134747604,165.19124208509137
1174.9511388448716,42.47560119628906,-127.5400390625,6.7460174560546875,41.620878540956916,-127.88360329024516,0.9211879266057289,1.9529911248238425,-0.0003535177437484216,2828.71232826051,2.4974041232288413,11.850020051002502,-1.699999451637268,10.150020599365234,-12.800030708312988,49.9995231628418,7,straight,44.35780953260654,159.68811431738354
1180.7823627973034,40.3128662109375,-122.12637329101562,6.8800811767578125,39.46331357814452,-122.462728046543,0.913714505439947,1.9477803967188216,-0.0017380839470854115,575.3462033159545,2.287818149997245,11.85002052783966,-1.5999995470046997,10.250020980834961,-12.450029373168945,49.9995231628418,7,straight,42.78284484271145,154.0182414337612
1186.4276893448487,38.26678466796875,-116.866455078125,7.0086212158203125,37.43561196176578,-117.1817392030166,0.8889612741539625,1.9333528900413386,-0.0034339602245956613,291.20896416840327,1.9820890563933213,11.900020480155945,-1.6499994993209839,10.250020980834961,-12.150028228759766,49.9995231628418,7,straight,41.20077223821854,148.32278005758675
1191.8681813089493,36.390594482421875,-111.76054382324219,7.1009979248046875,35.59147653634382,-112.04256431715675,0.8474225927669291,1.9100654237448902,-0.005176721248898175,193.17246417562896,1.391692462286842,12.100020289421082,-1.8499993085861206,10.250020980834961,-12.050027847290039,49.9995231628418,8,right,39.61636570633615,142.61891654281013
1197.2015880456008,34.68965148925781,-106.70597839355469,7.159210205078125,33.93596677348293,-106.94489141029435,0.7906453568827894,1.8777694966085332,-0.0070682461841046484,141.47781132027342,1.007838403601391,12.100019454956055,-2.049999237060547,10.050020217895508,-12.100028038024902,49.9995231628418,8,right,37.9990734645018,136.7966644722065
1202.4111208582942,33.21087646484375,-101.71096801757812,7.20745849609375,32.51507665055936,-101.89979372264249,0.720966385104914,1.8357933471739225,-0.009094067371420878,109.96179807756997,0.4579049192017015,12.093996047973633,-2.4499988555908203,9.643997192382812,-12.400029182434082,49.9995231628418,8,right,36.34994124152563,130.85978846949226
1207.5386781299421,31.987747192382812,-96.73143005371094,7.207305908203125,31.361109088193103,-96.86704874561312,0.6411456489876006,1.7839319016101751,-0.010895183491597515,91.78367677526596,-0.029111571069362352,11.744995832443237,-3.0999982357025146,8.644997596740723,-13.000031471252441,49.81930160522461,8,right,34.65019834602901,124.74071404570444
1212.5974512662374,31.054229736328125,-91.75953674316406,7.20452880859375,30.506804653125776,-91.84458131581417,0.5539916976420645,1.7249181180495736,-0.012371015679776637,80.8341065830785,-0.09470699943117111,11.695995330810547,-4.049997329711914,7.645998001098633,-13.90003490447998,49.321041107177734,8,right,32.88727965694687,118.39420676500875
1217.5862639091533,30.437423706054688,-86.80900573730469,7.197845458984375,29.977186835305385,-86.85004504367751,0.4620629847376553,1.659731075959402,-0.014239708596793771,70.22615618869905,-0.45320727806388295,11.695995330810547,-5.048997402191162,6.646997928619385,-15.200039863586426,48.5683479309082,8,right,31.05087226509213,111.78314015433168
1222.5070244061583,30.17144775390625,-81.89558410644531,7.1600494384765625,29.803987872082363,-81.90042417378879,0.36749175637273035,1.5839672543040975,-0.01571972659059523,63.614337961722455,-0.9435336688880414,11.695995330810547,-6.04799747467041,5.647997856140137,-16.360000610351562,47.62483215332031,8,right,29.553019580429606,106.39087048954659
1227.3669194311826,30.287109375,-77.03736877441406,7.10577392578125,30.015745561450455,-77.0197664460537,0.27193411199747985,1.5060209158485742,-0.016392267754798184,61.00437199772373,-1.1160687200723607,11.695995330810547,-7.046997547149658,4.648997783660889,-18.400005340576172,46.55410385131836,8,right,28.94042042735503,104.1855135384781
1232.156565278546,30.77423095703125,-72.27285766601562,7.0523529052734375,30.599466454815577,-72.24734527550591,0.17661685453040007,1.4258387149918217,-0.017748373074576357,56.343192460409185,-1.1929694083438913,12.355998039245605,-8.045997619628906,4.310000419616699,-19.999980926513672,45.419761657714844,8,right,27.812823583351264,100.12616490006455
1236.868811567452,31.649856567382812,-67.64306640625,6.9925384521484375,31.569652760335245,-67.62401088344606,0.08243642164877632,1.3375325101836615,-0.01890029715419217,52.90922104778631,-1.29537353316308,12.68499755859375,-9.044997215270996,3.640000343322754,-22.477901458740234,44.28542709350586,8,right,26.951940516845593,97.02698586064413
1241.4951997215885,32.90077209472656,-63.189422607421875,6.931427001953125,32.910196809835,-63.19256085676044,-0.009933471889837708,1.2493630704750793,-0.019725523611941825,50.69573916885027,-1.4107456813190589,12.860018968582153,-9.650018692016602,3.2100002765655518,-27.102886199951172,43.21469497680664,8,right,26.38214393729758,94.9757181742713
1246.0316657022192,34.51686096191406,-58.95112609863281,6.863433837890625,34.608378243041955,-58.9913260107666,-0.09995721925207057,1.1569093084760382,-0.020805264304432122,48.06475829230254,-1.4208348309675545,12.740018844604492,-9.650018692016602,3.0900001525878906,-31.63784408569336,42.27117919921875,8,right,25.688440331598414,92.47838519375429
1250.4785657810446,36.483367919921875,-54.96311950683594,6.80364990234375,36.64689774183542,-55.054217950468065,-0.18719222496479504,1.0625371687270175,-0.021732868961899104,46.013253093880344,-1.363561244906375,12.800018548965454,-9.550018310546875,3.250000238418579,-36.083343505859375,41.51848602294922,8,right,25.13424388825616,90.48327799772218
1254.8463072548482,38.77989196777344,-51.24835205078125,6.7432708740234375,39.002966628891905,-51.40273214577405,-0.2712849390642721,0.9654220172276259,-0.022437537689721482,44.568170261307,-1.3432744640589855,12.73001766204834,-9.300017356872559,3.4300003051757812,-40.449668884277344,41.020225524902344,8,right,24.736414971662015,89.05109389798325
1259.191022535403,41.41587829589844,-47.79510498046875,6.6865997314453125,41.68425195458164,-48.022872343816566,-0.3519977165855269,0.8670604113057112,-0.021926494176745845,45.60692612048079,-1.4773149980735978,12.780017614364624,-9.300017356872559,3.4800002574920654,-40.449668884277344,40.840003967285156,8,right,25.023021936911977,90.08287897288312
1263.5684602855895,44.39262390136719,-44.58641052246094,6.6143035888671875,44.69273742349536,-44.893308011449655,-0.42924840699967026,0.7742226092302129,-0.020873837748313362,47.90685891389577,-1.6880466299942443,12.82001781463623,-9.350017547607422,3.4700002670288086,-39.449684143066406,41.23402786254883,8,right,25.646210580807804,92.3263580909081
1268.0062497971549,47.69639587402344,-41.62445068359375,6.537750244140625,48.01397575769057,-42.0146983750444,-0.5031403811985161,0.6830934309402797,-0.020028055627813193,49.9299591824225,-1.7043791252242202,12.654091835021973,-9.350017547607422,3.304074287414551,-39.34968566894531,42.2728157043457,8,right,26.18212917053968,94.25566501394286
1272.5249256145867,51.317779541015625,-38.92292785644531,6.4616851806640625,51.63946008047219,-39.39828608255276,-0.5739719615042901,0.594924749983815,-0.018264382388748376,54.751372300223075,-1.6175908991007515,12.770018577575684,-9.550018310546875,3.2200002670288086,-38.849693298339844,43.74144744873047,8,right,27.41712171682461,98.7016381805686
1277.1386304588825,55.23478698730469,-36.486083984375,6.3901519775390625,55.55195505607245,-37.044506972225975,-0.6422085465067287,0.5165357633708141,-0.015327207045931178,65.24345870733599,-1.5261105120031426,12.680019617080688,-9.850019454956055,2.830000162124634,-37.699710845947266,45.42500305175781,8,right,29.33064158695355,105.59030971303278
1281.8610166008616,59.412139892578125,-34.28480529785156,6.3192596435546875,59.721679493501746,-34.92202708077018,-0.7084252714054822,0.4521943384445094,-0.012784855033518387,78.21754704126671,-1.4162348556875148,12.796687602996826,-10.200020790100098,2.5966668128967285,-39.5496826171875,47.108558654785156,8,right,31.16781075475952,112.20411871713426
1286.692409162205,63.815582275390625,-32.29786682128906,6.255035400390625,64.11282542668174,-33.01168021987889,-0.7732289822528855,0.39457731324939505,-0.011401830115290022,87.70521836305781,-1.437708441974983,12.763355731964111,-10.600022315979004,2.1633334159851074,-41.44965362548828,48.57719039916992,8,right,32.9415222676879,118.58948016367644
1291.628388183827,68.4171142578125,-30.513504028320312,6.1786041259765625,68.69704191650702,-31.302490683863393,-0.8371734806641069,0.3409391612174301,-0.01121252288247021,89.18599413191939,-1.7594806450692113,12.780023455619812,-10.85002326965332,1.9300001859664917,-43.109771728515625,49.6159782409668,8,right,34.660018668868474,124.77606720792652
1296.663295992602,73.20631408691406,-28.963027954101562,6.0791778564453125,73.45756591235505,-29.82795190710058,-0.9006780358479245,0.2827094212631673,-0.011684037368291007,85.58685396829293,-1.5241392801924603,12.590023398399353,-10.85002326965332,1.7400001287460327,-44.7698860168457,50.01000213623047,8,right,34.27897971141241,123.40432696108468
1301.7917192327084,78.17068481445312,-27.67742919921875,6.0245513916015625,78.38308696167039,-28.617690523709797,-0.9639533341796989,0.22216798969770737,-0.010880704891656972,91.90581032730451,-1.2205020486096174,12.160022854804993,-10.70002269744873,1.4600001573562622,-46.43000411987305,49.9995231628418,8,right,35.52187158336065,127.87873770009834
1306.9876923393595,83.26495361328125,-26.65692138671875,5.9529571533203125,83.43919716135683,-27.668965178611426,-1.0269340050628712,0.1704984163180477,-0.009638889993139377,103.74638580912998,-1.3450250908763506,11.950022101402283,-10.600022315979004,1.3499997854232788,-47.36984634399414,49.9995231628418,8,right,37.20343500248305,133.93236600893897
1312.2227378977243,88.44345092773438,-25.892623901367188,5.88427734375,88.57562598558428,-26.973791610481985,-1.0892170863286013,0.12164849303781824,-0.008382936960232228,119.28993439219393,-1.3282738203501565,11.950020432472229,-10.250020980834961,1.699999451637268,-48.3096923828125,49.9995231628418,8,right,38.824056960135344,139.76660505648724
1317.5864683552934,93.77873229980469,-25.345657348632812,5.8121337890625,93.87280919820633,-26.49181532149518,-1.1500124180063642,0.08189663214267688,-0.0065802513704065965,151.9698783084953,-1.3097192108103561,11.850019097328186,-9.950019836425781,1.8999992609024048,-49.249534606933594,49.9995231628418,8,right,40.417173878735774,145.5018259634488
1323.0625939104143,99.24241638183594,-24.983383178710938,5.7423858642578125,99.30341055421371,-26.189963745390536,-1.2081212492762936,0.05050826950597138,-0.004752131690558408,210.43187881068448,-1.2524188735065778,11.800018668174744,-9.850019454956055,1.949999213218689,-49.9995231628418,49.9995231628418,8,right,41.981350816335876,151.13286293880915
1328.6466532733705,104.82167053222656,-24.76220703125,5.6736602783203125,104.85895718185898,-26.02362317743182,-1.2619671105417127,0.02955075185074948,-0.0025020306066434353,399.67536661813114,-1.1192662125462771,11.90001904964447,-9.950019836425781,1.949999213218689,-49.9995231628418,49.9995231628418,8,right,43.51850197523378,156.66660711084162
1334.3398225807694,110.51277160644531,-24.619842529296875,5.6164093017578125,110.54232640342417,-25.929210419266166,-1.3097014000554066,0.02256797305280426,-0.0004256530983234798,2349.330955039916,-0.965722235307187,11.950019717216492,-10.100020408630371,1.8499993085861206,-49.9995231628418,49.9995231628418,8,right,45.0317023802187,162.11412856878732
1340.140960762685,116.31211853027344,-24.486053466796875,5.562744140625,116.34562416566104,-25.83502849755109,-1.349391070520722,0.024832741221625577,0.0009294695657711192,1075.8824568616901,-0.8884349818227111,11.950020432472229,-10.250020980834961,1.699999451637268,-49.9995231628418,44.19963455200195,8,right,46.284064199435086,166.6226311179663
1346.0482027798835,122.216796875,-24.3194580078125,5.5124664306640625,122.2630847444581,-25.697950789984755,-1.3792697043580615,0.0335659968176114,0.002402813599791062,416.1787664623488,-0.8021982391380245,12.000021576881409,-10.500021934509277,1.4999996423721313,-49.9995231628418,38.29360580444336,8,right,44.7569211071352,161.12491598568673
1352.0569237257744,128.22006225585938,-24.067489624023438,5.467254638671875,128.29503458363627,-25.4634832181843,-1.3980053522324063,0.053653807979881014,0.004462355738068096,224.09688036950047,-0.7438834471334033,11.90002191066742,-10.55002212524414,1.3499997854232788,-49.9995231628418,32.28605651855469,9,left,43.148128246271284,155.33326168657663
1358.1587947682665,134.30740356445312,-23.6490478515625,5.422393798828125,134.4306223382549,-25.04855591493206,-1.404921950022005,0.08781789854363745,0.006504337670831617,153.74355554823836,-0.7790496092565324,11.493996739387512,-10.09399700164795,1.399999737739563,-49.9995231628418,26.18535041809082,9,left,41.45054376453246,149.22195755231687
1364.3385727160141,140.45057678222656,-22.979354858398438,5.3715057373046875,140.63718669799317,-24.366976902186934,-1.4001136371988456,0.13367977214640203,0.008271128289328621,120.90248936051401,-0.9840831737004063,10.794996857643127,-9.09499740600586,1.699999451637268,-49.9995231628418,20.00678253173828,9,left,39.65728901208894,142.7662404435202
1370.5206500031363,146.5533447265625,-21.994827270507812,5.3007354736328125,146.81489795337413,-23.354317503948455,-1.3844218234613568,0.1900682979834174,0.009619755682247523,103.95274402295047,-1.3159693677424034,10.495996713638306,-8.09599781036377,2.399998903274536,-49.9995231628418,13.826109886169434,9,left,37.778293344746714,136.0018560410882
1376.649992619143,152.5360107421875,-20.665069580078125,5.2096710205078125,152.8750148845913,-21.981397884749676,-1.3592806973713802,0.25206027520182706,0.010623052760804143,94.13489912143693,-1.610186942678049,10.495996713638306,-7.0969977378845215,3.398998975753784,-49.9995231628418,10.800023078918457,9,left,35.95006553341642,129.42023592029912
1382.69800615,158.34161376953125,-18.973190307617188,5.1048583984375,158.75805620120764,-20.232600850647472,-1.3264762398159937,0.3193467374531606,0.01125880168442719,88.81939908251226,-1.8694913648433176,10.495996475219727,-6.097997665405273,4.397998809814453,-49.9995231628418,10.800023078918457,9,left,34.92032451191607,125.71316824289786
1388.6555328079114,163.9346160888672,-16.924728393554688,4.9854736328125,164.42092142662378,-18.117265331273213,-1.2878809065102343,0.3872043065076808,0.012087647672952395,82.72908237039564,-1.9985668410767932,10.495996475219727,-5.098997592926025,5.396998882293701,-49.9995231628418,13.500033378601074,9,left,33.70182810885333,121.32658119187198
1394.5147274408048,169.27694702148438,-14.521392822265625,4.868682861328125,169.8320461207963,-15.636047565227233,-1.2452269696981757,0.46204707502890136,0.013002936122331804,76.90570734117172,-1.8676393606023134,11.434999465942383,-5.039000511169434,6.395998954772949,-49.9995231628418,15.950042724609375,9,left,32.49403478880735,116.97852523970646
1400.2701938166276,174.3325653076172,-11.772567749023438,4.7682952880859375,174.94763414874257,-12.802901375777513,-1.1999571082932543,0.5381818371322742,0.013357271724405005,74.86558787098004,-1.6955661746468786,11.434999465942383,-4.0400004386901855,7.394999027252197,-49.9995231628418,20.643096923828125,9,left,32.060144482096845,115.41652013554865
1405.9225887962582,179.0759735107422,-8.699951171875,4.6751556396484375,179.74073449338275,-9.64222446673133,-1.1531635297045475,0.6143986207014642,0.013569783974875585,73.6931407199626,-1.5633243165210586,12.09399938583374,-3.700000286102295,8.393999099731445,-49.9995231628418,26.293724060058594,9,left,31.808111761278592,114.50920234060294
1411.4774611842115,183.4958038330078,-5.336181640625,4.592926025390625,184.199770576835,-6.18870086244853,-1.105603093335602,0.6902454430726122,0.014042642743005526,71.21166708439465,-1.4104430050733308,12.870017528533936,-3.6200003623962402,9.250017166137695,-49.9995231628418,31.846988677978516,9,left,31.267987671394046,112.56475561701856
1416.9588134426326,187.58766174316406,-1.6897430419921875,4.5193939208984375,188.32349101029413,-2.4496231981187764,-1.0577629989937098,0.7693196283242132,0.014382185639907008,69.5304611578123,-1.1705673098133695,12.910016059875488,-4.010000228881836,8.900015830993652,-49.9995231628418,37.326847076416016,9,left,30.89668680746471,111.22807250687296
1422.4328726961744,191.37425231933594,2.2629852294921875,4.46466064453125,192.13154555100695,1.5947743702936823,-1.0099498953341814,0.8478088443761642,0.01388519836205565,72.01913677608808,-0.9900306687832761,12.878005504608154,-4.830000400543213,8.048005104064941,-49.9995231628418,42.79963302612305,9,left,31.444761960162992,113.20114305658677
1427.9219820239566,194.86061096191406,6.502410888671875,4.410858154296875,195.62717438158361,5.9205550392075486,-0.9623802293954904,0.9215317387569948,0.014419996500753499,69.34814442900498,-1.1151598890876357,11.998002529144287,-4.948997497558594,7.049005031585693,-49.9995231628418,42.79963302612305,9,left,30.856152916243175,111.08215049847543
1433.4416722761468,198.01364135742188,11.032379150390625,4.3418121337890625,198.7870583808236,10.542970273358032,-0.9152567623382373,1.0066163680432663,0.01433398718492608,69.7642593856663,-0.7877645427307345,11.998002529144287,-5.947997570037842,6.050004959106445,-49.9995231628418,37.99970626831055,9,left,30.948588724305704,111.41491940750053
1438.9968852911625,200.81747436523438,15.82806396484375,4.323944091796875,201.58382135447687,15.418718565159443,-0.8688218253265264,1.0802022300328904,0.013210394723787613,75.6979651939791,-0.13433314299052257,12.050009727478027,-6.8000078201293945,5.250001907348633,-49.9995231628418,34.999752044677734,9,left,32.23787881541447,116.05636373549208
1444.60957228875,203.2855987548828,20.86895751953125,4.3270263671875,204.03853951511888,20.53573415196839,-0.8233818076170999,1.1541445901051943,0.012478001285175996,80.14103999075645,0.09399237417264672,12.000009536743164,-7.1500091552734375,4.850000381469727,-49.9995231628418,31.349807739257812,9,left,33.17048660715565,119.41375178576035
1450.2888251133002,205.40704345703125,26.137100219726562,4.3346099853515625,206.13915446705312,25.870035970548734,-0.7793008688460106,1.2210098411173933,0.010168218963395051,98.34563984114988,0.09538375856967263,11.850008964538574,-7.1500091552734375,4.699999809265137,-49.9995231628418,31.149810791015625,9,left,35.12759384108155,126.45933782789358
1456.0480193388623,207.2465057373047,31.594635009765625,4.3378753662109375,207.95042653575152,31.376422716622447,-0.7369674995309003,1.2701947450260238,0.007871819823410037,127.03542794845177,0.14128016198778903,11.9500093460083,-7.100008964538574,4.850000381469727,-49.9995231628418,28.699848175048828,9,left,37.006702284708545,133.22412822495076
1461.8978522392688,208.863525390625,37.216522216796875,4.351165771484375,209.5371093646676,37.03839820387034,-0.6967377799919273,1.31227188795702,0.006936444739961259,144.16607318140117,0.23568549955339524,12.849009037017822,-7.000008583068848,5.849000453948975,-49.9995231628418,29.199840545654297,9,left,38.82238332637118,139.76057997493626
1467.8375177701387,210.2737579345703,42.986328125,4.3656768798828125,210.91691541312343,42.843267997312985,-0.6588761206422961,1.351925523240817,0.006666064477194089,150.0135504871271,0.28138736810564,13.748008728027344,-6.900008201599121,6.848000526428223,-49.9995231628418,30.699817657470703,9,left,40.582917311199246,146.0985023203173
1473.8643091648153,211.4684295654297,48.89349365234375,4.3849029541015625,212.08200050342126,48.78263016884039,-0.6235062212378881,1.3920393047524164,0.0066240665891171835,150.96466597164357,0.2958689879524523,13.898009300231934,-6.700007438659668,7.198001861572266,-49.9995231628418,35.29547882080078,9,left,42.29443815303719,152.2599773509339
1479.9755897340958,212.43711853027344,54.927490234375,4.40155029296875,213.02205130451202,54.84597123859316,-0.5905858930348182,1.4323235016184093,0.006480578802160769,154.3072047309382,0.24905022956590583,12.899009227752686,-6.700007438659668,6.199001789093018,-49.9995231628418,41.40573501586914,9,left,43.96196485268206,158.2630734696554
1486.170431604365,213.17599487304688,61.078094482421875,4.4155120849609375,213.73316566285752,61.02273962648711,-0.5599137871974351,1.471771390238853,0.006388183959742028,156.53901113398473,0.1990573926940964,11.9500093460083,-6.750007629394531,5.2000017166137695,-49.9995231628418,47.59955978393555,9,left,45.59008559076668,164.12430812676004
1492.4458433561429,213.677001953125,67.33346557617188,4.42633056640625,214.2072490991344,67.30224720142176,-0.5311653441002645,1.511989072000894,0.006392609237925881,156.4306471397047,0.18148549391779345,11.9500093460083,-6.900008201599121,5.05000114440918,-49.9995231628418,49.9995231628418,9,left,46.34312082803249,166.83523498091697
1498.799358953695,213.9276885986328,73.68202209472656,4.438446044921875,214.43155129745162,73.672802555642,-0.503947040036845,1.5525006474520975,0.00678104297095905,147.46993999045088,-0.03226321143040556,11.900009155273438,-6.900008201599121,5.000000953674316,-49.9995231628418,49.9995231628418,9,left,44.98761242121843,161.95540471638634
1505.2268960426786,213.90480041503906,80.1094970703125,4.421875,214.382468276727,80.12283792658643,-0.4778541247448285,1.5987182159940085,0.007331655753763905,136.39483816280148,-0.005695945016709336,12.000009536743164,-6.850008010864258,5.150001525878906,-49.9995231628418,49.9995231628418,9,left,43.273629562782595,155.78506642601735
1511.721375109718,213.5700225830078,86.59532165527344,4.43804931640625,214.02121888277242,86.62988890914767,-0.4525185034467263,1.6472594108533198,0.00741219227131229,134.91285214906537,0.12975785249051963,12.050009727478027,-6.500006675720215,5.5500030517578125,-49.9995231628418,49.9995231628418,9,left,43.03789458301468,154.93642049885287
1518.2790692713675,212.91961669921875,93.12068176269531,4.43865966796875,213.3439370800198,93.17385292386484,-0.42763881716148017,1.6954555526018729,0.007509817908947586,133.15902091428185,-0.06740469744325184,12.000009536743164,-5.850004196166992,6.150005340576172,-49.9995231628418,49.9995231628418,9,left,42.757238889206334,153.92606000114282
1524.8962511961317,211.93870544433594,99.66474914550781,4.4290771484375,212.3355119892294,99.73508113600943,-0.40299134352762483,1.7462194849406527,0.008140529364069393,122.8421341262882,-0.17226791297770272,12.149006366729736,-5.000000953674316,7.14900541305542,-47.80976104736328,49.9995231628418,9,left,41.067477892870286,147.84292041433304
1531.5662651639484,210.5968475341797,106.19837951660156,4.415740966796875,210.9650573927631,106.2857103341058,-0.37842459175373183,1.803670114787873,0.008474091970065739,118.00674379419584,-0.11783931727471497,12.84500503540039,-4.696999549865723,8.148005485534668,-45.62000274658203,49.9995231628418,9,left,40.2511014463094,144.90396520671385
1538.2757727724688,208.8673553466797,112.68115234375,4.4133758544921875,209.20654801927824,112.7819254914572,-0.3538458653755482,1.8595877554699152,0.00898810139186687,111.25820197187332,-0.21059625524892378,12.845004558563232,-3.6979994773864746,9.147005081176758,-39.57838439941406,49.9995231628418,9,left,39.083223317869525,140.6996039443303
1545.020444993141,206.761962890625,119.0887451171875,4.3872833251953125,207.07077060691503,119.2028170633677,-0.3292029989924154,1.9246437638796594,0.00984633749219771,101.560605737149,0.08550574937951638,12.845004081726074,-2.6989994049072266,10.146004676818848,-32.83476257324219,49.9995231628418,9,left,37.34109050299813,134.42792581079325
1551.7770997851574,204.20895385742188,125.34439086914062,4.4250335693359375,204.48674291183607,125.4690223197562,-0.3044663482798692,1.9925311942348767,0.00982137924655524,101.81869316885823,0.4317858141401898,12.81002163887024,-2.4600002765655518,10.350021362304688,-26.079212188720703,49.9995231628418,9,left,37.38850628615881,134.59862263017172
1558.542932273212,201.24964904785156,131.42868041992188,4.445648193359375,201.49679921540283,131.55944664762478,-0.27961225228569353,2.057449086619482,0.009577919436130844,104.40680845859842,0.3369758906121345,12.533997297286987,-2.640000104904175,9.893997192382812,-19.314411163330078,49.9995231628418,9,left,37.86071102658691,136.2985596957129
1565.3188716739419,197.89767456054688,137.31739807128906,4.470672607421875,198.11454235104299,137.45078986352323,-0.25460755839153787,2.1222328496949756,0.009793147941041108,102.11221213244433,0.5133493135421996,11.83499789237976,-2.940000295639038,8.894997596740723,-12.539518356323242,49.9995231628418,9,left,37.442358568232436,134.79249084563676
1572.1076780577093,194.15147399902344,142.9788360595703,4.51531982421875,194.3382393893813,143.1120287135918,-0.22939397141339868,2.1902966324059547,0.009667754832221348,103.43663211929334,0.6699241626883845,11.615997791290283,-3.7200002670288086,7.895997524261475,-10.148380279541016,49.9995231628418,9,left,37.684394485273806,135.6638201469857
1578.9093697738056,190.032958984375,148.39166259765625,4.5617218017578125,190.19112203698035,148.5203015066563,-0.20387133226171475,2.253613215396729,0.00911586719597271,109.69883374801566,0.7373701824868628,11.53699779510498,-4.640000343322754,6.896997451782227,-11.131651878356934,49.9995231628418,9,left,38.808366303736214,139.71011869345037
1585.7331276857499,185.56967163085938,153.55303955078125,4.615814208984375,185.70058589059724,153.6734671282493,-0.17788014171777689,2.3144958868354975,0.008592048651402423,116.38667802896771,0.7748988502836784,11.41799783706665,-5.520000457763672,5.8979973793029785,-12.034107208251953,49.9995231628418,9,left,39.973851234649466,143.90586444473809
1592.5884204383467,180.79132080078125,158.46829223632812,4.6677093505859375,180.89661871688534,158.57678201011836,-0.15118757274630643,2.3711234159788495,0.00817973409274253,122.25336284308436,0.7129943844852771,11.17899751663208,-6.28000020980835,4.8989973068237305,-12.694110870361328,48.9410400390625,9,left,40.968943323146455,147.48819596332723
1599.476641469306,175.72100830078125,163.13063049316406,4.713775634765625,175.8019343308997,163.22389485833767,-0.12347981277103195,2.426908849284069,0.008132938396267858,122.95679018777422,0.5996044578037707,10.795995950698853,-6.895998477935791,3.8999974727630615,-12.950031280517578,46.29483413696289,9,left,41.08663881474013,147.91189973306447
1606.3961563154323,170.37420654296875,167.52267456054688,4.750457763671875,170.43192897029328,167.59733080114637,-0.09436860111649124,2.4834230308697482,0.00814886197101311,122.7165220808955,0.4149834644896322,10.94499683380127,-7.894998550415039,3.0499982833862305,-13.6000337600708,42.85476303100586,9,left,41.046475777713965,147.76731279977028
1613.3429030089794,164.76446533203125,171.6199493408203,4.7712554931640625,164.8003613368186,171.67222851445447,-0.06341636346845522,2.5399020910703287,0.007958922947476105,125.6451415096455,0.06966262904133935,11.543996810913086,-8.893998146057129,2.649998664855957,-13.950035095214844,39.41469192504883,9,left,41.533373301235606,149.52014388444817
1620.3181378990655,158.91525268554688,175.42001342773438,4.7600250244140625,158.93095996391375,175.44578419376896,-0.030180307747005048,2.594217225713865,0.008353421235519881,119.71142982085762,0.028827544680426476,13.099016666412354,-9.450017929077148,3.648998737335205,-14.250036239624023,36.76848602294922,9,left,40.540786013023954,145.94682964688624
1627.3248405047325,152.82241821289062,178.8799285888672,4.7754058837890625,152.81974739515692,178.87485870908915,0.005730353246567073,2.656734842254833,0.008136008918363469,122.91038641107423,0.17588430533222454,13.748015403747559,-9.100016593933105,4.647998809814453,-14.250036239624023,35.71000289916992,9,left,41.078885053728335,147.883986193422
1634.3610348911175,146.51687622070312,182.0021209716797,4.784698486328125,146.49815712102298,181.96164390834724,0.04459593421887462,2.7084238705695256,0.007024139663222656,142.36618973222448,0.23411910015490034,14.297013759613037,-8.650014877319336,5.646998882293701,-14.20003604888916,35.30549621582031,9,left,43.04739698155519,154.9706291335987
1641.4418759657967,140.02133178710938,184.8209228515625,4.8085479736328125,139.98877212886413,184.74074012158886,0.08654132845683715,2.7558660252173928,0.0059751355671488204,167.36021948991092,0.30390274699516606,14.846012115478516,-8.200013160705566,6.645998954772949,-13.75003433227539,34.55427169799805,9,left,44.94143721764597,161.7891739835255
1648.5706943182774,133.36634826660156,187.37648010253906,4.827850341796875,133.32145726175457,187.25286163822588,0.13151702184630112,2.793258715265443,0.005256089780012352,190.25550206595787,0.2778764048028737,15.395010471343994,-7.750011444091797,7.644999027252197,-13.150032043457031,34.14976501464844,9,left,46.77089225981119,168.37521213532028
1655.7546394347048,126.57113647460938,189.70751953125,4.84832763671875,126.51635124456838,189.53678242728796,0.17931140538177243,2.8310963907868283,0.0052758823261078724,189.54175589767573,0.22405882001759747,15.646008491516113,-7.5000104904174805,8.145998001098633,-12.650030136108398,33.29977798461914,9,left,48.54479794665229,174.76127260794823
1662.9870660543972,119.64501953125,191.79000854492188,4.8600921630859375,119.58327754443971,191.56887584059203,0.22959038712350432,2.8693186624907923,0.005332446948275116,187.53116715459674,0.15906224683405745,14.547008037567139,-7.400010108947754,7.146997928619385,-12.450029373168945,33.29977798461914,9,left,50.267479659371354,180.96292677373688
1670.2711460541527,112.59394836425781,193.6175994873047,4.8714141845703125,112.52882350717094,193.34327123569958,0.281952543239636,2.9085098271142518,0.005348760243431561,186.95921194598884,0.28419512480098996,13.54800796508789,-7.400010108947754,6.147997856140137,-12.300028800964355,33.249778747558594,9,left,50.66380343166296,182.38969235398667
1677.6021335011756,105.43072509765625,195.17666625976562,4.9017486572265625,105.36591771176136,194.8469910799882,0.33598470415753323,2.947488177651748,0.004777215373241828,209.32696599805968,0.35858502995940733,12.549007892608643,-7.400010108947754,5.148997783660889,-12.250028610229492,33.249778747558594,9,left,52.338922471482114,188.4201208973356
1684.9540525410855,98.1956787109375,196.48216247558594,4.924041748046875,98.1321927229649,196.09604189949934,0.39130495773283075,2.9786306072583955,0.004151656730088493,240.86769812943683,0.40990071834115516,11.9500093460083,-7.80001163482666,4.149997711181641,-12.500029563903809,33.49977493286133,9,left,53.966631152244204,194.27987214807914
1692.3428372176686,90.88789367675781,197.5725555419922,4.962249755859375,90.8285789828879,197.12891733607552,0.44758584724927186,3.0086802881248196,0.003743032515714756,267.16305450235814,0.5437963917340471,12.363345623016357,-8.40001392364502,3.963331699371338,-13.100031852722168,34.14976501464844,10,straight,55.55447253389278,199.996101122014
1699.8096055225783,83.47517395019531,198.46832275390625,5.0048675537109375,83.42108457219166,197.9666728663874,0.5045574996573798,3.034184640887256,0.0031913363442795384,313.34835696415934,0.5062349345280603,12.5666823387146,-8.950016021728516,3.616666316986084,-13.700034141540527,34.94975280761719,10,straight,57.1142449715714,205.61128189765705
1707.339407571139,75.98042297363281,199.19325256347656,5.0380859375,75.93266522369797,198.63329110982903,0.561994334713352,3.0565109818781697,0.0026928694336042225,371.3510902240693,0.4015777541729493,12.830018043518066,-9.400017738342285,3.4300003051757812,-14.20003604888916,37.74971008300781,10,straight,57.07710448846816,205.47757615848536
1714.9338478556342,68.4078369140625,199.76832580566406,5.0655517578125,68.366524107532,199.15000855827333,0.6196958660538776,3.074876911453909,0.001982416598793363,504.43484008793604,0.4315641642986534,12.898537397384644,-9.650018692016602,3.248518705368042,-14.35003662109375,37.74971008300781,10,straight,55.48921889907303,199.7611880366629
1722.595327461519,60.76039123535156,200.23023986816406,5.1040191650390625,60.72321921753492,199.55379467098504,0.6774657656997307,3.0866958648702125,0.001214494747604572,823.3876696234099,0.712699751907836,12.711500883102417,-9.800019264221191,2.9114816188812256,-14.35003662109375,37.64971160888672,10,straight,53.839884254001916,193.8235833144069
1730.3240214244656,53.04217529296875,200.6261444091797,5.1755218505859375,53.0068538237072,199.8918991798699,0.7350943224885984,3.0935238899201485,0.000652875268853853,1531.6861393073402,1.2662659871470694,12.58001971244812,-9.850019454956055,2.7300002574920654,-14.35003662109375,37.59971237182617,10,straight,52.123228070795555,187.643621054864
1738.1094423001907,45.26617431640625,200.9879150390625,5.3008575439453125,45.230693624744866,200.19636374850415,0.7923460891967276,3.09679838955231,0.0003817086357879307,2619.7992558795004,1.9014268861215489,12.406316041946411,-9.850019454956055,2.5562965869903564,-14.550037384033203,37.549713134765625,10,straight,50.33481449460144,181.2053321805652
1745.8745139335292,37.51033020019531,201.32591247558594,5.4710845947265625,37.47457327432243,200.47771506111366,0.8489507710493953,3.09946122770003,0.0003884699584651985,2574.2016292608278,2.2376976677284888,12.03372311592102,-9.800019264221191,2.233703851699829,-15.050039291381836,37.59971237182617,10,straight,48.48541156725959,174.54748164213453
1753.4639528367268,29.929183959960938,201.63543701171875,5.644287109375,29.894053567399272,200.7315256816072,0.9045937415136122,3.1027473382227195,0.0005862504656190537,1705.755574870283,2.4970764870426043,11.860019445419312,-9.800019264221191,2.06000018119812,-15.700041770935059,37.59971237182617,10,straight,46.60697806550483,167.7851210358174
1760.8166940597275,22.583984375,201.9024200439453,5.84320068359375,22.551921781922896,200.94405360780806,0.9589026205977584,3.1081496638482875,0.0009119285995483339,1096.5770790556264,2.936747580712379,11.850018501281738,-9.800019264221191,2.049999237060547,-16.400035858154297,37.64971160888672,10,straight,44.71192884548319,160.9629438437395
1767.9447448682754,15.46270751953125,202.11631774902344,6.0685272216796875,15.436698188666291,201.1052237320485,1.011428493001143,3.115874376429757,0.0018248632761324601,547.9862590688759,3.2008613922564155,11.85001802444458,-9.700018882751465,2.1499991416931152,-17.1500244140625,37.79970932006836,10,straight,42.79475508021517,154.06111828877462
1774.8590890196574,8.553146362304688,202.24261474609375,6.292510986328125,8.5445158877927,201.18102307927245,1.0616267480403445,3.1334630830102927,0.003651296076279009,273.87535250745475,3.390170568851386,11.850017309188843,-9.550018310546875,2.2999989986419678,-17.850013732910156,37.99970626831055,10,straight,40.849177898734276,147.05704043544338
1781.5071070812187,1.9094085693359375,202.20187377929688,6.52752685546875,1.9351573501393047,201.09332890400316,1.108843875508546,-3.118369280117983,0.005876373428833376,170.17298374765267,3.2242734946893226,11.900015592575073,-9.200016975402832,2.699998617172241,-18.350006103515625,38.39970016479492,11,left,38.88685957783499,139.99269448020596
1787.91442353823,-4.489410400390625,201.93038940429688,6.7149200439453125,-4.411066678729367,200.78073086804346,1.1523248190957713,-3.0735526348323403,0.008798455748340928,113.65630840259259,2.868312551525287,11.850013256072998,-8.7000150680542,3.149998188018799,-18.500003814697266,39.09968948364258,11,left,36.896957923204134,132.82904852353488
1794.1188392062543,-10.661544799804688,201.32289123535156,6.889495849609375,-10.503023936561416,200.14223380912745,1.1912517879027622,-3.0081259285123605,0.011296509291643886,88.52292103541292,3.1306273074883317,11.900010824203491,-8.200013160705566,3.699997663497925,-18.500003814697266,40.2996711730957,11,left,34.861993990601064,125.50317836616384
1800.2071237694136,-16.66046142578125,200.30490112304688,7.099029541015625,-16.409052231067324,199.10616231409395,1.2248188908065574,-2.9348609037255637,0.011773280563183441,84.93809305174705,3.3403996427951332,11.900009155273438,-7.700011253356934,4.199997901916504,-18.150009155273438,42.24964141845703,11,left,34.14881272191291,122.93572579888648
1806.172217946936,-22.453018188476562,198.89378356933594,7.2923736572265625,-22.112422557004447,197.68865410944997,1.2523347792275448,-2.8661545882338624,0.01220986522281814,81.90098594464187,3.19757622944995,11.850008964538574,-7.350009918212891,4.499999046325684,-17.65001678466797,44.64960479736328,11,left,33.532730657368646,120.71783036652712
1812.0384943577337,-28.033905029296875,197.0958251953125,7.4774322509765625,-27.596019706949036,195.90015293392892,1.2733325222304535,-2.7905370561457894,0.01303444737823728,76.71978496530902,3.112851828603458,11.900009155273438,-7.100008964538574,4.800000190734863,-17.200023651123047,47.449562072753906,11,left,32.45473325914214,116.8370397329117
1817.8418874851973,-33.40582275390625,194.90719604492188,7.6556854248046875,-32.87193093037328,193.73543531570306,1.2876582177638414,-2.714064937788048,0.013010065822905814,76.86356192290569,2.9951061385723454,12.820002555847168,-7.520000457763672,5.300002098083496,-16.700031280517578,49.9995231628418,11,left,32.48512997270856,116.94646790175084
1823.6052146880427,-38.55775451660156,192.32936096191406,7.8239288330078125,-37.93488842390223,191.1934080443385,1.2955119452876511,-2.6400399216187216,0.01281680737939217,78.02255042140023,2.637381884501089,12.840004920959473,-6.940000534057617,5.9000043869018555,-16.300037384033203,51.52619552612305,11,left,32.72912742078582,117.82485871482896
1829.364077301012,-43.50592041015625,189.3862762451172,7.9595947265625,-42.800110539296924,188.29763056007124,1.2974270697698578,-2.566387006312849,0.012839846288326906,77.88255229419143,2.382269145496696,12.765007019042969,-6.315000534057617,6.450006484985352,-15.700041770935059,55.463409423828125,11,left,32.699750825322276,117.7191029711602
1835.1367378569148,-48.22904968261719,186.07020568847656,8.098648071289062,-47.44621670234714,185.03962043046337,1.2941921994173073,-2.49197554536663,0.012611981861991195,79.28967952401723,2.2952237340531423,12.810009479522705,-5.710000514984131,7.100008964538574,-15.050039291381836,59.815608978271484,11,left,32.993826543550306,118.77777555678111
1840.9444969646174,-52.72821044921875,182.39984130859375,8.225311279296875,-51.87855891802268,181.43351646343038,1.2867367371936798,-2.4203545617240927,0.011660803821139376,85.75738133825239,2.07268533055589,12.860011577606201,-5.110000133514404,7.750011444091797,-14.450037002563477,64.16780853271484,11,left,34.31311226311425,123.5272041472113
1846.8016050504602,-56.99946594238281,178.39373779296875,8.340316772460938,-56.09703455995824,177.49162067407508,1.276008501611857,-2.356020339413078,0.010571400441249879,94.59484630796636,1.7401886118884935,12.750014305114746,-4.350000381469727,8.40001392364502,-13.75003433227539,68.52000427246094,11,left,36.03778530049295,129.7360270817746
1852.7160480165392,-61.061279296875,174.09556579589844,8.429901123046875,-60.11615735338168,173.25795531315637,1.2628724436268202,-2.2959603210271853,0.010377662981736646,96.36080895668626,1.3946308197346324,12.68001651763916,-3.6800003051757812,9.000016212463379,-14.514463424682617,71.04928588867188,11,left,36.37261907007965,130.94142865228676
1858.6894603375765,-64.88314819335938,169.5054473876953,8.505966186523438,-63.89860395507511,168.73844758094646,1.2480448953028622,-2.2326257691237372,0.010555205363980191,94.7399852031791,1.1732092416160578,12.806738376617432,-3.2567200660705566,9.550018310546875,-20.486391067504883,73.57856750488281,11,left,36.065421476115574,129.83551731401607
1864.7200094375842,-68.44021606445312,164.63609313964844,8.57061767578125,-67.42228129416974,163.94197769139004,1.2320663342786542,-2.1692615012495517,0.00982102520910566,101.82236362379359,0.9519371460066317,12.697460889816284,-2.54744029045105,10.150020599365234,-26.515594482421875,76.10784149169922,11,left,37.38918018790711,134.60104867646558
1870.805412340685,-71.73292541503906,159.51870727539062,8.621170043945312,-70.69237344824933,158.89084071105466,1.2153044137996942,-2.1137103215345263,0.009523786024163206,105.00025908423994,0.6643695964068996,12.80002236366272,-2.250000238418579,10.55002212524414,-32.599788665771484,78.63712310791016,11,left,37.96815912113525,136.6853728360869
1876.9547111497234,-74.75428771972656,154.16293334960938,8.651687622070312,-73.69274129501979,153.60772310957418,1.197972963988619,-2.0526900527889995,0.009544632980335366,104.77092226178648,0.23587742083893692,12.82002305984497,-2.070000171661377,10.750022888183594,-32.599788665771484,79.54288482666016,11,left,37.926672286373446,136.53602023094442
1883.163329067928,-77.47792053222656,148.5836181640625,8.650009155273438,-76.40275892928202,148.0970086340381,1.1801530863226364,-1.9958036623264281,0.009115783024350343,109.69984666471011,-0.02169729199733572,12.840023756027222,-1.8900001049041748,10.950023651123047,-29.849830627441406,80.30176544189453,11,left,38.808545474061134,139.7107637066201
1889.4321203357738,-79.90199279785156,142.80247497558594,8.64898681640625,-78.81803643241128,142.38434359027087,1.1618068934052772,-1.9389543460347645,0.008521153425320227,117.35500466738982,-0.2199629673894199,12.850024104118347,-1.8000000715255737,11.050024032592773,-27.899860382080078,80.62000274658203,11,left,40.1397962018997,144.5032663268389
1895.755842331003,-82.03530883789062,136.84951782226562,8.622085571289062,-80.94974002390818,136.49246251529598,1.1427808810644506,-1.8885613343257328,0.008517972813898655,117.39882503126967,-0.5159585047398885,12.720024108886719,-1.6700000762939453,11.050024032592773,-26.59988021850586,79.30472564697266,11,left,40.14728960328531,144.5302425718271
1902.1351261519671,-83.85997009277344,130.73687744140625,8.583343505859375,-82.77487428493227,130.44834304356797,1.1228023026919691,-1.8306892031119257,0.009077004367347707,110.16850488661812,-0.7975580400086946,12.660023212432861,-1.8600001335144043,10.800023078918457,-25.94989013671875,75.83718872070312,11,left,38.89135579823484,140.00888087364544
1908.569064607076,-85.33952331542969,124.47569274902344,8.519683837890625,-84.26032296312924,124.25528852474478,1.101476927804337,-1.7722550978091023,0.008909054627151913,112.24535507418754,-1.1662552924688208,12.515577554702759,-2.0155556201934814,10.500021934509277,-25.849891662597656,70.93480682373047,11,left,39.25622595046031,141.32241342165713
1915.0580263566862,-86.46942138671875,118.08645629882812,8.43243408203125,-85.40240418495047,117.93088374644695,1.078298904721597,-1.7155775111636695,0.00884605189155735,113.04478113613573,-1.4115554519131268,12.097443103790283,-2.3044447898864746,9.792998313903809,-25.999889373779297,65.31500244140625,11,left,39.39577190638812,141.82477886299725
1921.599713312259,-87.22467041015625,111.5892333984375,8.335678100585938,-86.17589436885092,111.49862845256358,1.0526824977327647,-1.6569734881241267,0.008693546087112869,115.02785974556218,-1.709497569462226,11.25399899482727,-2.4600002765655518,8.793998718261719,-26.149887084960938,59.69519805908203,11,left,39.739818130979714,143.06334527152697
1928.1963448267827,-87.61825561523438,105.00559997558594,8.20758056640625,-86.59471769437478,104.9742782850294,1.0240170524639178,-1.6013881772669032,0.008388807057572167,119.20646083966716,-1.983745153988381,11.044996738433838,-3.249998092651367,7.794998645782471,-26.499881744384766,54.792816162109375,11,left,40.45519070367424,145.63868653322726
1934.8489617084804,-87.64457702636719,98.35440063476562,8.072799682617188,-86.6531427298248,98.37915595244016,0.9917433085802339,-1.5458323175529058,0.0080102973717735,124.83931040110654,-2.1256328132113866,11.04599666595459,-4.249998092651367,6.795998573303223,-27.299869537353516,51.32527542114258,11,left,41.39997092611317,149.0398953340074
1941.5580541483644,-87.30638122558594,91.65550231933594,7.9234466552734375,-86.35373328400111,91.72842730136557,0.9554350598600766,-1.4943955558393913,0.007644987666395653,130.80465837709656,-2.338032010913682,11.721997737884521,-5.248998165130615,6.472999572753906,-28.249855041503906,48.193519592285156,11,left,42.377561330299024,152.55922078907648
1948.328441388888,-86.6258544921875,84.92144775390625,7.75750732421875,-85.71846876364641,85.03824249424734,0.914871505585005,-1.4427845384984037,0.007216140375821578,138.5782354443385,-2.591401471183985,12.397998809814453,-6.247998237609863,6.15000057220459,-29.14984130859375,45.06175994873047,11,left,43.61861476099752,157.02701313959108
1955.1613227303037,-85.597900390625,78.16891479492188,7.5707550048828125,-84.74104311995136,78.31998404570237,0.8700725836604982,-1.3962835541242244,0.006531742658997697,153.09849946743785,-2.7815558008185692,13.12199878692627,-7.246998310089111,5.875000476837158,-29.749832153320312,41.93000411987305,11,left,45.42468465057977,163.52886474208717
1962.0643805840862,-84.25569152832031,71.40042114257812,7.3753662109375,-83.45377550893731,71.57780343063565,0.8213000537316435,-1.3531035345604954,0.005869994708999848,170.3579048319762,-2.858800195690525,13.855998992919922,-8.24599838256836,5.6100006103515625,-30.149826049804688,40.50395584106445,11,left,47.17914866897163,169.84493520829787
1969.037377582292,-82.62306213378906,64.62423706054688,7.1740264892578125,-81.87908034418086,64.8188983274154,0.7690266003770458,-1.3148853406193677,0.005407184561005751,184.9391284350755,-2.8385178163327804,14.08499813079834,-9.24499797821045,4.840000152587891,-30.199825286865234,39.077903747558594,11,left,48.88750604764801,175.99502177153283
1976.079952404228,-80.71846008300781,57.84693908691406,6.97760009765625,-80.03509091716165,58.053448289288326,0.713890374983819,-1.2773290579862704,0.005462658741473891,183.06104176117506,-2.6591725303592053,14.313997745513916,-10.243997573852539,4.070000171661377,-30.199825286865234,37.65185546875,11,left,50.1328414441284,180.47822919886227
1983.1909907741783,-78.53150939941406,51.08293151855469,6.7978363037109375,-77.91097407267492,51.29773284686364,0.6566610254724634,-1.23755110714331,0.005183704047103999,192.91224786620953,-2.4470257516942375,14.81224536895752,-10.750022888183594,4.062222480773926,-29.36235237121582,36.22580337524414,11,left,51.46408508612612,185.27070631005404
1990.3663524137862,-76.06947326660156,44.34532165527344,6.62811279296875,-75.51117157698349,44.56024337937858,0.5982408579516572,-1.2033255885514995,0.00453061060276555,220.72080072155958,-2.226829986425094,14.79780101776123,-10.750022888183594,4.047778129577637,-27.519912719726562,34.79975509643555,11,left,53.07947888108336,191.0861239719001
1997.608207424453,-73.36540222167969,37.62895202636719,6.4769744873046875,-72.86798492656938,37.838396511193764,0.539713773864562,-1.172264277841602,0.00380114536970666,263.078599405729,-2.0027192297573047,14.64002275466919,-10.600022315979004,4.0400004386901855,-25.677474975585938,34.79975509643555,12,straight,54.661458891473316,196.78125200930396
2004.915063708,-70.44891357421875,30.93084716796875,6.33685302734375,-70.00894057941629,31.128758228488504,0.4824365492284973,-1.148087546890783,0.002757193022493387,362.68770152902795,-1.7023127460977117,13.984095335006714,-10.250020980834961,3.734074354171753,-24.840002059936523,34.59975814819336,12,straight,56.21253388132879,202.36512197278364
2012.2405728880208,-67.38864135742188,24.276077270507812,6.22796630859375,-67.00106732694644,24.457998073136412,0.42814577836060463,-1.1319406252869644,0.0018501243411633284,540.5042124742903,-1.5707967331966999,12.865945100784302,-9.700018882751465,3.165926218032837,-24.42148780822754,33.9997673034668,12,straight,57.725746910716886,207.8126888785808
2019.630695818272,-64.21044921875,17.605392456054688,6.1055908203125,-63.86912928709465,17.770221872660972,0.37903566101882713,-1.120907756441484,0.0012353696659704316,809.4743035595427,-1.4701424240212424,11.910016536712646,-9.050016403198242,2.8600001335144043,-23.318132400512695,32.249794006347656,12,straight,59.213136161510775,213.1672901814388
2027.1121809842718,-60.93379211425781,10.880294799804688,6.009674072265625,-60.63072530312053,11.029386028750084,0.3377538845984907,-1.113616043571657,0.0006836276941562525,1462.7845076320684,-1.1477104615416123,11.950011491775513,-8.350013732910156,3.5999977588653564,-21.758216857910156,32.99978256225586,12,straight,60.68178828684254,218.45443783263315
2034.6691188247532,-57.58491516113281,4.1063385009765625,5.933197021484375,-57.30960176781093,4.242785087362082,0.3072704598210969,-1.110671209911883,0.00021396849881216706,4673.585156466668,-0.8031982769186874,11.800008773803711,-7.5000104904174805,4.2999982833862305,-19.970020294189453,32.99978256225586,12,straight,62.130018641758326,223.66806711032999
2042.298846845312,-54.1956787109375,-2.7291412353515625,5.88800048828125,-53.935337194297915,-2.6000243139201022,0.29060090276208134,-1.1103922797087722,-9.920180273770285e-05,10080.461971483284,-0.5007940171797898,11.800008773803711,-6.700007438659668,5.100001335144043,-18.18182373046875,32.99978256225586,12,straight,63.55873024162761,228.81142886985938
2050.0000621995932,-50.77824401855469,-9.630508422851562,5.8565521240234375,-50.517819666254475,-9.501940211138118,0.2904317963553213,-1.1122115683268037,-0.00039580546097112146,2526.4936909826047,-0.20567717789111706,11.750008583068848,-5.850004196166992,5.9000043869018555,-16.62190818786621,32.99978256225586,12,straight,64.51177711868486,232.24239762726552
2057.7704425665643,-47.35069274902344,-16.604080200195312,5.8564605712890625,-47.073305789007385,-16.468627249956814,0.30869244777814375,-1.11653819443639,-0.0007493276819243722,1334.529637863996,0.2579097261391772,11.750008583068848,-5.05000114440918,6.700007438659668,-15.518553733825684,32.599788665771484,12,straight,63.07841172310108,227.08228220316389
2065.6079549037777,-43.93309020996094,-23.657089233398438,5.89715576171875,-43.62090023852033,-23.50749018090255,0.3461826898846262,-1.1239329542157297,-0.001132201653546383,883.2348874140139,0.6842132162740377,11.800008773803711,-4.2999982833862305,7.5000104904174805,-14.831892013549805,32.3997917175293,12,straight,61.59888512498334,221.75598644994002
2073.5074136579483,-40.55220031738281,-30.796173095703125,5.9643402099609375,-40.187574056944506,-30.626107377605273,0.40233649880835465,-1.134379089239987,-0.0014590420641932278,685.3811994467387,0.8122011979455501,11.850011110305786,-3.5999977588653564,8.25001335144043,-13.556662559509277,32.19979476928711,12,straight,60.070802419986734,216.25488871195225
2081.4680600107977,-37.22840881347656,-38.02946472167969,6.0259246826171875,-36.79526587956348,-37.83410641214812,0.4751606784045429,-1.147090302768758,-0.0018485146763529414,540.9748771770463,0.8792776490917087,11.850013971328735,-2.9999983310699463,8.850015640258789,-12.870000839233398,31.899799346923828,12,straight,58.49051076239867,210.56583874463522
2089.488069729662,-33.986328125,-45.364532470703125,6.10498046875,-33.47081352957968,-45.142403716411266,0.5613345540536643,-1.1639495684040233,-0.0021118581537027947,473.51665084450156,0.9197488754716376,11.950016498565674,-2.5499987602233887,9.400017738342285,-12.910016059875488,31.84980010986328,12,straight,56.85403434500906,204.67452364203263
2097.5635302632954,-30.8505859375,-52.805999755859375,6.17388916015625,-30.243394787742286,-52.55661411261766,0.6564101548568405,-1.1810827332006586,-0.0021039248490475893,475.3021480081301,0.7394524287339665,12.000018119812012,-2.2499990463256836,9.750019073486328,-12.950031280517578,30.999813079833984,12,straight,55.1572071918285,198.56594589058258
2105.696157112762,-27.82330322265625,-60.35401916503906,6.224700927734375,-27.12010763226297,-60.07904988174036,0.7550444656484507,-1.1980481344016116,-0.0018736301576133263,533.7232622652825,0.5546240758279308,12.050019264221191,-2.049999237060547,10.000020027160645,-12.600029945373535,30.74981689453125,12,straight,53.393897825297614,192.21803217107143
2113.8285300204057,-24.914520263671875,-67.94828796386719,6.26409912109375,-24.117632029223184,-67.64902921107108,0.8512265616907353,-1.2115574351629521,-0.0014581142288376814,685.8173250233888,0.46249498962802615,12.100020051002502,-1.8999992609024048,10.200020790100098,-12.350028991699219,30.549819946289062,12,straight,51.570389968652954,185.65340388715063
2121.812103963971,-22.145111083984375,-75.43605041503906,6.2993011474609375,-21.263236395022993,-75.1149508602003,0.938513660608298,-1.2216069036544308,-0.0011878535184367545,841.8546432526676,0.46143129487651313,12.050020098686218,-1.8499993085861206,10.200020790100098,-12.200028419494629,30.299823760986328,12,straight,49.715229502901295,178.97482621044466
2129.5355996798985,-19.533172607421875,-82.70439147949219,6.3364715576171875,-18.580860910908918,-82.36693974575297,1.0103322423435728,-1.2302514189956035,-0.001045844131325968,956.1654266130032,0.47778920325879937,12.100019812583923,-1.949999213218689,10.150020599365234,-12.150028228759766,30.049827575683594,12,straight,47.85210714582906,172.26758572498463
2136.913022834173,-17.092453002929688,-89.66629028320312,6.3714752197265625,-16.090422775148184,-89.3193189319441,1.060402610324198,-1.2374497796267927,-0.0010507011125039933,951.7454470156939,0.6496737875573033,12.100019454956055,-2.049999237060547,10.050020217895508,-12.150028228759766,29.79983139038086,12,straight,46.00205888907398,165.60741200066633
2143.964192753351,-14.807479858398438,-96.33671569824219,6.4290924072265625,-13.781040437201563,-95.99036470676074,1.0832990790576527,-1.2453637192561033,-0.0010200534608513223,980.3407746545108,0.5233679723684548,12.050018548965454,-2.1999990940093994,9.850019454956055,-12.150028228759766,29.499835968017578,12,straight,44.16144663462514,158.98120788465053
2150.722332041352,-12.667312622070312,-102.74700927734375,6.4454345703125,-11.646539424139284,-102.40964009877464,1.075079478114399,-1.2515947243866785,-0.0017997196575401109,555.6420944842142,0.34110752782542386,12.000017642974854,-2.349998950958252,9.650018692016602,-11.90002727508545,29.199840545654297,12,straight,42.32226450588429,152.36015222118345
2157.1796128485626,-10.687088012695312,-108.89309692382812,6.4735870361328125,-9.70007761649898,-108.58543596971579,1.0338494981789939,-1.268631387667648,-0.0035885549065755584,278.66370336639704,0.5139436128607344,11.850017070770264,-2.349998950958252,9.500018119812012,-11.1500244140625,28.799846649169922,12,straight,40.48698272431219,145.7531378075239
2163.344104593011,-8.928253173828125,-114.80123901367188,6.509857177734375,-8.004096558280425,-114.54103669804846,0.9600888995902219,-1.2963448522586887,-0.005044992051661812,198.21636778805265,0.37421218590075744,11.750017166137695,-2.2499990463256836,9.500018119812012,-10.55002212524414,28.19985580444336,13,right,38.65370019805464,139.15332071299673
2169.2605644918126,-7.407501220703125,-120.51890563964844,6.51983642578125,-6.575732278479604,-120.3140494492237,0.8566245572028448,-1.3293126716141075,-0.0067667683603643836,147.7810302857997,0.22589397496233232,11.650017261505127,-2.1499991416931152,9.500018119812012,-10.100020408630371,27.649864196777344,13,right,36.8084090321938,132.5102725158977
2174.970621328721,-6.1607666015625,-126.09117126464844,6.535888671875,-5.446519329049466,-125.94916361461293,0.7282275324106587,-1.3745342826844937,-0.00791069231415753,126.41118631429133,0.2709928451207544,11.750016689300537,-2.349998950958252,9.400017738342285,-9.950019836425781,26.949874877929688,13,right,34.93518722105388,125.76667399579397
2180.4486609077144,-5.1997528076171875,-131.48423767089844,6.550201416015625,-4.625612932704209,-131.39571763218237,0.5809237413115292,-1.4178223289385288,-0.007845816250321158,127.45646445123748,0.23644153318412853,11.800016164779663,-2.4999988079071045,9.300017356872559,-12.693975448608398,26.199886322021484,13,right,33.03840773645846,118.93826785125046
2185.6532656643585,-4.508453369140625,-136.64271545410156,6.561279296875,-4.089917792572831,-136.59546532251306,0.4211942589685512,-1.4583783617898314,-0.009514221571956916,105.1058136955199,0.24521617397267326,11.850015640258789,-2.649998664855957,9.200016975402832,-17.897567749023438,25.349899291992188,13,right,31.129423643753707,112.06592511751334
2190.486819859854,-4.08819580078125,-141.45794677734375,6.5745849609375,-3.8333653166749966,-141.44297076953035,0.255270163630329,-1.5120953341023848,-0.011671525020630513,85.67860654305298,0.3510634360772369,11.900015592575073,-2.699998617172241,9.200016975402832,-22.730104446411133,24.49991226196289,13,right,29.245147942680564,105.28253259365003
2195.00105013213,-3.93341064453125,-145.969482421875,6.5936279296875,-3.8447512148854885,-145.96915794750586,0.08866002339683846,-1.5671365590546662,-0.014438436644430008,69.25957599334518,0.5110204762506898,12.00001573562622,-2.7499985694885254,9.250017166137695,-27.243295669555664,23.649925231933594,13,right,27.36844780162376,98.52641208584554
2199.196619306159,-4.0493316650390625,-150.1633758544922,6.6185455322265625,-4.12319437850565,-150.15851799141578,-0.07402228903726485,-1.6364705578441714,-0.01836544360547665,54.45008688501245,0.47867818713051014,12.050015687942505,-2.7999985218048096,9.250017166137695,-31.43779182434082,23.546283721923828,13,right,25.50068992817691,91.80248374143689
2203.1099103525776,-4.446258544921875,-154.05645751953125,6.6330718994140625,-4.672847288966795,-154.0235413421238,-0.22896710170453066,-1.7150555817579836,-0.023094503190600357,43.30034691575473,0.3516599886472238,12.050014972686768,-2.949998378753662,9.100016593933105,-35.35005569458008,23.262104034423828,13,right,23.625878296396863,85.0531618670287
2206.7570839550085,-5.1175689697265625,-157.64129638671875,6.645233154296875,-5.47991904432307,-157.55311073199027,-0.3729266499728663,-1.8095266688877758,-0.0290664361192553,34.4039426057308,0.3048931835823998,12.050013542175293,-3.249998092651367,8.800015449523926,-38.99620819091797,22.837505340576172,13,right,21.733439517395443,78.2403822626236
2210.2722993439884,-6.123199462890625,-161.00958251953125,6.6549835205078125,-6.595385053040912,-160.8363515444759,-0.5029594439556828,-1.922420807220788,-0.03327048497593765,30.056670370847737,0.19434266005962098,12.100011348724365,-3.749997615814209,8.350013732910156,-42.51041030883789,22.312606811523438,13,right,20.313969210599474,73.1302891581581
2213.7149289630515,-7.484710693359375,-164.17153930664062,6.65887451171875,-8.034153547174325,-163.89240282798085,-0.6162829085143373,-2.040851657486009,-0.034944213225748366,28.617041498108705,-0.011366373322196921,12.25001049041748,-4.549999237060547,7.700011253356934,-45.9520378112793,21.72753143310547,13,right,19.821509377703777,71.3574337597336
2217.126402819352,-9.196823120117188,-167.1222686767578,6.6542816162109375,-9.786606237205048,-166.72643400538317,-0.7103021978454955,-2.1618983823489546,-0.03635166055346373,27.509059690114103,-0.010627269432561537,13.240003108978271,-5.450002670288086,7.7900004386901855,-49.362510681152344,21.122394561767578,13,right,19.434001345427564,69.96240484353923
2220.4894339099806,-11.230545043945312,-169.80068969726562,6.6580352783203125,-11.821004959495196,-169.28673527145537,-0.782810362527948,-2.287032525262454,-0.037711300503161405,26.51725044370104,0.3475744636887823,13.230006694793701,-6.400006294250488,6.830000400543213,-52.72454071044922,20.53731918334961,13,right,19.080449462452634,68.68961806482949
2223.7565194236745,-13.512252807617188,-172.138916015625,6.6768798828125,-14.067130081780395,-171.5185835105636,-0.8322867331746642,-2.4118336403505576,-0.039970316737823475,25.01856581621008,0.45778751763161374,13.020009517669678,-7.1500091552734375,5.87000036239624,-55.47000503540039,20.012420654296875,13,right,18.53341970188317,66.7203109267794
2226.9188198548736,-15.991729736328125,-174.10162353515625,6.687713623046875,-16.474834689954715,-173.392341114034,-0.8581794387723403,-2.543651964032366,-0.04329201957286177,23.09894548386614,0.32611703208980103,12.760011196136475,-7.600010871887207,5.160000324249268,-52.373130798339844,19.58782196044922,13,right,17.808216733325608,64.10958023997219
2229.9786723191755,-18.622329711914062,-175.66448974609375,6.69720458984375,-19.005145717958367,-174.89320849500928,-0.861059151718471,-2.6808791288537703,-0.04615750288577558,21.664950170174205,0.3264398833439097,12.85001277923584,-7.95001220703125,4.90000057220459,-49.314292907714844,19.30364227294922,13,right,17.246588561825043,62.08771882257015
2232.9992971179304,-21.409805297851562,-176.828125,6.707550048828125,-21.672757515631517,-176.02763161813635,-0.8425755296962414,-2.8242095039343926,-0.04725685295731186,21.160952061351225,0.33843766700565325,13.090013027191162,-8.10001277923584,4.990000247955322,-46.29468536376953,19.200000762939453,13,right,17.04480186876427,61.361286727551374
2236.034057147386,-24.348922729492188,-177.5839385986328,6.7176971435546875,-24.48877101435105,-176.79094781885598,-0.8052278681150109,-2.9670320699343766,-0.04649121098222375,21.50944186810615,0.29277096465138985,13.499643802642822,-8.450014114379883,5.0496296882629395,-43.26094055175781,19.287105560302734,13,right,17.18458016170917,61.864488582153015
2239.108517302094,-27.404937744140625,-177.9201202392578,6.72540283203125,-27.430052319698486,-177.16855070127832,-0.75198903736966,-3.10818891306579,-0.045000324228084754,22.22206211074139,0.2588547295429455,14.360387802124023,-9.200016975402832,5.160370826721191,-40.1874885559082,19.520549774169922,13,right,17.46692816604061,62.8809413977462
2242.2432388636885,-30.53814697265625,-177.8231201171875,6.7337799072265625,-30.466434330256487,-177.1409761323249,-0.6859031412409223,3.036849089603635,-0.04220506304909699,23.693839737585602,0.2314738954809048,15.17002010345459,-9.950019836425781,5.220000267028809,-37.053775787353516,19.858518600463867,13,right,18.036076925086324,64.92987693031077
2245.4540553815646,-33.7049560546875,-177.2933807373047,6.7400360107421875,-33.56349969270272,-176.70026343183122,-0.6097524418959398,2.907469835039875,-0.03755876598314528,26.624942908101826,0.18729608236793815,15.971982479095459,-10.949019432067871,5.022963047027588,-33.843963623046875,20.259204864501953,13,right,19.119155183156796,68.82895865936446
2248.760412505039,-36.8741455078125,-176.35093688964844,6.7459716796875,-36.69433050335888,-175.8567825719348,-0.5258535209939137,2.7926026756082707,-0.03129845480697263,31.950459093501998,0.2142437435375344,16.605056285858154,-11.948019027709961,4.657037258148193,-30.949813842773438,20.680797576904297,13,right,20.944158076585648,75.39896907570834
2252.1820828281684,-40.031829833984375,-175.03306579589844,6.7545318603515625,-39.844585621740556,-174.63931811997625,-0.4360018661805585,2.6977008301419447,-0.024349949841751872,41.067846402103896,0.31321480206476515,17.40701913833618,-12.94701862335205,4.460000514984131,-30.949813842773438,21.081483840942383,13,right,22.78574232706435,82.02867237743166
2255.7359781435543,-43.18353271484375,-173.39088439941406,6.7679901123046875,-43.01443948801766,-173.09413547544204,-0.3415442039282972,2.6236606182931244,-0.018830386120142373,53.105655594089285,0.4764872263026354,18.026018619537354,-13.94601821899414,4.080000400543213,-33.09978103637695,21.419452667236328,13,right,24.552686031929028,88.3896697149445
2259.4285900403224,-46.336212158203125,-171.468505859375,6.789337158203125,-46.20279368158418,-171.2647680298794,-0.24353560945146913,2.5618128878867,-0.016953633316290906,58.98440654836451,0.6935066751897367,18.62003803253174,-14.65003776550293,3.9700002670288086,-34.24976348876953,21.652896881103516,13,right,26.26296931575599,94.54668953672156
2263.2615837514463,-49.476715087890625,-169.27120971679688,6.8205108642578125,-49.39071754401612,-169.15704083238097,-0.14293394180956465,2.4960157280983117,-0.016787397881591726,59.568493405196115,0.9584743387912376,17.941999435424805,-13.842001914978027,4.099997520446777,-34.24976348876953,21.740001678466797,13,right,27.927705669202474,100.53974040912891
2267.230428510202,-52.57147216796875,-166.78680419921875,6.8645172119140625,-52.54486467565859,-166.75588881534625,-0.04078871911471729,2.4309450104677133,-0.0159491326011304,62.69933450356571,0.9907624586293351,17.543002128601074,-12.843002319335938,4.699999809265137,-30.282161712646484,22.730371475219727,13,right,29.33971029497649,105.62295706191537
2271.3334441971874,-55.59971618652344,-164.0185546875,6.9001617431640625,-55.642791102925464,-164.0626057903999,0.06161126593198401,2.367398326426289,-0.015383901272463807,65.00301726389362,0.7780197630613328,17.543002605438232,-11.844002723693848,5.698999881744385,-29.354595184326172,24.569631576538086,13,right,29.87384432829741,107.54583958187068
2275.56723999164,-58.534271240234375,-160.96690368652344,6.92913818359375,-58.655273766669865,-161.07561086658666,0.16266180375572917,2.3027199344359164,-0.014625032232457258,68.37591768042091,0.7659136589759696,17.54300308227539,-10.845003128051758,6.697999954223633,-27.035675048828125,25.560001373291016,13,right,30.63909545611586,110.3007436420171
2279.926697171063,-61.35176086425781,-157.6404571533203,6.9661865234375,-61.555739212483,-157.8024225875932,0.2604610689601924,2.2418879319925664,-0.013111594233376517,76.26837608003665,0.9290021825159478,17.49601459503174,-9.846003532409668,7.65001106262207,-24.021081924438477,26.399883270263672,13,right,32.27008181219254,116.17229452389313
2284.4089123762305,-64.04573059082031,-154.05845642089844,7.011474609375,-64.33374907831956,-154.26242972345332,0.3529302442360176,2.1870012577264273,-0.011323412218835455,88.3126023034463,1.043233960146428,17.44701862335205,-8.847003936767578,8.600014686584473,-21.006486892700195,27.149871826171875,13,right,33.865194786769095,121.91470123236874
2289.009474758107,-66.61585998535156,-150.24307250976562,7.0610198974609375,-66.98499365128906,-150.4788767937867,0.43802205845270514,2.139261015974436,-0.009461471127810317,105.6918090740326,0.9270476075347478,17.61631679534912,-8.316299438476562,9.300017356872559,-18.687570571899414,27.799861907958984,13,right,35.42781492193897,127.54013371898029
2293.724705274561,-69.07688903808594,-146.22120666503906,7.0974884033203125,-69.52080513489194,-146.4802779007421,0.5139838578906623,2.0990727432106895,-0.007979970305419776,125.313749516189,0.9055450177022584,17.230724811553955,-7.330705165863037,9.900019645690918,-17.76000213623047,28.299854278564453,13,right,36.96089212896794,133.0592116642846
2298.556247812808,-71.43881225585938,-142.0066375732422,7.1477813720703125,-71.94955836511467,-142.2806463753167,0.5796053931199439,2.0632059483902467,-0.006634177407632835,150.7345882625128,1.1502890562717805,17.15002202987671,-6.8000006675720215,10.350021362304688,-17.358566284179688,28.749847412109375,13,right,38.468461613218764,138.48646180758755
2303.492880692868,-73.71018981933594,-137.6240234375,7.2100830078125,-74.27760749214279,-137.90772709357913,0.6343899273208868,2.0344366320496583,-0.005732313051481863,174.4496490367862,1.7422444945676685,17.000028610229492,-6.400006294250488,10.600022315979004,-16.40129280090332,29.099842071533203,13,right,39.95010554288256,143.82037995437722
2308.537902962482,-75.9039306640625,-133.0823211669922,7.3227386474609375,-76.51927548685512,-133.3684227470798,0.6786039825010596,2.006008885649291,-0.004987290129436245,200.50969044246045,2.5710958198995937,16.879679679870605,-6.029656410217285,10.85002326965332,-15.258743286132812,29.29983901977539,13,right,41.409544494285385,149.0743601794274
2313.6698605453703,-78.0166015625,-128.4077911376953,7.4723358154296875,-78.66982877845828,-128.69403567548238,0.7131912303734156,1.9837946357485725,-0.003917593228522642,255.258762629909,3.039033051782636,16.08068037033081,-5.030656337738037,11.050024032592773,-14.301471710205078,29.44983673095703,14,straight,42.8431549213729,154.23535771694245
2318.877795635382,-80.062255859375,-123.62127685546875,7.6371612548828125,-80.744949737822,-123.9057141015567,0.7395779057212939,1.9655643107222258,-0.003336600132518436,299.70627593460205,3.2409150908827455,15.131680488586426,-4.031656265258789,11.100024223327637,-13.90003490447998,29.44983673095703,14,straight,44.25053305416637,159.30191899499894
2324.11812604116,-82.03675842285156,-118.77027893066406,7.811004638671875,-82.74253036499513,-119.05065813979377,0.7594251347100064,1.9489436032684009,-0.003029938375197272,330.03971572025534,3.284413551778187,14.282681226730347,-3.03265643119812,11.250024795532227,-13.250032424926758,29.399837493896484,14,straight,45.622865784549795,164.24231682437926
2329.4796948086823,-83.97633361816406,-113.77487182617188,7.98529052734375,-84.70034968249475,-114.04961076340966,0.7743905636327455,1.9334759788224294,-0.0026500481502801376,377.3516341181535,3.157374672250557,13.799025058746338,-2.3989996910095215,11.400025367736816,-12.700030326843262,29.549835205078125,14,straight,46.98548233704429,169.14773641335944
2334.945850085593,-85.88189697265625,-108.65435791015625,8.152679443359375,-86.62032835724011,-108.92349049004285,0.785947361656531,1.9202992183604686,-0.0022074695232063013,453.0073867328061,3.1235344471071347,12.80002510547638,-1.399999737739563,11.400025367736816,-12.350028991699219,29.549835205078125,14,straight,48.335150381434225,174.0065413731632
2340.502291474128,-87.75495910644531,-103.42613220214844,8.329696655273438,-88.50514323781432,-103.6901372781722,0.7952829126318461,1.909180916814109,-0.001640537665094921,609.5562578516844,3.6467158599400418,12.650025248527527,-1.2499998807907104,11.400025367736816,-12.200028419494629,28.99984359741211,14,straight,49.66953739122969,178.81033460842687
2346.150493008302,-89.60794067382812,-98.09559631347656,8.5621337890625,-90.36756213751872,-98.3567942266843,0.8032739993075237,1.9019842734145982,-0.0008538019163200072,1171.2318523600002,3.908952245076047,12.350024819374084,-1.100000023841858,11.250024795532227,-12.150028228759766,28.449851989746094,14,straight,50.99018327128292,183.56465977661853
2351.8900815835195,-91.46546936035156,-92.66905212402344,8.774459838867188,-92.23258139480933,-92.93072682487565,0.8105149736285182,1.8995354496592822,-6.79086832284792e-05,14725.657345401523,3.5143407250465164,12.2500239610672,-1.1999999284744263,11.050024032592773,-12.050027847290039,27.949859619140625,14,straight,52.298045060611955,188.27296221820305
2357.721296881015,-93.34922790527344,-87.15390014648438,8.968429565429688,-94.12237291777201,-87.41912628049293,0.8173726888712107,1.9012647815930788,0.0006384468089409567,1566.3011953318096,3.423004732929702,11.900022387504578,-1.2499998807907104,10.650022506713867,-12.150028228759766,27.54986572265625,14,straight,53.594111310432595,192.93880071755734
2363.6451617100406,-95.28512573242188,-81.55917358398438,9.177017211914062,-96.0630066678599,-81.83111163011307,0.8240443256586507,1.9071042967843388,0.001048885693357371,953.3927351026277,2.9902961076932244,12.000022053718567,-1.399999737739563,10.600022315979004,-16.20003890991211,27.099872589111328,14,straight,54.879437067233056,197.565973442039
2369.6554238008466,-97.28587341308594,-75.89361572265625,9.324371337890625,-98.06809458185103,-76.17295664436405,0.8306029782060677,1.9137933037168366,0.0010263076696366003,974.366683193632,2.1720242459828065,12.15002191066742,-1.5499995946884155,10.600022315979004,-19.26000213623047,26.699878692626953,14,straight,56.15344959105469,202.15241852779687
2375.758938810765,-99.35499572753906,-70.15267944335938,9.439605712890625,-100.14163948112775,-70.43868998847176,0.8370247469314062,1.9195204780430601,0.0007675563281900333,1302.8359786415804,1.879225558165476,12.150021433830261,-1.6499994993209839,10.500021934509277,-18.847410202026367,26.399883270263672,14,straight,57.418307064105925,206.70590543078134
2381.9519607843417,-101.48202514648438,-64.33753967285156,9.555435180664062,-102.27340497998438,-64.62857415186399,0.8431981432881109,1.9232007916056246,0.00038038511017476906,2628.914679495596,1.5422296691590565,12.150020956993103,-1.7499994039535522,10.40002155303955,-17.815927505493164,26.09988784790039,14,straight,58.67385025338956,211.22586091220242
2388.2302001012185,-103.65219116210938,-58.44679260253906,9.631378173828125,-104.4486412902463,-58.74062051819956,0.8489214631700176,1.9242276563124656,5.317227954898529e-05,18806.791969088776,1.1067141649765855,12.10002076625824,-1.7499994039535522,10.350021362304688,-16.47500228881836,26.09988784790039,14,straight,59.91982220425576,215.71135993532073
2394.599771246381,-105.85621643066406,-52.471038818359375,9.695220947265625,-106.65744547772131,-52.76628878200043,0.8538972577999778,1.9238529941499154,-0.0001418582511651112,7049.290342907747,0.8120896231477603,11.950020909309387,-1.5999995470046997,10.350021362304688,-15.134075164794922,25.999889373779297,14,straight,61.15798447201573,220.16874409925663
2401.054999347008,-108.08377075195312,-46.41246032714844,9.735198974609375,-108.8890308408978,-46.707862055074955,0.8577330538746659,1.9223940315684986,-0.00017445149832684415,5732.252285540402,0.496845677086577,11.900020956993103,-1.5499995946884155,10.350021362304688,-14.102593421936035,25.499897003173828,14,straight,62.38773160683561,224.5958337846082
2407.5967452044,-110.33457946777344,-40.270172119140625,9.75958251953125,-111.14216290643401,-40.56569390275747,0.8599558913054324,1.9215946342516674,-9.370983061701699e-05,10671.239008924296,0.36882185111506427,11.85002076625824,-1.5499995946884155,10.300021171569824,-13.690000534057617,24.99990463256836,14,straight,63.609710924325846,228.99495932757304
2414.221244357581,-112.60932922363281,-34.04852294921875,9.78375244140625,-113.41712993633891,-34.343730742488034,0.8600521104301768,1.9211649700114142,-2.7901670447361138e-05,35840.14806162178,0.16028800756815453,11.900020718574524,-1.5999995470046997,10.300021171569824,-13.784838676452637,24.599910736083984,14,straight,64.82367832023724,233.36524195285406
2420.9292442808473,-114.91194152832031,-27.74810791015625,9.780609130859375,-115.71734929842134,-28.042499529856343,0.8575244030864345,1.92122884623366,2.4486060627437745e-06,408395.6236224681,0.0317783151454365,11.900020480155945,-1.6499994993209839,10.250020980834961,-14.047038078308105,24.149917602539062,14,straight,66.03020891107037,237.70875207985335
2427.7223111545336,-117.24400329589844,-21.367889404296875,9.788177490234375,-118.04419394051696,-21.660345014217896,0.8519597123745295,1.9211968176832015,1.8945703896433574e-05,52782.41470818324,0.06926998887478719,11.950020432472229,-1.699999451637268,10.250020980834961,-14.44312572479248,23.649925231933594,14,straight,67.22997723527803,242.0279180470009
2434.5909315532044,-119.60237121582031,-14.916839599609375,9.790008544921875,-120.39414841857099,-15.206484557381756,0.8430927234644233,1.9214912716801285,2.3863809417490334e-05,41904.45802282837,-0.10972007179201881,11.900020241737366,-1.699999451637268,10.200020790100098,-14.939630508422852,23.149932861328125,14,straight,68.42170279972797,246.31813007902068
2441.535879048453,-121.98872375488281,-8.394775390625,9.772811889648438,-122.76899521245399,-8.68023991181975,0.8308510939760497,1.9215235446234604,-3.3345924965733076e-08,1000000.0,-0.07638317201879019,11.850020051002502,-1.699999451637268,10.150020599365234,-15.503079414367676,22.699939727783203,14,straight,69.6059294921386,250.58134617169895
2448.556605897301,-124.40078735351562,-1.8014068603515625,9.77960205078125,-125.16652403185932,-2.081524747905678,0.8153641465557717,1.9214900927696195,5.5970814943073766e-06,178664.54169321456,-0.0025422586040213524,11.900020003318787,-1.7499994039535522,10.150020599365234,-16.10000228881836,22.699939727783203,14,straight,70.7829426256777,254.81859345243976
2455.649861963853,-126.837890625,4.8600311279296875,9.772308349609375,-127.58629473655488,4.586157046290629,0.7969414826609745,1.9216040525678135,1.1116847853959166e-05,89953.55636209944,-0.2100775848726144,11.900020003318787,-1.7499994039535522,10.150020599365234,-16.696922302246094,22.499942779541016,14,straight,70.45753381351773,253.64712172866382
2462.8142806622836,-129.3002166748047,11.587982177734375,9.749496459960938,-130.02896768940448,11.321263809940216,0.7760262424680009,1.9216478852571282,4.6056188598153636e-06,217126.08672965382,-0.3144743923866766,11.900019764900208,-1.7999993562698364,10.100020408630371,-17.260372161865234,21.79995346069336,14,straight,69.25057833096756,249.30208199148322
2470.047949336659,-131.78646850585938,18.38092041015625,9.727035522460938,-132.493722646507,18.122051905742214,0.7531409708950758,1.9216701541784553,1.7787999380541875e-05,56217.676794720974,-0.21505177479330673,11.900019526481628,-1.8499993085861206,10.050020217895508,-17.75687599182129,21.099964141845703,14,straight,68.01022910268813,244.83682476967726
2477.348973751653,-134.29638671875,25.236953735351562,9.718368530273438,-134.9807655194485,24.98627311642148,0.7288450559293898,1.9219084191313653,6.550400616459062e-05,15266.241846144796,-0.11024480072544529,11.950019717216492,-1.8499993085861206,10.100020408630371,-18.152965545654297,20.549972534179688,14,straight,66.73495818542034,240.24584946751324
2484.715482947681,-136.8323211669922,32.1531982421875,9.71087646484375,-137.4929299557355,31.9106795991191,0.7037181708614806,1.9226352606071795,0.00013799657845414703,7246.556481342587,-0.07939196300579265,12.000019669532776,-1.8999992609024048,10.100020408630371,-18.415164947509766,20.099979400634766,14,straight,65.42305998829814,235.5230159578733
2492.145383208287,-139.3972930908203,39.126312255859375,9.706649780273438,-140.0337984766603,38.891688407560345,0.6783711789234296,1.9239552805769484,0.0001762289050496746,5674.438025465372,-0.03890654302358687,11.950019478797913,-1.8999992609024048,10.050020217895508,-18.51000213623047,19.649986267089844,14,straight,64.07266923497754,230.66160924591915
2499.634030974384,-141.99142456054688,46.15129089355469,9.705093383789062,-142.60428237215282,45.9244722388983,0.6534840467422107,1.9252641708003033,0.00021902981001334365,4565.588583303243,-0.036597365814583505,11.900019526481628,-1.8499993085861206,10.050020217895508,-16.747037887573242,19.199993133544922,14,straight,62.682169941841416,225.6558117906291
2507.1400653233322,-144.6031951904297,53.18827819824219,9.701156616210938,-145.1934535085935,52.96849590622219,0.6298485040445378,1.9272411033307415,0.00027607729715867224,3622.173971897666,0.008865865867713207,11.800018906593323,-1.8999992609024048,9.900019645690918,-13.4729642868042,18.75,14,straight,61.25677680405997,220.5243964946159
2514.7243363650377,-147.25726318359375,60.292999267578125,9.706527709960938,-147.82694154803946,60.079457427975036,0.6083860256273144,1.9294322588116681,0.00026112934854630176,3829.5197593337025,-0.02230546109285303,11.800018906593323,-1.8999992609024048,9.900019645690918,-11.710000991821289,18.350006103515625,14,straight,59.78201740118579,215.21526264426885
2522.383379058499,-149.95179748535156,67.46240234375,9.697616577148438,-150.50399762392956,67.25428713200476,0.5901160346959905,1.9312174053492948,0.00023606696128218585,4236.086212863292,-0.09931970923310329,12.849019050598145,-2.8989992141723633,9.950019836425781,-11.700026512145996,17.95001220703125,14,straight,58.254842563379086,209.7174332281647
2530.111399128724,-152.68418884277344,74.69125366210938,9.691268920898438,-153.22285163710367,74.48710303566735,0.576051286147631,1.9330650503009439,0.00018321346522491566,5458.1141117132665,-0.0709607303321036,12.79901933670044,-2.798999309539795,10.000020027160645,-10.350021362304688,17.500019073486328,14,straight,56.67221815697772,204.0199853651198
2537.9092430997307,-155.45083618164062,81.98179626464844,9.686614990234375,-155.9808503575485,81.78032368245186,0.5670151920718363,1.9340541152746247,0.00010523350259208919,9502.67714528371,-0.018378186059808677,11.900019764900208,-1.7999993562698364,10.100020408630371,-8.850015640258789,19.84998321533203,14,straight,55.02917923287805,198.105045238361
2545.774174382528,-158.2492218017578,89.33204650878906,9.688446044921875,-158.77572518177624,89.13151291795255,0.5633999735752812,1.9347103877211138,3.500934079413154e-05,28563.805467814625,-0.009668058661638224,11.900020241737366,-1.699999451637268,10.200020790100098,-7.850011825561523,19.84998321533203,14,straight,53.32074510891185,191.95468239208267
2553.706191299486,-161.07379150390625,96.74411010742188,9.685043334960938,-161.60172879517077,96.54309671970998,0.5649107589231656,1.9346006299147753,-6.281281843573128e-06,159203.17299934223,-0.03438561301941645,11.900020718574524,-1.5999995470046997,10.300021171569824,-8.450014114379883,19.449989318847656,14,straight,51.54041352271735,185.54548868178247
2561.6826923120375,-163.91204833984375,104.19856262207031,9.6829833984375,-164.44507605937878,103.99560462971516,0.570359970942511,1.9346111359678078,-4.0798016848281327e-05,24510.995319178764,0.23685619715957396,11.950021147727966,-1.5499995946884155,10.40002155303955,-14.652801513671875,18.849998474121094,14,straight,49.685809013453046,178.86891244843096
2569.580205546997,-166.72105407714844,111.57952880859375,9.72222900390625,-167.2609631428122,111.37435330147653,0.5775801138428422,1.9339596218353807,-8.896065415869847e-05,11240.9245352005,0.49720127895517274,12.000021576881409,-1.4999996423721313,10.500021934509277,-22.549217224121094,18.45000457763672,14,straight,47.77869882828383,172.00331578182178
2577.190326758924,-169.4220733642578,118.694091796875,9.760086059570312,-169.9676731785959,118.48720588888929,0.5835074432505758,1.9332352147711334,-0.00011339352905115341,8818.845381810861,0.4590173750706028,12.050022006034851,-1.4499996900558472,10.600022315979004,-30.158245086669922,18.550003051757812,14,straight,45.86602831382706,165.1177019297774
2584.4800567542898,-172.00341796875,125.51141357421875,9.790863037109375,-172.55010254259494,125.30471247262831,0.5844564728692138,1.9322814941154283,-0.00025335265042270017,3947.067450573633,0.37589501035265593,12.05002224445343,-1.399999737739563,10.650022506713867,-37.4469108581543,18.75,14,straight,43.955906994430904,158.24126517995126
2591.424510247432,-174.45187377929688,132.00987243652344,9.81390380859375,-174.99169050757294,131.8073521527313,0.5765557782850875,1.9297115508246985,-0.0007356117530365469,1359.412755264009,0.49082171626424476,12.05002224445343,-1.399999737739563,10.650022506713867,-44.39032745361328,21.14996337890625,14,straight,42.05564623289725,151.4003264384301
2598.017284859561,-176.75027465820312,138.1888885498047,9.856216430664062,-177.27248102712352,137.99721568704055,0.5562714967182985,1.9225739455628903,-0.0018723035113945852,534.1014391705916,0.6500104077691415,12.100022196769714,-1.4499996900558472,10.650022506713867,-50.98196792602539,21.14996337890625,14,straight,40.16852126362776,144.60667654905993
2604.2917857190896,-178.8716583251953,144.09375,9.897491455078125,-179.36356209931003,143.92233454698408,0.5209151375425437,1.9061106305575184,-0.003997183690715028,250.17614334884794,0.5180729020745511,12.15002167224884,-1.5999995470046997,10.55002212524414,-57.255332946777344,21.049964904785156,14,straight,38.28620768967187,137.83034768281874
2610.293783723892,-180.7679443359375,149.78826904296875,9.920562744140625,-181.21553596376467,149.64812465026813,0.46901888672674397,1.8742347489165663,-0.006968410251308149,143.50475416000003,0.3367315338714816,11.942996382713318,-1.7499994039535522,10.192996978759766,-63.25628662109375,20.949966430664062,15,right,36.39465502371993,131.02075808539175
2616.044731551598,-182.365478515625,155.31285095214844,9.937301635742188,-182.753101916366,155.21212608208717,0.40049644224498326,1.8250261241343346,-0.009801261320771859,102.02768473081065,0.15451910090368282,11.343996524810791,-2.1499991416931152,9.193997383117676,-69.00621032714844,21.249961853027344,15,right,34.48502336175233,124.14608410230841
2621.548546996959,-183.60220336914062,160.67591857910156,9.938613891601562,-183.91284772493663,160.61497323511662,0.3165663449284495,1.7645258416136997,-0.011606857025522915,86.15596778706316,0.02588152311268077,11.04499626159668,-2.8499984741210938,8.194997787475586,-74.50902557373047,21.79995346069336,15,right,32.55271503409826,117.18977412275375
2626.8118450375714,-184.46337890625,165.8682861328125,9.940078735351562,-184.68101220655214,165.83993370428766,0.2194723527090655,1.7003428820996864,-0.014010944979782947,71.37277331707085,-0.15328357560157047,11.044996738433838,-3.848998546600342,7.195998191833496,-79.77132415771484,22.549942016601562,15,right,30.5908889040393,110.12720005454148
2631.8818558818434,-184.93626403808594,170.91616821289062,9.9234619140625,-185.04822103346464,170.91060616408117,0.11209507215389419,1.6204357406744847,-0.016815348281341486,59.469478911097674,-0.3017573097538362,11.044996738433838,-4.84799861907959,6.196998119354248,-84.8403091430664,22.709945678710938,15,right,28.574025119134376,102.86649042888375
2636.8525704101944,-184.98316955566406,175.8866424560547,9.90972900390625,-184.98074154426288,175.88654751044908,-0.0024298670811842954,1.5317119737508857,-0.018320080462807087,54.584913097416354,-0.049841193815014506,11.044996738433838,-5.846998691558838,5.197998046875,-89.81000518798828,23.109956741333008,15,right,27.375412202147555,98.5514839277312
2641.7226669381334,-184.57586669921875,180.7396697998047,9.918106079101562,-184.45590789768076,180.72391944455305,-0.12098837860301823,1.4402450697477869,-0.018641893257995673,53.642620208175,0.05226701755056684,11.724998950958252,-6.845998764038086,4.879000186920166,-90.03667449951172,23.62997055053711,15,right,27.13809429658426,97.69713946770334
2646.523988478661,-183.75830078125,185.4708709716797,9.914947509765625,-183.5234602259329,185.41850474720835,-0.2406082041141423,1.3513993859782443,-0.018924878811857393,52.84049688991664,0.1070455328546327,11.724999189376831,-7.844998836517334,3.880000352859497,-90.60334014892578,24.149986267089844,15,right,26.934430796950238,96.96395086902086
2651.2757097633266,-182.51834106445312,190.0579376220703,9.92816162109375,-182.17713639075257,189.94815111822962,-0.35843228897613866,1.2594963860077377,-0.019761704667324104,50.60292200669792,0.2826067855929315,12.083999156951904,-8.843998908996582,3.2400002479553223,-91.34001159667969,24.549997329711914,15,right,26.35798177280988,94.88873438211557
2655.9953819921743,-180.87242126464844,194.48129272460938,9.94171142578125,-180.43925301297148,194.2948030159556,-0.4716069822369406,1.164255380567049,-0.01981161185295105,50.4754488136736,0.2530874681712536,12.432998657226562,-9.842998504638672,2.5900001525878906,-90.6931381225586,24.71000099182129,15,right,26.32476180617893,94.76914250224415
2660.693292360136,-178.8284912109375,198.7112579345703,9.952011108398438,-178.3213899458802,198.43561272946906,-0.5771758589182356,1.0729029165662816,-0.019565030372691444,51.111599673046456,0.1964545282258312,12.630021572113037,-10.350021362304688,2.2800002098083496,-89.27000427246094,24.622854232788086,15,right,26.49013017157812,95.36446861768123
2665.3841530119107,-176.40777587890625,202.729248046875,9.960159301757812,-175.84941973965795,202.35521083117234,-0.6720605753701447,0.980565476704971,-0.019635561525982184,50.92800624401697,-0.0008443382449430104,12.720021486282349,-10.350021362304688,2.370000123977661,-88.74480438232422,24.377628326416016,15,right,26.442510951232382,95.19303942443658
2670.0785384517803,-173.6293182373047,206.51307678222656,9.951919555664062,-173.04469236709255,206.03820307228875,-0.7531881893068909,0.888618684913137,-0.019485583799027414,51.31999175974974,-0.09914253123322059,12.790019750595093,-9.850019454956055,2.940000295639038,-87.4924087524414,23.998640060424805,15,right,26.544077984873567,95.55868074554485
2674.801880165671,-170.48809814453125,210.04049682617188,9.95086669921875,-169.90315360452078,209.4690403115764,-0.8177546471660515,0.7970614300086843,-0.017121094821791832,58.40747980247116,-0.25524053592567153,12.8600172996521,-9.200016975402832,3.6600003242492676,-85.99760437011719,23.51021385192871,15,right,28.317739961495253,101.94386386138291
2679.581734234915,-167.02874755859375,213.33888244628906,9.927398681640625,-166.4553278017258,212.6931723725582,-0.8635691731899866,0.7261708630256363,-0.012699950864480739,78.7404621223223,-0.5902041940910596,12.918901920318604,-8.678901672363281,4.240000247955322,-84.74520874023438,22.936668395996094,15,right,30.238929390876844,108.86014580715664
2684.449111611949,-163.30491638183594,216.4730987548828,9.893753051757812,-162.7492043627841,215.7787115667124,-0.8893758571121255,0.674918533254893,-0.008594521997652385,116.35318407156936,-0.7406499251265575,12.728998184204102,-7.9300007820129395,4.798997402191162,-84.22000885009766,22.30232048034668,15,right,32.077269989155994,115.47817196096157
2689.416024141466,-159.37701416015625,219.51287841796875,9.854461669921875,-158.84102743310632,218.79604837641529,-0.895057026142597,0.642039030154548,-0.006558395141011059,152.47632667735806,-0.8989667277124358,12.987998008728027,-7.190000534057617,5.79799747467041,-83.46524810791016,21.631494522094727,15,right,33.85044024197358,121.8615848711049
2694.4874604183924,-155.26951599121094,222.4869842529297,9.80328369140625,-154.76510104352838,221.76388558139098,-0.8816496629765476,0.609096027062927,-0.00668904468329741,149.49817908931104,-1.1506209684491675,12.980008125305176,-6.2300004959106445,6.750007629394531,-81.57836151123047,20.94850730895996,15,right,35.569838711072485,128.05141935986094
2699.663583120646,-150.97479248046875,225.37542724609375,9.736251831054688,-150.51300098864027,224.66041290105557,-0.8511738339114634,0.5734517710979746,-0.006504930590549983,153.72954193435157,-1.3094880943172016,12.927047729492188,-5.427037239074707,7.5000104904174805,-79.12539672851562,20.277681350708008,15,right,37.2429650109526,134.07467403942937
2704.9455330121646,-146.49346923828125,228.17039489746094,9.666305541992188,-146.07811570868617,227.47928155887053,-0.8063226409599821,0.5411485311765973,-0.005855735570217339,170.77273862673488,-1.3299386713602757,12.860013008117676,-4.810000419616699,8.050012588500977,-76.67243194580078,19.643333435058594,15,right,38.87613926531065,139.95410135511833
2710.335119391487,-141.8349151611328,230.87969970703125,9.594314575195312,-141.46806318349178,230.22542101838584,-0.750107309599571,0.5110186273490287,-0.005456828205051938,183.25663964905453,-1.375864883470146,12.80001449584961,-4.350000381469727,8.450014114379883,-74.7855453491211,19.069787979125977,15,right,40.47472413267448,145.70900687762813
2715.8310762763767,-137.00387573242188,233.49896240234375,9.516448974609375,-136.6862206005369,232.89144156266167,-0.685555507206291,0.48177668668999124,-0.0049508208628593064,201.9867063867987,-1.4679856936824387,12.79001522064209,-4.090000152587891,8.7000150680542,-74.0307846069336,18.58135986328125,15,right,42.04231100951272,151.35231963424582
2721.433972570134,-132.00729370117188,236.03260803222656,9.4312744140625,-131.73615934491846,235.48002016972876,-0.6155218801316846,0.4561500568335419,-0.004319567926585659,231.5046358792732,-1.5871649721137415,12.868534088134766,-4.06851863861084,8.800015449523926,-71.99482727050781,18.202373504638672,15,right,43.582398489236574,156.89663456125166
2727.1450661236026,-126.85258483886719,238.48956298828125,9.33673095703125,-126.62492176982619,237.9970089523866,-0.5426232129952353,0.4329606886502232,-0.0038732307924761317,258.1823943831414,-1.6905305167048912,12.770015716552734,-3.9700002670288086,8.800015449523926,-69.39069366455078,17.9571475982666,15,right,45.09813219530616,162.35327590310217
2732.96469712142,-121.54568481445312,240.87594604492188,9.23626708984375,-121.3579734494346,240.4458606096572,-0.4692643585271958,0.41152991693935537,-0.0036424955535677636,274.53705441603535,-1.735935235322572,12.885015487670898,-4.2350006103515625,8.650014877319336,-66.36042785644531,17.8700008392334,15,right,46.59197495153755,167.73110982553519
2738.8907659993442,-116.09136962890625,243.19068908691406,9.1328125,-115.94010244069922,242.8228857391501,-0.3976946879887098,0.39018562221498343,-0.0036977950811222862,270.4314268535666,-1.7954695963920186,12.850014209747314,-4.500000476837158,8.350013732910156,-63.046077728271484,17.89750099182129,15,right,48.065453809911844,173.03563371568265
2744.9205355119248,-110.49104309082031,245.42274475097656,9.021499633789062,-110.37252897320087,245.11472365696923,-0.3300342261472197,0.3672995850751925,-0.00383117223699685,261.0167171142043,-1.837545323307388,12.685938358306885,-4.735926151275635,7.95001220703125,-59.589683532714844,17.970001220703125,15,right,49.51973610602225,178.2710499816801
2751.0511053676637,-104.745849609375,247.55911254882812,8.909378051757812,-104.6554906264063,247.30655884837154,-0.2682314623929404,0.34359001755921764,-0.004001414981503235,249.9115949289329,-1.8564174809822087,12.419074058532715,-5.174074649810791,7.244999408721924,-56.1332893371582,18.07250213623047,16,right,50.95579565576384,183.44086436074983
2757.282099206609,-98.85472106933594,249.58546447753906,8.791961669921875,-98.78786455982677,249.3822280166982,-0.21395058279627216,0.31780870847789977,-0.004451388758948429,224.64899251716545,-1.9385536853428698,11.655999660491943,-5.410000324249268,6.245999336242676,-52.818939208984375,18.19000244140625,16,right,52.37504685120219,188.55016866432788
2763.6089665547247,-92.81851196289062,251.47689819335938,8.66583251953125,-92.77073439189621,251.31539634811332,-0.16842073004236716,0.2876294629039758,-0.004957967435225443,201.6955563070432,-1.6692623281050922,11.597005367279053,-6.350006103515625,5.246999263763428,-49.788673400878906,18.3075008392334,16,right,52.53522761135895,189.12681940089223
2770.0217487678815,-86.64158630371094,253.19793701171875,8.579864501953125,-86.60826354696039,253.06990156848988,-0.13230072123864794,0.2546134255424074,-0.005223046296505128,191.45914916915925,-1.2374526322645574,11.597005367279053,-7.349006175994873,4.24799919128418,-47.18454360961914,18.410001754760742,16,right,51.078558657422214,183.88281116671996
2776.5156658244155,-80.33204650878906,254.7326202392578,8.50628662109375,-80.30897781916119,254.62955895479845,-0.10561151829019164,0.2202049975793607,-0.005589703492323291,178.900365891208,-1.308798172800263,11.597005367279053,-8.348006248474121,3.2489991188049316,-45.148582458496094,18.482501983642578,16,right,49.55984849082794,178.41545456698057
2783.0911689378167,-73.89031982421875,256.0486145019531,8.408523559570312,-73.87447672947096,255.96229090378063,-0.08776541034277326,0.18151143752932886,-0.005665108839027112,176.51911523940524,-1.495848136793887,12.161505460739136,-9.347005844116211,2.814499616622925,-43.822845458984375,18.51000213623047,16,right,49.228910754225694,177.2240787152125
2789.7430803462294,-67.32827758789062,257.1337432861328,8.30841064453125,-67.31702821164856,257.0568693107455,-0.07769270594901768,0.1453039763354941,-0.0053778739880530925,185.94708656645594,-1.6148137900062975,12.726005554199219,-10.3460054397583,2.380000114440918,-43.349365234375,18.10000991821289,16,right,50.52648013732709,181.89532849437754
2796.4721078654966,-60.65525817871094,257.9923095703125,8.192276000976562,-60.64716403614299,257.91872715741493,-0.07402625636717747,0.10956056271256746,-0.004861301438638342,205.7062316794125,-1.5875143668754643,12.740023374557495,-10.85002326965332,1.8900001049041748,-41.249656677246094,17.700016021728516,16,right,52.0701384442185,187.4524983991866
2803.278441026444,-53.8798828125,258.6332092285156,8.09375,-53.87389715475732,258.55814732241214,-0.07530018490347204,0.07957456406296284,-0.003887272792116643,257.24976184537184,-1.4140334536038135,12.88002347946167,-10.85002326965332,2.0300002098083496,-40.749664306640625,17.500019073486328,17,straight,53.58631264252852,192.91072551310268
2810.1619739105336,-47.01300048828125,259.1021728515625,7.998748779296875,-47.00848286927592,259.022193419752,-0.08010691851649801,0.05642480259637894,-0.003073207672328009,325.3929140566288,-1.3351159733314688,12.717429637908936,-10.55002212524414,2.167407512664795,-39.84967803955078,17.400020599365234,17,straight,55.07724990630369,198.2780996626933
2817.1228316748998,-40.06037902832031,259.42857360839844,7.9089813232421875,-40.05714763649371,259.34145049336047,-0.08718302052036561,0.03707295448471573,-0.002622879985489864,381.2602961371236,-1.2382819662831612,12.372612714767456,-9.950019836425781,2.422592878341675,-39.149688720703125,17.400020599365234,17,straight,56.54497260720216,203.5619013859278
2824.159296173515,-33.02734375,259.6317443847656,7.82550048828125,-33.02546082762883,259.5363484409716,-0.09541452451804563,0.01973540836675864,-0.0024250857230528645,412.35655733486044,-1.225346975304975,12.010018110275269,-9.450017929077148,2.56000018119812,-38.54969787597656,17.550018310546875,17,straight,57.9908947519356,208.76722110696815
2831.2692984490145,-25.918380737304688,259.7135467529297,7.7355804443359375,-25.918093044451652,259.6097732026941,-0.10377394902225728,0.0027723067712733464,-0.0023578552515802313,424.1142450664863,-1.3213555376740627,12.000014781951904,-9.050016403198242,2.949998378753662,-38.09970474243164,17.850013732910156,17,straight,59.41619815577345,213.8983133607844
2838.4515885308665,-18.73687744140625,259.6748504638672,7.636566162109375,-18.73842994441711,259.56364437215365,-0.11121692811705454,-0.01395968636912504,-0.002239497904428787,446.5286607424011,-1.2874707896189386,11.950013399124146,-8.750015258789062,3.199998140335083,-37.79970932006836,18.050010681152344,17,straight,60.82209052113386,218.9595258760819
2845.705434187854,-11.485260009765625,259.5173645019531,7.5498504638671875,-11.48870364158076,259.4008406734109,-0.11657470230805972,-0.02954442750972005,-0.0019047617016250975,525.0000559895885,-1.2060041819964007,11.950012683868408,-8.600014686584473,3.3499979972839355,-37.59971237182617,18.150009155273438,17,straight,62.20974936929122,223.9550977294484
2853.0221954365106,-4.1736907958984375,259.2565460205078,7.4608306884765625,-4.178627930495362,259.13816817770237,-0.11848075356488136,-0.041682420035710155,-0.0015049903780840657,664.4560753093015,-1.2639050730293255,11.950012445449829,-8.55001449584961,3.3999979496002197,-37.49971389770508,18.200008392333984,17,straight,62.11340905074084,223.60827258266704
2860.3612690890104,3.1567535400390625,258.9140167236328,7.364593505859375,3.150803986181996,258.79880520206325,-0.11536503756975151,-0.05159443803195728,-0.0012917798914523033,774.1256901558784,-1.285981046059187,12.000012636184692,-8.600014686584473,3.3999979496002197,-37.49971389770508,18.200008392333984,17,straight,60.7070295763379,218.54530647481644
2867.7874976652,10.570724487304688,258.49790954589844,7.27099609375,10.564317570175524,258.39256806507024,-0.10553613679765364,-0.06074562996519378,-0.0012076064217229317,828.0843675651105,-1.2548969341570793,12.00001311302185,-8.7000150680542,3.2999980449676514,-37.549713134765625,18.10000991821289,17,straight,59.24997908237864,213.2999246965631
2875.297388379496,18.064163208007812,258.01002502441406,7.1771697998046875,18.058086196956687,257.92288689381553,-0.08734977886361907,-0.06962723988188695,-0.000928011012931637,1077.5734189198315,-1.2444644803204563,11.950013875961304,-8.850015640258789,3.0999982357025146,-37.699710845947266,17.95001220703125,17,straight,57.73913346947859,207.86088049012292
2882.881784549044,25.62811279296875,257.46148681640625,7.083160400390625,25.623676194467155,257.4022171878034,-0.05943544633453425,-0.07471516146669623,-0.0003232117018361694,3093.947385936179,-1.2438399151988244,12.000015020370483,-9.100016593933105,2.899998426437378,-37.849708557128906,17.750015258789062,17,straight,56.1720703636214,202.21945330903705
2890.5404472908212,33.26472473144531,256.88865661621094,6.9875640869140625,33.26316694544767,256.86778602340104,-0.02092864882050035,-0.07450208766387766,0.00021751820274323354,4597.316396460101,-1.4078886405749946,12.000016212463379,-9.350017547607422,2.649998664855957,-38.09970474243164,17.500019073486328,17,straight,54.54399608565247,196.3583859083489
2898.2724603479537,40.975006103515625,256.32220458984375,6.866241455078125,40.97702676047015,256.3504810616017,0.028348578617045036,-0.07133944740621728,0.0005666585566279584,1764.7311388903165,-1.731460088208625,12.000017404556274,-9.600018501281738,2.399998903274536,-38.24970245361328,17.30002212524414,17,straight,52.849476430325446,190.2581151491716
2906.079745535176,48.762359619140625,255.78468322753906,6.71826171875,48.76812265546866,255.87231085666917,0.08781693444139915,-0.06567276606026609,0.0006732161202473077,1485.4070927960659,-1.856795830500546,12.00001835823059,-9.800019264221191,2.1999990940093994,-38.44969940185547,17.100025177001953,17,straight,51.081456587341684,183.89324371443007
2913.9625888984774,56.62818908691406,255.2872772216797,6.5749664306640625,56.63767738309296,255.44318199927892,0.15619323750612668,-0.06078458766353422,0.0004271402519191018,2341.1514028637953,-1.6903834652683192,12.000019073486328,-9.950019836425781,2.049999237060547,-38.54969787597656,16.950027465820312,17,straight,49.23195020512127,177.2350207384366
2921.9184303971992,64.56898498535156,254.81427001953125,6.450714111328125,64.58263018048345,255.04552860079056,0.23166079244503116,-0.058935728567448664,0.00014220348114620494,7032.176652355374,-1.4975682492282427,12.000019669532776,-10.100020408630371,1.8999992609024048,-38.649696350097656,16.85002899169922,17,straight,47.292034780915095,170.25132521129436
2929.942880787941,72.578857421875,254.34466552734375,6.3357391357421875,72.59711317145194,254.65624242961917,0.3121112596882066,-0.05852456310033208,9.288443500081543e-05,10766.06645657285,-1.2721823241794328,12.000020146369934,-10.200020790100098,1.7999993562698364,-38.6996955871582,16.700031280517578,17,straight,45.25122551159035,162.90441184172525
2937.932746488591,80.55467224121094,253.8794403076172,6.2468719482421875,80.57737616921567,254.27419227280555,0.3954043277038427,-0.05745112224113531,0.0001655151688458342,6041.742318683975,-1.035547808047399,12.000020861625671,-10.350021362304688,1.6499994993209839,-38.7996940612793,16.826152801513672,17,straight,43.12336084728243,155.24409905021673
2945.5371997160164,88.14634704589844,253.4449005126953,6.173675537109375,88.17317460971381,253.92374680482763,0.4795972160773295,-0.05596691002928547,0.0002926405984202429,3417.160863524351,-0.9197870829712296,12.00002133846283,-10.450021743774414,1.5499995946884155,-38.89969253540039,17.17484474182129,17,straight,40.99568445315159,147.58446403134573
2952.6934342814875,95.2913818359375,253.04966735839844,6.1107330322265625,95.32133462947623,253.61198547987925,0.5631152986613774,-0.053216341122171336,0.0005482618731449717,1823.9459079358223,-0.8951744255171645,12.000021815299988,-10.55002212524414,1.4499996900558472,-38.999691009521484,17.701589584350586,17,straight,38.88723818039576,139.99405744942476
2959.410149737661,101.99894714355469,252.70455932617188,6.04962158203125,102.03021077726102,253.34865747696406,0.6448564511939389,-0.04850055223791055,0.0007541384543982466,1326.0164551586684,-0.892310105417049,12.000022053718567,-10.600022315979004,1.399999737739563,-39.04969024658203,18.361875534057617,17,straight,36.79854544667424,132.47476360802727
2965.693727576755,108.27569580078125,252.41690063476562,5.9945831298828125,108.30715825320685,253.1404527931517,0.7242358813382395,-0.04345594826646888,0.0005925300671706878,1687.6780696968985,-0.9720604525860987,11.950022101402283,-10.600022315979004,1.3499997854232788,-39.04969024658203,19.111188888549805,17,straight,34.73100790810922,125.0316284691932
2971.519948445668,114.09634399414062,252.1697540283203,5.9327545166015625,114.12929514884132,252.97025824152152,0.8011821103525658,-0.0411397745630309,0.0006647703630703401,1504.2788541013656,-1.1080093261329083,11.950022101402283,-10.600022315979004,1.3499997854232788,-38.347869873046875,19.905017852783203,17,straight,32.69735782890178,117.71048818404641
2976.893535838254,119.46539306640625,251.95779418945312,5.8708953857421875,119.49713842541158,252.8333098867344,0.8760910363679708,-0.03624316274714187,0.0024324353602625907,411.11061627226394,-1.1760533068465584,12.000022053718567,-10.600022315979004,1.399999737739563,-36.53791427612305,20.69884490966797,17,straight,30.702518969342435,110.52906828963278
2981.8129204853612,124.3824462890625,251.8183135986328,5.811920166015625,124.39899585331634,252.76790916447382,0.9497397679058646,-0.017426249226687306,0.006137436925385195,162.93446468897739,-1.2890402626727582,11.950021624565125,-10.500021934509277,1.4499996900558472,-34.06307601928711,21.448158264160156,18,left,28.755212236808568,103.51876405251085
2986.3203849575793,128.8894805908203,251.81089782714844,5.750091552734375,128.86923533231285,252.83385906283598,1.0231615513746772,0.019788253181215538,0.011022327677343206,90.7249384406831,-1.4404474270105272,12.000020861625671,-10.350021362304688,1.6499994993209839,-31.366613388061523,24.929025650024414,18,left,26.84724803893984,96.65009294018343
2990.4520649588912,133.01661682128906,251.994384765625,5.6879730224609375,132.93350130519613,253.08872290730926,1.0974899349699607,0.07580495202092602,0.01545032517469296,64.7235568632537,-1.5318565045150612,11.841998219490051,-9.841999053955078,1.9999991655349731,-28.891775131225586,29.05923843383789,18,left,24.970616172226947,89.89421822001701
2994.238668667844,136.78192138671875,252.39108276367188,5.6289825439453125,136.6171077687072,253.55324652009918,1.1737921985748843,0.14087675721759219,0.020226039429457617,49.44121677838616,-1.608940991381369,12.13222050666809,-9.532221794128418,2.599998712539673,-26.680002212524414,32.844383239746094,18,left,23.117316422779563,83.22233912200643
2997.703905079226,140.19371032714844,252.99462890625,5.5716094970703125,139.91954261776687,254.2171776237297,1.2529139234116589,0.2206091579745761,0.02589835008097562,38.6124983589043,-1.7403342531836619,12.063998460769653,-8.664000511169434,3.3999979496002197,-24.290000915527344,36.308143615722656,18,left,21.280334889801182,76.60920560328425
3000.8808095532922,143.2619171142578,253.81651306152344,5.51385498046875,142.85289378911813,255.08771120217835,1.3353818904391557,0.31130050621560695,0.03526519128072688,28.356573824867347,-1.7946207248195845,12.063998222351074,-7.6650004386901855,4.398997783660889,-21.700000762939453,39.483524322509766,18,left,19.44430910052203,69.99951276187932
3003.8319584105534,146.01641845703125,254.8744659423828,5.4615325927734375,145.418997634507,256.16418742011535,1.4213701591458119,0.43379060398349173,0.04448569434473252,22.479136601773835,-1.9535556992044234,12.063998222351074,-6.6660003662109375,5.397997856140137,-19.650001525878906,42.43320846557617,18,left,17.567670162491652,63.243612584969945
3006.686879265718,148.5311737060547,256.224609375,5.4007720947265625,147.7171822885982,257.4972830618497,1.5107217946705185,0.5690234197230114,0.050997867936440094,19.60866288069777,-2.145573221290775,12.063998222351074,-5.6670002937316895,6.396997928619385,-17.470001220703125,45.28648376464844,18,left,16.40772413756986,59.0678068952515
3009.439770150384,150.7422637939453,257.8634948730469,5.34124755859375,149.68641114272128,259.0696489517218,1.603007324562461,0.7190496366415439,0.05577482175579167,17.929237037788646,-1.926727198674416,12.063998222351074,-4.668000221252441,7.395998001098633,-17.53000259399414,48.0377311706543,18,left,15.689361151916989,56.48170014690116
3012.118403190934,152.63519287109375,259.7581787109375,5.2957763671875,151.33574426063328,260.8505090507255,1.6975724616195647,0.8717785838120424,0.05844127900331186,17.111192928261033,-1.8812270811486842,12.063997745513916,-3.6690001487731934,8.394997596740723,-17.093048095703125,50.7149772644043,18,left,15.327259121640225,55.17813283790481
3014.799159116623,154.20904541015625,261.92759704589844,5.24041748046875,152.66936491962085,262.84745555921415,1.7935316271130413,1.0322652299581536,0.05631455733535151,17.757397861533914,-2.0271647510021307,12.063997268676758,-2.6700000762939453,9.393997192382812,-16.711877822875977,53.394161224365234,18,left,15.613994365130793,56.210379714470854
3017.5300633722404,155.45094299316406,264.3591766357422,5.1861114501953125,153.7064984903371,265.0856823882246,1.8896817805739488,1.1761742825451131,0.046337543618171856,21.58077277984665,-2.2761743978961357,12.162996888160706,-1.7700001001358032,10.392996788024902,-16.44226837158203,56.1235237121582,18,left,17.213050849110868,61.96698305679912
3020.3498010153958,156.38951110839844,267.0171356201172,5.113555908203125,154.48381139600116,267.5702404162564,1.9843427902817823,1.2883201934663229,0.03538903450450076,28.257340557647044,-2.3783580950211825,12.421996474266052,-1.03000009059906,11.391996383666992,-16.340002059936523,58.94132614135742,18,left,19.043485813103516,68.55654892717266
3023.269517217744,157.0800018310547,269.8533172607422,5.0500030517578125,155.04312473657941,270.2501212352642,2.075167870846724,1.37839612048925,0.031237685675710114,32.01261483905585,-2.0400279926602316,13.080996036529541,-0.690000057220459,12.390995979309082,-16.360509872436523,61.859352111816406,18,left,20.769513130155403,74.77024726855946
3026.274025134011,157.53614807128906,272.82244873046875,4.9929351806640625,155.38737240486162,273.03229654097254,2.1589981399259957,1.4734457860268302,0.0361867492492578,27.634424775541568,-2.189179800953911,13.130027413368225,-1.2300001382827759,11.90002727508545,-16.44093894958496,64.5702133178711,18,left,19.478233606133042,70.12164098207896
3029.3712940932023,157.66128540039062,275.9162292480469,4.9158782958984375,155.43039334650152,275.85093332674097,2.2318474216318522,1.6000569470131278,0.041090824259554015,24.336333427711427,-2.1652586932515594,13.84002685546875,-2.0900001525878906,11.75002670288086,-16.554649353027344,65.55887603759766,18,left,18.278978797854457,65.80432367227604
3032.563345145676,157.3724822998047,279.0946502685547,4.8573760986328125,155.11304493989385,278.7274179567644,2.2890864453278494,1.731920028324315,0.04020085272858154,24.87509423622329,-1.5030180655362546,14.989027500152588,-3.0890002250671387,11.90002727508545,-16.685001373291016,64.41130828857422,18,left,18.48020238115164,66.5287285721459
3035.8515751635114,156.65145874023438,282.30262756347656,4.819122314453125,154.42243571865185,281.63853405630175,2.325846903176685,1.860353237937352,0.0381342825787267,26.223123456840707,-1.0366646099434496,15.988027572631836,-4.088000297546387,11.90002727508545,-16.815353393554688,62.89582061767578,18,left,18.974335063638925,68.30760622910013
3039.200431248645,155.51495361328125,285.4525909423828,4.788726806640625,153.3749449424797,284.51199781596705,2.337595461273513,1.98490745342694,0.03821604057258515,26.167022669464217,-0.21729934804906037,16.425025939941406,-4.925000190734863,11.500025749206543,-16.92906379699707,61.064971923828125,18,left,18.95402769877953,68.2344997156063
3042.6368755741696,153.93472290039062,288.5041046142578,4.80560302734375,151.9550619988089,287.2929618131624,2.3207593950896124,2.1198420988119464,0.036230275347829466,27.60122550545036,1.2195735095771876,16.71002435684204,-5.710000514984131,11.00002384185791,-17.009492874145508,58.971317291259766,18,left,19.466529771488155,70.07950717735736
3046.155886906448,151.9345703125,291.3985900878906,4.8747711181640625,150.1465578057163,289.99478505000997,2.2732481846015156,2.236398241141567,0.03195283186370773,31.296130629842782,2.564323406958491,17.04402256011963,-6.444000244140625,10.600022315979004,-17.040000915527344,56.66742706298828,18,left,20.728586039998163,74.62290974399339
3049.7546052195576,149.56930541992188,294.1084289550781,4.9890899658203125,148.00332465932362,292.57072122007634,2.1947302387419363,2.3470852501327246,0.029221944892406815,34.220857088120965,2.946041873322869,17.49302053451538,-7.443000316619873,10.050020217895508,-17.248519897460938,54.20585250854492,18,left,21.675533567331392,78.03192084239302
3053.453542393391,146.84962463378906,296.61351013183594,5.08929443359375,145.5178068476883,295.00723413441335,2.0865908068594456,2.449337890972554,0.024568655291483,40.70226832262412,2.8182947234263622,17.992018699645996,-8.442000389099121,9.550018310546875,-17.794815063476562,51.63916015625,18,left,23.59844894891128,84.9544162160806
3057.217327012708,143.86439514160156,298.9031219482422,5.199554443359375,142.74389528716205,297.305248587327,1.9515940154963771,2.5300319641891704,0.020869494624391027,47.91682874923379,2.9886838101848223,18.3500337600708,-9.350017547607422,9.000016212463379,-18.505001068115234,49.01990509033203,18,left,25.40612282587077,91.46204217313478
3061.0954830896326,140.6090087890625,301.0075378417969,5.3178253173828125,139.69792237008858,299.4628633792536,1.7933481697852507,2.608688940065111,0.018285846436553344,54.687104776347866,3.061368987726165,18.100032806396484,-9.600018501281738,8.500014305114746,-19.215187072753906,46.4006462097168,18,left,27.14308757940925,97.71511528587331
3065.1059507159116,137.0918731689453,302.9306640625,5.4410858154296875,136.3632347602637,301.48856189816564,1.6157266424070247,2.673744871789442,0.01362909652280131,73.3724350933323,3.0025695888883597,18.000032424926758,-9.700018882751465,8.300013542175293,-19.76148223876953,43.833953857421875,18,left,28.829453844581913,103.7860338404949
3069.245969414152,133.35765075683594,304.71409606933594,5.5623626708984375,132.7744134641456,303.41679512107356,1.4223767046556899,2.7190901499852504,0.010083814567630578,99.16882081608655,2.7083123036715007,18.100032806396484,-9.900019645690918,8.200013160705566,-19.98000144958496,41.37238311767578,18,left,30.47255689071594,109.70120480657738
3073.5181019669762,129.4300537109375,306.3915557861328,5.6683197021484375,128.9751923806109,305.263403295584,1.2163991416298858,2.7583381402850806,0.008632927596814388,115.83555969692218,2.4695651155405507,18.400033950805664,-10.200020790100098,8.200013160705566,-16.20003890991211,39.06848907470703,18,left,32.07998541670314,115.4879475001313
3077.9201954482846,125.32102966308594,307.9671936035156,5.77655029296875,124.98015870304695,307.0268533195484,1.0002164071086712,2.793827914896798,0.0073689112317607,135.7052580155812,2.5306541579844244,17.599027156829834,-10.200020790100098,7.399006366729736,-17.45001983642578,36.97483444213867,18,left,33.65609841363406,121.16195428908263
3082.4461877866747,121.04508972167969,309.44606018066406,5.894439697265625,120.80285011004624,308.7092556237466,0.7756036259189332,2.8239542438817042,0.005960400603384763,167.7739579168764,2.621407584025559,16.700027465820312,-10.300021171569824,6.400006294250488,-17.45001983642578,35.143985748291016,18,left,35.203075647802095,126.73107233208755
3087.0894138569383,116.61874389648438,310.84320068359375,6.0169525146484375,116.4615366711904,310.3226227974377,0.54379724828224,2.84831485265384,0.004700036866661761,212.76428852998723,2.623460544744971,16.250025749206543,-10.40002155303955,5.850004196166992,-17.250022888183594,33.62849807739258,18,left,36.72246339947197,132.2008682380991
3091.8478036816177,112.05207824707031,312.1745300292969,6.14105224609375,111.96949589521448,311.88023830357406,0.30565906606375054,2.8680147626678196,0.00352644933443641,283.5713504330888,2.5749045577734497,15.9000244140625,-10.40002155303955,5.500002861022949,-18.350006103515625,32.48093032836914,19,straight,38.216914981505504,137.58089393341982
3096.71725283425,107.35597229003906,313.4562530517578,6.2647857666015625,107.34010602925632,313.3964812503481,0.061841785832790305,2.882129059261732,0.0024174927500246746,413.6517058799011,2.3929370447695164,15.45002269744873,-10.300021171569824,5.150001525878906,-19.349990844726562,31.753847122192383,19,straight,39.688030326308755,142.87690917471153
3101.6924693507917,102.54238891601562,314.7091522216797,6.376312255859375,102.58864449838977,314.8903934705655,-0.1870507129055477,2.891711307074364,0.001571300343019555,636.4155678081939,1.987081223631726,14.950020790100098,-10.100020408630371,4.850000381469727,-20.399974822998047,31.499805450439453,19,straight,41.13679919617802,148.09247710624086
3106.7681941080823,97.62123107910156,315.94911193847656,6.4639892578125,97.72749160615989,316.3763980634314,-0.44030072926312636,2.897850086841095,0.0010146761663338832,985.5361081487608,1.61613141764696,14.350018501281738,-9.750019073486328,4.59999942779541,-21.44995880126953,30.44982147216797,19,straight,42.56404941926077,153.23057790933876
3111.9394423244485,92.60079956054688,317.18646240234375,6.5417022705078125,92.76612984988665,317.863463846112,-0.6968967351318405,2.9020711073485495,0.0006802376503126095,1470.0744652114458,1.497388800516386,13.800016403198242,-9.400017738342285,4.399998664855957,-22.44994354248047,29.44983673095703,19,straight,43.970542345253584,158.2939524429129
3117.2078090690197,87.48150634765625,318.4283752441406,6.62030029296875,87.70549697083709,319.357073114757,-0.9553279720390928,2.9049248396878173,0.0005228651037407217,1912.5391861987407,1.52259742635098,13.350014686584473,-9.100016593933105,4.249998092651367,-25.849891662597656,28.399852752685547,19,straight,45.35862280869314,163.29104211129533
3122.5685497247505,82.26911926269531,319.6780242919922,6.7035980224609375,82.55042378489276,320.85832836971696,-1.2133630743113966,2.9076251915005824,0.0005332062096496393,1875.4470257521625,1.636329864947883,12.900012969970703,-8.800015449523926,4.099997520446777,-26.849876403808594,27.349868774414062,19,straight,46.72873677668753,168.22345239607512
3128.0016243487084,76.9830322265625,320.9297637939453,6.7970428466796875,77.3189707955099,322.35867216428113,-1.467867110103037,2.910684462435097,0.0005882038165795911,1700.0909749532166,1.753001909539953,13.549011707305908,-8.450014114379883,5.098997592926025,-27.799861907958984,26.349884033203125,19,straight,48.07751519963818,173.07905471869745
3133.4686268279916,71.66015625,322.1729736328125,6.8946990966796875,72.04698644657061,323.8434770959482,-1.7147068033127728,2.9140383683797295,0.0006155094022215479,1624.670551563821,1.8178349533524818,14.048009872436523,-7.95001220703125,6.097997665405273,-28.799846649169922,25.29990005493164,19,straight,49.397556816544565,177.83120453956045
3139.0588277594306,66.21304321289062,323.4254150390625,6.9981231689453125,66.64613504010461,325.3255207123486,-1.948838141163451,2.9174907803470447,0.0005922032770538377,1688.6093656470753,1.8877474035672637,14.547008037567139,-7.450010299682617,7.0969977378845215,-29.79983139038086,24.299915313720703,19,straight,50.711826677394114,182.56257603861883
3144.7571262135602,60.65631103515625,324.6829071044922,7.107879638671875,61.130545982634835,326.7949539468357,-2.164634068304155,2.9207179147305893,0.0005530481734922765,1808.160749696365,1.994311302774976,15.196006774902344,-7.100008964538574,8.09599781036377,-30.799816131591797,23.24993133544922,19,straight,52.01734604382001,187.26244575775206
3150.5540125803836,54.99951171875,325.9439392089844,7.227508544921875,55.508577199578646,328.2447473478603,-2.356451942155634,2.923845529212308,0.0007632738166328534,1310.145819506102,1.783796951331007,15.745004653930664,-6.650007247924805,9.09499740600586,-31.799800872802734,22.24994659423828,19,straight,53.31265867593379,191.92557123336164
3156.446676773388,49.243499755859375,327.2025146484375,7.31585693359375,49.77338859258219,329.66551932992945,-2.519359887021868,2.929683455382465,0.0012214126366772438,818.7241313635175,1.7207826014104977,16.294002532958984,-6.200005531311035,10.09399700164795,-32.749786376953125,21.249961853027344,19,straight,54.597885342168695,196.5523872318073
3162.4338987332108,43.38624572753906,328.43775939941406,7.4323577880859375,43.92098232889858,331.03311077846604,-2.649866414289721,2.9383997516319194,0.0015393350296186714,649.6311594024615,1.9343427029073768,16.843000411987305,-5.750003814697266,11.092996597290039,-33.64977264404297,20.249977111816406,19,straight,55.873465083115356,201.1444742992153
3168.5130207873603,37.427825927734375,329.63746643066406,7.5492401123046875,37.95547071185649,332.33277132809457,-2.7464663675938503,2.9482730699443818,0.0017110804163504856,584.4260681405444,1.8712789637850613,17.241997718811035,-5.150001525878906,12.091996192932129,-34.54975891113281,19.299991607666016,19,straight,57.1394966192011,205.70218782912394
3174.682432429334,31.368728637695312,330.7934875488281,7.661468505859375,31.87790769417519,333.5568184163898,-2.8098506713305627,2.9593737947931125,0.0017086702475599957,585.2504316897971,2.1124620111245496,17.54099464416504,-4.44999885559082,13.090995788574219,-35.34974670410156,18.400005340576172,19,straight,58.39627641831897,210.2265951059483
3180.938683793602,25.212600708007812,331.8980407714844,7.8122406005859375,25.69943290777032,334.6987649792077,-2.8427208231644814,2.969488576418312,0.0013281557687270795,752.9237334551594,2.270809998666534,18.639994621276855,-4.549999237060547,14.089995384216309,-36.099735260009766,17.550018310546875,19,straight,59.643708648809564,214.71735113571444
3187.2768872857446,18.965896606445312,332.9626007080078,7.947235107421875,19.43541019515267,335.77291614894295,-2.8492658506252977,2.976053581369704,0.0009911735572261382,1008.9050426229722,2.0168041970586414,19.704674243927002,-4.6156792640686035,15.088994979858398,-36.84972381591797,16.750030517578125,19,straight,60.881423153922775,219.173123354122
3193.69881843786,12.630050659179688,334.00343322753906,8.06939697265625,13.080130825844416,336.80192339959405,-2.834452222125691,2.982128564995382,0.0009094695163639477,1099.5420759103533,1.9286072024530587,20.79581117630005,-4.795769214630127,16.000041961669922,-37.549713134765625,16.000041961669922,19,straight,62.11033730359183,223.59721429293057
3200.2033185366213,6.2065582275390625,335.01885986328125,8.196578979492188,6.635979086904014,337.7890856110991,-2.8033110723447394,2.9878037094240213,0.0008009188639522269,1248.5659222276076,1.9672958743378821,20.364885807037354,-5.064845561981201,15.300040245056152,-38.24970245361328,15.300040245056152,19,straight,63.33074809372133,227.9906931373968
3206.7864820763107,-0.3001251220703125,336.0108947753906,8.326889038085938,0.10963235522278819,338.74068879801746,-2.760376169323078,2.9925993927305687,0.0007655012195992295,1306.333647023502,1.9703704202546857,19.997520446777344,-5.397482872009277,14.600037574768066,-38.89969253540039,14.600037574768066,19,straight,64.54242579771832,232.35273287178597
3213.4464790754087,-6.8874053955078125,336.983642578125,8.457504272460938,-6.499555922026749,339.66509089803736,-2.709352746771898,2.9979470875647327,0.0008110576408786319,1232.957991637541,1.9625135622898693,19.718291759490967,-5.768256664276123,13.950035095214844,-39.5496826171875,13.950035095214844,19,straight,65.74552570954822,236.68389255437359
3220.1813665915447,-13.554061889648438,337.9306945800781,8.589767456054688,-13.188770021608136,340.5584433712155,-2.653017500541642,3.0034646362275486,0.000779013467776507,1283.6748546263802,1.930129274083503,19.451775550842285,-6.151742935180664,13.300032615661621,-40.19967269897461,13.300032615661621,19,straight,66.94016876292696,240.98460754653706
3226.989736117558,-20.298599243164062,338.851806640625,8.718856811523438,-19.954447142726494,341.422163246658,-2.593293996139472,3.008491521790601,0.0007056301293194844,1417.173046400964,1.949495868751383,19.22254705429077,-6.52251672744751,12.700030326843262,-40.79966354370117,12.700030326843262,19,straight,68.12655654617085,245.25560356621506
3233.8700312310616,-27.1187744140625,339.74884033203125,8.856704711914062,-26.794447552184813,342.25939871165167,-2.5314208047690934,3.013119040346942,0.0006564141049341943,1523.4285681601104,2.0344606400752308,18.95518207550049,-6.855154037475586,12.100028038024902,-41.34965515136719,12.100028038024902,19,straight,69.30484872949532,249.49745542618317
3240.8186989268697,-34.01060485839844,340.62408447265625,9.000244140625,-33.705274893698835,343.0732742546832,-2.4681484914260423,3.017566827049182,0.0006324387106757257,1581.180884597585,2.0157753040467075,18.674256324768066,-7.12423038482666,11.550025939941406,-41.8996467590332,11.550025939941406,19,straight,70.47485808683875,253.7094891126195
3247.8341295189975,-40.97261047363281,341.47715759277344,9.13812255859375,-40.685683764349506,343.86389015775785,-2.4039174847022786,3.0219494498411987,0.0006437588725819177,1553.3766486033962,2.006611416417814,18.354344367980957,-7.304320335388184,11.050024032592773,-42.39963912963867,11.050024032592773,19,straight,71.63672602903596,257.89221370452947
3254.915776963813,-48.00398254394531,342.3069152832031,9.283172607421875,-47.735710493437715,344.6304793230094,-2.3389997306892596,3.026644480481993,0.0006598590245917024,1515.4752192997055,2.038760228349079,17.92002248764038,-7.37000036239624,10.55002212524414,-42.89963150024414,10.55002212524414,19,straight,71.47743242282233,257.3187567221604
3262.0602152340357,-55.10157775878906,343.11073303222656,9.428146362304688,-54.85140589771333,345.3705323008331,-2.2736047797426275,3.031336266497245,0.0006476362954948855,1544.076524055618,1.9937993919746932,17.53442096710205,-7.43440055847168,10.100020408630371,-43.34962463378906,10.100020408630371,19,straight,70.29133753464012,253.04881512470445
3269.266831065568,-62.26475524902344,343.8880920410156,9.569259643554688,-62.031906876163944,346.0837402059244,-2.2079604228361323,3.0359376113902576,0.0006610516957230306,1512.7409950990927,2.0389685307534156,17.2592191696167,-7.609200477600098,9.650018692016602,-43.74961853027344,9.650018692016602,19,straight,69.07428979339848,248.66744325623452
3276.533888113193,-69.49143981933594,344.6373596191406,9.723358154296875,-69.27609702021653,346.76888773444995,-2.142378264333049,3.0409068513689723,0.0007103092585539206,1407.837484810271,2.1092360098384333,17.06681728363037,-7.866800308227539,9.200016975402832,-44.099613189697266,9.200016975402832,19,straight,67.82492422754174,244.16972721915027
3283.8582511298873,-76.77885437011719,345.3558807373047,9.87701416015625,-76.58121179457501,347.42376881560705,-2.077311650198886,3.04630508199687,0.0009416305330351427,1061.987653243057,2.0840998245961417,17.029616355895996,-8.179600715637207,8.850015640258789,-44.449607849121094,8.850015640258789,19,straight,66.54197495930956,239.55110985351442
3291.2391898122028,-84.1273193359375,346.0303955078125,10.029815673828125,-83.95274555059831,348.03619838004437,-2.013385499297442,3.054777053373416,0.001383174093177425,722.9747903265031,2.068504329927645,17.020014762878418,-8.520000457763672,8.500014305114746,-44.79960250854492,8.500014305114746,19,straight,65.22359200393636,234.8049312141709
3298.674495116754,-91.53642272949219,346.63482666015625,10.183486938476562,-91.3906540238402,348.5807943753626,-1.951419704772114,3.0668242121615856,0.001844351910597286,542.1958760983711,2.0948462324475114,17.110414505004883,-8.860401153564453,8.25001335144043,-44.99959945678711,8.25001335144043,19,straight,63.86798811345358,229.92475720843288
3306.1626161250256,-99.00572204589844,347.1410369873047,10.34246826171875,-98.89362905974546,349.03011866546535,-1.8924044029506306,3.0823248579802622,0.002323957639718849,430.3004421892042,1.9414763321840112,17.273213386535645,-9.173200607299805,8.10001277923584,-45.14959716796875,8.10001277923584,19,straight,62.473032495104675,224.90291698237684
3313.6988635999087,-106.53120422363281,347.5212707519531,10.475006103515625,-106.45804261655621,349.3572417933077,-1.837428171505658,3.1017647277648535,0.0030271538942032994,330.3432976813307,1.7549985199448614,17.530814170837402,-9.430801391601562,8.10001277923584,-45.14959716796875,8.10001277923584,19,straight,61.03693119755821,219.73295231120957
3321.2833786046626,-114.1116943359375,347.7295837402344,10.607833862304688,-114.08764955858815,349.5169831351521,-1.787561117352352,3.1281410841522574,0.0036956097084383244,270.5913445666793,1.6385229348771513,17.85561466217041,-9.60560131072998,8.25001335144043,-45.049598693847656,8.25001335144043,19,straight,59.556679963243134,214.40404786767527
3328.8821029937662,-121.70953369140625,347.7261505126953,10.7237548828125,-121.73793678825105,349.4696299828875,-1.7437108128620435,-3.125303052810637,0.004076211038734262,245.32586524531817,1.3727443143085383,18.270015716552734,-9.670001029968262,8.600014686584473,-44.899600982666016,8.600014686584473,19,straight,58.03580666253549,208.9289039851278
3336.5147951449085,-129.33778381347656,347.4829864501953,10.816818237304688,-129.42076454020707,349.1874504023275,-1.7064826882001405,-3.092946708143985,0.004225813409913404,236.64083171634695,1.0746360308293346,18.52296257019043,-9.422945976257324,9.100016593933105,-44.64960479736328,9.100016593933105,19,straight,56.99925733982469,205.19732642336888
3344.219489607725,-137.0263214111328,346.98944091796875,10.88836669921875,-137.16210362767706,348.6600129027808,-1.67608101438104,-3.0604920525008787,0.004133413572535161,241.93078733872414,0.886607587766508,18.53582191467285,-8.785802841186523,9.750019073486328,-44.19961166381836,9.750019073486328,19,straight,57.6328272594484,207.47817813401423
3351.982040911233,-144.7525634765625,346.2423858642578,10.953903198242188,-144.9381667279226,347.884206529952,-1.6522783255904312,-3.02902334965618,0.003826768590206836,261.31708161270086,0.7517474578601191,18.31462860107422,-7.914607048034668,10.40002155303955,-43.449623107910156,10.40002155303955,20,straight,59.196637361380034,213.10789450096811
3359.8020713953606,-152.5100860595703,345.2569580078125,11.005401611328125,-152.7393054099875,346.8752667178654,-1.6344615601593901,-3.000887326715433,0.0036075806925988385,277.19407692018035,0.6526079768725435,18.065418243408203,-6.965394020080566,11.100024223327637,-42.59963607788086,11.100024223327637,20,straight,60.731324697950896,218.63276891262322
3367.68129193923,-160.29554748535156,344.04612731933594,11.056350708007812,-160.5686496617012,345.64470879248023,-1.6217421265438994,-2.9723858895151314,0.003614821635007287,276.6388223185414,0.7402289377116622,17.894225597381592,-6.094198703765869,11.800026893615723,-41.699649810791016,11.800026893615723,20,straight,61.62840375708406,221.8622535255026
3375.6169393075825,-168.09791564941406,342.59934997558594,11.122573852539062,-168.41502524448535,344.1809711178573,-1.6130976204080383,-2.94371967975859,0.00366190994975632,273.08153770044083,0.8162134526682574,17.85708522796631,-5.457056045532227,12.400029182434082,-40.99966049194336,12.400029182434082,20,straight,60.2270169352144,216.81726096677184
3383.607842303694,-175.90992736816406,340.919189453125,11.186325073242188,-176.27254232246148,342.4852663935202,-1.607509436463053,-2.914058798509116,0.0037932350008976212,263.6272205026482,0.834022677396018,18.060031414031982,-5.210000514984131,12.850030899047852,-40.449668884277344,12.850030899047852,20,straight,58.64486333545543,211.12150800763956
3391.6518951841513,-183.7180938720703,338.9867248535156,11.25634765625,-184.12846206370006,340.53741139157626,-1.604066953722281,-2.8828866418828802,0.003974817017078469,251.58390831661734,0.9262607023367231,18.38558864593506,-5.0855560302734375,13.300032615661621,-39.99967575073242,13.300032615661621,20,straight,57.00785462374385,205.22827664547788
3399.7473457095552,-191.5104217529297,336.79364013671875,11.33587646484375,-191.97112646617606,338.3279905513016,-1.6020237287686718,-2.8498969508353427,0.004250921187739148,235.243128685679,0.9955590114641533,18.374478816986084,-4.774445056915283,13.6000337600708,-39.69968032836914,13.6000337600708,21,left,55.31149328172244,199.1213758142008
3407.88946035226,-199.26657104492188,334.31787109375,11.418014526367188,-199.7818880929989,335.83346684216366,-1.6008067130820163,-2.81384557478061,0.00469811511181531,212.8513193482841,0.9917605505886828,18.220035076141357,-4.37000036239624,13.850034713745117,-39.449684143066406,13.850034713745117,21,left,53.55117930081387,192.78424548292995
3416.0744380369715,-206.96286010742188,331.5331573486328,11.497787475585938,-207.53909194443287,333.0257813824657,-1.5999905113345871,-2.773167154641299,0.005132284463511105,194.84500656767545,0.970800227088997,18.115591764450073,-3.9655559062957764,14.150035858154297,-39.19968795776367,14.150035858154297,21,left,51.721248023608744,186.19649288499147
3424.2975139074756,-214.56982421875,328.4111785888672,11.577301025390625,-215.21019003418746,329.8766281107045,-1.599253162771299,-2.729622373602222,0.005325427658295023,187.7783464849765,0.9076746599403829,18.004481315612793,-3.654444694519043,14.35003662109375,-38.89969253540039,14.35003662109375,21,left,50.77467016317932,182.78881258744556
3432.5553030755514,-222.06373596191406,324.943115234375,11.6473388671875,-222.76785685042555,326.37799132537236,-1.5983290093576312,-2.6853974135950254,0.005438252216112133,183.882607915326,0.8381414494033956,18.130037784576416,-3.5300002098083496,14.600037574768066,-38.649696350097656,14.600037574768066,21,left,50.245211987591055,180.8827631553278
3440.8471327958628,-229.42520141601562,321.12754821777344,11.71600341796875,-230.19359893244595,322.5275052911117,-1.5969704287951303,-2.639615729590028,0.005351515127984846,186.86296797904365,0.8270015433665345,18.33073854446411,-3.4807000160217285,14.850038528442383,-38.39970016479492,14.850038528442383,21,left,50.65076124703718,182.34274048933386
3449.1721261882544,-236.6362762451172,316.96807861328125,11.784759521484375,-237.46326340153774,318.33185282410733,-1.5949256581417273,-2.5964835172649003,0.005036099176010722,198.5663834349141,0.8972246349742585,18.503596782684326,-3.3535571098327637,15.150039672851562,-38.14970397949219,15.150039672851562,21,left,52.21282824897345,187.96618169630443
3457.5333853879747,-243.69728088378906,312.4907684326172,11.865768432617188,-244.57767349159644,313.81710458756777,-1.591935532554962,-2.555592643123645,0.004709496655965123,212.33691688333278,0.8370837875835035,18.529749155044556,-3.17970871925354,15.350040435791016,-37.79970932006836,15.350040435791016,21,left,53.99295654375216,194.37464355750777
3465.932391119835,-250.6082305908203,307.71807861328125,11.924957275390625,-251.53596528986066,309.0065859897202,-1.5877477541917953,-2.5175648021884305,0.004527987883635121,220.84864750061755,0.7070794840178696,18.590332984924316,-2.9902915954589844,15.600041389465332,-37.59971237182617,15.600041389465332,21,left,55.06450349014965,198.23221256453874
3474.3720021001013,-257.36431884765625,302.66053771972656,11.984832763671875,-258.3371611884205,303.908237630097,-1.582143257205895,-2.479347563968852,0.0044544449463353175,224.49486121109263,0.7338922615827026,18.566485166549683,-2.8164432048797607,15.750041961669922,-37.44971466064453,15.750041961669922,21,left,55.51720042449966,199.8619215281988
3482.850025687347,-263.95579528808594,297.3290100097656,12.04913330078125,-264.96967020843766,298.53423844549985,-1.574966011195341,-2.442211818576515,0.004544093666967258,220.06588624468276,0.8668449189959571,18.589342832565308,-2.689300298690796,15.900042533874512,-37.29971694946289,15.900042533874512,21,left,54.96683338776198,197.88060019594315
3491.365130523749,-270.3634033203125,291.7216339111328,12.132217407226562,-271.41883218952387,292.8787394374008,-1.5661491936864227,-2.4021170180586835,0.0047120001149342505,212.22410348221175,0.9381131639411677,18.59004282951355,-2.640000104904175,15.950042724609375,-37.1997184753418,15.950042724609375,21,left,53.97861156216751,194.32300162380304
3499.9134782359893,-276.5674133300781,285.8412780761719,12.209182739257812,-277.66128347131854,286.9474999188646,-1.5557244779033734,-2.3618086062265977,0.004822967860404148,207.34121166550827,0.9240298867652208,18.65485692024231,-2.6548149585723877,16.000041961669922,-37.1997184753418,16.000041961669922,21,left,53.35402300418759,192.07448281507533
3508.4927938571514,-282.54087829589844,279.68370056152344,12.290496826171875,-283.67182987886594,280.7345646880464,-1.5438156934782306,-2.319504170517271,0.0049726995609699065,201.09801280754508,0.9661507335360975,18.691893815994263,-2.691851854324341,16.000041961669922,-37.1997184753418,16.000041961669922,21,left,52.54461873701965,189.16062745327073
3517.101864109679,-288.2670135498047,273.255615234375,12.375259399414062,-289.4322160094231,274.2481326473438,-1.5306167341784187,-2.276333440346849,0.004926868270428791,202.96869027370377,0.9053120335809184,18.690042972564697,-2.7400002479553223,15.950042724609375,-37.1997184753418,15.950042724609375,21,left,52.78844635961228,190.0384068946042
3525.7382946925095,-293.7344665527344,266.57057189941406,12.446578979492188,-294.92888780098923,267.5047590369344,-1.516360025254924,-2.2345426660147214,0.004901331526676045,204.02619054789258,0.8605370790147115,18.7381911277771,-2.7881484031677246,15.950042724609375,-37.2672004699707,15.950042724609375,21,left,52.92578594741023,190.53282941067684
3534.402236543551,-298.9251251220703,259.6340789794922,12.524154663085938,-300.14634286255904,260.5072801388852,-1.5012837954396583,-2.191535138584618,0.004895457655338581,204.27099372608868,0.8695700610381607,18.675227642059326,-2.8251852989196777,15.850042343139648,-37.392520904541016,15.850042343139648,21,left,52.9575282360641,190.64710164983077
3543.0944639709583,-303.8388977050781,252.4644012451172,12.597488403320312,-305.08254035089794,253.27703668048463,-1.4856053921942458,-2.149580156271486,0.0046836043182334475,213.51077760923621,0.7996395462213979,18.590042114257812,-2.8400001525878906,15.750041961669922,-38.03742218017578,15.750041961669922,21,left,54.14199529143955,194.91118304918237
3551.813813365119,-308.4665222167969,245.07469177246094,12.663360595703125,-309.7275347229779,245.82920536658827,-1.4695044417993315,-2.109993977679573,0.004700769437785135,212.73113119778338,0.8112439136841898,18.577401638031006,-2.9273600578308105,15.650041580200195,-39.23509979248047,15.650041580200195,21,left,54.04305364119462,194.55499310830064
3560.562254452818,-312.7973327636719,237.4738006591797,12.739227294921875,-314.0748788163878,238.16620082059063,-1.4531145516895658,-2.067458733134915,0.004741221888725111,210.91609367156082,0.8541648975117111,18.585721015930176,-3.1356801986694336,15.450040817260742,-39.880001068115234,15.450040817260742,21,left,53.812010127906355,193.72323646046289
3569.337413280067,-316.8258056640625,229.67832946777344,12.813034057617188,-318.1154727933138,230.3110745163607,-1.4365262269735821,-2.0269171678666797,0.004678918789400688,213.72459001967155,0.861083246246086,18.584360122680664,-3.3843202590942383,15.200039863586426,-42.689796447753906,15.200039863586426,21,left,54.169097749574675,195.00875189846883
3578.1396870337803,-320.5434265136719,221.7000274658203,12.890594482421875,-321.8430329841121,222.27171308719798,-1.4197892194618116,-1.9852121555204083,0.004604457631709247,217.1808451691159,0.9127953199341343,18.54267930984497,-3.5926403999328613,14.95003890991211,-45.49959182739258,14.95003890991211,21,left,54.605339934742595,196.57922376507335
3586.9666446834217,-323.9424285888672,213.55416870117188,12.973968505859375,-325.24787363765,214.0679578047866,-1.4029134037369329,-1.9457507198234505,0.004784710927066976,208.99904199917864,0.9614499927609099,18.380038261413574,-3.6800003051757812,14.700037956237793,-46.44957733154297,14.700037956237793,21,left,53.56689870908846,192.84083535271847
3595.818653834328,-327.00091552734375,205.24777221679688,13.060577392578125,-328.3120848894187,205.69660393168544,-1.3858625488604126,-1.9006076476044202,0.00485265225898085,206.0728745088401,0.9376233221212171,18.145221948623657,-3.8451855182647705,14.300036430358887,-47.24956512451172,14.300036430358887,21,left,53.190585414365984,191.48610749171755
3604.6906649159105,-329.70628356933594,196.79867553710938,13.14013671875,-331.01808387229454,197.18864219876733,-1.3685371869433716,-1.8597521092101144,0.004825887760607772,207.2157600022716,0.954486016831857,18.208183765411377,-4.258148670196533,13.950035095214844,-49.9995231628418,13.950035095214844,21,left,53.33787965373939,192.01636675346182
3613.5848447085946,-332.0514831542969,188.2197265625,13.230178833007812,-333.36219694984294,188.54613133297107,-1.3507445087880416,-1.8148601983185788,0.004790362321880209,208.75247691233128,0.9371850978505902,18.345033645629883,-4.795000076293945,13.550033569335938,-49.9995231628418,13.550033569335938,21,left,53.53529180640784,192.72705050306823
3622.4974573375657,-334.0356750488281,179.5311279296875,13.306991577148438,-335.3402984797844,179.80056885417804,-1.3321564128849086,-1.7744606050317786,0.004748636727662486,210.58675517852245,0.8130197673249184,18.431884288787842,-5.331852436065674,13.100031852722168,-50.25405502319336,13.100031852722168,21,left,53.76998087911172,193.5719311648022
3631.432154699984,-335.65240478515625,170.7441864013672,13.375259399414062,-336.9480507723738,170.9523518175592,-1.3122619268618885,-1.7301002638934984,0.004733163974877885,211.27516504978044,0.7695124855099156,18.44484519958496,-5.744814872741699,12.700030326843262,-50.9449348449707,12.700030326843262,21,left,53.85779642976122,193.88806714714042
3640.3870431992423,-336.89764404296875,161.87657165527344,13.444656372070312,-338.17884556402197,162.0297575100244,-1.290326797228081,-1.689795632398683,0.00449465120383391,222.48667463829142,0.7098741283177779,18.110028743743896,-5.910000324249268,12.200028419494629,-54.55662536621094,12.200028419494629,21,left,55.26833204447408,198.9659953601067
3649.365517515004,-337.7871856689453,152.9424591064453,13.502532958984375,-339.04864666426926,153.04194158388034,-1.2653776535249175,-1.6494963460344891,0.004354835050708494,229.6298225663699,0.6529906088823756,17.848026275634766,-6.248000144958496,11.60002613067627,-63.533912658691406,11.60002613067627,21,left,56.1485442309833,202.13475923153987
3658.3677604421487,-338.32862854003906,143.9567108154297,13.56207275390625,-339.5638360489235,144.00701476413582,-1.236231401178591,-1.6114989340257473,0.004258424633650615,234.82862467445645,0.7173845067256268,18.05402421951294,-7.054000377655029,11.00002384185791,-72.53495788574219,11.00002384185791,21,left,56.780586339252096,204.41011082130754
3667.3962685798315,-338.52333068847656,134.93057250976562,13.631912231445312,-339.72491023326324,134.93287407784885,-1.2015817490564071,-1.5727117765696712,0.0040284895752984995,248.2319939790096,0.6676968688927754,18.416022300720215,-8.016000747680664,10.40002155303955,-81.56219482421875,10.40002155303955,21,left,58.37854055435058,210.16274599566208
3676.4501506645333,-338.38946533203125,125.87782287597656,13.682754516601562,-339.5490078096696,125.84055567458688,-1.1601411990560015,-1.5386678120497865,0.0036989799436109028,270.3448018763279,0.5209844176769396,18.572019577026367,-8.822000503540039,9.750019073486328,-90.61493682861328,9.750019073486328,22,straight,60.175957024763754,216.6334452891495
3685.5332636384096,-337.95066833496094,116.805419921875,13.72637939453125,-339.05912726619925,116.73307993529096,-1.1108169407696946,-1.505626977557096,0.0035026656300166104,285.49684886571885,0.41196616712976253,18.210017204284668,-9.160000801086426,9.050016403198242,-99.69694519042969,9.050016403198242,22,straight,61.926776013892784,222.93639365001403
3694.6461652506123,-337.2189025878906,107.72200012207031,13.757675170898438,-338.26695137023364,107.62123056952049,-1.0528821172818055,-1.4749413100353592,0.0033884393188334805,295.1211179854519,0.35540670062162993,17.771865844726562,-9.47185230255127,8.300013542175293,-108.80879211425781,8.300013542175293,22,straight,63.63494696551246,229.08580907584488
3703.790669094618,-336.2066345214844,98.63375854492188,13.791275024414062,-337.18478653965343,98.50882643034738,-0.9860980701229958,-1.4437615272016173,0.003412006192959227,293.0827036784191,0.30846357882871045,17.901493072509766,-10.251482009887695,7.65001106262207,-117.95223236083984,7.65001106262207,22,straight,63.43361328538013,228.3610078273685
3712.9655678235413,-334.90281677246094,89.552001953125,13.81414794921875,-335.8021736132815,89.40837619946089,-0.9107530314231156,-1.4124352530349695,0.003389221461295222,295.053011855366,0.24880976414161093,18.150489807128906,-11.250481605529785,6.900008201599121,-127.12610626220703,6.900008201599121,22,straight,63.64647882008866,229.12732375231917
3722.1705287318273,-333.31475830078125,80.48509216308594,13.837005615234375,-334.12757970806706,80.32933792217983,-0.8276098257647264,-1.3814696255049068,0.0032272760102177167,309.8588397254992,0.13475034771364136,18.499486923217773,-12.249481201171875,6.250005722045898,-136.03854370117188,6.250005722045898,22,straight,65.22383051333073,234.8057898479906
3731.40477345791,-331.4471435546875,71.44168090820312,13.83892822265625,-332.1674707494916,71.28221846767542,-0.7377665874200143,-1.352934868267864,0.002984468471636248,335.0680395868768,-0.023347443484211805,18.65815258026123,-13.058149337768555,5.600003242492676,-143.06996154785156,5.600003242492676,22,straight,66.86916240940201,240.72898467384724
3740.6719532008815,-329.32452392578125,62.420867919921875,13.832656860351562,-329.947899282262,62.26531681060618,-0.6424896751519122,-1.3262596779830063,0.002723863152924777,367.12563879218357,-0.10160862017913885,18.47000217437744,-13.370000839233398,5.100001335144043,-147.68292236328125,5.100001335144043,22,straight,68.48063122575881,246.53027241273173
3749.9732556819363,-326.9651184082031,53.423797607421875,13.820037841796875,-327.48871758846127,53.27977252979025,-0.5430463373910364,-1.3023674335741982,0.0023526897135543456,425.0454253439318,-0.15448757668232727,18.9689998626709,-14.369000434875488,4.59999942779541,-149.3400115966797,4.59999942779541,22,straight,70.06077316316441,252.21878338739188
3759.3109166623144,-324.3988800048828,44.445709228515625,13.803848266601562,-324.82126970348185,44.320410984889435,-0.44058223674857544,-1.282423718607666,0.0019388149680392708,515.7789765834658,-0.2582876252279931,19.617998123168945,-15.368000030517578,4.249998092651367,-149.37657165527344,4.249998092651367,22,straight,71.61202937738966,257.8033057586028
3768.687049288044,-321.65892028808594,35.478912353515625,13.771636962890625,-321.97950377243205,35.37809223245467,-0.336063189365113,-1.2661000411178178,0.0015212986754392088,657.3331168590504,-0.3628836753883591,20.21699810028076,-16.367000579833984,3.8499975204467773,-149.47085571289062,3.8499975204467773,22,straight,73.1365779482605,263.2916806137378
3778.1024901249066,-318.7770538330078,26.515426635742188,13.735641479492188,-318.99585439307424,26.44366005253451,-0.2302696843934939,-1.2538534297038377,0.0011379042891249136,878.8085338609923,-0.3776173184128484,20.86599898338318,-17.36600112915039,3.499997854232788,-149.5997772216797,3.499997854232788,22,straight,74.63618742205921,268.69027471941314
3787.55863269921,-315.7870635986328,17.544509887695312,13.70037841796875,-315.90437616117,17.504830475339947,-0.12384140298746356,-1.2446392657371435,0.0008227822365924342,1215.388416917599,-0.42823987277007536,21.56499981880188,-18.365001678466797,3.199998140335083,-149.740234375,3.199998140335083,22,straight,76.11254736430686,274.00517051150473
3797.0550862726914,-312.7151184082031,8.558761596679688,13.654434204101562,-312.7315101708909,8.55310073415422,-0.017341719884260545,-1.2382718208805361,0.0006191805378231163,1615.0378426230086,-0.494922820020971,21.799997568130493,-18.799999237060547,2.9999983310699463,-149.86915588378906,2.9999983310699463,22,straight,77.56692605570474,279.24093380053705
3806.591665321743,-309.57786560058594,-0.4468841552734375,13.606170654296875,-309.49420448368807,-0.4174841042671039,0.08867663435075854,-1.2328585101139675,0.000555932594515085,1798.7792222764974,-0.5921869317258688,21.799994707107544,-18.999996185302734,2.7999985218048096,-149.96343994140625,2.7999985218048096,22,straight,79.00050987662351,284.4018355558446
3816.1677326599834,-306.3804931640625,-9.473159790039062,13.541183471679688,-306.1981631161471,-9.408016219963942,0.1936180030238845,-1.227647404037941,0.0005749475562294437,1739.2890693511029,-0.724989741502946,21.79999327659607,-19.099994659423828,2.699998617172241,-150.0,2.699998617172241,22,straight,80.0,288.0
3825.759212713623,-303.1272277832031,-18.495758056640625,13.467193603515625,-302.8483109145376,-18.394274336019638,0.29680560166084125,-1.2218372264013162,0.0005692327671563135,1756.750590791967,-0.7350671963260336,21.799991846084595,-19.199993133544922,2.599998712539673,-150.0,2.599998712539673,22,straight,80.0,288.0
3835.378163048519,-299.8144226074219,-27.525985717773438,13.399993896484375,-299.4416258160986,-27.388177108393613,0.3974527147222667,-1.2167142075349553,0.0004182755370144564,2390.7685520834993,-0.7234077511923842,21.74999189376831,-19.199993133544922,2.5499987602233887,-150.0,2.5499987602233887,22,straight,80.0,288.0
3845.0532740898498,-296.44615173339844,-36.59556579589844,13.327590942382812,-295.98270831965675,-36.42270121126128,0.49463315938414876,-1.213779870690701,0.0002677801142937364,3734.407249162157,-0.8114054301637807,21.799991846084595,-19.199993133544922,2.599998712539673,-150.0,2.599998712539673,22,straight,80.0,288.0
3854.7743883687544,-293.0379180908203,-45.69923400878906,13.2425537109375,-292.4881667991166,-45.49276236961454,0.5872452813887094,-1.2115235587456217,0.00018264133786188852,5475.211754943394,-0.8197896162006169,21.6999933719635,-19.099994659423828,2.599998712539673,-150.0,2.599998712539673,22,straight,80.0,288.0
3864.539629358745,-289.597412109375,-54.8380126953125,13.167892456054688,-288.96677466582764,-54.60022769464135,0.673977219012721,-1.2102252318732218,0.0001329538998300605,7521.404045147857,-0.764561314557832,21.69999408721924,-19.04999542236328,2.649998664855957,-150.0,2.649998664855957,22,straight,80.0,288.0
