s_m,x_center_m,y_center_m,z_center_m,x_line_m,y_line_m,offset_m,heading_rad,curvature_1_per_m,radius_m,slope_pct,width_m,drive_left_m,drive_right_m,limit_left_m,limit_right_m,segment_id,segment_kind,v_target_ms,v_target_kmh
0.0,225.8260955810547,203.9534454345703,2.8025970458984375,227.4575420964271,204.37857000466377,-1.6859266391566112,1.8257088672594872,0.000341062582226888,2932.0132201859697,-0.7538024155044826,18.750035285949707,-6.300005912780762,12.450029373168945,-95.66788482666016,12.500029563903809,0,straight,80.0,288.0
10.513915684070092,223.1621856689453,214.1239776611328,2.7233428955078125,225.11083255203522,214.6392278890805,-2.0156159039797563,1.829294770492012,0.0003732365501126905,2679.266003552096,-0.8736192064152006,18.850035667419434,-5.750003814697266,13.100031852722168,-95.5300064086914,13.200032234191895,0,straight,80.0,288.0
21.07554615208809,220.43504333496094,224.326904296875,2.6183624267578125,222.69344318887903,224.93441927062204,-2.3386843189075557,1.83357810871189,0.0005878969892738478,1700.9782636158234,-0.863445667386678,19.050036430358887,-5.2000017166137695,13.850034713745117,-84.96989440917969,13.90003490447998,0,straight,80.0,288.0
31.703196935373143,217.63539123535156,234.57887268066406,2.540557861328125,220.18910105947307,235.2883269102714,-2.6504262241614045,1.8417760367436733,0.0005462767774959271,1830.5738797535757,-0.36934749865019934,18.287996292114258,-4.499999046325684,13.787997245788574,-74.3435287475586,14.750038146972656,0,straight,80.0,288.0
42.369113821564035,214.76727294921875,244.8519287109375,2.5399932861328125,217.600830004466,245.64956766655982,-2.9436836597820273,1.8451930317893965,0.00044087429446679205,2268.2202445244243,-0.1013670042039394,16.63899517059326,-3.8499975204467773,12.788997650146484,-63.678611755371094,16.400035858154297,0,straight,80.0,288.0
53.081161542328836,211.84803771972656,255.15850830078125,2.518798828125,214.93193673223234,256.04668544042966,-3.2092509641236027,1.8512121741650591,0.0006747643688791161,1481.99882228688,-0.23851055336622518,14.88999629020691,-3.0999982357025146,11.789998054504395,-52.96758270263672,16.400035858154297,0,straight,80.0,288.0
63.841816176486354,208.82601928710938,265.4860534667969,2.488739013671875,212.1204562317865,266.46519850631387,-3.436864819987014,1.8596930427234872,0.0008420938177942788,1187.516139970401,-0.23027344396914506,13.140997409820557,-2.349998950958252,10.790998458862305,-42.207969665527344,17.400020599365234,0,straight,80.0,288.0
74.65078113892736,205.69435119628906,275.8313903808594,2.46917724609375,209.15097209649565,276.8952906475563,-3.6166437238443603,1.8693810425389576,0.0008052262221460021,1241.887028138388,-0.08990150923688656,11.441998362541199,-1.6499994993209839,9.791998863220215,-31.400022506713867,18.350006103515625,0,straight,80.0,288.0
85.50393026082392,202.45816040039062,286.1908264160156,2.4693450927734375,206.02468235844242,287.3188722687982,-3.7406638880345264,1.8771278811439054,0.0005429662339431485,1841.7351531010775,0.05347001122615047,10.34299886226654,-1.5499995946884155,8.792999267578125,-20.54787254333496,18.45000457763672,0,straight,79.34016221835637,285.62458398608294
96.39936850161162,199.1486358642578,296.5714569091797,2.4808502197265625,202.77115168056872,297.73336231020573,-3.8042929698376486,1.8811753152313702,0.00022594114194048054,4425.931423606901,0.32150353903174916,9.743998885154724,-1.949999213218689,7.793999671936035,-11.99000072479248,28.091978073120117,0,straight,77.70731459918979,279.74633255708324
107.34063029974841,195.79364013671875,306.9854736328125,2.5397491455078125,199.41767077373814,308.1513551791308,-3.806951252393548,1.8820483238497527,-5.8591615621675364e-05,17067.288372059505,0.3627936420264155,9.743999004364014,-2.9489994049072266,6.794999599456787,-14.377500534057617,39.032081604003906,0,straight,76.03231972120132,273.71635099632476
118.30909169015533,192.44253540039062,317.42945861816406,2.56024169921875,196.0168499269743,318.57081557948106,-3.7521220726535356,1.8798840519213222,-0.000660968746357668,1512.9308390307353,0.12554567038701586,9.743999004364014,-3.9479994773864746,5.795999526977539,-19.630001068115234,49.9995231628418,0,straight,74.31527685234589,267.5349966684452
129.32386973233372,189.1542205810547,327.9419403076172,2.567291259765625,192.64155152026302,329.0080204599182,-3.6466428356352387,1.8674750494342591,-0.001012413522490832,987.7386836356243,-0.11240375673098879,9.743999004364014,-4.946999549865723,4.796999454498291,-23.69000244140625,49.9995231628418,0,straight,72.55009991882318,261.18035970776344
140.3622258940311,185.9737548828125,338.5121307373047,2.535369873046875,189.3303472367046,339.50197110690334,-3.4994994195590516,1.8575625499517079,-0.000956761367519543,1045.1927031633347,-0.31770691257104466,9.743999004364014,-5.945999622344971,3.797999382019043,-27.270002365112305,38.96221160888672,0,straight,70.73696833441312,254.65308600388724
151.34907536842522,182.92819213867188,349.068359375,2.497344970703125,186.12332677033163,349.97197328046724,-3.3204522891596238,1.8464082221360103,-0.0008508257043686462,1175.3288539184982,-0.6025444472192748,9.743999004364014,-6.944999694824219,2.798999309539795,-28.332502365112305,27.976428985595703,0,straight,68.88492316456775,247.9857233924439
162.2069178223902,180.02432250976562,359.5302734375,2.4044036865234375,183.03169188470568,360.35656192482855,-3.118817599927752,1.838934351507226,-0.000537523462911707,1860.383906933303,-1.209106434103116,9.743999123573303,-7.943999767303467,1.7999993562698364,-30.670001983642578,17.119983673095703,0,straight,67.00434981182626,241.21565932257454
172.93341049240212,177.2183837890625,369.8819122314453,2.2372894287109375,180.02045486744683,370.63924890170165,-2.902612816142173,1.834766756179374,-0.00018351891805054588,5449.029509451304,-1.9112485775529056,10.392999529838562,-8.942999839782715,1.4499996900558472,-33.007503509521484,6.395792484283447,0,straight,65.09319927061419,234.3355173742111
183.46353400683012,174.46212768554688,380.04212951660156,1.99951171875,177.0473771879371,380.74138249650775,-2.6781466949210344,1.834953580465879,7.226539120533393e-05,13837.88260633106,-2.3988533845355597,11.49199903011322,-9.941999435424805,1.5499995946884155,-33.98621368408203,1.5999995470046997,0,straight,63.160810835938854,227.37891900937987
193.7747743704619,171.75494384765625,389.9882049560547,1.737945556640625,174.119114264737,390.63094934122574,-2.4499841031461025,1.836249245011924,0.0004834104785837595,2068.635340569541,-2.7991213806779935,12.990998268127441,-10.940999031066895,2.049999237060547,-33.98621368408203,2.2499990463256836,0,straight,61.209501588433376,220.35420571836016
203.84385304768745,169.08067321777344,399.69078063964844,1.4302978515625,171.2191301897948,400.2914616702809,-2.221219467263082,1.84463440580256,0.001921743599886852,520.3607807299984,-3.453903410381001,14.189997434616089,-11.289999008178711,2.899998426437378,-33.765316009521484,2.949998378753662,0,straight,59.24202606022514,213.27129381681053
213.73433462989206,166.2816162109375,409.16929626464844,1.0499725341796875,168.18439444113747,409.76504182413845,-1.9938600163940756,1.8742208744992856,0.003620161365158761,276.2307806564157,-3.9938128576557936,14.140996932983398,-10.290999412536621,3.8499975204467773,-33.45301055908203,3.8999974727630615,0,straight,57.243651812414015,206.07714652469045
223.51047277726164,163.17218017578125,418.4289093017578,0.6451873779296875,164.83725425313088,419.0270871441672,-1.76926211009313,1.9156877863215611,0.0040849926693417166,244.7984809140788,-4.284911280671648,14.140997409820557,-9.291999816894531,4.848997592926025,-33.095001220703125,5.250001907348633,0,straight,55.19732671452419,198.71037617228708
233.17917690279822,159.73980712890625,427.4577178955078,0.2170867919921875,161.17622297225532,428.0362598253935,-1.5485481069892775,1.9536863873655712,0.003972251484907027,251.7463971754058,-4.561072814444641,14.140997886657715,-8.293000221252441,5.847997665405273,-32.736995697021484,6.200005531311035,0,straight,53.095975769162216,191.145512768984
242.749144514767,155.99948120117188,436.25502014160156,-0.2320404052734375,157.21589458381874,436.8001406267355,-1.332973315860096,1.992100339838245,0.0042583320539618386,234.83373004451983,-4.724205535931652,14.140997886657715,-7.294000148773193,6.8469977378845215,-32.42469024658203,7.95001220703125,1,left,50.93077918079467,183.35080505086083
252.21986583376926,151.95205688476562,444.8054656982422,-0.682373046875,152.95745240109952,445.30851009303694,-1.1242214227627583,2.0347197188602952,0.004836775753789754,206.74929972026735,-4.759010055967174,14.140997886657715,-6.295000076293945,7.8459978103637695,-32.203792572021484,9.700018882751465,1,left,48.69334399923344,175.29603839724038
261.5872614401054,147.56973266601562,453.07252502441406,-1.1285400390625,148.37560833003386,453.52578882839384,-0.9245991898412254,2.083146896071638,0.006384029800370089,156.64087281391275,-4.111574827375078,14.140997409820557,-5.296000003814697,8.84499740600586,-32.12000274658203,11.45002555847168,1,left,46.37425041478062,166.94730149321023
270.86573151083655,142.740966796875,460.9889373779297,-1.450164794921875,143.3564078659374,461.39457316338655,-0.7370943629766041,2.153540546684673,0.005703196520805656,175.3402668752393,-3.46110607315748,14.140996932983398,-4.296999931335449,9.84399700164795,-31.066482543945312,13.000031471252441,1,left,48.671848146322795,175.21865332676205
280.0946044138828,137.51968383789062,468.5921325683594,-1.76910400390625,137.98034483441646,468.91967467164824,-0.5652365727260008,2.188884250924998,0.0035077948842289347,285.07938263323365,-4.01723334912408,14.14099645614624,-3.297999858856201,10.842996597290039,-28.554241180419922,14.250036239624023,1,left,48.914685309871636,176.0928671155379
289.33317313932827,132.07728576660156,476.0454864501953,-2.1921539306640625,132.40651147667919,476.2944783231809,-0.4127790219826908,2.218314298637093,0.00564638582032119,177.10444022458174,-3.8654066630388897,14.140995979309082,-2.298999786376953,11.841996192932129,-25.555761337280273,15.300040245056152,2,left,46.63912365154856,167.9008451455748
298.6006271009919,126.22744750976562,483.22740173339844,-2.4840240478515625,126.43986391929593,483.41473094417233,-0.28321893341886123,2.293518780124281,0.007015167418959162,142.54827294604604,-1.9516535856453285,14.140995621681213,-1.2999998331069946,12.840995788574219,-23.043521881103516,16.20003890991211,2,left,44.23900348381368,159.26041254172927
307.8501413360185,119.891357421875,489.9655456542969,-2.5539703369140625,120.01910117343445,490.09127648641936,-0.17923924851632234,2.348253350316192,0.006088835877886667,164.2350065029316,0.07113750872785596,15.33999502658844,-1.4999996423721313,13.839995384216309,-20.64000129699707,17.050025939941406,2,left,46.63459688145589,167.88454877324122
317.1195835065368,113.21354675292969,496.393798828125,-2.47052001953125,113.28210769176941,496.4695967576609,-0.10220532499096467,2.406284499946743,0.006906545425617472,144.79018646439962,1.7430470957383217,16.392004370689392,-1.7499994039535522,14.64200496673584,-19.530000686645508,17.050025939941406,2,left,44.585528537043785,160.50790273335764
326.40441778851687,106.11685180664062,502.3760528564453,-2.2303009033203125,106.14884777496016,502.41684177221003,-0.051840887704274655,2.476419208635225,0.0071644904433389445,139.57726762406836,3.6727328697512482,16.39200496673584,-2.74899959564209,13.64300537109375,-19.720001220703125,16.700031280517578,2,left,43.77555911880278,157.59201282769
335.69669513875397,98.63812255859375,507.87327575683594,-1.7880706787109375,98.6529419529196,507.8948344227496,-0.026160858628188968,2.5393742427827455,0.005949346482313794,168.085688566433,5.815241820123988,16.392005443572998,-3.747999668121338,12.64400577545166,-20.29408073425293,15.350040435791016,2,left,46.20608449314748,166.34190417533094
344.99606141231,90.8599853515625,512.9299926757812,-1.1490020751953125,90.87139279737872,512.9484089952631,-0.021663117118949086,2.587015627995937,0.005013877423743596,199.44643944912264,7.361095816651108,16.392005920410156,-4.746999740600586,11.64500617980957,-21.663042068481445,14.000035285949707,2,left,48.516716261796276,174.6601785424666
354.31383250916315,82.85443115234375,517.6413421630859,-0.4174652099609375,82.87085435290378,517.6707803785858,-0.03370949493030499,2.632714263901098,0.003929395291726812,254.49208485220637,7.713282546409801,16.392006397247314,-5.745999813079834,10.64600658416748,-23.296960830688477,12.800030708312988,3,straight,50.72646690488447,182.61528085758408
363.62211881295303,74.67402648925781,522.0263061523438,0.2877044677734375,74.70041193574933,522.0768188607161,-0.056988819023287104,2.6602232574099083,0.0027093963870139792,369.0858985392308,6.823280972373736,16.392006874084473,-6.744999885559082,9.64700698852539,-24.665922164916992,10.85002326965332,3,straight,52.84178175238687,190.23041430859274
372.95427610610307,66.36787414550781,526.2424926757812,0.85406494140625,66.40591333739407,526.3195824885069,-0.08596405845130442,2.6832068583523583,0.003202742375304546,312.2324192263235,5.759201848313391,16.39200735092163,-7.74399995803833,8.6480073928833,-25.240001678466797,9.150016784667969,3,straight,54.88073596019075,197.5706494566867
382.3322652088616,57.893951416015625,530.2272491455078,1.3649749755859375,57.94109023616087,530.3324166894387,-0.11524877726526975,2.7202150248846455,0.003135141189604812,318.9649012668712,4.944792849593253,16.392006397247314,-8.742999076843262,7.649007320404053,-25.19468879699707,7.750011444091797,3,straight,56.85609163436346,204.68192988370845
391.727310097252,49.28276062011719,533.9609069824219,1.7821807861328125,49.337187453253485,534.0897975746112,-0.13991091780191392,2.742035276107136,0.0027511941115418714,363.47853312304557,3.7737757143205957,16.392005920410156,-9.741998672485352,6.650007247924805,-25.045743942260742,6.700007438659668,3,straight,58.76849969691667,211.5665989089
401.15408770514193,40.55596923828125,537.5135955810547,2.0748443603515625,40.61222010763535,537.6588092822618,-0.15572790155064603,2.7720247635568005,0.0024608260848450747,406.36760401658233,2.6673327285518686,16.54100227355957,-10.740998268127441,5.800004005432129,-24.875001907348633,5.850004196166992,3,straight,60.626766508982556,218.2563594323372
410.6019796893528,31.715087890625,540.8388214111328,2.2854461669921875,31.770220485019955,540.9883977774787,-0.15941358892499224,2.7884520962362895,0.0017324391217470314,577.2208601428816,1.7636948873679308,16.889999389648438,-11.739997863769531,5.150001525878906,-24.704259872436523,5.250001907348633,3,straight,62.43372506233627,224.76141022441058
420.1146277631607,22.763290405273438,544.0545043945312,2.4086456298828125,22.812456111625103,544.1949571620994,-0.1488094304760622,2.8048719273928375,0.0015535539349008087,643.6854090063168,1.0388840965537882,17.438997268676758,-12.738997459411621,4.699999809265137,-24.555315017700195,4.800000190734863,3,straight,64.20170815265445,231.12614934955602
429.69054954161004,13.702774047851562,547.1528472900391,2.483428955078125,13.741876136230701,547.2694702148624,-0.12300357681778445,2.8180853105071497,0.0008933371938050216,1119.3981476811302,0.6539389323210715,17.987995147705078,-13.737997055053711,4.249998092651367,-24.449962615966797,4.44999885559082,3,straight,65.93358659787384,237.36091175234583
439.3206811051188,4.5668487548828125,550.1977996826172,2.5341033935546875,4.592718258985428,550.275963916151,-0.08233394589375292,2.8219765118381916,0.0002513925775597947,3977.8421849473502,0.23482743835802622,18.636994123458862,-14.7369966506958,3.8999974727630615,-24.410001754760742,3.9499974250793457,3,straight,66.91825322981646,240.90571162733926
449.00792415407886,-4.63201904296875,553.2348175048828,2.5284576416015625,-4.623167870045572,553.2616463603524,-0.02825120790201303,2.8229240646684914,2.73742756462525e-06,365306.46981225186,-0.08472463255695395,19.23599410057068,-15.73599624633789,3.499997854232788,-24.34991455078125,3.6499977111816406,3,straight,65.19243859850036,234.6927789546013
458.76414142871664,-13.896087646484375,556.2943420410156,2.5175933837890625,-13.907694411857786,556.2592677010146,0.03694490937797329,2.822016574474871,-0.00025452097620448644,3928.949255626708,-0.05552895736220531,19.93499493598938,-16.734996795654297,3.199998140335083,-23.69992446899414,3.3499979972839355,3,straight,63.40687747312634,228.26475890325483
468.57674244246846,-23.206344604492188,559.3937377929688,2.5176544189453125,-23.24147181112315,559.2890257030136,0.11044701185842523,2.817925124866489,-0.0006399788861478906,1562.5515491911297,0.0006201149880064039,20.683995723724365,-17.733997344970703,2.949998378753662,-23.149932861328125,3.0499982833862305,3,straight,61.55877781386205,221.6116001299034
478.44961974451206,-32.55262756347656,562.5750427246094,2.5177154541015625,-32.614361292036406,562.3960972923846,0.1892947990727291,2.8093913157581554,-0.00035147236874447096,2845.1738711984626,0.0003864146604387608,21.332996606826782,-18.73299789428711,2.599998712539673,-22.59994125366211,2.649998664855957,3,straight,59.64155833536402,214.70961000731046
488.3309561780938,-41.89398193359375,565.7968292236328,2.517730712890625,-41.98184743048643,565.5408090350367,0.27067818994702636,2.8109907456097156,0.00044339431637788196,2255.3288643144265,0.00023365210702619432,21.9819974899292,-19.731998443603516,2.2499990463256836,-21.999950408935547,2.2999989986419678,3,straight,57.65889993421057,207.57203976315805
498.1101874698844,-51.15513610839844,568.9375915527344,2.51776123046875,-51.26709624519155,568.6037051842624,0.3521578897059524,2.8180515053342683,0.0008128768798941755,1230.198600469711,0.0004786264433037646,22.68099820613861,-20.730998992919922,1.949999213218689,-21.399959564208984,1.9999991655349731,3,straight,55.62719789014161,200.2579124045098
507.63437457402836,-60.1968994140625,571.9303588867188,2.517822265625,-60.330657767173875,571.5198067758008,0.43179200178588417,2.8266363053289862,0.0011924255513421633,838.6267795707882,0.0003139955191688859,22.399969696998596,-20.699970245361328,1.699999451637268,-20.799968719482422,1.7499994039535522,3,straight,53.57447394415859,192.86810619897093
516.7840408127918,-68.9140625,574.7101898193359,2.517822265625,-69.06496200904778,574.2249309873623,0.5081798853155204,2.840104957645703,0.001429085960234694,699.7479702590972,-0.016277124259272968,21.64997971057892,-20.04998016357422,1.5999995470046997,-20.149978637695312,1.6499994993209839,3,straight,51.52550902013916,185.491832472501
525.5468468822045,-77.29747009277344,577.2607269287109,2.5150299072265625,-77.46307035410862,576.704420641425,0.5804309879978309,2.8522672979821126,0.0014233039369703493,702.5906231444875,-0.048609746743313864,20.949990391731262,-19.349990844726562,1.5999995470046997,-19.449989318847656,1.6499994993209839,3,straight,49.4837046576647,178.14133676759295
533.9287638165323,-85.34532165527344,579.6035003662109,2.509613037109375,-85.52262354383693,578.9801417410517,0.6480832780195431,2.8644807631626823,0.001210557342223445,826.0657840158882,-0.01954421416815455,20.549995064735413,-19.04999542236328,1.4999996423721313,-19.099994659423828,1.7499994039535522,3,straight,47.44850434900267,170.81461565640961
541.9260272786919,-93.04800415039062,581.7540588378906,2.5114898681640625,-93.23717463500724,581.0687024189207,0.7109844536088278,2.8722805656628996,0.0012742633628636812,784.7671283216345,0.028254236044408798,19.899999976158142,-18.75,1.149999976158142,-18.799999237060547,1.949999213218689,3,straight,45.42177112357548,163.51837604487173
549.510511489984,-100.37060546875,583.7298889160156,2.51397705078125,-100.56647762365834,582.9860986696604,0.7691487708119957,2.884095578393231,0.0014415219768529886,693.7112413527799,0.03128400461351877,20.085994243621826,-17.93599510192871,2.1499991416931152,-18.500003814697266,2.1999990940093994,3,straight,43.41231593666564,156.28433737199632
556.7181944653875,-107.3489990234375,585.5334167480469,2.5161285400390625,-107.55084247616203,584.7359627196289,0.8226017911771297,2.8936892410885333,0.0013938312205916958,717.446980112477,0.024400510107000506,19.386993408203125,-16.936994552612305,2.4499988555908203,-18.200008392333984,2.4999988079071045,3,straight,41.41243094510507,149.08475140237826
563.5367905979459,-113.96719360351562,587.1743774414062,2.5174407958984375,-114.17258869416938,586.3277085553483,0.8712263459533663,2.903598295073834,0.002703350986398262,369.91127124499786,0.010796839430821104,18.63799262046814,-15.937994003295898,2.699998617172241,-17.850013732910156,2.8499984741210938,3,straight,39.427239707479465,141.93806294692607
569.9444334412606,-120.21163940429688,588.6113128662109,2.5176239013671875,-120.40511438643517,587.717384389348,0.91462598391907,2.9284478951946364,0.005046991857799499,198.13782708102138,0.0015163949559443557,18.188992500305176,-14.938994407653809,3.249998092651367,-17.45001983642578,3.2999980449676514,4,left,37.465947276113354,134.8774101940081
575.9814698414152,-126.13418579101562,589.7814636230469,2.51763916015625,-126.30090419791959,588.8441505019968,0.952024639436007,2.9655651611428335,0.007407761621924858,134.99354474910285,-0.048738324757133245,17.789992332458496,-13.939994812011719,3.8499975204467773,-16.900028228759766,3.9499974250793457,4,left,35.51914635888539,127.86892689198741
581.6722153393974,-131.7586669921875,590.6473541259766,2.512237548828125,-131.8831883028386,589.6730436446068,0.982235445763049,3.0144772178173955,0.010203354436123246,98.00698449322407,-0.15035291139453288,17.69099521636963,-12.940995216369629,4.75,-16.20003890991211,4.800000190734863,4,left,33.58083679203411,120.89101245132281
587.0707559551597,-137.13209533691406,591.1673431396484,2.50128173828125,-137.1960838046594,590.1656774365988,1.0037074796325887,3.077797281364173,0.013169384995061428,75.93369017421877,-0.20990707578669998,17.690995693206787,-11.941995620727539,5.749000072479248,-15.300040245056152,5.950004577636719,4,left,31.632463762126967,113.87686954365708
592.2215112995273,-142.2810516357422,591.3030090332031,2.4901275634765625,-142.26977382255845,590.2883959425193,1.0146757673548668,-3.1304777282480756,0.01467167333004682,68.15855134615438,-0.11419155627251931,17.690996170043945,-10.94299602508545,6.748000144958496,-14.150035858154297,7.550010681152344,4,left,29.654422805164405,106.75592209859185
597.1022670997322,-147.1558380126953,591.0616912841797,2.489288330078125,-147.07150281321492,590.0518053895142,1.013401177281516,-3.0582763413898175,0.017166909788668305,58.25160219925483,-0.075291881389844,17.690996646881104,-9.94399642944336,7.747000217437744,-12.750030517578125,9.500018119812012,4,left,27.649801421060207,99.53928511581675
601.6853447822125,-151.70155334472656,590.4777069091797,2.48333740234375,-151.53045740716902,589.4940142810417,0.9984613194820208,-2.9693831318982173,0.02090828810970119,47.82792329784341,-0.3017729798835911,17.690996170043945,-8.94499683380127,8.745999336242676,-11.290000915527344,11.90002727508545,4,left,25.625073377696197,92.2502641597063
606.0268234441846,-155.9375,589.5265045166016,2.463165283203125,-155.6797750027692,588.5923772034672,0.9690283852091922,-2.872390637198343,0.024180933482977562,41.35489643954239,-0.5730696172996208,17.690996646881104,-7.945997714996338,9.744998931884766,-9.700018882751465,13.6000337600708,4,left,23.82801278404,85.780846022544
610.1953789795724,-159.88978576660156,588.2015533447266,2.4349365234375,-159.5489250690036,587.341580527172,0.9250617612352207,-2.764226259875215,0.02543164278150417,39.32109335568665,-0.7316501776415629,17.690996170043945,-6.94699764251709,10.743998527526855,-8.150012969970703,16.710304260253906,4,left,23.234704220608496,83.64493519419058
614.2592106575895,-163.58558654785156,586.5119476318359,2.403045654296875,-163.18607831558685,585.7420693868916,0.8673634415202843,-2.6629207795793652,0.01695273101185335,58.987545977152585,-1.0225572476762257,17.690995693206787,-5.947997570037842,11.742998123168945,-6.600007057189941,20.773012161254883,4,left,25.209078920890892,90.75268411520722
618.2457112677786,-167.0822296142578,584.5980072021484,2.3529815673828125,-166.68940105249214,583.9039947239121,0.797475766958847,-2.62652931973024,0.011414187041840329,87.61026924951882,-0.8392579611175677,17.69099521636963,-4.948997497558594,12.741997718811035,-5.100001335144043,24.75819969177246,4,left,26.49877992093676,95.39560771537234
622.1911934811545,-170.46499633789062,582.5673828125,2.3361358642578125,-170.07842816301496,581.9629831166594,0.7174496122786953,-2.5725701756705117,0.019596632220685306,51.02917627572996,-0.2092409635190473,17.69099473953247,-3.9499974250793457,13.740997314453125,-3.99999737739563,28.702646255493164,4,left,24.684501731724566,88.86420623420844
626.1371708725686,-173.67373657226562,580.2707061767578,2.3364715576171875,-173.28293101978122,579.7771344294448,0.6295570264862571,-2.471877424451804,0.026583889879813305,37.6167673173879,0.02951732851771971,16.089993953704834,-2.949998378753662,13.139995574951172,-2.9999983310699463,32.64762496948242,4,left,22.725586014408666,81.8121096518712
630.090274318422,-176.63096618652344,577.6473846435547,2.338470458984375,-176.2543639308687,577.2659519853879,0.536022510423253,-2.362566673115305,0.028687355506511802,34.85856337552647,0.050868709521723066,14.290995121002197,-2.1499991416931152,12.140995979309082,-2.2499990463256836,36.599727630615234,4,left,21.876563320989185,78.75562795556107
633.9967839458981,-179.2453155517578,574.74462890625,2.3404693603515625,-178.90290301923102,574.470156803583,0.43884083398640183,-2.2465018347054806,0.031980340243465966,31.2692107834692,0.48952601196147194,13.191995620727539,-2.049999237060547,11.141996383666992,-2.1499991416931152,36.599727630615234,4,left,20.719669116604916,74.59080881977769
637.828519788601,-181.43429565429688,571.5998992919922,2.375701904296875,-181.14372636780806,571.4238877064936,0.33972133945389693,-2.1154311321611234,0.03186171720395636,31.385627886868164,0.5086026887641926,13.142995119094849,-2.9999983310699463,10.142996788024902,-3.0499982833862305,32.7691535949707,4,left,20.758203554341062,74.72953279562782
641.5716812929055,-183.19198608398438,568.2950897216797,2.3797149658203125,-182.9740819749366,568.194111804912,0.24016398650636506,-2.004742003648872,0.03405204454727062,29.36681228088412,0.5593135879763456,13.142995595932007,-3.9989984035491943,9.143997192382812,-4.399998664855957,29.026992797851562,4,left,20.07949375646869,72.28617752328728
645.2507747544252,-184.497802734375,564.8557281494141,2.4166412353515625,-184.3621760714128,564.8148916339665,0.14164114056364385,-1.8632574416791787,0.03630006489896076,27.548160114408752,1.2990163295942325,13.142996311187744,-4.9979987144470215,8.144997596740723,-5.950004577636719,25.349084854125977,4,left,19.447807849224375,70.01210825720776
648.8965561124429,-185.31753540039062,561.3037719726562,2.47467041015625,-185.27234561261722,561.2961120677965,0.04583438732509776,-1.7387055609095494,0.0303943453134653,32.900856711560095,0.9505080585254955,13.14299726486206,-5.9969987869262695,7.145998477935791,-7.550010681152344,21.70476531982422,4,left,21.25337763882694,76.51215949977698
652.6264030297539,-185.7466583251953,557.5987091064453,2.48565673828125,-185.79169245864645,557.6018179953945,-0.045141315512438815,-1.6397210313852264,0.02404842139617569,41.58277100712421,0.3471958242126538,13.14299726486206,-6.995998859405518,6.146998405456543,-9.050016403198242,17.975933074951172,4,left,23.226958236293946,83.6170496506582
656.4893531079989,-185.84571838378906,553.737060546875,2.5011749267578125,-185.9743094402612,553.7352587594565,-0.12860367896186517,-1.5567854805734311,0.020261981909412197,49.35351361336844,0.37251293163851895,13.14299726486206,-7.994998931884766,5.147998332977295,-10.300021171569824,14.114014625549316,4,left,25.107963426652415,90.3886683359487
660.4930543477792,-185.6266632080078,549.7393798828125,2.5148773193359375,-185.8271709676173,549.7212604119256,-0.20132480445496082,-1.4806731923705072,0.015923472972851793,62.80037035293227,0.25844094986735566,13.142996788024902,-8.993998527526855,4.148998260498047,-11.350025177001953,10.111336708068848,4,left,26.919152655043487,96.90894955815655
664.6494711768794,-185.1307830810547,545.6126556396484,2.522003173828125,-185.3878690667372,545.5756429884965,-0.25973667507622866,-1.4278089118934243,0.011250361460463099,88.88603299674222,0.07029050073192322,13.142996311187744,-9.992998123168945,3.149998188018799,-12.200028419494629,5.955925941467285,4,left,28.678668726050784,103.24320741378283
668.9950422942311,-184.41725158691406,541.3260650634766,2.5204620361328125,-184.7124410297382,541.2707605877468,-0.30032547709203683,-1.3855908854308134,0.009786747562004039,102.17899191375784,-0.03125245070350058,13.241996765136719,-10.991997718811035,2.2499990463256836,-12.900031089782715,2.2999989986419678,4,left,30.409591051076443,109.4745277838752
673.5422941123925,-183.4878692626953,536.8748016357422,2.5192413330078125,-183.79957343378447,536.8018021397697,-0.32013812126426533,-1.3407475632169277,0.008233418689947203,121.45623071749951,-0.029171058711213727,13.54099690914154,-11.990997314453125,1.5499995946884155,-13.400032997131348,1.6499994993209839,4,left,32.121132682330526,115.6360776563899
678.275583644719,-182.34519958496094,532.2815093994141,2.5177459716796875,-182.65174913607314,532.1996330026244,-0.31729540122470895,-1.3097985134878507,0.006331063398773928,157.95134829855908,0.018135004067693083,14.239996790885925,-12.989996910095215,1.2499998807907104,-13.700034141540527,1.2999998331069946,4,left,33.81079232873931,121.71885238346152
683.2063916891141,-181.00009155273438,527.5377197265625,2.5211944580078125,-181.27923175623715,527.4540712811341,-0.29140404189741953,-1.279647240833217,0.005172356445433457,193.33547688556436,0.0014738292836907751,14.800033926963806,-13.650033950805664,1.149999976158142,-13.700034141540527,1.1999999284744263,4,left,35.48550378390729,127.74781362206625
688.3416027715634,-179.46542358398438,522.6371917724609,2.517608642578125,-179.69737660471216,522.5622075046614,-0.24377211539093496,-1.2581267680205137,0.0033304196870844183,300.262457574961,-0.017081815325742378,14.900033831596375,-13.650033950805664,1.2499998807907104,-13.700034141540527,1.2999998331069946,5,straight,37.14946973276716,133.73809103796177
693.6787476954299,-177.77772521972656,517.5739135742188,2.519622802734375,-177.94581311413785,517.5171509035437,-0.17741347476952635,-1.2451241984465007,0.002060546996827728,485.30802817869676,0.04408672044387274,14.900032877922058,-13.450033187866211,1.4499996900558472,-13.500033378601074,1.5499995946884155,5,straight,38.803323709034366,139.6919653525237
699.2190204052698,-175.96749877929688,512.3377227783203,2.522430419921875,-176.05898278936772,512.3058827033574,-0.09686647754661329,-1.235868869881663,0.0012514197000793037,799.0924227392529,0.058404722305854806,14.900031685829163,-13.200032234191895,1.699999451637268,-13.250032424926758,1.8499993085861206,5,straight,40.44865347271762,145.61515250178346
704.962615221002,-174.060546875,506.91993713378906,2.5262451171875,-174.06798103448023,506.9173105803484,-0.007884510774548926,-1.2311769106114474,0.0007233674073609531,1382.4233575138257,0.07747967406517287,15.000030040740967,-12.850030899047852,2.1499991416931152,-12.900031089782715,2.2999989986419678,5,straight,42.086513108064345,151.51144718903166
710.900250649759,-172.07177734375,501.3252716064453,2.531524658203125,-171.9936651068326,501.35319670638404,0.08295379896562816,-1.2274559611799811,0.00037353509996845835,2677.124586376062,0.10352292364608218,15.05002737045288,-12.300028800964355,2.7499985694885254,-12.350028991699219,2.8499984741210938,5,straight,43.7152437433566,157.37487747608378
717.0249018842527,-170.00718688964844,495.55909729003906,2.538787841796875,-169.84837857774102,495.6159945671468,0.16869315360489023,-1.226767395403254,-0.0005098572161802983,1961.333424859039,0.2936614607892102,15.100023984909058,-11.60002613067627,3.499997854232788,-11.650026321411133,3.5499978065490723,5,straight,45.334005801496005,163.20242088538564
723.3389264046967,-167.89959716796875,489.60728454589844,2.5687255859375,-167.67070946094103,489.6874168943036,0.24250933113869816,-1.2340372408534839,-0.0013918281572400937,718.4795010778745,0.16187824325675781,15.347009658813477,-10.997011184692383,4.349998474121094,-11.100024223327637,4.399998664855957,5,straight,46.944421506311734,168.99991742272223
729.8108714792108,-165.79135131835938,483.4883575439453,2.5584869384765625,-165.50879695093215,483.5839275148955,0.29827938229052386,-1.2446401608314177,-0.0020889156812731735,478.7172641599923,-0.19621793445375457,15.298013687133789,-9.998011589050293,5.300002098083496,-13.075011253356934,5.350002288818359,5,straight,48.53969665086737,174.74290794312253
736.4642644765579,-163.71426391601562,477.1675109863281,2.5428314208984375,-163.39879664127147,477.26827712865514,0.33116977047122825,-1.2616207880995318,-0.002562914372867764,390.1808076721087,-0.08132340669717575,15.099017143249512,-8.999011993408203,6.100005149841309,-13.075011253356934,6.250005722045898,5,straight,50.12680064005747,180.4564823042069
743.1924927287984,-161.725341796875,470.73997497558594,2.5478363037109375,-161.40148447719162,470.8372740278225,0.33815775767921386,-1.2789377265808737,-0.0027149810665724194,368.32669380728663,0.06243481156081032,15.09901762008667,-8.000012397766113,7.099005222320557,-8.050012588500977,7.200009346008301,5,straight,51.68221602663403,186.05597769588252
750.0561460606981,-159.8128204345703,464.1481628417969,2.5512847900390625,-159.5061687120994,464.2337695894007,0.3183768115451814,-1.298561120140083,-0.0032213985696131764,310.4241770741456,0.008776978212846065,15.050021171569824,-7.050008773803711,8.000012397766113,-7.100008964538574,8.050012588500977,5,straight,52.63449400777551,189.48417842799182
757.0814747188983,-158.0114288330078,457.3577117919922,2.548919677734375,-157.7465227158785,457.4245070058317,0.27319745878097523,-1.3237982252898202,-0.0036494233571920387,274.0158929572441,-0.03469796999089336,15.050021171569824,-6.250005722045898,8.800015449523926,-6.300005912780762,8.850015640258789,5,straight,51.03961309775282,183.74260715191016
764.251691712519,-156.35324096679688,450.3818664550781,2.546356201171875,-156.15220916644407,450.4269082406996,0.20601589066151677,-1.3503833990096052,-0.0036915153977934434,270.8914611592132,-0.03852477402743193,15.049017429351807,-5.348998546600342,9.700018882751465,-5.450002670288086,9.750019073486328,5,straight,49.35872936791551,177.69142572449584
771.558110402794,-154.84939575195312,443.2318878173828,2.5433349609375,-154.7298731430476,443.25531615644,0.1217971309619536,-1.377234492068638,-0.004277702036673436,233.77037283729373,-0.04812952242223001,15.049016952514648,-4.349998474121094,10.699018478393555,-4.399998664855957,10.750022888183594,6,right,47.584877711070774,171.3055597598548
778.891220193044,-153.5687255859375,436.011474609375,2.539306640625,-153.54258050511444,436.0156337435513,0.02647382949895412,-1.413039172101979,-0.005082213862178442,196.76464373960044,-0.06894669590788993,15.000023603439331,-3.499997854232788,11.500025749206543,-3.5999977588653564,11.550025939941406,6,right,45.73542180934411,164.6475185136388
786.1188156010503,-152.5759735107422,428.8523864746094,2.5333251953125,-152.64913350933608,428.84359435311904,-0.07368640847916608,-1.451193289752232,-0.005410039028217961,184.8415500857107,-0.07727580614090013,15.00002670288086,-2.8499984741210938,12.150028228759766,-2.899998426437378,12.200028419494629,6,right,43.836291034479736,157.81064772412705
793.0697483647316,-151.87606811523438,421.93678283691406,2.5283203125,-152.04815282447373,421.92279229360327,-0.17265249044287867,-1.4896744164835016,-0.005867370786833692,170.43408987275657,-0.06194696469483674,14.950028896331787,-2.349998950958252,12.600029945373535,-2.399998903274536,12.650030136108398,6,right,41.928791255781704,150.94364852081415
799.6824444572984,-151.47732543945312,415.33612060546875,2.5248565673828125,-151.74220654552755,415.3254563421494,-0.26509569379255915,-1.5305574923750795,-0.006220728246310481,160.75288300740365,-0.03523882509601506,14.43899667263031,-1.949999213218689,12.488997459411621,-1.9999991655349731,13.000031471252441,6,right,40.029831194299426,144.10739229947794
805.944396412115,-151.34310913085938,409.0756072998047,2.5236663818359375,-151.6898507082012,409.07524033594206,-0.34674177152452335,-1.5697380062771824,-0.006238226861670637,160.30196114608657,-0.002584494544580207,13.289997220039368,-1.7999993562698364,11.489997863769531,-1.8499993085861206,13.050031661987305,6,right,38.144545281253805,137.3203630125137
811.8532870185276,-151.4445343017578,403.16758728027344,2.5244293212890625,-151.85886917627414,403.18238468694386,-0.41459902494414724,-1.6064947948778223,-0.007557186098336666,132.32438463042476,0.03485124195925504,12.44099748134613,-1.949999213218689,10.490998268127441,-4.746158599853516,13.050031661987305,6,right,36.27581731342135,130.59294232831687
817.4290264022173,-151.77557373046875,397.6016845703125,2.52752685546875,-152.24095292497424,397.6412753264898,-0.4670601916811742,-1.6556640214123175,-0.011046069714910178,90.52993741748547,0.08707405608400776,11.79199767112732,-2.2999989986419678,9.491998672485352,-10.320897102355957,12.750030517578125,6,right,34.419537223091375,123.91033400312895
822.7651807496538,-152.4170379638672,392.3042297363281,2.533782958984375,-152.9148496093222,392.3821100981473,-0.5038668327124944,-1.725983845081391,-0.012963026273037304,77.14248038515275,0.13996731027369202,11.442997455596924,-2.949998378753662,8.492999076843262,-15.656046867370605,12.200028419494629,6,right,32.544016767705266,117.15846036373895
827.8783334441833,-153.37135314941406,387.2809295654297,2.54205322265625,-153.8845624892603,387.3959174464406,-0.5259334932144909,-1.7912125372005505,-0.013231800700727991,75.57550348721483,0.11701401236050013,11.44299840927124,-3.94899845123291,7.49399995803833,-20.768192291259766,11.400025367736816,6,right,32.211791564302246,115.96244963148808
832.7730608687366,-154.60055541992188,382.5430603027344,2.545684814453125,-155.11366135359114,382.69472972943674,-0.5350526274702734,-1.8582031505520815,-0.012457846840647213,80.27069306529118,0.019446036851589188,11.44299840927124,-4.947998523712158,6.494999885559082,-25.66191864013672,10.300021171569824,6,right,32.08441755830193,115.50390320988694
837.5080190672653,-156.07139587402344,378.04234313964844,2.544097900390625,-156.57424666040848,378.220654346509,-0.5335295679342653,-1.9115638113286548,-0.012930318138519137,77.33761762759895,-0.12090748007212992,11.44299840927124,-5.946998596191406,5.495999813079834,-30.395877838134766,8.950016021728516,6,right,30.297987776306684,109.07275599470407
842.053008921277,-157.72523498535156,373.80894470214844,2.5347900390625,-158.20630577135637,374.0161946371021,-0.5238145059900242,-1.977577487413433,-0.015414766291044768,64.87286158733082,-0.26888924427717065,11.44299840927124,-6.945998668670654,4.496999740600586,-34.939857482910156,7.350009918212891,6,right,28.47801544856673,102.52085561484023
846.5138622386038,-159.63482666015625,369.7775115966797,2.519989013671875,-160.08572339561985,370.01193364373313,-0.5081944137792878,-2.050238356774359,-0.01905015209978611,52.49301920330745,-0.1767701290724788,11.44299840927124,-7.944998741149902,3.497999668121338,-39.39968490600586,5.450002670288086,6,right,26.570790327845604,95.65484518024418
850.8995446874029,-161.8461456298828,365.99012756347656,2.5189208984375,-162.25619302470145,366.25579715317934,-0.48858898564169395,-2.145693654677218,-0.022776437951679662,43.90502158948232,-0.02315615116793568,11.442997932434082,-8.943998336791992,2.49899959564209,-39.39968490600586,3.149998188018799,6,right,24.551693464172597,88.38609647102135
855.2036626783267,-164.37908935546875,362.51023864746094,2.517974853515625,-164.74261833394243,362.80253156299574,-0.46646378922908427,-2.2479976306834533,-0.023464781249540156,42.61706040918652,-0.01544758376944566,11.442997574806213,-9.942997932434082,1.4999996423721313,-39.39968490600586,1.5499995946884155,6,right,24.18889897548974,87.08003631176307
859.4184437269228,-167.17079162597656,359.3525848388672,2.5175933837890625,-167.48720617930812,359.66239066446184,-0.44282933409202907,-2.34564152412758,-0.0267447875769537,37.39046336123125,0.1341709007893932,12.145002365112305,-9.646002769470215,2.49899959564209,-35.1859016418457,2.7499985694885254,6,right,22.65712388036014,81.5656459692965
863.5521086549511,-170.24343872070312,356.58746337890625,2.5289459228515625,-170.5034945417309,356.91511017107655,-0.4183078417504373,-2.4707002001450715,-0.02739357777902296,36.50490666340652,0.18533068275337072,12.145002841949463,-8.647003173828125,3.497999668121338,-31.053251266479492,5.850004196166992,6,right,22.387210190262067,80.59395668494345
867.6574742868834,-173.5903778076172,354.21006774902344,2.5329132080078125,-173.80260632876002,354.5411057575379,-0.3932265355589165,-2.5714993736081575,-0.023494308825180832,42.56349941770646,0.0776254466195947,12.145003318786621,-7.648003578186035,4.496999740600586,-26.94888687133789,8.300013542175293,6,right,24.17369392936279,87.02529814570605
871.8131720420108,-177.20034790039062,352.1514434814453,2.53533935546875,-177.36914105214933,352.4781240106428,-0.36771088675395563,-2.6646809457084975,-0.02270865235484859,44.03607860007981,-0.14914540730342485,12.145003318786621,-6.649003505706787,5.495999813079834,-22.794189453125,10.150020599365234,6,right,24.588309707762786,88.51791494794602
876.0590524710327,-181.06082153320312,350.3839569091797,2.5200042724609375,-181.18735083832073,350.7014339173132,-0.34176207476389964,-2.7623400445396413,-0.022533375434079073,44.378615308899434,-0.2078693063816306,12.145003318786621,-5.650003433227539,6.494999885559082,-18.549335479736328,11.60002613067627,6,right,24.683755122481383,88.86151844093298
880.406633461886,-185.1773681640625,348.9855651855469,2.517791748046875,-185.26552704404273,349.2883037703395,-0.31531355638728803,-2.858224402903092,-0.018505541504730272,54.037867508194026,-0.04566852583505199,12.24399995803833,-4.75,7.49399995803833,-14.20275592803955,12.700030326843262,6,right,26.676061539217326,96.03382154118238
884.87425379123,-189.50791931152344,347.8874053955078,2.5159912109375,-189.56997983813704,348.1689136646374,-0.2882679561655925,-2.9246062912014916,-0.011680961985807703,85.6093874130396,-0.020273580888946485,12.340998649597168,-3.8479995727539062,8.492999076843262,-9.736136436462402,13.6000337600708,6,right,28.57904814039012,102.88457330540444
889.4706290755937,-194.01589965820312,346.9903106689453,2.5160064697265625,-194.06211001580735,347.2466978964539,-0.2605183440363881,-2.963270567323714,-0.00820815855464685,121.83000527370105,0.00048347151054839443,12.34099817276001,-2.848999500274658,9.491998672485352,-5.140761375427246,14.400036811828613,6,right,30.412860724511088,109.48629860823992
894.2351889312165,-198.72035217285156,346.2358856201172,2.5160369873046875,-198.75277101462797,346.4655680313453,-0.2319590294204509,-3.0013725428898836,-0.008366594640777603,119.52294128439557,0.0001757228934751165,12.340997576713562,-1.8499993085861206,10.490998268127441,-2.1999990940093994,15.1000394821167,6,right,32.20373561604388,115.93344821775797
899.1920889965386,-203.64199829101562,345.645751953125,2.516021728515625,-203.661576912828,345.84729134605647,-0.2024881461598583,-3.044751144627703,-0.008183797078753385,122.19266807044625,0.09696121431448101,12.939997553825378,-1.4499996900558472,11.489997863769531,-1.5999995470046997,15.600041389465332,6,right,33.9668366099858,122.28061179594887
904.3301602981476,-208.7645721435547,345.2471160888672,2.52618408203125,-208.77451097758248,345.4188342789645,-0.1720055732589096,-3.0837784052663495,-0.007493243055742782,133.45356510671374,0.18890099326332732,13.638997435569763,-1.149999976158142,12.488997459411621,-1.1999999284744263,15.950042724609375,6,right,35.70259696326429,128.52934906775144
909.6364351231529,-214.06695556640625,345.0441589355469,2.5357208251953125,-214.06956915190784,345.184548482535,-0.1404138730065384,-3.1229781364741025,-0.007161251572559257,139.6403952392674,0.08156137612840286,14.437997221946716,-0.9500001668930054,13.487997055053711,-1.0000001192092896,17.935190200805664,6,right,37.41074313551684,134.6786752878606
915.1268710826193,-219.55738830566406,345.0500030517578,2.5346221923828125,-219.55529859329275,345.1576014762305,-0.10761871513266195,3.122173691826675,-0.006099210107611053,163.95565693861323,-0.07995906043608281,15.436996817588806,-0.9500001668930054,14.4869966506958,-1.0000001192092896,23.42462730407715,6,right,39.09969799213525,140.7589127716869
920.8030909523029,-225.22996520996094,345.253173828125,2.5265655517578125,-225.22635024683206,345.3266187076268,-0.07353379007948109,3.0924122591762324,-0.0036311637331098434,275.39380581540684,-0.1606256974141851,16.635996222496033,-1.149999976158142,15.48599624633789,-1.1999999284744263,29.099842071533203,7,straight,40.772314956110385,146.7803338419974
926.6710129364511,-231.08843994140625,345.5858459472656,2.5160064697265625,-231.0861288698671,345.6238671014337,-0.038091327305995085,3.080883512494343,-0.0003776549574828758,2647.919695441423,-0.09166184829756674,17.984996438026428,-1.4999996423721313,16.484996795654297,-1.5499995946884155,31.39980697631836,7,straight,42.43216756167773,152.75580322203984
932.7299707681593,-237.13682556152344,345.94361877441406,2.5159759521484375,-237.13675885034993,345.94487467311166,-0.0012576692408395747,3.088524251944675,0.001178471484519522,848.5568069622939,0.26569403799244495,17.44903814792633,-1.4999996423721313,15.9490385055542,-1.5499995946884155,31.39980697631836,7,straight,44.080519882949055,158.6898715786166
938.9855720461504,-243.38494873046875,346.2475280761719,2.5497894287109375,-243.38665624725448,346.2106189745116,0.03694857776616951,3.095362859199264,0.0008543932900511586,1170.4211768097136,1.0872277952477138,16.350038647651672,-1.399999737739563,14.95003890991211,-1.4499996900558472,25.145296096801758,7,straight,45.72005921481089,164.5922131733192
945.4103773214161,-249.8024444580078,346.53501892089844,2.6557159423828125,-249.80567814807804,346.45864732801124,0.07644002192304594,3.099276400053787,0.0014256577543815263,701.4306182017832,1.7306313700092808,16.00003755092621,-1.3499997854232788,14.65003776550293,-1.399999737739563,18.72236442565918,7,straight,47.3448811865893,170.44157227172147
951.989782007577,-256.37669372558594,346.7664489746094,2.7751007080078125,-256.3799045707085,346.6494425749843,0.11705044672973755,3.1141579190006095,0.0024953575398904138,400.74417553963673,1.969517353983069,15.950036406517029,-1.5499995946884155,14.400036811828613,-1.5999995470046997,14.550037384033203,7,straight,48.952940464179996,176.23058567104798
958.7271460101721,-263.1114807128906,346.88543701171875,2.918487548828125,-263.1129093328297,346.7269082228742,0.15853522588825963,3.132581159349901,0.0018783984086962469,532.3684237435427,2.339124005432891,16.100035786628723,-1.7999993562698364,14.300036430358887,-1.8499993085861206,14.400036811828613,7,straight,48.00832336791525,172.82996412449492
965.5603880446374,-269.9424285888672,346.91566467285156,3.0929412841796875,-269.9428516318458,346.7150811388792,0.2005839800836471,3.139483595368445,0.0009173386995225408,1090.1099021773343,2.541259049443351,16.05003559589386,-1.7999993562698364,14.250036239624023,-1.8499993085861206,14.400036811828613,7,straight,46.30304743107977,166.69097075188716
972.3974464964982,-276.7772979736328,346.9112548828125,3.2658843994140625,-276.77644119804035,346.6684120673961,0.24284432680996781,-3.1380645605880297,0.0008515851289470355,1174.2807219243905,2.6018449120203653,16.05003559589386,-1.7999993562698364,14.250036239624023,-1.8499993085861206,14.400036811828613,7,straight,44.53151094634186,160.3134394068307
979.1503913891734,-283.5276794433594,346.8662567138672,3.4464111328125,-283.5249839833537,346.5813165405583,0.28495292219931123,-3.1321331955705545,0.0001967734048507197,5081.987582410543,2.6816452927998116,15.95003592967987,-1.6499994993209839,14.300036430358887,-1.699999451637268,14.450037002563477,7,straight,42.70969944038425,153.7549179853833
985.6806051825724,-290.0552978515625,346.8111267089844,3.6220550537109375,-290.05319461165334,346.48456498161596,0.32656850031800877,-3.13515218414022,-0.0009886885760938546,1011.4408360525767,2.6385528447274598,15.487996220588684,-1.5999995470046997,13.887996673583984,-1.6499994993209839,14.50003719329834,7,straight,40.87081569598373,147.13493650554142
991.9366366083217,-296.30921936035156,346.7988739013672,3.7840576171875,-296.3102846548662,346.43147742247265,0.36739802334320176,3.1386930843495775,-0.0016005665985047157,624.7787508087584,2.49808094427984,14.488996624946594,-1.5999995470046997,12.888997077941895,-1.6499994993209839,14.50003719329834,7,straight,39.02796267113994,140.5006656161038
997.9209153533218,-302.29156494140625,346.8470764160156,3.928314208984375,-302.29689680446035,346.4398929794785,0.4072183440782409,3.1284989030517565,-0.0028593414997739597,349.73087337733295,2.2845950980626584,13.539996981620789,-1.6499994993209839,11.889997482299805,-1.699999451637268,14.450037002563477,7,straight,37.17978113287813,133.84721207836125
1003.5456624527657,-307.91351318359375,346.9760437011719,4.0501556396484375,-307.9292440600641,346.53043798055734,0.44588330168209417,3.1063050758738546,-0.005559761136897157,179.863842236591,2.0130130986011574,12.690997242927551,-1.7999993562698364,10.890997886657715,-1.8499993085861206,14.35003662109375,8,right,35.354664506201914,127.27679222232689
1008.8644609426882,-313.2237243652344,347.2613525390625,4.1495208740234375,-313.25896364944896,346.77932467840486,0.48331425139565787,3.0686161548292374,-0.008873714761009843,112.69237595892685,1.691619129133437,11.991997480392456,-2.099999189376831,9.891998291015625,-2.1499991416931152,14.100035667419434,8,right,33.537580023597656,120.73528808495156
1013.9024386102088,-318.2364807128906,347.7589416503906,4.226318359375,-318.30187106097077,347.2436008264193,0.5194728698146586,3.0153795562665735,-0.012639716418496538,79.11569903076571,1.336425859283047,11.492997407913208,-2.599998712539673,8.892998695373535,-2.649998664855957,13.650033950805664,8,right,31.720586895194067,114.19411282269864
1018.7544270608553,-323.0242919921875,348.5434875488281,4.282379150390625,-323.13290963578385,347.9999203965553,0.5543131258868359,2.9443665408235646,-0.015391613028285622,64.97044839694647,1.105821506954846,11.293997526168823,-3.3999979496002197,7.8939995765686035,-3.449997901916504,13.000031471252441,8,right,29.866359451407547,107.51889402506717
1023.5161839313936,-327.6539306640625,349.65625,4.3327178955078125,-327.81298370038553,349.09047102921164,0.5877105683496866,2.8675436262445633,-0.016984200163164986,58.878250985806275,0.9357866499048462,11.293997287750244,-4.398997783660889,6.8949995040893555,-4.699999809265137,12.100028038024902,8,right,28.43163308784671,102.35387911624815
1028.1889486527689,-332.0953369140625,351.1078643798828,4.370880126953125,-332.3119671647114,350.527613994759,0.6193699822662866,2.784278767028405,-0.01894549222528119,52.78300442706803,0.6608290700540642,11.293997287750244,-5.397997856140137,5.895999431610107,-6.845379829406738,10.85002326965332,8,right,26.919773968415658,96.91118628629637
1032.7734195710184,-336.31016540527344,352.9112091064453,4.3941650390625,-336.5918887800073,352.3268562989538,0.6487189402927835,2.692357753224442,-0.020636773654264917,48.457186997994434,0.37622565425786125,11.293997287750244,-6.396997928619385,4.896999359130859,-11.428791999816895,9.250017166137695,8,right,25.793094851596134,92.85514146574609
1037.3081701972758,-340.2922668457031,355.08070373535156,4.4053192138671875,-340.6423558438298,354.5038163184893,0.6748047112634695,2.5961454376481043,-0.020307540293437343,49.24279285183364,0.11185906995549999,11.293997287750244,-7.395998001098633,3.8979992866516113,-15.962529182434082,7.1500091552734375,8,right,26.001337818054825,93.60481614499737
1041.8995632580745,-344.1034393310547,357.6411437988281,4.4042205810546875,-344.5161207995463,357.0804118638369,0.6962228790806712,2.507131856632053,-0.01898395220462379,52.67607025245444,0.017065510559011177,11.293996810913086,-8.394997596740723,2.8989992141723633,-20.552921295166016,4.399998664855957,8,right,26.892491481410293,96.81296933307705
1046.5719975053998,-347.7393493652344,360.5757293701172,4.4069671630859375,-348.2089115791587,360.0416951598511,0.7111126566726724,2.42034729495475,-0.017551992260221472,56.973589389412254,0.030922116409531908,11.293996453285217,-9.393997192382812,1.8999992609024048,-25.224355697631836,1.9999991655349731,8,right,27.96798295444188,100.68473863599077
1051.3273728855659,-351.18016052246094,363.85816955566406,4.4070892333984375,-351.6945672166995,363.3583369432493,0.7172495294601732,2.3418260085541025,-0.016486813104892195,60.65453606089986,0.021564572144378014,12.742995738983154,-10.392996788024902,2.349998950958252,-29.978731155395508,2.399998903274536,8,right,28.857320188927332,103.8863526801384
1056.1993965274653,-354.4286346435547,367.48915100097656,4.409088134765625,-354.9775745286647,367.0353229131752,0.7122463974931875,2.261628140902713,-0.015036654332352822,66.50415563842569,0.1743967253578782,13.994001388549805,-10.645002365112305,3.3489990234375,-34.849754333496094,4.249998092651367,8,right,30.21681930726982,108.78054950617135
1061.2131243634144,-357.4861755371094,371.462646484375,4.424713134765625,-358.04975284398563,371.0579245723988,0.6938437913965827,2.193586892420237,-0.011489935453230765,87.03269083368244,0.28906434244606594,13.994001865386963,-9.646002769470215,4.347999095916748,-34.849754333496094,5.800004005432129,8,right,32.11010848387123,115.59639054193643
1066.3987303401352,-360.40380859375,375.74957275390625,4.4384918212890625,-360.95809978047384,375.3908626865636,0.6602360427095012,2.1451660912494015,-0.00860096468667132,116.26602787355617,0.258587852469927,13.994002342224121,-8.647003173828125,5.346999168395996,-29.665164947509766,8.669198036193848,8,right,33.95743337900909,122.24676016443273
1071.768186860026,-363.2174072265625,380.32281494140625,4.4519805908203125,-363.74333156516735,380.01305224572576,0.6103681983624096,2.1030788131897955,-0.007451671058361947,134.19808686775602,0.03735706291130292,13.99400281906128,-7.648003578186035,6.345999240875244,-24.296724319458008,14.037636756896973,8,right,35.76985596230055,128.77148146428198
1077.3290164819507,-365.93699645996094,385.17323303222656,4.441741943359375,-366.41629195501406,384.9156884135233,0.5441078957350571,2.0638678025538733,-0.00729475048436809,137.08488071564594,-0.2080730939632236,13.99400281906128,-6.649003505706787,7.344999313354492,-18.73690414428711,19.597455978393555,8,right,37.55478743265849,135.19723475757058
1083.0824745187429,-368.5483093261719,390.29994201660156,4.4283447265625,-368.9646428151432,390.09900859479745,0.462285424858838,2.0204484876373385,-0.007414576423707381,134.8694710061384,-0.2047127521413339,13.994002342224121,-5.650003433227539,8.343998908996582,-12.984461784362793,25.349899291992188,8,right,39.316347965290255,141.53885267504492
1089.0244699548575,-371.00938415527344,395.7082977294922,4.41790771484375,-371.3461162640962,395.5633803355104,0.36659182231839615,1.9772015852935534,-0.007272913034889583,137.49648802382276,-0.15748221597669532,14.091996192932129,-4.748997688293457,9.342998504638672,-7.04347562789917,25.749893188476562,8,right,41.05637324743091,147.80294369075128
1095.1497187966668,-373.3067626953125,401.3863830566406,4.4094085693359375,-373.54935330473273,401.2945474022718,0.25939157887686226,1.93268642895234,-0.007012806854071824,142.5962557944075,-0.08253315077222934,14.09199571609497,-3.749997615814209,10.341998100280762,-4.099997520446777,25.749893188476562,8,right,42.77603763748145,153.99373549493322
1101.450034117059,-375.41029357910156,407.3251647949219,4.4078521728515625,-375.54656356402205,407.2801034949544,0.14352710386886092,1.8901539494212787,-0.0069183512465751384,144.54310924080937,-0.013912606664412408,14.990995407104492,-3.6499977111816406,11.340997695922852,-3.699997663497925,19.450576782226562,8,right,44.475536706501565,160.11193214340562
1107.9208552056643,-377.2969207763672,413.5148468017578,4.4076690673828125,-377.3182824055136,413.50885475627706,0.022186117479935867,1.8442733284530128,-0.007063312782195019,141.57662712045956,0.00015967519861881385,15.600025415420532,-3.5999977588653564,12.000027656555176,-3.6499977111816406,12.980755805969238,8,right,44.087973445047304,158.7167044021703
1114.550295460741,-378.9346466064453,419.9388122558594,4.4078826904296875,-378.8361075624167,419.96155579497423,-0.10112967798595565,1.7976314000367495,-0.007104264338209765,140.76052809881713,0.026716695822481817,15.150022745132446,-3.799997568130493,11.350025177001953,-3.8499975204467773,11.400025367736816,8,right,43.96072026289345,158.25859294641643
1121.279652974493,-380.2840118408203,426.531494140625,4.411285400390625,-380.0650052254786,426.571020659421,-0.22254492411993979,1.7493550680510332,-0.006538730583682317,152.93488349184213,0.13430534699233054,15.245001792907715,-4.399998664855957,10.845003128051758,-4.44999885559082,10.950023651123047,8,right,43.79396618165645,157.65827825396323
1128.0109624183344,-381.3421936035156,433.17909240722656,4.42596435546875,-381.00772460477197,433.22582460853596,-0.33771794408913575,1.7096182056412945,-0.004481282974270612,223.15038031329928,0.11735220037329963,14.996005058288574,-5.150001525878906,9.846003532409668,-5.2000017166137695,10.100020408630371,8,right,41.94619939997182,151.00631783989854
1134.6571840786823,-382.18743896484375,439.77134704589844,4.427154541015625,-381.74872628338625,439.8235212744768,-0.44180421795110986,1.689166104512909,-0.002451883171050495,407.84977514713955,-0.04425798335676023,14.996005535125732,-6.149001598358154,8.847003936767578,-6.200005531311035,9.150016784667969,8,right,40.03821220975175,144.1375639551063
1141.0691464201013,-382.9092559814453,446.1425476074219,4.42047119140625,-382.3826906976729,446.1988488006267,-0.5295666364402234,1.6773132305669873,-0.0015212967605112149,657.3339442752518,-0.19980584397635837,14.99600601196289,-7.148001670837402,7.848004341125488,-7.250009536743164,8.050012588500977,8,right,38.10704328288893,137.18535581840015
1147.1601593041846,-383.5222930908203,452.2026062011719,4.40277099609375,-382.9295296523854,452.2615685954982,-0.595688725669629,1.669940558651159,-0.00024472780787682114,4086.1723425534465,-0.027689379290479765,14.996005535125732,-8.147001266479492,6.84900426864624,-8.25001335144043,7.000008583068848,8,right,36.1771877315623,130.2378758336243
1152.9558563725059,-384.10699462890625,457.9687194824219,4.4156646728515625,-383.47508327617,458.03407030022703,-0.6352815809582203,1.6738476816980905,0.0009513647561386618,1051.1215530610318,0.18129062632066817,14.996005058288574,-9.146000862121582,5.850004196166992,-9.200016975402832,5.9000043869018555,8,right,34.24005867098617,123.26421121555022
1158.446958825343,-384.68849182128906,463.42893981933594,4.4234771728515625,-384.04787062938317,463.49951067620435,-0.6444965146205631,1.680513978630665,0.002902143794621337,344.57286432648215,0.09103480883489445,14.900020599365234,-10.000020027160645,4.90000057220459,-10.050020217895508,4.950000762939453,8,right,32.297728249935766,116.27182169976876
1163.6121391017914,-385.3103485107422,468.5565490722656,4.425689697265625,-384.69473202689835,468.63885568286753,-0.6210942225854521,1.7037060079548847,0.00753344356585256,132.741420475064,-0.008940512329891348,14.600019931793213,-10.650022506713867,3.9499974250793457,-10.70002269744873,4.099997520446777,9,left,30.357466523532903,109.28687948471845
1168.4915939179268,-386.0775909423828,473.37530517578125,4.4228668212890625,-385.5222870388643,473.47847611808066,-0.5648067533217548,1.7544936350108213,0.013172124579771183,75.9178972187774,-0.05841967368034329,14.200022459030151,-11.100024223327637,3.0999982357025146,-11.1500244140625,3.449997901916504,9,left,28.403047730006904,102.25097182802486
1173.0729268479513,-387.07550048828125,477.8466339111328,4.420166015625,-386.6136758494842,477.9674791702122,-0.47737362059711663,1.8267272056354782,0.01829233136189931,54.667717319120825,-0.013399923076695686,14.250022411346436,-11.100024223327637,3.149998188018799,-11.1500244140625,5.2725090980529785,9,left,26.436850261809017,95.17266094251246
1177.3787522325576,-388.3470764160156,481.9604187011719,4.4214324951171875,-388.00617640376885,482.0828958800752,-0.36223400958766594,1.9157107885947782,0.0229754130507126,43.524788772795716,0.0711137621783875,14.095000982284546,-10.795002937316895,3.2999980449676514,-11.1500244140625,9.5773344039917,9,left,24.44514916596403,88.0025369974705
1181.531554210203,-389.9562530517578,485.7887725830078,4.426055908203125,-389.75455756252165,485.8860974231046,-0.2239490899246674,2.0203733915904443,0.02381526073273646,41.98988250527108,0.0749809133181012,13.646000862121582,-9.796003341674805,3.8499975204467773,-10.70002269744873,13.729133605957031,9,left,24.01025018150463,86.43690065341667
1185.6141207925937,-391.9007110595703,489.3785400390625,4.4276580810546875,-391.8428325615539,489.41333137567625,-0.06753042007869242,2.11203151084881,0.021430410781037273,46.66266130954668,0.05262468376188156,13.64600133895874,-8.797003746032715,4.848997592926025,-9.950019836425781,17.810699462890625,9,left,25.31098857302441,91.11955886288789
1189.704372745696,-394.1553955078125,492.79124450683594,4.43035888671875,-394.2382892809595,492.7314747084622,0.10219494324177632,2.19550454649532,0.02080170874935522,48.072973814278434,0.055485083485484754,13.646001815795898,-7.798004150390625,5.847997665405273,-8.850015640258789,21.899951934814453,9,left,25.69063565033203,92.4862883411953
1193.818390839808,-396.70692443847656,496.01844787597656,4.4322052001953125,-396.91967917890435,495.8348688148407,0.28100863200622295,2.2827131247444017,0.021564829379994765,46.37180208472592,-0.0035197931482433553,13.646001815795898,-6.799004077911377,6.8469977378845215,-7.400010108947754,21.899951934814453,9,left,25.231980621422654,90.83513023712156
1197.96302644325,-399.5590057373047,499.0257110595703,4.4300384521484375,-399.88236176887176,498.69088232032254,0.46547761254116266,2.373623556419213,0.022183899520697548,45.07773753063574,-0.07573855899963844,13.646001815795898,-5.800004005432129,7.8459978103637695,-5.850004196166992,21.099964141845703,9,left,24.877424156385896,89.55872696298923
1202.139381837589,-402.6976013183594,501.7809143066406,4.4258880615234375,-403.1052204349567,501.2708999017433,0.6528920564828358,2.4673210364949214,0.02229088424705017,44.86138768282974,0.17378102402536566,14.244999885559082,-5.400002479553223,8.84499740600586,-5.450002670288086,16.924610137939453,9,left,24.81765296170754,89.34355066214715
1206.3594625857643,-406.11766052246094,504.2531433105469,4.4448699951171875,-406.57913187890347,503.55004305148714,0.8410147365574048,2.5607748536306083,0.021298553579122304,46.95154515000681,0.4373759738676153,16.24299955368042,-6.399002552032471,9.84399700164795,-6.500006675720215,12.705573081970215,9,left,25.38921657600801,91.40117967362885
1210.597014931884,-409.76210021972656,506.41522216796875,4.4628753662109375,-410.2495372591338,505.5104686780435,1.0277031404632395,2.6474267482659957,0.0216984990492311,46.0861370056578,-0.007973476518430278,16.345006942749023,-7.398002624511719,8.947004318237305,-8.600014686584473,9.850019454956055,9,left,25.15414203770718,90.55491133574586
1214.7760344460994,-413.53306579589844,508.21624755859375,4.4447021484375,-414.0025857479347,507.1005565205955,1.2104608534066,2.743256517185888,0.025309578027333413,39.510733798881866,-0.2854299520454351,16.345006942749023,-8.397002220153809,7.948004722595215,-10.150020599365234,8.850015640258789,9,left,23.290665783792587,83.84639682165331
1218.8759435161282,-417.3971252441406,509.5867462158203,4.4390106201171875,-417.7868058701518,508.25667963254386,1.385975507084146,2.8565901838784513,0.02770682271800179,36.09219325427293,-0.02094411491189163,16.345006465911865,-9.396001815795898,6.949004650115967,-11.1500244140625,7.100008964538574,9,left,22.260298959533806,80.1370762543217
1222.8936145556975,-421.3108367919922,510.4947814941406,4.44281005859375,-421.5782655198729,508.96831209429115,1.5497183464012574,2.968158473397544,0.026679575283443113,37.48185604066129,0.10862920407075372,16.345005989074707,-10.395001411437988,5.950004577636719,-11.800026893615723,6.000004768371582,9,left,22.6847971328291,81.66526967818476
1226.8996115812056,-425.2879943847656,510.9745788574219,4.447723388671875,-425.4081347650243,509.2831300303407,1.6957101301823028,3.0706836482174236,0.02367969208469789,42.23027885764665,0.06899719494468659,15.99100112915039,-10.590998649597168,5.400002479553223,-12.150028228759766,5.450002670288086,9,left,24.07888265312734,86.68397755125842
1230.9559614385882,-429.3430633544922,511.0765075683594,4.4483184814453125,-429.3116639255064,509.2602044844492,1.8165744732220876,-3.124306826229663,0.021188733538078708,47.19489242728356,-0.047016243694830706,14.942001342773438,-9.591999053955078,5.350002288818359,-12.150028228759766,5.400002479553223,9,left,25.454926999518747,91.63773719826749
1235.0837386254293,-433.4629669189453,510.82171630859375,4.44378662109375,-433.2682978821096,508.92771974375995,1.9039745327878588,-3.0391701638194224,0.020266789934551,49.34180515164818,-0.09371970466222068,14.1430025100708,-8.592999458312988,5.5500030517578125,-12.050027847290039,5.600003242492676,9,left,26.02746508760649,93.69887431538336
1239.284769905434,-437.6198272705078,510.21412658691406,4.4405364990234375,-437.2592575976319,508.2983142991296,1.9494479246760588,-2.9555616060558343,0.019921601021780977,50.19676876906958,-0.04626797511189107,13.794005393981934,-7.593999862670898,6.200005531311035,-11.60002613067627,6.250005722045898,9,left,26.251990389851862,94.5071654034667
1243.557103494752,-441.78045654296875,509.2435607910156,4.439910888671875,-441.25921505925254,507.36913746638766,1.9455476052402325,-2.870364338107976,0.019387266912774537,51.58024617389913,-0.011738639235236992,13.794005393981934,-6.59499979019165,7.199005603790283,-10.85002326965332,7.508851051330566,9,left,26.611298156944073,95.80067336499867
1247.8983266410542,-445.9107208251953,507.90672302246094,4.4395294189453125,-445.2584506750976,506.1360406987612,1.8870008585507354,-2.7886452771023147,0.01919367453227422,52.100497917608074,-0.001308282184864229,13.096010208129883,-5.595999717712402,7.5000104904174805,-9.750019073486328,11.849074363708496,9,left,26.745165676532938,96.28259643551858
1252.288910022179,-449.9604034423828,506.21046447753906,4.4398040771484375,-449.2076102020417,504.6066924684983,1.7716608929719129,-2.7027321808007922,0.02114093757065283,47.30159183612405,-0.00020612133472264205,13.047013759613037,-4.596999645233154,8.450014114379883,-8.25001335144043,16.238656997680664,9,left,25.483685326334104,91.74126717480277
1256.6578020112522,-453.8175811767578,504.1587829589844,4.43951416015625,-452.99712488649527,502.7840224271083,1.6009731553762812,-2.6035298431255964,0.023997682429502065,41.67069061513326,0.0008319372535536829,13.047013282775879,-3.5979995727539062,9.449013710021973,-6.300005912780762,20.606550216674805,9,left,23.918817474307865,86.10774290750831
1260.9521574662685,-457.37774658203125,501.75738525390625,4.4398651123046875,-456.5464489522022,500.6560403882768,1.379860957635891,-2.4950251553223013,0.024611450399657953,40.63149403067679,-0.3736300914384816,12.040998935699463,-2.598999500274658,9.441999435424805,-3.9499974250793457,24.899906158447266,9,left,23.618687036122715,85.02727333004178
1265.1966055004855,-460.6249542236328,499.0242614746094,4.407989501953125,-459.8655714649551,498.20630413608876,1.1161166524233175,-2.3933124695105414,0.025401747063786007,39.36737097211907,-0.47494229899899265,10.042999386787415,-1.5999995470046997,8.442999839782715,-1.699999451637268,24.899906158447266,9,left,23.24837284545359,83.69414224363292
1269.4457488693863,-463.5688018798828,495.9601287841797,4.3995513916015625,-462.9464788728674,495.4268850213205,0.8195333035874418,-2.279259583157545,0.025472349909706593,39.2582546779061,0.2785357960476298,8.244000375270844,-0.8000001311302185,7.444000244140625,-1.8999992609024048,27.54986572265625,9,left,23.21613121370404,83.57807236933454
1273.716772295189,-466.1754455566406,492.5769348144531,4.4319305419921875,-465.7634797983681,492.2917260004601,0.5010587326535545,-2.1763438629332774,0.019677121536078257,50.82044130115714,0.44840739759925974,8.244000315666199,-1.7990001440048218,6.445000171661377,-4.349998474121094,27.54986572265625,9,left,25.288562336374092,91.03882441094673
1278.0421907099394,-468.505859375,488.9329833984375,4.4377593994140625,-468.3581596208644,488.8444891751003,0.17218143028730087,-2.1105901724334886,0.011405142339304009,87.67974745513122,0.059322498084124486,8.244000434875488,-2.7980003356933594,5.446000099182129,-6.850008010864258,23.22545051574707,9,left,27.227086877473823,98.01751275890577
1282.4387108168917,-470.6878967285156,485.1161651611328,4.4369964599609375,-470.8237727406042,485.19156622289023,-0.15539501528443753,-2.077413232547622,-0.0005479968857161066,1824.827888744712,-0.14413210407491217,8.244000434875488,-3.7970004081726074,4.447000026702881,-9.100016593933105,18.82992935180664,9,left,27.82005904719771,100.15221256991175
1286.8214941542128,-472.8798522949219,481.32090759277344,4.425140380859375,-473.281821827565,481.56426116580263,-0.4698941015584568,-2.1151791750471034,-0.014712114595754389,67.9711943168645,-0.7272372244649605,8.244000434875488,-4.7960004806518555,3.447999954223633,-13.142512321472168,14.448163032531738,10,right,25.899858533855163,93.23949072187858
1291.1438839939656,-475.26560974121094,477.71693420410156,4.374237060546875,-475.8776331962639,478.16688972954563,-0.7596266743687785,-2.204753585986576,-0.024125826347506707,41.44935744774377,-0.9466221219875837,8.244000434875488,-5.7950005531311035,2.4489998817443848,-17.46360206604004,10.127073287963867,10,right,23.85521070334284,85.87875853203423
1295.3881131207365,-477.9903564453125,474.4629669189453,4.34368896484375,-478.73145439196423,475.15410868987726,-1.0133622817424932,-2.3213288660736646,-0.027841244653769026,35.91793443274183,0.19352758864804587,8.244000315666199,-6.794000625610352,1.4499996900558472,-21.706722259521484,5.883954048156738,10,right,22.2064958151165,79.9433849344194
1299.5825321306347,-481.02745056152344,471.57037353515625,4.3896636962890625,-481.815845906352,472.502724507189,-1.221001865190107,-2.439658967306806,-0.02519373607957942,39.69240595524623,1.1014116188931666,10.042999744415283,-7.7930006980896,2.2499990463256836,-25.899890899658203,2.2999989986419678,10,right,23.34415014528097,84.03894052301149
1303.783481836734,-484.36395263671875,469.01820373535156,4.4361572265625,-485.1499762172279,470.1457285784352,-1.3744618368245782,-2.5328001252504597,-0.02266953848023967,44.112058164380755,1.0582768273550314,12.04099988937378,-8.792000770568848,3.2489991188049316,-25.899890899658203,4.699999809265137,10,right,24.609512820793796,88.59424615485767
1308.0159391698578,-487.955322265625,466.7790222167969,4.4788818359375,-488.6731618632306,468.0601800917506,-1.468556838684359,-2.6308719174035087,-0.02191696251807851,45.626760513695096,1.3407641765633915,12.493996620178223,-8.245997428894043,4.24799919128418,-21.66864776611328,6.8000078201293945,10,right,25.02846258539024,90.10246530740487
1312.3152633414522,-491.79974365234375,464.8556365966797,4.550994873046875,-492.4147467471785,466.22554144071347,-1.5016218193551856,-2.7196217803795335,-0.019191332130076566,52.106857055160056,1.5430938291474683,12.493997573852539,-7.246998310089111,5.246999263763428,-17.370927810668945,8.350013732910156,10,right,26.74679782022475,96.2884721528091
1316.721819257458,-495.88926696777344,463.2156066894531,4.6129302978515625,-496.38688269821125,464.6048305939349,-1.4756573016668528,-2.7976341962157147,-0.01576751745286964,63.4215248525381,1.414594503894645,12.493997573852539,-6.247998237609863,6.245999336242676,-12.965807914733887,9.650018692016602,10,right,28.61998807499499,103.03195706998196
1321.2749337614352,-500.2236633300781,461.82289123535156,4.677764892578125,-500.6111530166403,463.1639809716628,-1.3959476845610634,-2.8603165691046346,-0.012937689917867312,77.2935513486818,1.7699564399599244,12.493997573852539,-5.248998165130615,7.244999408721924,-8.414155006408691,10.70002269744873,10,right,30.434612503757673,109.56460501352763
1326.0124085600191,-504.81146240234375,460.6457824707031,4.7786712646484375,-505.09371809024265,461.88429690721006,-1.2702701613386551,-2.9175210146042034,-0.010004128284611224,99.95873418958877,2.666701531508969,12.493996620178223,-4.249998092651367,8.243998527526855,-4.349998474121094,11.550025939941406,10,right,32.21438584878441,115.97178905562387
1330.919586513285,-509.6153869628906,459.65699768066406,4.9368133544921875,-509.81974388214053,460.74595610721286,-1.1079676011494648,-2.956087497751953,-0.0078073868848309025,128.0838281426678,3.5276491072045832,12.742995977401733,-3.499997854232788,9.242998123168945,-3.5499978065490723,12.300028800964355,10,right,33.95970847394463,122.25495050620067
1336.003453467565,-514.6256408691406,458.8174285888672,5.1322174072265625,-514.7594315451131,459.72673729870206,-0.9190986208012538,-2.995506329055947,-0.007845179120957113,127.46681555411061,4.144522582031107,13.091996192932129,-2.8499984741210938,10.241997718811035,-2.899998426437378,12.850030899047852,10,right,35.67794120905188,128.4405883525868
1341.2662664928894,-519.8422088623047,458.16197204589844,5.366729736328125,-519.9165309459921,458.87196417920023,-0.7138715581069744,-3.0372923676239423,-0.007409490352115189,134.96204900442712,4.988875831607581,13.690996170043945,-2.4499988555908203,11.240997314453125,-2.4999988079071045,13.150032043457031,10,right,37.373531352657565,134.54471286956723
1346.7050678656165,-525.2532958984375,457.70379638671875,5.6680145263671875,-525.2869210125272,458.2050430079835,-0.5023731915885448,-3.074610035968838,-0.005576804034970517,179.31417236992561,5.273405600329878,14.439996004104614,-2.1999990940093994,12.239996910095215,-2.2499990463256836,13.250032424926758,10,right,39.04853719826811,140.5747339137652
1352.2928626139624,-530.8255157470703,457.39434814453125,5.9474029541015625,-530.8382312503353,457.6885384470056,-0.2944649692123575,-3.098397504428631,-0.005060276760829263,197.61764963940885,5.6753309843313335,14.94099497795105,-2.099999189376831,12.840995788574219,-2.1499991416931152,13.250032424926758,10,right,40.697694910274805,146.5117016769893
1358.0753930857243,-536.5948486328125,457.26551818847656,6.3159942626953125,-536.5957583323849,457.3651830061039,-0.09966896922316203,-3.1324653172633417,-0.0029988903822775748,333.45666981016075,6.072271512604466,14.041995286941528,-2.1999990940093994,11.841996192932129,-2.2499990463256836,13.250032424926758,10,right,42.33674263440655,152.41227348386357
1363.986875877318,-542.4962921142578,457.21543884277344,6.656707763671875,-542.49564265168,457.14230656701164,0.07313515953179983,-3.1327122311181825,0.0010830773138861827,923.295121390648,6.159551594363122,13.192995548248291,-2.349998950958252,10.842996597290039,-2.399998903274536,13.150032043457031,10,right,43.699574818493076,157.31846934657509
1370.0848117201108,-548.5803833007812,457.1246337890625,7.057220458984375,-548.5755049799009,456.90843804499457,0.21625077518403332,-3.1190321114267805,0.003253629824755244,307.3490390306542,6.335054831596509,12.393995761871338,-2.5499987602233887,9.84399700164795,-2.599998712539673,12.900031089782715,10,right,42.02537406423096,151.29134663123145
1376.3076129131682,-554.7875823974609,456.9010925292969,7.4366455078125,-554.771647568917,456.57762283463524,0.3238619491777882,-3.092370245683695,0.00642156964056817,155.72516627126723,5.739754608340142,11.844995737075806,-2.9999983310699463,8.84499740600586,-3.0499982833862305,12.350028991699219,11,left,40.24515455642809,144.88255640314114
1382.552148755167,-561.0060577392578,456.44078063964844,7.7726593017578125,-560.9657931214236,456.050151064032,0.39269925489566915,-3.03887918119196,0.008853101614473835,112.95476360116677,5.891474730483304,11.844996213912964,-3.9989984035491943,7.8459978103637695,-4.800000190734863,11.050024032592773,11,left,38.37579079934292,138.15284687763452
1388.667405823256,-567.0548858642578,455.63128662109375,8.16351318359375,-566.9881764564673,455.214128744599,0.4224580914237256,-2.9830211918210665,0.008437367348965608,118.52038184903691,6.133544803020063,11.844996452331543,-4.9979987144470215,6.8469977378845215,-7.000008583068848,8.950016021728516,11,left,36.45233701329275,131.2284132478539
1394.6524805037081,-572.9308166503906,454.54931640625,8.5155029296875,-572.8461747134926,454.1422043615539,0.41581783802338856,-2.936604737320577,0.009687737767383853,103.22327296747704,5.723346464080981,11.844996452331543,-5.9969987869262695,5.847997665405273,-8.900015830993652,6.850008010864258,11,left,34.466046994898335,124.07776918163401
1400.530315102265,-578.6343078613281,453.16656494140625,8.842803955078125,-578.5323510712474,452.80254118434317,0.3780323832026943,-2.868507179543104,0.012649622440874642,79.05374288237304,5.580320193443278,11.844996452331543,-6.995998859405518,4.848997592926025,-10.300021171569824,5.150001525878906,11,left,32.39703559673774,116.62932814825585
1406.282658463265,-584.1012725830078,451.4063720703125,9.164474487304688,-583.9923040100521,451.10954900629935,0.3161931074868517,-2.7897516062825676,0.015018152988367284,66.58608423915891,5.933012547440031,11.844996452331543,-7.994998931884766,3.8499975204467773,-11.30002498626709,3.8999974727630615,11,left,30.235426112517857,108.84753400506429
1411.9000820138588,-589.2680511474609,449.2301483154297,9.516464233398438,-589.1657775312299,449.0148555096053,0.2383503405005083,-2.6981081881509046,0.015399199480381653,64.93844055166535,6.50649770580779,12.143996715545654,-8.993998527526855,3.149998188018799,-11.90002727508545,3.4409427642822266,11,left,29.859001678729722,107.492406043427
1417.402888921,-594.1260223388672,446.6721496582031,9.887466430664062,-594.0497455076189,446.53994044459444,0.15263496043926897,-2.6183013647152533,0.013633154909356737,73.35059321549099,6.55343511076908,12.942996501922607,-9.992998123168945,2.949998378753662,-11.950027465820312,8.930229187011719,11,left,31.734098899123833,114.2427560368458
1422.8218433233244,-598.7137145996094,443.8087463378906,10.232528686523438,-598.6765529121081,443.75354659683217,0.06654323730373585,-2.5490653700542625,0.013385723562829355,74.70645836261608,5.70914628784095,12.443995952606201,-9.293997764587402,3.149998188018799,-11.950027465820312,14.337185859680176,11,left,32.02605386029394,115.2937938970582
1428.1256359215004,-602.9981536865234,440.6940002441406,10.501144409179688,-603.0065560532523,440.7046784409838,-0.013587628728650436,-2.4749084346655463,0.015022723442449981,66.56582635171742,4.54630861741272,12.094995737075806,-8.294998168945312,3.799997568130493,-11.400025367736816,19.63317108154297,11,left,30.230826409294494,108.83097507346018
1433.3604480579013,-606.9686889648438,437.28907775878906,10.712356567382812,-607.0252481496913,437.3497043356671,-0.08291274458471018,-2.3908894890400303,0.0160935046846582,62.136869475875656,3.9023196704654373,12.094995975494385,-7.295998573303223,4.798997402191162,-10.450021743774414,24.862720489501953,11,left,29.20781305513705,105.14812699849338
1438.6022783667415,-610.6352081298828,433.5481719970703,10.909957885742188,-610.7377166496465,433.64093007453005,-0.13824636544289637,-2.306301929903176,0.013403287328632718,74.60856247286097,3.6233737387460163,12.094995975494385,-6.296998500823975,5.79799747467041,-9.150016784667969,30.09982681274414,11,left,31.248485594336977,112.49454813961312
1443.9075239058247,-614.0636291503906,429.50372314453125,11.094329833984375,-614.2022036674796,429.61557150063226,-0.17808130600639333,-2.2498728197851863,0.010261012878700959,97.45626594775307,2.8776695264641106,12.094995975494385,-5.297998428344727,6.796997547149658,-7.300009727478027,30.09982681274414,11,left,33.18632095815272,119.4707554493498
1449.310977941915,-617.3565979003906,425.2213592529297,11.216934204101562,-617.5207126460816,425.339939739435,-0.20247217471316228,-2.196494255324269,0.010621301451866516,94.15042069296194,2.595274006954751,12.094995975494385,-4.2989983558654785,7.795997619628906,-5.250001907348633,24.84990692138672,11,left,35.050069569014944,126.1802504484538
1454.8359299646252,-620.4246215820312,420.62939453125,11.378753662109375,-620.6045968206203,420.7429382244405,-0.21279862962083423,-2.133616422344682,0.009157525897973529,109.19980037635386,2.128098065409967,12.094995260238647,-3.2999980449676514,8.794997215270996,-3.449997901916504,20.299976348876953,11,left,36.20972541149025,130.3550114813649
1460.4470448406723,-623.3361358642578,415.8333282470703,11.452529907226562,-623.5191961887951,415.9391418204527,-0.2114417052798544,-2.0949015320499726,0.009909866682303925,100.90953108236084,1.0695868653692209,11.893996715545654,-2.5499987602233887,9.343997955322266,-2.649998664855957,15.750041961669922,11,left,34.33775238855146,123.61590859878525
1466.1955852420679,-626.0151672363281,410.7474365234375,11.49957275390625,-626.196589685089,410.8349415647736,-0.201423030395312,-2.0202062680546287,0.013153403711216705,76.02594902087885,0.8838862378175327,11.893997192382812,-3.5489988327026367,8.344998359680176,-3.799997568130493,12.250028610229492,11,left,32.30764340139717,116.30751624502982
1472.0584735543016,-628.35205078125,405.3706970214844,11.555313110351562,-628.5254274548878,405.43821056651944,-0.18605792034988436,-1.9421348539518397,0.012559335311147612,79.62204808023593,1.2801033421229846,11.893997192382812,-4.547998905181885,7.345998287200928,-6.100005149841309,9.400017738342285,11,left,33.06290641986067,119.0264631114984
1478.0420686029215,-630.3116149902344,399.7178955078125,11.652023315429688,-630.4726974658288,399.7678672575936,-0.16865568392382016,-1.871606910381322,0.010354827806973999,96.57331040565424,1.8486634280586944,11.893997192382812,-5.546998977661133,6.34699821472168,-7.95001220703125,7.80001163482666,11,left,35.128128823621964,126.46126376503908
1484.1594319075493,-631.9592895507812,393.82798767089844,11.779647827148438,-632.10697768142,393.86513636569396,-0.15228857296776882,-1.8172189239167316,0.008622218040148955,115.97943769730095,2.1751304024743567,11.893997192382812,-6.545999050140381,5.347998142242432,-9.550018310546875,5.950004577636719,11,left,37.1209301162049,133.63534841833766
1490.425479638433,-633.3234405517578,387.71388244628906,11.921646118164062,-633.4604300749354,387.74081383772506,-0.1396117090544224,-1.7649152657219909,0.008025559880656896,124.60189879215623,2.2083005614548457,11.893997192382812,-7.544999122619629,4.348998069763184,-10.800023078918457,4.499999046325684,11,left,39.0568931360949,140.60481528994166
1496.8368384901505,-634.3976287841797,381.3946533203125,12.059432983398438,-634.5289602222962,381.41380063902807,-0.13271987964033793,-1.7155701840309003,0.007770247987479939,128.69602123526585,1.9852569044298218,11.893996715545654,-8.543998718261719,3.3499979972839355,-11.800026893615723,3.3999979496002197,11,left,40.94311159308738,147.39520173511457
1503.3901828716246,-635.1746368408203,374.8886260986328,12.178558349609375,-635.3071097331141,374.90102966687573,-0.13305230436880847,-1.6641551349388446,0.007741444753933291,129.17485453757422,1.6629938254544063,12.092997074127197,-9.542998313903809,2.5499987602233887,-12.550029754638672,2.599998712539673,11,left,42.112725180772415,151.6058106507807
1510.0390088176498,-635.6033935546875,368.25439453125,12.2786865234375,-635.7446152373865,368.2604128053514,-0.14134986129280527,-1.6133863503444061,0.006639738313801491,150.60834519959624,0.7540314033163131,12.64199709892273,-10.541997909545898,2.099999189376831,-12.950031280517578,2.1499991416931152,11,left,42.61463422571478,153.41268321257323
1516.7246564489542,-635.7798309326172,361.5710754394531,12.278549194335938,-635.9375081926829,361.5718472672809,-0.157679149097225,-1.5756912727305696,0.00827738075804274,120.81116348651078,0.1377275747090123,13.440996766090393,-11.540997505187988,1.8999992609024048,-12.950031280517578,1.949999213218689,11,left,40.7265750458713,146.6156701651367
1523.545025020752,-635.5472717285156,354.75469970703125,12.29766845703125,-635.7283571582454,354.74201705189273,-0.18152901311299005,-1.5008736436221242,0.008922604018973046,112.07490524891587,0.022878314888963303,13.694000720977783,-11.544001579284668,2.1499991416931152,-12.950031280517578,2.1999990940093994,11,left,39.22640841809243,141.21507030513277
1530.4471355318124,-634.8906707763672,347.8839111328125,12.281265258789062,-635.101181941188,347.85912379667667,-0.211965474893743,-1.4535877039890719,0.008402247596501211,119.01577387655311,-0.129798078002763,13.345000505447388,-10.545001983642578,2.7999985218048096,-12.350028991699219,2.8499984741210938,11,left,40.42282096095099,145.52215545942357
1537.4751040756628,-633.8216094970703,340.93772888183594,12.279861450195312,-634.0650860097502,340.8915695560865,-0.24781342897508563,-1.3834356208936465,0.00873690604145172,114.45699372930883,-0.009080570640107588,13.345000982284546,-9.546002388000488,3.7989985942840576,-11.45002555847168,3.99999737739563,11,left,39.64108409942565,142.70790275793235
1544.5800968226067,-632.3100280761719,333.9953918457031,12.279998779296875,-632.589571307757,333.92683652248263,-0.28782677197732787,-1.3303021806825883,0.007536724892575786,132.68362773664083,0.11277085468562875,13.345001697540283,-8.547002792358398,4.797998905181885,-9.900019645690918,5.600003242492676,11,left,41.69698278856756,150.1091380388432
1551.7886295374092,-630.4040222167969,327.0434265136719,12.296234130859375,-630.7205251694545,326.9471655225484,-0.3308176196230187,-1.2755463355444212,0.007776685538075978,128.58948649830697,0.5489801450509035,13.345002174377441,-7.548003196716309,5.796998977661133,-8.10001277923584,7.250009536743164,11,left,42.01719794174846,151.26191259029446
1559.1190753334047,-628.0618286132812,320.0975341796875,12.360610961914062,-628.4143052946719,319.96742879552966,-0.3757222669885752,-1.2171926825771926,0.00765530290255606,130.62840396114254,1.070082784718318,13.345002174377441,-6.5490031242370605,6.795999050140381,-6.650007247924805,8.55001449584961,11,left,42.3490006114401,152.45640220118435
1566.569407092977,-625.289794921875,313.1827392578125,12.454864501953125,-625.676756152225,313.0153226981475,-0.4216245939744183,-1.1624687704130583,0.007317535221858518,136.6580371233278,1.344393243410913,13.345002174377441,-5.5500030517578125,7.794999122619629,-5.600003242492676,9.550018310546875,11,left,43.31536165908898,155.93530197272034
1574.134972543375,-622.0937194824219,306.3262634277344,12.562667846679688,-622.5121180005189,306.117153606769,-0.467743772988935,-1.1073197427408608,0.007489603114281096,133.51842343864797,1.453425496772942,13.693999290466309,-4.90000057220459,8.793998718261719,-4.950000762939453,10.050020217895508,11,left,42.81490191627751,154.13364689859904
1581.790772829377,-618.4735107421875,299.5814514160156,12.6761474609375,-618.918456142363,299.3252929799918,-0.5134136280656383,-1.0484304504092155,0.007852605360360476,127.34626969132378,1.6173085018578615,14.592998504638672,-4.800000190734863,9.792998313903809,-4.850000381469727,10.200020790100098,11,left,41.813591258534444,150.52892853072402
1589.463498848781,-614.4423065185547,293.05442810058594,12.810623168945312,-614.9079314473857,292.7467961048075,-0.5580716971640409,-0.98694543605174,0.007914317095693568,126.35328960272919,1.885578412802691,14.900020599365234,-4.75,10.150020599365234,-4.850000381469727,10.200020790100098,11,left,41.65025188970225,149.94090680292808
1597.068188705968,-610.0640563964844,286.8384246826172,12.964035034179688,-610.5451450158197,286.4777671695249,-0.6012654167702607,-0.927506707178882,0.008145611377762041,122.76549342018133,2.148624818547329,14.200017929077148,-4.149997711181641,10.050020217895508,-4.950000762939453,10.100020408630371,11,left,41.054664978156005,147.79679392136163
1604.555914050508,-605.3845977783203,280.9955139160156,13.134597778320312,-605.8733504533265,280.57820394090754,-0.6426716056045708,-0.8640849853335845,0.008593394945816402,116.36844417197872,2.4382445242271733,14.650019645690918,-4.850000381469727,9.800019264221191,-5.150001525878906,9.850019454956055,11,left,39.97071983658524,143.89459141170687
1611.9585817648406,-600.3986358642578,275.5271759033203,13.326828002929688,-600.887752193288,275.0517287130288,-0.6821178886966509,-0.7995685353160096,0.009602236170975387,104.14240830929499,2.8770282281499804,14.800020217895508,-5.300002098083496,9.500018119812012,-5.500002861022949,9.550018310546875,11,left,37.812741342368795,136.12586883252766
1619.3517935665725,-595.030029296875,270.449462890625,13.560226440429688,-595.5056140099828,269.90943240979584,-0.7195927595289131,-0.7220282187827096,0.007702398829642965,129.82968320875094,3.1531434526223756,14.645001411437988,-5.850004196166992,8.794997215270996,-5.9000043869018555,9.200016975402832,11,left,40.04759349901036,144.1713365964373
1626.806943112211,-589.3508605957031,265.6254425048828,13.795013427734375,-589.828998001148,265.04083473233146,-0.7552361393716439,-0.6855470526193969,0.004993534028231494,200.25897377416274,2.7677566352396377,14.346004486083984,-6.550006866455078,7.795997619628906,-6.650007247924805,8.500014305114746,11,left,42.18143959802869,151.8531825529033
1634.3869834513198,-583.3878936767578,260.9491729736328,13.97540283203125,-583.8636364210861,260.31935251215464,-0.7893066403353999,-0.6469242699760858,0.006770270546230417,147.70458479783863,2.670863334124096,14.346004486083984,-7.549006938934326,6.796997547149658,-7.700011253356934,7.5000104904174805,11,left,44.24564806601654,159.28433303765956
1642.1019677953843,-577.0896606445312,256.4993591308594,14.204315185546875,-577.5412693621553,255.81236701459943,-0.822136607649435,-0.5815395264716732,0.007291209086964012,137.15146391671922,3.5894927497924667,14.346004486083984,-8.548007011413574,5.79799747467041,-9.100016593933105,6.150005340576172,11,left,43.39348989268381,156.21656361366172
1649.9144484352503,-570.4451599121094,252.40341186523438,14.533981323242188,-570.8798260818568,251.66821644970003,-0.8540766816542574,-0.5339425715673172,0.004809431009426213,207.92480400281374,3.8756759307967292,14.346004009246826,-9.547006607055664,4.798997402191162,-10.300021171569824,4.850000381469727,11,left,45.46283313770834,163.66619929575
1657.836802588098,-563.5782775878906,248.46240234375,14.813385009765625,-564.0075529003109,247.68797348611417,-0.8854475418637757,-0.5061478408159282,0.004073173763935567,245.5087992695366,3.424909651721897,14.346003770828247,-10.546006202697754,3.799997568130493,-11.30002498626709,3.8499975204467773,11,left,47.469246964264855,170.8892890713535
1665.8846460952225,-556.4675903320312,244.70281982421875,15.0806884765625,-556.8816407051715,243.88517632625027,-0.9165034649513225,-0.4687503108347598,0.004187191528825407,238.82356302925567,3.2657920359082993,14.54500412940979,-11.545005798339844,2.9999983310699463,-12.000027656555176,3.0499982833862305,11,left,49.42411486536011,177.9268135152964
1674.0461383333184,-549.1329803466797,241.13282775878906,15.342620849609375,-549.5351319685861,240.27500455943954,-0.9474104539977403,-0.43838147602368016,0.0030412207467148122,328.8153288708885,3.250203813469965,14.95002818107605,-12.450029373168945,2.4999988079071045,-12.500029563903809,2.5499987602233887,12,straight,51.33061157906114,184.79020168462011
1682.3281305614914,-541.6009979248047,237.69970703125,15.615234375,-541.998908147381,236.80605352092184,-0.978237773627979,-0.4189070786063582,0.0014524942604219881,688.4708788518541,3.196775814556718,14.900029420852661,-12.700030326843262,2.1999990940093994,-12.750030517578125,2.2499990463256836,12,straight,53.19545396820144,191.50363428552518
1690.7176448915761,-533.9294586181641,234.3138885498047,15.8753662109375,-534.3356709286219,233.39031272721465,-1.0089602277792424,-0.41436077086458756,0.0004724593276425604,2116.5843099970525,2.8390284275266686,15.699029088020325,-13.699029922485352,1.9999991655349731,-16.700031280517578,2.049999237060547,12,straight,55.020101749954435,198.07236629983598
1699.2201247303954,-526.1459350585938,230.89906311035156,16.094207763671875,-526.5611750104839,229.94613526161487,-1.0394689521787999,-0.4109420936373911,0.00042703296263962853,2341.739602064153,2.392209345162477,16.448028922080994,-14.698029518127441,1.7499994039535522,-16.950027465820312,1.8999992609024048,12,straight,56.80955572755868,204.51440061921124
1707.8177105699472,-518.2628784179688,227.47271728515625,16.284088134765625,-518.6863349105147,226.4905222870471,-1.0695898351190163,-0.40705370626107257,0.0004359449501672996,2293.8676078624994,2.484221261438646,15.999031901359558,-14.349032402038574,1.6499994993209839,-16.950027465820312,1.699999451637268,12,straight,58.56345326548677,210.82843175575238
1716.4385346442637,-510.34352111816406,224.07481384277344,16.522079467773438,-510.7750109219758,223.0639439853998,-1.0991093300214325,-0.403436574310065,0.00044118972395651435,2266.598575851156,2.7172895781244155,14.649032711982727,-13.350032806396484,1.2989999055862427,-13.400032997131348,1.6499994993209839,12,straight,60.270867166144235,216.97512179811926
1725.1794719702007,-502.3022155761719,220.65621948242188,16.755752563476562,-502.74076897329826,219.61717260080093,-1.1278065012835041,-0.3993886483333879,0.00050833723052085,1967.1980330368187,2.245564697715108,13.438997089862823,-13.138997077941895,0.30000001192092896,-13.450033187866211,1.5499995946884155,12,straight,61.95404571313131,223.03456456727272
1734.0181584208985,-494.15428161621094,217.2345428466797,16.916000366210938,-494.5983802278304,216.16780545119272,-1.1554878830055568,-0.3944913037495549,0.0013846935602047639,722.1814477508824,1.5289229176741137,13.438997387886047,-12.139997482299805,1.2989999055862427,-13.450033187866211,1.4999996423721313,12,straight,63.57862774176859,228.88305987036694
1742.9738219366893,-485.86004638671875,213.8585662841797,17.027145385742188,-486.2924962607353,212.75849499343454,-1.1820193476667864,-0.3745533152757986,0.0021639451932575215,462.11891276906033,1.3790259155623819,12.540997624397278,-11.140997886657715,1.399999737739563,-13.450033187866211,1.5499995946884155,12,straight,61.898802631757555,222.8356894743272
1752.0229756975536,-477.4044189453125,210.63821411132812,17.16455078125,-477.8246946625376,209.50637558185576,-1.2073483901870248,-0.3555415858274007,0.002409647783057689,414.99841056897696,1.1526871920742754,11.941997647285461,-10.141998291015625,1.7999993562698364,-13.200032234191895,1.8499993085861206,12,straight,60.15381323154604,216.55372763356576
1761.1601249177277,-468.80406188964844,207.55337524414062,17.236129760742188,-469.2039110450609,206.38858683200826,-1.231507771847949,-0.3306761367001718,0.0035922195270141066,278.3794232172696,0.6419051539598319,11.342997789382935,-9.142998695373535,2.1999990940093994,-12.800030708312988,2.2499990463256836,12,straight,58.338920693955906,210.02011449824127
1770.4014111602971,-460.0001525878906,204.744384765625,17.2822265625,-460.3581165448252,203.54192844090517,-1.2546072721465251,-0.28933979952390165,0.004309360969034448,232.05296729274903,0.3411917277452492,11.143997430801392,-8.143999099731445,2.9999983310699463,-12.050027847290039,3.0499982833862305,12,straight,56.444017613756124,203.19846340952205
1779.7190847696816,-451.0193328857422,202.26171875,17.299209594726562,-451.3361153243853,201.02483453070735,-1.2768060484536607,-0.2507239837800887,0.004091183967256273,244.42802083785142,-0.03647950801407562,11.14399790763855,-7.1449995040893555,3.9989984035491943,-10.950023651123047,4.249998092651367,12,straight,57.92950949878068,208.54623419561045
1789.1056772678235,-441.8828125,200.109619140625,17.275100708007812,-442.1570359776596,198.8406365350201,-1.2982739961300584,-0.2128245630047063,0.004110406072349748,243.28496562101017,-0.5724690027548718,11.143998146057129,-6.145999431610107,4.9979987144470215,-9.500018119812012,5.800004005432129,12,straight,57.79389856507511,208.05803483427042
1798.5742281658813,-432.58863830566406,198.3027801513672,17.190750122070312,-432.81598646390864,197.00337261193286,-1.3191463673891497,-0.17320970364520194,0.003783845079941728,264.28143300607866,-1.1069013045789222,11.143998146057129,-5.146999359130859,5.9969987869262695,-7.65001106262207,7.750011444091797,13,straight,59.69075428024716,214.88671540888978
1808.1127733407739,-423.1758728027344,196.7640380859375,17.064407348632812,-423.3640615421259,195.43784970589888,-1.33947400907342,-0.14096085708741182,0.003794824688856391,263.5167845662352,-1.3808397671284278,11.143998146057129,-4.147999286651611,6.995998859405518,-5.450002670288086,10.050020217895508,13,straight,60.1490118415345,216.5364426295242
1817.7342985278092,-413.6209259033203,195.64260864257812,16.92608642578125,-413.7572001163689,194.29028800099863,-1.3591695180454884,-0.10043160147638455,0.0037354147490675227,267.7078897998225,-1.4681957735431683,11.143998146057129,-3.1489992141723633,7.994998931884766,-3.499997854232788,12.500029563903809,13,straight,60.62544522317012,218.25160280341242
1827.4110905442078,-403.9801025390625,194.82176208496094,16.781036376953125,-404.07500459616506,193.44708456138312,-1.3779494527276226,-0.06892650745469617,0.0037553386674611944,266.28756779373305,-1.5960967628645628,11.14399766921997,-2.1499991416931152,8.993998527526855,-2.349998950958252,14.300036430358887,13,straight,59.93226527565337,215.75615499235215
1837.1422428218775,-394.26171875,194.35147094726562,16.6162109375,-394.3000752743145,192.95672161675176,-1.3952766456607613,-0.027493728340828485,0.004082647998196798,244.9390690653896,-1.8587975377924892,12.242997169494629,-2.2499990463256836,9.992998123168945,-2.349998950958252,14.300036430358887,13,straight,57.990037164241784,208.76413379127044
1846.9175636285697,-384.4886474609375,194.28213500976562,16.418304443359375,-384.4735629528476,192.87190146238328,-1.4103142205008496,0.010696053049533062,0.003621849679983691,276.1020164714575,-2.274159021371691,12.89199686050415,-3.2489991188049316,9.642997741699219,-3.5999977588653564,14.000035285949707,14,straight,59.94093734505341,215.7873744421923
1856.7494492910394,-374.66339111328125,194.544189453125,16.170028686523438,-374.60157409608945,193.12362254616033,-1.4219112773930827,0.04348830164895282,0.0027979663582545222,357.40243875692556,-2.9344044271805925,12.891997337341309,-4.24799919128418,8.643998146057129,-5.400002479553223,12.500029563903809,14,straight,61.841077266490736,222.62787815936665
1866.637318334029,-364.7977294921875,195.1179656982422,15.839187622070312,-364.70377695370325,193.69241431680788,-1.4286440496487889,0.06581092896639242,0.0024143389678141225,414.19204731859713,-4.015351234576359,12.891998291015625,-5.246999263763428,7.644999027252197,-7.5000104904174805,10.650022506713867,14,straight,63.69489247782055,229.30161292015399
1876.555707351466,-354.91831970214844,195.8633575439453,15.37432861328125,-354.78801547677324,194.4403808223641,-1.4289303486568794,0.09131690579099347,0.0029864530944135326,334.8453728841758,-5.139043779926311,12.891998291015625,-6.245999336242676,6.645998954772949,-9.700018882751465,8.600014686584473,14,straight,65.50174146494089,235.80626927378722
1886.5607037561485,-344.9880828857422,196.9482421875,14.814529418945312,-344.8103524061436,195.53818158879955,-1.4212174412755711,0.125383360104397,0.0030375698167786624,329.2105401088355,-6.069696004418912,12.891998291015625,-7.244999408721924,5.646998882293701,-11.75002670288086,6.600007057189941,14,straight,66.04694696517407,237.76900907462667
1896.5942897007756,-335.07225036621094,198.3330841064453,14.15777587890625,-334.8594019443869,196.94509172580624,-1.4042176823360024,0.15216446256524818,0.003027098264604511,330.349368467115,-7.00467530242287,12.891997337341309,-8.243998527526855,4.647998809814453,-13.6000337600708,5.05000114440918,14,straight,64.23432980868729,231.24358731127427
1906.5640973479742,-325.27207946777344,200.00653076171875,13.4139404296875,-325.01755416550805,198.65311371525806,-1.3771422697541866,0.1858900840340602,0.003028177939703891,330.2315847719915,-7.890247214631518,12.89199686050415,-9.242998123168945,3.648998737335205,-15.250040054321289,3.799997568130493,14,straight,62.381087935199176,224.57191656671705
1916.419988239846,-315.6450500488281,201.95263671875,12.594451904296875,-315.36275316497745,200.6428430133485,-1.339869800145228,0.21228053318129747,0.003577861157485651,279.4965919534876,-8.271388160377924,12.891996383666992,-10.241997718811035,2.649998664855957,-16.550033569335938,2.699998617172241,14,straight,60.4932415909711,217.77566972749597
1926.0493232705762,-306.3033905029297,204.1502685546875,11.802047729492188,-305.9769825013171,202.89913987004977,-1.2930062525139032,0.255202300855248,0.003999453350578275,250.03417025864587,-7.557430566765044,13.040996670722961,-11.240997314453125,1.7999993562698364,-17.250022888183594,1.8999992609024048,14,straight,58.5900728287116,210.92426218336175
1935.374219688326,-297.35154724121094,206.68075561523438,11.157974243164062,-296.99953702152067,205.49405472778102,-1.2378086245655922,0.2883615212947603,0.001793966679435044,557.4239541143095,-6.938674156398184,13.989996314048767,-12.239996910095215,1.7499994039535522,-17.250022888183594,1.7999993562698364,14,straight,57.5463284903785,207.1667825653626
1944.3702737195458,-288.74974060058594,209.23904418945312,10.531021118164062,-288.41435594590297,208.11189157557004,-1.1759914462190086,0.28920789663723434,0.0008343129916832392,1198.5909484430833,-6.4934148275662125,14.290995240211487,-12.390995979309082,1.8999992609024048,-16.700031280517578,2.049999237060547,14,straight,55.676288982707185,200.43464033774586
1952.9943304857038,-280.5137939453125,211.7435302734375,10.010360717773438,-280.1832520724381,210.68444978435218,-1.1094635695165846,0.3025228681512924,0.0019624894078190125,509.55689035353174,-5.865271840195696,13.841995239257812,-11.391996383666992,2.4499988555908203,-15.900042533874512,2.4999988079071045,14,straight,53.82261327546162,193.76140779166184
1961.2718669005956,-272.6482238769531,214.27883911132812,9.538528442382812,-272.3189922078246,213.29226987961343,-1.0400540086568946,0.32209284578672737,0.002657312097668285,376.32011718814334,-5.567432542158524,13.442995071411133,-10.392996788024902,3.0499982833862305,-14.750038146972656,3.149998188018799,14,straight,51.98128445739353,187.1326240466167
1969.2032505528932,-265.16566467285156,216.87344360351562,9.107040405273438,-264.8374967621843,215.96141046614287,-0.9692773706518214,0.3453963658747294,0.0026591759635246626,376.0563474237065,-5.325442037942841,13.343994617462158,-9.393997192382812,3.9499974250793457,-13.300032615661621,3.99999737739563,14,straight,50.15357619806718,180.55287431304185
1976.7940968219946,-258.0576477050781,219.5078887939453,8.711135864257812,-257.73825985014776,218.66842630327307,-0.8981680661895276,0.36355510347356196,0.002001340448500699,499.6651123246664,-5.124179849209776,13.343995094299316,-8.394997596740723,4.948997497558594,-11.650026321411133,5.100001335144043,14,straight,48.3396664376122,174.02279917540392
1983.9962650008815,-251.34848022460938,222.10147094726562,8.34832763671875,-251.0452732450776,221.3318536444477,-0.8271911902538105,0.37529827390135506,0.002169135666133415,461.0131194710133,-4.97280841532397,13.343995571136475,-7.395998001098633,5.947997570037842,-9.900019645690918,6.350006103515625,14,straight,46.55333939824355,167.5920218336768
1990.8195681605298,-245.03163146972656,224.65931701660156,8.013198852539062,-244.7416205460046,223.96091118790878,-0.7562255202187529,0.39358085174222385,0.002269297106791135,440.665083918445,-5.181314096432176,13.343995571136475,-6.396997928619385,6.94699764251709,-8.200013160705566,7.80001163482666,14,straight,44.795316930396865,161.26314094942873
1997.3012560988,-239.0686492919922,227.17544555664062,7.6607513427734375,-238.79841801862898,226.54642257303934,-0.6846129234846343,0.40576445379131654,0.0025260100679456166,395.88124081124187,-5.708688178004461,13.343995571136475,-5.397997856140137,7.945997714996338,-6.400006294250488,9.400017738342285,14,straight,43.05888608460617,155.01198990458224
2003.435953048447,-233.46463012695312,229.6443634033203,7.2947998046875,-233.2125822484049,229.0874737845892,-0.6112725910190386,0.4250134424092155,0.0035000074841328166,285.7136747659744,-5.5932448357065345,13.343994617462158,-4.398997783660889,8.94499683380127,-4.75,10.900023460388184,14,straight,41.34829729055453,148.8538702459963
2009.292334489585,-228.17015075683594,232.12863159179688,6.988037109375,-227.93868396668256,231.64642920948444,-0.5348794373049867,0.4475362342818727,0.003714258171488738,269.23276569091666,-4.552657892299006,13.343994379043579,-3.3999979496002197,9.94399642944336,-3.449997901916504,12.000027656555176,14,straight,39.64651472052377,142.72745299388558
2014.8519628052788,-223.1844482421875,234.5791778564453,6.7711029052734375,-222.97981040488318,234.17380529806206,-0.4540964165755584,0.46749157445786704,0.003496516402039407,285.9989443826809,-3.7601016962256484,13.39299488067627,-2.4499988555908203,10.94299602508545,-2.5499987602233887,12.650030136108398,14,straight,37.960439141712676,136.65758091016565
2020.2124793376274,-218.42544555664062,237.03871154785156,6.576873779296875,-218.25371289732303,236.71342808844378,-0.36783343409835456,0.48575499853038073,0.0039017800858686114,256.2932758875314,-4.236073439327925,13.841994881629944,-1.8999992609024048,11.941995620727539,-1.949999213218689,13.100031852722168,14,straight,36.2605851738079,130.53810662570842
2025.4035826356019,-213.86880493164062,239.51292419433594,6.326171875,-213.73467976596058,239.27229203457702,-0.27548756120548645,0.5084966880811331,0.005918439726217417,168.96345088557965,-5.342593948161467,14.540994763374329,-1.5999995470046997,12.940995216369629,-1.699999451637268,13.350032806396484,14,straight,34.534800384105054,124.3252813827782
2030.41534895785,-209.5410614013672,242.02346801757812,6.0335845947265625,-209.44915734874127,241.87207720659717,-0.177103169193951,0.5455981168596042,0.007249061145347402,137.94889847795267,-6.079751171942394,15.00003206729889,-1.699999451637268,13.300032615661621,-1.7999993562698364,13.350032806396484,14,straight,32.7825518512547,118.01718666451693
2035.2245435664984,-205.4812774658203,244.5836181640625,5.73004150390625,-205.44105563238162,244.5221931443033,-0.07342226459044256,0.5797504876253587,0.006146448999464926,162.69556618578534,-6.44428431054811,15.150031447410583,-1.949999213218689,13.200032234191895,-2.049999237060547,13.250032424926758,14,straight,31.008171405918795,111.62941706130766
2039.769732271135,-201.7195587158203,247.11720275878906,5.4314422607421875,-201.73896952586472,247.14535834544427,0.03419819595355937,0.6035847802544444,0.0008508274760737899,1175.3264064938035,-6.6368705009278495,14.788997650146484,-2.2499990463256836,12.5389986038208,-2.2999989986419678,13.100031852722168,14,straight,29.23236758105752,105.23652329180707
2044.011423122776,-198.2207794189453,249.49832153320312,5.1472625732421875,-198.30085161660713,249.61796227426063,0.14396341118209663,0.5898041254051498,-0.006865383412338333,145.65828882955313,-6.720672021890472,14.139997720718384,-2.599998712539673,11.539999008178711,-2.649998664855957,12.850030899047852,15,right,27.471786403098566,98.89843105115484
2047.9473777562241,-194.9158172607422,251.6193084716797,4.8819732666015625,-195.04841580689902,251.8357891855182,0.2538627068061355,0.5495738159035058,-0.01525231300435781,65.56382626781166,-6.444596115042089,13.590997695922852,-3.0499982833862305,10.540999412536621,-3.0999982357025146,12.500029563903809,15,right,25.730576700937394,92.63007612337462
2051.642104162796,-191.7021026611328,253.4279327392578,4.65411376953125,-191.86784650003113,253.74961051584032,0.3618668430235212,0.4757714848293168,-0.022234903682815332,44.97433468861252,-5.639450964830727,13.341997385025024,-3.799997568130493,9.541999816894531,-5.295385837554932,12.000027656555176,15,right,23.981318655295087,86.33274715906232
2055.102714589625,-188.56414794921875,254.87615966796875,4.4760589599609375,-188.74198040474965,255.30694523726345,0.46604783976830755,0.3915002036523306,-0.02781155667137658,35.9562757243715,-5.093486801085301,13.341997623443604,-4.798997402191162,8.543000221252441,-8.750412940979004,11.400025367736816,15,right,22.21834502984799,79.98604210745276
2058.3510936348985,-185.5068817138672,255.9616241455078,4.3121795654296875,-185.66865956024913,256.50255209859625,0.5646017375215976,0.2906076472678171,-0.03272536695280159,30.557334970216147,-4.891008218357051,13.341997623443604,-5.79799747467041,7.544000148773193,-11.99365520477295,10.600022315979004,15,right,20.482458948572024,73.73685221485928
2061.3704490704827,-182.57652282714844,256.67503356933594,4.1688232421875,-182.69852166418275,257.31937926036903,0.6557934780025328,0.18712250394107194,-0.03512621851300879,28.468763286593344,-4.789229266758888,13.341997623443604,-6.796997547149658,6.545000076293945,-15.008605003356934,9.650018692016602,15,right,19.770090451949347,71.17232562701766
2064.1574082276215,-179.8192138671875,257.05751037597656,4.0342864990234375,-179.88335341364888,257.7925911435947,0.7378737130040082,0.0870346693308054,-0.03975424766112168,25.154544704866005,-5.335766443061907,13.341997623443604,-7.795997619628906,5.546000003814697,-17.79131507873535,8.500014305114746,15,right,18.570739148207284,66.85466093354623
2066.7501293860455,-177.2323455810547,257.14488220214844,3.8836822509765625,-177.21187740294616,257.9536524568413,0.8090292152889901,-0.025302377064395257,-0.04836815827850982,20.674758675777497,-5.627850614611329,13.341997146606445,-8.794997215270996,4.546999931335449,-20.378658294677734,7.200009346008301,15,right,16.84785360320236,60.6522729715285
2069.3114824800323,-174.68650817871094,256.9004211425781,3.744110107421875,-174.54664808790457,257.7564898975994,0.8674183294835898,-0.16194411360231795,-0.05171232488950328,19.337749794401198,-4.2398952505027125,13.341996669769287,-9.793996810913086,3.547999858856201,-22.93520736694336,5.5500030517578125,15,right,16.2939854434012,58.658347596244326
2071.8827068484716,-172.18560791015625,256.3082733154297,3.6663055419921875,-171.9244170304795,257.1813492099964,0.9113079574435025,-0.2906875459579761,-0.04993802828189531,20.024819449320212,-3.0669304881861925,13.341996192932129,-10.792996406555176,2.548999786376953,-25.504255294799805,2.9809560775756836,15,right,16.580921383136296,59.69131697929067
2074.480564350599,-169.75442504882812,255.39630126953125,3.5855560302734375,-169.37135915146163,256.25392924595127,0.9392897463847285,-0.4200707577985163,-0.05258165244961632,19.01804057904416,-2.6651097713509264,12.042996764183044,-10.492997169494629,1.5499995946884155,-28.099857330322266,1.699999451637268,15,right,16.158730603060278,58.171430171017
2077.1267990167644,-167.42196655273438,254.14779663085938,3.5269775390625,-166.91167890186617,254.94972568151658,0.9505175900090213,-0.5667018481480632,-0.054575837265901095,18.32312704847496,-1.0212161837367173,12.042997360229492,-9.493997573852539,2.548999786376953,-28.099857330322266,3.080444097518921,15,right,15.860765789138231,57.098756840897636
2079.84736473534,-165.24472045898438,252.5165252685547,3.5325469970703125,-164.62677412449594,253.23134116383494,0.9448912299587766,-0.7128424483252112,-0.05035096909156367,19.8605909288755,1.1960333651445887,12.04299783706665,-8.49499797821045,3.547999858856201,-25.38029670715332,5.800004005432129,15,right,16.512789275156383,59.44604139056298
2082.6398541937774,-163.2656707763672,250.54737854003906,3.5943603515625,-162.5759353158891,251.1609152635338,0.9231263816604975,-0.8437989250861385,-0.04457810636948967,22.432536539605554,2.6049978280716424,12.042998313903809,-7.495998382568359,4.546999931335449,-22.58949089050293,7.750011444091797,15,right,17.549451508197397,63.178025429510626
2085.5092336457446,-161.50343322753906,248.2845458984375,3.6806488037109375,-160.77459477219926,248.7895309641548,0.8866878879174999,-0.9648764960007241,-0.03987256483306212,25.079901535975566,3.667411653333008,12.042998313903809,-6.496998310089111,5.546000003814697,-19.722408294677734,9.200016975402832,15,right,18.55612413616822,66.80204689020559
2088.483355544505,-159.96200561523438,245.7443389892578,3.8100738525390625,-159.2247318343047,246.14186182957584,0.8376138947157455,-1.0762986115457567,-0.03201864430216972,31.231803275700706,5.247692154166261,12.042998313903809,-5.497998237609863,6.545000076293945,-16.752103805541992,10.250020980834961,15,right,20.355062195955757,73.27822390544073
2091.573135474753,-158.61940002441406,242.9680633544922,4.0009765625,-157.90657270484397,243.2804651938863,0.7782786755284488,-1.157750352503093,-0.02607352907325755,38.35307438399872,6.583703660469887,12.042998313903809,-4.498998165130615,7.544000148773193,-13.669227600097656,11.30002498626709,15,right,22.06919785239952,79.44911226863827
2094.7809317008423,-157.459228515625,239.98587036132812,4.2256622314453125,-156.7865214613148,240.21656513060182,0.7111644377279686,-1.2404293384386695,-0.027168428073795603,36.807429464957394,7.706413291469416,12.04299807548523,-3.499997854232788,8.543000221252441,-10.47031021118164,12.150028228759766,15,right,22.479782237102167,80.9272160535678
2098.1095047763,-156.54354858398438,236.79806518554688,4.5064239501953125,-155.92243158810393,236.94685413941238,0.6386896549686073,-1.3356763063869224,-0.026782427512466733,37.33791492703632,8.922828753183365,12.308665037155151,-2.76666522026062,9.541999816894531,-7.430206298828125,12.750030517578125,15,right,22.6411971588719,81.50830977193884
2101.530170547503,-155.89230346679688,233.45547485351562,4.82879638671875,-155.33552061321808,233.53959484141532,0.5631015169608258,-1.4208481446638013,-0.021676651707150385,46.13258604280357,9.762043465590487,12.574331998825073,-2.033332586288452,10.540999412536621,-4.390102863311768,13.200032234191895,15,right,24.354310943882414,87.67551939797669
2105.064236809118,-155.4864044189453,229.96302795410156,5.186126708984375,-155.00174216830422,230.00437632894474,0.48642284619315773,-1.485688618593131,-0.016035802642156427,62.36045817694874,10.488492388783854,12.839998841285706,-1.2999998331069946,11.539999008178711,-1.3499997854232788,13.550033569335938,15,right,26.00596284935495,93.62146625767782
2108.72917209581,-155.2662353515625,226.32650756835938,5.584869384765625,-154.85606331543116,226.34091980977095,0.41042515995810513,-1.535673711524847,-0.011946321855209052,83.70777316400209,10.754473689876809,13.588998675346375,-1.0500000715255737,12.5389986038208,-1.100000023841858,13.700034141540527,15,right,27.614631520847837,99.41267347505222
2112.533587872949,-155.2063446044922,222.54409790039062,5.9890594482421875,-154.86974176594146,222.54287183206475,0.3366050715065778,-1.5744387883642783,-0.009330254756988343,107.17820960365545,10.514350847946085,14.53799831867218,-1.0000001192092896,13.53799819946289,-1.0500000715255737,13.700034141540527,15,right,29.190896724600787,105.08722820856283
2116.4877612475443,-155.29629516601562,218.61239624023438,6.400299072265625,-155.03031484150569,218.6025492557618,0.26616253705134496,-1.6078009039615138,-0.006445726588016565,155.1415478681843,10.348906108432177,14.750033974647522,-1.100000023841858,13.650033950805664,-1.149999976158142,13.700034141540527,15,right,30.74367769093108,110.67723968735189
2120.5924513721775,-155.49542236328125,214.5343780517578,6.822906494140625,-155.29572583570393,214.52338830452808,0.1999986941722575,-1.6257731115974807,-0.0025521657230316297,391.8240853153276,10.435654652106031,14.750033020973206,-1.2999998331069946,13.450033187866211,-1.3499997854232788,13.500033378601074,15,right,32.27664078787653,116.19590683635552
2124.8552870996014,-155.7410888671875,210.30259704589844,7.273956298828125,-155.60256144217576,210.2945852459507,0.13875891473627283,-1.6285674492199251,0.00032693762969682183,3058.687373880233,10.49390213424849,14.75003182888031,-1.5499995946884155,13.200032234191895,-1.5999995470046997,13.250032424926758,15,right,33.79513976471815,121.66250315298535
2129.2826765270343,-155.98878479003906,205.9062042236328,7.73455810546875,-155.905959434512,205.90190952619386,0.08293662607241958,-1.6226023781161563,0.001757186043512493,569.0917041436713,10.230453442988042,14.750030636787415,-1.7999993562698364,12.950031280517578,-1.8499993085861206,13.000031471252441,15,right,35.30317736670904,127.09143852015256
2133.8728763000063,-156.20703125,201.34446716308594,8.1959228515625,-156.174031445879,201.3430873103792,0.03302864007974727,-1.6125859496213566,0.0022519388639175575,444.0617887203041,9.775881438169732,14.700029492378235,-1.9999991655349731,12.700030326843262,-2.049999237060547,12.750030517578125,15,right,36.801482177135156,132.48533583768656
2138.626288162714,-156.37796020507812,196.6156005859375,8.647064208984375,-156.38825063682802,196.61591703014932,-0.01029529613652149,-1.6015379446715503,0.002537505867301393,394.0877587264411,9.0987673074305,14.550028920173645,-1.9999991655349731,12.550029754638672,-2.1499991416931152,12.600029945373535,15,right,38.29132019006671,137.84875268424017
2143.544976253513,-156.49578857421875,191.71694946289062,9.07464599609375,-156.541847311647,191.71774059427847,-0.04606553139123739,-1.5879712135166102,0.003296428640859994,303.3586068282411,8.363049903053044,14.400028586387634,-1.949999213218689,12.450029373168945,-2.1999990940093994,12.500029563903809,15,right,39.774253582634785,143.18731289748524
2148.6448468955505,-156.53369140625,186.63365173339844,9.48370361328125,-156.6066823231301,186.63347053504307,-0.07299114179021741,-1.5683138537575154,0.004430625586530346,225.70176162935653,8.0393837034475,14.650028228759766,-2.2499990463256836,12.400029182434082,-2.2999989986419678,12.450029373168945,16,left,41.25556446701343,148.52003208124836
2153.9154475862,-156.44996643066406,181.380859375,9.908432006835938,-156.53948704955107,181.37826498497256,-0.08955820490344871,-1.5418235148536807,0.0058427091907854445,171.1534781804823,8.053982181605368,14.750028610229492,-2.2499990463256836,12.500029563903809,-2.2999989986419678,12.550029754638672,16,left,42.73254317874146,153.83715544346924
2159.355389795425,-156.19398498535156,175.96461486816406,10.3463134765625,-156.28803571038495,175.95846063604628,-0.0942518617973479,-1.505454236752816,0.0069398218922908095,144.09591708842888,8.0275909517866,14.950029611587524,-2.1999990940093994,12.750030517578125,-2.2499990463256836,12.850030899047852,16,left,44.20525431169497,159.1389155221019
2164.96072689051,-155.70370483398438,170.39881896972656,10.795028686523438,-155.7890775676494,170.38976041178225,-0.08585197216994997,-1.4650858713698864,0.007181071623911739,139.25498203780216,7.560114077738033,15.64902937412262,-1.8999992609024048,13.749030113220215,-2.049999237060547,17.900012969970703,16,left,42.81513515368921,154.13448655328116
2170.717237596266,-154.98968505859375,164.701416015625,11.20391845703125,-155.05272277382502,164.6920869102326,-0.06372429480975147,-1.42387033732184,0.008087240356205894,123.65157407899117,7.012004390444593,15.94802474975586,-2.2499990463256836,13.698025703430176,-2.2999989986419678,17.900012969970703,16,left,41.20255808221662,148.32920909597982
2176.6266638678926,-153.962646484375,158.89630126953125,11.612762451171875,-153.9901229630473,158.89072169645488,-0.028037270122900824,-1.3704532313190985,0.008084439090536744,123.69441946449346,6.828268998057396,15.54902458190918,-2.8499984741210938,12.699026107788086,-2.899998426437378,14.250036239624023,16,left,41.20969582632301,148.35490497476286
2182.665799836956,-152.62867736816406,153.02040100097656,12.019561767578125,-152.60913290144464,153.02525171259026,0.02013741747359226,-1.3275233429633462,0.0061404954594343475,162.853308272313,6.218415753471184,14.950024604797363,-3.249998092651367,11.700026512145996,-3.2999980449676514,11.75002670288086,16,left,42.899602477185056,154.4385689178662
2188.8257033349832,-151.05270385742188,147.07583618164062,12.370086669921875,-150.97682611518863,147.09724621600316,0.07884048032463144,-1.2957812575563976,0.0056772007756272225,176.14314510297007,5.128707827095513,14.900022506713867,-3.6499977111816406,11.250024795532227,-3.699997663497925,11.30002498626709,16,left,44.55732414580044,160.4063669248816
2195.139401661239,-149.21817016601562,141.0413818359375,12.657546997070312,-149.07996438695395,141.08630168971047,0.14532250558336698,-1.25654495463596,0.006770654509236973,147.6962084885197,4.164610779517108,15.000020980834961,-4.149997711181641,10.85002326965332,-4.199997901916504,10.900023460388184,16,left,45.03073430628817,162.1106435026374
2201.609741719268,-147.0704345703125,134.94276428222656,12.901260375976562,-146.868247088055,135.01927193893422,0.21617862872293642,-1.209048546247623,0.006465745297489944,154.6612113514908,3.5418045577906287,14.950020790100098,-4.549999237060547,10.40002155303955,-4.649999618530273,10.450021743774414,16,left,46.08027469124003,165.8889888884641
2208.1366933356885,-144.64010620117188,128.88902282714844,13.117630004882812,-144.37510565026233,129.00049801053547,0.2874926233723957,-1.1726072682633306,0.004381672505540557,228.22335506259665,3.272132223887003,15.050021171569824,-5.05000114440918,10.000020027160645,-5.100001335144043,10.050020217895508,16,left,47.71802372045745,171.78488539364685
2214.8116103987904,-141.98678588867188,122.76791381835938,13.333114624023438,-141.66253400187526,122.9124181742191,0.35499407735002775,-1.1515618807774033,0.00328483444170119,304.42934575482224,3.1514009598489157,14.99801254272461,-5.750003814697266,9.248008728027344,-5.800004005432129,9.300017356872559,16,left,49.33670407299847,177.61213466279452
2221.646234641193,-139.13345336914062,116.56094360351562,13.543121337890625,-138.7591120939116,116.73837045659874,0.41426039942900017,-1.1281880177932786,0.003801780169535196,263.0346720237271,2.878356698405682,14.998013019561768,-6.749003887176514,8.249009132385254,-6.8000078201293945,8.300013542175293,16,left,50.94084619998812,183.38704631995725
2228.6145961764214,-136.0576934814453,110.3109130859375,13.729888916015625,-135.64706706886778,110.52043498331402,0.460991839609489,-1.0989828257758547,0.00442257841758642,226.1124406575792,2.50329162002656,14.950020790100098,-7.700011253356934,7.250009536743164,-7.80001163482666,7.300009727478027,16,left,52.52596396002186,189.09347025607872
2235.721621349606,-132.72158813476562,104.0377197265625,13.894973754882812,-132.29154346852965,104.2754103859637,0.49136062573692935,-1.0658736860239175,0.004055465480217735,246.5808191138421,2.2198591223003716,14.950020790100098,-8.500014305114746,6.450006484985352,-8.600014686584473,6.500006675720215,16,left,54.09480150739604,194.74128542662575
2242.966150394549,-129.13467407226562,97.745361328125,14.048187255859375,-128.7011671073413,97.99927207260164,0.5023932272618647,-1.040948078044335,0.003142086321143378,318.2598750616465,2.0441904247985865,14.950020790100098,-9.300017356872559,5.650003433227539,-9.450017929077148,5.700003623962402,17,straight,55.64849050913419,200.3345658328831
2250.3473324079127,-125.33604431152344,91.41835021972656,14.193756103515625,-124.91655626147168,91.67599991212956,0.4922942089153325,-1.0200007975000573,0.0028364847069137222,352.54905396195994,1.9514527262960213,14.950020790100098,-10.200020790100098,4.75,-10.350021362304688,4.800000190734863,17,straight,57.18809054833398,205.87712597400233
2257.863033783411,-121.33517456054688,85.05770874023438,14.338836669921875,-120.94790153254908,85.30708896480874,0.4606201196467027,-0.9986936886125105,0.0026061813987927618,383.70314532335357,1.790035845011817,15.000021696090698,-11.100024223327637,3.8999974727630615,-11.1500244140625,3.9499974250793457,17,straight,58.71428231282505,211.3714163261702
2265.5036699569882,-117.1329345703125,78.67768859863281,14.464706420898438,-116.79376691172025,78.90489716800262,0.40823820819470447,-0.9805582857316898,0.002565176143020542,389.8367769873618,1.2824241852927742,14.950024604797363,-11.700026512145996,3.249998092651367,-11.75002670288086,3.2999980449676514,17,straight,60.226212356962854,216.81436448506628
2273.2752033058205,-112.74220275878906,72.26573181152344,14.5355224609375,-112.4662546880068,72.45929134881884,0.3370647300541271,-0.959108161673651,0.002678488251441846,373.34492673682405,0.6133652691283964,14.950027227401733,-12.250028610229492,2.699998617172241,-12.300028800964355,2.7499985694885254,17,straight,61.726065425416245,222.2138355314985
2281.175878999339,-108.14126586914062,65.84300231933594,14.56005859375,-107.93987245927715,65.99051924939357,0.24964084239175174,-0.9386017092888649,0.0024798064951634946,403.25727106141386,0.2546101682490476,14.950028896331787,-12.600029945373535,2.349998950958252,-12.650030136108398,2.399998903274536,17,straight,63.21437447288706,227.57174810239343
2289.209643874142,-103.326416015625,59.411956787109375,14.575942993164062,-103.20818771140006,59.50205319384305,0.14864486007334976,-0.9196248953862619,0.0017109660172703878,584.4651441969393,0.11252700090287338,14.90002989768982,-12.800030708312988,2.099999189376831,-12.850030899047852,2.1499991416931152,17,straight,64.69265421005045,232.89355515618163
2297.36998874029,-98.349609375,52.944915771484375,14.57806396484375,-98.32080648822605,52.967257653680534,0.03645224254527921,-0.9110602857185071,0.0008389859013470669,1191.915142309794,0.011269121195933707,15.000030875205994,-13.050031661987305,1.949999213218689,-13.100031852722168,1.9999991655349731,17,straight,66.16041912727749,238.177508858199
2305.6574899053116,-93.25405883789062,46.40901184082031,14.5777587890625,-93.3210932773275,46.35645591365882,-0.08518064070210422,-0.9058793482469083,0.0006352042112523493,1574.296867504122,-0.010599507002539976,15.550033450126648,-13.700034141540527,1.8499993085861206,-13.75003433227539,1.8999992609024048,17,straight,67.61845424894693,243.42643529620895
2314.060805392404,-88.05195617675781,39.809478759765625,14.576278686523438,-88.22063923252762,39.67574540193951,-0.21526398746489517,-0.9004558637484197,0.0006261990520061156,1596.9363045126963,-0.013318447436960756,16.399033188819885,-14.699033737182617,1.699999451637268,-17.00002670288086,1.7499994039535522,17,straight,69.06544325629505,248.6355957226622
2322.5637335515003,-82.75079345703125,33.16136169433594,14.575515747070312,-83.02670291596878,32.94029053971541,-0.353551247963373,-0.8952965221254585,0.0005255557142524458,1902.7478398220958,-0.024293690845567095,17.298032879829407,-15.698033332824707,1.5999995470046997,-18.60000228881836,1.6499994993209839,17,straight,70.49936190650153,253.79770286340553
2331.1012819229627,-77.3994140625,26.509109497070312,14.572128295898438,-77.7887161342417,26.19475248827643,-0.500376290445717,-0.8915057788560834,0.00043975802054702084,2273.977854357464,-0.03699643748575898,18.297032475471497,-16.697032928466797,1.5999995470046997,-18.60000228881836,1.6499994993209839,17,straight,71.91035687710557,258.87728475758007
2339.783616734568,-71.93231201171875,19.764205932617188,14.56915283203125,-72.44144098556373,19.349900444850658,-0.6564002964669587,-0.8877251816164684,0.0004765573194975281,2098.383466346459,-0.03396993226727485,19.24603307247162,-17.696033477783203,1.5499995946884155,-18.60000228881836,1.5999995470046997,17,straight,73.3174366097536,263.94277179511295
2348.57655268253,-66.36685180664062,12.956756591796875,14.566192626953125,-67.00230294754134,12.434825252010793,-0.8223201784724244,-0.8831686564998932,0.0006119627666026362,1634.0863440950598,-0.035171016317625536,19.195029854774475,-17.695030212402344,1.4999996423721313,-18.500003814697266,1.5499995946884155,17,straight,74.71543816226354,268.9755773841487
2357.475395270286,-60.69744873046875,6.09765625,14.56292724609375,-61.465123864681914,5.45899345959519,-0.9986066650773244,-0.876878492698328,0.0006853129202429864,1459.1874316997223,-0.018535811951525538,18.246029257774353,-16.696029663085938,1.5499995946884155,-18.400005340576172,1.5999995470046997,17,straight,76.10413591238488,273.9748892845856
2366.475998399282,-54.918731689453125,-0.8028717041015625,14.562911987304688,-55.825395534337,-1.5663736265102552,-1.1853162080817818,-0.8709063437857367,0.0005882438446013216,1699.9752894613684,0.0005816142653047862,17.347028613090515,-15.697029113769531,1.6499994993209839,-18.25000762939453,1.699999451637268,17,straight,77.48340040415549,278.9402414549598
2375.5776340570897,-49.03910827636719,-7.750518798828125,14.563034057617188,-50.092048503036494,-8.64562138187318,-1.3819883339277284,-0.8662452597612865,0.00033106776593261333,3020.529640458997,-0.05238029660565857,16.448028922080994,-14.698029518127441,1.7499994039535522,-18.000011444091797,1.7999993562698364,17,straight,78.85361799541866,283.87302478350716
2384.7755363940414,-43.0743408203125,-14.752151489257812,14.55322265625,-44.28255873650651,-15.782093996385406,-1.5876309712903918,-0.86488299859569,-0.0001105771419863677,9043.46035750574,-0.11271461079250811,15.599029183387756,-13.699029922485352,1.8999992609024048,-16.100040435791016,1.949999213218689,17,straight,80.0,288.0
2394.072746718529,-37.05413818359375,-21.837005615234375,14.54217529296875,-38.42857820101179,-23.00045883461374,-1.8007522747908211,-0.868342052354152,-0.0005704773216437808,1752.9180601230332,-0.07563628107941645,14.700029492378235,-12.700030326843262,1.9999991655349731,-12.750030517578125,2.049999237060547,17,straight,80.0,288.0
2403.4663428888985,-31.011993408203125,-29.029510498046875,14.539169311523438,-32.56271881326501,-30.323027446712945,-2.0193898529978593,-0.8755841287175075,-0.0007204626468520492,1387.9970104895046,-0.055317367910401316,14.650029301643372,-12.650030136108398,1.9999991655349731,-12.700030326843262,2.049999237060547,17,straight,78.74667740299854,283.48803865079475
2412.948230377989,-24.960281372070312,-36.32902526855469,14.531692504882812,-26.690325207326907,-37.753592372280686,-2.2410807894691436,-0.8819321746096591,-0.0005889828517335882,1697.8423005977859,-0.08037064789577775,14.800029873847961,-12.800030708312988,1.9999991655349731,-12.850030899047852,2.049999237060547,17,straight,77.31671150109905,278.3401614039566
2422.524238616904,-18.895111083984375,-43.73939514160156,14.523849487304688,-20.803865824421433,-45.29560866836531,-2.462751550608264,-0.8867936721491676,-0.00020774710497889481,4813.544814988352,-0.12154519382004958,14.95003092288971,-13.050031661987305,1.8999992609024048,-13.100031852722168,1.949999213218689,17,straight,75.84519319293356,273.04269549456086
2432.1869331825133,-12.786697387695312,-51.22636413574219,14.50823974609375,-14.86270909618194,-52.92211409556148,-2.680558251558935,-0.8858767248098139,0.00013234773680798062,7555.852666002669,-0.8567616715406512,15.899030566215515,-14.049031257629395,1.8499993085861206,-14.150035858154297,1.8999992609024048,17,straight,74.33083167626349,267.59099403454854
2441.913351615452,-6.63311767578125,-58.75721740722656,14.356842041015625,-8.868115439204924,-60.58900335273013,-2.8897499463886533,-0.884222777997769,0.00018676685362828405,5354.269135947791,-1.512716289371585,16.00003492832184,-14.100035667419434,1.8999992609024048,-14.150035858154297,1.949999213218689,17,straight,72.77466552656979,261.98879589565126
2451.7607796994084,-0.377288818359375,-66.36087036132812,14.212249755859375,-2.759109863343381,-68.32099153691183,-3.084663111800113,-0.8822169073464045,0.00011820768961101624,8459.686533851398,-1.5084667110353056,15.900034546852112,-14.000035285949707,1.8999992609024048,-14.05003547668457,1.949999213218689,17,straight,71.16448038886556,256.192129399916
2461.6378701433737,5.89508056640625,-73.98916625976562,14.059280395507812,3.3793477822927187,-76.06084348783057,-3.258950441222828,-0.8818962673755197,-6.873962382192289e-06,145476.5016739986,-1.892716071201217,15.00003182888031,-13.250032424926758,1.7499994039535522,-13.300032615661621,1.7999993562698364,17,straight,69.51198791152272,250.2431564814818
2471.5585164410218,12.1986083984375,-81.64654541015625,13.837234497070312,9.568292201556392,-83.81055036979673,-3.406094649437043,-0.8823564305093602,-6.0987514467536474e-05,16396.798733817854,-2.5176976711236976,14.950031876564026,-13.250032424926758,1.699999451637268,-13.350032806396484,1.7499994039535522,17,straight,67.81168431012524,244.12206351645088
2481.597023070492,18.568939208984375,-89.39970397949219,13.556106567382812,15.848832728923671,-91.63411397514894,-3.520165804555096,-0.8831169892089905,-8.64100622670061e-05,11572.726297893543,-3.0638452963581475,15.00003206729889,-13.300032615661621,1.699999451637268,-13.350032806396484,1.7499994039535522,17,straight,66.04663987278337,237.76790354202015
2491.7280812798667,24.991241455078125,-97.22776794433594,13.218780517578125,22.209765827313277,-99.50800777587743,-3.5966790734229046,-0.884101263543194,-0.00016794141124387707,5954.457525355937,-3.460455667888618,14.950032114982605,-13.300032615661621,1.6499994993209839,-13.350032806396484,1.699999451637268,17,straight,64.21615418032773,231.17815504917985
2501.927452028351,31.442962646484375,-105.11878967285156,12.852401733398438,28.62752325060257,-107.4154103791815,-3.63334084013965,-0.886541014060941,-0.0003349188946399906,2985.7975050195814,-3.722566221632606,14.850032210350037,-13.300032615661621,1.5499995946884155,-13.350032806396484,1.5999995470046997,17,straight,62.3190378275381,224.34853617913714
2512.063911773601,37.82606506347656,-112.98335266113281,12.461929321289062,35.00287217787245,-115.26587513228421,-3.6304719941953527,-0.8909001117640242,-0.00018613762253849586,5372.369037286839,-4.0006371849738205,14.850032448768616,-13.350032806396484,1.4999996423721313,-13.400032997131348,1.5499995946884155,17,straight,60.37459038903962,217.34852540054263
2521.897301115732,44.001373291015625,-120.62501525878906,12.054367065429688,41.21001462082002,-122.88409203462915,-3.590976344229544,-0.8904037842087965,0.00017128708472108345,5838.15178843377,-4.417588115413418,15.050033688545227,-13.650033950805664,1.399999737739563,-13.700034141540527,1.4499996900558472,17,straight,58.426474362428344,210.33530770474204
2531.329368606306,49.93357849121094,-127.94471740722656,11.613006591796875,47.20351211537503,-130.16645464533374,-3.5198549361673863,-0.8876951791492695,0.00042713366312208123,2341.1875165507267,-4.566643803287274,15.84903347492218,-14.649033546447754,1.1999999284744263,-19.449989318847656,1.3499997854232788,17,straight,56.494779787587795,203.38120723531605
2540.405552032171,55.67424011230469,-134.963134765625,11.2083740234375,53.03003900406672,-137.1375009093299,-3.4234000098874016,-0.8825960295748991,0.0003177920110724042,3146.7122053366056,-4.340403111803237,16.798033118247986,-15.648033142089844,1.149999976158142,-22.44994354248047,1.2999998331069946,17,straight,54.57145273111414,196.4572298320109
2549.1527693099374,61.22479248046875,-141.7135772705078,10.838638305664062,58.67103048935941,-143.81666910559392,-3.308276828507639,-0.8818734028005828,-1.4727796865399156e-07,1000000.0,-4.275720787929882,17.847033619880676,-16.64703369140625,1.1999999284744263,-22.44994354248047,1.2999998331069946,17,straight,52.65139406723626,189.54501864205054
2557.5866198690996,66.57579040527344,-148.22232055664062,10.47406005859375,64.1191365040349,-150.24266317265307,-3.1807126051478662,-0.8825476209228117,6.560897803603583e-05,15241.81643937128,-4.317297319887614,16.99803364276886,-15.798033714294434,1.1999999284744263,-22.44994354248047,1.2499998807907104,17,straight,50.73135645551952,182.63288323987027
2565.6855673319214,71.72116088867188,-154.46701049804688,10.124832153320312,69.37182225294033,-156.4056572242163,-3.0459387968618765,-0.8808842580524167,0.0001709476319494696,5849.744676753346,-4.277049075051953,15.99903404712677,-14.799034118652344,1.1999999284744263,-22.44994354248047,1.2499998807907104,17,straight,48.81653433305059,175.73952359898212
2573.5043045253374,76.69888305664062,-160.4873809814453,9.793060302734375,74.45797985446261,-162.34060735905564,-2.907936582562003,-0.8798075675631306,0.00021904247895626616,4565.32451954061,-4.1896218379032675,14.800034642219543,-13.800034523010254,1.0000001192092896,-22.39455223083496,1.2499998807907104,17,straight,46.8938432894464,168.81783584200704
2581.077576943653,81.5291748046875,-166.31185913085938,9.479705810546875,79.39897950948475,-168.0816359637551,-2.7694479655625246,-0.8775520575805162,0.0003922402374152423,2549.4579714455895,-4.060939379786888,14.950034499168396,-13.800034523010254,1.149999976158142,-22.2517032623291,1.2499998807907104,17,straight,44.953178994911724,161.83144438168222
2588.4359350523896,86.23394775390625,-171.9620361328125,9.186370849609375,84.21535327321773,-173.65128127010476,-2.6321612434141843,-0.8739907878011309,0.0022453195799003733,445.3708990701318,-3.9473534921052433,14.900034308433533,-13.75003433227539,1.149999976158142,-22.056379318237305,1.1999999284744263,17,straight,42.983744365000085,154.74147971400032
2595.594710832056,90.89582824707031,-177.38758850097656,8.906509399414062,89.02708753667126,-179.04369347043504,-2.496973270295025,-0.8456499839617105,0.005528724050237854,180.87355977858553,-4.038288069678641,14.850033640861511,-13.6000337600708,1.2499998807907104,-21.843564987182617,1.2999998331069946,18,left,40.97698889909405,147.5171600367386
2602.6305816745767,95.69099426269531,-182.52801513671875,8.61346435546875,94.00175901330816,-184.18215400475506,-2.3642527619779927,-0.7958950719324028,0.008756749429759902,114.19762641620072,-4.1688826020935155,14.850031971931458,-13.250032424926758,1.5999995470046997,-21.64824104309082,1.6499994993209839,18,left,38.903954098802686,140.05423475568966
2609.52956821141,100.69581604003906,-187.26773071289062,8.325592041015625,99.215866018247,-188.9412815239799,-2.2340600672989916,-0.7240827809876544,0.0101612532546837,98.41305741878472,-4.27941993954255,14.846012115478516,-12.596013069152832,2.2499990463256836,-21.50539207458496,2.2999989986419678,18,left,36.75790218919321,132.32844788109557
2616.3132923272615,105.92001342773438,-191.58493041992188,8.028167724609375,104.63392232801533,-193.25301666242865,-2.1063100505901033,-0.656804924565433,0.010365690433618568,96.47210732405686,-4.539640827418944,14.797011613845825,-11.597013473510742,3.199998140335083,-21.450000762939453,3.249998092651367,18,left,36.39361850387025,131.0170266139329
2623.006213758921,111.35244750976562,-195.48175048828125,7.714080810546875,110.25948169698295,-197.13381840109193,-1.9808843117280477,-0.5844688869579108,0.010110384259347627,98.9082090599517,-4.672123624697044,14.797011852264404,-10.598013877868652,4.198997974395752,-20.748437881469727,4.399998664855957,18,left,36.850257308855866,132.66092631188113
2629.6251900292045,116.98039245605469,-198.9519500732422,7.40618896484375,116.05392883285026,-200.56214889403014,-1.8577069434084479,-0.5221139461206855,0.009795908080292737,102.08344053490919,-4.4742514884475,14.797012329101562,-9.599014282226562,5.197998046875,-19.205001831054688,5.5500030517578125,18,left,37.43708323267631,134.7734996376347
2636.1927240599875,122.77182006835938,-202.0361328125,7.1239013671875,122.00804175604286,-203.59597774257105,-1.7367997916378985,-0.4553335041771009,0.010629010593837751,94.08213409625893,-4.1860916475053305,14.450018882751465,-8.600014686584473,5.850004196166992,-17.661563873291016,5.9000043869018555,18,left,35.80044951594555,128.881618257404
2642.6464236975394,128.66151428222656,-204.6614990234375,6.8608551025390625,128.0555185532201,-206.16207076691177,-1.618315908865584,-0.3838151032840655,0.012152217467505888,82.28950828718499,-4.090143146417258,14.450018882751465,-7.65001106262207,6.8000078201293945,-17.08475685119629,6.850008010864258,18,left,33.61217292919831,121.00382254511392
2648.959146877027,134.60438537597656,-206.7747039794922,6.601776123046875,134.15964286880086,-208.20993568490158,-1.502559797778869,-0.3004916777432157,0.013262380612869218,75.40124425547288,-4.133014578436612,14.498011589050293,-6.748000144958496,7.750011444091797,-15.81578254699707,7.80001163482666,18,left,32.1746337472411,115.82868149006798
2655.1977923781424,140.63055419921875,-208.3679962158203,6.3421478271484375,140.3307941608432,-209.72528194398288,-1.3899930318101177,-0.21736336789434269,0.013474888883793112,74.21211474350244,-4.13243854219858,14.498011112213135,-5.749000072479248,8.749011039733887,-14.546808242797852,8.850015640258789,18,left,31.919917435186377,114.91170276667096
2661.4108074113124,146.74366760253906,-209.447998046875,6.0872039794921875,146.57413190227,-210.71793484816362,-1.2812032754145126,-0.13271461674596147,0.012804266485320959,78.09896811710519,-3.7962126762539237,14.400018692016602,-4.75,9.650018692016602,-13.970001220703125,9.700018882751465,18,left,32.74515145727461,117.8825452461886
2667.6672295488934,152.96914672851562,-210.02992248535156,5.869049072265625,152.90119526741034,-211.20479748755167,-1.176838422155341,-0.057772821487393974,0.011511824621951494,86.86720244965643,-3.3313555606928724,14.300018310546875,-4.099997520446777,10.200020790100098,-13.734064102172852,10.250020980834961,18,left,34.53442849192806,124.32394257094103
2673.956748615839,159.25387573242188,-210.17259216308594,5.6693572998046875,159.26646194254963,-211.2500287726438,-1.0775101207417563,0.01168109339958978,0.011288671139173534,88.58438585652802,-3.189709530164003,14.150020360946655,-3.499997854232788,10.650022506713867,-13.215001106262207,10.70002269744873,18,left,34.87409489268343,125.54674161366036
2680.262704713049,165.54925537109375,-209.86854553222656,5.46728515625,165.63220071855568,-210.84872539198773,-0.9836831238498619,0.08442144875498987,0.012538810007741874,79.7523847464446,-3.0017112730334192,14.000022649765015,-2.899998426437378,11.100024223327637,-12.695938110351562,11.1500244140625,18,left,33.08995638291488,119.12384297849356
2686.6126634460857,171.8444061279297,-209.0552215576172,5.289642333984375,171.99632766113342,-209.9378179406276,-0.895576086970867,0.17045983759048955,0.012450845344732453,80.3158317618223,-2.568252646024116,14.200024127960205,-2.7499985694885254,11.45002555847168,-12.332509994506836,11.500025749206543,18,left,33.20664018183569,119.54390465460848
2693.00343431677,178.095947265625,-207.7369384765625,5.1402587890625,178.29156368376303,-208.5261571505239,-0.8131001773302778,0.2429643424183953,0.011052070069712983,90.48078719120622,-2.2694190707547026,14.2000253200531,-2.4999988079071045,11.700026512145996,-11.53296947479248,11.75002670288086,18,left,35.24540787665961,126.88346835597461
2699.412936913939,184.25808715820312,-205.97914123535156,4.999176025390625,184.48390938746144,-206.67948679048394,-0.735852958015967,0.3119183595196123,0.011086572677337037,90.19920124135218,-2.181350707106988,14.100027084350586,-2.049999237060547,12.050027847290039,-10.733428955078125,12.100028038024902,18,left,35.19052138850615,126.68587699862213
2705.8533144780104,190.30752563476562,-203.77383422851562,4.8599700927734375,190.55685874435423,-204.38834701342893,-0.6631688792148132,0.38544580524957234,0.011707510546223876,85.41525510925452,-1.9669430827878531,13.600029826164246,-1.0500000715255737,12.550029754638672,-10.370000839233398,12.600029945373535,18,left,34.24459834957973,123.28055405848704
2712.268549655921,196.1510467529297,-201.12892150878906,4.7462158203125,196.41612866688467,-201.66072843692854,-0.5942112670786129,0.4624109832594446,0.012263332370390123,81.54390420131685,-1.4844937922948054,15.099028944969177,-1.5499995946884155,13.549029350280762,-10.648125648498535,13.6000337600708,18,left,33.45955079480568,120.45438286130045
2718.64771614296,201.74366760253906,-198.06126403808594,4.669830322265625,202.01622669483416,-198.51356961976194,-0.5280802950385393,0.5423286647956547,0.012459511971456894,80.2599654216689,-0.9178012145558967,15.750033736228943,-1.949999213218689,13.800034523010254,-11.260000228881836,13.850034713745117,18,left,33.19508918294049,119.50232105858578
2725.043887875003,207.0843505859375,-194.5418243408203,4.629058837890625,207.35449654139802,-194.9189642383239,-0.4639109176778249,0.6215831330792753,0.01127291982622125,88.70816216344953,-0.5007836104801155,16.000033617019653,-2.1999990940093994,13.800034523010254,-11.230000495910645,20.12884521484375,18,left,34.89845065145828,125.63442234524982
2731.4712442973027,212.1785430908203,-190.62269592285156,4.6056976318359375,212.43277242878827,-190.93273187747357,-0.40094245153389785,0.6868173704510969,0.01029188798137981,97.16390246466055,-0.5261351168902695,16.250032424926758,-2.649998664855957,13.6000337600708,-11.480000495910645,26.555158615112305,18,left,36.52387353152851,131.48594471350265
2737.9193636381256,217.0207977294922,-186.36489868164062,4.561248779296875,217.25258277391094,-186.61166544802325,-0.3385530147659946,0.7541020110726366,0.010199310504761305,98.04584334727076,-0.7294553731596654,17.74903154373169,-3.149998188018799,14.59903335571289,-11.798750877380371,33.00212478637695,18,left,36.689259702617576,132.0813349294233
2744.4181133058783,221.58860778808594,-181.74252319335938,4.5112152099609375,221.79037783575947,-181.93122913170816,-0.2762627070494284,0.8188425711711229,0.010615550848887323,94.20142338678691,-0.7429596127623284,17.789992332458496,-3.8499975204467773,13.939994812011719,-12.500000953674316,39.49968338012695,18,left,35.962766079911695,129.4659578876821
2751.008674873837,225.90878295898438,-176.76564025878906,4.46405029296875,226.0752822364044,-176.89962853101554,-0.21371679034560948,0.8931731148206447,0.009782460884947719,102.2237667761801,-0.8504823193349942,17.39099407196045,-4.44999885559082,12.940995216369629,-13.201251029968262,39.49968338012695,18,left,37.46280533326191,134.86609919974288
2757.674340060437,229.96197509765625,-171.4742889404297,4.3982696533203125,230.08437288933658,-171.56213282650975,-0.15065778350245987,0.9482951199150388,0.007267658297257618,137.59590215975626,-1.0339017121468064,17.041996955871582,-5.100001335144043,11.941995620727539,-13.520001411437988,32.83534240722656,18,left,39.50119761023809,142.20431139685712
2764.4427288900424,233.7702178955078,-165.87937927246094,4.3250579833984375,233.84289201840886,-165.92701347965837,-0.08689387685426576,0.9905998084142875,0.006686671288360868,149.5512425951978,-1.0704992344512443,17.04199743270874,-6.099001407623291,10.94299602508545,-14.188149452209473,26.806907653808594,18,left,41.468604285665585,149.28697542839612
2771.3350370920402,237.4126434326172,-160.02862548828125,4.2520599365234375,237.43184390766635,-160.03990240656802,-0.022267176025702586,1.0397488418620857,0.006229524064390146,160.52590690134807,-0.9210545617221788,17.0419979095459,-7.098001480102539,9.94399642944336,-15.8585205078125,20.778472900390625,18,left,43.38043604611432,156.16956976601156
2778.3324979489958,240.82801818847656,-153.92152404785156,4.197418212890625,240.78982259658417,-153.90096115528104,0.04337897867489901,1.0769354281369978,0.006199570085679729,161.30150739159822,-0.5856708442896263,17.0419979095459,-8.097001075744629,8.94499683380127,-18.030000686645508,14.750038146972656,18,left,45.23885708527444,162.85988550698798
2785.452416752045,244.05255126953125,-147.57369995117188,4.16986083984375,243.95297110965222,-147.52641661343085,0.110235757671755,1.1274892410910486,0.005784485061408495,172.8762352022575,-0.333445155347889,17.041998386383057,-9.096000671386719,7.945997714996338,-20.20148277282715,11.050024032592773,18,left,47.05452491029632,169.39628967706676
2792.6685252342204,247.03939819335938,-141.00479125976562,4.14971923828125,246.87571396467183,-140.9334174393597,0.17856861135255347,1.1596071113560147,0.005280176551333393,189.38760669801314,-0.18743369949930644,17.0419979095459,-10.095000267028809,6.94699764251709,-21.87185287475586,8.150012969970703,18,left,48.82587792478329,175.77316052921987
2800.0000655759036,249.81600952148438,-134.21937561035156,4.1428070068359375,249.58375347777306,-134.13027927625845,0.2487589728818991,1.2044963863119003,0.006057892867317061,165.07389977051267,-0.11870635357606463,17.04199743270874,-11.093999862670898,5.947997570037842,-22.540000915527344,7.100008964538574,18,left,47.606204877707874,171.38233755974835
2807.4341178537393,252.32186889648438,-127.22039794921875,4.13214111328125,252.01702011056912,-127.1187804422818,0.3213392288378346,1.2490420969127158,0.005941835213957525,168.29817118639946,-0.15434156273534394,17.041996955871582,-12.092999458312988,4.948997497558594,-23.243125915527344,5.450002670288086,18,left,48.06888561898586,173.0479882283491
2814.9729527127365,254.5436553955078,-120.01640319824219,4.1196746826171875,254.16181617769274,-119.90770081656345,0.39701057422222685,1.2934522027963367,0.00573053375775745,174.50381452622898,-0.14846765814641727,17.041996479034424,-13.091999053955078,3.9499974250793457,-24.11758041381836,4.149997711181641,18,left,48.9470833228406,176.20949996222615
2822.6177390513903,256.47764587402344,-112.62030029296875,4.1096343994140625,256.01409133504524,-112.50942306010444,0.4766304347971883,1.3360181416620351,0.005335466261354949,187.4250442258534,-0.07354381631956564,17.090996980667114,-14.090998649597168,2.9999983310699463,-25.12000274658203,3.0999982357025146,18,left,50.726881768352875,182.61677436607036
2830.3666314517445,258.12884521484375,-105.04937744140625,4.1084747314453125,257.5783506160007,-104.94050040564909,0.5611581882772898,1.3755359166852525,0.004598005759541002,217.48559099234916,-0.007630362300431459,17.43999719619751,-15.089998245239258,2.349998950958252,-26.12242317199707,2.4499988555908203,18,left,52.493753490482,188.9775125657352
2838.2220969054233,259.5225067138672,-97.31852722167969,4.10845947265625,258.879598001099,-97.21270461072355,0.651559696376962,1.407659378695484,0.003398806408200894,294.2209352045251,-2.6705539835081282e-06,18.13899803161621,-16.088998794555664,2.049999237060547,-26.996877670288086,2.099999189376831,19,straight,54.22619363572053,195.2142970885939
2846.1870682372373,260.7283172607422,-89.44535827636719,4.1084747314453125,259.9871310715994,-89.33966735984073,0.7486838697422851,1.4291542353371025,0.002077343676859078,481.3839958884365,0.00017877533588228633,19.03799855709076,-17.08799934387207,1.949999213218689,-27.615392684936523,1.9999991655349731,19,straight,55.92801912177275,201.3408688383819
2855.5021352877316,261.97015380859375,-80.21343994140625,4.108489990234375,261.12411213207037,-80.10363926400608,0.8531369803097282,1.4417360584898793,0.0016276939665584855,614.3661035460799,-0.004571049293838891,20.08699905872345,-18.086999893188477,1.9999991655349731,-35.81024169921875,2.049999237060547,19,straight,57.854838763781274,208.2774195496126
2865.15963325071,263.1665954589844,-70.63034057617188,4.107574462890625,262.2073171501145,-70.52384135331306,0.9651719838131697,1.4602289571975309,0.002376230910719035,420.8345222213296,-0.02070665394785509,20.100010633468628,-18.000011444091797,2.099999189376831,-45.466739654541016,2.1499991416931152,19,straight,59.78696224211324,215.23306407160766
2873.6825800458814,264.00372314453125,-62.14860534667969,4.1049652099609375,262.9231618049783,-62.054527684788034,1.0846489823917587,1.4839516210665697,0.0025985898174051836,384.8241047132817,-0.02165531800024656,19.900014400482178,-17.750015258789062,2.1499991416931152,-53.988685607910156,2.349998950958252,19,straight,61.44165190644823,221.18994686321363
2882.240237393187,264.65582275390625,-53.61582946777344,4.1038818359375,263.44743581504895,-53.53572357247331,1.211039201868696,1.5046015862122857,0.002344956853104596,426.44707883475724,-0.014266944327559483,20.000017881393433,-17.500019073486328,2.4999988079071045,-62.54534149169922,2.649998664855957,19,straight,63.05941063800897,227.0138782968323
2890.8826654180425,265.1426086425781,-44.98712158203125,4.102508544921875,263.8005934770026,-44.92464213210047,1.343468788732492,1.5242734791403878,0.0021916823658852946,456.2704959283943,-0.011026782053949469,20.100022792816162,-17.1500244140625,2.949998378753662,-71.186767578125,2.9999983310699463,19,straight,64.65212378807769,232.74764563707967
2899.6370650905496,265.4671325683594,-36.238739013671875,4.1019744873046875,263.9869510588271,-36.19715648664104,1.4807654803227515,1.5427108569763697,0.0021628883041932556,462.3447258285462,0.029586028264855235,20.10002851486206,-16.750030517578125,3.3499979972839355,-79.94017028808594,3.3999979496002197,19,straight,66.22643211607479,238.41515561786926
2908.4895152681847,265.6307067871094,-27.387802124023438,4.1077880859375,264.00930446055924,-27.37413338915793,1.6214599405643977,1.562366333293862,0.001864944646345179,536.2089443028498,-0.006193001276066923,20.10003352165222,-16.400035858154297,3.699997663497925,-88.79161834716797,3.749997615814209,19,straight,67.78120111142819,244.01232400114148
2917.4244648347167,265.6442565917969,-18.452865600585938,4.1007537841796875,263.88057794970354,-18.46173368532123,1.7637009370930945,1.5758244593519648,0.0019439417291495231,514.4187117365402,-0.03824064858832521,19.90004014968872,-15.950042724609375,3.9499974250793457,-97.7255630493164,3.99999737739563,19,straight,69.31510542232326,249.53437952036373
2926.4599119190834,265.50135803222656,-9.418548583984375,4.1009979248046875,263.5969641947737,-9.469201940722037,1.9050673611915439,1.597388209055001,0.0022269811198655787,449.0383825348103,0.08481608075246172,19.500038623809814,-15.550041198730469,3.9499974250793457,-106.65553283691406,3.99999737739563,19,straight,70.83249085601578,254.9969670816568
2935.5779959352008,265.17286682128906,-0.306396484375,4.1162872314453125,263.13267471265505,-0.39914460703234717,2.0422992078510482,1.616225533467706,0.002080039834551961,480.76002362493176,0.09908154192106167,19.00003695487976,-15.1000394821167,3.8999974727630615,-106.65553283691406,3.9499974250793457,19,straight,72.33149121611926,260.3933683780293
2944.7806845479795,264.6676940917969,8.882415771484375,4.1190338134765625,262.5012200627162,8.742044159699311,2.1710167912930007,1.635498544492659,0.002289748993105689,436.7290925821765,0.01523838761267049,18.80003547668457,-14.700037956237793,4.099997520446777,-106.3666763305664,4.149997711181641,19,straight,73.81354030684582,265.728745104645
2954.070691197664,263.9580535888672,18.145278930664062,4.11907958984375,261.6813193505546,17.944850047022484,2.28553943945463,1.6586034616262553,0.0023423764980904926,426.9168516740161,-0.0026710216540104526,18.700035095214844,-14.250036239624023,4.44999885559082,-105.9303207397461,4.499999046325684,19,straight,75.28006347989528,271.008228527623
2963.4411751957273,263.03990173339844,27.470672607421875,4.1185302734375,260.6749301758543,27.213327800162453,2.3789318648957245,1.6791850489026567,0.0021361315545049275,468.13596189386436,-0.012266414374409451,18.65003490447998,-13.800034523010254,4.850000381469727,-105.38333892822266,4.90000057220459,19,straight,76.73090181990644,276.23124655166316
2972.893197905978,261.9210968017578,36.85624694824219,4.11676025390625,259.49770685147126,36.54433642974444,2.443380245213436,1.6988009364776053,0.0020317757234750156,492.1803073272604,-0.0031052289469701844,18.65003490447998,-13.250032424926758,5.400002479553223,-104.76261138916016,5.450002670288086,19,straight,78.16708848693082,281.40151855295096
2982.424598449572,260.6130828857422,46.29747009277344,4.1179656982421875,258.1687804073658,45.93566722995678,2.470934219549262,1.7177481669105332,0.0019172691950093412,521.5751667022053,0.0252520965882852,18.750035285949707,-12.750030517578125,6.000004768371582,-104.10501098632812,6.050004959106445,19,straight,79.58909714566234,286.5207497243844
2992.032216866351,259.1189270019531,55.78819274902344,4.121612548828125,256.697657053745,55.385792945220516,2.4544803450418153,1.7354847821107697,0.0015160386216030997,659.6138025445376,-0.10448443906007077,18.80003547668457,-12.200028419494629,6.600007057189941,-103.44740295410156,6.650007247924805,19,straight,80.0,288.0
3001.7111144128944,257.4710235595703,65.32574462890625,4.0976104736328125,255.11917074816935,64.9071422839125,2.3888155160515847,1.7469400426043349,0.0010355429851939824,965.6769581734704,-0.662146739059491,18.850035667419434,-11.700026512145996,7.1500091552734375,-102.82667541503906,7.200009346008301,19,straight,80.0,288.0
3011.465393264237,255.722412109375,74.92143249511719,3.9923095703125,253.48958471086584,74.5040669492693,2.2714999868796073,1.7555862739001156,0.0009256036861123862,1080.375991370653,-1.25557810603098,18.850035667419434,-11.250024795532227,7.600010871887207,-102.27969360351562,7.65001106262207,19,straight,80.0,288.0
3021.3024282579418,253.86753845214844,84.58097839355469,3.8513336181640625,251.80382417621735,84.17490958107884,2.1032851668633223,1.7650803504756434,0.0009030071153829922,1107.4109859874916,-1.3358212648074297,18.900035858154297,-10.900023460388184,8.000012397766113,-101.84333801269531,8.050012588500977,19,straight,80.0,288.0
3031.2190144858328,251.9115447998047,94.30197143554688,3.7285919189453125,250.06216929398872,93.92204176883557,1.8879979642890032,1.7734140095903959,0.0007515853256263583,1330.5209214490947,-1.0353395158180652,18.95003604888916,-10.70002269744873,8.25001335144043,-101.55448150634766,8.300013542175293,19,straight,80.0,288.0
3041.2030078846956,249.86886596679688,104.07441711425781,3.64556884765625,248.2725315689612,103.7354569810321,1.6319244717908215,1.7800253231814616,0.0006536476208925945,1529.8762942553676,-0.8398863913920335,18.900035858154297,-10.55002212524414,8.350013732910156,-101.45000457763672,8.40001392364502,19,straight,80.0,288.0
3051.251240154818,247.75082397460938,113.89651489257812,3.560333251953125,246.43907216673009,113.6090840806134,1.3428735149452076,1.7865069250358951,0.0006386122459742238,1565.8954338942676,-0.8590458314051669,18.850035667419434,-10.40002155303955,8.450014114379883,-101.31212615966797,8.500014305114746,19,straight,80.0,288.0
3061.36185807266,245.55511474609375,123.76544189453125,3.472381591796875,244.55123637265865,123.53873860356254,1.0291579911688857,1.7928982061650045,0.0005996140043238452,1667.7395671030902,-0.8756175169612884,18.80003547668457,-10.150020599365234,8.650014877319336,-100.9340591430664,8.7000150680542,19,straight,80.0,288.0
3071.532938568815,243.28656005859375,133.67990112304688,3.3827362060546875,242.60591105721943,133.52206172749428,0.6987104821457043,1.7986641710031646,0.0005330319683874429,1876.06008514884,-0.8817429090070078,18.80003547668457,-9.850019454956055,8.950016021728516,-100.36919403076172,9.000016212463379,19,straight,80.0,288.0
3081.761249053911,240.95071411132812,143.63751220703125,3.292510986328125,240.6019690430296,143.55476198364997,0.35842812687089676,1.8037678464869247,0.0005042453267578018,1983.1616614670547,-0.8814943781846746,18.80003547668457,-9.500018119812012,9.300017356872559,-99.67089080810547,9.350017547607422,19,straight,80.0,288.0
3092.045530464319,238.5508270263672,153.637451171875,3.2019195556640625,238.53743666111757,153.6341996931725,0.01377947732212671,1.8090081411437533,0.0004802047383202779,2082.4450910208197,-0.9451977651591836,18.750035285949707,-9.050016403198242,9.700018882751465,-98.89253234863281,9.750019073486328,19,straight,80.0,288.0
3102.379403550168,236.08839416503906,163.67311096191406,3.097564697265625,236.41001805829035,163.752796572457,-0.33134834425074644,1.8136658649816662,0.0004411402311617074,2266.8528720823765,-0.7763458989192284,18.700035095214844,-8.55001449584961,10.150020599365234,-98.08747863769531,10.200020790100098,19,straight,80.0,288.0
3112.6962280501657,233.58352661132812,173.6810760498047,3.0415191650390625,234.23760419059857,173.84622491765228,-0.6746047941244032,1.8181183211577248,0.00033021667853105896,3028.3146340409444,-0.7414938897901069,18.700035095214844,-8.050012588500977,10.650022506713867,-97.30912017822266,10.750022888183594,19,straight,80.0,288.0
3123.053481681175,231.03887939453125,183.72039794921875,2.9441070556640625,232.0223347984257,183.97118878778485,-1.0149288527566311,1.8204845788925017,0.00024289257569015676,4117.046382165418,-0.8427636766700081,18.700035095214844,-7.450010299682617,11.250024795532227,-96.6108169555664,11.30002498626709,19,straight,80.0,288.0
3133.4746728920636,228.45103454589844,193.8148651123047,2.8665313720703125,229.76028228045172,194.15247925987583,-1.352077269638507,1.823167101918616,0.00025741040269084943,3884.8468808815105,-0.7444032263096313,18.750035285949707,-6.900008201599121,11.850027084350586,-96.04595184326172,11.90002727508545,19,straight,80.0,288.0
