s_m,x_center_m,y_center_m,z_center_m,x_line_m,y_line_m,offset_m,heading_rad,curvature_1_per_m,radius_m,slope_pct,width_m,drive_left_m,drive_right_m,limit_left_m,limit_right_m,segment_id,segment_kind,v_target_ms,v_target_kmh
0.0,251.69300842285156,3.4478302001953125,4.1311187744140625,250.97677544106463,3.4400663909799634,-0.7162750595497034,-1.559956969561388,-0.0025219305307104716,396.5216281030083,0.0012236165158393607,18.800023198127747,-17.200023651123047,1.5999995470046997,-17.250022888183594,93.6579818725586,0,straight,73.79585381555468,265.6650737359968
12.47023790949158,251.55996704101562,-9.021697998046875,4.1312713623046875,250.80317363938585,-9.006098491861856,-0.756954158019883,-1.591406043270558,-0.002378528869420707,420.4279430266285,-0.13863069973346354,19.45001256465912,-17.900012969970703,1.5499995946884155,-17.95001220703125,93.60816955566406,0,straight,75.759008188517,272.73242947866123
23.304240133730865,251.2080078125,-19.849945068359375,4.10308837890625,250.41115039359929,-19.814039151485964,-0.7976659582329207,-1.6158252680616156,-0.0022946104923128458,435.8038121720837,-0.4351145494352948,19.90000569820404,-18.350006103515625,1.5499995946884155,-18.500003814697266,93.59000396728516,0,straight,76.8151435966851,276.53451694806637
34.16198941251565,250.5903778076172,-30.689910888671875,4.03680419921875,249.75441507139647,-30.630973646978685,-0.8380377645476599,-1.6411820974433728,-0.0017035010758914143,587.0263389629597,-0.288961107385341,19.90000569820404,-18.350006103515625,1.5499995946884155,-18.550003051757812,82.73345947265625,0,straight,75.13275874583366,270.4779314850012
45.03411980164161,249.746826171875,-41.529266357421875,4.0403900146484375,248.87238191364628,-41.457376458240304,-0.8773943915671669,-1.652823955552022,-0.0006657264166184673,1502.1185505593469,0.02742528112797682,19.850005745887756,-18.350006103515625,1.4999996423721313,-18.550003051757812,71.8623275756836,0,straight,73.40952253541812,264.2742811275052
55.92319031791001,248.83978271484375,-52.3804931640625,4.0427703857421875,247.9283892747869,-52.30296701007836,-0.9146848129985687,-1.6556553691151872,-0.00033784722895681407,2959.9177210591442,0.0758703943238237,19.80000865459442,-18.150009155273438,1.6499994993209839,-18.500003814697266,60.97425842285156,0,straight,71.64206671113723,257.91144016009406
66.83828163447234,247.89183044433594,-63.25433349609375,4.0569610595703125,246.94715403429598,-63.169655460436076,-0.9484639631577123,-1.6601944861206437,-0.000368726769499228,2712.0352594906826,0.18270216820072682,20.050008416175842,-18.150009155273438,1.8999992609024048,-18.25000762939453,50.060176849365234,0,straight,69.82550259529748,251.37180934307094
77.77533487601852,246.8950958251953,-74.14584350585938,4.0827178955078125,245.9223618696733,-74.05520148377536,-0.9769479640149706,-1.663710767561421,-0.00017419674990300227,5740.635233187924,0.283790200274997,19.950016498565674,-17.600017547607422,2.349998950958252,-17.80001449584961,39.480560302734375,0,straight,67.9565951999284,244.64374271974225
88.73544796605646,245.86863708496094,-85.05772399902344,4.1191253662109375,244.87481678849525,-84.96482503921817,-0.998152793113382,-1.6640021005051278,0.0002106094251669438,4748.125584632928,0.27703866571038294,19.741008758544922,-16.891010284423828,2.8499984741210938,-17.350021362304688,33.95944595336914,0,straight,66.030704437974,237.71053597670638
99.66961599117361,244.86288452148438,-95.94551086425781,4.143402099609375,243.85670928505075,-95.85641815149795,-1.0101119333416295,-1.6591119188858494,0.0006748648611370062,1481.778141945647,0.12122276677140331,19.24200677871704,-15.892008781433105,3.3499979972839355,-16.85002899169922,28.621355056762695,0,straight,64.05169690641864,230.5861088631071
110.59086013561006,243.94784545898438,-106.82835388183594,4.1456451416015625,242.93981742636353,-106.74909907449529,-1.011138882170031,-1.6492585309592638,0.0011410377401201016,876.395201349557,-0.004972603246064522,18.84300661087036,-14.893009185791016,3.9499974250793457,-16.300037384033203,23.832321166992188,0,straight,62.012015807060386,223.24325690541738
121.53439384215882,243.1675567626953,-117.74403381347656,4.142303466796875,242.16948214565508,-117.6807146560645,-1.000081125147041,-1.634152725122755,0.0019056688169412916,524.7501512907461,-0.04971346388119302,18.744009971618652,-13.894009590148926,4.850000381469727,-15.700041770935059,19.958393096923828,0,straight,59.89854377919486,215.6347576051015
132.49376923257645,242.60690307617188,-128.68905639648438,4.1347503662109375,241.6310531323501,-128.65322089249668,-0.9765077041186049,-1.607502183884541,0.00328536896891371,304.3798153151257,0.04090675105092034,18.74401044845581,-12.895009994506836,5.849000453948975,-14.850038528442383,17.365604400634766,0,straight,57.704488670086405,207.73615921231107
143.45541614294297,242.4436492919922,-139.64947509765625,4.151275634765625,241.50291298135957,-139.6576278416232,-0.940771637208968,-1.562130200295188,0.004471100462298205,223.65858437588912,0.15588367887899302,18.74401092529297,-11.896010398864746,6.848000526428223,-12.700030326843262,16.420001983642578,0,straight,55.42316300806425,199.5233868290313
154.40161338416905,242.81907653808594,-150.58921813964844,4.1688995361328125,241.92682140249133,-150.6439247312265,-0.8939306674217309,-1.5095602613585493,0.0044880971299119665,222.81157716825413,0.5805473142088347,18.744011402130127,-10.897010803222656,7.847000598907471,-11.350025177001953,16.35003662109375,0,straight,55.31811819674276,199.14522550827394
165.32700686230274,243.75067138671875,-161.47427368164062,4.278076171875,242.91790222447204,-161.56358768906642,-0.8375449059671514,-1.4639553045270743,0.003594020602051662,278.23991866633867,0.8749351837579689,18.74401092529297,-9.898011207580566,8.845999717712402,-10.100020408630371,15.450040817260742,1,straight,57.59619488193627,207.34630157497057
176.24950796009045,245.09957885742188,-172.31285095214844,4.3600616455078125,244.33371736725186,-172.4205910947523,-0.7734027155717335,-1.4310351222915554,0.002858651233132975,349.8153214388582,0.6710013555832284,18.74401092529297,-8.899011611938477,9.844999313354492,-9.000016212463379,24.04991912841797,1,straight,59.78696371889357,215.23306938801684
187.1801078159356,246.7817840576172,-183.113037109375,4.4246978759765625,246.08860036379147,-183.23153370219558,-0.7032389891750633,-1.401487427385006,0.003151281734813209,317.3311954157201,0.6443194798249036,18.74401092529297,-7.900012016296387,10.843998908996582,-7.95001220703125,24.04991912841797,1,straight,58.53124780224049,210.71249208806577
198.11246328128578,248.83106994628906,-193.85133361816406,4.5009307861328125,248.2162049972167,-193.9815257604049,-0.6284973345202327,-1.362137217110664,0.003398095197119179,294.2825147593791,0.5205848168163496,17.599026679992676,-6.950008392333984,10.649018287658691,-7.050008773803711,20.549972534179688,1,straight,56.289569124404196,202.64244884785512
209.0302892907808,251.291259765625,-204.48829650878906,4.5384979248046875,250.75732242301166,-204.6209784314734,-0.5501759522590952,-1.3272325840775185,0.004208304603294001,237.62538463049032,-0.09351845059910324,15.697017192840576,-6.046998500823975,9.650018692016602,-6.100005149841309,9.700018882751465,2,left,53.95800493572319,194.2488177686035
219.94454090964553,254.22341918945312,-215.0011444091797,4.4805450439453125,253.77567211883513,-215.1399078413628,-0.4687565779359602,-1.270268412514976,0.005173853462531006,193.2795366629515,-0.288388359353825,14.948018074035645,-5.047998428344727,9.900019645690918,-5.2000017166137695,9.950019836425781,2,left,51.52185125292934,185.47866451054563
230.83194427752545,257.7391357421875,-225.30528259277344,4.475494384765625,257.379053337849,-225.43932622416008,-0.38422263471783813,-1.2144315814762565,0.004959241493716751,201.64373952488052,-0.3142712461461139,14.899021625518799,-4.0489983558654785,10.85002326965332,-4.149997711181641,11.00002384185791,2,left,52.624852670907394,189.44946961526662
241.70182470022473,261.7919616699219,-235.3911590576172,4.412261962890625,261.52017897207537,-235.50877845961506,-0.2961421256340516,-1.1623628583906769,0.005022234196058364,199.11456952462254,-0.6931130756370946,14.740995407104492,-3.0499982833862305,11.690997123718262,-3.0999982357025146,11.800026893615723,2,left,52.293780680413285,188.25761044948783
252.54997824728184,266.38401794433594,-245.2190704345703,4.32501220703125,266.2018885625993,-245.31054075113528,-0.20380856337325018,-1.1053686019929807,0.005292249069365956,188.95558143483336,-0.839406864928624,13.24199628829956,-2.5499987602233887,10.691997528076172,-2.599998712539673,12.350028991699219,2,left,50.94228062646981,183.39221025529133
263.3772708100793,271.52520751953125,-254.74742126464844,4.2303314208984375,271.4330061201873,-254.80059784047447,-0.10643705302929628,-1.0476526006428348,0.0050856295779102,196.63248859955752,-0.8232276383855042,12.342996597290039,-2.649998664855957,9.692997932434082,-2.7499985694885254,12.350028991699219,2,left,51.96682209281536,187.08055953413532
274.18789275355743,277.1640930175781,-263.97052001953125,4.1468658447265625,277.1612458133173,-263.97236707177245,-0.0033938435563261333,-0.9953180225364625,0.004588893196107426,217.91747100330423,-0.7678275111532462,12.342997074127197,-3.648998737335205,8.693998336791992,-3.8499975204467773,11.350025177001953,2,left,54.36060964948398,195.69819473814235
284.97865275327007,283.26513671875,-272.8705749511719,4.0644683837890625,283.3509072847696,-272.8090468423764,0.10555708487484068,-0.9485161592430437,0.00350899332638558,284.9820181989473,-0.7762431004255638,12.342997550964355,-4.647998809814453,7.694998741149902,-5.650003433227539,9.600018501281738,3,straight,56.64921477740716,203.9371731986658
295.7790788503766,289.70277404785156,-281.54229736328125,3.9792633056640625,289.87775862006475,-281.408934601721,0.22001187850572482,-0.9195707131587392,0.0017084791101084837,585.3159070446596,-0.8252597729110772,12.342997550964355,-5.646998882293701,6.695998668670654,-7.400010108947754,7.80001163482666,3,straight,58.85081789514129,211.86294442250866
306.60048332754104,296.3050231933594,-290.1157684326172,3.886016845703125,296.57277196830796,-289.9083189502792,0.33871033968391534,-0.9116165160234205,0.00038143151846759676,2621.7025903299905,-0.656688714021253,12.342997550964355,-6.645998954772949,5.696998596191406,-10.000020027160645,7.5000104904174805,3,straight,60.97702775584787,219.51729992105234
317.42583569750093,302.94032287597656,-298.66905212402344,3.837127685546875,303.3033632082045,-298.3875973539068,0.459363767014271,-0.9113167503740348,-1.6942747324832919e-06,590223.0499148765,-0.5804786098305315,12.342997550964355,-7.644999027252197,4.697998523712158,-10.55002212524414,6.100005149841309,3,straight,63.032293391052946,226.9162562077906
328.2431510936391,309.5684814453125,-307.2174987792969,3.760406494140625,310.02584118430497,-306.86316682043207,0.5785577481325388,-0.9116527124853168,-0.0002445956759281123,4088.379715649201,-0.6803991876304843,12.342996835708618,-8.643998146057129,3.6989986896514893,-11.1500244140625,3.99999737739563,3,straight,65.02117258110971,234.07622129199495
339.0849224989571,316.18873596191406,-315.8030242919922,3.6897735595703125,316.73767753374534,-315.38209179133906,0.6917521372505153,-0.9166249257249565,-0.0007258875594970751,1377.6238301877515,-0.6240950935303607,12.34299635887146,-9.642997741699219,2.699998617172241,-12.450029373168945,2.7499985694885254,3,straight,66.95529515870467,241.0390625713368
349.9542502739579,322.75927734375,-324.46131896972656,3.6249237060546875,323.3940930259053,-323.98533818543797,0.7934410232161566,-0.9274272780533832,-0.0014093317197099928,709.5561577268526,-0.5901163389725267,12.541996598243713,-10.641997337341309,1.8999992609024048,-12.850030899047852,1.949999213218689,3,straight,68.83980681933876,247.82330454961954
360.8442602912516,329.21336364746094,-333.2324676513672,3.561370849609375,329.9257604594732,-332.72012041347637,0.8775015156337713,-0.9473082537054173,-0.00233699946773408,427.89911328888115,-0.6097624859601164,12.843998432159424,-10.693999290466309,2.1499991416931152,-12.850030899047852,2.1999990940093994,3,straight,69.50153136782978,250.20551292418722
371.7513238015269,335.44482421875,-342.18389892578125,3.49200439453125,336.2227906233681,-341.6602852236309,0.9377649149941492,-0.9783844826936521,-0.003002842166374045,333.017835968218,-0.7060346211871737,12.843998908996582,-9.694999694824219,3.1489992141723633,-11.90002727508545,3.2999980449676514,3,straight,67.62889145319112,243.46400923148803
382.66822192033555,341.3780517578125,-351.3473205566406,3.4072723388671875,342.19989179835375,-350.83441101566274,0.9687606770833218,-1.01284518962431,-0.0030316573083472645,329.85258500247807,-0.9306819712771641,12.84399938583374,-8.696000099182129,4.147999286651611,-10.200020790100098,5.100001335144043,3,straight,66.16195310739299,238.18303118661476
393.59727228166685,347.0126037597656,-360.711181640625,3.2886505126953125,347.8483823024766,-360.22575783585637,0.9665205857570291,-1.0446108727536467,-0.0022217960243079912,450.0863216331768,-1.3716329761678414,12.84399938583374,-7.697000026702881,5.146999359130859,-8.450014114379883,6.8000078201293945,3,straight,64.18793093158313,231.07655135369924
404.5321777525328,352.4101257324219,-370.2193908691406,3.1073455810546875,353.22142694807025,-369.7662405923953,0.9292765120387272,-1.0614144191597608,-0.001676764500831797,596.3866717740789,-1.5126922679911003,12.84399938583374,-6.697999954223633,6.145999431610107,-7.5000104904174805,8.200013160705566,3,straight,62.150133249025444,223.7404796964916
415.4860518146059,357.6365203857422,-379.84486389160156,2.9575958251953125,358.3936693309633,-379.44151734177956,0.8578828384475135,-1.081318519928796,-0.0016304844453673695,613.3146518761711,-1.385680614867299,12.84399938583374,-5.698999881744385,7.1449995040893555,-5.800004005432129,9.350017547607422,3,straight,60.03949576698798,216.14218476115676
426.4432969652286,362.7048645019531,-389.5582275390625,2.8037261962890625,363.3775030391132,-389.2134494156192,0.7558535281904573,-1.0971388999410667,-0.0014968357387829534,668.0759779380198,-1.1601523308848796,12.843998908996582,-4.699999809265137,8.143999099731445,-4.75,10.350021362304688,3,straight,57.85122014381293,208.26439251772655
437.411971660169,367.62364196777344,-399.3616638183594,2.703277587890625,368.1881929026819,-399.0843043753649,0.6290039894342757,-1.1141392326943391,-0.0010990183797957714,909.9028900552402,-0.38046178493572613,12.992996215820312,-3.8499975204467773,9.142998695373535,-3.8999974727630615,11.200024604797363,3,straight,55.57442932779635,200.06794558006686
448.2778590851644,372.3757629394531,-409.13328552246094,2.7195587158203125,372.81237963322616,-408.92260788358277,0.48478779358043944,-1.121227740208694,-0.0006625818118798296,1509.2475858383007,0.10679173161904643,13.24199652671814,-3.0999982357025146,10.141998291015625,-3.149998188018799,11.90002727508545,3,straight,53.22302830144241,191.6029018851927
458.73734095222983,376.88990783691406,-418.56849670410156,2.7263946533203125,377.1894540414852,-418.42654726367647,0.33147786096507054,-1.1282608842220627,-0.0008484817964777291,1178.5756679179951,0.1530639616767332,13.540996789932251,-2.399998903274536,11.140997886657715,-2.5499987602233887,13.930411338806152,3,straight,50.85698280961967,183.08513811463084
468.65788040328715,381.1026153564453,-427.5501251220703,2.7498321533203125,381.26363240358506,-427.47579908850116,0.17734387143547442,-1.138334930103594,-0.0008715475311667428,1147.3843528204336,0.22173104616124706,13.6899973154068,-1.6990000009536743,11.990997314453125,-1.9999991655349731,23.84992218017578,3,straight,48.50632453260355,174.6227683173728
478.0721348247503,385.01649475097656,-436.1122131347656,2.7694091796875,385.0437598597618,-436.0998555891872,0.029934847415586045,-1.1452540925850265,-0.0006456654492417724,1548.78970397802,0.1719205923552236,11.691997826099396,-0.7000001072883606,10.991997718811035,-1.5999995470046997,27.099872589111328,3,straight,46.16507677415178,166.1942763869464
486.9708483026662,388.6665954589844,-444.2278594970703,2.78167724609375,388.57122475198025,-444.27051211373276,-0.10447400376463978,-1.1502485363967603,-0.00037270511988313215,2683.0862970531944,0.07903849567761634,11.392997860908508,-1.399999737739563,9.992998123168945,-1.4999996423721313,27.099872589111328,3,straight,43.83723307234704,157.81403906044935
495.34329361088186,392.07554626464844,-451.8748779296875,2.783660888671875,391.8734195077488,-451.964878692333,-0.2212585888311217,-1.151883728763235,-0.0004897410856514184,2041.895257102785,-0.05771975259118989,10.743997931480408,-1.7499994039535522,8.993998527526855,-1.949999213218689,21.949951171875,3,straight,41.528088700332056,149.5011193211954
503.2248705327661,395.2649230957031,-459.0823059082031,2.7730712890625,394.9739730372814,-459.20975523716805,-0.3176401548123781,-1.1579282151331876,-0.0013876455236145474,720.645138100683,-0.3705450670689392,10.743998527526855,-2.74899959564209,7.994998931884766,-2.9999983310699463,17.00002670288086,3,straight,39.230323782168874,141.22916561580794
510.7174224227897,398.23072814941406,-465.9627380371094,2.728485107421875,397.8687397223962,-466.1149528319461,-0.3926894002415364,-1.172746528238948,-0.0037629140232434827,265.75148776267804,-1.241469878983012,10.743998527526855,-3.747999668121338,6.995998859405518,-4.44999885559082,12.200028419494629,3,straight,36.91359725568736,132.88895012047448
517.8527851204369,400.89109802246094,-472.582275390625,2.595977783203125,400.4724737085442,-472.73940217481623,-0.44714107674483067,-1.2117269078971677,-0.008260158644438076,121.06305012354012,-1.676701405501152,10.743998527526855,-4.746999740600586,5.9969987869262695,-6.500006675720215,8.800015449523926,4,right,34.56325625576506,124.42772252075423
524.5851164204774,403.0358123779297,-478.9630432128906,2.4945526123046875,402.57235261430526,-479.09917366141536,-0.48303876812771734,-1.285104859901666,-0.012899113555116526,77.52470708371607,-1.3392510081562863,10.743998527526855,-5.745999813079834,4.9979987144470215,-12.770633697509766,6.150005340576172,4,right,32.18870415026875,115.8793349409675
530.9728571994683,404.5496520996094,-485.16835021972656,2.4191436767578125,404.0555582578654,-485.26397646533974,-0.5032624596563757,-1.3796212712373637,-0.015506034140804315,64.49102271537556,-1.006372174244602,10.743998289108276,-6.744999885559082,3.9989984035491943,-19.15692901611328,4.349998474121094,4,right,29.761043428834412,107.13975634380388
537.1448187539727,405.4133758544922,-491.27935791015625,2.3674163818359375,404.9044824880107,-491.32591928869454,-0.5110190020148743,-1.4795550130814061,-0.01714266110447045,58.334000416027635,-0.6810439814392444,10.743998289108276,-7.74399995803833,2.9999983310699463,-25.327672958374023,3.0999982357025146,4,right,28.30475510782108,101.89711838815589
543.1180370316703,405.62908935546875,-497.24859619140625,2.3358154296875,405.1197778996913,-497.24011349371216,-0.5093820915052631,-1.587450013593658,-0.019398556757473262,51.55022677729629,-0.41111905857399433,10.992998123168945,-8.742999076843262,2.2499990463256836,-31.299808502197266,2.2999989986419678,4,right,26.608096785741502,95.7891484286694
548.9226028246488,405.18373107910156,-503.03602600097656,2.318603515625,404.6874630568247,-502.96771661160307,-0.5009472253752849,-1.7075829379058203,-0.02122494253290999,47.11437962432483,-0.21158114259670624,11.591997981071472,-9.741998672485352,1.8499993085861206,-31.299808502197266,1.8999992609024048,4,right,25.43754881588392,91.57517573718211
554.5630407060955,404.0722961425781,-508.5658721923828,2.3113250732421875,403.60096831885085,-508.4407905149213,-0.48764263908735694,-1.8301984760475378,-0.02254623162175204,44.3533099799802,-0.051993515769002685,12.340997815132141,-10.740998268127441,1.5999995470046997,-25.66037368774414,1.699999451637268,4,right,24.680931085861573,88.85135190910167
560.0413963936257,402.32447814941406,-513.7579345703125,2.3125762939453125,401.88864292487546,-513.5801993885008,-0.47068262959479146,-1.9580118070985564,-0.0241517961582787,41.40478801023758,0.08537445841100277,13.4399973154068,-11.739997863769531,1.699999451637268,-20.84996795654297,1.7999993562698364,4,right,23.84645379364829,85.84723365713384
565.3880145905304,399.9762878417969,-518.5612945556641,2.320404052734375,399.5853625051864,-518.3371379972457,-0.4506315362754322,-2.09142727580838,-0.02555320535547073,39.13403371862733,0.1668447350899105,14.588996767997742,-12.738997459411621,1.8499993085861206,-19.999980926513672,1.8999992609024048,4,right,23.183330629821672,83.45999026735802
570.6077363973916,397.0718231201172,-522.8982849121094,2.3301544189453125,396.73329655413005,-522.6371391183177,-0.42754808091501384,-2.227865204158172,-0.027121074887437258,36.87169495126499,0.2070538970655733,15.737996220588684,-13.737997055053711,1.9999991655349731,-20.249977111816406,2.1499991416931152,4,right,22.503241065692592,81.01166783649333
575.6817971895272,393.68663024902344,-526.6780242919922,2.3416595458984375,393.40699935257726,-526.3903777393116,-0.40116577311174373,-2.370323595530278,-0.028400059917324666,35.21119331829219,0.23130269242858936,17.086995601654053,-14.7369966506958,2.349998950958252,-23.96841049194336,2.4499988555908203,4,right,21.990691872549732,79.16649074117903
580.6141332894442,389.9090118408203,-529.849365234375,2.3532867431640625,389.6905032417893,-529.5494455594518,-0.3710765679163364,-2.5119568519242335,-0.02865173548720501,34.90189976263635,0.22665061744589488,18.091002464294434,-15.441003799438477,2.649998664855957,-28.899734497070312,2.699998617172241,4,right,21.89389621195934,78.81802636305363
585.5151808019048,385.74937438964844,-532.4411926269531,2.36395263671875,385.5909664945791,-532.1438658820368,-0.3368920516468349,-2.6520710635900455,-0.027293200024604836,36.63916283537655,0.220104421462744,17.342002630233765,-14.442004203796387,2.899998426437378,-33.79977035522461,2.9999983310699463,4,right,22.432170255707796,80.75581292054807
590.4641627785506,381.2337188720703,-534.4663238525391,2.374969482421875,381.12835629263486,-534.1871848420783,-0.29836196189574143,-2.7806708786486314,-0.024806353638790024,40.312252843009006,0.2539602471125363,16.593002796173096,-13.443004608154297,3.149998188018799,-33.79977035522461,3.249998092651367,4,right,23.52973609171777,84.70704993018397
595.5123486078908,376.4095764160156,-535.9534759521484,2.389404296875,376.3484204813183,-535.7054671017504,-0.2554377384500107,-2.8998281262380474,-0.02304970281942792,43.38450728992173,0.32685812249085844,15.894002914428711,-12.444005012512207,3.449997901916504,-28.752605438232422,3.5999977588653564,4,right,24.409891911267962,87.87561088056466
600.6881190090693,371.3208923339844,-536.8987426757812,2.4084930419921875,371.2948412495808,-536.6920985888227,-0.20827971018216185,-3.016186811229778,-0.02280748069828742,43.84526345669948,0.3915205374698222,15.495002746582031,-11.445005416870117,4.049997329711914,-23.577869415283203,4.099997520446777,4,right,24.539169674508358,88.3410108282301
605.982239128386,366.0367736816406,-537.2232666015625,2.430450439453125,366.0363185890024,-537.0660480365716,-0.15721922365633054,-3.1386980121893506,-0.022518883037834947,44.40717589410882,0.451557690020829,15.0960054397583,-10.446005821228027,4.649999618530273,-18.284793853759766,4.699999809265137,4,right,24.695913705098878,88.90528933835596
611.3941148898448,360.63429260253906,-536.9056243896484,2.4569244384765625,360.64612972639384,-536.8036240818554,-0.10268485911279199,3.0260595704524844,-0.02009516798590688,49.76320679186752,0.5899000251077396,14.84700870513916,-9.447006225585938,5.400002479553223,-12.873983383178711,5.450002670288086,4,right,26.14283615217577,94.11421014783278
616.9378040759942,355.1697540283203,-535.9729766845703,2.4953460693359375,355.17946103907815,-535.9289026235459,-0.04513035467433389,2.924810419934727,-0.01569253605911708,63.72456282609707,0.6947826452152694,14.798012733459473,-8.448006629943848,6.350006103515625,-9.350017547607422,6.450006484985352,4,right,28.53013319769487,102.70847951170153
622.622560900338,349.6730041503906,-534.5236206054688,2.534942626953125,349.6686915104675,-534.5380199048849,0.015031256992749589,2.850591467317126,-0.011600107951298178,86.20609430519042,0.35308179451690735,14.798012733459473,-7.4490065574646,7.349006175994873,-7.700011253356934,7.80001163482666,4,right,30.786529764664316,110.83150715279154
628.4536233341807,344.1407012939453,-532.6810913085938,2.5349884033203125,344.1141409060534,-532.7538683751477,0.07747228937601439,2.791657101486042,-0.011438492050884708,87.42411111110185,0.0002715549569182185,14.798012733459473,-6.450006484985352,8.348006248474121,-6.550006866455078,9.250017166137695,4,right,32.9408097789498,118.58691520421928
634.4345007688905,338.6099395751953,-530.40478515625,2.53497314453125,338.5512058888298,-530.5340374990539,0.14197117325136455,2.7150765974877245,-0.011899845739259729,84.0347027945766,-6.045474371108028e-06,15.197010040283203,-5.850004196166992,9.347005844116211,-5.9000043869018555,10.350021362304688,4,right,33.97252725630984,122.30109812271542
640.5605409097475,333.1306610107422,-527.6651000976562,2.5349884033203125,333.0318896872881,-527.8486209652988,0.20841229137728787,2.6478524007858613,-0.008335020639053003,119.97570771625787,0.00024670627544742807,15.54600715637207,-5.2000017166137695,10.3460054397583,-5.250001907348633,11.050024032592773,4,right,36.032819723927396,129.71815100613864
646.8068433106528,327.6887512207031,-524.5988464355469,2.535003662109375,327.5490736124503,-524.8377859544895,0.2767705330409538,2.6125937190103663,-0.004305423216785786,232.26520359281892,0.00012268408116633545,15.9450044631958,-4.59999942779541,11.34500503540039,-4.649999618530273,11.45002555847168,4,right,38.01877221826035,136.86757998573728
653.1087770922286,322.281005859375,-521.3630065917969,2.535003662109375,322.1002943652223,-521.6593375701509,0.3470860020962613,2.5939766117953345,-0.0025985463733740333,384.8305384296717,0.00011973509443097274,15.650024175643921,-3.8999974727630615,11.75002670288086,-3.9499974250793457,11.800026893615723,5,straight,39.922421894687034,143.72071882087332
659.4572372068837,316.8865051269531,-518.0160217285156,2.5350189208984375,316.6630547558212,-518.3709789964355,0.41943382124973383,2.579754299542295,-0.002507384161755777,398.8220134962317,-0.06984458816818306,15.350025653839111,-3.3499979972839355,12.000027656555176,-3.3999979496002197,12.050027847290039,5,straight,41.752459985931694,150.3088559493541
665.869561318863,311.4912414550781,-514.5506286621094,2.5260009765625,311.22072217829526,-514.9638475709068,0.49389325334406475,2.5619461349291335,-0.002196808841183784,455.2057426449243,-0.04543622658871871,14.90002727508545,-2.649998664855957,12.250028610229492,-2.7499985694885254,12.300028800964355,5,straight,43.52286380477814,156.6823096972013
672.4053812166219,306.0439453125,-510.9389953613281,2.5293731689453125,305.7264644656676,-511.4130201035623,0.5705204153714198,2.551454428925201,-0.001479289207890866,676.0003349350296,0.06784713424287936,15.449027299880981,-2.1999990940093994,13.249028205871582,-2.2999989986419678,15.418944358825684,5,straight,45.25614894621616,162.92213620637818
679.0742474522732,300.5200958251953,-507.20257568359375,2.535003662109375,300.15391539493623,-507.7388019801476,0.6493279207154249,2.5424464469652612,-0.0011993994961439491,833.7505586878972,0.04259293180383095,16.04802715778351,-1.7999993562698364,14.248027801513672,-1.8999992609024048,22.086807250976562,5,straight,46.95882030134782,169.05175308485215
685.8636734856211,294.9400177001953,-503.3348846435547,2.535003662109375,294.52391765994855,-503.93502174776194,0.7302765143010235,2.535349383793926,-0.0010722256467399216,932.6395083352818,0.0002142877705835211,15.596018433570862,-1.4999996423721313,14.09601879119873,-1.5499995946884155,28.875234603881836,5,straight,48.63107083566452,175.07185500839228
692.8716047000737,289.31907653808594,-499.149658203125,2.5350341796875,288.85054758360326,-499.81441012944265,0.8132739419971762,2.5276406155137443,-0.001061021578229182,942.4879008294765,-0.0076760472855263995,14.497018933296204,-1.399999737739563,13.09701919555664,-1.5999995470046997,35.87775802612305,5,straight,50.29886463069014,181.0759126704845
699.91091118,283.7135009765625,-494.8917999267578,2.5339202880859375,283.1907889618844,-495.62221254700466,0.8981817444730701,2.5204474132720223,-0.0009921377557335354,1007.924549006455,-0.012874381453994999,13.44801938533783,-1.3499997854232788,12.09801959991455,-1.5999995470046997,42.91606521606445,5,straight,51.92021971159093,186.91279096172735
706.9971079470006,278.069580078125,-490.6069030761719,2.5332183837890625,277.49100015279254,-491.40384455821004,0.9848200118757279,2.5136289672973344,-0.0008814426291212096,1134.5037861363603,-0.012341576858546088,12.44901978969574,-1.3499997854232788,11.099020004272461,-1.399999737739563,49.9995231628418,5,straight,53.50277218595442,192.6099798694359
714.3803657204157,272.22364807128906,-486.09718322753906,2.5321197509765625,271.5881820470401,-486.96172942454825,1.072966539430687,2.507742413830023,-0.00048571107977268824,2058.837118700273,-0.0270222978451945,11.45002019405365,-1.3499997854232788,10.100020408630371,-1.4600001573562622,49.9995231628418,5,straight,55.10333975903297,198.3720231325187
721.7485931570823,266.37184143066406,-481.6197814941406,2.52923583984375,265.68223544313076,-482.5554573115159,1.1623448942816803,2.5064546509285783,-5.9266899720356037e-05,16872.824539808622,0.36342572314341515,11.45002019405365,-1.3499997854232788,10.100020408630371,-1.4600001573562622,42.632293701171875,5,straight,56.65558753881475,203.9601151397331
729.2364782632175,260.39244079589844,-477.1129150390625,2.5870819091796875,259.6497258656271,-478.121569221412,1.2526007852540741,2.5068898047897936,-3.762330553028215e-05,26579.270106799166,1.5219967441143623,11.450020432472229,-1.2999998331069946,10.150020599365234,-1.53000009059906,35.1456298828125,5,straight,58.19063813284013,209.48629727822447
736.7769696439332,254.43516540527344,-472.49334716796875,2.758758544921875,253.63759551615837,-473.57420823626654,1.3432715202016448,2.5058791255382453,-0.0002097746578447468,4767.020050344189,3.22302290344956,11.450020432472229,-1.2999998331069946,10.150020599365234,-1.7114815711975098,27.60809326171875,5,straight,59.69659701670371,214.90774926013336
744.5176198748131,248.2943115234375,-467.79205322265625,3.08343505859375,247.44044913785774,-468.94382713703925,1.4337587395936282,2.5036534856314954,-0.0005125948952237613,1950.858288519384,4.704520882094387,11.450020432472229,-1.2999998331069946,10.150020599365234,-2.048518657684326,19.875255584716797,5,straight,61.203999578545165,220.3343984827626
752.3660209673169,242.07696533203125,-463.01983642578125,3.493255615234375,241.1626671359309,-464.2382605694732,1.5233182810311674,2.4978394171394234,-0.001183404435315366,845.0196485308164,5.54020769580138,11.450020432472229,-1.2999998331069946,10.150020599365234,-2.2300002574920654,12.038561820983887,5,straight,62.69539313005753,225.70341526820712
760.29060654529,235.85369873046875,-458.13575744628906,3.9577789306640625,234.87015809270534,-459.4117783347408,1.6110808464807806,2.4849198962213794,-0.0015798318378216492,632.9787614477057,6.131353859705063,11.45001995563507,-1.399999737739563,10.050020217895508,-2.349998950958252,10.450021743774414,5,straight,64.1661029094043,230.9979704738555
768.1795374647146,229.63064575195312,-453.3135223388672,4.462646484375,228.5790608229626,-454.64429787056815,1.696111546642511,2.472853128934842,-0.0012337124434677882,810.5616550232272,6.617193043335271,11.450019717216492,-1.4499996900558472,10.000020027160645,-2.349998950958252,10.600022315979004,5,straight,65.5974523296995,236.1508283869182
776.197799764665,223.27626037597656,-448.4541320800781,5.010955810546875,222.1638089924665,-449.8404863760546,1.777505644054619,2.465372151781858,-0.0008244195690616241,1212.9746036210981,7.009957693091312,11.450019717216492,-1.4499996900558472,10.000020027160645,-2.349998950958252,10.600022315979004,5,straight,67.0209498570203,241.2754194852731
784.2192722477096,216.96424865722656,-443.5377655029297,5.5870361328125,215.7953216193345,-444.97748676332685,1.8545047121953588,2.459630354913549,-0.0006257226799998017,1598.1520759329308,7.300550520806176,11.450019478797913,-1.4999996423721313,9.950019836425781,-2.399998903274536,10.55002212524414,5,straight,68.41538765422608,246.2953955552139
792.1558579712249,210.6919403076172,-438.7106628417969,6.17578125,209.4712071558671,-440.2011745856066,1.9266070399062984,2.4553716204413467,-0.000413603828001069,2417.772593723227,7.485635204352059,11.450019478797913,-1.4999996423721313,9.950019836425781,-2.399998903274536,10.55002212524414,5,straight,69.76764466536387,251.16352079530995
800.3129654318004,204.2400665283203,-433.7576904296875,6.79205322265625,202.97324814061002,-435.2971010131518,1.9936433412029524,2.453028939990551,-0.00019054939503371227,5247.9830745360205,7.572844212134661,11.450019478797913,-1.4999996423721313,9.950019836425781,-2.399998903274536,10.55002212524414,5,straight,71.13069084582453,256.07048704496833
808.4463162853782,197.85968017578125,-428.75160217285156,7.409423828125,196.55215236519248,-430.3380036085126,2.0557963154287644,2.45226289820835,-5.121711875047397e-05,19524.721897612522,7.554216330358182,11.450019001960754,-1.5999995470046997,9.850019454956055,-2.4999988079071045,10.450021743774414,5,straight,72.46424492603853,260.8712817337387
816.6718461756253,191.38600158691406,-423.7148895263672,8.02777099609375,190.04163149391405,-425.34577891329087,2.113558880025174,2.452199051666152,1.6120229283100862e-05,62033.8571144468,7.42728016153979,11.450018763542175,-1.6499994993209839,9.800019264221191,-2.5499987602233887,10.40002155303955,5,straight,73.78840470180175,265.6382569264863
824.9238583992866,184.92274475097656,-418.6202392578125,8.633209228515625,183.5445271133105,-420.2933170608761,2.1676423117936383,2.4525297869156457,5.154012904101668e-05,19402.3573205294,7.147226777125349,11.450018286705017,-1.7499994039535522,9.700018882751465,-2.649998664855957,10.300021171569824,5,straight,75.09336884326578,270.3361278357568
833.2550363096994,178.404052734375,-413.4647216796875,9.21270751953125,176.99417099188656,-415.17807279513875,2.2188597460453234,2.453055574731354,3.245900724091477e-05,30808.0894950938,6.645076622222412,11.500017762184143,-1.8999992609024048,9.600018501281738,-2.7999985218048096,10.150020599365234,5,straight,76.38824056720719,274.9976660419459
841.6439438875326,171.9391632080078,-408.14524841308594,9.743911743164062,170.49807251990336,-409.8965737819381,2.268012989144148,2.45306895298723,7.248833231193741e-06,137953.23579755187,5.9218285173535,11.450016498565674,-2.1499991416931152,9.300017356872559,-3.0499982833862305,9.850019454956055,5,straight,77.67027576213452,279.6129927436843
850.100942684572,165.41847229003906,-402.78013610839844,10.209732055664062,163.94721072321684,-404.56852659187524,2.315804637571701,2.4531784610083136,5.7985373897645465e-05,17245.72823769626,4.910555542936401,11.4500150680542,-2.4499988555908203,9.000016212463379,-3.3499979972839355,9.600018501281738,5,straight,78.94164500847141,284.1899220304971
858.6281318539718,158.8375244140625,-397.3700408935547,10.57708740234375,157.33802452846575,-399.1960354619919,2.3627856591038623,2.454060135980406,0.00021633440446619523,4622.473260633224,3.6487552643483245,11.450013637542725,-2.7499985694885254,8.7000150680542,-3.6499977111816406,9.300017356872559,5,straight,80.0,288.0
867.22999203147,152.18569946289062,-391.9221649169922,10.833740234375,150.66195276363229,-393.7884708369381,2.409336379654317,2.4569010040351453,0.00045257783429789034,2209.5646852686823,2.2713179683286566,11.450012445449829,-2.9999983310699463,8.450014114379883,-3.8999974727630615,9.000016212463379,5,straight,80.0,288.0
875.916784605175,145.44395446777344,-386.4457550048828,10.968551635742188,143.90044232495651,-388.35570164628234,2.4556721906672787,2.461905476718123,0.0004923709420149025,2030.9890667141221,1.353539797071246,11.450011253356934,-3.249998092651367,8.200013160705566,-4.149997711181641,8.750015258789062,5,straight,80.0,288.0
884.679722557325,138.6179656982422,-380.9516906738281,11.069625854492188,137.0523857547622,-382.90317173784143,2.501863086307741,2.4654799370421823,0.0003083564287880147,3243.000328971472,0.6058384041181197,11.450010299682617,-3.449997901916504,8.000012397766113,-4.349998474121094,9.250017166137695,5,straight,80.0,288.0
893.518366711585,131.71810913085938,-375.4277801513672,11.074356079101562,130.12740160121385,-377.4180659419529,2.547859488487986,2.467317899473886,0.0001545372780749621,6470.9305900607715,0.029172669920041194,12.649009704589844,-3.6499977111816406,8.999011993408203,-4.549999237060547,9.450017929077148,5,straight,80.0,288.0
902.4316712875253,124.75238037109375,-369.86669921875,11.07476806640625,123.13498367736702,-371.89410609877814,2.5935209122086333,2.4682152661319083,4.776464205860642e-05,20935.988566040476,0.004857218186815615,13.450016260147095,-3.799997568130493,9.650018692016602,-4.699999809265137,9.700018882751465,5,straight,80.0,288.0
911.4176629289635,117.72738647460938,-364.2633514404297,11.075225830078125,116.08174401554872,-366.3259522555981,2.6386476130390273,2.4681651294676654,-0.00012358446637239506,8091.631815496264,0.003144482591532771,13.900017023086548,-3.99999737739563,9.900019645690918,-4.90000057220459,9.950019836425781,5,straight,80.0,288.0
920.475131507813,110.65292358398438,-358.60740661621094,11.075332641601562,108.97500703954994,-360.7010087096075,2.6830157762415845,2.465968438359792,-0.0002610325415784709,3830.939981478833,0.000425327026765121,14.300018310546875,-4.149997711181641,10.150020599365234,-5.05000114440918,10.200020790100098,5,straight,80.0,288.0
929.6018612274058,103.53892517089844,-352.8900451660156,11.075302124023438,101.82844240786937,-355.01315336711434,2.7264151767829046,2.463415888898389,-0.00026572477708455833,3763.292271694266,8.020401908170882e-05,14.800020217895508,-4.399998664855957,10.40002155303955,-5.250001907348633,10.450021743774414,5,straight,80.0,288.0
938.7964067048341,96.38557434082031,-347.1134338378906,11.075347900390625,94.64358825980668,-349.26543317303003,2.768685002828161,2.46110192117886,-0.00029344318110893775,3407.8147470353397,0.00016774572612066052,15.200021743774414,-4.59999942779541,10.600022315979004,-5.500002861022949,10.650022506713867,5,straight,80.0,288.0
948.0575007196439,89.19589233398438,-341.27593994140625,11.075332641601562,87.42129692622142,-343.4543474937499,2.8097416830308752,2.45799462698542,-0.0003622178146578392,2760.769789704096,-0.00016419170604242694,16.44902229309082,-4.850000381469727,11.599021911621094,-5.750003814697266,13.975020408630371,5,straight,80.0,288.0
957.3834115511319,81.97785949707031,-335.3706359863281,11.0753173828125,80.1700904886399,-337.5733938192799,2.8495913493818565,2.454365904024008,-0.000316499940374082,3159.5582571613318,-8.207606161381165e-05,17.74802303314209,-5.150001525878906,12.598021507263184,-6.050004959106445,23.299930572509766,5,straight,80.0,288.0
966.7705082003796,74.73043823242188,-329.4046936035156,11.0753173828125,72.89299809625835,-331.6332021100436,2.88832761605261,2.4520808747110165,-0.0002618233939097603,3819.3684111537364,-1.1102230246251565e-14,19.04702377319336,-5.450002670288086,13.597021102905273,-6.350006103515625,23.299930572509766,5,straight,80.0,288.0
976.21689694667,67.44963073730469,-323.38604736328125,11.0753173828125,65.58218092000918,-325.6387718124011,2.9261128248547283,2.4494326679966467,-0.00030400874104224984,3289.379103283824,-0.0008803369038301589,20.446024894714355,-5.850004196166992,14.596020698547363,-6.750007629394531,21.249961853027344,5,straight,80.0,288.0
985.7209714163192,60.142242431640625,-317.30908203125,11.075149536132812,58.244057306905155,-319.5844170181745,2.9631496874930034,2.4463170292866256,-0.00036759965807059425,2720.3507349507895,-1.0508150793953064e-05,21.19502353668213,-6.300005912780762,14.895017623901367,-7.200009346008301,19.199993133544922,5,straight,80.0,288.0
995.2819344552248,52.81146240234375,-311.1713562011719,11.0753173828125,50.880932635822354,-313.4672134412166,2.999650920705757,2.4424198273223423,-0.0004177615358121056,2393.7100816523343,0.0008794101597930926,20.64602565765381,-6.750007629394531,13.896018028259277,-7.700011253356934,17.200023651123047,5,straight,80.0,288.0
1004.8786776280182,45.47959899902344,-304.9793243408203,11.0753173828125,43.516272687767135,-307.2948122301118,3.0358086846714993,2.4383129491446436,-0.00015050884576342516,6644.1277582570365,0.00015815590826973036,20.197028160095215,-7.300009727478027,12.897018432617188,-8.200013160705566,15.250040054321289,5,straight,80.0,288.0
1014.509512461406,38.13246154785156,-298.7525634765625,11.075347900390625,36.14876157221988,-301.0979307150308,3.0717768598323945,2.4395448568673612,0.00023646192249440756,4229.01069842926,1.7145463604428812e-06,19.698030471801758,-7.80001163482666,11.898018836975098,-8.750015258789062,13.500033378601074,5,straight,80.0,288.0
1024.1927415059572,30.728317260742188,-292.5120849609375,11.0753173828125,28.72939809310133,-294.89155044630184,3.107657290436361,2.44289139544497,0.0002992022344721901,3342.221029077732,-0.001095892905933482,19.249032974243164,-8.350013732910156,10.899019241333008,-9.250017166137695,12.000027656555176,5,straight,80.0,288.0
1033.9280980534227,23.266098022460938,-286.2596893310547,11.07513427734375,21.250058513304065,-288.67155027861935,3.143483502878465,2.445350090689647,0.00023670806005113287,4224.613220960805,-0.0016425119850671521,18.700035095214844,-8.800015449523926,9.900019645690918,-9.750019073486328,10.800023078918457,5,straight,80.0,288.0
1043.7171893537334,15.74700927734375,-279.9915466308594,11.074996948242188,13.713342302265115,-282.43520923074936,3.1791961668992177,2.447511282051959,0.00014667910063417833,6817.603841831749,-0.0006260173130878677,18.3500337600708,-9.300017356872559,9.050016403198242,-10.200020790100098,9.950019836425781,5,straight,80.0,288.0
1053.5591296867112,8.178298950195312,-273.7004089355469,11.07501220703125,6.123741454188414,-276.17274375192744,3.214598878349457,2.448221699768694,1.5933451788879838e-05,62761.03968243171,0.001693609070940738,18.150032997131348,-9.850019454956055,8.300013542175293,-10.750022888183594,9.200016975402832,5,straight,80.0,288.0
1063.4497346634616,0.5720672607421875,-267.37828063964844,11.075332641601562,-1.505662741779258,-269.8764587260464,3.249285416016356,2.447820201378008,-6.53020076394617e-05,15313.46487111224,0.0014705304830942012,18.05003261566162,-10.450021743774414,7.600010871887207,-11.350025177001953,8.500014305114746,5,straight,80.0,288.0
1073.3871394470339,-7.0654144287109375,-261.0205383300781,11.075302124023438,-9.166665419504533,-263.54239944480076,3.2825354846918677,2.446924572784572,-0.00016283537003936033,6141.171907296808,-7.762674708589046e-05,18.05003261566162,-11.100024223327637,6.950008392333984,-12.000027656555176,7.850011825561523,5,straight,80.0,288.0
1083.368845008063,-14.727676391601562,-254.6233367919922,11.0753173828125,-16.85453560846097,-257.1637464601497,3.313187500038005,2.4445702092412263,-0.0003510407630249457,2848.672021399799,6.434798915933015e-07,18.100032806396484,-11.75002670288086,6.350006103515625,-12.650030136108398,7.250009536743164,5,straight,80.0,288.0
1093.392745121846,-22.399124145507812,-248.17140197753906,11.075302124023438,-24.554838456974455,-250.7219405532234,3.3395136200824176,2.4398920498228223,-0.0005244349676924998,1906.8141172965145,7.505352498382578e-05,18.20003318786621,-12.450029373168945,5.750003814697266,-13.350032806396484,6.650007247924805,5,straight,80.0,288.0
1103.4566456199393,-30.06646728515625,-241.6526641845703,11.075332641601562,-32.24985038333974,-244.2054387786532,3.3591397532148504,2.4340308361606517,-0.0005888246424675392,1698.2984880004035,1.1558903945108057e-06,18.450034141540527,-13.200032234191895,5.250001907348633,-14.100035667419434,6.150005340576172,5,straight,80.0,288.0
1113.5590547313093,-37.72459411621094,-235.06390380859375,11.075302124023438,-39.92978479424713,-237.61100475108412,3.3690635401744986,2.4280171340070837,-0.0006311230795604528,1584.4769940856108,0.00014884856156527349,18.644009590148926,-13.34400749206543,5.300002098083496,-14.900038719177246,6.200005531311035,5,straight,80.0,288.0
1123.7035502595195,-45.37200927734375,-228.3984832763672,11.075363159179688,-47.59224458094011,-230.92816098925806,3.3658155229353275,2.4212495235544957,-0.0006383340896484457,1566.5777783397673,-0.0025389216666948933,17.895010948181152,-12.34500789642334,5.5500030517578125,-15.850042343139648,6.450006484985352,5,straight,80.0,288.0
1133.889676616885,-53.00639343261719,-221.65509033203125,11.074783325195312,-55.228980066943556,-224.15596106491867,3.3457802931004124,2.415041806794341,-0.0005326585307087461,1877.3753584109832,-0.008062542668574313,17.29601287841797,-11.34600830078125,5.950004577636719,-15.850042343139648,6.850008010864258,5,straight,80.0,288.0
1144.1181644481799,-60.6348876953125,-214.84127807617188,11.073715209960938,-62.84230164852113,-217.3018886277209,3.305643756851981,2.4103820228672634,-0.00039260617676434295,2547.0816792580363,-0.010199066786575894,16.79701519012451,-10.34700870513916,6.450006484985352,-10.500021934509277,7.350009918212891,5,straight,80.0,288.0
1154.3881871071303,-68.26751708984375,-207.96986389160156,11.07269287109375,-70.44117344282206,-210.3764168910835,3.242881323785752,2.4069992058966707,-0.00033753356913021615,2962.6682838595316,-0.01067323535018927,16.298017501831055,-9.34800910949707,6.950008392333984,-9.450017929077148,7.850011825561523,5,straight,80.0,288.0
1164.699306800671,-75.90740966796875,-201.04518127441406,11.071517944335938,-78.03128014131167,-203.37982912606554,3.156169573828182,2.403434525533065,-0.0004289192422264887,2331.4412167872733,-0.010931588143137105,15.749019622802734,-8.34900951385498,7.400010108947754,-8.40001392364502,8.300013542175293,5,straight,80.0,288.0
1175.0500377790938,-83.54576110839844,-194.05996704101562,11.0704345703125,-85.60715383967775,-196.3019305187568,3.0456099927759084,2.3981303360298156,-0.0005239767083375091,1908.4817780790936,-0.010960390278780263,15.100021362304688,-7.350009918212891,7.750011444091797,-7.400010108947754,8.650014877319336,5,straight,80.0,288.0
1185.4392512153893,-91.17304992675781,-187.00587463378906,11.069244384765625,-93.15638356814765,-189.1389976783039,2.912700852492211,2.392566388609002,-0.0003692965019949368,2707.851264764242,-0.011436085820271114,14.500019073486328,-6.450006484985352,8.050012588500977,-6.500006675720215,8.950016021728516,5,straight,80.0,288.0
1195.864725419957,-98.79757690429688,-179.89552307128906,11.06805419921875,-100.68124241107894,-181.91289485366846,2.760069682051739,2.3904556227229774,-0.0001324173390188088,7551.881101144602,-0.011469795771923419,13.800016403198242,-5.5500030517578125,8.25001335144043,-5.600003242492676,9.150016784667969,5,straight,80.0,288.0
1206.3253432239126,-106.44078063964844,-172.75367736816406,11.066848754882812,-108.21031859889152,-174.64635290521943,2.5910394203427223,2.3898056394475304,-0.0001531857849816909,6528.020861201464,-0.012084839702319883,13.100013732910156,-4.649999618530273,8.450014114379883,-4.699999809265137,9.350017547607422,5,straight,80.0,288.0
1216.821248736553,-114.09855651855469,-165.5757598876953,11.065521240234375,-115.7483840059496,-167.3313403834115,2.4091479022888764,2.387238944548908,-0.0003124156316119675,3200.8641655998804,-0.0019938125470075896,12.400012254714966,-3.799997568130493,8.600014686584473,-3.8499975204467773,9.500018119812012,5,straight,78.763053152801,283.54699135008366
1227.3510068046585,-121.75740051269531,-158.3495635986328,11.066436767578125,-123.28261233293824,-159.95956536100024,2.2177413671199453,2.383232290710771,-0.0002930573160431771,3412.3017759866016,0.03536523265055269,11.700013637542725,-2.949998378753662,8.750015258789062,-2.9999983310699463,9.650018692016602,5,straight,77.1732202126844,277.8235927656638
1237.9134937894119,-129.4162139892578,-151.0757293701172,11.072998046875,-130.80841412084897,-152.5389556025651,2.019715874504665,2.381063441032131,-0.00010498178813345138,9525.461680351777,0.042179458696134375,11.000014781951904,-2.1499991416931152,8.850015640258789,-2.1999990940093994,9.750019073486328,5,straight,75.54483916474008,271.9614209930643
1248.5087224200074,-137.0916290283203,-143.77183532714844,11.075347900390625,-138.34445632587128,-145.08845771078919,1.8174352089119232,2.3810176975451935,1.1372683070776102e-05,87929.99802919483,0.010890545419017794,10.700015187263489,-1.7999993562698364,8.900015830993652,-1.8499993085861206,9.800019264221191,5,straight,73.87535896053369,265.9512922579213
1259.1353473972117,-144.79098510742188,-136.4475555419922,11.075302124023438,-145.90241793993053,-137.61625753232718,1.6128072679000485,2.3813057771275954,4.593114174666901e-05,21771.7209277194,-0.17427204273048336,10.400015711784363,-1.4499996900558472,8.950016021728516,-1.7999993562698364,9.850019454956055,5,straight,72.16214660806874,259.7837277890475
1269.7901484330275,-152.5138397216797,-129.10719299316406,11.038162231445312,-153.48306622769354,-130.12777134180564,1.4074729786663087,2.3819962398008903,5.951328720860127e-05,16802.97034332651,-1.1000696168255386,10.550016045570374,-1.4999996423721313,9.050016403198242,-1.949999213218689,9.950019836425781,5,straight,70.40254801849971,253.44917286659899
1280.48185455236,-160.26736450195312,-121.74810791015625,10.839920043945312,-161.09531426039302,-122.6209368273969,1.203050755900259,2.382575786830824,-7.953046822301024e-06,125737.97468360356,-2.6121936083442265,10.800016283988953,-1.6499994993209839,9.150016784667969,-1.949999213218689,10.050020217895508,5,straight,68.59149538115929,246.92938337217345
1291.2175693547101,-168.04931640625,-114.36125183105469,10.477767944335938,-168.73902198502725,-115.08724381213779,1.0013781213874422,2.381820344246183,-7.183748876971041e-05,13920.308422886303,-3.965891067743038,11.050016283988953,-1.8499993085861206,9.200016975402832,-2.099999189376831,10.100020408630371,5,straight,66.72354583890954,240.20476502007438
1301.9932284734011,-175.8498992919922,-106.94342041015625,9.986328125,-176.40459803901803,-107.52637967848135,0.8046938600972237,2.3810303460734135,-0.0002531914069803243,3949.581117015203,-5.844713004085928,11.200016140937805,-1.9999991655349731,9.200016975402832,-2.2499990463256836,10.100020408630371,5,straight,64.7945171370742,233.2602616934671
1312.7891997508202,-183.63705444335938,-99.50564575195312,9.216445922851562,-184.06356264057285,-99.94970415269536,0.6157086206640686,2.3763512784791376,-0.0007735561282376513,1292.7310165304266,-7.6548737841845576,11.400016069412231,-2.1999990940093994,9.200016975402832,-2.4499988555908203,10.100020408630371,5,straight,62.802460965085174,226.08885947430664
1323.603184574399,-191.3668975830078,-91.99502563476562,8.331924438476562,-191.67375761099106,-92.30690191564476,0.43752701785019477,2.364301567353197,-0.0012638282517451471,791.2467525703418,-7.874743872030887,11.35001540184021,-2.2999989986419678,9.050016403198242,-2.649998664855957,9.950019836425781,5,straight,60.7416220114734,218.66983924130426
1334.4714803624513,-199.03382873535156,-84.33595275878906,7.5093536376953125,-199.22855363544,-84.52786974787769,0.27340431125952147,2.3489323137032025,-0.0017230270023514127,580.3739573641628,-7.4596816458444515,11.450015783309937,-2.2999989986419678,9.150016784667969,-2.649998664855957,10.050020217895508,5,straight,58.59745291862783,210.9508305070602
1345.3814236528365,-206.59271240234375,-76.50990295410156,6.707427978515625,-206.68466674164594,-76.59659582815554,0.12637743045433525,2.326751295023593,-0.002646758864970261,377.82059152987324,-7.340954120485755,11.400018095970154,-1.7499994039535522,9.650018692016602,-2.099999189376831,10.55002212524414,5,straight,56.36308884120863,202.90711982835106
1356.3287179261945,-213.94528198242188,-68.43904113769531,5.9048309326171875,-213.9444073075306,-68.43827361813563,-0.001163676260789552,2.291035556512079,-0.003841730152119832,260.299386058703,-7.290951741381862,11.50002133846283,-1.149999976158142,10.350021362304688,-1.4999996423721313,11.250024795532227,5,straight,54.02827673866746,194.50179625920285
1367.2989364191903,-220.96629333496094,-60.04747009277344,5.1094512939453125,-220.8818774141284,-59.98035358064567,-0.10784560209020691,2.24252354156602,-0.004886733295512147,204.63568186100414,-7.1888316226931925,10.943996787071228,-0.9500001668930054,9.993996620178223,-1.9042106866836548,11.75002670288086,5,straight,51.58267018244539,185.69761265680341
1378.2725277574516,-227.5251922607422,-51.2845458984375,4.32733154296875,-227.36690816896484,-51.173209258992074,-0.19351925225357852,2.1837988760012688,-0.0057167603043322135,174.92424848426666,-6.83920675640716,10.744996428489685,-1.7499994039535522,8.994997024536133,-12.848895072937012,11.75002670288086,5,straight,49.01438185556274,176.45177468002586
1389.1980354915147,-233.4988555908203,-42.16481018066406,3.6114501953125,-233.27738195410492,-42.03006644558954,-0.2592420604411548,2.117366694841921,-0.00507919164721668,196.88172241895714,-4.569171968648475,10.744997024536133,-2.74899959564209,7.995997428894043,-23.749923706054688,10.750022888183594,5,straight,51.571695558452404,185.65810401042867
1400.0569599812811,-238.93069458007812,-32.76631164550781,3.3293304443359375,-238.66157737580198,-32.6185147492008,-0.3070309303561926,2.0730186398812287,-0.00397635363636023,251.48668640934906,-1.5885935040479278,10.744997024536133,-3.747999668121338,6.996997356414795,-23.749923706054688,9.650018692016602,5,straight,53.99353943723972,194.37674197406298
1410.9068829787923,-243.9432373046875,-23.143875122070312,3.2664031982421875,-243.63910726947256,-22.993100935658596,-0.3394524025661901,2.0310427026984974,-0.003877556113414088,257.89439810827804,-0.22963540235828306,10.744997024536133,-4.746999740600586,5.997997283935547,-18.700000762939453,8.050012588500977,5,straight,56.3094387115887,202.7139793617193
1421.7428426276751,-248.54638671875,-13.334243774414062,3.2794342041015625,-248.21816878356833,-13.188404509080605,-0.35916027660075445,1.9889306580528727,-0.0038829887003566377,257.5335848667687,0.297121685095153,10.744997024536133,-5.745999813079834,4.998997211456299,-14.95003890991211,6.000004768371582,5,straight,56.64360567022184,203.9169804127986
1432.555362265256,-252.7306365966797,-3.364288330078125,3.3306427001953125,-252.387907884236,-3.228911754674306,-0.36849665873841325,1.9469817460827874,-0.00418537674277758,238.92711730804928,0.29416585896230585,10.744997262954712,-6.744999885559082,3.99999737739563,-11.800026893615723,4.049997329711914,5,straight,54.35005152689723,195.66018549683005
1443.1944759903574,-256.3982849121094,6.622650146484375,3.3431549072265625,-256.04878202182624,6.741761084421817,-0.36924204236866465,1.8992526662826577,-0.00458291665360766,218.20165531764636,0.17636169492035725,12.742997169494629,-7.74399995803833,4.998997211456299,-9.340001106262207,5.850004196166992,5,straight,51.99462287037571,187.18064233335255
1453.4025328049083,-259.4553527832031,16.362167358398438,3.366912841796875,-259.10699630568024,16.462612750343194,-0.36254863424800987,1.851522601569342,-0.004441173464571291,225.16571531765888,0.3478661820002338,13.148006439208984,-7.1500091552734375,5.997997283935547,-7.200009346008301,7.65001106262207,5,straight,49.62965159852334,178.66674575468403
1463.1809529933769,-261.9613800048828,25.81390380859375,3.411712646484375,-261.6223043628061,25.896700041212874,-0.34903797384476243,1.8102919525373025,-0.0035314538535482776,283.1694937752722,0.3487462353790216,13.49700403213501,-6.500006675720215,6.996997356414795,-6.550006866455078,8.850015640258789,5,straight,47.25335112850206,170.11206406260743
1472.5641580944693,-264.05308532714844,34.960968017578125,3.4345855712890625,-263.7314813319618,35.0303656688774,-0.3290063277900418,1.7833236722232264,-0.002612668764683468,382.7503943543922,0.8344871239821694,13.596000671386719,-5.600003242492676,7.995997428894043,-5.650003433227539,9.800019264221191,5,straight,44.85488838435991,161.47759818369568
1481.5525720084702,-265.8492889404297,43.767181396484375,3.560455322265625,-265.5521490310702,43.82472629764963,-0.3026607694833833,1.762090917530117,-0.0028903343000203363,345.98074001092675,2.424684426342022,13.894997596740723,-4.90000057220459,8.994997024536133,-4.950000762939453,10.450021743774414,5,straight,42.4303876341255,152.7493954828518
1490.106061058021,-267.3648223876953,52.18031311035156,3.851226806640625,-267.0980553521355,52.223986386885066,-0.270318342597307,1.7330699608469247,-0.005464654867762098,182.9941733190413,4.169772848303929,13.192997932434082,-4.399998664855957,8.792999267578125,-4.44999885559082,10.900023460388184,6,right,39.986928471683434,143.95294249806037
1498.1804903586833,-268.43817138671875,60.173309326171875,4.2466278076171875,-268.2068627801755,60.197068688543794,-0.23252565183501808,1.6731545033542177,-0.00888078472481768,112.60266192529846,5.372861722295874,11.993997573852539,-4.199997901916504,7.793999671936035,-4.399998664855957,10.900023460388184,6,right,37.53465179197394,135.1247464511062
1505.8262547432141,-268.9273681640625,67.7904052734375,4.6918792724609375,-268.73733725784666,67.79494498289073,-0.19008512377127082,1.5946811055164993,-0.011176410291669103,89.47416691971304,6.022041367450404,11.59499979019165,-4.800000190734863,6.794999599456787,-4.90000057220459,10.55002212524414,6,right,35.05478866681896,126.19723920054825
1513.2546515927306,-268.7701110839844,75.20277404785156,5.1535491943359375,-268.6264145947257,75.19331587757048,-0.14400742345564319,1.5050706638132962,-0.01248460867879303,80.09862589435015,6.227750818726863,11.59499979019165,-5.799000263214111,5.795999526977539,-6.050004959106445,9.550018310546875,6,right,33.167371436895706,119.40253717282455
1520.5225333648073,-267.9532928466797,82.41035461425781,5.607086181640625,-267.8590750032983,82.395202113808,-0.09542850874512933,1.4113376323897435,-0.01315995178198559,75.98812036445918,6.172523998209867,11.59499979019165,-6.798000335693359,4.796999454498291,-7.95001220703125,8.000012397766113,6,right,32.305121034992,116.2984357259712
1527.6308551757056,-266.49085998535156,89.35305786132812,6.0411376953125,-266.44679610492256,89.34157938804795,-0.045534392576424776,1.3159635463547856,-0.014765321337594506,67.72626054902474,6.31458243990552,11.59499979019165,-7.797000408172607,3.797999382019043,-10.70002269744873,5.800004005432129,6,right,30.498400980712184,109.79424353056386
1534.598525835979,-264.3599395751953,95.9713134765625,6.4953460693359375,-264.36412308382484,95.97292129840545,0.004481833947371677,1.2038765459946328,-0.014799734711352208,67.56877873175289,7.919086460398223,11.59499979019165,-8.796000480651855,2.798999309539795,-13.000031471252441,2.9999983310699463,6,right,30.462921841180865,109.66651862825111
1541.4298574623135,-261.5792236328125,102.1787109375,7.1301116943359375,-261.62710402744784,102.20239756107497,0.05341898844812822,1.111394472691319,-0.010637583225583724,94.00631504296656,9.080652245406467,11.594999432563782,-9.795000076293945,1.7999993562698364,-13.100031852722168,1.8499993085861206,6,right,32.997370787872086,118.79053483633952
1548.1549882343259,-258.44390869140625,108.0982666015625,7.726806640625,-258.5311302465749,108.14725407159273,0.10003685273937347,1.0590572993846439,-0.0085292982230743,117.24294002227536,8.411838846563757,12.296002388000488,-9.846003532409668,2.4499988555908203,-13.100031852722168,2.4999988079071045,6,right,35.31519443254663,127.13469995716788
1554.834837958126,-254.99937438964844,113.79679870605469,8.258132934570312,-255.1195096545963,113.87442505367153,0.14303262469948672,0.997126815822148,-0.010322674001100873,96.87412388431078,7.452602588603508,12.296002864837646,-8.847003936767578,3.4489989280700684,-11.00002384185791,5.000000953674316,6,right,36.47559756093276,131.31215121935796
1561.478596717826,-251.1944580078125,119.22346496582031,8.720123291015625,-251.33868046152358,119.33292124693746,0.18105467028065458,0.9215977220660349,-0.011575475119336764,86.38954251903715,6.406089492018207,12.296003341674805,-7.848004341125488,4.447999000549316,-8.650014877319336,7.250009536743164,6,right,34.44523155614513,124.00283360212248
1568.1002637587044,-246.9951934814453,124.32856750488281,9.108169555664062,-247.15414279130155,124.47001851789771,0.2127751681628189,0.8435823423598554,-0.012472417551083914,80.17691805973054,5.422324766321617,12.296003341674805,-6.84900426864624,5.4469990730285645,-6.950008392333984,8.600014686584473,6,right,33.18357715244605,119.46087774880577
1574.6809501745417,-242.41319274902344,129.0405731201172,9.436355590820312,-242.57596243593287,129.2128642040642,0.23701938440606823,0.7569888830664726,-0.013319742868533824,75.07652436462352,4.75158975036366,12.296003341674805,-5.850004196166992,6.4459991455078125,-5.9000043869018555,9.450017929077148,6,right,32.11076121215035,115.59874036374127
1581.2404164465177,-237.4478759765625,133.3166046142578,9.732635498046875,-237.60465424114008,133.5150776403046,0.2529248234399514,0.6685657098258312,-0.012743193767941252,78.4732633129816,4.355389512744212,12.895001888275146,-5.450002670288086,7.4449992179870605,-5.500002861022949,9.650018692016602,6,right,32.82913033177226,118.18486919438014
1587.8048020681567,-232.14773559570312,137.17974853515625,10.0079345703125,-232.29238460089684,137.3958997529223,0.2600859158918243,0.5897563496902752,-0.010845277680790244,92.20603007438484,3.9029730148215425,13.345002174377441,-5.650003433227539,7.694998741149902,-5.700003623962402,9.650018692016602,6,right,35.104183417597966,126.37506030335268
1594.425528748267,-226.52870178222656,140.67308044433594,10.246917724609375,-226.65849129877986,140.8967951483836,0.25863794658609846,0.5257008138481548,-0.008864010699040026,112.8157483054821,3.208140468424936,13.146005153656006,-6.450006484985352,6.695998668670654,-6.500006675720215,9.000016212463379,6,right,37.258315613737494,134.129936209455
1601.1442080297734,-220.62562561035156,143.87603759765625,10.435089111328125,-220.73887947087755,144.098070965895,0.24924938021082454,0.47167576498668323,-0.007252827413691598,137.87726399117673,2.274080265405065,13.146005153656006,-7.4490065574646,5.696998596191406,-7.700011253356934,7.900012016296387,6,right,39.323868926857415,141.5659281366867
1607.9644798285383,-214.48162841796875,146.8346405029297,10.553726196289062,-214.57827243253183,147.04667225643294,0.23301830409761803,0.42766649847522537,-0.0056742732188519995,176.23402353584882,1.293222541224348,13.146005153656006,-8.448006629943848,4.697998523712158,-9.250017166137695,6.450006484985352,6,right,39.49563698295904,142.18429313865255
1614.7554951520694,-208.2538299560547,149.5418701171875,10.611373901367188,-208.33502276198115,149.73694984052608,0.21130160953497862,0.39439615179434184,-0.0036307407225575905,275.4258914130264,0.5797304005223936,13.146004915237427,-9.447006225585938,3.6989986896514893,-11.050024032592773,4.75,6,right,37.41681007130972,134.700516256715
1621.3260042825468,-202.16281127929688,152.0057373046875,10.632354736328125,-202.23138149039698,152.17811311153315,0.18551359151285957,0.3786039558074483,-0.00034220999866796387,2922.1822971054394,0.2980532379390666,12.092997312545776,-9.392998695373535,2.699998617172241,-12.450029373168945,2.7499985694885254,6,right,35.28911459564415,127.04081254431894
1627.4933190281874,-196.43836975097656,154.30056762695312,10.649505615234375,-196.49781029300664,154.44582228438193,0.15694614854016473,0.3884259425606786,0.00312450581588819,320.0506124568484,0.24620080634083497,11.043997764587402,-8.393999099731445,2.649998664855957,-12.450029373168945,2.699998617172241,6,right,33.168032057587354,119.40491540731448
1633.2783678287497,-191.11068725585938,156.55499267578125,10.662017822265625,-191.16172696282433,156.67089534415263,0.1266431214976711,0.41481428161969375,0.00463997603643973,215.51835443686977,0.23051607400397245,11.04399824142456,-7.3949995040893555,3.648998737335205,-11.550025939941406,3.9499974250793457,7,left,31.04698313222568,111.76913927601245
1638.7151925032476,-186.1614227294922,158.8052520751953,10.675277709960938,-186.20207150913396,158.8914964805914,0.09534369800090814,0.44044213819745853,0.007262659897820933,137.69060014775536,0.02000980294589727,11.04399824142456,-6.395999431610107,4.647998809814453,-10.300021171569824,5.450002670288086,7,left,28.912117900221794,104.08362444079846
1643.811199597204,-181.5974578857422,161.07228088378906,10.665603637695312,-181.62731713115127,161.128311442346,0.06349014119217418,0.48962768978080257,0.014919097378699675,67.02818371758349,-0.572871346981052,11.04399824142456,-5.396999359130859,5.646998882293701,-8.850015640258789,10.30614185333252,7,left,26.75687146241535,96.32473726469526
1648.7026221338,-177.39352416992188,163.57244873046875,10.619598388671875,-177.4108586463501,163.59848817194768,0.031281569423149184,0.587333612649719,0.02286079463932389,43.743011377209726,-1.1811897002407923,11.04399824142456,-4.397999286651611,6.645998954772949,-7.200009346008301,15.1963472366333,7,left,24.51053892215751,88.23794011976705
1653.4826730816244,-173.5904541015625,166.46743774414062,10.551895141601562,-173.58963886599088,166.46648944821436,-0.001250549559597952,0.7100897747673386,0.02528718038672073,39.54572968226771,-1.8217862595640177,11.043998003005981,-3.398998975753784,7.644999027252197,-5.05000114440918,19.974918365478516,7,left,23.304957658323794,83.89784756996566
1658.1515909648117,-170.23681640625,169.7141571044922,10.448348999023438,-170.21168897167414,169.69100816371997,-0.03416520784716923,0.8263578921743758,0.025241542516898585,39.617230180387146,-3.0450117326867643,11.043997049331665,-2.399998903274536,8.643998146057129,-2.4999988079071045,19.974918365478516,7,left,23.326016361510103,83.97365890143637
1662.7477774069982,-167.3451385498047,173.2823028564453,10.270965576171875,-167.29043210211157,173.2426755784935,-0.06755084438458316,0.943906377602252,0.02367627479920953,42.236374112087375,-4.301876705429719,11.044996500015259,-2.1999990940093994,8.84499740600586,-2.2499990463256836,19.099994659423828,7,left,24.084732966246644,86.70503867848792
1667.3825166786075,-164.82540893554688,177.16603088378906,10.0509033203125,-164.73764205403018,177.11507356259978,-0.10148730991585457,1.0447647924199344,0.017022432672019305,58.746010001482,-5.188784788265544,11.044996976852417,-3.1989991664886475,7.8459978103637695,-4.800000190734863,14.47148323059082,7,left,26.252517278656867,94.50906220316473
1672.1143735665917,-162.56199645996094,181.3128662109375,9.784088134765625,-162.44061496734153,181.251456058455,-0.13603188441847344,1.1024185117499594,0.01565605789706359,63.87303921426845,-5.930022749950581,11.044997215270996,-4.197999477386475,6.8469977378845215,-7.200009346008301,9.748154640197754,7,left,27.08686924692566,97.51272928893238
1676.9464535755712,-160.5848846435547,185.711669921875,9.483169555664062,-160.42559573703048,185.64886014526874,-0.17122506761278802,1.1952016403848047,0.02215404292056966,45.138487976454925,-6.578043847407122,11.044997215270996,-5.196999549865723,5.847997665405273,-9.000016212463379,6.950008392333984,7,left,24.898433562548306,89.6343608251739
1681.7764233690834,-159.09677124023438,190.2944793701172,9.148529052734375,-158.89632517268348,190.2423700801388,-0.2071086770240872,1.3164595194438837,0.02504583704199992,39.92679495291285,-7.3977120768760285,11.044997215270996,-6.195999622344971,4.848997592926025,-10.200020790100098,5.000000953674316,7,left,23.416972517456333,84.3011010628428
1686.5692240849364,-158.18931579589844,194.9854736328125,8.771652221679688,-157.94776888848722,194.95276857687756,-0.2437509572568625,1.436216386401821,0.02388187379865714,41.87276125947158,-8.486572061927722,11.044997215270996,-7.194999694824219,3.8499975204467773,-10.900023460388184,3.9499974250793457,7,left,23.980836164270475,86.33101019137371
1691.3604862836573,-157.82049560546875,199.74253845214844,8.335189819335938,-157.53931648531037,199.7353814532992,-0.28127019082294075,1.545348299871413,0.021527513967318224,46.452182147838336,-9.571467648984866,11.793997049331665,-8.193999290466309,3.5999977588653564,-11.050024032592773,3.6499977111816406,7,left,25.258152537713674,90.92934913576923
1696.2251415404207,-157.94442749023438,204.58102416992188,7.8467559814453125,-157.62543436815312,204.60438518650926,-0.3198473839679446,1.6438994311716706,0.01877603571421127,53.259378881726164,-10.346792592759845,12.942996501922607,-9.192998886108398,3.749997615814209,-11.050024032592773,3.799997568130493,7,left,27.04559686088712,97.36414869919363
1701.2244349192188,-158.5342254638672,209.51670837402344,7.313751220703125,-158.1790517826587,209.57379038267547,-0.35973142694924287,1.7301494063583327,0.013828564572651691,72.31408543860495,-10.809558896778604,14.591997146606445,-10.191998481750488,4.399998664855957,-10.55002212524414,4.44999885559082,7,left,29.14048168565592,104.90573406836131
1706.383247356242,-159.506591796875,214.5513916015625,6.74822998046875,-159.11438578303787,214.6359987376342,-0.4012280209111335,1.783261681334776,0.004376595908646974,228.48808089050888,-10.952566943350007,14.847008228302002,-9.448009490966797,5.398998737335205,-9.700018882751465,5.450002670288086,7,left,31.15488329121654,112.15757984837954
1711.7225747763407,-160.62530517578125,219.73941040039062,6.163970947265625,-160.18978453161486,219.82911260260983,-0.4446624748931279,1.7739212536097104,-0.00750602924033239,133.22623293640632,-10.782552799673283,14.84700870513916,-8.449009895324707,6.397998809814453,-8.500014305114746,6.600007057189941,8,right,31.841602585172357,114.62976930662049
1717.0965838136078,-161.5271759033203,225.00636291503906,5.593170166015625,-161.0411022254895,225.07072685998108,-0.49031656884962094,1.7024464668812431,-0.015477336431133304,64.61060043822906,-10.382714776672824,14.847009181976318,-7.450010299682617,7.396998882293701,-7.5000104904174805,7.450010299682617,8,right,29.788621760978433,107.23903833952237
1722.4097621545602,-161.97137451171875,230.27342224121094,5.0540618896484375,-161.43342626896785,230.29386287112723,-0.538336447985968,1.6087754470894997,-0.01762693475192273,56.731361071778004,-9.734253604431814,14.450018882751465,-6.950008392333984,7.5000104904174805,-7.000008583068848,7.80001163482666,8,right,27.913231861606405,100.48763470178307
1727.725816164564,-161.91751098632812,235.56605529785156,4.5585174560546875,-161.32980734409534,235.53328004410218,-0.588616843415158,1.5150856990615837,-0.01614085303281898,61.9545942191973,-8.642161712454522,14.045008182525635,-7.000008583068848,7.044999599456787,-7.050008773803711,7.80001163482666,8,right,29.16992281454402,105.01172213235847
1733.1221496253318,-161.39468383789062,240.91983032226562,4.1293792724609375,-160.75981749799536,240.83380057557832,-0.6406687028777848,1.436108293996196,-0.013192331161931137,75.80161441714571,-7.185297166682691,13.69601058959961,-7.65001106262207,6.045999526977539,-7.700011253356934,7.300009727478027,8,right,31.27196303411044,112.57906692279758
1738.6394949274618,-160.473388671875,246.34823608398438,3.776214599609375,-159.79363336670494,246.2109138892505,-0.6934873178893584,1.3714620032250662,-0.011656480259144564,85.78919002719498,-5.190099853251883,13.696010112762451,-8.64901065826416,5.046999454498291,-8.7870454788208,6.450006484985352,8,right,33.28417115987897,119.8230161755643
1744.3079022917905,-159.16796875,251.8597412109375,3.5525360107421875,-158.44854508325807,251.66445890154705,-0.7454566336342278,1.3057402989861269,-0.010502626486677824,95.21427818731452,-4.058002974270663,13.696009635925293,-9.64801025390625,4.047999382019043,-14.450037002563477,5.150001525878906,8,right,35.23198877136903,126.83515957692852
1750.1053321019444,-157.4936065673828,257.40484619140625,3.310638427734375,-156.73947397431996,257.1553774770015,-0.7943239939637146,1.2513255272906416,-0.010139995617430508,98.6193720124508,-3.042402710620984,13.691996097564697,-10.642996788024902,3.048999309539795,-18.550003051757812,3.499997854232788,8,right,36.80269630365416,132.48970669315497
1756.0366983051492,-155.4362335205078,262.9668426513672,3.198760986328125,-154.65998082625953,262.6530194891326,-0.8372892107764534,1.1866060552848723,-0.010794127040031853,92.64297115378855,-2.0124120771318035,11.69399642944336,-9.643997192382812,2.049999237060547,-18.550003051757812,2.099999189376831,8,right,35.6701354893156,128.41248776153617
1762.0668646117936,-153.0287322998047,268.4940643310547,3.069671630859375,-152.24367993940183,268.1162324277637,-0.8712428798668111,1.1222345906982167,-0.010414817420363098,96.01704568001311,-2.389330196912551,9.944997429847717,-8.644997596740723,1.2999998331069946,-18.350006103515625,1.3499997854232788,8,right,36.31388309406335,130.72997913862807
1768.0812055784957,-150.2316131591797,273.81602478027344,2.9110565185546875,-149.45195678459928,273.38028577956595,-0.8931587424201038,1.061156489904237,-0.007711819311214063,129.67108792938913,-2.40369270997646,9.9459969997406,-7.645998001098633,2.2999989986419678,-15.400040626525879,3.7776670455932617,8,right,36.69592470651721,132.10532894346196
1774.0407725353555,-147.22564697265625,278.9603271484375,2.7816009521484375,-146.4537328585371,278.49639168558633,-0.9006039713809997,1.0296275047383403,-0.0005478561857566455,1825.2965394903729,-1.967580459471094,9.9459969997406,-6.646997928619385,3.298999071121216,-13.000031471252441,9.734827995300293,8,right,34.73152524197681,125.03349087111653
1780.0097343091054,-144.19598388671875,284.1021728515625,2.6763916015625,-143.41992016028522,283.66185291172565,-0.8922760542028708,1.0547105541046977,0.006995153512828423,142.95611928545935,-1.9426966886742698,9.945996761322021,-5.647997856140137,4.297998905181885,-10.200020790100098,15.701861381530762,9,left,32.64575944334737,117.52473399605054
1785.9601688057865,-141.4024658203125,289.35459899902344,2.55010986328125,-140.62349719667762,288.9707008890753,-0.8684295454608604,1.1129021821231877,0.012216096821158429,81.8592071297264,-1.3650942396123216,9.945996761322021,-4.648997783660889,5.296998977661133,-7.100008964538574,21.64995574951172,9,left,30.42447337001982,109.52810413207136
1791.8322560075796,-139.02732849121094,294.7247772216797,2.513824462890625,-138.25312278717598,294.42267292310487,-0.8310604547068854,1.1987563189249621,0.017442299974587405,57.331888653271186,0.018490589120900847,9.945996761322021,-3.6499977111816406,6.295999050140381,-3.699997663497925,21.64995574951172,9,left,28.060580157295867,101.01808856626512
1797.5737405985985,-137.2993927001953,300.199951171875,2.5506134033203125,-136.54119331836148,300.00145277965703,-0.7837524573016055,1.3147407694547708,0.01717169830031623,58.23535811723318,0.36118153282307386,11.199002742767334,-4.499999046325684,6.69900369644165,-4.549999237060547,15.909588813781738,9,left,28.280813432114723,101.810928355613
1803.1966439953967,-136.04762268066406,305.68174743652344,2.5555267333984375,-135.32777007418127,305.55359281268824,-0.7311712403195292,1.394613207613743,0.016672483520191017,59.979066633292014,0.0515503437865078,11.199002742767334,-5.498999118804932,5.700003623962402,-5.750003814697266,10.287688255310059,9,left,28.701088849408354,103.32391985787008
1808.7360538758842,-135.3876495361328,311.18170166015625,2.556427001953125,-134.71103814179,311.1340158343281,-0.6782896998624193,1.5004352483401373,0.017688427349716707,56.53413840750606,0.016529030903755793,11.200006484985352,-6.250005722045898,4.950000762939453,-6.300005912780762,5.000000953674316,9,left,27.864670406963157,100.31281346506736
1814.2744870226263,-135.25978088378906,316.7186584472656,2.5573577880859375,-134.63039778450403,316.7311025106271,-0.629506108293315,1.5905655932204,0.013716010597808026,72.90749688978889,0.014137803710725927,11.050005912780762,-6.250005722045898,4.800000190734863,-6.300005912780762,4.850000381469727,9,left,30.11372987352422,108.4094275446872
1819.877108057235,-135.56080627441406,322.3131866455078,2.5579986572265625,-134.97493471509412,322.3614065667124,-0.5878525706509594,1.652915828114232,0.011465644863493829,87.21707430377174,0.005775680546632467,10.997000217437744,-5.846998691558838,5.150001525878906,-6.150005340576172,5.2000017166137695,9,left,32.229564634577585,116.0264326844793
1825.591150277924,-136.21554565429688,327.9895935058594,2.5579986572265625,-135.66726738920147,328.07223219118583,-0.5544711068112643,1.7203942534577765,0.013129673208030879,76.16335792640606,-2.7755575615628914e-15,10.698002815246582,-4.84799861907959,5.850004196166992,-5.500002861022949,5.9000043869018555,9,left,32.34234929254925,116.4324574531773
1831.3915373209973,-137.32505798339844,333.68287658691406,2.5579986572265625,-136.81093616474422,333.8051707055212,-0.528466740544976,1.8043262716587385,0.014108779971062413,70.87785067532657,-0.0021774669327817575,10.698002815246582,-3.848998546600342,6.84900426864624,-4.44999885559082,10.77009391784668,9,left,31.19994232646809,112.31979237528513
1837.295350926958,-138.93975830078125,339.36158752441406,2.5577392578125,-138.45750231011473,339.51854609016436,-0.5071556288715717,1.8854508444709845,0.010611343997307565,94.23876940128713,-0.34338204531400573,9.045998096466064,-2.8499984741210938,6.195999622344971,-6.478852272033691,16.67290687561035,9,left,33.353197578548226,120.07151128277361
1843.3235271798085,-140.94056701660156,345.0478820800781,2.51617431640625,-140.48501568999623,345.21901895386094,-0.4866362509513825,1.9301540858382722,0.005933744991479917,168.52763329665657,-0.15736073231643888,7.396998643875122,-2.1999990940093994,5.196999549865723,-12.505885124206543,22.699939727783203,9,left,35.41698985530513,127.50116347909848
1849.4802273372065,-143.2021026611328,350.7741241455078,2.539947509765625,-142.7736987475601,350.9485071164966,-0.46253576481748765,1.957367795622031,0.00266243890054646,375.5954736819508,0.18792481195469002,7.396998643875122,-3.1989991664886475,4.197999477386475,-18.66153907775879,22.699939727783203,9,left,37.40743935257487,134.66678166926954
1855.76959282179,-145.59861755371094,356.58900451660156,2.539031982421875,-145.2005229936357,356.7535855609651,-0.43077395339702973,1.962819568302951,-0.0003789752218761877,2638.694939076262,-0.16931025624269125,7.396998643875122,-4.197999477386475,3.1989991664886475,-24.949905395507812,16.41157341003418,9,left,39.33692082364352,141.61291496511666
1862.1959002186936,-148.0264434814453,362.5390167236328,2.5179901123046875,-147.66614563990103,362.68351266869354,-0.388192752071018,1.9522039518099161,-0.0029219286221168206,342.2397085372811,-0.07595757148743665,7.396998643875122,-5.196999549865723,2.1999990940093994,-24.949905395507812,9.986300468444824,9,left,41.21521953403013,148.3747903225085
1868.7521570348854,-150.38450622558594,368.6565246582031,2.5298309326171875,-150.07217314175938,368.77186629519775,-0.33294991887252806,1.9245520260060776,-0.004865813307150246,205.51548875303408,0.13369146224760653,7.395999550819397,-6.195999622344971,1.1999999284744263,-18.3946590423584,3.43105411529541,9,left,43.04712338494546,154.96964418580365
1875.431044103296,-152.58493041992188,374.9625244140625,2.5355682373046875,-152.33345655690366,375.04498125041516,-0.2646473760357223,1.887643754341502,-0.006100697285090495,163.9156891858742,0.11565306649967966,9.393999576568604,-7.194999694824219,2.1989998817443848,-12.500029563903809,3.2999980449676514,9,left,44.83639759009836,161.4110313243541
1882.2276695715777,-154.55357360839844,381.46778869628906,2.5454864501953125,-154.37608500049507,381.51717948904803,-0.184232614769589,1.8422055089520752,-0.006766151267648679,147.79450834647278,0.10937229453101271,11.391999244689941,-8.193999290466309,3.197999954223633,-10.300021171569824,5.250001907348633,9,left,45.05341027747463,162.19227699890868
1889.1381499614367,-156.2372283935547,388.17002868652344,2.55047607421875,-156.14581248408228,388.1908634832773,-0.09376010484443394,1.7948808636793432,-0.005714930639020066,174.9802514088726,0.03748377569000316,11.44299840927124,-7.245998382568359,4.197000026702881,-8.450014114379883,6.950008392333984,9,left,46.82424722223836,168.5672900000581
1896.1666250101978,-157.67752075195312,395.0493469238281,2.550628662109375,-157.68134366433384,395.0486036958641,0.0038944892960609623,1.7628150782403678,-0.003593602485738312,278.2722919322971,-0.02525746221901104,11.44299840927124,-6.246998310089111,5.196000099182129,-8.450014114379883,8.350013732910156,10,straight,48.5591242144803,174.81284717212907
1903.314757695496,-158.9749298095703,402.07875061035156,2.5468292236328125,-159.07863992405638,402.0605877048184,0.10528855105908788,1.7441695605941616,-0.0026313400108770035,380.03450556232315,-0.05054322129068867,11.44299840927124,-5.247998237609863,6.195000171661377,-5.600003242492676,9.650018692016602,10,straight,50.26215455409753,180.9437563947511
1910.5791616950828,-160.1586456298828,409.2460632324219,2.5433502197265625,-160.36280591645834,409.21435298927753,0.20660823346341034,1.7248854266558449,-0.002947918481267242,339.2224060314324,-0.06668320413614759,11.44299840927124,-4.248998165130615,7.194000244140625,-4.399998664855957,10.800023078918457,10,straight,51.93570359768182,186.96853295165457
1917.961309163914,-161.20208740234375,416.55409240722656,2.537017822265625,-161.50335356844036,416.51466683383563,0.30383495301190583,1.700923089926517,-0.00330098541074203,302.9398423712541,-0.09942725085959059,11.442997932434082,-3.249998092651367,8.192999839782715,-3.2999980449676514,11.800026893615723,10,straight,53.582857223112136,192.89828600320368
1925.4510446116972,-162.07797241210938,423.992431640625,2.528533935546875,-162.46873978976174,423.95125541468843,0.3929308145458727,1.6757816370167729,-0.0030426438155372604,328.66153931442784,-0.08489137253589463,11.641998291015625,-2.4499988555908203,9.191999435424805,-2.4999988079071045,12.600029945373535,10,straight,55.203812545647864,198.73372516433233
1932.9748957214838,-162.78823852539062,431.48268127441406,2.5242919921875,-163.25665097339288,431.44302139745656,0.4700884249625299,1.6552635769179909,-0.002207832017499134,452.9330094291887,-0.03772075476772274,12.190998196601868,-1.9999991655349731,10.190999031066895,-2.049999237060547,13.000031471252441,10,straight,56.785583294563814,204.42809986042974
1940.5752622741027,-163.37599182128906,439.06028747558594,2.522857666015625,-163.90667423563312,439.02218637540176,0.5320484176550871,1.6424697683357756,-0.0007290841406117909,1371.583805349102,-0.014814419820166624,13.039997935295105,-1.8499993085861206,11.189998626708984,-1.8999992609024048,13.150032043457031,10,straight,57.319124680449384,206.34884884961778
1948.271900069496,-163.92733764648438,446.7371520996094,2.52203369140625,-164.5022220851963,446.6948222209336,0.5764407484744973,1.644295667190608,0.0014450987473300092,691.9942335066155,-0.00022619276483226702,13.98899757862091,-1.7999993562698364,12.188998222351074,-1.8499993085861206,13.150032043457031,10,straight,55.71599782717851,200.57759217784266
1956.0623026518915,-164.57342529296875,454.50071716308594,2.5228424072265625,-165.17282343852358,454.4440368824719,0.6020720813200484,1.6650779612159554,0.003044063559678012,328.50825233944056,0.021586791457117727,15.000031113624573,-1.8999992609024048,13.100031852722168,-1.949999213218689,13.150032043457031,10,straight,54.04493663127233,194.56177187258038
1963.9417988246094,-165.42120361328125,462.33447265625,2.5254364013671875,-166.0257959327607,462.2607940654425,0.6090651915164074,1.692063285362873,0.0033628733296419133,297.3647538804212,0.017312621594681166,14.950030088424683,-2.099999189376831,12.850030899047852,-2.1499991416931152,12.900031089782715,10,straight,52.30048104547197,188.2817317636991
1971.9081830985454,-166.489990234375,470.2288360595703,2.5255584716796875,-167.08228296930483,470.14079833268966,0.5987999041457653,1.7183548375410256,0.003350692165078162,298.4457988776993,0.006424179851657885,14.850029230117798,-2.1999990940093994,12.650030136108398,-2.2999989986419678,12.700030326843262,10,straight,50.4755363145576,181.71193073240738
1979.960958058727,-167.78610229492188,478.17662048339844,2.5264739990234375,-168.35100532169952,478.07676931629385,0.5736599038059872,1.7457473086841229,0.0033804831954884484,295.81569916826913,0.06310129372561202,15.849028825759888,-2.1999990940093994,13.649029731750488,-2.349998950958252,14.700031280517578,10,straight,48.561149415759346,174.82013789673366
1988.0956473623191,-169.30612182617188,486.16802978515625,2.535858154296875,-169.83182523773078,486.0602179202551,0.5366446451220225,1.7730728082236211,0.0034254714041114243,291.9306226873619,-0.004300654152361583,15.849029541015625,-2.049999237060547,13.799030303955078,-2.349998950958252,14.700031280517578,10,straight,46.547417840476754,167.57070422571633
1996.2687365823535,-171.0699005126953,494.1485290527344,2.5256805419921875,-171.54782177298185,494.0362145521989,0.49094121650602673,1.8016142445201637,0.0034195533859026073,292.4358496997248,-0.07331505395292426,14.750029921531677,-1.949999213218689,12.800030708312988,-2.1499991416931152,12.850030899047852,10,straight,44.43236314916689,159.9565073370008
2004.2445755084748,-173.00706481933594,501.8855438232422,2.5238189697265625,-173.43211431961652,501.77359634808766,0.43954444016758754,1.8283232135995804,0.0031192102064661054,320.59397533613014,-0.01674255520978385,14.95003068447113,-1.949999213218689,13.000031471252441,-2.049999237060547,13.050031661987305,10,straight,42.26643755206778,152.159175187444
2011.8162330087869,-175.0189666748047,509.1850128173828,2.5230255126953125,-175.3890101967634,509.0788076306115,0.38498279161636134,1.8502909920189594,0.002608790960867524,383.3193287619569,-0.01066749677298695,14.900031447410583,-1.7499994039535522,13.150032043457031,-1.949999213218689,13.200032234191895,10,straight,40.10217748645948,144.36783895125413
2018.9913229342221,-177.0597686767578,516.0637512207031,2.522247314453125,-177.3746078717316,515.9676611205589,0.32917628413584377,1.867020331786059,0.0019329528816756647,517.3431848649649,-0.01462827149024959,14.900031685829163,-1.699999451637268,13.200032234191895,-1.7999993562698364,13.250032424926758,10,straight,37.93750547876139,136.575019723541
2025.7095962546884,-179.0596923828125,522.4774475097656,2.521026611328125,-179.3203440239142,522.3949003172316,0.2734105283346724,1.8774988191578987,0.000716627738569231,1395.4246342690144,-0.02134245850764216,14.58899700641632,-1.5999995470046997,12.988997459411621,-1.6499994993209839,13.350032806396484,10,straight,35.792168066407925,128.85180503906852
2031.9311440749777,-180.9442901611328,528.4066925048828,2.5195159912109375,-181.15252039981252,528.3408383070944,0.21839553032735842,1.8770999542401092,-0.0014101373128880268,709.1507974864898,-0.016628631457224485,13.439997553825378,-1.4499996900558472,11.989997863769531,-1.4999996423721313,13.450033187866211,10,straight,33.68381173521043,121.26172224675756
2037.6732348387034,-182.64144897460938,533.8922424316406,2.5189666748046875,-182.79890946088824,533.8450701307921,0.1643746656468628,1.86186943619111,-0.004324353570646755,231.24843601778818,-0.0008590775622152602,12.34099805355072,-1.3499997854232788,10.990998268127441,-1.4999996423721313,13.450033187866211,11,right,31.6134051957701,113.80825870477236
2042.9800590353314,-184.08816528320312,538.9980621337891,2.51934814453125,-184.19568344051441,538.969468678604,0.11125529124961354,1.8307208365520586,-0.008631340955208622,115.85685297213819,0.013092100577355437,11.69199812412262,-1.699999451637268,9.991998672485352,-1.7999993562698364,13.250032424926758,11,right,29.57132934425733,106.45678563932638
2047.9720345168744,-185.24136352539062,543.8550109863281,2.5202789306640625,-185.29888885773582,543.843118179932,0.05874183096735346,1.7746644961658429,-0.015118215423215287,66.14537311489927,-0.0054258901868664555,11.142998218536377,-2.1499991416931152,8.992999076843262,-2.399998903274536,12.800030708312988,11,right,27.51240535556798,99.04465928004474
2052.7460422370123,-185.9993133544922,548.5684661865234,2.5189208984375,-186.00572522652658,548.5677324490462,0.006453717817745393,1.6847349074972493,-0.02130844426989109,46.929751761042624,-0.15219849074835645,11.142998695373535,-3.1489992141723633,7.993999481201172,-6.3435797691345215,12.050027847290039,11,right,25.38765862946324,91.39557106606766
2057.4109945988657,-186.27392578125,553.2253112792969,2.5061798095703125,-186.2279473526995,553.2254616952088,-0.04597867458856367,1.574067760377671,-0.025416946483483138,39.343829151540156,-0.3432676636510201,11.142998695373535,-4.147999286651611,6.994999408721924,-11.007514953613281,11.00002384185791,11,right,23.245389856211325,83.68340348236077
2061.9718186973896,-186.000244140625,557.7778778076172,2.487396240234375,-185.90210907985474,557.7660244688691,-0.09884832720820652,1.4505926578376507,-0.027045260656164416,36.97505499071869,-0.45305753188089604,11.142998695373535,-5.146999359130859,5.995999336242676,-15.567299842834473,9.500018119812012,11,right,22.534759933101803,81.1251357591665
2066.4831294619844,-185.18309020996094,562.2145080566406,2.465118408203125,-185.03519660151488,562.1779883147906,-0.15233584924103152,1.3287067781789894,-0.02841473011346085,35.19301418690132,-1.1285659962158412,11.142998695373535,-6.145999431610107,4.996999263763428,-20.07755470275879,7.400010108947754,11,right,21.98501436985891,79.14605173149208
2070.9630227348975,-183.81546020507812,566.4798126220703,2.386322021484375,-183.62335025489315,566.4040601413258,-0.2065058626262571,1.1951974895488835,-0.030496636527363674,32.790501309963524,-0.9155965530740939,11.142998695373535,-7.1449995040893555,3.9979991912841797,-24.555755615234375,5.100001335144043,11,right,21.22132759727909,76.39677935020472
2075.3933900557277,-181.89373779296875,570.4716949462891,2.3827056884765625,-181.6661577583178,570.3432720355747,-0.2613142096558496,1.0570422350219273,-0.029305053340437093,34.12380753527353,-0.4893113700260743,11.142998218536377,-8.143999099731445,2.9989991188049316,-28.985122680664062,3.2999980449676514,11,right,21.648472756512103,77.93450192344358
2079.8092203270603,-179.48731994628906,574.1740112304688,2.3431549072265625,-179.23239843132052,573.9862274483207,-0.31661921551241345,0.9359046668421966,-0.027364397493922277,36.54383401725192,-0.5005274808634885,11.142997860908508,-9.142998695373535,1.9999991655349731,-33.399776458740234,2.099999189376831,11,right,22.402968919161985,80.65068810898315
2084.235609857265,-176.64283752441406,577.5654449462891,2.338531494140625,-176.37196609801336,577.3101952231558,-0.37218778969759425,0.8150816590444298,-0.027837545899755067,35.92270682196877,-0.07583055757180435,12.241997480392456,-10.141998291015625,2.099999189376831,-33.399776458740234,2.1999990940093994,11,right,22.21176389872986,79.96235003542749
2088.666069095604,-173.3992462158203,580.5834045410156,2.3364410400390625,-173.127219812394,580.2533713081785,-0.42769182706471137,0.6893473233404284,-0.027801858124655077,35.968818901107404,-0.02914405413508292,14.239997148513794,-11.140997886657715,3.098999261856079,-28.970317840576172,3.249998092651367,11,right,22.226015360109177,80.01365529639304
2093.148244469376,-169.767578125,583.2103576660156,2.3359527587890625,-169.50817348436536,582.8032834984814,-0.4827008861152757,0.5673539543256458,-0.0268269127979901,37.2759999456561,0.4315336956179472,16.237996578216553,-12.139997482299805,4.097999095916748,-24.4891414642334,4.399998664855957,11,right,22.626280809130805,81.4546109128709
2097.738266532389,-165.7484893798828,585.4270172119141,2.376556396484375,-165.51695951212764,584.9428445917478,-0.5366835247903972,0.4460535227848986,-0.026364180446875385,37.93025169187527,0.8572929543769842,17.188995361328125,-12.091996192932129,5.096999168395996,-20.19997787475586,5.600003242492676,11,right,22.82398030003126,82.16632908011253
2102.462110609438,-161.36453247070312,587.1860198974609,2.4157257080078125,-161.17822661509345,586.6272290037724,-0.5890306738223511,0.32181856030204353,-0.024579544162048328,40.6842369983425,0.7459184579039907,17.188995838165283,-11.092996597290039,6.095999240875244,-17.250022888183594,6.850008010864258,11,right,23.638047951030895,85.09697262371122
2107.324921312246,-156.6683349609375,588.4476165771484,2.4478302001953125,-156.5345420974611,587.8226693118702,-0.6391084529999989,0.21090299603471846,-0.019060387410223534,52.46483077587521,0.5507894292762716,17.18899631500244,-10.09399700164795,7.094999313354492,-14.550037384033203,8.200013160705566,11,right,25.947009964967986,93.40923587388475
2112.3522279517338,-151.7128143310547,589.2938690185547,2.4698333740234375,-151.6207373296946,588.6137382022076,-0.6863352690372153,0.13456319469528608,-0.013565043883592587,73.71889162920706,0.40486885711866205,17.18899631500244,-9.09499740600586,8.093998908996582,-12.950031280517578,9.800019264221191,11,right,28.135568834524253,101.28804780428732
2117.5517388146154,-146.54071044921875,589.8266754150391,2.4891204833984375,-146.4876351515825,589.0983378772628,-0.7302688245798533,0.0727432603941405,-0.011488976524407613,87.0399550278097,0.1880302389921512,17.18899631500244,-8.09599781036377,9.092998504638672,-10.55002212524414,11.650026321411133,11,right,30.232888009549104,108.83839683437678
2122.921018411174,-141.17596435546875,590.0472717285156,2.48907470703125,-141.16573246988003,589.2766606279012,-0.7706790251932832,0.013276845306610472,-0.010568774608472387,94.61834858303789,0.06168483675462466,17.188995838165283,-7.0969977378845215,10.091998100280762,-8.450014114379883,13.250032424926758,11,right,32.25588064553983,116.1211703239434
2128.4591595476604,-135.63851928710938,589.9597473144531,2.496063232421875,-135.67271907131666,589.1528900194008,-0.8075817728372419,-0.04236105351881845,-0.009439362966929932,105.9393524227664,0.20493901789049584,17.188995361328125,-6.097997665405273,11.090997695922852,-6.750007629394531,14.65003776550293,11,right,34.217419995329124,123.18271198318484
2134.1619332628484,-129.94918823242188,589.5687561035156,2.5123748779296875,-130.02699705680817,588.7311404757686,-0.8412218215181907,-0.0926274121509463,-0.00839870018044564,119.06604337755267,0.19863339655708523,17.188994884490967,-5.098997592926025,12.089997291564941,-5.350002288818359,15.750041961669922,11,right,36.1261392275335,130.0541012191206
2140.0266754279805,-124.12478637695312,588.8820953369141,2.5187530517578125,-124.24593028756185,588.0185467747327,-0.8720045678338462,-0.13937658821972268,-0.00763335388855535,131.0040140414943,0.0456067412722333,17.18899440765381,-4.099997520446777,13.088996887207031,-4.249998092651367,16.700031280517578,11,right,37.98917510321863,136.76103037158705
2146.050313336838,-118.17936706542969,587.9145202636719,2.5175933837890625,-118.3434566644204,587.0292077166347,-0.9003908609256395,-0.18326679749199581,-0.007497810370353797,133.37227145060663,-0.013284308777977705,17.437994480133057,-3.3499979972839355,14.087996482849121,-3.3999979496002197,17.400020599365234,11,right,39.81203280352743,143.32331809269874
2152.2215713613523,-112.13960266113281,586.6473693847656,2.51715087890625,-112.35167598844014,585.7451843005629,-0.9267756051565081,-0.2308748082147056,-0.007349524712017996,136.0632203011431,-0.014496778870626281,17.88699460029602,-2.7999985218048096,15.086996078491211,-2.8499984741210938,17.900012969970703,11,right,41.59680342139659,149.7484923170277
2158.483503424618,-106.07942199707031,585.0706634521484,2.515777587890625,-106.33737804112444,584.1549296178172,-0.9513725747587393,-0.27457816619473513,-0.005349663686899375,186.92763854461896,-0.02660923770345658,18.485995531082153,-2.399998903274536,16.085996627807617,-2.5499987602233887,18.10000991821289,11,right,43.332724162875316,155.99780698635115
2164.8555308465857,-99.96978759765625,583.2609405517578,2.5137786865234375,-100.25589281760469,582.3297780887444,-0.9741251097301783,-0.29810027659326643,-0.002315178093065029,431.9322141978785,-0.03162893321463078,19.434996128082275,-2.349998950958252,17.084997177124023,-2.4999988079071045,18.150009155273438,12,straight,45.03052294831413,162.10988261393086
2171.362192396056,-93.75787353515625,581.3247680664062,2.5117034912109375,-94.05563249926753,580.3757251009565,-0.9946572027478673,-0.3040201195538338,-0.0004741729112056614,2108.935319517385,-0.02850681863511284,20.43399667739868,-2.349998950958252,18.08399772644043,-2.5499987602233887,18.150009155273438,12,straight,46.700544285044174,168.12195942615904
2178.001414962411,-87.42350769042969,579.3360290527344,2.510040283203125,-87.72673111686818,578.370235114405,-1.0122758406950565,-0.30421702451802013,-0.000170173941023255,5876.340372603498,-0.01778089410777728,20.450008153915405,-2.2999989986419678,18.150009155273438,-2.599998712539673,18.200008392333984,12,straight,48.34516203945998,174.04258334205593
2184.772630407673,-80.96565246582031,577.2999877929688,2.50933837890625,-81.27507334274733,576.3217251402217,-1.0260307484855726,-0.30633968962317765,-0.00022731561202232742,4399.169907880229,0.054799404231667403,20.800007820129395,-2.649998664855957,18.150009155273438,-2.699998617172241,18.200008392333984,12,straight,49.96675083557956,179.88030300808643
2191.6719509779546,-74.38926696777344,575.2139129638672,2.5177001953125,-74.70229098937641,574.2275616804898,-1.0348298856916944,-0.30730226481373346,-0.00020297106758915273,4926.810564075894,0.06104414052918172,21.200002431869507,-2.699998617172241,18.500003814697266,-2.7499985694885254,18.60000228881836,12,straight,51.566595704696226,185.63974453690642
2198.6983270038527,-67.69442749023438,573.0810546875,2.5176849365234375,-68.0101475259466,572.0926576605743,-1.0375971394455668,-0.30918247586981773,-0.00016731455870272471,5976.766204647767,-0.00010952927300689197,21.799994707107544,-2.7999985218048096,18.999996185302734,-2.8499984741210938,19.099994659423828,12,straight,53.14642781716698,191.32714014180112
2205.848350458005,-60.88519287109375,570.8999633789062,2.5176849365234375,-61.20010894369777,569.9156682984509,-1.033445179094195,-0.3096491662266085,0.00017396465021168872,5748.294258535576,-0.000416169655231835,22.349987745285034,-2.899998426437378,19.449989318847656,-2.949998378753662,19.599987030029297,12,straight,54.70724761793359,196.94609142456093
2213.119649740552,-53.95686340332031,568.6931457519531,2.5176239013671875,-54.26528490759507,567.7189760854177,-1.0218269733652554,-0.30661515634541486,0.0005931671181751419,1685.865533269048,-0.0004230561759382967,22.999979257583618,-2.9999983310699463,19.999980926513672,-3.0499982833862305,20.149978637695312,12,straight,56.25014144193945,202.50050919098203
2220.5082096111632,-46.90690612792969,566.4820556640625,2.5176239013671875,-47.204076690219864,565.5244776546057,-1.0026295364127387,-0.3009118328297936,0.000698265774072615,1432.1194552720647,-0.00010089577357763613,23.649970054626465,-3.0499982833862305,20.599971771240234,-3.0999982357025146,20.749969482421875,12,straight,57.77572730681857,207.99261830454685
2228.011574404919,-39.73493957519531,564.2767486572266,2.517608642578125,-40.01990853868261,563.3430802449567,-0.9761885136701375,-0.2962336764874269,0.00046299481066347514,2159.851421589353,9.647320770023171e-05,24.299960136413574,-3.0499982833862305,21.249961853027344,-3.0999982357025146,21.44995880126953,12,straight,59.2848537700486,213.42547357217495
2235.6264609951713,-32.4482421875,562.0652923583984,2.51763916015625,-32.72152531600336,561.1625267254617,-0.9432229091451629,-0.29394822085225586,0.0002854121056496961,3503.7056249722,0.00020182132686452636,23.88099765777588,-3.0499982833862305,20.83099937438965,-3.0999982357025146,22.199947357177734,12,straight,60.77811099743844,218.8011995907784
2243.3516076397964,-25.0526123046875,559.8331298828125,2.51763916015625,-25.312927042255154,558.966679528807,-0.904709886400703,-0.291858714382038,0.00024161212768086804,4138.865087603732,9.679863246514486e-05,22.881997108459473,-3.0499982833862305,19.831998825073242,-3.149998188018799,22.89993667602539,12,straight,62.256402313480976,224.12304832853152
2251.180668767061,-17.552154541015625,557.5887298583984,2.5176544189453125,-17.79873287400303,556.7630215608089,-0.8617395586876193,-0.2901961757881754,0.00019018847483476264,5257.942159054635,0.004019431728718992,21.882996559143066,-3.0499982833862305,18.832998275756836,-3.149998188018799,23.599925994873047,12,straight,63.719597018486525,229.3905492665515
2259.107896194237,-9.954833984375,555.3256225585938,2.518280029296875,-10.187109020071885,554.5440219757874,-0.8153840587424744,-0.288866429146186,0.00013194506750030532,7578.911579985254,0.11609480464573885,20.833996057510376,-2.9999983310699463,17.83399772644043,-3.149998188018799,24.34991455078125,12,straight,65.16767363305024,234.60362507898088
2267.065975543941,-2.3255157470703125,553.0619506835938,2.536163330078125,-2.5433345444352806,552.3269389473655,-0.7666076446779954,-0.2881024011575581,-2.1052897954787486e-05,47499.39899711514,0.14428012256837153,19.884995460510254,-3.0499982833862305,16.834997177124023,-3.149998188018799,25.14990234375,12,straight,64.41369663503275,231.8893078861179
2275.1079436041396,5.3840179443359375,550.7736511230469,2.541229248046875,5.179744637075608,550.0871723262771,-0.7162267256068804,-0.2892230199645313,-0.00014561047735239807,6867.6376740380965,-0.2367235595251843,18.935994863510132,-3.0999982357025146,15.835996627807617,-3.199998140335083,25.40471839904785,12,straight,62.92681636775147,226.5365389239053
2283.2403377429923,13.176895141601562,548.4487915039062,2.4973297119140625,12.986469791925728,547.8117307788395,-0.6649121605307166,-0.2904586970104011,-0.000269225395812811,3714.3598470007905,-0.6917118060657867,17.986995220184326,-3.149998188018799,14.836997032165527,-3.3499979972839355,26.06187629699707,12,straight,61.38660383646879,220.99177381128763
2291.462770329113,21.05145263671875,546.0834350585938,2.427825927734375,20.87396005911807,545.4964679822658,-0.6132160824671494,-0.293647391056214,-0.0006475633318586693,1544.250501537431,-0.9206634297243027,17.087995529174805,-3.249998092651367,13.837997436523438,-3.3499979972839355,26.960437774658203,12,straight,59.78901385512173,215.24044987843823
2299.777314923749,29.001754760742188,543.6508483886719,2.344940185546875,28.8351375588127,543.1145303052742,-0.5616033997031427,-0.30121555896178653,-0.0011890772443106101,840.9882577306984,-1.4268237318695114,16.088995933532715,-3.249998092651367,12.838997840881348,-3.3499979972839355,27.93946647644043,12,straight,58.128895910999596,209.26402527959854
2308.175390562282,37.00587463378906,541.1136627197266,2.1886444091796875,36.84841752961927,540.6280808840586,-0.5104727796701787,-0.3135668058718661,-0.00210062816217238,476.0480783832978,-2.2433958257606093,15.189996242523193,-3.3499979972839355,11.839998245239258,-3.3999979496002197,28.838027954101562,12,straight,56.40251986390513,203.04907151005847
2316.6564343724267,45.04161071777344,538.4108276367188,1.96563720703125,44.88955201143041,537.9765170138726,-0.46016037127477066,-0.3367773530292226,-0.004100453145349348,243.87548511173213,-3.064010299155025,14.440996408462524,-3.5999977588653564,10.840998649597168,-3.6499977111816406,28.688472747802734,13,right,54.6037228724577,196.57340234084774
2325.226072617736,53.05250549316406,535.3819427490234,1.665435791015625,52.89866319579496,535.0008985189203,-0.41092840952490506,-0.3837252227654505,-0.00494063789984589,202.40301359287884,-4.08280784327432,13.991996765136719,-4.149997711181641,9.841999053955078,-4.199997901916504,28.33184242248535,13,right,52.72383700646794,189.8058132232846
2333.8676219070403,60.994659423828125,532.000244140625,1.2621002197265625,60.84608902103383,531.6690971081734,-0.362948373309424,-0.4217339325067818,-0.005086772943403595,196.58829106905117,-4.917867681579889,13.943000793457031,-5.100001335144043,8.842999458312988,-5.150001525878906,27.906187057495117,13,right,51.960981414349256,187.05953309165733
2342.5933361041343,68.85417175292969,528.2369232177734,0.8109130859375,68.71031309134668,527.955243827633,-0.31628878156257934,-0.4721849922326439,-0.0054847638845128555,182.32325421038936,-5.490863617028589,13.94300127029419,-6.099001407623291,7.843999862670898,-6.500006675720215,27.549556732177734,13,right,50.04025952496137,180.14493428986094
2351.387256745784,76.577880859375,524.0636749267578,0.2996826171875,76.44378925854146,523.82827101026,-0.2709161518193961,-0.5177843036360101,-0.004987863171248108,200.4866544383917,-6.728323689498728,13.94300127029419,-7.098001480102539,6.84499979019165,-8.350013732910156,27.400001525878906,13,right,52.06795214825029,187.44462773370105
2360.259351923535,84.16769409179688,519.5196685791016,-0.379150390625,84.04721413658959,519.3276151637689,-0.22671553530290964,-0.5602696521719271,-0.0054809508468178225,182.45009450880016,-7.68149133569284,13.943000793457031,-8.097001075744629,5.845999717712402,-10.70002269744873,26.320314407348633,13,right,50.05766272993438,180.20758582776378
2369.2111149405746,91.58868408203125,514.5612030029297,-1.0695037841796875,91.4827078337287,514.4113639969022,-0.18352845264864476,-0.6155867979702867,-0.005710126219590994,175.12747731724014,-7.279681359750036,13.943000316619873,-9.096000671386719,4.846999645233154,-12.350028991699219,24.055002212524414,13,right,49.04284630274813,176.5542466898933
2378.2325209155374,98.81048583984375,509.1899719238281,-1.6869354248046875,98.72359505992414,509.078666883841,-0.14120488504856463,-0.662833088490953,-0.005006350883446975,199.74628692255777,-6.087112477200409,13.942999839782715,-10.095000267028809,3.8479995727539062,-14.250036239624023,21.789690017700195,13,right,50.010444410441224,180.0375998775884
2387.325326958864,105.84353637695312,503.4470672607422,-2.171051025390625,105.77885868635711,503.3712444978335,-0.09966090023643409,-0.7062398133762376,-0.004903691283882405,203.92800894436994,-4.119356907120814,13.942999362945557,-11.093999862670898,2.848999500274658,-16.000041961669922,20.76000213623047,13,right,47.82220744220984,172.1599467919554
2396.4755042826005,112.66543579101562,497.35472106933594,-2.437042236328125,112.62516223644766,497.3116897705989,-0.05893769480166236,-0.7523060045863179,-0.005752715147115506,173.83096058587472,-2.0568314579371623,13.942998766899109,-12.092999458312988,1.8499993085861206,-16.950027465820312,19.990001678466797,13,right,45.51408298247586,163.8506987369131
2405.6635452008886,119.18508911132812,490.8815460205078,-2.5475921630859375,119.1711175706,490.86829311871645,-0.01925729358473978,-0.8117888632952046,-0.007210608070541746,138.68455894661713,-0.39652727172856117,14.59199869632721,-13.091999053955078,1.4999996423721313,-16.950027465820312,20.64000129699707,13,right,43.07213152788613,155.05967350039006
2414.813053434782,125.23539733886719,484.01817321777344,-2.5103759765625,125.2500421382944,484.0301698211137,0.01893115532573333,-0.884474232221378,-0.008375449980923322,119.39657000849984,1.4933064883716511,16.140997886657715,-14.090998649597168,2.049999237060547,-16.50003433227539,22.51000213623047,13,right,40.49435136530448,145.77966491509613
2423.921557940005,130.7145538330078,476.74571228027344,-2.2758331298828125,130.75969392268775,476.7770017910084,0.05492414021491111,-0.964672647893785,-0.007507487584982653,133.20035347115538,3.3962935184196934,16.03899574279785,-13.988996505737305,2.049999237060547,-16.05004119873047,24.71000099182129,13,right,42.77117784879027,153.976240255645
2433.0066367690765,135.6563720703125,469.1318817138672,-1.892852783203125,135.7312124058752,469.17773307846824,0.08776914869652563,-1.0211230351676228,-0.005361988807018048,186.4979648393052,3.788168060772364,15.439995765686035,-12.989996910095215,2.4499988555908203,-15.550041198730469,26.720001220703125,13,right,45.202574600618746,162.7292685622275
2442.1138379233316,140.25164794921875,461.2749786376953,-1.5868682861328125,140.3532409625331,461.33162093382083,0.11631633618999415,-1.062181727635246,-0.00515718448654251,193.90425194395596,3.296023013777956,15.09099555015564,-11.990997314453125,3.0999982357025146,-15.000039100646973,28.340314865112305,13,right,47.515183831069045,171.05466179184856
2451.256392073634,144.48497009277344,453.1769561767578,-1.2913818359375,144.61008766897638,453.23824739279013,0.1393234403738772,-1.115286353753308,-0.004982516123275493,200.7018091378704,3.963156854620546,14.94199514389038,-10.991997718811035,3.9499974250793457,-14.250036239624023,29.420001983642578,13,right,49.72871393284769,179.02337015825168
2460.4206481755036,148.33265686035156,444.87071228027344,-0.86102294921875,148.47490173202314,444.9337980719269,0.15560662140604556,-1.153359810931156,-0.0030588115211736544,326.9243603529726,4.840861136224451,14.941995620727539,-9.992998123168945,4.948997497558594,-13.100031852722168,30.250001907348633,14,straight,51.85275532772991,186.66991917982767
2469.615437405061,151.96961975097656,436.43824768066406,-0.402557373046875,152.1209063893333,436.5021072642132,0.16421234227777382,-1.1713761883691518,-0.0015643369020504894,639.248488410155,4.995186787660474,14.941996097564697,-8.993998527526855,5.947997570037842,-11.850027084350586,30.970003128051758,14,straight,53.89981774271713,194.0393438737817
2478.847674935114,155.5038604736328,427.9217987060547,0.0594482421875,155.65616016159245,427.98416026701074,0.16457265640888927,-1.1821562388718618,-0.0010203943716465824,980.0132456496476,4.864532606804484,14.941996574401855,-7.994998931884766,6.94699764251709,-10.300021171569824,31.598003387451172,14,straight,55.87981883565557,201.16734780836006
2488.1171507870527,158.97325134277344,419.3372344970703,0.4973602294921875,159.11865138650595,419.3954022237586,0.15660350297966089,-1.1902442431178457,-0.0009726725052849883,1028.0952680028772,4.6152610848398865,14.941996574401855,-6.995998859405518,7.945997714996338,-8.650014877319336,31.84600257873535,14,straight,57.79960806583149,208.07858903699338
2497.4289729273855,162.3855438232422,410.6833190917969,0.91693115234375,162.51671105571666,410.73427826023516,0.14071844130365863,-1.2002382562477192,-0.0012328853988383681,811.1053962859856,4.475848602970944,14.941995620727539,-5.9969987869262695,8.94499683380127,-7.550010681152344,31.867502212524414,14,straight,59.6660056735469,214.79762042476884
2506.7817114685154,165.70944213867188,401.9510498046875,1.332733154296875,165.81975270840772,401.99225995041417,0.11775694419549232,-1.213268598689276,-0.0012798607063884693,781.3350273263842,3.9355296023628,14.94199514389038,-4.9979987144470215,9.94399642944336,-5.9000043869018555,31.867502212524414,14,straight,61.48360032763283,221.3409611794782
2516.1721888773045,168.9381103515625,393.13893127441406,1.6541900634765625,169.02167700767052,393.1691118135126,0.08884959737304775,-1.2242183891349163,-0.0012520425919367861,798.6948738326057,2.8873880793882285,14.941994428634644,-3.9989984035491943,10.94299602508545,-4.44999885559082,31.65000343322754,14,straight,63.25600769382007,227.72162769775224
2525.609965581607,172.0912628173828,384.24623107910156,1.8758697509765625,172.14346961977898,384.2643436856133,0.05525953972918373,-1.236850529790877,-0.0014100335271112208,709.2029946612198,2.389307202307939,14.941993951797485,-2.9999983310699463,11.941995620727539,-3.0499982833862305,31.34250259399414,14,straight,64.98865688785021,233.95916479626078
2535.0987573639472,175.13380432128906,375.26141357421875,2.1064453125,175.1511217678513,375.2671501539603,0.01824286991037734,-1.2509128070634445,-0.0009494187189736936,1053.2760519836643,2.205385851600755,13.640996098518372,-1.9999991655349731,11.640996932983398,-2.049999237060547,30.990001678466797,14,straight,66.68530301205912,240.06709084341284
2544.625178393799,178.11007690429688,366.2138214111328,2.2950592041015625,178.09007688382445,366.20728377779045,-0.02104142268518421,-1.2548637689314237,-0.00030927681680381625,3233.349367516061,1.7573942382158174,12.191996932029724,-1.5499995946884155,10.641997337341309,-1.5999995470046997,30.637502670288086,14,straight,68.34632173377712,246.04675824159762
2554.197386659403,181.0761260986328,357.1139221191406,2.4418792724609375,181.01757451963564,357.094908744945,-0.0615613174109048,-1.2568098896432405,-0.00016157227472757274,6189.18067277385,1.0745226798625676,11.292997241020203,-1.6499994993209839,9.642997741699219,-1.7499994039535522,30.330001831054688,14,straight,69.97562265490998,251.91224155767594
2563.824513442753,184.04087829589844,347.9548645019531,2.5008544921875,183.9434569536959,347.9233529515349,-0.10239089669645984,-1.257961251726633,-5.821202592837249e-05,17178.58095559943,0.45080564991950844,11.043997049331665,-2.399998903274536,8.643998146057129,-2.4499988555908203,29.212223052978516,14,straight,71.57687363198774,257.67674507515585
2573.5062860087273,187.01806640625,338.74224853515625,2.52874755859375,186.8823296094718,338.6983384982807,-0.14266243141773344,-1.2579271720449348,-8.090037819330487e-05,12360.881646443993,0.35636071039960304,11.043998003005981,-3.398998975753784,7.644999027252197,-4.399998664855957,26.41777801513672,14,straight,73.1518727868456,263.34674203264416
2583.2336903851956,190.0079803466797,329.48583984375,2.5700836181640625,189.83518218949575,329.43024822251834,-0.18152033350929633,-1.259539184145925,-0.00030925681763954715,3233.5584632625473,0.17896113534164593,11.04399824142456,-4.397999286651611,6.645998954772949,-7.65001106262207,22.785001754760742,14,straight,74.70086010791583,268.923096388497
2593.008382259657,192.9908447265625,320.1773986816406,2.56341552734375,192.78292860209004,320.11152470043294,-0.2181020316636053,-1.2639719363887105,-0.0004779992999309757,2092.0532731834596,-0.07325709285762871,11.04399824142456,-5.396999359130859,5.646998882293701,-11.350025177001953,19.1522216796875,14,straight,76.22567708032992,274.4124374891877
2602.8094109886642,195.9246063232422,310.8257598876953,2.5557403564453125,195.6844236469889,310.75096272090934,-0.2515598022963767,-1.2688976574780815,-0.0005939869102470907,1683.5387830078835,-0.1518480522388399,11.04399824142456,-6.395999431610107,4.647998809814453,-14.550037384033203,16.357778549194336,14,straight,77.72457312041333,279.808463233488
2612.6629399707786,198.8314971923828,301.4107971191406,2.5334930419921875,198.56253008524786,301.3290259035046,-0.281122458062569,-1.2756561107319961,-0.0008160417224035155,1225.4275394824986,-0.2629534183772847,11.04399824142456,-7.3949995040893555,3.648998737335205,-16.85002899169922,15.24000072479248,14,straight,79.20290874144318,285.13047146919547
2622.5612295286396,201.67103576660156,291.9285888671875,2.5037689208984375,201.37727199707228,291.8422780005502,-0.3061808582974022,-1.2850276431476713,-0.001008072091703227,991.9925452061781,-0.2144844865126075,11.043997764587402,-8.393999099731445,2.649998664855957,-17.700016021728516,22.100370407104492,14,straight,80.0,288.0
2632.5063380199936,204.42034912109375,282.3710632324219,2.4910125732421875,204.10625285787646,282.2823970208734,-0.32637119915430435,-1.2956654390612166,-0.0009918864747641698,1008.1798930041457,-0.09125115802082612,11.642997741699219,-9.392998695373535,2.2499990463256836,-17.700016021728516,32.044471740722656,14,straight,80.0,288.0
2642.497825590338,207.08975219726562,272.7427673339844,2.4856109619140625,206.76013890980536,272.6529616728618,-0.34162841808026945,-1.304795253014096,-0.0008638785059445486,1157.5701827499674,0.0465897105625418,12.641997337341309,-10.391998291015625,2.2499990463256836,-17.65001678466797,42.03495788574219,14,straight,80.0,288.0
2652.531461766341,209.68873596191406,263.0515899658203,2.50042724609375,209.34818465692612,262.9617846980333,-0.3521933807601787,-1.3129604993700488,-0.0008491649645006594,1177.6274832394165,0.16541092478195712,14.040996551513672,-11.390997886657715,2.649998664855957,-17.00002670288086,52.06758499145508,14,straight,80.0,288.0
2662.607868282894,212.21414184570312,253.2967987060547,2.518890380859375,211.86662617699346,253.20846258487958,-0.358567162890005,-1.3218750293770296,-0.0008466569319034445,1181.115942382721,0.16284933907734778,15.48999571800232,-12.389997482299805,3.0999982357025146,-16.50003433227539,62.142974853515625,14,straight,80.0,288.0
2672.7241985553464,214.66148376464844,243.48097229003906,2.533294677734375,214.31048098886845,243.3947997521622,-0.36142586361438,-1.3300537768151939,-0.0006885493277414834,1452.328772551574,0.10626930268310825,16.8389949798584,-13.388997077941895,3.449997901916504,-16.50003433227539,72.25829315185547,14,straight,80.0,288.0
2682.881206014196,217.0529327392578,233.60951232910156,2.5404052734375,216.70134493762066,233.52534432876496,-0.36152210795567885,-1.3358244467745142,-0.0005261995070418579,1900.4198723440697,0.4421863846537241,18.137994289398193,-14.387996673583984,3.749997615814209,-15.450040817260742,82.41429901123047,14,straight,80.0,288.0
2693.0782555943524,219.39605712890625,223.6856689453125,2.62359619140625,219.04593204144118,223.60367632438388,-0.3595975066086772,-1.3407607056669675,-0.0004750716166374569,2104.9457912850507,0.8754403211186881,19.000036239624023,-14.95003890991211,4.049997329711914,-15.050039291381836,92.6100082397461,14,straight,80.0,288.0
2703.312609909188,221.7060089111328,213.7158660888672,2.7193145751953125,221.35868565487598,213.63627505291936,-0.35632594255833955,-1.3455301529915527,-0.0005185326289698922,1928.5189477595316,0.846397069227009,18.850035667419434,-14.600037574768066,4.249998092651367,-14.680001258850098,92.64463806152344,14,straight,80.0,288.0
2713.583754092349,223.97019958496094,203.69769287109375,2.797088623046875,223.62634838557787,203.6210180311663,-0.35229629347338315,-1.3513973462802105,-0.0006068414962677737,1647.8767621368165,0.6805144901070009,18.750035285949707,-14.300036430358887,4.44999885559082,-14.35003662109375,92.7403793334961,14,straight,80.0,288.0
2723.89112875424,226.18019104003906,193.63021850585938,2.8592987060546875,225.84000796777332,193.55672332809638,-0.3480316994335084,-1.3580206370990184,-0.0006062401642935589,1649.5112974992057,0.6895084610065688,18.750035285949707,-14.100035667419434,4.649999618530273,-14.150035858154297,92.885009765625,14,straight,80.0,288.0
2734.2333588156716,228.33270263671875,183.51478576660156,2.9395294189453125,227.99600517579015,183.44411772149493,-0.3440336506723624,-1.3639134286270076,-0.0005199620927870408,1923.2171226943017,0.8789518164216081,18.700035095214844,-13.950035095214844,4.75,-14.000035285949707,93.0663070678711,14,straight,80.0,288.0
2744.6109123130827,230.43936157226562,173.35382080078125,3.0414886474609375,230.10545941769345,173.28543796733103,-0.34083259928976245,-1.3687906136602783,-0.0004475077761093571,2234.5980413882926,0.7715842553194213,18.65003490447998,-13.800034523010254,4.850000381469727,-13.90003490447998,93.27204895019531,14,straight,80.0,288.0
2755.0184430633662,232.5074005126953,163.15399169921875,3.0997772216796875,232.17496466853785,163.08743980655044,-0.33903207060455576,-1.3732135665309186,-0.0005377366435195263,1859.6463753240353,0.7971484878306095,18.700035095214844,-13.75003433227539,4.950000762939453,-13.850034713745117,93.49000549316406,14,straight,80.0,288.0
2765.458135280723,234.52249145507812,152.91119384765625,3.20782470703125,234.1893279085497,152.8468475580189,-0.3393204882194657,-1.3800081936549562,-0.0006724868357195213,1487.0179561657276,0.9327200545854147,18.700035095214844,-13.75003433227539,4.950000762939453,-13.800034523010254,93.70796966552734,14,straight,80.0,288.0
2775.929507181401,236.47036743164062,142.62295532226562,3.2947540283203125,236.13367006591056,142.56046181020278,-0.342447886749958,-1.387277355130392,-0.0007322251554635062,1365.7001436491068,0.7841105799608339,18.750035285949707,-13.850034713745117,4.90000057220459,-13.90003490447998,93.91371154785156,14,straight,80.0,288.0
2786.4318734076933,238.34681701660156,132.2898712158203,3.37225341796875,238.00301444449468,132.22893210248984,-0.34916154444729197,-1.3953680533169275,-0.0008706934445703585,1148.509852963746,0.7592408951175772,18.750035285949707,-14.05003547668457,4.699999809265137,-14.100035667419434,94.09500885009766,14,straight,80.0,288.0
2796.9638213323183,240.13136291503906,121.91053771972656,3.4544677734375,239.7761539402407,121.85131800250235,-0.36011163642046007,-1.405597738462138,-0.0009693469440454905,1031.6223784918343,0.875364909212617,18.80003547668457,-14.35003662109375,4.44999885559082,-14.400036811828613,94.23963928222656,14,straight,80.0,288.0
2807.5245388930275,241.81643676757812,111.48562622070312,3.55694580078125,241.44519198445184,111.42762472514295,-0.3757484031711902,-1.415814051593431,-0.0009335203995476937,1071.2138700820215,1.011877019134061,18.850035667419434,-14.750038146972656,4.099997520446777,-14.80003833770752,94.33538055419922,14,straight,80.0,288.0
2818.1137573813103,243.40365600585938,101.01663208007812,3.6685028076171875,243.01160257410507,100.95919969433315,-0.39623777240779046,-1.4253397020827954,-0.0008940843877760507,1118.4626570735725,0.9555396540545075,18.950037956237793,-15.300040245056152,3.6499977111816406,-15.350040435791016,94.35184478759766,14,straight,80.0,288.0
2828.7322874300526,244.89613342285156,90.50390625,3.7595367431640625,244.4786048766089,90.44676070020945,-0.4214210492943685,-1.434775246945861,-0.0008795560774742528,1136.937172751527,1.0378978120629379,18.950040578842163,-15.850042343139648,3.0999982357025146,-15.900042533874512,94.35184478759766,14,straight,80.0,288.0
2839.375482059792,246.2906494140625,79.95326232910156,3.8892669677734375,245.84343159337766,79.89626913471778,-0.4508347849757871,-1.4440401349705303,-0.0010991026488522126,909.8331270917188,1.2495933805274806,18.90003752708435,-16.20003890991211,2.699998617172241,-16.250038146972656,94.30203247070312,14,straight,80.0,288.0
2850.042957671489,247.56773376464844,69.36338806152344,4.025848388671875,247.08700975234362,69.30903476460801,-0.48378699537297337,-1.458208975172704,-0.00140551989401283,711.4805021684537,0.9525853770853604,18.800034761428833,-16.400035858154297,2.399998903274536,-16.450035095214844,94.22760772705078,14,straight,80.0,288.0
2860.730411068071,248.6827392578125,58.734466552734375,4.092559814453125,248.16569507983294,58.68429195185838,-0.519472975770266,-1.4740580036588327,-0.0016335719482765687,612.155467688465,0.31087041236531054,18.800031185150146,-16.65003204345703,2.1499991416931152,-16.700031280517578,94.1355972290039,14,straight,80.0,288.0
2871.4503968697077,249.61610412597656,48.05519104003906,4.092193603515625,249.06068242421856,48.01199971240824,-0.5570985169305991,-1.4931893820120223,-0.0016432357165404587,608.5554190030159,0.0707905007109988,18.75002896785736,-16.800029754638672,1.949999213218689,-16.85002899169922,94.03304290771484,14,straight,80.0,288.0
2882.1935442670047,250.35365295410156,37.33740234375,4.1077880859375,249.75878803130038,37.30078635192248,-0.5959907778118297,-1.509320433074162,-0.001228436729782345,814.0427388370099,0.1606370118570455,18.650027632713318,-16.900028228759766,1.7499994039535522,-16.950027465820312,93.92697143554688,14,straight,80.0,288.0
2892.960808510581,250.95225524902344,26.586807250976562,4.1267547607421875,250.31742793289172,26.554278237635113,-0.63566017494882,-1.5196003751437608,-0.0011372001805149967,879.3526567566462,0.10689880970638777,18.600026965141296,-16.950027465820312,1.6499994993209839,-17.00002670288086,93.82441711425781,14,straight,80.0,288.0
2903.7110612559513,251.43016052246094,15.847183227539062,4.1308135986328125,250.75481590683498,15.822175700654773,-0.6758074624150365,-1.5337839543534122,-0.001319371697168634,757.936525503765,0.037755743857957026,18.650025486946106,-17.050025939941406,1.5999995470046997,-17.100025177001953,93.73240661621094,14,straight,80.0,288.0
