s_m,x_center_m,y_center_m,z_center_m,x_line_m,y_line_m,offset_m,heading_rad,curvature_1_per_m,radius_m,slope_pct,width_m,drive_left_m,drive_right_m,limit_left_m,limit_right_m,segment_id,segment_kind,v_target_ms,v_target_kmh
0.0,-214.09181213378906,423.0343475341797,2.9225006103515625,-214.00655477502534,423.036012985716,0.08527362401228675,-1.5512644087588596,0.00015282304577355485,6543.515704311687,-0.04878529337641953,12.950013160705566,-5.5500030517578125,7.400010108947754,-92.00393676757812,20.906808853149414,0,straight,80.0,288.0
12.98013606698587,-213.8262176513672,410.0569305419922,2.916168212890625,-213.88338068358206,410.05570045627087,-0.05717626573046278,-1.5492807448305477,0.00014834957927122028,6740.834756071326,-0.027770402215196444,13.69901180267334,-5.300002098083496,8.399009704589844,-91.73286437988281,21.151182174682617,0,straight,80.0,288.0
26.00994888542619,-213.53329467773438,397.03041076660156,2.9152984619140625,-213.737274891193,397.0256387914465,-0.2040360243425457,-1.5474062890899019,0.00011746831880823927,8512.933616019876,-0.0025750685971298592,14.549015045166016,-5.300002098083496,9.24901294708252,-91.4617919921875,21.409326553344727,0,straight,80.0,288.0
39.033831120115394,-213.2205352783203,384.0102844238281,2.915496826171875,-213.57533264346074,384.0015630334573,-0.3549045406311258,-1.5462199481209535,0.00011527220485327977,8675.118180248355,0.1163304667389023,12.950013160705566,-4.699999809265137,8.25001335144043,-91.19071960449219,21.680044174194336,0,straight,80.0,288.0
52.08046764979048,-212.8878173828125,370.9679260253906,2.9456787109375,-213.39691497736337,370.95448458746773,-0.5092750072710229,-1.5443999814352567,0.00015267598412696537,6549.8185960170385,0.39169888416226845,12.950013160705566,-4.349998474121094,8.600014686584473,-90.91964721679688,21.96213722229004,0,straight,80.0,288.0
65.1693918468144,-212.52830505371094,357.88414001464844,3.01800537109375,-213.1945182870045,357.86510261065945,-0.666485179854819,-1.542228559243107,9.109038472605857e-05,10978.107107653112,0.7101540359382569,12.950013399124146,-3.99999737739563,8.950016021728516,-90.64857482910156,22.25440788269043,0,straight,80.0,288.0
78.30243073424275,-212.14935302734375,344.75706481933594,3.1320343017578125,-212.97474598798277,344.7333048512105,-0.8257348700144433,-1.542018024053798,-0.000150854928188969,6628.885194571477,1.0232563160877048,13.000015258789062,-3.6499977111816406,9.350017547607422,-90.37750244140625,22.555660247802734,0,straight,80.0,288.0
91.47658180108816,-211.7945556640625,331.58860778808594,3.287322998046875,-212.78041393229893,331.56436512961005,-0.9861562916394693,-1.5462108720575447,-0.00039830238466981305,2510.6553173890375,1.331347399839318,12.950016975402832,-3.249998092651367,9.700018882751465,-90.10643005371094,22.864694595336914,0,straight,80.0,288.0
104.689690018907,-211.51284790039062,318.3799591064453,3.48345947265625,-212.65956535691967,318.3590154824279,-1.146908697541092,-1.552534377766354,-0.0003639427876839796,2747.684619232857,1.6336655662578483,12.950018167495728,-2.9999983310699463,9.950019836425781,-89.83535766601562,23.180315017700195,0,straight,80.0,288.0
117.93995459193532,-211.29513549804688,305.1335906982422,3.719757080078125,-212.60225763220086,305.11403098971186,-1.3072684711998086,-1.5558334948755752,-0.00020142955525594142,4964.514759164191,1.9287002170476382,12.950019359588623,-2.7499985694885254,10.200020790100098,-89.56429290771484,23.501323699951172,0,straight,80.0,288.0
131.22563185476764,-211.10975646972656,291.85206604003906,3.995361328125,-212.57632833503874,291.8331165857,-1.466694282372774,-1.5578761280954658,-0.00018877747865057165,5297.2420605903235,2.217259177012812,12.95002007484436,-2.599998712539673,10.350021362304688,-89.29322052001953,23.82652473449707,0,straight,80.0,288.0
144.54488717163505,-210.95822143554688,278.5373840332031,4.30975341796875,-212.58299893924575,278.52123635821283,-1.6248577426758237,-1.560858262450101,-0.00015593687434860976,6412.851380901848,2.4992228502114826,12.950020790100098,-2.4499988555908203,10.500021934509277,-89.02214813232422,24.15471839904785,0,straight,80.0,288.0
157.8960275305503,-210.83587646484375,265.1914520263672,4.6620025634765625,-212.6174463433603,265.17583502701507,-1.7816383254483175,-1.562030687257808,4.0539483583360014e-05,24667.309783158256,2.7731961955968387,12.950021505355835,-2.2999989986419678,10.650022506713867,-88.7510757446289,24.48470687866211,0,straight,80.0,288.0
171.27733109167906,-210.70628356933594,251.81643676757812,5.051177978515625,-212.6432588286127,251.79507196344707,-1.9370930824061612,-1.559766791092662,0.00020628690969545088,4847.617337795877,3.0400032776698587,12.950021982192993,-2.1999990940093994,10.750022888183594,-88.4800033569336,24.815296173095703,0,straight,80.0,288.0
184.6872485552553,-210.5321502685547,238.41439819335938,5.476531982421875,-212.6233273359896,238.3845039451096,-2.09139073189207,-1.5565018834504216,-8.545669892175145e-06,117018.32771654933,3.298783291388599,12.95002281665802,-1.9999991655349731,10.950023651123047,-76.95333862304688,25.14528465270996,0,straight,80.0,288.0
198.12441763251707,-210.35873413085938,224.98623657226562,5.9368743896484375,-212.6033623522881,224.96202426573845,-2.2447588040191633,-1.5600099670357745,-0.00033439440476698556,2990.4806591989036,3.5521233201198017,12.950023531913757,-1.8499993085861206,11.100024223327637,-65.42667388916016,25.473478317260742,0,straight,80.0,288.0
211.58673300150934,-210.25511169433594,211.53343200683594,6.432098388671875,-212.652488251107,211.52073606447104,-2.397410173897671,-1.565500611507866,-0.00019853799158428553,5036.819361474547,3.82504412863067,14.049023866653442,-2.848999261856079,11.200024604797363,-53.90000534057617,25.79867935180664,0,straight,80.0,288.0
225.0730763912373,-210.18603515625,198.0579071044922,6.967742919921875,-212.73546772349067,198.04402251527205,-2.549470375730052,-1.5653502317986216,-5.249137070292842e-05,19050.750373036295,4.078833669633775,15.148024320602417,-3.847999334335327,11.30002498626709,-54.16565704345703,26.119688034057617,0,straight,80.0,288.0
238.58223467727083,-210.11825561523438,184.56076049804688,7.5332489013671875,-212.81911821839637,184.55029250183026,-2.700882889002002,-1.5669205488161293,-0.00022213700111325257,4501.726389518367,4.290313302771493,16.19702434539795,-4.846999168395996,11.350025177001953,-54.43130874633789,26.4353084564209,0,straight,80.0,288.0
252.1126270148672,-210.09701538085938,171.04345703125,8.12786865234375,-212.9483180723614,171.04506770502684,-2.851303146429137,-1.5713612172256175,-0.00017295068521982343,5781.995016261323,4.504792163289773,17.196024417877197,-5.845999240875244,11.350025177001953,-54.69696044921875,26.744342803955078,0,straight,80.0,288.0
265.66288320725016,-210.10975646972656,157.5076446533203,8.753219604492188,-213.10969128508683,157.51004960117606,-2.999935779343427,-1.5715979933271986,3.131918442664944e-05,31929.31164417876,4.737415884991342,16.198023796081543,-4.84799861907959,11.350025177001953,-54.962615966796875,27.045595169067383,0,straight,80.0,288.0
279.23233883678347,-210.1118927001953,143.9542236328125,9.412689208984375,-213.25722281069693,143.9533229619967,-3.145330239455965,-1.5705099750418028,1.00336273752763e-05,99664.85325776438,4.898029150933747,15.199023723602295,-3.848998546600342,11.350025177001953,-55.228267669677734,27.337865829467773,0,straight,80.0,288.0
292.8186183601936,-210.11390686035156,130.38450622558594,10.083328247070312,-213.3990563416653,130.38625247253563,-3.285149945429343,-1.571327884580973,-6.795201434865034e-05,14716.267200986398,5.065857557083953,14.200023651123047,-2.8499984741210938,11.350025177001953,-55.493919372558594,27.619958877563477,0,straight,80.0,288.0
306.42185445830006,-210.1288299560547,116.79965209960938,10.790115356445312,-213.5447951095829,116.80498611174853,-3.415969318042035,-1.5723578204179813,-3.767187325657423e-05,26545.003302310884,5.310092736591876,13.250024437904358,-1.8999992609024048,11.350025177001953,-55.75957107543945,27.890676498413086,0,straight,80.0,288.0
320.04075662941625,-210.15133666992188,103.20082092285156,11.528884887695312,-213.68451802026868,103.2063181128036,-3.53318562681552,-1.572352200940935,6.209658023096504e-05,16103.946405430886,5.502329326859767,12.950024485588074,-1.6499994993209839,11.30002498626709,-56.02522277832031,28.148820877075195,0,straight,80.0,288.0
333.67403308251386,-210.1619873046875,89.58879089355469,12.289642333984375,-213.7931323752872,89.58830959349969,-3.6311451024973187,-1.5706637790605527,0.00017846139262218952,5603.452855021944,5.676996930372013,12.950024485588074,-1.6499994993209839,11.30002498626709,-56.29087448120117,28.3931941986084,0,straight,80.0,288.0
347.32093534479947,-210.13864135742188,75.96467590332031,13.077606201171875,-213.84217797162438,75.95240206528103,-3.7035569524227343,-1.567482253145047,0.00018290479722333358,5467.325161400566,5.765180239772061,12.950024724006653,-1.5999995470046997,11.350025177001953,-56.55652618408203,28.622600555419922,0,straight,80.0,288.0
360.978636614913,-210.07774353027344,62.32975769042969,13.863800048828125,-213.82189254582406,62.310566491671786,-3.744198198915016,-1.565670721319458,1.9848481315538902e-05,50381.688357039384,5.5551839649872035,12.950024962425232,-1.5499995946884155,11.400025367736816,-56.82217788696289,28.83584213256836,0,straight,79.86456285666935,287.5124262840097
374.6506434699353,-210.01441955566406,48.67750549316406,14.59576416015625,-213.76220310578535,48.66306409439123,-3.7478113736630574,-1.5669430286775468,1.9970262654031568e-06,500744.54068240384,5.091163924293313,12.950025200843811,-1.4999996423721313,11.45002555847168,-57.087833404541016,29.031721115112305,0,straight,77.8239332970736,280.16615986946493
388.69667511929333,-209.98379516601562,34.64784240722656,15.272979736328125,-213.694745976969,34.628348460048116,-3.7110020122996485,-1.5655432881901916,0.00022867433693472133,4373.031156029833,4.4901736927548175,12.95002543926239,-1.4499996900558472,11.500025749206543,-57.353485107421875,29.20903778076172,0,straight,75.67019066164255,272.4126863819132
402.7582714087139,-209.86380004882812,20.598922729492188,15.857742309570312,-213.49651227932944,20.56155965759798,-3.6329043682397177,-1.5605115169542594,0.0002845371916423631,3514.4790536096507,3.766019887421579,12.950025916099548,-1.3499997854232788,11.60002613067627,-57.619136810302734,29.366600036621094,0,straight,73.45083108423883,264.4229919032598
416.3698631100598,-209.69984436035156,6.996124267578125,16.318634033203125,-213.21495876536758,6.9497501690603505,-3.5154202931320184,-1.5576043213585216,-8.92508192688879e-06,112043.78942307277,2.9475905140238234,13.150027394294739,-1.1999999284744263,11.950027465820312,-57.884788513183594,29.503206253051758,0,straight,71.23666688683697,256.4520007926131
429.72536250082175,-209.53758239746094,-6.354156494140625,16.65484619140625,-212.90036282142606,-6.388313493877479,-3.3629538921064563,-1.5606393076560203,-0.00034529874354437967,2896.0429734997706,2.026987577671191,12.950027585029602,-1.0000001192092896,11.950027465820312,-58.15044021606445,29.617658615112305,0,straight,68.99513178264954,248.38247441753833
442.67097099364514,-209.4438018798828,-19.297866821289062,16.855712890625,-212.62548593915633,-19.311247657602713,-3.181712196257813,-1.5665907686135756,-0.0005500793965693695,1817.919388067631,1.0205203599209511,11.890998423099518,-0.9000001549720764,10.990998268127441,-58.41609191894531,29.708763122558594,0,straight,66.75058715878404,240.30211377162257
455.1940992043174,-209.4352264404297,-31.820831298828125,16.919174194335938,-212.41396829707173,-31.8095784203428,-2.9787631117269893,-1.5745740374850234,-0.0011180342362198253,894.4269930240154,-0.06276548458777897,10.891998827457428,-0.9000001549720764,9.991998672485352,-58.68174362182617,29.775320053100586,0,straight,64.50501562980332,232.21805626729198
467.2871098502083,-209.58485412597656,-43.912689208984375,16.845077514648438,-212.34521926244327,-43.849438621841706,-2.7610896985419826,-1.593706165788189,-0.0020377634652574694,490.73409011857564,-1.2162933807809084,10.042999148368835,-1.0500000715255737,8.992999076843262,-58.94739532470703,29.816131591796875,0,straight,62.25974965063632,224.13509874229078
478.96932134242894,-210.0155029296875,-55.58506774902344,16.634872436523438,-212.54693914189204,-55.453674824383846,-2.5348438604982855,-1.6226542879629087,-0.0032323390346897657,309.3734875172147,-2.0952287571029515,9.493999123573303,-1.4999996423721313,7.993999481201172,-59.213050842285156,29.830001831054688,0,straight,60.01103535323703,216.0397272716533
490.31234892646324,-210.84494018554688,-66.89450073242188,16.3646240234375,-213.13905222130924,-66.67166289376264,-2.304909268272427,-1.6676272314294072,-0.004117530580765527,242.86401287979774,-2.3462682008257074,9.344998359680176,-2.349998950958252,6.994999408721924,-59.478702545166016,29.881620407104492,1,right,57.74387691063647,207.87795687829131
501.32789597439813,-212.1663055419922,-77.82754516601562,16.11004638671875,-214.21966703691132,-77.5301744827812,-2.074782579467998,-1.7146178202991607,-0.004227515740961141,236.54554146559994,-2.2970829112170077,9.344998359680176,-3.3489990234375,5.995999336242676,-59.744354248046875,30.029354095458984,1,right,56.23961514399015,202.46261451836455
512.0402367279175,-213.937744140625,-88.38957214355469,15.865432739257812,-215.75165722239308,-88.04314879837406,-1.846696997965701,-1.759505141093919,-0.004100097260179875,243.89665330917765,-2.349564045636121,9.344998359680176,-4.347999095916748,4.996999263763428,-60.010005950927734,30.26252555847168,1,right,53.95154388952112,194.22555800227605
522.4677377146518,-216.1011962890625,-98.58706665039062,15.613723754882812,-217.68016252868352,-98.21645007023604,-1.621878859640411,-1.8013438994529662,-0.004337512906283161,230.54686443732234,-2.4294792052335867,9.344998359680176,-5.346999168395996,3.9979991912841797,-60.58086395263672,30.570453643798828,1,right,51.627006904712054,185.8572248569634
532.628553193117,-218.6455078125,-108.42103576660156,15.365325927734375,-219.99264719526894,-108.03680894225272,-1.4008621520893103,-1.8486360135224842,-0.005308273010879508,188.38518628383693,-2.3404373296795566,9.344998359680176,-6.345999240875244,2.9989991188049316,-62.146114349365234,30.942459106445312,1,right,49.25650510613443,177.32341838208396
542.6399594932168,-221.6714630126953,-117.96156311035156,15.14129638671875,-222.78849765610667,-117.56964973402923,-1.183791573344518,-1.9082295959229458,-0.0062674450837411355,159.55464892611144,-2.088091119380142,9.344998478889465,-7.344999313354492,1.9999991655349731,-64.48478698730469,31.367860794067383,1,right,46.8035814553518,168.49289323926646
552.5378116124397,-225.2453155517578,-127.18968200683594,14.949264526367188,-226.1384201517889,-126.8093973237759,-0.9706967944558038,-1.9733450917891049,-0.006784100820048822,147.40346974867091,-1.73135077710328,9.343999028205872,-8.343998908996582,1.0000001192092896,-67.37589263916016,31.835983276367188,1,right,44.98608597394448,161.94990950620016
562.318167283709,-229.3895721435547,-136.04734802246094,14.80010986328125,-230.06841416950638,-135.70176393596407,-0.761744614052549,-2.0416805719978903,-0.006989432379114521,143.0731346637176,-1.2699878453985125,9.792998552322388,-9.342998504638672,0.4500000476837158,-70.59847259521484,32.336143493652344,1,right,44.320372499223474,159.55334099720451
571.9837822262756,-234.06396484375,-144.50692749023438,14.70172119140625,-234.5425641801535,-144.2210388927875,-0.557485080478398,-2.1092608366812153,-0.0070944758460072255,140.9547402381813,-0.7242449605387558,10.540999054908752,-10.190999031066895,0.3500000238418579,-73.9315414428711,32.857662200927734,1,right,43.99103686774687,158.36773272388874
581.5576552012866,-239.24591064453125,-152.55706787109375,14.660232543945312,-239.54078715862423,-152.3521299137166,-0.3590984891886154,-2.178155908479227,-0.00778224623813871,128.4976045989482,-0.1333068417308847,9.791999518871307,-9.191999435424805,0.6000000834465027,-77.15411376953125,33.389862060546875,1,right,42.002183845561945,151.207861844023
591.0553757155283,-244.96363830566406,-160.140869140625,14.67584228515625,-245.09403773928875,-160.03394644912882,-0.168631178156445,-2.2575917637692346,-0.008245165098482263,121.2831990694857,0.48806033899868595,9.342999815940857,-8.192999839782715,1.149999976158142,-80.04522705078125,33.922061920166016,1,right,40.806061287714115,146.90182063577083
600.5049297643874,-251.23326110839844,-167.2105255126953,14.752395629882812,-251.22542236477514,-167.21802966994923,0.010851648615920527,-2.3343907029535655,-0.008031168770078062,124.51487804934774,1.1230365572003187,9.193999409675598,-7.194000244140625,1.9999991655349731,-82.38389587402344,34.443580627441406,1,right,41.34614081569996,148.84610693651987
609.9268846067318,-258.0010986328125,-173.76425170898438,14.887603759765625,-257.88392690178927,-173.89454200056105,0.17522777927634484,-2.4091573327046634,-0.007758578113917627,128.88959617563978,1.7191802512911192,9.193999290466309,-6.195000171661377,2.9989991188049316,-83.94915008544922,34.94374084472656,1,right,42.0662004662909,151.43832167864724
619.3387700207185,-265.2199401855469,-179.80050659179688,15.076126098632812,-265.0237775931234,-180.05269929694302,0.3195010535119407,-2.4805180821059243,-0.007559661730670908,132.28105114053187,2.259316747199114,9.193999290466309,-5.196000099182129,3.9979991912841797,-84.52000427246094,35.411861419677734,1,right,42.61604813018466,153.41777326866477
628.7502623164692,-272.8480682373047,-185.3079376220703,15.312881469726562,-272.60420174401816,-185.67205115887677,0.4382345653112865,-2.551455718367873,-0.0075024253511165595,133.29022991893862,2.686655832907636,9.193999290466309,-4.197000026702881,4.996999263763428,-77.36180877685547,35.83726501464844,1,right,42.77829924773054,154.00187729182994
638.1657179736628,-280.85162353515625,-190.25985717773438,15.581954956054688,-280.59024197124774,-190.71655268655562,0.526204437199776,-2.621765576879285,-0.007623075054973449,131.18065777767458,3.0422475154207262,9.193999290466309,-3.197999954223633,5.995999336242676,-74.08240509033203,36.20927047729492,1,right,42.43842500180238,152.77833000648857
647.5970717384492,-289.1962127685547,-194.64456176757812,15.886306762695312,-288.9461440180146,-195.16695519488215,0.5791625617105516,-2.6951313122039426,-0.0074588889814909964,134.06822416602114,3.3737870836623385,10.186462879180908,-3.1914634704589844,6.994999408721924,-69.24960327148438,36.5172004699707,1,right,42.90296272665555,154.45066581595998
657.0570075782687,-297.86138916015625,-198.42532348632812,16.219390869140625,-297.6414475902889,-198.9776891723132,0.5945436444950699,-2.762655286802681,-0.006759646390850749,147.93673251214892,3.2939391384335326,11.16860580444336,-3.1746063232421875,7.993999481201172,-63.38120651245117,36.750370025634766,1,right,45.06738578003356,162.24258880812081
666.5752015454682,-306.8033905029297,-201.6736297607422,16.51116943359375,-306.62445197765726,-202.21683032848804,0.5719142004060681,-2.823372551709561,-0.0061649856099172395,162.20638023734566,3.1067804998957227,12.144556045532227,-3.151556968688965,8.992999076843262,-56.99500274658203,36.89810562133789,1,right,47.1909067327212,169.88726423779633
676.1650462746231,-315.99005126953125,-204.408447265625,16.813095092773438,-315.8575741201494,-204.90411156498703,0.5130626596921563,-2.88042527571517,-0.005114385189679466,195.52692316134934,2.8045808021247343,13.118441820144653,-3.1264431476593018,9.991998672485352,-50.608802795410156,36.94972229003906,1,right,49.52461893046723,178.288628149682
685.8368410810317,-325.3864288330078,-206.687744140625,17.050811767578125,-325.29446266032943,-207.09930358151547,0.42170955680799327,-2.9217465707078025,-0.002557469877432661,391.01144800339114,2.637236891136363,14.09439206123352,-3.103393793106079,10.990998268127441,-44.74040222167969,36.94972229003906,2,straight,51.77183458116809,186.37860449220514
695.6229986262815,-334.94329833984375,-208.77557373046875,17.32666015625,-334.8796145960042,-209.0717445513334,0.30294021581999686,-2.929793846924028,-0.0011822020650326115,845.8790841076856,2.809369583419752,15.076534509658813,-3.0865366458892822,11.989997863769531,-39.90760040283203,36.87795639038086,2,straight,53.950435294245125,194.22156705928245
705.5324431127273,-344.6412353515625,-210.79302978515625,17.604110717773438,-344.6095053079403,-210.95244495551336,0.1625422782178557,-2.945120050530233,-0.0018101620396858975,552.4367311191222,2.696262221571677,16.068997621536255,-3.080000162124634,12.988997459411621,-36.628204345703125,36.67310333251953,2,straight,56.07029300345895,201.85305481245223
715.5618443543252,-354.4959411621094,-212.6385955810547,17.864013671875,-354.494815804772,-212.6449366427044,0.006440146891357518,-2.965949997137786,-0.00177522990048129,563.3073213384282,2.6177084655019334,16.568109035491943,-3.1680760383605957,13.400032997131348,-35.42000198364258,36.35081100463867,2,straight,58.137159751229134,209.2937751044249
725.7062567624906,-364.4949645996094,-214.32876586914062,18.13226318359375,-364.5205127475901,-214.17118553855104,-0.15963792924605624,-2.980863421696352,-0.0015433021081155684,647.9612739083462,2.90500825224953,15.989224433898926,-3.395218849182129,12.594005584716797,-35.34259796142578,35.9267463684082,2,straight,60.15553032433528,216.559909167607
735.9652889608658,-374.63182067871094,-215.87350463867188,18.45733642578125,-374.6792531735851,-215.5467077243788,-0.3302212360849518,-2.997455549018935,-0.0020142049276433427,496.4738127068424,3.251460443522669,15.30080795288086,-3.7058019638061523,11.595005989074707,-35.12586212158203,35.41656494140625,2,straight,62.13005713872869,223.66820569942328
746.3321461110077,-384.90406799316406,-217.22743225097656,18.803085327148438,-384.9634704155574,-216.7310252429829,-0.4999485627256288,-3.022494227856693,-0.0019087528481974703,523.9022961743577,3.4083994080054802,14.640204906463623,-4.044198513031006,10.596006393432617,-34.79301834106445,34.83592224121094,2,straight,64.06354607164003,230.6287658579041
756.8004993104078,-395.30189514160156,-218.38446044921875,19.167633056640625,-395.37106961788527,-217.72473165625433,-0.6633454518087891,-3.0371214953942176,-0.00096269901066795,1038.74626328552,3.533018212607708,13.951788425445557,-4.354781627655029,9.597006797790527,-34.36729049682617,34.200477600097656,2,straight,65.95847691874107,237.45051690746786
767.3717763591925,-405.8124084472656,-219.4509735107422,19.546524047851562,-405.8928767475068,-218.64027139421702,-0.8146858714143136,-3.042659160887745,6.73495593418727e-05,14847.907095039864,3.5936043026734477,13.179932117462158,-4.581924915313721,8.598007202148438,-33.87189865112305,33.5258903503418,2,straight,67.81832961087447,244.1459865991481
778.0419217018637,-416.4208068847656,-220.53082275390625,19.930984497070312,-416.52113207835487,-219.58807823953254,-0.9480677000354211,-3.035573448349938,0.001193611712240028,837.7933877033757,3.507881220744835,12.269007682800293,-4.6700005531311035,7.5990071296691895,-33.33005905151367,32.827816009521484,2,straight,69.64522916315595,250.7228249873614
788.8046685046169,-427.1058349609375,-221.76858520507812,20.298187255859375,-427.23730582784646,-220.719031666243,-1.0577557467237337,-3.0169781113700562,0.0018469589305130096,541.4305556443753,3.1861520885092975,12.246006488800049,-5.645999431610107,6.600007057189941,-32.7650032043457,32.121910095214844,2,straight,71.44067135342608,257.1864168723339
799.6607240496164,-437.85772705078125,-223.2340545654297,20.619369506835938,-438.0233607809589,-222.1074190630585,-1.1387458398500343,-2.9956220654027317,0.0020268561864197343,493.3749156453045,2.7857478618079856,12.345003128051758,-6.6449995040893555,5.700003623962402,-32.19994354248047,31.4238338470459,2,straight,70.26076920248646,252.93876912895126
810.6080687316029,-448.66612243652344,-224.9490509033203,20.905258178710938,-448.8656279078314,-223.7785194082175,-1.1874116447590626,-2.972774817244065,0.002029962342194047,492.61997585589125,2.4811804202148346,12.64400053024292,-7.6439995765686035,5.000000953674316,-31.65810775756836,30.74924659729004,2,straight,68.40262730614683,246.24945830212857
821.6446363750964,-459.5213928222656,-226.92431640625,21.164596557617188,-459.7491028440883,-225.7440344401199,-1.2020471594785604,-2.9510057731504937,0.0018552706094813742,539.0049273079046,2.2485027070208496,12.950013160705566,-8.350013732910156,4.59999942779541,-31.1627140045166,30.113800048828125,2,straight,66.47678698454872,239.31643314437542
832.7367799500768,-470.3895721435547,-229.1292266845703,21.4027099609375,-470.6360453924115,-227.9720513440084,-1.183133057270644,-2.931733126855201,0.0018150991661093907,550.9340859560137,2.062142734575767,12.950013160705566,-8.55001449584961,4.399998664855957,-30.736984252929688,29.533159255981445,2,straight,64.48332311764084,232.139963223507
843.8564422697301,-481.2392272949219,-231.55482482910156,21.622589111328125,-481.49858233823636,-230.45166103879973,-1.1332410982336327,-2.910684866864913,0.002188203967306207,456.99578967085597,1.9020616335409302,12.950013160705566,-8.55001449584961,4.399998664855957,-30.404142379760742,29.02297592163086,2,straight,62.421046392424444,224.715767012728
855.0570682310477,-492.1059875488281,-234.2614288330078,21.827133178710938,-492.37634056146146,-233.24000427530345,-1.0565977846472352,-2.8828437894596597,0.0029396571338961286,340.175726097224,1.759523776346672,12.950013160705566,-8.25001335144043,4.699999809265137,-30.187408447265625,28.59891128540039,2,straight,60.27246094299347,216.9808593947765
866.3333753601758,-502.9502716064453,-237.34690856933594,22.017974853515625,-503.2308020216726,-236.43046664636248,-0.9584169823468807,-2.844541441687069,0.0037985160421514508,263.2607020486894,1.7041171356069862,12.950013160705566,-7.750011444091797,5.2000017166137695,-30.110002517700195,28.276622772216797,2,straight,58.0290516429986,208.90458591479498
877.6750512473145,-513.7132568359375,-240.9181671142578,22.21258544921875,-513.9985327792543,-240.12364225464333,-0.8441872519652802,-2.7968763347759587,0.00442819029562487,225.8258867032019,1.7740940739234046,12.900012969970703,-7.700011253356934,5.2000017166137695,-29.92530632019043,28.071765899658203,3,left,55.68153737616389,200.45353455419
889.0052177420874,-524.2706909179688,-245.02549743652344,22.420181274414062,-524.5490110939321,-244.36248359585042,-0.7190615225919468,-2.744151398270995,0.004766369174442925,209.80330381497907,1.9312943369774627,12.697012424468994,-8.150012969970703,4.546999454498291,-29.418882369995117,28.420684814453125,3,left,53.669866751278875,193.21152030460397
900.2084654615805,-534.4759979248047,-249.64207458496094,22.64752197265625,-534.7326258145548,-249.11363771659975,-0.5874550175468635,-2.6895022536862845,0.004901318709179384,204.0267240992022,2.162767640542196,12.598016023635864,-9.050016403198242,3.547999620437622,-28.6622257232666,29.392000198364258,3,left,52.92585515079012,190.53307854284444
911.1786083568895,-544.2081756591797,-254.69830322265625,22.899124145507812,-544.4277178870271,-254.30220479633022,-0.45287167403823403,-2.6354833145750938,0.004966046182635145,201.36743864700986,2.3920657880843743,12.598015546798706,-10.049015998840332,2.548999547958374,-27.726831436157227,30.872547149658203,3,left,52.579805905792185,189.28730126085188
921.7947157000793,-553.3511810302734,-260.0869445800781,23.163192749023438,-553.519859497875,-259.81745508047356,-0.31792611693524425,-2.5823331051920855,0.005175438456690468,193.22034420238649,2.529597061808442,12.598015189170837,-11.048015594482422,1.5499995946884155,-26.684194564819336,32.74916458129883,3,left,51.50516482704687,185.41859337736872
932.0377726057898,-561.8816833496094,-265.75099182128906,23.426467895507812,-561.9879715523888,-265.6001858533919,-0.18449829810451582,-2.5276517781416827,0.005555091456144079,180.01503807718115,2.623205380566218,11.49299705028534,-10.442996978759766,1.0500000715255737,-25.605810165405273,34.90869140625,3,left,49.71400469106692,178.9704168878409
941.92690396032,-569.7976379394531,-271.67236328125,23.690933227539062,-569.8311842553207,-271.6301025160145,-0.05395671956834724,-2.4706477076614597,0.005889344268474733,169.79819049684923,2.7379277648328815,10.49399745464325,-9.443997383117676,1.0500000715255737,-24.563173294067383,37.23796081542969,3,left,48.282626220725575,173.81745439461207
951.4777639662462,-577.1036834716797,-277.8180236816406,23.958297729492188,-577.055357926088,-277.8722036890617,0.07260049284185283,-2.413246117210939,0.006067433759357116,164.8143250773547,2.875188045768118,10.09499728679657,-8.444997787475586,1.6499994993209839,-23.627779006958008,39.623809814453125,3,left,47.5687603520186,171.24753726726698
960.6829622286003,-583.7970581054688,-284.1315612792969,24.229690551757812,-583.6598869977004,-284.26892208799876,0.1941234261330433,-2.3568854878211454,0.006652157088277655,150.32717759509725,3.025257859613051,10.094997644424438,-7.445998191833496,2.6489994525909424,-22.871122360229492,41.95307922363281,3,left,45.43003876982876,163.54813957138356
969.6033094929161,-589.9041442871094,-290.627685546875,24.506210327148438,-589.6719519432272,-290.83222829568587,0.3094366181443391,-2.292969109183308,0.007375671742223255,135.58087113277213,3.1771188384085214,10.094997644424438,-6.446998119354248,3.6479995250701904,-22.36469841003418,44.112606048583984,3,left,43.144313760354095,155.31952953727475
978.3691933508576,-595.473388671875,-297.3910369873047,24.791366577148438,-595.1427550967352,-297.6453758465698,0.41714124267691266,-2.2265020996093474,0.007498748136348293,133.3555924025174,3.3708087191272273,10.09499740600586,-5.447998046875,4.646999359130859,-22.180002212524414,47.20497131347656,3,left,42.78878671249988,154.03963216499957
987.0143071133695,-600.5184173583984,-304.4049377441406,25.092819213867188,-600.0904274823379,-304.6924886616706,0.5156169742964978,-2.162388341477444,0.0075569696260814195,132.32817511250718,3.6669697530272716,10.09499740600586,-4.448997974395752,5.645999431610107,-22.226633071899414,55.84382629394531,3,left,42.623638252194,153.4450977078984
995.5625137971882,-605.0478363037109,-311.6470489501953,25.421493530273438,-604.5261758592065,-311.9497651991742,0.6031307874386508,-2.0965998324563437,0.007984942197509726,125.23572184553463,3.958586822666854,10.09499740600586,-3.449997901916504,6.6449995040893555,-22.357851028442383,64.38471221923828,3,left,41.46564901567461,149.2763364564286
1004.0453769999028,-609.0408172607422,-319.12339782714844,25.766860961914062,-608.4319387144038,-319.421764810686,0.6780530518007817,-2.026433826522309,0.008339734895822834,119.90788825923893,4.251429853219579,10.093998432159424,-2.4499988555908203,7.6439995765686035,-22.56064224243164,72.85954284667969,3,left,40.57403811991667,146.0665372317
1012.4891243266391,-612.4797210693359,-326.8260498046875,26.140975952148438,-611.794613881614,-327.10338752541236,0.7391130292486412,-1.9554417137566469,0.008519866271212026,117.37273428562173,4.574234521365339,10.34299910068512,-1.699999451637268,8.642999649047852,-22.821992874145508,81.29399871826172,3,left,40.14282818331226,144.51418145992415
1020.8867771445271,-615.3409576416016,-334.71128845214844,26.537094116210938,-614.593283829898,-334.9525719676381,0.785642325460068,-1.8829576658993632,0.008794063315936046,113.71307711508777,4.843076403366164,10.891999125480652,-1.2499998807907104,9.641999244689941,-23.128890991210938,89.68130493164062,3,left,39.51204989325339,142.2433796157122
1029.1880908153516,-617.5899047851562,-342.69151306152344,26.949478149414062,-616.7951881860856,-342.88416224102167,0.8177335624760655,-1.8086210945701768,0.009179815937591526,108.93464605373845,5.083378832244878,11.690998911857605,-1.0500000715255737,10.640998840332031,-23.46832275390625,97.97136688232422,3,left,38.672955995269504,139.22264158297023
1037.3889755023092,-619.2078247070312,-350.71990966796875,27.375732421875,-618.3823389932428,-350.8537352606765,0.8362630883474098,-1.7315154460395215,0.009601386473404097,104.15162463983785,5.271223453715135,11.950023293495178,-1.100000023841858,10.85002326965332,-23.827272415161133,105.66548156738281,3,left,37.81441446966979,136.13189209081125
1045.4829081297578,-620.1810455322266,-358.74346923828125,27.808258056640625,-619.3410679638488,-358.81200690035774,0.842769082549171,-1.6522106033838027,0.009899866814020816,101.0114599303232,5.412727639289661,12.000022530555725,-1.2999998331069946,10.70002269744873,-24.192731857299805,110.88648223876953,3,left,37.240000630182394,134.06400226865662
1053.478416250539,-620.5057830810547,-366.72035217285156,28.246475219726562,-619.6665643461708,-366.7215738389641,0.8392196240842048,-1.5722520441172043,0.009975507422222044,100.2455271370296,5.4952290731449915,11.391998171806335,-1.6499994993209839,9.741998672485352,-24.551681518554688,112.81000518798828,3,left,37.09854334307065,133.55475603505434
1061.41030925419,-620.2008056640625,-374.6343231201172,28.683486938476562,-619.3755593266882,-374.57026076409164,0.8277291240552265,-1.4933235363255173,0.009931574637400853,100.68896791392442,5.544154824985159,10.842998266220093,-2.099999189376831,8.742999076843262,-24.89111328125,109.6426010131836,3,left,37.180506371892264,133.84982293881217
1069.3311238431709,-619.2720947265625,-382.4880828857422,29.1253662109375,-618.4716302094529,-382.36219811398564,0.8103026711740541,-1.4148092702637116,0.009618960649897437,103.96133599014802,5.558156930792313,10.493998050689697,-2.7499985694885254,7.743999481201172,-25.19801139831543,101.73512268066406,3,left,37.779854550049535,136.00747638017833
1077.2797016645234,-617.7413177490234,-390.2754364013672,29.565521240234375,-616.9734592903475,-390.09556358377876,0.7886449410649928,-1.3406927972822278,0.009149274403771154,109.29828485500657,5.51401101914093,10.294997215270996,-3.5499978065490723,6.744999408721924,-25.459362030029297,93.79974365234375,3,left,38.737450035368745,139.45482012732748
1085.2896990114004,-615.6313781738281,-397.9900207519531,30.005294799804688,-614.9018967266849,-397.7627862763475,0.7640541136791142,-1.268821494028853,0.008501158878392243,117.63102117074209,5.467603413718702,10.294997215270996,-4.54899787902832,5.745999336242676,-25.662153244018555,85.80282592773438,3,left,40.18697245712447,144.6731008456481
1093.3988651397658,-612.9622802734375,-405.6345977783203,30.446807861328125,-612.2740077577031,-405.3699825282105,0.737387473792506,-1.203755330855584,0.007560963289560574,132.25828002375047,5.35438823320562,10.294997215270996,-5.547997951507568,4.746999263763428,-25.793371200561523,77.7066879272461,3,left,42.49529109089903,152.98304792723653
1101.6328236559013,-609.7796173095703,-413.2162170410156,30.880142211914062,-609.1337571427902,-412.9235783430836,0.7090647097132046,-1.1453681293134683,0.00657525009698412,152.08546979204206,5.136759910791033,10.294997453689575,-6.546998023986816,3.747999429702759,-25.840002059936523,69.48513793945312,3,left,44.71737786563148,160.98256031627332
1110.0033367157675,-606.1293029785156,-420.7371826171875,31.299392700195312,-605.5257442747936,-420.42596640453405,0.6790718959410746,-1.0947188082460686,0.005784630712957206,172.8718823416097,4.728192110573071,10.294997453689575,-7.5459980964660645,2.7489993572235107,-25.832477569580078,61.654273986816406,3,left,46.86845360937521,168.72643299375076
1118.5157585796326,-602.0509033203125,-428.1994171142578,31.677597045898438,-601.490447787007,-427.8762751579517,0.6469398184824603,-1.0477828042198627,0.005512525057488997,181.40507110102982,4.18777506888981,10.294997572898865,-8.544998168945312,1.7499994039535522,-25.81121253967285,56.84906768798828,3,left,48.95916629422124,176.25299865919646
1127.1670556168708,-597.5502166748047,-435.58001708984375,32.0174560546875,-597.0354623761209,-435.2495725686323,0.6116907467112227,-1.0001037417137157,0.005182338145448141,192.96309347901985,3.698928137143498,10.293997883796692,-9.543997764587402,0.7500001192092896,-25.77817153930664,54.336669921875,3,left,50.99624050105818,183.58646580380946
1135.9566271255992,-592.6488342285156,-442.8697509765625,32.32208251953125,-592.1812586563542,-442.54064711267574,0.5717834108360542,-0.9574900001692965,0.004142303118824624,241.41159430257954,3.3245723637984614,10.692997366189957,-10.542997360229492,0.15000000596046448,-25.735315322875977,51.48552322387695,3,left,52.98572967024553,190.7486268128839
1144.8865974656924,-587.3961639404297,-450.08592224121094,32.60615539550781,-586.9762306829999,-449.7707154151953,0.5250707417695837,-0.9269038300541497,0.0028453035911639793,351.45634480112267,2.969421584715626,12.291997075080872,-11.541996955871582,0.7500001192092896,-25.684606552124023,48.465003967285156,4,straight,54.93325926443794,197.7597333519766
1153.9580964974296,-581.8725738525391,-457.2775573730469,32.85601806640625,-581.5034368129598,-456.98848033782724,0.468857852958384,-0.9064357749979927,0.001971493817518037,507.2295896209936,2.491886854721459,12.850028157234192,-12.100028038024902,0.7500001192092896,-25.628009796142578,45.44448471069336,4,straight,56.843376146785666,204.6361541284284
1163.1671689577622,-576.1361846923828,-464.47886657714844,33.06095886230469,-575.8250455952484,-464.2273357505572,0.4000941070439127,-0.8909427550837558,0.0015913420603103426,628.4004080210012,2.070384048385865,12.850028157234192,-12.100028038024902,0.7500001192092896,-25.567487716674805,42.59333801269531,4,straight,58.71893879174293,211.38817965027454
1172.4537908469094,-570.2446441650391,-471.6551818847656,33.23870849609375,-570.0019041885803,-471.45329267112317,0.31572448551927046,-0.8770169756192429,0.0015843694115868362,631.1659343375248,1.7621647342164204,12.000027276575565,-11.90002727508545,0.10000000149011612,-25.505001068115234,40.08094024658203,4,straight,60.551493244564554,217.9853756804324
1181.8405968551365,-564.18017578125,-478.8183898925781,33.38970947265625,-564.018432937827,-478.6795201288578,0.21317963944589643,-0.8613400608814837,0.0016650676983405374,600.5761813748676,1.410492723929524,11.950025796890259,-11.500025749206543,0.4500000476837158,-25.442516326904297,38.0766716003418,4,straight,62.3491044433193,224.45677599594947
1191.3632551768703,-557.9148864746094,-485.9887390136719,33.5048828125,-557.8468330055689,-485.928414810262,0.09094110272850203,-0.8455328148566295,0.0015256407064899655,655.462321991064,0.9937462553971432,11.950024008750916,-11.00002384185791,0.9500001668930054,-25.381994247436523,36.749900817871094,4,straight,64.12125802132967,230.83652887678682
1201.0237641443534,-551.4510040283203,-493.16773986816406,33.579742431640625,-551.4886589905635,-493.2020315696927,-0.050929529501722234,-0.8321107404389076,0.0007753958564512622,1289.6638429004236,0.5336923758497925,12.000020861625671,-10.350021362304688,1.6499994993209839,-25.325397491455078,36.27000427246094,4,straight,65.87036574117573,237.13331666823265
1210.820324268453,-544.8448944091797,-500.4017639160156,33.608062744140625,-545.0002467100595,-500.5436663889868,-0.21040591537310238,-0.8306141257932154,-0.00014863564997213974,6727.861049401271,0.20228978242755602,12.000017404556274,-9.600018501281738,2.399998903274536,-25.274688720703125,36.06417465209961,4,straight,67.59790329658651,243.35245186771144
1220.7550798510856,-538.1602478027344,-507.75123596191406,33.619415283203125,-538.4444634971297,-508.0085019601966,-0.38335930249954797,-0.8351274105694593,-0.00033171122679554604,3014.670349449346,0.19200952463427345,12.000013828277588,-8.850015640258789,3.149998188018799,-25.23183250427246,35.48784637451172,4,straight,69.3058478059195,249.5010521013102
1230.8199290738671,-531.4166717529297,-515.2228240966797,33.64666748046875,-531.8353886431001,-515.6002495562166,-0.5637142996417956,-0.8372161163317923,0.00015045225339523766,6646.626936008746,0.33033702801417153,11.950010538101196,-8.150012969970703,3.799997568130493,-25.19879150390625,34.6027717590332,4,straight,70.99427039424162,255.57937341926984
1241.0106113732422,-524.5785675048828,-522.7785339355469,33.68647766113281,-525.1285172396435,-523.2794855579621,-0.7439067406360591,-0.8319892663343257,0.0011499299550092948,869.6181846936208,0.4364900726116172,11.900009393692017,-7.900012016296387,3.99999737739563,-25.177526473999023,33.470703125,4,straight,72.6638419007796,261.5898308428066
1251.321771875393,-517.571044921875,-530.3424072265625,33.73626708984375,-518.2363975585243,-530.9713950371203,-0.9155980542391648,-0.8134860305324741,0.002041286977589679,489.88702273542395,0.514441491863793,11.95000958442688,-7.95001220703125,3.99999737739563,-25.170001983642578,32.153385162353516,4,straight,72.64823561554702,261.53364821596927
1261.7472551639366,-510.31787109375,-537.8309936523438,33.79322814941406,-511.0780422051607,-538.584798579188,-1.070552187592064,-0.7896030826858741,0.0021696028704331696,460.9138444771444,0.5611874220428525,11.950011014938354,-8.25001335144043,3.699997663497925,-25.123170852661133,30.712568283081055,4,straight,70.939357062157,255.38168542376522
1272.2848849638474,-502.8154296875,-545.2304077148438,33.85394287109375,-503.65016385849424,-546.0946500045759,-1.2015389596625403,-0.7680317355031008,0.0020874547656944756,479.0522968133922,0.5741884805331443,11.950013637542725,-8.800015449523926,3.149998188018799,-24.990821838378906,29.210002899169922,4,straight,69.16920663797364,249.00914389670513
1282.930562896727,-495.0775604248047,-552.54150390625,33.91485595703125,-495.96138614162,-553.4990669905659,-1.3031020520851553,-0.7453751159442327,0.0023233441701740604,430.4140612645788,0.5578640416737723,11.95001745223999,-9.600018501281738,2.349998950958252,-24.785173416137695,27.707435607910156,4,straight,67.33366837567637,242.40120615243492
1293.6796110488283,-487.0802917480469,-559.7235870361328,33.9732666015625,-487.98322139489943,-560.7566444825771,-1.372038496114202,-0.7182838928362206,0.0025033327857406987,399.4674642125597,0.5133317644776758,11.950020670890808,-10.300021171569824,1.6499994993209839,-24.51844024658203,26.266620635986328,4,straight,65.42808058914483,235.54109012092138
1304.5286281476385,-478.8163604736328,-566.7525177001953,34.025665283203125,-479.7137040859258,-567.8368642849973,-1.4074917671144358,-0.6913113866768709,0.002743850928358278,364.4512862068376,0.43592852739890997,11.950022578239441,-10.70002269744873,1.2499998807907104,-24.202838897705078,24.949302673339844,4,straight,63.44676269994172,228.4083457197902
1315.4718845085195,-470.27394104003906,-573.5921173095703,34.06817626953125,-471.13709887659377,-574.7078721463838,-1.4106559845257935,-0.6584403649061427,0.003286886390621826,304.2392955391489,0.3245876501470679,11.493997693061829,-10.293997764587402,1.1999999284744263,-23.850587844848633,23.817232131958008,4,straight,61.3834802949725,220.980529061901
1326.4559865959259,-461.4559631347656,-580.1413879394531,34.09678649902344,-462.25934482617674,-581.2685847511538,-1.3841946374706728,-0.6192154792332277,0.0035468493458815815,281.94036523179324,0.17970079225637647,10.794997811317444,-9.294998168945312,1.4999996423721313,-23.47390365600586,22.932159423828125,4,straight,59.24027570629768,213.26499254267165
1337.3456537909076,-452.4675598144531,-586.2890167236328,34.107635498046875,-453.1982356019908,-587.4021932616553,-1.3315589026766674,-0.580852847663437,0.003661888673584298,273.0831243488319,0.06678314436046051,10.544997215270996,-8.294998168945312,2.2499990463256836,-23.085002899169922,22.355833053588867,4,straight,57.036054336215805,205.3297956103769
1348.0397214771779,-443.4124450683594,-591.9783020019531,34.111328125,-444.0586408594671,-593.0557524879675,-1.256371183312487,-0.5402321493967851,0.00417947023729956,239.26477357717,0.041589736796066035,10.544997215270996,-7.2959980964660645,3.2489991188049316,-22.69610023498535,22.150001525878906,5,left,54.785183626071856,197.2266610538587
1358.4600896171323,-434.3531036376953,-597.1273193359375,34.11637878417969,-434.90286841546015,-598.1510801656135,-1.162035949207117,-0.4928116019079397,0.004869211088032881,205.3720781293939,0.030232182848122235,10.544997215270996,-6.296998023986816,4.24799919128418,-22.319416046142578,24.813879013061523,5,left,52.499171205031125,188.99701633811205
1368.5923658610238,-425.3069152832031,-601.6912536621094,34.117645263671875,-425.75515649098617,-602.642542834714,-1.051604141428547,-0.4403379379710378,0.005453137319317462,183.38067454445917,-0.011786885200293362,10.544997215270996,-5.297997951507568,5.246999263763428,-21.967164993286133,31.847272872924805,5,left,50.176589449961504,180.63572201986142
1378.4553991108132,-416.2702331542969,-605.6431884765625,34.11415100097656,-416.61776593193576,-606.5034917535392,-0.9278473796428975,-0.38392016441408894,0.005940194277127872,168.34466237079158,-0.03373356190794485,10.544997215270996,-4.29899787902832,6.245999336242676,-21.65156364440918,41.70930480957031,5,left,48.07552450607203,173.0718882218593
1388.062527216916,-407.2610168457031,-608.9794921875,34.11106872558594,-407.51421872197557,-609.7314650097242,-0.7934571919843009,-0.32479256992624944,0.006376012825967026,156.8378275412791,-0.029497720375326608,10.544997453689575,-3.2999980449676514,7.244999408721924,-21.384830474853516,51.315433502197266,5,left,46.40339593220261,167.0522253559294
1397.4542203724359,-398.2726287841797,-611.7021331787109,34.10853576660156,-398.441866540865,-612.3310235227368,-0.6512637584702639,-0.26287778618634905,0.0067009788044971146,149.23193001728148,-0.024946677283366192,10.79399824142456,-2.5499987602233887,8.243999481201172,-21.179182052612305,60.70612716674805,5,left,45.26424006990024,162.95126425164088
1406.6935181122378,-389.27931213378906,-613.8198852539062,34.106414794921875,-389.3795154272254,-614.3142556985596,-0.5044232712337627,-0.1999794884213608,0.006923263698446824,144.44054763136376,-0.020435360653192625,11.142998337745667,-1.8999992609024048,9.242999076843262,-21.046833038330078,67.57612609863281,5,left,44.53166351036932,160.31398863732954
1415.7869970635652,-380.31370544433594,-615.3395080566406,34.10478210449219,-380.3620428377149,-615.692766102898,-0.3565497873288686,-0.13598857776527754,0.007025086971254984,142.34699215707457,-0.04683067113477879,11.641998410224915,-1.399999737739563,10.241998672485352,-21.000001907348633,70.24000549316406,5,left,44.207759306393775,159.14793350301758
1424.7607667442935,-371.3887634277344,-616.2743377685547,34.0980224609375,-371.4042209531393,-616.4855555173978,-0.21178260674090166,-0.07305265942694165,0.006231401759662585,160.477535965222,-0.5219630933816166,11.950023531913757,-1.0500000715255737,10.900023460388184,-21.08761215209961,70.12333679199219,5,left,46.535279811631945,167.527007321875
1433.6302369479,-362.52984619140625,-616.6983489990234,34.0125732421875,-362.5316882112165,-616.7730971699966,-0.07477086398333156,-0.02463802189978162,0.005550302516999063,180.17035953216472,-1.6901496628858759,11.900024175643921,-0.8500001430511475,11.050024032592773,-21.332918167114258,69.90667724609375,5,left,48.72662273419072,175.41584184308658
1442.4347239458257,-353.72792053222656,-616.7020416259766,33.80024719238281,-353.729158269179,-616.6526043276282,0.04945279022212405,0.025031271440450534,0.005860230141824298,170.64176249035478,-3.220426415353783,11.95002418756485,-0.9000001549720764,11.050024032592773,-21.709636688232422,69.79000854492188,5,left,48.40241374328818,174.24868947583744
1451.1952030941259,-344.9860382080078,-616.2535552978516,33.44761657714844,-344.99821761880065,-616.0982804906704,0.15575173768669992,0.078277506411283,0.00635331032943302,157.39826140198028,-4.630381503577641,12.000023245811462,-1.149999976158142,10.85002326965332,-22.19148826599121,68.18000793457031,5,left,46.48622940451098,167.35042585623953
1459.9037871291173,-336.338623046875,-615.3294067382812,32.99198913574219,-336.3710675102888,-615.0922980086602,0.23931818332237265,0.1359891616259011,0.006749693732925444,148.15487036425597,-5.766310449184386,11.950021147727966,-1.5499995946884155,10.40002155303955,-22.752187728881836,59.484352111816406,5,left,45.10060025366273,162.36216091318585
1468.5677854085159,-327.8099365234375,-613.9051055908203,32.44633483886719,-327.86748863178315,-613.6145214318245,0.29622862561598495,0.19552620226507467,0.006949276263048565,143.89987707314313,-6.7996077548884815,11.950018882751465,-2.049999237060547,9.900019645690918,-23.365453720092773,50.83855438232422,5,left,44.448239799783686,160.01366327922128
1477.2052104800302,-319.41358947753906,-611.979248046875,31.815826416015625,-319.4956938276126,-611.6658431545079,0.32398109645567186,0.25621741959994454,0.007250467524891259,137.92214040914524,-7.677507998989075,12.0000159740448,-2.699998617172241,9.300017356872559,-24.005001068115234,42.22517395019531,5,left,43.51523665959639,156.654851974547
1485.8153178796501,-311.1858215332031,-609.53857421875,31.122360229492188,-311.2872546536152,-609.2330697170187,0.3219032129299236,0.32056666134997747,0.0074670228182239975,133.92218349184665,-8.368807596801698,11.950012445449829,-3.3999979496002197,8.55001449584961,-24.644550323486328,35.66469192504883,5,left,42.879589235864245,154.3665212491113
1494.4137790100779,-303.14585876464844,-606.5830535888672,30.375747680664062,-303.2551841711558,-606.3130406471633,0.2913057383499035,0.3847143485873134,0.007610084658014427,131.40458285794068,-8.910028511926104,12.000009536743164,-4.199997901916504,7.80001163482666,-25.257816314697266,34.876670837402344,5,left,42.47463070442583,152.90867053593297
1502.9855821593985,-295.34303283691406,-603.1220703125,29.592605590820312,-295.44565429293976,-602.9102909850004,0.23533305503694177,0.45122585622387673,0.007771258069328386,128.67929376155988,-9.279300943773428,12.000009536743164,-5.000000953674316,7.000008583068848,-25.81851577758789,33.982398986816406,5,left,42.03186784611792,151.31472424602453
1511.5694901643972,-287.7824249267578,-599.1387939453125,28.783782958984375,-287.86093421133984,-599.0010479745093,0.15854860528587258,0.5180360961446075,0.007837593409411536,127.59018588527192,-9.541855284341526,12.000009536743164,-5.850004196166992,6.150005340576172,-26.30036735534668,33.035003662109375,5,left,41.85361651012398,150.6730194364463
1520.1892220179539,-280.47735595703125,-594.6396636962891,27.950973510742188,-280.51405912764045,-594.5843771262884,0.06636058736334802,0.5860648961667364,0.007747778610046194,129.0692533087284,-9.664111628486838,12.000009536743164,-6.700007438659668,5.300002098083496,-26.677085876464844,32.087608337402344,5,left,42.09550795683618,151.54382864461024
1528.8916998073246,-273.42320251464844,-589.6132965087891,27.1097412109375,-273.40160420547494,-589.6415771176428,-0.035584825365455285,0.6522207232729809,0.007437806331988379,134.4482439263333,-9.61429373459799,11.997010707855225,-7.600010871887207,4.396999835968018,-26.922391891479492,31.193336486816406,5,left,42.96372446402019,154.66940807047268
1537.7150808577107,-266.6189270019531,-584.0597229003906,26.26611328125,-266.5257253900716,-584.1667673406183,-0.14193326826707825,0.7163788725665812,0.007016945782311407,142.51214574307235,-9.402235112186208,11.948014259338379,-8.55001449584961,3.3979997634887695,-27.01000213623047,30.405315399169922,5,left,44.233397197952364,159.2402299126285
1546.6297407564055,-260.1060791015625,-578.0285339355469,25.4422607421875,-259.93224225311815,-578.2054424298078,-0.24802392065837559,0.7766409058626774,0.005781062294835514,172.97858922802916,-9.015441371129862,11.94801378250122,-9.5490140914917,2.3989996910095215,-27.650665283203125,29.776670455932617,5,left,46.544693644507994,167.5608971202288
1555.4758055465604,-253.96180725097656,-571.7122039794922,24.664596557617188,-253.70599655962903,-571.9512857233997,-0.35014167143822533,0.8191884960060904,0.00404195614882203,247.404960167971,-8.498914075958709,11.948013424873352,-10.548013687133789,1.399999737739563,-29.339689254760742,29.360523223876953,5,left,48.06184308611996,173.02263511003184
1564.0635210641797,-248.20587158203125,-565.3781433105469,23.959091186523438,-247.87180531959993,-565.6730969825446,-0.4456432837144613,0.8474984195069487,0.0036545315205509105,273.6328840992601,-7.885567295039841,12.000025629997253,-11.45002555847168,0.5500000715255737,-31.727619171142578,29.210002899169922,5,left,45.91100774237863,165.27962787256308
1572.2869159684865,-242.86817932128906,-559.1535339355469,23.336593627929688,-242.45726792183996,-559.4929686155465,-0.5329766225489128,0.88036992918088,0.003970657522680908,251.8474570742682,-7.1875232525677735,12.000027656555176,-12.000027656555176,0.0,-34.465003967285156,29.81704330444336,5,left,43.752430085525326,157.50874830789118
1580.126230126739,-237.97911071777344,-553.0489654541016,22.801712036132812,-237.49575069530837,-553.4237151937336,-0.6116161203498209,0.9112979360252683,0.003989009926332096,250.6887720180487,-6.426979344314465,13.249028623104095,-12.250028610229492,0.9990000128746033,-37.20238494873047,31.464723587036133,5,left,41.59049595680142,149.72578544448513
1587.562392812994,-233.50999450683594,-547.1226654052734,22.351730346679688,-232.95878070872644,-547.5241641039994,-0.6819368418738709,0.941269576708692,0.004848805913297366,206.2363431082279,-5.795732581652224,14.248028635978699,-12.250028610229492,1.9980000257492065,-39.59031295776367,33.89288330078125,6,left,39.430345248241586,141.94924289366972
1594.6027276882803,-229.49014282226562,-541.3560180664062,21.960723876953125,-228.87102033417227,-541.7704969386868,-0.7450539516235718,0.9808611075780251,0.005066615726394774,197.3704054148912,-5.101062222472197,13.291999816894531,-11.942999839782715,1.3489999771118164,-41.27933883666992,36.84136199951172,6,left,37.26997566921909,134.17191240918874
1601.2777359756012,-225.87106323242188,-535.7559509277344,21.648880004882812,-225.19085390044307,-536.1820668237299,-0.8026577677510744,1.011156303481982,0.00644435151356082,155.17465145960838,-4.237890830884994,11.294000267982483,-10.944000244140625,0.3500000238418579,-41.92000198364258,40.05000305175781,6,left,35.0991219026079,126.35683884938844
1607.620010637442,-222.6371612548828,-530.3054962158203,21.40625,-221.888200266942,-530.7217673612405,-0.8568688510890891,1.0635124485414367,0.010983606027116719,91.04478051481128,-3.4316439904960694,10.945000767707825,-9.945000648498535,1.0000001192092896,-41.47844314575195,43.258644104003906,6,left,32.9040550021427,118.45459800771371
1613.7154924525853,-219.89720153808594,-524.8637237548828,21.22015380859375,-219.0678024279802,-525.2384456274254,-0.9101205225716072,1.14644717414073,0.014216721604933091,70.33970473565493,-2.654775545699839,10.945001125335693,-8.946001052856445,1.999000072479248,-40.27992248535156,46.207122802734375,6,left,30.64659555973699,110.32774401505317
1619.5391138528594,-217.73138427734375,-519.4594421386719,21.08770751953125,-216.82098607307,-519.7795979912981,-0.9650516360877931,1.232638328831443,0.01711565417549564,58.42604610647561,-1.758407298577036,10.945001125335693,-7.947000980377197,2.998000144958496,-38.5136833190918,48.635284423828125,6,left,28.322240361067774,101.96006529984399
1625.1256517515458,-216.17633056640625,-514.0941619873047,21.017120361328125,-215.178943111428,-514.3278328789522,-1.0243943678834457,1.3406639825515525,0.018824154244392058,53.12323661488866,-0.9154594028949248,10.945001125335693,-6.948000907897949,3.997000217437744,-36.368961334228516,50.282962799072266,6,left,27.006395236853752,97.22302285267351
1630.463039991153,-215.21437072753906,-508.8442687988281,20.986007690429688,-214.1330975795159,-508.98813378103637,-1.0908018856519013,1.4385217443175116,0.019091094780663426,52.38044289701282,-0.5609056901642262,10.945001125335693,-5.949000835418701,4.996000289916992,-34.035003662109375,53.916481018066406,6,left,26.816922613722607,96.54092140940139
1635.5794216487982,-214.78041076660156,-503.74639892578125,20.958389282226562,-213.61433297963555,-503.7824258383456,-1.1666341944604857,1.5399103461553572,0.02124394026497073,47.07224683967439,-0.48909258624032503,10.945001125335693,-4.950000762939453,5.99500036239624,-31.701040267944336,57.55000305175781,6,left,25.421830564662528,91.5185900327851
1640.5705462788894,-214.91111755371094,-498.7570343017578,20.936447143554688,-213.66161899004007,-498.65422508176306,-1.2537210201362563,1.652891779023994,0.022577497174446293,44.29188905543622,-0.38902928833324246,11.243998527526855,-4.249998092651367,6.994000434875488,-29.55632209777832,59.54531478881836,6,left,24.659624395511198,88.77464782384031
1645.4612166359332,-215.58091735839844,-493.9124755859375,20.919845581054688,-214.25268403175335,-493.65395444822866,-1.3531581388193357,1.7630282730672402,0.02336089860738008,42.806572504196566,-0.2859712738862541,11.642998218536377,-3.6499977111816406,7.993000507354736,-27.790081024169922,63.93500518798828,6,left,24.24262163932752,87.27343790157907
1650.2488687701903,-216.76841735839844,-489.2744445800781,20.908660888671875,-215.37217480467842,-488.8302386443278,-1.465200389767369,1.878814599963942,0.024886341262855327,40.18268452713749,-0.2017094417837484,12.291998624801636,-3.2999980449676514,8.992000579833984,-26.591562271118164,68.32469177246094,6,left,23.487880545193388,84.5563699626962
1654.939803047269,-218.4579620361328,-484.8983459472656,20.900665283203125,-217.01202252827588,-484.2387310604687,-1.589286902754095,1.998781193471711,0.02630630351822838,38.01370265902512,-0.1341919668710112,12.99099850654602,-2.9999983310699463,9.991000175476074,-26.150001525878906,70.32000732421875,6,left,22.84517253280395,82.24262111809422
1659.5310609372996,-220.62110900878906,-480.8486022949219,20.896133422851562,-219.15303352582103,-479.9443633471361,-1.7242081366193955,2.1228503556271154,0.0274892658618964,36.377835807762565,-0.07938662246376182,13.839998245239258,-2.8499984741210938,10.989999771118164,-29.429323196411133,65.72975158691406,6,left,22.34821211940393,80.45356362985414
1664.0208853548756,-223.21421813964844,-477.1833190917969,20.893417358398438,-221.75851913943276,-476.01210190889793,-1.8683707524864384,2.248319916813271,0.028136024571443263,35.54162378060164,-0.047937246823304136,14.73899793624878,-2.7499985694885254,11.988999366760254,-29.76000213623047,61.240928649902344,6,left,22.089861266817678,79.52350056054364
1668.4374256468932,-226.19532775878906,-473.92466735839844,20.891845703125,-224.79173055602695,-472.471884607785,-2.0200650554082618,2.373412328204597,0.028068159761246436,35.62755836172398,-0.0026416472783452605,14.648017644882202,-2.699998617172241,11.948019027709961,-31.082965850830078,56.82538986206055,6,left,22.11655021225509,79.61958076411833
1672.8368524909656,-229.54371643066406,-471.07102966308594,20.893173217773438,-228.23309163379568,-469.3319317967791,-2.177659006079526,2.4957766175287466,0.027104624309694847,36.894073445700464,0.03408932284911792,13.649018049240112,-2.699998617172241,10.949019432067871,-34.39037322998047,52.426963806152344,6,left,22.506225172133814,81.02241061968174
1677.2518086447226,-233.22300720214844,-468.6308135986328,20.894851684570312,-232.04166364029624,-466.6113060259658,-2.3396545572346668,2.6123008064489492,0.025084270175433798,39.86562068604041,0.0918748334031605,12.700018405914307,-2.7499985694885254,9.950019836425781,-38.69000244140625,48.01300811767578,6,left,23.3950307702525,84.222110772909
1681.7226989545163,-237.2004852294922,-466.58912658691406,20.901397705078125,-236.17220868340675,-464.3053766002732,-2.5045691559051924,2.71852425173443,0.021660708643845672,46.16654129107286,0.18969592277242597,12.050015211105347,-2.899998426437378,9.150016784667969,-42.98963165283203,43.543121337890625,6,left,25.17607509150184,90.63387032940662
1686.2782086258233,-241.43740844726562,-464.9154968261719,20.91204833984375,-240.56156921539034,-462.39254278552136,-2.670653749801109,2.807460570556602,0.016406897262409736,60.9499763426401,0.09055731840574843,11.950013160705566,-3.249998092651367,8.7000150680542,-46.29703903198242,38.988624572753906,6,left,27.222289588064275,98.0002425170314
1690.9613054870606,-245.91123962402344,-463.5312194824219,20.909393310546875,-245.14864543524976,-460.80019241935065,-2.8354997294972475,2.869294886330579,0.01007337077449555,99.27163631580687,-0.19175684929302328,11.85001277923584,-3.249998092651367,8.600014686584473,-47.62000274658203,34.3065299987793,6,left,29.176604168728073,105.03577500742107
1695.8336193400594,-250.62750244140625,-462.30809020996094,20.893203735351562,-249.91809577401048,-459.3976752541526,-2.995625649966715,2.9025072016794957,0.004317342566054705,231.62396420949864,-0.39758622502237273,11.950013399124146,-3.199998140335083,8.750015258789062,-49.9995231628418,29.435243606567383,6,left,31.07971709604619,111.88698154576628
1700.9326113418135,-255.5899658203125,-461.13629150390625,20.86944580078125,-254.8714623332288,-458.073268923307,-3.1461650608657115,2.9111850469890914,-0.0018967169510397675,527.2267954645562,-0.47134455540107645,11.950014591217041,-2.949998378753662,9.000016212463379,-49.10779571533203,25.399898529052734,6,left,32.95388424091872,118.63398326730739
1706.280963164434,-260.78102111816406,-459.84898376464844,20.84393310546875,-259.93524945174846,-456.67908806314915,-3.280787781935175,2.880852975739616,-0.008602997799253026,116.23855118117399,-0.45489013050123983,11.492997646331787,-2.7499985694885254,8.742999076843262,-47.45173263549805,25.399898529052734,7,right,34.399546191793725,123.83836629045742
1711.8644704506064,-266.1290588378906,-458.2447814941406,20.81982421875,-265.0431999563208,-455.0313214380739,-3.391963302074554,2.8157291627132315,-0.012901457495680557,77.51062237230194,-0.4613040826247472,10.593997955322266,-2.8499984741210938,7.743999481201172,-46.56000518798828,25.249900817871094,7,right,32.4332479726328,116.75969270147807
1717.4977620146367,-271.3912811279297,-456.2342529296875,20.792160034179688,-270.0215639801981,-453.0442809090766,-3.4716057606056556,2.7360161212904863,-0.014934028374795183,66.9611691436012,-0.6164596470020989,10.044997453689575,-3.2999980449676514,6.744999408721924,-46.45863342285156,24.84990692138672,7,right,30.32046584627181,109.15367704657851
1723.0610159666082,-276.40394592285156,-453.82151794433594,20.7509765625,-274.7419152691102,-450.7276489078687,-3.5120323900537502,2.6486287259475128,-0.016177288459565176,61.81505649104799,-0.9461198164701257,10.044997215270996,-4.29899787902832,5.745999336242676,-46.19720458984375,24.149917602539062,7,right,29.13207979587297,104.8754872651427
1728.5398131739046,-281.10743713378906,-451.0125274658203,20.688034057617188,-279.1733915726101,-448.0869641774751,-3.5070575682228355,2.557464347911547,-0.01688893283268411,59.210372254235125,-1.5365956023948968,10.044997215270996,-5.297997951507568,4.746999263763428,-45.83974075317383,23.149932861328125,7,right,28.5117091015918,102.64215276573049
1733.9686729168266,-285.4945373535156,-447.8164367675781,20.583755493164062,-283.33097815320184,-445.1253468593685,-3.452962975088198,2.46443484014257,-0.017935116173739246,55.756538754078925,-1.9834675675290958,10.044997453689575,-6.296998023986816,3.747999429702759,-45.45026779174805,23.056716918945312,7,right,27.667649070381156,99.60353665337216
1739.382488003087,-289.5376892089844,-444.2178192138672,20.472991943359375,-287.1857615830702,-441.83354646722125,-3.3490774980488167,2.3630237236166027,-0.019362809066263253,51.645399000620614,-1.790283097146883,10.044997453689575,-7.2959980964660645,2.7489993572235107,-45.092803955078125,28.468399047851562,7,right,26.628099687232854,95.86115887403828
1744.7714611331446,-293.1649627685547,-440.23321533203125,20.390228271484375,-290.6874761813425,-438.21127144257673,-3.1978425355102518,2.255293787965033,-0.020570432386059573,48.61346525110928,-1.101131595456084,10.044997572898865,-8.294998168945312,1.7499994039535522,-44.83137512207031,33.855735778808594,7,right,25.834653754341417,93.0047535156291
1750.1165315210524,-296.30323791503906,-435.9065856933594,20.354415893554688,-293.77625715074817,-434.2816098656213,-3.00435986922826,2.14227049395166,-0.02086781168609303,47.92069312502142,-0.2435281226399022,10.543997645378113,-9.293997764587402,1.2499998807907104,-44.730003356933594,39.19968795776367,7,right,25.64991328110658,92.3396878119837
1755.4468798658693,-298.92930603027344,-431.2680206298828,20.364105224609375,-296.444343714705,-430.0315315725118,-2.7755977552220474,2.0325130000679996,-0.02053747574148096,48.69147565103295,0.445398326130797,10.494996905326843,-9.044997215270996,1.4499996900558472,-43.633209228515625,40.249671936035156,7,right,25.855373978546183,93.07934632276626
1760.7822198743954,-301.03724670410156,-426.3668975830078,20.401947021484375,-298.67257786476324,-425.4972128182769,-2.5195258104934486,1.9232247132745695,-0.020388336559887477,49.047650212299565,0.9859500677843247,10.395996570587158,-8.045997619628906,2.349998950958252,-40.80463790893555,40.99966049194336,7,right,25.949766753021624,93.41916031087784
1766.129565499809,-302.60443115234375,-421.2548065185547,20.469497680664062,-300.42642362848295,-420.71276132719265,-2.244444199233489,1.8147131058961319,-0.019755735843289518,50.61821072788198,1.497345365839342,10.395996570587158,-7.046997547149658,3.3489990234375,-36.9370002746582,41.549652099609375,7,right,26.36196325633615,94.90306772281014
1771.525996062117,-303.6253356933594,-415.95664978027344,20.56304931640625,-301.6858906985328,-415.6828843154009,-1.958671595167198,1.7110264558646278,-0.018063610850058004,55.35991714507008,1.7865468473528656,10.395996570587158,-6.04799747467041,4.347999095916748,-32.72300338745117,42.09964370727539,7,right,27.569067159753192,99.2486417751115
1777.0033278318924,-304.13890075683594,-410.50437927246094,20.663848876953125,-302.4701982920613,-410.42474701634484,-1.6706014522198613,1.6184812145535288,-0.016447785284806865,60.79845904382757,1.6797965980195118,10.395996570587158,-5.048997402191162,5.346999168395996,-28.855365753173828,42.7496337890625,7,right,28.891536680055843,104.00953204820104
1782.5823131521677,-304.14659118652344,-404.92604064941406,20.748443603515625,-302.75880463435794,-404.9837083332935,-1.3889841885836427,1.5292665062862973,-0.01605672233666411,62.27921110129608,1.3242713339772783,10.395996570587158,-4.049997329711914,6.345999240875244,-26.02679443359375,43.24962615966797,7,right,29.241248190956814,105.26849348744453
1788.2676619112679,-303.650146484375,-399.2627716064453,20.812606811523438,-302.5369107767782,-399.41193495801065,-1.1231845111640064,1.4375988601749157,-0.01583369983105548,63.156432840708945,0.9938744771377461,10.644997358322144,-3.2999980449676514,7.344999313354492,-24.930002212524414,43.649620056152344,7,right,29.446464048579305,106.0072705748855
1794.0581465513164,-302.61793518066406,-393.56524658203125,20.862213134765625,-301.75664632243223,-393.7607192771169,-0.8831919790387239,1.3476231023747978,-0.01490105823526483,67.10932768743906,0.8301238026736435,11.293997287750244,-2.949998378753662,8.343998908996582,-25.79145622253418,43.84961700439453,7,right,30.353990902555694,109.2743672492005
1799.9539689855833,-301.06715393066406,-387.8772277832031,20.909561157226562,-300.4197659406249,-388.0826072644064,-0.6791847620097649,1.2635960442887062,-0.013571217557401788,73.6853562158538,0.7887190000769317,11.14399766921997,-2.949998378753662,8.193999290466309,-28.10015296936035,43.89961624145508,7,right,31.80643170724883,114.5031541460958
1805.9561552374914,-299.0237731933594,-382.2337646484375,20.956024169921875,-298.5411405560919,-382.42905577222916,-0.5206466033573819,1.1862987581611382,-0.01364634196038865,73.27971136167541,0.6801627340998095,10.494997262954712,-3.2999980449676514,7.1949992179870605,-31.442594528198242,46.94956970214844,7,right,31.718762176272953,114.18754383458264
1812.0018999831498,-296.5133361816406,-376.73399353027344,20.991424560546875,-296.1434808901778,-376.92264865457787,-0.4151911518197228,1.099118695947846,-0.014743759397001274,67.82530649566823,0.34677912890206386,10.245996475219727,-4.049997329711914,6.1959991455078125,-35.4052848815918,46.94956970214844,7,right,30.515482279066845,109.85573620464065
1818.070528859641,-293.5099182128906,-371.460693359375,20.9979248046875,-293.1992665855155,-371.65681076899295,-0.36737783268190544,1.0076725054900577,-0.015176969857093991,65.88930527081345,-0.17051306149040713,10.245996475219727,-5.048997402191162,5.1969990730285645,-39.57472229003906,42.89963150024414,7,right,30.076813291099036,108.27652784795653
1824.169988047314,-290.0090789794922,-366.4660186767578,20.970504760742188,-289.7097535053421,-366.69658527631054,-0.3778315713442865,0.9144372956305745,-0.015478030906415544,64.60770146062356,-0.5593886565894435,10.245996475219727,-6.04799747467041,4.197999000549316,-43.537410736083984,42.199642181396484,7,right,29.78286691607028,107.218320897853
1830.3063644842105,-286.036376953125,-361.78936767578125,20.929397583007812,-285.71306535977806,-362.09209188643456,-0.44291346119554514,0.8182716284748751,-0.016086052295666273,62.16565640964682,-0.4479539352331807,10.245996713638306,-7.046997547149658,3.1989991664886475,-46.879852294921875,41.249656677246094,7,right,29.21457800827402,105.17248082978648
1836.4937292234997,-281.5690002441406,-357.5084991455078,20.91552734375,-281.20465201010495,-357.9271520746171,-0.5549954150231579,0.7161544910415147,-0.016052683428240733,62.29488075749048,8.396288200263058e-05,10.245996713638306,-8.045997619628906,2.1999990940093994,-49.18854904174805,40.099674224853516,7,right,29.244926557141863,105.28173560571071
1842.7228561169381,-276.6742248535156,-353.6558380126953,20.929595947265625,-276.2661868683165,-354.2286133152352,-0.7032542531439429,0.6189914539065463,-0.015502724354690349,64.50479135929744,0.3556352761403758,10.244997143745422,-9.044997215270996,1.1999999284744263,-50.05000305175781,38.39970016479492,7,right,29.75913770688116,107.13289574477217
1848.9751940925362,-271.41038513183594,-350.28199768066406,20.959976196289062,-270.9737003625248,-351.0399964628392,-0.874788969710621,0.5226622211074016,-0.014891985035358601,67.15021520809096,0.6977486726349458,10.093998074531555,-9.343997955322266,0.7500001192092896,-54.820003509521484,36.099735260009766,7,right,30.363236341974403,109.30765083110785
1855.258667802438,-265.83201599121094,-347.3905334472656,21.017196655273438,-265.38963046068926,-348.3492049840134,-1.0558200949902943,0.43234047909645223,-0.013824468694941264,72.33551046818359,1.1723334234861937,9.294998526573181,-8.344998359680176,0.9500001668930054,-52.86148452758789,32.79978561401367,7,right,31.5137533027397,113.44951188986293
1861.602171090217,-259.9617614746094,-344.9880676269531,21.108322143554688,-259.5411556651811,-346.1469113338349,-1.2328130368812462,0.3481673236504805,-0.012956565113236479,77.1809496776577,1.7520182383114147,9.145997643470764,-7.345998287200928,1.7999993562698364,-47.965187072753906,28.099857330322266,7,right,32.55213025623611,117.18766892245
1868.017758085405,-253.84951782226562,-343.0431823730469,21.241195678710938,-253.48177869746434,-344.3872177557708,-1.3934357444545147,0.2670718215726333,-0.012449724744191247,80.3230609951097,2.409027436688249,9.145997524261475,-6.34699821472168,2.798999309539795,-41.60000228881836,30.358274459838867,7,right,33.20813461413889,119.54928461090002
1874.503200993601,-247.5311279296875,-341.5915985107422,21.419586181640625,-247.24631208483478,-343.0921193612647,-1.5273123087082983,0.18757983522276622,-0.01157490049575154,86.39383123570184,2.5381705587572023,9.145997524261475,-5.347998142242432,3.797999382019043,-35.23481750488281,36.84026336669922,7,right,34.44020457434354,123.98473646763675
1881.0529909820655,-241.0584259033203,-340.6012878417969,21.57177734375,-240.86971809008588,-342.2168619722645,-1.6265578409057353,0.11627851381305739,-0.011066480811381367,90.3629633525001,1.8849088068533693,9.145997524261475,-4.348998069763184,4.796999454498291,-30.338520050048828,43.38728332519531,7,right,35.222452163146066,126.80082778732584
1887.6669199544388,-234.46517944335938,-340.08741760253906,21.667144775390625,-234.39458809180448,-341.77197292907874,-1.6860337443502158,0.04188053292142891,-0.010844410305260998,92.21340504931517,1.0804801638951256,9.145997524261475,-3.3499979972839355,5.795999526977539,-28.380001068115234,49.9995231628418,7,right,35.58126507134918,128.09255425685706
1894.3468315948162,-227.78555297851562,-340.04835510253906,21.714935302734375,-227.83295350940128,-341.7510263788453,-1.7033309383342623,-0.027831732414681027,-0.010041603028480783,99.58569335630192,0.4664622606788571,9.194998502731323,-2.399998903274536,6.794999599456787,-28.306867599487305,49.9995231628418,7,right,36.97624718185459,133.11448985467652
1901.1188336683892,-221.0266876220703,-340.46971130371094,21.72943115234375,-221.18277188958692,-342.1409345424753,-1.6784961758527448,-0.09312508383432766,-0.00863830112963956,115.76350314633287,0.09082190987690364,9.643998980522156,-1.8499993085861206,7.793999671936035,-28.106342315673828,49.9995231628418,7,right,39.07209266954026,140.65953361034494
1908.0368976969357,-214.1592254638672,-341.30491638183594,21.727005004882812,-214.39364489776017,-342.9013848908824,-1.6135873609333418,-0.1457943794217439,-0.0068506687665271584,145.9711502745643,-0.07335704364144213,10.542998671531677,-1.7499994039535522,8.792999267578125,-27.806732177734375,43.08245849609375,7,right,41.10294033071662,147.97058519057984
1915.155237099847,-207.1416473388672,-342.49835205078125,21.718978881835938,-207.4257149039487,-343.98362577114716,-1.5121945661656728,-0.1889739403226069,-0.005318309334812966,188.02967955514157,-0.2647065384618674,11.442998051643372,-1.9999991655349731,9.442998886108398,-27.436349868774414,35.96512222290039,7,right,43.09279122177855,155.13404839840277
1922.4845685468279,-199.9683380126953,-344.0022735595703,21.6881103515625,-200.27240016924128,-345.34739770555205,-1.3790622767469805,-0.22231138979625167,-0.004394706154982452,227.54649906826205,-0.8315156049173211,10.943998098373413,-2.4999988079071045,8.443999290466309,-27.023502349853516,28.636856079101562,7,right,45.04987799147383,162.1795607693058
1930.0237837273971,-192.64291381835938,-345.7824401855469,21.593597412109375,-192.94974258540387,-346.9631166060821,-1.2198937258195741,-0.2542513525575853,-0.00427819273527299,233.74355992780917,-1.6241181592971499,10.744997262954712,-3.2999980449676514,7.4449992179870605,-26.596500396728516,21.099233627319336,7,right,46.97801798679835,169.12086475247406
1937.7716351318554,-185.18075561523438,-347.8612060546875,21.438262939453125,-185.47626369289685,-348.85973861224164,-1.0413415829877273,-0.28773004059739465,-0.0036654476433734193,272.8179740359545,-2.309893958162079,10.744997024536133,-4.29899787902832,6.4459991455078125,-26.183652877807617,20.83500862121582,7,right,48.880336483183335,175.96921133946
1945.725548263788,-177.58705139160156,-350.218505859375,21.229629516601562,-177.84792887357358,-351.02864144015564,-0.8511032368913102,-0.31153157520151253,-0.0014834158689278898,674.1197940148306,-2.9017924044210996,10.744997024536133,-5.297997951507568,5.4469990730285645,-25.813270568847656,20.138416290283203,7,right,50.759139827481924,182.73290337893494
1953.8831739142988,-169.83126831054688,-352.73387145996094,20.969589233398438,-170.03261457830425,-353.36026231399757,-0.6579557899742052,-0.31100746929461626,0.001740304638047592,574.6120409825933,-3.3762215035124443,10.744997024536133,-6.296998023986816,4.447999000549316,-25.513660430908203,19.15357780456543,7,right,52.61642164791578,189.41911793249682
1962.2353889652265,-161.85110473632812,-355.1808319091797,20.671478271484375,-161.98240719549602,-355.6337989238868,-0.47161366837296215,-0.282139357182889,0.003794807812782507,263.5179564645092,-3.716851521122444,10.744997024536133,-7.2959980964660645,3.4489989280700684,-25.313135147094727,18.024616241455078,7,right,54.45241249367463,196.02868497722866
1970.7723219191007,-153.6178741455078,-357.41334533691406,20.341293334960938,-153.69172186374956,-357.7064786236827,-0.30229225809024607,-0.24678997441398598,0.004213908787435765,237.309360606383,-4.006841436728292,10.744997024536133,-8.294998168945312,2.4499988555908203,-25.240001678466797,16.89565658569336,8,left,55.076850947689785,198.27666341168322
1979.485875918423,-145.13796997070312,-359.38478088378906,19.979782104492188,-145.17122386205747,-359.5412421740088,-0.15995610844053096,-0.20942127177493425,0.004534001709906078,220.5557174394438,-4.286512041383439,10.943997263908386,-9.293997764587402,1.6499994993209839,-24.04991912841797,15.910818099975586,8,left,53.18249384833459,191.45697785400452
1988.3664490946123,-136.42352294921875,-361.04864501953125,19.586654663085938,-136.43238711373365,-361.10125022180125,-0.05334679670246127,-0.16693540302453005,0.005123095726477267,195.1944787663802,-4.575455202448819,11.342996954917908,-10.192996978759766,1.149999976158142,-21.79995346069336,15.214225769042969,8,left,51.179730722975506,184.24703060271182
1997.4003692945419,-127.49142456054688,-362.3320007324219,19.159652709960938,-127.490133465415,-362.32106694275154,0.011009754002478264,-0.1175387528013303,0.00570451886302107,175.2996219334802,-4.895212032326457,10.293997406959534,-9.193997383117676,1.100000023841858,-19.199993133544922,14.950000762939453,8,left,49.058565535567276,176.6108359280422
2006.5424664745342,-118.39866638183594,-363.15977478027344,18.696533203125,-118.3967969955684,-363.13023455927384,0.029599311845404708,-0.06319847096769858,0.006123369742598263,163.30877311610467,-5.256565776753908,9.694997429847717,-8.194997787475586,1.4999996423721313,-16.150039672851562,15.657200813293457,8,left,47.35099546821235,170.4635836855645
2015.6653453745955,-109.29483032226562,-363.47625732421875,18.199615478515625,-109.29481719796284,-363.4739558249072,0.0023015367319511593,-0.0057024394766827975,0.006394131972755764,156.39339385874715,-5.659580900764993,9.645997047424316,-7.195998191833496,2.4499988555908203,-13.950035095214844,17.34360122680664,8,left,46.33760229272589,166.8153682538132
2024.7797821899712,-100.1986083984375,-363.2635040283203,17.664413452148438,-100.19499236975714,-363.3311405890361,-0.0677331529524288,0.05341178444316851,0.006606598264459421,151.3638274903982,-6.0478580262877895,9.645997047424316,-6.196998119354248,3.4489989280700684,-12.600029945373535,19.356401443481445,8,left,45.586411466600424,164.11108127976152
2033.8947954402704,-91.1329345703125,-362.5050811767578,17.097122192382812,-91.11294257997903,-362.67856486405935,-0.17463181106899725,0.11473235298241634,0.0071771752751179346,139.33058085774115,-6.258097470419177,9.645997047424316,-5.197998046875,4.447999000549316,-10.750022888183594,21.042802810668945,8,left,43.73685787840724,157.4526883622661
2043.025501499885,-82.12124633789062,-361.1526184082031,16.522567749023438,-82.06429934246592,-361.4579694798402,-0.31061589984704185,0.18437863779093,0.007675861205048385,130.278541167772,-6.1854836777593185,9.645997047424316,-4.198997974395752,5.4469990730285645,-8.950016021728516,21.750001907348633,8,left,42.29225080366501,152.25210289319406
2052.1849245832864,-73.1981201171875,-359.1619110107422,15.965850830078125,-73.08030884849026,-359.61362217236444,-0.46682166677028436,0.25512761616074037,0.007868125535239653,127.09507436316485,-5.8080162695387845,9.645997285842896,-3.199998140335083,6.4459991455078125,-7.550010681152344,25.418806076049805,8,left,41.77233145761609,150.38039324741794
2061.3867097791417,-64.3988037109375,-356.51893615722656,15.456375122070312,-64.19406409905037,-357.1189045362062,-0.6339403477072022,0.32885915388977144,0.008092440367593217,123.57211849278183,-5.294611338543964,9.64499831199646,-2.1999990940093994,7.4449992179870605,-6.500006675720215,34.60547637939453,8,left,41.18931805874108,148.2815450114679
2070.595436844236,-55.812713623046875,-353.2229919433594,14.991119384765625,-55.49712458486848,-353.9609496807468,-0.8026070415765962,0.40411469568740005,0.008185333447823254,122.16973277563085,-4.655695953016115,9.993998885154724,-1.5499995946884155,8.443999290466309,-5.850004196166992,43.80144119262695,8,left,40.95492807823982,147.43774108166335
2079.8138271809876,-47.48640441894531,-349.2863464355469,14.598541259765625,-47.0416970047103,-350.1411933028744,-0.9636015000275284,0.4796915083001878,0.008234520257397258,121.43998299131962,-3.9020719362772516,10.241000056266785,-1.2499998807907104,8.991000175476074,-5.5500030517578125,52.240882873535156,8,left,40.832427957232156,146.99674064603576
2089.050080560994,-39.46723937988281,-344.71533203125,14.271133422851562,-38.88236685168013,-345.6563925454333,-1.1080030530648566,0.5560811219486124,0.007992634113455865,125.11519804421759,-3.295437800505163,9.29199993610382,-1.2999998331069946,7.992000102996826,-5.600003242492676,55.78000259399414,8,left,41.44569144869532,149.20448921530317
2098.2824941016547,-31.811553955078125,-339.5627746582031,13.989898681640625,-31.09106962525934,-340.55654876633776,-1.2274708336711067,0.6273069400185101,0.007609686043015925,131.4114661691973,-2.977286650198696,8.74299943447113,-1.7499994039535522,6.993000030517578,-6.050004959106445,55.00208282470703,8,left,42.4757431552577,152.91267535892774
2107.524327718451,-24.525924682617188,-333.8830871582031,13.721115112304688,-23.68233276995103,-334.89144610203425,-1.3146996138738118,0.6966623621534259,0.00745645068622517,134.11206512065732,-2.8711906199947346,8.593998670578003,-2.599998712539673,5.99399995803833,-6.900008201599121,53.14704132080078,8,left,42.909976890948,154.4759168074128
2116.7874161062628,-17.634735107421875,-327.6986389160156,13.458602905273438,-16.689815269388475,-328.68235311690086,-1.3640260735529546,0.7652859331187196,0.007164317046745056,139.58064578595489,-2.7913978588124944,8.593998670578003,-3.598998785018921,4.994999885559082,-8.200013160705566,50.93296432495117,8,left,43.77608886133579,157.59391990080886
2126.1090126023523,-11.130813598632812,-321.02589416503906,13.202392578125,-10.118554269654723,-321.95206527929867,-1.3720283823565849,0.8297802988618849,0.006566668386067141,152.28422408564967,-2.7754934977165635,8.593998670578003,-4.59799861907959,3.996000051498413,-10.000020027160645,49.07792282104492,8,left,45.724799841894885,164.6092794308216
2135.526602464988,-4.9889984130859375,-313.8915100097656,12.938446044921875,-3.9507879097947005,-314.73541421652607,-1.3379295046198099,0.8882720009174454,0.005848296960436088,170.98994917067847,-2.8893569041864353,8.593998670578003,-5.596998691558838,2.996999979019165,-12.150028228759766,48.30000305175781,8,left,48.08751749554923,173.11506298397723
2145.066354604303,0.8262939453125,-306.33448791503906,12.654434204101562,1.8471903139050603,-307.0792091810804,-1.2636610144732956,0.9405592972219213,0.0053017538028447345,188.61683080482447,-3.085713262892553,8.593998789787292,-6.595998764038086,1.9980000257492065,-14.750038146972656,45.97344207763672,8,left,50.368011313189434,181.32484072748196
2154.736058450314,6.324737548828125,-298.38623046875,12.345413208007812,7.289182265660118,-299.0191073941852,-1.1535539929164416,0.9900689055710337,0.005019712717212181,199.21458783310098,-3.3113174719325955,8.593998849391937,-7.594998836517334,0.9990000128746033,-15.900042533874512,40.855003356933594,8,left,52.29798115494394,188.2727321577982
2164.5364159711776,11.506622314453125,-290.0746612548828,12.009414672851562,12.379989103490296,-290.5893535015899,-1.0137443745903028,1.038267009309257,0.00453527101834264,220.49398943427153,-3.3965467570869268,8.593998908996582,-8.593998908996582,0.0,-16.700031280517578,35.73656463623047,8,left,54.45860497184643,196.05097789864715
2174.462500367015,16.36529541015625,-281.4254455566406,11.67547607421875,17.11603222644417,-281.82719164074064,-0.8514726557087974,1.0794368113484447,0.003989107848192695,250.682618283449,-3.545028989020249,10.591998517513275,-9.592998504638672,0.9990000128746033,-17.100025177001953,33.410003662109375,9,straight,56.562881651986814,203.62637394715253
2184.526393873906,20.933258056640625,-272.4658203125,11.300262451171875,21.539709757578468,-272.76089036839426,-0.6744256841608723,1.1179651900135796,0.003457681742027388,289.21111733483514,-3.7515931378253153,12.589998126029968,-10.591998100280762,1.9980000257492065,-17.100025177001953,33.256004333496094,9,straight,58.619305487178124,211.02949975384126
2194.7252359704407,25.242706298828125,-263.2301940917969,10.915237426757812,25.69005994041232,-263.43072061568853,-0.4902409279351312,1.1493981818854209,0.002858487306499534,349.8353824158089,-4.005235318465916,13.990996599197388,-11.590997695922852,2.399998903274536,-16.800029754638672,32.83800506591797,9,straight,60.632190422493174,218.27588552097544
2205.0595476026983,29.329193115234375,-253.74827575683594,10.47723388671875,29.611893884163898,-253.86587112029036,-0.30618359567312203,1.176597984502091,0.0022195343401582718,450.5449552669194,-4.014026172857982,13.69300377368927,-12.094003677368164,1.599000096321106,-16.150039672851562,32.22200393676758,9,straight,62.60583407825362,225.38100268171306
2215.5229739021797,33.2384033203125,-244.05062866210938,10.08099365234375,33.358358210767115,-244.0978937628777,-0.12893085547927624,1.1954523019837653,0.0018829690691671008,531.0761692130891,-3.659206536568471,11.695004165172577,-11.095004081726074,0.6000000834465027,-15.250040054321289,31.474002838134766,9,straight,64.54267769066732,232.35363968640235
2226.1170763736136,37.00958251953125,-234.15753173828125,9.70703125,36.976178836509014,-234.14516681416265,0.035618778585306474,1.2162699729695423,0.0012826976167625223,779.6069681052032,-3.417938072688742,11.6460040807724,-10.096004486083984,1.5499995946884155,-15.1000394821167,30.660003662109375,9,straight,66.44621596061685,239.2063774582207
2236.8329769974034,40.68365478515625,-224.09739685058594,9.3529052734375,40.5120510175069,-224.03511088660852,0.18255792061711765,1.2226194244042918,0.00011252339116701177,8887.041082113848,-3.182315525724605,11.646004438400269,-9.097004890441895,2.548999547958374,-13.700034141540527,29.84600257873535,9,straight,68.31770359087332,245.94373292714397
2247.6697767802184,44.39619445800781,-213.92176818847656,9.021453857421875,44.1069242661159,-213.81544867970808,0.3081900093480624,1.2185784373171562,-0.00047788884997999187,2092.53678976161,-2.9347205570937227,11.646004915237427,-8.098005294799805,3.547999620437622,-12.400029182434082,29.09800148010254,9,straight,70.15955466040793,252.57439677746856
2258.5686040275727,48.186279296875,-203.707763671875,8.715179443359375,47.802176056266845,-203.56380972268175,0.4101926851298224,1.2122191483027993,-0.000699977062708787,1428.6182409037483,-2.6911213023974643,11.646004676818848,-7.099005222320557,4.546999454498291,-11.1500244140625,28.48200225830078,9,straight,71.96441809872023,259.0719051553928
2269.5368068600765,52.077178955078125,-193.45677185058594,8.433151245117188,51.62209610957828,-193.2815483999357,0.48765116007860954,1.2032558028096265,-0.0011252104792438544,888.7226154096998,-2.4837804608336453,11.646004676818848,-6.100005149841309,5.545999526977539,-9.950019836425781,28.064001083374023,9,straight,73.73618281023982,265.4502581168634
2280.6085276260646,56.13264465332031,-183.15794372558594,8.167938232421875,55.630994524402155,-182.9555740807327,0.540930979887108,1.1873555276324876,-0.0018362505096373924,544.588004061315,-2.216155522868135,11.79500150680542,-5.250001907348633,6.544999599456787,-8.850015640258789,27.910001754760742,9,straight,73.02810136992063,262.9011649317143
2291.7824525411706,60.43702697753906,-172.84886169433594,7.940521240234375,59.91262267733245,-172.62189170116298,0.5714151274477396,1.1623250562637653,-0.002394159918258601,417.68304296371014,-1.6995042047502185,12.143999099731445,-4.59999942779541,7.543999671936035,-8.000012397766113,28.04680061340332,9,straight,71.20473677958837,256.3370524065181
2303.0505234444463,65.06309509277344,-162.57533264160156,7.78717041015625,64.53658060455261,-162.32925870764643,0.581179737498297,1.1335966662826873,-0.0025586287050041803,390.83435515446007,-1.0710724922807113,11.9500093460083,-4.249998092651367,7.700011253356934,-7.450010299682617,28.440099716186523,9,straight,69.31745576544054,249.54284075558596
2314.406022560071,70.02003479003906,-152.3592529296875,7.6987152099609375,69.50849220334155,-152.1017460631823,0.5727002744040834,1.1044381451029663,-0.0026406308210823737,378.6973900388347,-0.5449452648857156,11.900009155273438,-4.199997901916504,7.700011253356934,-8.10001277923584,29.064247131347656,9,straight,67.36205980244686,242.50341528880872
2325.8447248282187,75.32273864746094,-142.22396850585938,7.6633453369140625,74.84057248726295,-141.96218359227055,0.5486488376209171,1.0733934297544072,-0.002644137223307641,378.19519773223647,-0.1324886146493176,11.9500093460083,-4.549999237060547,7.400010108947754,-8.200013160705566,29.893592834472656,9,straight,65.33319418024344,235.1994990488764
2337.313701894514,80.94802856445312,-132.2292938232422,7.6684722900390625,80.50567037245405,-131.97193258055702,0.5117768842622137,1.043871333646292,-0.002332347700874038,428.7525396085901,0.15512623915143742,12.000009536743164,-5.250001907348633,6.750007629394531,-8.750015258789062,30.902488708496094,9,straight,63.23363722197348,227.64109399910453
2348.6607327645197,86.77250671386719,-122.49124145507812,7.6984710693359375,86.37635792037709,-122.24799173022159,0.4648701918024476,1.0201199221976853,-0.002081991760251027,480.30929761193164,0.2896874428487517,12.096999645233154,-6.249001979827881,5.847997665405273,-9.550018310546875,32.065284729003906,9,straight,61.085428799714016,219.90754367897046
2359.6146097611872,92.6068115234375,-113.22047424316406,7.732879638671875,92.26177522947395,-112.99767574500744,0.410717926237636,0.9974323799565767,-0.00245413331193977,407.4758266532761,0.30304566600867777,12.096999645233154,-7.248002052307129,4.848997592926025,-10.55002212524414,33.356327056884766,9,straight,58.93742105662958,212.1747158038665
2370.0914429027484,98.41703796386719,-104.50242614746094,7.763519287109375,98.12705323189891,-104.3027944233277,0.3520567710684209,0.9678835098232912,-0.0029435299316221478,339.728157426587,0.22931317255135975,12.096999168395996,-8.247001647949219,3.8499975204467773,-11.850027084350586,34.74997329711914,9,straight,56.807017832834575,204.5052641982045
2380.121278484987,104.23139953613281,-96.32987976074219,7.78045654296875,103.99650103231451,-96.15730661985074,0.2914769219907758,0.9371781152501303,-0.0029789412796532716,335.6897320635985,0.09510620474548204,12.245999574661255,-9.246001243591309,2.9999983310699463,-13.400032997131348,36.22056579589844,9,straight,54.68981135449122,196.8833208761684
2389.6937168086247,110.00508117675781,-88.69468688964844,7.7828216552734375,109.82255021314758,-88.55261949808708,0.23130217556592092,0.9094157691462912,-0.003077533030846444,324.93558638587876,0.05105047605760138,12.494999885559082,-10.245000839233398,2.2499990463256836,-16.100040435791016,37.74245834350586,9,straight,52.58972276502547,189.3230019540917
2398.766488166941,115.67942810058594,-81.6153564453125,7.7897186279296875,115.54573097963558,-81.50482539425491,0.1734705548452242,0.8799694196742428,-0.0033841336468959163,295.4966039586664,0.04666287228154431,12.943999886512756,-11.244000434875488,1.699999451637268,-16.600032806396484,39.290000915527344,9,straight,50.518734710241475,181.86744495686932
2407.394630666345,121.2769775390625,-75.04936218261719,7.7913360595703125,121.18727137398554,-74.97049907414775,0.11944281447737794,0.8496337071431629,-0.003275219762519578,305.3230233414062,0.04001853676395828,12.950026392936707,-11.700026512145996,1.2499998807907104,-17.00002670288086,40.837547302246094,9,straight,48.46721510447536,174.48197437611128
2415.5812984331833,126.75971984863281,-68.96980285644531,7.7962646484375,126.70820011689521,-68.92218061534909,0.07015811147216212,0.8246901463692277,-0.003359656730926204,297.64945650394344,0.03868550010052152,12.950027585029602,-11.950027465820312,1.0000001192092896,-21.362775802612305,42.35943603515625,9,straight,46.43694493493185,167.17300176575466
2423.351634289197,132.1131134033203,-63.33781433105469,7.7976837158203125,132.09449782320723,-63.31959945733366,0.026044604961856347,0.7962774912640738,-0.0037309421057840214,268.0288172924784,0.02205943629177698,12.950028359889984,-12.150028228759766,0.8000001311302185,-29.132112503051758,43.83003234863281,9,straight,44.42417743747413,159.92703877490686
2430.724714423135,137.3466796875,-58.14434814453125,7.7995758056640625,137.35565475004344,-58.15363644782784,-0.012916049155531793,0.7682485291944506,-0.0034087854389122513,293.3596197005293,0.02519570834395024,12.950028896331787,-12.300028800964355,0.6500000953674316,-36.50419235229492,45.22367477416992,9,straight,42.42611250028722,152.73400500103398
2437.689922968662,142.40980529785156,-53.36116027832031,7.801300048828125,142.44180562917956,-53.39571133030746,-0.047093485733379674,0.7470898269182479,-0.0025421687923596614,393.3649107035855,0.01656112560960432,12.900028884410858,-12.300028800964355,0.6000000834465027,-43.46840286254883,46.51472091674805,9,straight,40.44801790159624,145.61286444574645
2444.222041067469,147.2303924560547,-48.953155517578125,7.8018798828125,147.28199909151098,-49.0104149864792,-0.07708366624618353,0.7335201123689559,-0.0016503443994874134,605.9341312701723,0.012356496216259227,12.950028717517853,-12.250028610229492,0.7000001072883606,-43.33556365966797,47.677513122558594,9,straight,38.500681576811715,138.60245367652217
2450.3714516830078,151.8190155029297,-44.859283447265625,7.8028411865234375,151.887773614032,-44.93676085427581,-0.10358777166914944,0.7258436500797444,0.0004436311837030804,2254.124679993852,0.01607510103606158,12.49199652671814,-11.641996383666992,0.8500001430511475,-42.95748519897461,48.68640899658203,9,straight,36.57280683251088,131.66210459703916
2456.199437728922,156.16033935546875,-40.97105407714844,7.803802490234375,156.24597369991912,-41.065259549047354,-0.12731029763983776,0.7377744123939531,0.004780846197089628,209.16799218698077,0.052938364101517976,11.842996716499329,-10.642996788024902,1.1999999284744263,-42.36481857299805,49.5157585144043,10,left,34.646831790958295,124.72859444744986
2461.739676998682,160.1897735595703,-37.168701171875,7.80865478515625,160.29434054420986,-37.27468712867135,-0.1488867936206668,0.7786590000042669,0.009574164996914505,104.4477508296831,0.05127551393440122,11.393996596336365,-9.643997192382812,1.7499994039535522,-41.588218688964844,50.1399040222168,10,left,32.710978330026364,117.75952198809492
2467.07768700164,163.87448120117188,-33.30641174316406,7.8095245361328125,164.0003253610934,-33.41897369888459,-0.16884000255266557,0.8410531433858404,0.013663730386445028,73.1864558006824,0.026584044366073645,11.244996309280396,-8.644997596740723,2.599998712539673,-40.658348083496094,50.533203125,10,left,30.730651040911,110.6303437472796
2472.2528898822493,167.16845703125,-29.314865112304688,7.8114166259765625,167.31787757499876,-29.428248144214272,-0.18756921607551347,0.9216754001606061,0.01669075894754235,59.913392982483046,0.0635243498330329,11.244996786117554,-7.645998001098633,3.598998785018921,-39.60585403442383,50.67000198364258,10,left,28.680473242405437,103.24970367265958
2477.3380782393624,170.05482482910156,-25.128219604492188,7.8159942626953125,170.2289560298931,-25.237073069571593,-0.2053551848600359,1.0121083751140063,0.018018256174576905,55.49926642795562,0.06815530040846784,11.244996547698975,-6.646997928619385,4.59799861907959,-38.461395263671875,49.9995231628418,10,left,27.60374310781049,99.37347518811777
2482.3448520845272,172.5096893310547,-20.764572143554688,7.818328857421875,172.70821311027805,-20.864746507595687,-0.22236590145106494,1.1034784438549974,0.019008531920980315,52.60795542533553,-0.019008137633613753,11.244996547698975,-5.647997856140137,5.596998691558838,-37.2556266784668,49.9995231628418,10,left,26.875098669597723,96.7503552105518
2487.231153341878,174.5066375732422,-16.304962158203125,7.81427001953125,174.72907476254977,-16.391446192644672,-0.23865831517116504,1.1999804742522422,0.020949264027405268,47.73437380386379,-0.07534780208537928,11.244996547698975,-4.648997783660889,6.595998764038086,-36.019203186035156,45.11422348022461,10,left,25.600000304865723,92.16000109751661
2491.976108778972,175.9917755126953,-11.798416137695312,7.8110504150390625,176.2370081368996,-11.865200906525688,-0.2541638159177019,1.3049119268339968,0.023732087022939274,42.13704420658018,-0.06289194918522867,11.244996547698975,-3.6499977111816406,7.594998836517334,-34.78277587890625,40.370269775390625,10,left,24.052287674893694,86.5882356296173
2496.6019573563112,176.9352569580078,-7.269805908203125,7.8083648681640625,177.20093966963427,-7.309635959353108,-0.2686517005935287,1.4219886725770206,0.025579025835759467,39.09453027730245,-0.05188786870995443,11.343997478485107,-2.7499985694885254,8.593998908996582,-33.57700729370117,35.74542236328125,10,left,23.16766983279655,83.40361139806758
2501.12760550991,177.3441162109375,-2.762664794921875,7.8062896728515625,177.6256436248076,-2.771634900952185,-0.28167028164607866,1.5389448198467823,0.026873890231510073,37.21083889921839,-0.03885112715629191,11.642997741699219,-2.049999237060547,9.592998504638672,-32.43254852294922,31.220775604248047,10,left,22.60263574469641,81.36948868090708
2505.564121642706,177.2076873779297,1.6717529296875,7.80487060546875,177.49892786883512,1.6985813745787055,-0.29247356974285077,1.662654923915311,0.027262971788113738,36.67978706693984,-0.026287275262393273,12.141997694969177,-1.5499995946884155,10.591998100280762,-31.380056381225586,27.649864196777344,10,left,22.440770204607677,80.78677273658764
2509.913034127376,176.55377197265625,5.971221923828125,7.8039703369140625,176.84727281194566,6.033096477003909,-0.29995200115066323,1.7785695362691032,0.027535196470670015,36.31715506606904,-0.014945682671096971,12.840997576713562,-1.2499998807907104,11.590997695922852,-30.450183868408203,27.099872589111328,10,left,22.329565159674118,80.38643457482682
2514.178673091815,175.4224090576172,10.084091186523438,7.8035736083984375,175.70878324980768,10.18183492580915,-0.3025954667907621,1.8997128856578618,0.029234631963790725,34.206006124468225,-0.0036783665947837108,12.950026869773865,-1.149999976158142,11.800026893615723,-29.673587799072266,27.39986801147461,10,left,21.670829747490583,78.0149870909661
2518.3554003497784,173.8236083984375,13.942703247070312,7.80364990234375,174.09183053670654,14.073739867854922,-0.2985191977817469,2.025232102474251,0.030650677826639883,32.62570588670163,0.006005382211549115,13.150027632713318,-1.149999976158142,12.000027656555176,-29.080921173095703,28.699848175048828,10,left,21.16431974071814,76.1915510665853
2522.43838907241,171.79884338378906,17.48828125,7.8040618896484375,172.03741075736093,17.645256155549824,-0.28557925818475743,2.1527678095269893,0.030584785653570867,32.695995039064364,-0.20103710698410326,13.45002806186676,-1.2999998331069946,12.150028228759766,-28.70284080505371,32.54978942871094,10,left,21.187105787477833,76.2735808349202
2526.422940806605,169.40692138671875,20.67498779296875,7.787841796875,169.60676634943363,20.8437616763038,-0.2615772024059085,2.272102734594434,0.029477381574327832,33.92431574963601,-1.22956767967346,14.15002954006195,-1.5499995946884155,12.600029945373535,-28.57000160217285,32.54978942871094,10,left,21.581414399075772,77.69309183667278
2530.3195751610942,166.7318115234375,23.507171630859375,7.708587646484375,166.88590979561096,23.67046807789171,-0.22452618355156462,2.3851666203417934,0.029642877909465737,33.73491612569352,-2.7228364815378825,14.750030159950256,-1.8999992609024048,12.850030899047852,-28.617544174194336,33.549774169921875,10,left,21.521085505002887,77.4759078180104
2534.1660136102737,163.78721618652344,25.978469848632812,7.57769775390625,163.89048738024897,26.117166445972842,-0.17292103853261848,2.501567146369889,0.02999541089361074,33.338433120548046,-3.931775104857449,14.84099531173706,-2.349998950958252,12.490996360778809,-28.75423240661621,35.4997444152832,10,left,21.39424416113529,77.01927898008705
2538.0254590996633,160.5696563720703,28.10284423828125,7.4054718017578125,160.62278661828807,28.194509767878245,-0.10594995223905304,2.616300831252812,0.030296435130867716,33.00718370595172,-4.611418076184859,14.341995239257812,-2.8499984741210938,11.491996765136719,-28.971147537231445,39.22245407104492,10,left,21.28769262569243,76.63569345249275
2541.908036811698,157.10435485839844,29.844085693359375,7.220611572265625,157.1136519493378,29.865745896683972,-0.023571175363085277,2.736149226146659,0.03085882960583819,32.405636013195064,-4.7981704526007025,13.942995071411133,-3.449997901916504,10.492997169494629,-29.25937843322754,43.09962844848633,10,left,21.09281921821545,75.93414918557562
2545.8298373547273,153.4182891845703,31.169784545898438,7.030975341796875,153.3976503396834,31.099197318477444,0.0735426311281378,2.8571340669701333,0.030746745076293325,32.523767882377584,-4.858154320576713,13.593995094299316,-4.099997520446777,9.493997573852539,-29.610010147094727,43.09962844848633,10,left,21.13123024400627,76.07242887842258
2549.8195400899076,149.53221130371094,32.05194091796875,6.8362274169921875,149.50246756058024,31.870180064204263,0.184178441237352,2.9793881512601814,0.030576320984183836,32.70504651351837,-4.797377768728017,13.294998168945312,-4.800000190734863,8.49499797821045,-30.01412582397461,39.19968795776367,10,left,21.190038276239918,76.2841377944637
2553.9017893259547,145.47451782226562,32.455535888671875,6.643890380859375,145.46296604797774,32.14894533171639,0.30680810469000036,3.103932287986344,0.028052133865666296,35.647912019410576,-4.560484602631265,13.046000957489014,-5.5500030517578125,7.495997905731201,-30.46281623840332,35.12297058105469,10,left,22.12286678907627,79.64232044067457
2558.101431070921,141.27964782714844,32.37916564941406,6.458892822265625,141.3102036920885,31.940443644433657,0.43978478661302206,-3.072057500480763,0.022725044545199913,44.00431418345556,-4.190584299928613,12.897004127502441,-6.400006294250488,6.496997833251953,-30.947162628173828,30.92840576171875,10,left,24.25415088373683,87.31494318145259
2562.4582722655505,136.9550323486328,31.879287719726562,6.2860107421875,137.04530552589526,31.3049012107976,0.5814371059475483,-2.985703316053776,0.018199076694143723,54.94784250905376,-3.8173641583802653,12.897004127502441,-7.399006366729736,5.497997760772705,-31.458251953125,26.57599639892578,10,left,26.283193778044208,94.61949760095915
2567.0166931937656,132.48606872558594,30.996261596679688,6.1191864013671875,132.65329423972145,30.28563369457049,0.7300386207824927,-2.9104767203100077,0.015258106396597637,65.53893215890716,-3.7281602339457875,12.897004127502441,-8.398006439208984,4.498997688293457,-31.98716926574707,22.44994354248047,10,left,28.250541371872078,101.70194893873948
2571.796373747341,127.87838745117188,29.738632202148438,5.93756103515625,128.13767492162634,28.89386860667093,0.8836602993111982,-2.8437857272994655,0.012331526905609236,81.0929585325829,-3.9496333551328644,12.897003889083862,-9.397006034851074,3.499997854232788,-32.525001525878906,22.349945068359375,10,left,30.175941710667207,108.63339015840195
2576.8156083254025,123.12651062011719,28.135543823242188,5.7314300537109375,123.48423458504718,27.159058121095825,1.0399474802034523,-2.7904374746992477,0.009737328063686435,102.69757714432106,-4.242087410095419,12.946004390716553,-10.396005630493164,2.5499987602233887,-33.062835693359375,20.799968719482422,10,left,32.0736646235733,115.46519264486389
2582.105626546768,118.21028137207031,26.1961669921875,5.499481201171875,118.67344929074476,25.09359536654493,1.195904975556721,-2.743896945038336,0.008635123980955839,115.80609638094715,-4.484263505932656,13.050023674964905,-11.1500244140625,1.8999992609024048,-33.59175109863281,19.39999008178711,10,left,33.95917577979155,122.25303280724958
2587.695772734466,113.11634826660156,23.907989501953125,5.242919921875,113.69651219067194,22.69148577657601,1.3477653700288994,-2.6965863241943424,0.00818995124056432,122.10084903156226,-4.638719488957061,13.000025629997253,-11.550025939941406,1.4499996900558472,-34.10284423828125,18.25000762939453,10,left,35.84403823107271,129.03853763186174
2593.5864629139387,107.86842346191406,21.246566772460938,4.96661376953125,108.57216861803553,19.932105114954105,1.490995202480561,-2.650038127302752,0.00710775166055716,140.6914658469669,-4.659594475701795,12.900026202201843,-11.650026321411133,1.2499998807907104,-34.587188720703125,17.350021362304688,10,left,37.72847896678398,135.82252428042233
2599.765340345213,102.48944091796875,18.219467163085938,4.6807098388671875,103.30908707236806,16.82159673066671,1.6204510372897736,-2.6112678137391927,0.005694982279082217,175.59317149642763,-4.499010885743354,12.950026154518127,-11.650026321411133,1.2999998331069946,-35.0358772277832,16.800029754638672,10,left,39.608887098913044,142.59199355608698
2606.218454103919,96.98481750488281,14.863510131835938,4.399017333984375,97.90876331017341,13.40011705761951,1.730663208362249,-2.5784241504264003,0.004862978767068982,205.6352799176873,-4.145073771727892,13.000024914741516,-11.400025367736816,1.5999995470046997,-35.43999481201172,16.400035858154297,10,left,41.48185343634965,149.33467237085875
2612.9097508731224,91.38973999023438,11.202926635742188,4.136932373046875,92.40640535623905,9.6980094707395,1.8161454071613163,-2.547456763528115,0.0041082379722806595,243.41335792796272,-3.607970222214052,13.000022649765015,-10.900023460388184,2.099999189376831,-35.790626525878906,16.300037384033203,10,left,43.33855394014539,156.01879418452341
2619.7373731755724,85.78536987304688,7.3097381591796875,3.912109375,86.8707097109197,5.784835674696498,1.871707816636136,-2.523028373723269,0.0027813296314537217,359.5402676083843,-2.910802101793081,13.050019264221191,-10.200020790100098,2.8499984741210938,-36.078857421875,18.300006866455078,11,straight,45.15445607056364,162.5560418540291
2626.8002457847733,80.06808471679688,3.1666412353515625,3.73443603515625,81.18682382325342,1.639935265140664,1.8927251009570294,-2.5092039508300585,0.0007660692522956647,1305.3650136764002,-2.081786847525682,13.099010944366455,-9.349013328552246,3.749997615814209,-36.295772552490234,18.550003051757812,11,straight,46.959092732331506,169.05273383639343
2634.0919348066263,74.18501281738281,-1.1396331787109375,3.61529541015625,75.28839027692469,-2.6561057212525157,1.8754015011478442,-2.5125857795659496,-0.001226443857824,815.3654923709556,-1.1680088286388834,13.050013542175293,-8.350013732910156,4.699999809265137,-36.43246078491211,18.799999237060547,11,straight,48.75216191508312,175.50778289429925
2641.602822298925,68.07975769042969,-5.5141754150390625,3.5636138916015625,69.12650045000059,-6.999481368521466,1.817086728850439,-2.5276978494434887,-0.0024136304702460087,414.31362933451663,-0.3816325328973663,13.050013542175293,-7.450010299682617,5.600003242492676,-36.480003356933594,18.949996948242188,11,straight,48.64751325459946,175.13104771655807
2649.3177916877025,61.7266845703125,-9.89129638671875,3.5584564208984375,62.68477333339159,-11.315776245457517,1.716705258887163,-2.549501520762919,-0.003967368201281046,252.05626230434177,-0.1492392437033946,13.00001335144043,-6.650007247924805,6.350006103515625,-28.766035079956055,19.299991607666016,11,straight,46.74399784914565,168.27839225692435
2657.225229514185,55.082244873046875,-14.178329467773438,3.53997802734375,55.90759699183422,-15.520082102439963,1.5752797378946108,-2.590122467149689,-0.006234237217135702,160.40454752850204,-0.2626649922256946,12.950013160705566,-6.050004959106445,6.900008201599121,-20.859619140625,19.799983978271484,12,right,44.70897219277536,160.95229989399132
2665.2402096193164,48.13555908203125,-18.176193237304688,3.516571044921875,48.795947494280085,-19.406610987500983,1.3964385754592465,-2.649003242806371,-0.007584198459343494,131.85308973132572,-0.29145547807331584,12.800012588500977,-5.9000043869018555,6.900008201599121,-13.350032806396484,19.799983978271484,12,right,42.54705563701427,153.16940029325136
2673.1823634277334,41.02423095703125,-21.712615966796875,3.49346923828125,41.51946331670402,-22.791071287366787,1.1867269983162156,-2.711110050407902,-0.007768666121219431,128.7222264924718,-0.2777355717958119,13.00001335144043,-6.250005722045898,6.750007629394531,-13.650033950805664,19.649986267089844,12,right,42.03887904553781,151.33996456393612
2680.99591597298,33.82868957519531,-24.758163452148438,3.4727783203125,34.17438184332695,-25.64897344456976,0.9555341892594266,-2.7714171344526437,-0.007112551800511319,140.5965155751991,-0.4633690389766437,13.100013732910156,-7.100008964538574,6.000004768371582,-14.450037002563477,18.999996185302734,12,right,43.935101539108075,158.1663655407891
2688.601538489179,26.669113159179688,-27.323989868164062,3.4228363037109375,26.894260041805534,-28.002110687772873,0.7145200940093022,-2.821028272857093,-0.0066381859031776624,150.643566568587,-1.1943375285180884,12.645999908447266,-7.395998001098633,5.250001907348633,-15.750041961669922,18.45000457763672,12,right,45.47782124207103,163.7201564714557
2696.0081698383506,19.58599853515625,-29.4853515625,3.29559326171875,19.713370523845388,-29.944567693196795,0.4765533319522184,-2.8710260067619537,-0.007013450324517667,142.58317286488696,-2.1666570551654303,11.947000980377197,-6.396997928619385,5.5500030517578125,-17.400020599365234,20.49997329711914,12,right,43.85505299612223,157.87819078604005
2703.248447004005,12.562881469726562,-31.23516845703125,3.106964111328125,12.617865195995646,-31.483466726230947,0.25431327264222536,-2.9236671023642806,-0.007566193206116095,132.16686023714738,-2.7535787404156133,11.947000980377197,-5.397997856140137,6.5490031242370605,-19.799983978271484,21.749954223632812,12,right,41.86715657329664,150.7217636638679
2710.324761061405,5.6179656982421875,-32.57691955566406,2.90185546875,5.627472303186153,-32.634963916878355,0.058817713372213185,-2.979252263969044,-0.008193782056387738,122.0437635658635,-3.046523701418405,11.947000980377197,-4.398997783660889,7.548003196716309,-19.799983978271484,22.849937438964844,12,right,39.828519366536,143.38266971952962
2717.2366968449855,-1.2280120849609375,-33.503631591796875,2.6812896728515625,-1.2385237127723319,-33.40235298317497,-0.1018226442577203,-3.0381737225163032,-0.009166589695634775,109.09182511749276,-3.131602783681628,11.947000741958618,-3.3999979496002197,8.547002792358398,-19.54998779296875,23.599925994873047,12,right,37.73104704093976,135.83176934738313
2723.992647835598,-7.963348388671875,-33.9884033203125,2.4736480712890625,-7.971659473752503,-33.76539315721076,-0.22316497705034882,-3.1043421513894383,-0.010508929177635684,95.15717378019114,-3.2927469347779486,11.792997360229492,-2.4499988555908203,9.342998504638672,-19.54998779296875,23.949920654296875,12,right,35.561553938609,128.02159417899242
2730.5729772030904,-14.539627075195312,-33.996002197265625,2.242919921875,-14.52851789093885,-33.69163659032494,-0.3045682791480701,3.1051093759734547,-0.012176865702106549,82.12293906033669,-3.7415114551564264,10.393998146057129,-2.049999237060547,8.343998908996582,-19.099994659423828,23.949920654296875,12,right,33.312906654155334,119.9264639549592
2737.0029780014065,-20.9449462890625,-33.494415283203125,1.9875640869140625,-20.902894276398253,-33.14824563159936,-0.3487144956272809,3.020706919608454,-0.014325038079197827,69.80784235765172,-4.00713208177984,9.494998455047607,-2.1499991416931152,7.344999313354492,-20.3499755859375,23.649925231933594,12,right,30.95825428152129,111.44971541347665
2743.3136833860412,-27.160415649414062,-32.432403564453125,1.7324676513671875,-27.082159655389617,-32.08032157220382,-0.36067399388782345,2.922881617128748,-0.015619946897251824,64.0207042045668,-3.9737392578446995,9.195997714996338,-2.8499984741210938,6.345999240875244,-21.899951934814453,22.999935150146484,12,right,29.64726116258972,106.730140185323
2749.525762777463,-33.14479064941406,-30.783676147460938,1.48980712890625,-33.03686899309442,-30.4541180588908,-0.3467789175321611,2.825124870726321,-0.015666916272201126,63.828770296958055,-3.9559077192959564,9.195997714996338,-3.848998546600342,5.346999168395996,-23.999919891357422,21.899951934814453,12,right,29.602786597307507,106.57003175030702
2755.6546053676434,-38.86677551269531,-28.60162353515625,1.244354248046875,-38.74120077581366,-28.314326706328355,-0.31354183516312684,2.72952590991674,-0.016470562896331364,60.714379119534456,-3.646502276151632,9.195997714996338,-4.84799861907959,4.347999095916748,-28.46129608154297,20.399974822998047,12,right,28.87155230308228,103.9375882910962
2761.6473258546675,-44.22035217285156,-25.915939331054688,1.0468292236328125,-44.08872270736067,-25.683832207133133,-0.2668333434197376,2.625710759883076,-0.01829829997487531,54.649885583527514,-2.668541388075872,9.195997714996338,-5.846998691558838,3.3489990234375,-34.44976043701172,18.400005340576172,12,right,27.391699849421176,98.61011945791624
2767.519352030362,-49.15617370605469,-22.737289428710938,0.926239013671875,-49.031809894960624,-22.56634030679452,-0.21139999951237964,2.5126541421991146,-0.0195900201944382,51.046399650160126,-1.3755054055147833,9.195997714996338,-6.845998764038086,2.349998950958252,-36.599727630615234,15.900042533874512,12,right,26.47322883935656,95.30362382168362
2773.26855398413,-53.60246276855469,-19.092819213867188,0.8853302001953125,-53.50045912586148,-18.981879932581645,-0.15070589654965685,2.398132485396194,-0.019253826808559332,51.93772697464214,-0.2670300540027676,9.294998526573181,-7.844998836517334,1.4499996900558472,-36.599727630615234,13.500033378601074,12,right,26.703354739249974,96.13207706129991
2778.9013403400545,-57.53999328613281,-15.064910888671875,0.8948211669921875,-57.47472549297321,-15.007370605337243,-0.0870101662459879,2.293353873076197,-0.01889959109030065,52.91119766676879,0.4970618886000311,9.643998742103577,-7.743999481201172,1.8999992609024048,-36.249732971191406,12.750030517578125,12,right,26.952443956686846,97.02879824407265
2784.4293821647852,-60.969879150390625,-10.729812622070312,0.94012451171875,-60.95226991761092,-10.717335025594103,-0.021581832473472368,2.1872592503465755,-0.01960112358900626,51.01748353654956,1.128966892539482,9.643998622894287,-6.744999408721924,2.8989992141723633,-30.722875595092773,13.700034141540527,12,right,26.465729668633458,95.27662680708045
2789.865337295431,-63.86639404296875,-6.1304931640625,1.018035888671875,-63.90575953869647,-6.1523951999260325,0.045048212271481855,2.0785219211404113,-0.020125283812819944,49.68874025831095,1.7875663496655079,9.643998622894287,-5.745999336242676,3.8979992866516113,-25.28847885131836,15.700041770935059,12,right,26.11880775448663,94.02770791615188
2795.2673743780483,-66.2347412109375,-1.27667236328125,1.1336212158203125,-66.33876292465851,-1.3204502913994896,0.1128584242127411,1.9691498266011687,-0.018242530359834003,54.81695687358031,2.4332563599461343,9.643998622894287,-4.746999263763428,4.896999359130859,-19.8886775970459,17.250022888183594,12,right,27.433537762636718,98.76073594549219
2800.6881914234045,-68.10055541992188,3.8107757568359375,1.281494140625,-68.27399691535398,3.7551479135117636,0.1821439246602049,1.8811610741798128,-0.013445930455377758,74.37194497760069,2.242650969709069,9.643998861312866,-3.747999429702759,5.895999431610107,-14.470878601074219,18.500003814697266,12,right,29.667880398182085,106.8043694334555
2806.190526359633,-69.62322998046875,9.09735107421875,1.3777923583984375,-69.86859848707593,9.034191129729992,0.25336709064608864,1.8227354699779597,-0.010253291994390346,97.52965199343856,1.2260945232557983,9.643998861312866,-2.7489993572235107,6.8949995040893555,-12.350028991699219,19.54998779296875,12,right,31.77555447646062,114.39199611525824
2811.8356035282445,-70.87161254882812,14.602523803710938,1.416656494140625,-71.19238345309071,14.538777491389032,0.32704367499781417,1.766968967109544,-0.00926863192020877,107.8907878324157,0.35247308773931063,9.643998980522156,-1.7499994039535522,7.8939995765686035,-12.150028228759766,20.3499755859375,12,right,33.80160015034594,121.68576054124539
2817.6518738696805,-71.8525390625,20.335479736328125,1.417022705078125,-72.25190660660618,20.276786771508977,0.40365740350532614,1.7167165343161206,-0.007747165821346796,129.07946248479243,-0.2331291102568786,9.642999768257141,-0.7500001192092896,8.892999649047852,-9.800019264221191,20.99996566772461,12,right,35.76925605641092,128.7693218030793
2823.664666413695,-72.59611511230469,26.302047729492188,1.38812255859375,-73.07705251778299,26.25141747214133,0.4835950898712884,1.675684097643131,-0.006357275640411719,157.3000852194033,-0.5594985870182687,9.941999245435,-0.05000000074505806,9.891999244689941,-8.850015640258789,21.399959564208984,12,right,37.69557697705816,135.70407711740938
2829.901089671892,-73.13290405273438,32.51519775390625,1.3481292724609375,-73.69870874801276,32.47651509920188,0.5671254719848549,1.639057609213915,-0.006119616599280189,163.40892991852195,-0.7504187237347872,11.939998865127563,-1.0490000247955322,10.890998840332031,-8.150012969970703,21.64995574951172,12,right,39.59465534616137,142.54075924618093
2836.380483382859,-73.44111633300781,38.98701477050781,1.2921600341796875,-74.09525668940866,38.96938163555842,0.6543779743545556,1.5977459954378588,-0.00591733759630679,168.99492106452294,-0.8021327862956631,13.937998533248901,-2.0480000972747803,11.889998435974121,-7.700011253356934,21.64995574951172,12,right,41.47572161140633,149.3125978010628
2843.089343369499,-73.48828125,45.695526123046875,1.2426300048828125,-74.2336018108275,45.70265452415666,0.7453546488045811,1.5612324100834725,-0.0041833113187286775,239.04508266525653,-0.8050434229996212,15.08899712562561,-2.1999990940093994,12.888998031616211,-7.5000104904174805,21.44995880126953,12,right,43.337454280080195,156.01483540828872
2849.914951888733,-73.3505859375,52.51948547363281,1.18304443359375,-74.19018085704883,52.54415367908925,0.8399572306329942,1.5414236968539703,-0.0030109500318161037,332.1210878404494,-0.971031886326025,16.03599762916565,-2.1480000019073486,13.8879976272583,-7.450010299682617,21.049964904785156,13,straight,45.15287579504086,162.55035286214712
2856.9696166792114,-73.060546875,59.567779541015625,1.107391357421875,-73.99731941719297,59.61597906783006,0.938011721777409,1.5193889062822947,-0.002182657882261893,458.15700578951834,-0.9795686136620587,15.79903781414032,-1.1490000486373901,14.65003776550293,-8.300013542175293,20.449974060058594,13,straight,46.955516192290936,169.03985829224737
2864.2465668027535,-72.63619995117188,66.83206176757812,1.0430755615234375,-73.67359855394389,66.8946187120894,1.039283037646583,1.5105675159292182,-0.00028936166534464236,3455.882792245325,-0.6548085657391942,14.198027044534683,-0.15000000596046448,14.048027038574219,-8.300013542175293,19.749984741210938,13,straight,48.74515881514981,175.4825717345393
2871.7438131788003,-72.18916320800781,74.31590270996094,1.0116729736328125,-73.3308851205774,74.37906971579075,1.1434679690603806,1.5155265869814443,0.0009703860821523719,1030.517665486239,-0.26318464238843375,13.69902753829956,-0.6500000953674316,13.049027442932129,-7.750011444091797,19.749984741210938,13,straight,50.522721608509585,181.88179779063452
2879.4519397686604,-71.80203247070312,82.01429748535156,1.00372314453125,-73.0509072923392,82.07096230503254,1.2501596785635107,1.5254547267256195,0.001375802796183892,726.8483555737289,-0.04488872633162666,13.100027918815613,-1.0500000715255737,12.050027847290039,-7.100008964538574,17.750015258789062,13,straight,52.287317370705146,188.23434253453854
2887.358758833392,-71.48860168457031,89.91490173339844,1.0048980712890625,-72.84661042243464,89.9607537282386,1.358782593922475,1.5370450102883826,0.0015741797638172267,635.2514642769268,0.01245032928586104,12.95002567768097,-1.399999737739563,11.550025939941406,-6.150005340576172,16.000041961669922,13,straight,54.037562260520296,194.53522413787306
2895.460933176941,-71.27182006835938,98.01417541503906,1.005706787109375,-72.74002807416647,98.04368702461154,1.46850457384907,1.5506986049999012,0.0013916181856739318,718.5879074408048,0.00832299363175415,14.948025226593018,-2.3989996910095215,12.549025535583496,-4.349998474121094,13.6000337600708,13,straight,55.77410318707422,200.78677147346718
2903.7512352257777,-71.14837646484375,106.30355834960938,1.006256103515625,-72.72642357377131,106.32099803215046,1.5781434727304713,1.559745343271861,0.0005927702987270217,1686.994105722751,0.005575969354923438,14.498021125793457,-2.8989992141723633,11.599021911621094,-4.59999942779541,13.300032615661621,13,straight,57.49670254659599,206.98812916774557
2912.222737682595,-71.06121826171875,114.77461242675781,1.0066375732421875,-72.7472241956836,114.79205384153865,1.6860961456317465,1.560451883573029,-9.670637171736718e-05,10340.580276577715,0.004108657512733038,12.500021576881409,-1.8999992609024048,10.600022315979004,-4.59999942779541,18.345136642456055,13,straight,59.205200334897015,213.13872120562925
2920.868588508813,-70.96177673339844,123.41989135742188,1.0069580078125,-72.75195607055713,123.44275281450089,1.7903253071466416,1.5580265366754704,-0.0002949251382611956,3390.6909593931136,0.007187514399867312,12.300020337104797,-1.9999991655349731,10.300021171569824,-10.110000610351562,26.989988327026367,13,straight,60.89945932360258,219.23805356496928
2929.680690186766,-70.83700561523438,132.23110961914062,1.007904052734375,-72.72521622190521,132.26037557786626,1.8884373941130277,1.5552982592310578,-0.00029523818192833673,3387.095779646585,0.011567766763228432,11.95001769065857,-2.2999989986419678,9.650018692016602,-13.760001182556152,35.801090240478516,13,straight,62.579113276838264,225.28480779661774
2938.6529028853765,-70.68632507324219,141.20205688476562,1.0090179443359375,-72.66387221574257,141.23768774681682,1.9778681096427972,1.5527805706446707,-0.00015449701666106486,6472.616893268543,0.012660509015922916,12.700018882751465,-2.649998664855957,10.050020217895508,-13.766741752624512,44.77230453491211,13,straight,64.2441830650943,231.2790590343395
2947.7540585230226,-70.51856994628906,150.30166625976562,1.01019287109375,-72.57438553679783,150.33920467461846,2.0561582805729226,1.5525387340813888,0.00029725059670494824,3364.1648194657882,0.012692924086121077,13.298011064529419,-2.9999983310699463,10.298012733459473,-13.786540031433105,53.872459411621094,13,straight,65.890207866896,237.20474832082562
2956.928069173027,-70.37467956542969,159.47454833984375,1.0113372802734375,-72.49578719086989,159.50114010561654,2.1212743058613297,1.5582602477930985,0.0006982006507321725,1432.2530334959495,0.01099660288889498,12.649011135101318,-3.3499979972839355,9.299013137817383,-13.818757057189941,63.04547119140625,13,straight,67.50880416983283,243.0316950113982
2966.2487625391373,-70.29212951660156,168.7948760986328,1.0122222900390625,-72.46399974413099,168.80643606848946,2.17190099178849,1.5654737893119623,0.000649610601797565,1539.3837434808754,0.0086225264318944,11.90001130104065,-3.5999977588653564,8.300013542175293,-13.86275863647461,72.36516571044922,13,straight,69.11447103666407,248.81209573199067
2975.716217124573,-70.26748657226562,178.26229858398438,1.0129547119140625,-72.47509792787804,178.26311071126065,2.2076115049934826,1.5704284507928206,0.00045520133601016644,2196.830107672764,0.012800630893554377,11.950010299682617,-3.8499975204467773,8.10001277923584,-13.917905807495117,81.83161926269531,13,straight,70.70810235823411,254.54916848964282
2985.326579273727,-70.28164672851562,187.87265014648438,1.014678955078125,-72.51049812095545,187.86520109849664,2.228863840142975,1.5741384160336738,0.0004997536099029948,2000.986046292104,0.09417855929101174,11.9500093460083,-4.049997329711914,7.900012016296387,-13.983561515808105,91.44097900390625,13,straight,72.28986677419257,260.24352038709327
2995.076622451179,-70.34112548828125,197.62249755859375,1.031402587890625,-72.57783312449386,197.60160709690234,2.2368051907310775,1.580135881926535,0.0007345104903105498,1361.45094344017,0.2670337656868485,11.9500093460083,-4.199997901916504,7.750011444091797,-14.059090614318848,101.19001007080078,13,straight,73.86001262153489,265.89604543752563
3004.960933167938,-70.47554016113281,207.50582885742188,1.0673675537109375,-72.70810156562919,207.4660939800682,2.2329149749431036,1.5885923356903031,0.0008562807666532418,1167.8412489731402,0.4660327497578734,11.9500093460083,-4.249998092651367,7.700011253356934,-14.143855094909668,100.22689056396484,13,straight,75.41842086725566,271.5063151221204
3014.9753669506827,-70.69685363769531,217.5176544189453,1.1244049072265625,-72.91463612754391,217.45913871440314,2.218554317558429,1.5971749873623449,0.0007405326961731074,1350.379267745714,0.785319943433848,11.9500093460083,-4.249998092651367,7.700011253356934,-14.23721694946289,97.5301513671875,13,straight,76.96517081799942,277.07461494479793
3025.1171622790466,-70.99908447265625,227.65443420410156,1.2262115478515625,-73.19241791848677,227.5827031090035,2.1945060844305577,1.6034888196016746,0.0004727467214527825,2115.297588795397,1.2266805147809472,12.450011253356934,-4.649999618530273,7.80001163482666,-14.338541030883789,93.38874053955078,13,straight,78.50053763013595,282.60193546848944
3035.3789042231233,-71.35276794433594,237.90899658203125,1.3752288818359375,-73.51195772352149,237.83125763136098,2.1605887732260967,1.6067845420403284,0.00019469603051028295,5136.2115466816595,1.6631349636568802,12.600011825561523,-4.649999618530273,7.95001220703125,-14.447190284729004,88.09158325195312,13,straight,80.0,288.0
3045.755691521662,-71.73117065429688,248.2770538330078,1.5699462890625,-73.84517400464422,248.19947428452707,2.115426375845375,1.6074777966408,-7.20211384690056e-05,13884.812448922221,2.0914300605081135,11.950010299682617,-3.8499975204467773,8.10001277923584,-14.56252670288086,81.92761993408203,13,straight,80.0,288.0
3056.2433254341654,-72.10520935058594,258.7552185058594,1.81207275390625,-74.1604102070595,258.6843793611167,2.0564213441990766,1.6052509207590893,-0.00030352941195979644,3294.573641293298,2.505291503415405,11.950011014938354,-3.699997663497925,8.25001335144043,-14.683914184570312,75.18577575683594,13,straight,80.0,288.0
3066.836901810841,-72.44804382324219,269.33937072753906,2.0985107421875,-74.42710671130898,269.2794594982296,1.9799695124725119,1.6010596086389977,-0.0003988454183515566,2507.2370246423748,2.8887473466237075,11.950011491775513,-3.5999977588653564,8.350013732910156,-14.810715675354004,68.1550064086914,13,straight,80.0,288.0
3077.5311647380136,-72.74790954589844,280.0243682861328,2.427398681640625,-74.62922137259352,279.97551207583405,1.8819460987359735,1.5967597163622032,-0.00025909283962750884,3859.620364027329,3.246706170819365,11.950011968612671,-3.499997854232788,8.450014114379883,-14.942293167114258,61.124229431152344,13,straight,80.0,288.0
3088.3224470631985,-73.01811218261719,290.8059539794922,2.796417236328125,-74.7759828208957,290.76248282302777,1.758408064803532,1.595520727579797,-8.394496909952531e-07,1000000.0,3.5766316540668073,11.900012016296387,-3.449997901916504,8.450014114379883,-15.078011512756348,54.38239669799805,13,straight,80.0,288.0
3099.2065949713515,-73.29246520996094,301.6790466308594,3.20294189453125,-74.89834862744259,301.6373381587672,1.606424958467346,1.5967627806135534,9.50485375166149e-05,10520.940417680762,3.877515355714328,11.95001220703125,-3.449997901916504,8.500014305114746,-15.217232704162598,48.21842956542969,13,straight,80.0,288.0
3110.1794637302332,-73.58355712890625,312.63917541503906,3.6441802978515625,-75.00795036586892,312.6009946993682,1.4249048601763348,1.5975948079350517,-4.352948236797938e-05,22972.9357116272,4.150666167104963,11.950012683868408,-3.3499979972839355,8.600014686584473,-15.359319686889648,42.92127227783203,13,straight,80.0,288.0
3121.237309372244,-73.87126159667969,323.6831359863281,4.117584228515625,-75.08615451271814,323.65277301037094,1.215272277207611,1.595783431581943,-0.00026117336588059314,3828.8743441672145,4.396470647905426,12.899012327194214,-3.2999980449676514,9.599014282226562,-15.503636360168457,38.77985763549805,13,straight,80.0,288.0
3132.3768241098765,-74.126953125,334.80836486816406,4.620269775390625,-75.10861851514017,334.7877614385737,0.9818815812051482,1.5917814865890947,-0.0003422803134208452,2921.581992273293,4.613894645146571,13.898011922836304,-3.2999980449676514,10.598013877868652,-15.649545669555664,36.08312225341797,13,straight,80.0,288.0
3143.594109302533,-74.3394775390625,346.0111541748047,5.149261474609375,-75.07146703851949,345.9984620629249,0.7320995267170001,1.5881337888303677,-0.00015087758407172913,6627.889796569033,4.803656721439345,14.897011518478394,-3.2999980449676514,11.597013473510742,-15.796409606933594,35.12000274658203,13,straight,80.0,288.0
3154.88621412194,-74.533447265625,357.28807067871094,5.7016754150390625,-75.0094083308071,357.27968567744125,0.47603491869355763,1.588411494489939,0.00011687076133438945,8556.460046827367,4.955610389620135,15.946011066436768,-3.3499979972839355,12.596013069152832,-15.94359302520752,34.6804313659668,13,straight,80.0,288.0
3166.1999522498018,-74.74562072753906,368.58555603027344,6.2695465087890625,-74.97150128242103,368.58104156321815,0.2259256636298343,1.590779747281331,0.00021832482622778648,4580.331139055448,5.082285543418941,14.998015642166138,-3.3999979496002197,11.598017692565918,-16.090457916259766,33.52156448364258,13,straight,80.0,288.0
3177.547985127905,-74.98631286621094,379.91600036621094,6.85345458984375,-74.98152238677247,379.9161084741243,-0.004791699131970369,1.593359739908327,0.0001386493809030359,7212.4375419991775,5.172018483969448,13.999016046524048,-3.3999979496002197,10.599018096923828,-16.236366271972656,31.883167266845703,13,straight,80.0,288.0
3188.963448539288,-75.24885559082031,391.31300354003906,7.4469146728515625,-75.04622885469848,391.31769063919967,-0.20268093913816346,1.5939238939419837,-3.437099154211809e-05,29094.301768239755,5.1810890343195855,12.950016498565674,-3.3499979972839355,9.600018501281738,-16.38068199157715,30.005001068115234,13,straight,80.0,288.0
3200.4501038806543,-75.50762939453125,402.7814178466797,8.040008544921875,-75.15205288372088,402.7891579344673,-0.3556607428421611,1.5925606036687368,-0.00018370517852377144,5443.504685256328,5.2144943979483935,12.300014019012451,-3.3499979972839355,8.950016021728516,-16.522769927978516,28.1268367767334,13,straight,80.0,288.0
3212.0052522684787,-75.74237060546875,414.3181457519531,8.64849853515625,-75.28809470880653,414.3267261063104,-0.454356922219925,1.5896820618182526,-0.0003009135446924299,3323.213652685927,5.248736139365584,11.950012683868408,-3.3499979972839355,8.600014686584473,-16.661991119384766,26.488439559936523,13,straight,80.0,288.0
3223.625931672199,-75.93794250488281,425.9212646484375,9.256423950195312,-75.44479103905086,425.92855570801953,-0.4932053606785287,1.5855798748886303,-0.00036961525224282754,2705.5160573920966,5.225343600546384,11.950012445449829,-3.3999979496002197,8.55001449584961,-16.79770851135254,25.329570770263672,13,straight,80.0,288.0
3235.3128787964188,-76.08395385742188,437.59136962890625,9.86639404296875,-75.61289650936222,437.5962069329787,-0.47108218462566265,1.5810650001675433,-0.0003129753221541298,3195.1400932100764,5.206736254243344,11.950011968612671,-3.499997854232788,8.450014114379883,-16.92928695678711,24.89000129699707,13,straight,80.0,288.0
3247.06330698785,-76.18507385253906,449.32550048828125,10.476730346679688,-75.79375650369671,449.3284188169474,-0.39132823070564515,1.5782538917952729,-6.813132862268367e-05,14677.535580409327,5.166753703472315,11.950011253356934,-3.6499977111816406,8.300013542175293,-17.056087493896484,24.872119903564453,13,straight,80.0,288.0
3258.8761617891923,-76.27653503417969,461.1223907470703,11.083816528320312,-76.0153538109767,461.1246590833969,-0.26119107316962203,1.5794810219254838,0.00021560780073862085,4638.051112131559,5.095030876120127,11.950010299682617,-3.8499975204467773,8.10001277923584,-17.177474975585938,24.821075439453125,13,straight,80.0,288.0
3270.7508504082693,-76.40184020996094,472.98126220703125,11.683563232421875,-76.31098591246376,472.98240509056416,-0.09086148555067339,1.5833749640994075,0.000341351879984117,2929.528321468538,4.991502242600082,11.950009822845459,-3.9499974250793457,8.000012397766113,-17.29281234741211,24.74077033996582,13,straight,80.0,288.0
3282.686068586301,-76.57823181152344,484.90065002441406,12.272216796875,-76.68585465460801,484.898840296104,0.10763805772198912,1.5876102086271933,0.00031557739745165236,3168.794749165151,4.858612507831833,11.9500093460083,-4.049997329711914,7.900012016296387,-17.401460647583008,24.635107040405273,13,straight,80.0,288.0
3294.6809385666697,-76.80075073242188,496.8797149658203,12.846145629882812,-77.12216755333127,496.873245342586,0.32148192606785314,1.590922061645285,0.00015865655267562062,6302.922779650571,4.698361461918843,11.9500093460083,-4.049997329711914,7.900012016296387,-17.502784729003906,24.507984161376953,13,straight,80.0,288.0
3306.7347369588797,-77.04721069335938,508.9181671142578,13.402008056640625,-77.58496609813123,508.90707945527953,0.5378696975503977,1.5914118112519298,-4.863847693380163e-05,20559.85431782802,4.512018147343733,11.9500093460083,-4.049997329711914,7.900012016296387,-17.596147537231445,24.363306045532227,13,straight,80.0,288.0
3318.8472444069394,-77.28744506835938,521.0164947509766,13.936416625976562,-78.03197549470161,521.0023917958978,0.7446639840164824,1.5897361420371148,-0.000122663130641687,8152.408916751963,4.298541881352625,11.9500093460083,-4.099997520446777,7.850011825561523,-17.680912017822266,24.204973220825195,13,straight,80.0,288.0
3331.0174339788177,-77.50871276855469,533.1740112304688,14.4456787109375,-78.43950257588584,533.1575915999067,0.9309346216031287,1.5884350327096644,-2.075878780295748e-05,48172.369672642024,4.055155060129534,11.9500093460083,-4.099997520446777,7.850011825561523,-17.756441116333008,24.03688621520996,13,straight,80.0,288.0
3343.244841837057,-77.72789001464844,545.3900299072266,14.925628662109375,-78.81521233694193,545.3699738945652,1.0875072763901752,1.589239559461213,9.468025579016659e-05,10561.864156939246,3.7788824912164065,11.9500093460083,-4.149997711181641,7.80001163482666,-17.822097778320312,23.862945556640625,13,straight,80.0,288.0
3355.529139519011,-77.96461486816406,557.6639404296875,15.371780395507812,-79.17188568403623,557.6398367527498,1.207511411995164,1.5907591012318147,1.4498847263205716e-05,68971.00037309439,3.471537666318869,11.9500093460083,-4.199997901916504,7.750011444091797,-17.87724494934082,23.687055587768555,13,straight,80.0,288.0
3367.8705074870136,-78.20738220214844,569.9961547851562,15.78033447265625,-79.49399632017504,569.9719793131806,1.2868412264730347,1.589584110231722,-0.0002938521459944221,3403.071965378745,3.136503668618662,11.9500093460083,-4.199997901916504,7.750011444091797,-17.921245574951172,23.51311683654785,13,straight,80.0,288.0
3380.2686192892384,-78.40493774414062,582.3872528076172,16.147537231445312,-79.72921395708964,582.3704727610282,1.3243825195713317,1.5834667564683684,-0.0005195480826402504,1924.749668824065,2.7957783819897775,11.9500093460083,-4.249998092651367,7.700011253356934,-17.953462600708008,23.345029830932617,13,straight,80.0,288.0
3392.7233135370157,-78.51811218261719,594.8371276855469,16.4749755859375,-79.83997194579527,594.8293648544852,1.3218825572097141,1.5766689178502642,-0.00037007393801656574,2702.162722831989,2.5872640216247356,11.9500093460083,-4.399998664855957,7.550010681152344,-17.9732608795166,23.186697006225586,13,straight,80.0,288.0
3405.234633238339,-78.57406616210938,607.3442687988281,16.793426513671875,-79.85749678525274,607.339839526688,1.2834382660937902,1.5742474323520137,-0.0002145975549962681,4659.885337544458,2.5220779956331207,11.9500093460083,-4.649999618530273,7.300009727478027,-17.98000144958496,23.04201889038086,13,straight,80.0,288.0
3417.799488519763,-78.6033935546875,619.9051666259766,17.107391357421875,-79.81808953003927,619.904572583578,1.214696120608834,1.5712853729128722,-0.0004288080509076281,2332.0457670591068,2.474537112922237,11.9500093460083,-4.850000381469727,7.100008964538574,-18.127897262573242,22.91489601135254,13,straight,80.0,288.0
3430.4170706750433,-78.561279296875,632.5188903808594,17.416549682617188,-79.68318917836739,632.5271564580105,1.1219403327368802,1.5634285981415845,-0.0006766617489943061,1477.8432525353442,2.4237146871322723,12.000009536743164,-5.2000017166137695,6.8000078201293945,-18.53342056274414,22.809232711791992,13,straight,80.0,288.0
3443.085710007344,-78.41107177734375,645.1829986572266,17.720230102539062,-79.42220994854249,645.1998120933074,1.0112779503618063,1.554169631067529,-0.000876508790468411,1140.8898699870365,2.362216401776407,11.9500093460083,-5.600003242492676,6.350006103515625,-19.139318466186523,22.728927612304688,13,straight,80.0,288.0
3455.803810413753,-78.12380981445312,657.8944091796875,18.016204833984375,-79.01147836666172,657.9207219329304,0.8880584550373453,1.5411624613110573,-0.0012341871110324518,810.249913534955,2.277073769148552,11.9500093460083,-6.150005340576172,5.800004005432129,-19.888341903686523,22.67788314819336,13,straight,80.0,288.0
3468.5685143932765,-77.63243103027344,670.646484375,18.300445556640625,-78.38812977630907,670.6828592632626,0.7565736760262881,1.5226993368206898,-0.0015114181237124227,661.6302823891966,2.1830924012220088,11.9500093460083,-6.650007247924805,5.300002098083496,-20.72323989868164,22.660001754760742,13,straight,80.0,288.0
3481.3782058990814,-76.88546752929688,683.4314422607422,18.574478149414062,-77.5040538833364,683.4737533818799,0.620031699492725,1.5025029979659266,-0.0014842366457827535,673.7470084985148,2.0928712304096653,12.000009536743164,-7.200009346008301,4.800000190734863,-21.586763381958008,22.66025733947754,13,straight,80.0,288.0
3494.2015246318897,-75.89344787597656,696.2136383056641,18.836898803710938,-76.37237752749985,696.2549956113075,0.4807120113314282,1.4846564035676344,-0.0012539872453870005,797.4562769108421,1.9951433759204495,12.25001049041748,-7.80001163482666,4.44999885559082,-22.421661376953125,22.660974502563477,13,straight,79.70934037111363,286.95362533600905
3507.01602993911,-74.69967651367188,708.9699859619141,19.08599853515625,-75.03816754619791,709.0041005893702,0.34020580081328666,1.470351066487684,-0.001109056434589993,901.6673712999013,1.8918800503055833,12.450011253356934,-8.300013542175293,4.149997711181641,-23.170684814453125,22.66208267211914,13,straight,77.79445518844848,280.0600386784145
3519.871975383487,-73.31971740722656,721.7494659423828,19.322509765625,-73.51806856474998,721.7722988892714,0.19966102562717175,1.4561870295723616,-0.0011283062483314205,886.2841994173441,1.7835721250016423,12.800012826919556,-8.800015449523926,3.99999737739563,-23.776582717895508,22.663509368896484,13,straight,75.82479963921091,272.9692787011593
3532.771601109166,-71.74958801269531,734.5512390136719,19.545318603515625,-71.8090672057439,734.5589853870609,0.059981503035459294,1.4412885706904668,-0.0011297335861279595,885.1644425544545,1.66803800353178,12.950014114379883,-9.100016593933105,3.8499975204467773,-24.182106018066406,22.66518783569336,13,straight,73.79563107143896,265.66427185718027
3545.7137225957504,-69.98573303222656,747.3709106445312,19.753509521484375,-69.90849754288203,747.3597268742739,-0.07804099904190231,1.426994886772587,-0.0010065929221475325,993.4502597798256,1.5471459923345976,13.10001540184021,-9.400017738342285,3.699997663497925,-24.330001831054688,22.667041778564453,13,straight,71.70209140330942,258.12752905191394
3558.6986990077057,-68.04550170898438,760.2086639404297,19.946395874023438,-67.83442211467667,760.1755528617898,-0.21366080282026967,1.415198937049504,-0.0007805562808457581,1281.1375996058446,1.4186137009693955,12.950015544891357,-9.400017738342285,3.5499978065490723,-24.371599197387695,22.669002532958984,13,straight,69.53830617850721,250.33790224262597
3571.7105940005754,-65.97230529785156,773.0531311035156,20.122268676757812,-65.63079027056122,772.9965846679011,-0.34616471981677843,1.4067097570407001,-0.0005782888770988759,1729.239554142453,1.281136064144106,12.950016736984253,-9.650018692016602,3.2999980449676514,-24.487398147583008,22.671001434326172,13,straight,67.3002866717478,242.28103201829208
3584.6131879969325,-63.822906494140625,785.7744750976562,20.278549194335938,-63.354910673112876,785.6938515199703,-0.47488972380788697,1.4001967398406046,-0.0004439980448852007,2252.262169889865,1.1380095324466377,12.950018405914307,-10.000020027160645,2.949998378753662,-24.663908004760742,22.672962188720703,13,straight,65.00502788173337,234.01810037424013
3597.094131873255,-61.67462158203125,798.0684204101562,20.4117431640625,-61.08455839785456,797.9638443311294,-0.5992584731360691,1.3953890930042379,-0.00027511430529867514,3634.85278933191,0.9936058420712546,12.95002031326294,-10.40002155303955,2.5499987602233887,-24.88763427734375,22.674816131591797,13,straight,62.704885408312215,225.73758746992397
3608.9872544902937,-59.583465576171875,809.7757415771484,20.521575927734375,-58.87593466841388,809.6488690239568,-0.718816131000287,1.3933647129315985,8.362367287549632e-05,11958.33626548378,0.8516958949529974,13.000022411346436,-10.85002326965332,2.1499991416931152,-25.145090103149414,22.676494598388672,13,straight,60.43166881594321,217.55400773739558
3620.252973380755,-57.61051940917969,820.8670043945312,20.60986328125,-56.78982481336316,820.7229302320227,-0.8332448523123354,1.3970156040180621,0.000549174990714496,1820.9132187519403,0.7126684389282434,12.950024247169495,-11.250024795532227,1.699999451637268,-25.42278289794922,22.677921295166016,13,straight,58.19653844261444,209.50753839341198
3630.904090407427,-55.8111572265625,831.3648071289062,20.678619384765625,-54.88168884888932,831.2094028486151,-0.942370391845604,1.405131739902782,0.0008667699340458024,1153.7086840706652,0.5776850240531539,12.95002567768097,-11.550025939941406,1.399999737739563,-25.70722007751465,22.67902946472168,13,straight,56.00136446915946,201.60491208897406
3640.9499635067614,-54.197540283203125,841.2801055908203,20.730224609375,-53.16408921972872,841.1176042489143,-1.0461490270117577,1.4148319116799295,0.001330350745472511,751.6814670140409,0.4478530261647018,12.950026631355286,-11.75002670288086,1.1999999284744263,-25.984912872314453,22.679746627807617,13,straight,53.848988430393206,193.85635834941556
3650.4045089658516,-52.80339050292969,850.6312255859375,20.766708374023438,-51.66996265302404,850.4713379303596,-1.144649620341505,1.4306554437268408,0.001710502170652134,584.6236369397574,0.32318717306554223,12.900026679039001,-11.75002670288086,1.149999976158142,-26.242368698120117,22.680002212524414,13,straight,51.741586284470365,186.2697106240933
3659.3208701998124,-51.62580871582031,859.4694519042969,20.790252685546875,-50.39738029720224,859.315618265494,-1.2380230886763934,1.4462168423995971,0.001795641017687491,556.9041863879039,0.2028404697774544,12.73999798297882,-11.539998054504395,1.1999999284744263,-26.466096878051758,23.238601684570312,13,straight,49.672292375984036,178.82025255354253
3667.735583952605,-50.64393615722656,867.8266754150391,20.802459716796875,-49.325354060606465,867.6822851535901,-1.3264642072548931,1.4617267110448782,0.0026175837915459327,382.03170543373693,0.09080320018497456,11.940998196601868,-10.540998458862305,1.399999737739563,-26.64260482788086,24.7829647064209,13,straight,47.63704717536623,171.49336983131843
3675.683574023838,-49.87577819824219,875.7374572753906,20.80560302734375,-48.47040426745414,875.6213187165986,-1.4101645471989863,1.4883447764066648,0.004032867267637907,247.9625372311622,0.03139587036027347,11.291998267173767,-9.541998863220215,1.7499994039535522,-26.758403778076172,27.11594009399414,14,left,45.63140023263726,164.27304083749414
3683.2310061395356,-49.38531494140625,883.2689361572266,20.807388305664062,-47.89771585016427,883.1987995041535,-1.4892515591290394,1.5236836645427418,0.005480692482926333,182.45869534100646,0.029153857113706216,10.842998266220093,-8.542999267578125,2.2999989986419678,-26.80000114440918,30.040372848510742,14,left,43.64159285375998,157.10973427353593
3690.380095164535,-49.199859619140625,890.4156188964844,20.809844970703125,-47.63615565256583,890.4116724638186,-1.5637089465154692,1.5682725599110638,0.007171351950660654,139.44372091623197,0.05453369383581208,10.693997859954834,-7.543999671936035,3.149998188018799,-26.63826560974121,33.35911178588867,14,left,41.66926869390117,150.0093672980442
3697.220686324846,-49.36949157714844,897.2541046142578,20.814895629882812,-47.73847757215217,897.3400540052612,-1.6332770684448523,1.6234445343439747,0.007642989330728545,130.8388585575427,0.07672846378308229,10.693997859954834,-6.544999599456787,4.148998260498047,-26.191112518310547,36.875003814697266,14,left,39.690402789075996,142.8854500406736
3703.7657976342553,-49.87144470214844,903.7799377441406,20.820098876953125,-48.18258818046954,903.9494350765865,-1.6973407720677733,1.6708235664644278,0.008775239449990813,113.95700433006954,-0.028144612538372193,10.693997859954834,-5.545999526977539,5.147998332977295,-25.515626907348633,40.390892028808594,14,left,37.69990179808551,135.71964647310784
3710.007269505792,-50.68592834472656,909.9680328369141,20.811935424804688,-48.95463285473548,910.2544356504042,-1.7548249614244986,1.7347384845588267,0.01077329494482035,92.82211293034227,-0.304483843285297,10.693997859954834,-4.546999454498291,6.146998405456543,-24.66888999938965,43.709632873535156,14,left,35.698509258450514,128.51463333042184
3715.9837429087283,-51.85661315917969,915.8286590576172,20.783798217773438,-50.10055919966992,916.242381341757,-1.8041318236492156,1.8021746367406357,0.011657670204472087,85.78043317921127,-0.5838070518594973,10.693998098373413,-3.547999620437622,7.145998477935791,-23.70798683166504,46.63406753540039,14,left,34.31772368691835,123.54380527290606
3721.7267275759186,-53.36236572265625,921.3705902099609,20.744033813476562,-51.60174109004791,921.9159724278821,-1.8431605628842698,1.8711887928947082,0.01242325418851789,80.4942074617006,-0.7797056004632985,10.693998098373413,-2.548999547958374,8.144998550415039,-22.69000244140625,48.967041015625,14,left,33.2434945131525,119.676580247349
3727.3187452966517,-55.20817565917969,926.6489715576172,20.6956787109375,-53.46664897948952,927.3286060817841,-1.8694433028343675,1.9428712397497483,0.012869396816880568,77.70371946945617,-0.9126391066208495,10.693997740745544,-1.5499995946884155,9.143998146057129,-21.672016143798828,52.92692947387695,14,left,32.662186894774806,117.5838728211893
3732.842255370457,-57.39549255371094,931.7206573486328,20.642654418945312,-55.69695533651891,932.5274362242287,-1.8804044331723562,2.0142320284220205,0.014023556956142352,71.30858477114093,-0.9607821422825014,10.992997884750366,-0.8500001430511475,10.142997741699219,-20.71111297607422,58.44918441772461,14,left,31.285507462884173,112.62782686638302
3738.3010025231574,-59.945953369140625,936.5466613769531,20.590164184570312,-58.32547138171056,937.48731910732,-1.873712581289952,2.096739379266827,0.016146314410200313,61.93363851308739,-0.944841803572638,11.591997385025024,-0.4500000476837158,11.141997337341309,-19.864376068115234,63.906681060791016,14,left,29.16000896046014,104.9760322576565
3743.690721313119,-62.86334228515625,941.0782623291016,20.540130615234375,-61.35792236999264,942.1494921002134,-1.8476531989221994,2.18925325021926,0.017997908946558755,55.562010174032054,-0.8844767641158935,12.440996944904327,-0.30000001192092896,12.140996932983398,-19.18889045715332,69.295166015625,14,left,27.61934216998008,99.42963181192829
3749.0358245446205,-66.17733764648438,945.2717742919922,20.49517822265625,-64.82191297033805,946.4583534521147,-1.8014289205914507,2.2898697040326366,0.019080741992800493,52.40886336481663,-0.8091251798856058,13.439996540546417,-0.30000001192092896,13.139996528625488,-18.741737365722656,74.37718963623047,14,left,26.824196761193253,96.56710834029572
3754.3570271868593,-69.88365173339844,949.0897216796875,20.453811645507812,-68.70228631367914,950.3608072100128,-1.7353047802362798,2.3927620375384073,0.01885686744536541,53.0310775582069,-0.9078582116896827,12.739997148513794,-0.4500000476837158,12.289997100830078,-18.580001831054688,76.41000366210938,14,left,26.98295950096404,97.13865420347054
3759.6809007821994,-73.95364379882812,952.5213012695312,20.398529052734375,-72.95344518187733,953.8342907328342,-1.6505570587213438,2.490599933901271,0.01866401893124095,53.579028379902695,-1.2841734742160993,12.090997636318207,-0.8000001311302185,11.290997505187988,-18.893321990966797,76.19281768798828,14,left,27.122003799986494,97.63921367995138
3765.042459792295,-78.37776184082031,955.5489654541016,20.31640625,-77.56881704002745,956.8702380436818,-1.5492427010335883,2.5922168481742967,0.018163106875123347,55.05666001281011,-1.741066453061002,11.541997790336609,-1.2499998807907104,10.291997909545898,-19.74376106262207,75.71500396728516,14,left,27.493452909383244,98.97643047377969
3770.47433166487,-83.13911437988281,958.1611480712891,20.210311889648438,-82.50890792207913,959.4490869841763,-1.4338573230229814,2.686530383758545,0.016904960253479318,59.154235502812476,-2.0756809148443356,11.192997574806213,-1.8999992609024048,9.292998313903809,-20.997041702270508,75.23719024658203,14,left,28.498190065881698,102.59348423717411
3776.004638662346,-88.21223449707031,960.3595428466797,20.088623046875,-87.74674525297043,961.5808182918971,-1.3069789399465175,2.7774410568434194,0.015908004961087074,62.861433752762984,-2.295129876458324,10.99399733543396,-2.699998617172241,8.293998718261719,-22.518882751464844,75.02000427246094,14,left,29.377612412109773,105.75940468359518
3781.666453663695,-93.58421325683594,962.1427001953125,19.95318603515625,-93.26380772462976,963.2689808093916,-1.170968712954608,2.864433493669454,0.01533359359274028,65.21628435968539,-2.397116255757803,10.993997812271118,-3.6989986896514893,7.294999122619629,-24.175003051757812,73.7227783203125,14,left,29.922810446585263,107.72211760770695
3787.4746099368467,-99.23516845703125,963.4775848388672,19.81365966796875,-99.04279200175404,964.4872126834899,-1.0277923356314227,2.9533076947094044,0.014978089877729889,66.76418743399623,-2.4402472701723354,10.993997573852539,-4.697998523712158,6.295999050140381,-25.83112335205078,70.30281829833984,14,left,30.275835680942624,108.99300845139345
3793.412932665833,-105.10990905761719,964.3316497802734,19.66644287109375,-105.02101812163635,965.2061088014964,-0.8789654022188302,3.040288142544888,0.014293137665156025,69.96364433246953,-2.568553100309545,10.993997573852539,-5.696998596191406,5.296998977661133,-27.352962493896484,65.46769714355469,14,left,30.99278241413986,111.5740166909035
3799.481521850448,-111.16630554199219,964.6806182861328,19.505020141601562,-111.15414370466068,965.4061190562431,-0.7256026996352575,3.1248308542602694,0.013376511743548342,74.75790543691726,-2.964688966074225,10.993997573852539,-6.695998668670654,4.297998905181885,-28.606243133544922,59.92500305175781,14,left,32.0370794345259,115.33348596429325
3805.6767708901366,-117.35652160644531,964.5351867675781,19.302078247070312,-117.39208931113494,965.1026105392845,-0.5685374203289636,-3.0789917676735477,0.012740160423486135,78.49194725652964,-3.618736532184763,10.993997812271118,-7.694998741149902,3.298999071121216,-29.456682205200195,54.38230895996094,14,left,32.82743176656597,118.17875435963751
3812.0026009274957,-123.64364624023438,963.8831481933594,19.051010131835938,-123.7017546932543,964.2874718732112,-0.40847794359217,-2.9988523942858,0.012831072499640273,77.9358077844261,-4.154706728038282,10.99399733543396,-8.693998336791992,2.2999989986419678,-29.770002365112305,49.54718780517578,14,left,32.71092883384388,117.75934380183797
3818.4694524917313,-129.99411010742188,962.6945190429688,18.770050048828125,-130.04946372052163,962.9343932396285,-0.24617809144267078,-2.9148016058904345,0.012989579828208031,76.98478420590718,-4.439498764171135,11.492997288703918,-9.692997932434082,1.7999993562698364,-29.099842071533203,46.127227783203125,14,left,32.51073619046488,117.03865028567358
3824.994892342061,-136.27728271484375,960.9579925537109,18.474105834960938,-136.3025995035604,961.036619447161,-0.08260222856882181,-2.830088881574502,0.012868123456178104,77.7114086141201,-4.59330679936456,12.541996836662292,-10.691997528076172,1.8499993085861206,-28.950504302978516,44.83000183105469,14,left,32.66380289249746,117.58969041299085
3831.6461241590955,-142.509765625,958.6559753417969,18.164657592773438,-142.47852237667792,958.5813135192863,0.08093533410279496,-2.7452714729253738,0.012508649570502517,79.94468102761203,-4.718554510695205,13.000021934509277,-10.750022888183594,2.2499990463256836,-28.53763198852539,46.080345153808594,14,left,33.12982506261094,119.26737022539939
3838.425698968446,-148.6413116455078,955.7816925048828,17.840194702148438,-148.52936507745667,955.5663699450407,0.24268464903118428,-2.662150730431559,0.011688980003268457,85.55066393478143,-4.828175027756321,13.050019264221191,-10.200020790100098,2.8499984741210938,-27.913928985595703,49.4312629699707,14,left,34.271731585469006,123.37823370768842
3845.344159092406,-154.6412811279297,952.3535919189453,17.503173828125,-154.4298262388864,952.0135092829897,0.40046144555849106,-2.585315784349426,0.010746128658127796,93.05676786622628,-4.823694148692059,13.150015592575073,-9.450017929077148,3.699997663497925,-27.132104873657227,54.282596588134766,14,left,35.743603814297444,128.6769737314708
3852.434969931496,-160.5105438232422,948.38916015625,17.164596557617188,-160.18553838758842,947.9432772652408,0.5517608954059767,-2.511730821292297,0.010089211821622035,99.11577015926213,-4.786964150836659,13.30001449584961,-8.650014877319336,4.649999618530273,-26.2448673248291,60.034175872802734,14,left,36.88890259150113,132.80004932940406
3859.718798177473,-166.22921752929688,943.8915252685547,16.815017700195312,-165.7815002058145,943.3612615426263,0.6939959803786354,-2.4403998137845435,0.009316711761011648,107.33400642325074,-4.812834842754654,13.399011135101318,-7.750011444091797,5.6489996910095215,-25.304922103881836,66.0858383178711,14,left,38.387782532034855,138.19601711532547
3867.193855851604,-171.76747131347656,938.8841247558594,16.4542236328125,-171.1949584640296,938.2903639900185,0.8248168341116118,-2.374411112537992,0.00888553189742508,112.54250297495278,-4.811011182499114,13.448007583618164,-6.8000078201293945,6.6479997634887695,-24.36497688293457,71.83741760253906,14,left,39.30815324483012,141.50935168138844
3874.858913912144,-177.09242248535156,933.3829498291016,16.086685180664062,-176.3933163503799,932.750916399333,0.9424519320898792,-2.305849635445761,0.008653996555186366,115.5535472683655,-4.751615640777363,13.49700403213501,-5.850004196166992,7.646999835968018,-23.477737426757812,76.6887435913086,14,left,39.83052186511046,143.38987871439767
3882.7074272979053,-182.14979553222656,927.3924865722656,15.717239379882812,-181.32958533736146,926.7433811273743,1.0459840545382133,-2.24026464917275,0.007395616372145003,135.21523422529324,-4.685928577112753,13.546000480651855,-4.90000057220459,8.645999908447266,-22.69591522216797,80.03966522216797,14,left,42.08554109375074,151.50794793750268
3890.746525195847,-186.96060180664062,920.9626617431641,15.34228515625,-186.03508930317696,920.304824575248,1.1354836562273678,-2.188721608460007,0.00531514743789252,188.14153542963703,-4.591749171923065,13.69499683380127,-4.049997329711914,9.644999504089355,-22.07221221923828,81.29000854492188,14,left,44.276411956207816,159.39508304234815
3898.986677656535,-191.60826110839844,914.1684875488281,14.97003173828125,-190.59675584206164,913.5008721688587,1.2119625404272063,-2.154184417951835,0.004497838776258728,222.3290006032171,-4.471129091435988,14.09399700164795,-3.449997901916504,10.643999099731445,-21.659339904785156,76.92963409423828,14,left,46.41487427995984,167.09354740785543
3907.4155684315188,-196.10946655273438,907.0518646240234,14.59716796875,-195.01589687729268,906.3921272412642,1.2771640651285514,-2.1136299141385697,0.00557386257409781,179.40880075642355,-4.359552394011135,13.640997171401978,-3.199998140335083,10.440999031066895,-21.51000213623047,69.00370788574219,14,left,48.50487182282687,174.61753856217675
3916.0161745106684,-200.34622192382812,899.5763092041016,14.22784423828125,-199.16872429679017,898.95096055621,1.3332522616143547,-2.058999811777156,0.006370430568980956,156.9752608040691,-4.251563924079993,12.691997528076172,-3.249998092651367,9.441999435424805,-21.763404846191406,60.41203689575195,14,left,46.42372257703936,167.1254012773417
3924.7728914945033,-204.22886657714844,891.7360687255859,13.859344482421875,-202.9735408769016,891.1569215859555,1.382481111278667,-2.003050451345243,0.00639674120688874,156.32960091039575,-4.1745495124719145,11.942997694015503,-3.499997854232788,8.442999839782715,-22.458221435546875,51.66407775878906,14,left,46.32815076252348,166.78134274508452
3933.6808980644128,-207.72291564941406,883.5502166748047,13.490524291992188,-206.3952594931335,883.0273022507865,1.4269233911306929,-1.9460008780995017,0.006232762687195109,160.4424955974096,-4.091599247716271,11.49399709701538,-4.049997329711914,7.443999767303467,-23.49635887145996,42.76470947265625,14,left,46.933620776906515,168.96103479686346
3942.731767808999,-210.80430603027344,875.0478973388672,13.124679565429688,-209.41071820037104,874.5855045924679,1.4682963228090884,-1.8911664437676443,0.005925635085490322,168.75828254234358,-3.968139247592428,11.295000076293945,-4.850000381469727,6.444999694824219,-24.77972412109375,37.30000305175781,14,left,48.13454867443366,173.2843752279612
3951.900634333038,-213.45286560058594,866.2771606445312,12.767715454101562,-211.99851291059244,865.8789239251306,1.507890656370776,-1.83806892244822,0.005473080580589318,182.71245695643023,-3.8310872648370076,11.295000076293945,-5.849000453948975,5.445999622344971,-26.210227966308594,36.8183479309082,14,left,50.08508722580491,180.3063140128977
3961.1360693495167,-215.678955078125,857.3207855224609,12.419677734375,-214.1695462438715,856.9837525774249,1.5465788809375716,-1.7904807078587028,0.00506822855616923,197.30759750026743,-3.686593405676708,11.295000076293945,-6.848000526428223,4.446999549865723,-27.689777374267578,35.47751998901367,14,left,52.047066886006135,187.3694407896221
3970.5147245812127,-217.50299072265625,848.1274261474609,12.08172607421875,-215.9417722699421,847.854678107736,1.5848642056242415,-1.7437528670020426,0.004645445885161886,215.26458917412438,-3.442777856370405,11.295000314712524,-7.847000598907471,3.4479997158050537,-29.120281219482422,33.43373107910156,14,left,54.12608267576165,194.85389763274196
3980.038506736952,-218.9583740234375,838.7206878662109,11.769378662109375,-217.34955198701198,838.5071260171044,1.622934690085268,-1.7027690052406952,0.0039642934495828785,252.2517600469813,-3.2953940260996184,11.295000314712524,-8.846000671386719,2.4489996433258057,-30.40364646911621,30.84320068359375,15,straight,56.158562852779454,202.17082627000605
3989.705175712197,-220.05398559570312,829.1216430664062,11.44927978515625,-218.40108970604385,828.9608448370708,1.6606989169051594,-1.6677738983107067,0.0036811248157711807,271.65609699395753,-3.4193775428570383,11.294999957084656,-9.845000267028809,1.4499996900558472,-31.441783905029297,27.862136840820312,15,straight,58.14893391992832,209.33616211174194
3999.513430033176,-220.82151794433594,819.3495941162109,11.1031494140625,-219.12680386282273,819.2473372065847,1.697796305110088,-1.6310619983835681,0.0034694834247696593,288.2273461405542,-3.5764920220076934,11.49399995803833,-10.843999862670898,0.6500000953674316,-32.136600494384766,24.646753311157227,15,straight,60.10112475979611,216.364049135266
4009.462157191927,-221.25595092773438,809.4169006347656,10.742538452148438,-219.52306459339272,809.367485371429,1.733590757935291,-1.5993047606892616,0.00244982604554686,408.19224769764253,-3.6101692639102567,12.04299946129322,-11.842999458312988,0.20000000298023224,-32.3900032043457,21.35326385498047,15,straight,62.01852982659176,223.26670737573033
4019.5525284482123,-221.44891357421875,799.3348999023438,10.379745483398438,-219.68186019293532,799.3147808864334,1.767167911406943,-1.5821814648055552,0.0012840296538211282,778.798213128577,-3.5392685035253724,12.841999053955078,-12.841999053955078,0.0,-32.1859016418457,20.82148551940918,15,straight,63.904496055637075,230.05618580029346
4029.782239408082,-221.51895141601562,789.1116333007812,10.023513793945312,-219.72159612234142,789.1070810844835,1.7973610584331314,-1.5733290517269145,0.0008508612926830805,1175.2796943513906,-3.4661520988537364,13.950031638145447,-13.000031471252441,0.9500001668930054,-31.647815704345703,19.553396224975586,15,straight,65.76131601548127,236.74073765573257
4040.146975370672,-221.50096130371094,778.7530822753906,9.66595458984375,-219.6781671663088,778.7642633212919,1.822828429429124,-1.564662389098993,0.0008930269928407453,1119.786980703652,-3.427503078161781,13.950031638145447,-13.000031471252441,0.9500001668930054,-30.887073516845703,18.03986930847168,15,straight,67.59064058813223,243.32630611727603
4050.6436338149483,-221.3834686279297,768.2631683349609,9.308547973632812,-219.54152702632408,768.2928485625463,1.8421807130775594,-1.5546841660353279,0.001015886328778276,984.3621000418608,-3.384772932179164,12.950030900537968,-12.850030899047852,0.10000000149011612,-30.015003204345703,16.771780014038086,15,straight,69.39411811091931,249.81882519930952
4061.2674506798953,-221.14718627929688,757.6479949951172,8.951126098632812,-219.29373327449048,757.6991756102233,1.8541595121209289,-1.5431896854202203,0.0008609921550715993,1161.4507682904973,-3.3390093769582405,13.000030159950256,-12.650030136108398,0.3500000238418579,-29.14293098449707,16.240001678466797,15,straight,71.17292573143904,256.22253263318055
4072.0150801664518,-220.80279541015625,746.9117889404297,8.595016479492188,-218.9460759561098,746.9757926928654,1.8578222765809285,-1.5363385529375602,0.0003655717974310191,2735.4407725850165,-3.2765484191727534,12.950028896331787,-12.300028800964355,0.6500000953674316,-28.38218879699707,16.272216796875,15,straight,72.92832875408122,262.5419835146924
4082.883650236522,-220.4167022705078,736.0557861328125,8.242950439453125,-218.56517387417477,736.1214369402095,1.8526919417268153,-1.535353545984,-0.00011382265627871146,8785.597109518805,-3.193684847209161,12.950027346611023,-11.90002727508545,1.0500000715255737,-27.84410285949707,16.36359977722168,15,straight,74.66152533460404,268.78149120457454
4093.8677579095424,-220.04396057128906,725.0834503173828,7.897216796875,-218.2060663213662,725.1421412603773,1.8388311234828167,-1.5388733775695806,-0.00035435700188579666,2822.012813852295,-3.0969839014898026,12.95002543926239,-11.500025749206543,1.4499996900558472,-27.64000129699707,16.506263732910156,15,straight,76.37319480104011,274.9435012837444
4104.963147745441,-219.71331787109375,713.9981384277344,7.55926513671875,-217.89719039582403,714.0482965811849,1.8168199819429403,-1.5431851557646579,-0.0003295561495725019,3034.3842810919887,-2.994591304483063,12.950024008750916,-11.200024604797363,1.7499994039535522,-32.59062576293945,16.692319869995117,15,straight,78.06411169980572,281.03080211930063
4116.166617462759,-219.42127990722656,702.8033294677734,7.2295684814453125,-217.63417528553904,702.8472779550358,1.787644930736947,-1.5462092766498694,-0.000266641692009878,3750.351239006367,-2.890816236429111,13.150023460388184,-11.100024223327637,2.049999237060547,-39.24624252319336,16.913877487182617,15,straight,79.73512369469142,287.04644530088916
4127.473854550687,-219.15895080566406,691.5036926269531,6.90863037109375,-217.40682955756554,691.5415610963056,1.7525304245602817,-1.5491867637068553,-0.00030428255193992726,3286.419131246882,-2.7852214759179317,13.700024366378784,-11.400025367736816,2.2999989986419678,-46.674766540527344,17.16304588317871,15,straight,80.0,288.0
4138.873540559176,-218.93360900878906,680.1104888916016,6.59722900390625,-217.22112060534604,680.1407519270034,1.7127557862224807,-1.5531262009325517,-0.00032808447799057006,3047.995461793052,-2.677636464515526,14.400025844573975,-11.850027084350586,2.5499987602233887,-54.618568420410156,17.43194007873535,15,straight,80.0,288.0
4150.293596118008,-218.7515411376953,668.6958160400391,6.2976226806640625,-217.08220426001796,668.7193944425273,1.6695033849134457,-1.5566728535552494,-0.0002772867682041824,3606.374752305677,-2.5695196565755696,15.20002818107605,-12.500029563903809,2.699998617172241,-62.820003509521484,17.712665557861328,15,straight,80.0,288.0
4161.807369183121,-218.60523986816406,657.1866149902344,6.0080413818359375,-216.98158730848576,657.2049908804565,1.6237565420626747,-1.5594791853337568,-0.0001503747128823174,6650.054260004444,-2.4616747853735244,16.200031280517578,-13.350032806396484,2.8499984741210938,-71.02143859863281,17.997337341308594,15,straight,80.0,288.0
4173.417090718412,-218.47882080078125,645.5809478759766,5.7285003662109375,-216.9026584200106,645.5977571422022,1.5762520109384937,-1.5601320518415263,7.003313116493715e-05,14278.956022184268,-2.3540309186681845,17.34903073310852,-14.349032402038574,2.9999983310699463,-78.96524047851562,18.278064727783203,15,straight,80.0,288.0
4185.120218543405,-218.34083557128906,633.8817291259766,5.4593505859375,-216.8134901339264,633.9015452485345,1.5274739813645946,-1.5578228302304693,0.0002677289724553611,3735.1205991228003,-2.244447081198808,17.344008922576904,-14.194010734558105,3.149998188018799,-86.39376831054688,18.54695701599121,15,straight,80.0,288.0
4196.914365108035,-218.1638641357422,622.0917358398438,5.2012176513671875,-216.68640417377873,622.1168078511582,1.4776726785578678,-1.5538282831828074,0.0003389100900313413,2950.635078192931,-2.1318688735741054,16.495009183883667,-13.195011138916016,3.2999980449676514,-93.04938507080078,18.796125411987305,15,straight,80.0,288.0
4208.796844756714,-217.93731689453125,610.2139739990234,4.9546966552734375,-216.51076392702515,610.2439328522541,1.4268675138173679,-1.549798543493587,0.0002931205205380927,3411.565993961328,-2.016147766678664,15.746009349822998,-12.196011543273926,3.5499978065490723,-96.07000732421875,19.017683029174805,15,straight,80.0,288.0
4220.765553402544,-217.66705322265625,598.2506103515625,4.7204437255859375,-216.2925951273665,598.2835367782009,1.3748524303643213,-1.5468449744479476,0.0002161953283636997,4625.446847388517,-1.8975929311744577,14.997009515762329,-11.197011947631836,3.799997568130493,-95.79893493652344,19.203739166259766,15,straight,80.0,288.0
4232.817743806712,-217.36387634277344,586.2042694091797,4.4989776611328125,-216.0431525029172,586.2388616137733,1.3211767791568443,-1.5446104607050783,0.00014980937141284567,6675.149829206567,-1.7781641920834923,14.298009872436523,-10.198012351989746,4.099997520446777,-95.52786254882812,19.346403121948242,15,straight,80.0,288.0
4244.951110221305,-217.03517150878906,574.0771484375,4.2904815673828125,-215.7705274368473,574.1120219637081,1.2651248126282388,-1.5432275495621117,-6.491186481272226e-06,154055.04107532697,-1.6802220441601539,13.649011611938477,-9.199012756347656,4.44999885559082,-95.25679016113281,19.437786102294922,15,straight,80.0,288.0
4257.163144957147,-216.7058868408203,561.8712005615234,4.0899810791015625,-215.5005805389527,561.902556227031,1.2057140867888978,-1.5447875065730823,-0.00022929447582098472,4361.2040648581615,-1.5656884579911379,12.950013160705566,-8.200013160705566,4.75,-94.9857177734375,19.470001220703125,15,straight,80.0,288.0
4269.451549087946,-216.41123962402344,549.5876922607422,3.9069976806640625,-215.26977612298793,549.6127347381669,1.1417381704540615,-1.548860924762274,-0.0003197587810818414,3127.3574305502893,-1.406865306901575,12.950013160705566,-7.900012016296387,5.05000114440918,-94.71465301513672,19.483871459960938,15,straight,80.0,288.0
4281.813796388098,-216.1661834716797,537.2289581298828,3.7433013916015625,-215.09448745184815,537.24838827993,1.0718721424002036,-1.5526680318634634,-0.00017869540255804894,5596.114873045776,-1.2877423990758252,12.950013160705566,-7.65001106262207,5.300002098083496,-94.4435806274414,19.524682998657227,15,straight,80.0,288.0
4294.247818678887,-215.9464111328125,524.7978515625,3.587738037109375,-214.95172865622374,524.8152832003634,0.9948352080778652,-1.553273293997873,3.277181503688609e-05,30514.025508640792,-1.1736735858356384,12.950013160705566,-7.400010108947754,5.5500030517578125,-94.1725082397461,19.59123992919922,15,straight,80.0,288.0
4306.750809096161,-215.71881103515625,512.2976837158203,3.4507293701171875,-214.8093868944278,512.3149255456018,0.9095875705141825,-1.5518395346680982,0.0001218168029784028,8209.048140733856,-1.0419174173866925,12.950013160705566,-7.200009346008301,5.750003814697266,-93.90143585205078,19.682344436645508,15,straight,80.0,288.0
4319.321022850936,-215.4700469970703,499.7305450439453,3.326568603515625,-214.65471363925374,499.7473256143342,0.8155060219955534,-1.5502179934248086,5.168261821772435e-05,19348.86494695917,-0.922985416036734,12.950013160705566,-6.950008392333984,6.000004768371582,-93.63036346435547,19.796798706054688,15,straight,80.0,288.0
4331.956385446108,-215.21055603027344,487.0983123779297,3.218170166015625,-214.49822022211998,487.112738709721,0.7124818752969049,-1.550546944700909,-9.23726478866127e-05,10825.715435022483,-0.7932677150353216,12.950013160705566,-6.700007438659668,6.250005722045898,-93.35929107666016,19.93340301513672,15,straight,80.0,288.0
4344.654647248586,-214.9661102294922,474.4027404785156,3.1256866455078125,-214.36530834295598,474.41369421022154,0.6009017316531398,-1.5525664934368628,-0.000163815522632893,6104.427614231517,-0.6658077300189164,12.950013160705566,-6.450006484985352,6.500006675720215,-93.08821868896484,20.090965270996094,15,straight,80.0,288.0
4357.413283098719,-214.74928283691406,461.64617919921875,3.0487518310546875,-214.26783067721027,461.6539209282561,0.48151439900789295,-1.5547177575368143,-9.15802375681396e-05,10919.38639333576,-0.5349976595817763,12.950013160705566,-6.200005531311035,6.750007629394531,-92.81714630126953,20.26828384399414,15,straight,80.0,288.0
4370.2302268923995,-214.5465545654297,448.8309783935547,2.9889373779296875,-214.1913709101861,448.83662508859123,0.355228537869689,-1.5548997073967532,5.6307380512071736e-05,17759.661183059477,-0.39742263673782363,12.950013160705566,-6.000004768371582,6.950008392333984,-92.54607391357422,20.464160919189453,15,straight,80.0,288.0
4383.103393579946,-214.33187866210938,435.9596710205078,2.9467315673828125,-214.10899912523473,435.9635791806704,0.2229137987503464,-1.5532632695096784,0.00012712007284567772,7866.578248535055,-0.327858805616997,12.950013160705566,-5.800004005432129,7.1500091552734375,-92.27500915527344,20.67740249633789,15,straight,80.0,288.0
