s_m,x_center_m,y_center_m,z_center_m,x_line_m,y_line_m,offset_m,heading_rad,curvature_1_per_m,radius_m,slope_pct,width_m,drive_left_m,drive_right_m,limit_left_m,limit_right_m,segment_id,segment_kind,v_target_ms,v_target_kmh
0.0,-213.2205352783203,384.0102844238281,2.915496826171875,-211.83172199533098,384.04442329853015,-1.3892328090617359,1.5953727054688396,-9.10896572596663e-05,10978.194781755878,-0.001523080862050145,12.950013160705566,-8.25001335144043,4.699999809265137,-21.680044174194336,91.19071960449219,0,straight,80.0,288.0
13.023882234689204,-213.53329467773438,397.03041076660156,2.9152984619140625,-212.13223574554715,397.0631875653989,-1.4014422749442932,1.5941863644998915,-0.00011746831880824621,8512.933616019374,0.0025750685971284715,14.549015045166016,-9.24901294708252,5.300002098083496,-21.409326553344727,91.4617919921875,0,straight,80.0,288.0
26.053695053129523,-213.8262176513672,410.0569305419922,2.916168212890625,-212.42410415656656,410.08710248569133,-1.4024380907864167,1.5923119087592454,-0.00014834957927123416,6740.834756070695,0.02777040221519922,13.69901180267334,-8.399009704589844,5.300002098083496,-21.151182174682617,91.73286437988281,0,straight,80.0,288.0
39.033831120115394,-214.09181213378906,423.0343475341797,2.9225006103515625,-212.70135112461494,423.0615093587719,-1.3907262788732657,1.5903282448309335,-0.00015372330844110743,6505.194366039212,0.11825139522070732,12.950013160705566,-7.400010108947754,5.5500030517578125,-20.906808853149414,92.00393676757812,0,straight,80.0,288.0
51.9614065425805,-214.33187866210938,435.9596710205078,2.9467315673828125,-212.9667518255485,435.98360832042505,-1.3653366889621283,1.5883293840801147,-0.00014084100334001842,7100.205027550105,0.2577955682590699,12.950013160705566,-7.1500091552734375,5.800004005432129,-20.67740249633789,92.27500915527344,0,straight,80.0,288.0
64.83457323012716,-214.5465545654297,448.8309783935547,2.9889373779296875,-213.22068462327422,448.852057018967,-1.326037485126493,1.5866929461930401,-5.6307380512085614e-05,17759.661183055097,0.3974226367378264,12.950013160705566,-6.950008392333984,6.000004768371582,-20.464160919189453,92.54607391357422,0,straight,80.0,288.0
77.65151702380724,-214.74928283691406,461.64617919921875,3.0487518310546875,-213.47603031364014,461.66665304242963,-1.273417121872983,1.5868748960529788,9.158023756811878e-05,10919.386393338244,0.5349976595817776,12.950013160705566,-6.750007629394531,6.200005531311035,-20.26828384399414,92.81714630126953,0,straight,80.0,288.0
90.41015287394042,-214.9661102294922,474.4027404785156,3.1256866455078125,-213.75749893327603,474.42477570205966,-1.2088121510052556,1.5890261601529303,0.0001638155226329624,6104.427614228931,0.6658077300189289,12.950013160705566,-6.500006675720215,6.450006484985352,-20.090965270996094,93.08821868896484,0,straight,80.0,288.0
103.10841467641862,-215.21055603027344,487.0983123779297,3.218170166015625,-214.07669053845387,487.12127559219533,-1.1340979952141026,1.591045708888884,9.237264788662658e-05,10825.715435020857,0.7932677150353382,12.950013160705566,-6.250005722045898,6.700007438659668,-19.93340301513672,93.35929107666016,0,straight,80.0,288.0
115.74377727158992,-215.4700469970703,499.7305450439453,3.326568603515625,-214.41886024880947,499.7521797692413,-1.0514093594113694,1.5913746601649845,-5.168261821775211e-05,19348.864946948775,0.9229854160367257,12.950013160705566,-6.000004768371582,6.950008392333984,-19.796798706054688,93.63036346435547,0,straight,80.0,288.0
128.3139910263653,-215.71881103515625,512.2976837158203,3.4507293701171875,-214.7561233384993,512.3159353727262,-0.9628606982707849,1.589753118921695,-0.00012181680297843056,8209.048140731986,1.0419174173866868,12.950013160705566,-5.750003814697266,7.200009346008301,-19.682344436645508,93.90143585205078,0,straight,80.0,288.0
140.81698144363943,-215.9464111328125,524.7978515625,3.587738037109375,-215.07622005438407,524.813101510205,-0.8703246945143227,1.58831935959192,-3.277181503685833e-05,30514.025508666637,1.173673585835655,12.950013160705566,-5.5500030517578125,7.400010108947754,-19.59123992919922,94.1725082397461,0,straight,80.0,288.0
153.25100373442774,-216.1661834716797,537.2289581298828,3.7433013916015625,-215.3910141019207,537.2430121684233,-0.7752967611255978,1.58892462172633,0.00017869540255803507,5596.114873046211,1.2877423990758419,12.950013160705566,-5.300002098083496,7.65001106262207,-19.524682998657227,94.4435806274414,0,straight,80.0,288.0
165.61325103458003,-216.41123962402344,549.5876922607422,3.9069976806640625,-215.73255993393465,549.6025817607588,-0.6788430002215132,1.5927317288275191,0.00031975878108182754,3127.357430550425,1.4068653069015862,12.950013160705566,-5.05000114440918,7.900012016296387,-19.483871459960938,94.71465301513672,0,straight,80.0,288.0
177.90165516537877,-216.7058868408203,561.8712005615234,4.0899810791015625,-216.12448109490677,561.8863256496979,-0.5816024498517707,1.5968051470167108,0.00022929447582097084,4361.204064858425,1.565688457991149,12.950013160705566,-4.75,8.200013160705566,-19.470001220703125,94.9857177734375,0,straight,80.0,288.0
190.113689901221,-217.03517150878906,574.0771484375,4.2904815673828125,-216.55154802431218,574.0904847244719,-0.4838073286833944,1.5983651040276816,6.491186481216715e-06,154055.0410766444,1.6802220441601845,13.649011611938477,-4.44999885559082,9.199012756347656,-19.437786102294922,95.25679016113281,0,straight,80.0,288.0
202.2470563158129,-217.36387634277344,586.2042694091797,4.4989776611328125,-216.9787163597083,586.2143574628162,-0.385292072823876,1.596982192884715,-0.00014980937141281792,6675.149829207804,1.7781641920834812,14.298009872436523,-4.099997520446777,10.198012351989746,-19.346403121948242,95.52786254882812,0,straight,80.0,288.0
214.29924671998128,-217.66705322265625,598.2506103515625,4.7204437255859375,-217.3816554177518,598.257447322379,-0.2854796861673734,1.5947476791418456,-0.00021619532836367195,4625.446847389111,1.897592931174394,14.997009515762329,-3.799997568130493,11.197011947631836,-19.203739166259766,95.79893493652344,0,straight,80.0,288.0
226.26795536581238,-217.93731689453125,610.2139739990234,4.9546966552734375,-217.7540059471996,610.2178236883738,-0.18335136628811943,1.5917941100962063,-0.0002931205205381482,3411.565993960682,2.016147766678633,15.746009349822998,-3.5499978065490723,12.196011543273926,-19.017683029174805,96.07000732421875,0,straight,80.0,288.0
238.15043501449105,-218.1638641357422,622.0917358398438,5.2012176513671875,-218.08644070835848,622.0930496900307,-0.07743457438480636,1.5877643704069857,-0.00033891009003131356,2950.6350781931724,2.1318688735741445,16.495009183883667,-3.2999980449676514,13.195011138916016,-18.796125411987305,93.04938507080078,0,straight,80.0,288.0
249.94458157912072,-218.34083557128906,633.8817291259766,5.4593505859375,-218.37499367238794,633.8812859511052,0.034160975903048736,1.583769823359324,-0.00026772897245538885,3735.120599122413,2.2444470811988415,17.344008922576904,-3.149998188018799,14.194010734558105,-18.54695701599121,86.39376831054688,0,straight,80.0,288.0
261.6477094041139,-218.47882080078125,645.5809478759766,5.7285003662109375,-218.6324318615319,645.5793096632855,0.15361979600873227,1.5814606017482669,-7.003313116493715e-05,14278.956022184268,2.3540309186681956,17.34903073310852,-2.9999983310699463,14.349032402038574,-18.278064727783203,78.96524047851562,0,straight,80.0,288.0
273.25743093940406,-218.60523986816406,657.1866149902344,6.0080413818359375,-218.88841949461914,657.1834100695154,0.28319776191920737,1.5821134682560363,0.0001503747128822619,6650.054260006898,2.4616747853735244,16.200031280517578,-2.8499984741210938,13.350032806396484,-17.997337341308594,71.02143859863281,0,straight,80.0,288.0
284.77120400451713,-218.7515411376953,668.6958160400391,6.2976226806640625,-219.1764237389176,668.6898148229595,0.4249249809411875,1.5849198000345437,0.00027728676820422404,3606.3747523051356,2.569519656575614,15.20002818107605,-2.699998617172241,12.500029563903809,-17.712665557861328,62.820003509521484,0,straight,80.0,288.0
296.1912595633491,-218.93360900878906,680.1104888916016,6.59722900390625,-219.5137981791063,680.1002358087977,0.5802797593061142,1.5884664526572414,0.00032808447799057006,3047.995461793052,2.677636464515587,14.400025844573975,-2.5499987602233887,11.850027084350586,-17.43194007873535,54.618568420410156,0,straight,80.0,288.0
307.59094557183784,-219.15895080566406,691.5036926269531,6.90863037109375,-219.90869672442057,691.4874884228335,0.7499210084556764,1.5924058898829379,0.00030428255193994114,3286.419131246732,2.785221475917904,13.700024366378784,-2.2999989986419678,11.400025367736816,-17.16304588317871,46.674766540527344,0,straight,80.0,288.0
318.89818265976635,-219.42127990722656,702.8033294677734,7.2295684814453125,-220.3545461040473,702.780378580027,0.9335483583492711,1.5953833769399237,0.000266641692009878,3750.351239006367,2.8908162364290115,13.150023460388184,-2.049999237060547,11.100024223327637,-16.913877487182617,39.24624252319336,0,straight,79.73512369469157,287.0464453008897
330.1016523770843,-219.71331787109375,713.9981384277344,7.55926513671875,-220.84281836529058,713.966943668621,1.1299311834740506,1.5984074978251355,0.000329556149572488,3034.3842810921165,2.99459130448298,12.950024008750916,-1.7499994039535522,11.200024604797363,-16.692319869995117,32.59062576293945,0,straight,78.0641116998058,281.0308021193009
341.1970422129835,-220.04396057128906,725.0834503173828,7.897216796875,-221.3803782233731,725.0407734265668,1.337098896047546,1.6027192760202127,0.0003543570018858383,2822.0128138519635,3.096983901489758,12.95002543926239,-1.4499996900558472,11.500025749206543,-16.506263732910156,27.64000129699707,0,straight,76.37319480104016,274.9435012837446
352.181149886004,-220.4167022705078,736.0557861328125,8.242950439453125,-221.96836649695095,736.0007677979726,1.5526393299127443,1.6062391076057931,0.00011382265627871146,8785.597109518805,3.1936848472091715,12.950027346611023,-1.0500000715255737,11.90002727508545,-16.36359977722168,27.84410285949707,0,straight,74.66152533460406,268.78149120457465
363.0497199560741,-220.80279541015625,746.9117889404297,8.595016479492188,-222.57576918317574,746.8506720203716,1.7740268537235613,1.6052541006522332,-0.00036557179743104684,2735.4407725848087,3.2765484191727534,12.950028896331787,-0.6500000953674316,12.300028800964355,-16.272216796875,28.38218879699707,0,straight,72.92832875408128,262.5419835146926
373.7973494426307,-221.14718627929688,757.6479949951172,8.951126098632812,-223.14532613572473,757.592819046952,1.9989015161086634,1.5984029681695728,-0.0008609921550715993,1161.4507682904973,3.339009376958202,13.000030159950256,-0.3500000238418579,12.650030136108398,-16.240001678466797,29.14293098449707,0,straight,71.17292573143907,256.22253263318066
384.4211663075778,-221.3834686279297,768.2631683349609,9.308547973632812,-223.6084230648715,768.2273164089293,2.225243269188156,1.5869084875544655,-0.0010158863287782344,984.3621000419012,3.384772932179186,12.950030900537968,-0.10000000149011612,12.850030899047852,-16.771780014038086,30.015003204345703,0,straight,69.39411811091932,249.81882519930957
394.91782475185397,-221.50096130371094,778.7530822753906,9.66595458984375,-223.95236992202004,778.7380452990685,2.451454736391655,1.5769302644908003,-0.0008930269928407036,1119.786980703704,3.427503078161831,13.950031638145447,-0.9500001668930054,13.000031471252441,-18.03986930847168,30.887073516845703,0,straight,67.59064058813227,243.3263061172762
405.28256071444366,-221.51895141601562,789.1116333007812,10.023513793945312,-224.19526133429355,789.1184116721308,2.676318502157561,1.5682636018628786,-0.0008508612926830944,1175.2796943513715,3.466152098853792,13.950031638145447,-0.9500001668930054,13.000031471252441,-19.553396224975586,31.647815704345703,0,straight,65.76131601548134,236.74073765573283
415.5122716743133,-221.44891357421875,799.3348999023438,10.379745483398438,-224.3476017530437,799.3679032933035,2.898876054934807,1.5594111887842381,-0.001284029653821142,778.7982131285686,3.539268503525428,12.841999053955078,-0.0,12.841999053955078,-20.82148551940918,32.1859016418457,0,straight,63.90449605563719,230.0561858002939
425.60264293059856,-221.25595092773438,809.4169006347656,10.742538452148438,-224.37292385116982,809.5057847322233,3.1182399824597518,1.5422878929005317,-0.00244982604554686,408.19224769764253,3.6101692639103344,12.04299946129322,-0.20000000298023224,11.842999458312988,-21.35326385498047,32.3900032043457,0,straight,62.0185298265919,223.26670737573085
435.55137008934923,-220.82151794433594,819.3495941162109,11.1031494140625,-224.14881354956717,819.5503589353125,3.333347050215443,1.5105306552062252,-0.003469483424769701,288.2273461405507,3.5764920220077046,11.49399995803833,-0.6500000953674316,10.843999862670898,-24.646753311157227,32.136600494384766,0,straight,60.1011247597963,216.36404913526667
445.3596244103283,-220.05398559570312,829.1216430664062,11.44927978515625,-223.57999476172316,829.4646628742862,3.54265482759122,1.4738187552790865,-0.0036811248157711945,271.6560969939565,3.419377542857027,11.294999957084656,-1.4499996900558472,9.845000267028809,-27.862136840820312,31.441783905029297,0,straight,58.14893391992848,209.33616211174254
455.0262933855734,-218.9583740234375,838.7206878662109,11.769378662109375,-222.6696135786294,839.2133335187066,3.743794702563667,1.4388236483490981,-0.003964293449582851,252.25176004698307,3.2953940260996406,11.295000314712524,-2.4489996433258057,8.846000671386719,-30.84320068359375,30.40364646911621,0,straight,56.15856285277962,202.17082627000661
464.5500755413127,-217.50299072265625,848.1274261474609,12.08172607421875,-221.3775312733263,848.8043162637625,3.933223195845042,1.3978397865877508,-0.004645445885161831,215.26458917412694,3.4427778563703715,11.295000314712524,-3.4479997158050537,7.847000598907471,-33.43373107910156,29.120281219482422,1,right,54.12608267576183,194.8538976327426
473.92873077300897,-215.678955078125,857.3207855224609,12.419677734375,-219.68622885587558,858.2155618429857,4.105955162154025,1.3511119457310905,-0.005068228556169202,197.3075975002685,3.6865934056766636,11.295000076293945,-4.446999549865723,6.848000526428223,-35.47751998901367,27.689777374267578,1,right,52.04706688600628,187.36944078962262
483.16416578948775,-213.45286560058594,866.2771606445312,12.767715454101562,-217.5572703305893,867.4010453019565,4.255497022777696,1.303523731141573,-0.0054730805805893595,182.71245695642887,3.8310872648370187,11.295000076293945,-5.445999622344971,5.849000453948975,-36.8183479309082,26.210227966308594,1,right,50.08508722580473,180.30631401289702
492.33303231352664,-210.80430603027344,875.0478973388672,13.124679565429688,-214.95585445995556,876.4253820147663,4.374107725734826,1.2504262098221488,-0.005925635085490308,168.75828254234398,3.9681392475924837,11.295000076293945,-6.444999694824219,4.850000381469727,-37.30000305175781,24.77972412109375,1,right,48.13454867443372,173.2843752279614
501.3839020581127,-207.72291564941406,883.5502166748047,13.490524291992188,-211.86655418980757,885.1822419175146,4.45345335063439,1.1955917754902916,-0.006232762687195123,160.44249559740922,4.091599247716338,11.49399709701538,-7.443999767303467,4.049997329711914,-42.76470947265625,23.49635887145996,1,right,46.933620776906466,168.9610347968633
510.2919086280221,-204.22886657714844,891.7360687255859,13.859344482421875,-208.30191964114772,893.6151802829405,4.485623870448504,1.1385422022445504,-0.006396741206888865,156.3296009103927,4.174549512471948,11.942997694015503,-8.442999839782715,3.499997854232788,-51.66407775878906,22.458221435546875,1,right,46.32815076252304,166.78134274508295
519.0486256118569,-200.34622192382812,899.5763092041016,14.22784423828125,-204.2890285945811,901.670265713089,4.464345226846215,1.0825928418126372,-0.006370430568981109,156.97526080406536,4.251563924080049,12.691997528076172,-9.441999435424805,3.249998092651367,-60.41203689575195,21.763404846191406,1,right,46.4237225770388,167.1254012773397
527.6492316910063,-196.10946655273438,907.0518646240234,14.59716796875,-199.865064442742,909.3175714905283,4.386107969072011,1.0279627394512234,-0.005573862574097914,179.4088007564202,4.359552394011235,13.640997171401978,-10.440999031066895,3.199998140335083,-69.00370788574219,21.51000213623047,1,right,48.504871822826836,174.6175385621766
536.07812246599,-191.60826110839844,914.1684875488281,14.97003173828125,-195.15607438729808,916.5101211409408,4.25090895475861,0.9874082356379584,-0.004497838776258659,222.32900060322052,4.471129091435955,14.09399700164795,-10.643999099731445,3.449997901916504,-76.92963409423828,21.659339904785156,1,right,46.41487427995983,167.0935474078554
544.3182749266782,-186.96060180664062,920.9626617431641,15.34228515625,-190.2717800573514,923.3161859956849,4.062385729492493,0.9528710451297865,-0.005315147437892409,188.14153542964095,4.591749171922965,13.69499683380127,-9.644999504089355,4.049997329711914,-81.29000854492188,22.07221221923828,1,right,44.27641195620775,159.39508304234792
552.35737282462,-182.14979553222656,927.3924865722656,15.717239379882812,-185.15097448178648,929.7675870153574,3.8272937177667092,0.9013280044170431,-0.007395616372144975,135.21523422529376,4.685928577112664,13.546000480651855,-8.645999908447266,4.90000057220459,-80.03966522216797,22.69591522216797,1,right,42.08554109375064,151.5079479375023
560.2058862103813,-177.09242248535156,933.3829498291016,16.086685180664062,-179.72911526936645,935.7666765626602,3.554476329581941,0.835743018144032,-0.008653996555186429,115.55354726836467,4.751615640777351,13.49700403213501,-7.646999835968018,5.850004196166992,-76.6887435913086,23.477737426757812,1,right,39.83052186511032,143.38987871439716
567.8709442709213,-171.76747131347656,938.8841247558594,16.4542236328125,-174.02581765038386,941.2262860747389,3.2535899897003464,0.767181541051801,-0.008885531897425109,112.54250297495243,4.811011182499136,13.448007583618164,-6.6479997634887695,6.8000078201293945,-71.83741760253906,24.36497688293457,1,right,39.30815324483006,141.5093516813882
575.3460019450521,-166.22921752929688,943.8915252685547,16.815017700195312,-168.12197672421112,946.1332556871455,2.933921034991882,0.7011928398052496,-0.009316711761011717,107.33400642324995,4.812834842754654,13.399011135101318,-5.6489996910095215,7.750011444091797,-66.0858383178711,25.304922103881836,1,right,38.38778253203471,138.19601711532496
582.629830191029,-160.5105438232422,948.38916015625,17.164596557617188,-162.04410759644287,950.4930937331338,2.6035272885861582,0.6298618322974963,-0.01008921182162225,99.11577015926001,4.786964150836748,13.30001449584961,-4.649999618530273,8.650014877319336,-60.034175872802734,26.2448673248291,1,right,36.88890259150074,132.80004932940267
589.7206410301192,-154.6412811279297,952.3535919189453,17.503173828125,-155.8392814239928,954.2803343102138,2.2688192858132856,0.5562768692403675,-0.010746128658127761,93.05676786622658,4.823694148692059,13.150015592575073,-3.699997663497925,9.450017929077148,-54.282596588134766,27.132104873657227,1,right,35.74360381429751,128.67697373147104
596.6391011540793,-148.6413116455078,955.7816925048828,17.840194702148438,-149.5336941256019,957.4981370848036,1.9345615748066085,0.4794419231582345,-0.01168898000326839,85.55066393478191,4.828175027756276,13.050019264221191,-2.8499984741210938,10.200020790100098,-49.4312629699707,27.913928985595703,1,right,34.271731585469105,123.37823370768878
603.4186759634296,-142.509765625,958.6559753417969,18.164657592773438,-143.1290245038905,960.1358149547347,1.6041841662055563,0.39632118066441924,-0.012508649570502649,79.9446810276112,4.718554510695228,13.000021934509277,-2.2499990463256836,10.750022888183594,-46.080345153808594,28.53763198852539,1,right,33.12982506261077,119.26737022539878
610.069907780464,-136.27728271484375,960.9579925537109,18.474105834960938,-136.6696701250962,962.1766385456008,1.2802601037577794,0.3115037720152914,-0.012868123456178125,77.71140861411997,4.59330679936456,12.541996836662292,-1.8499993085861206,10.691997528076172,-44.83000183105469,28.950504302978516,1,right,32.66380289249743,117.58969041299075
616.5953476307938,-129.99411010742188,962.6945190429688,18.770050048828125,-130.21109528812553,963.6348216355848,0.9650137482572223,0.22679104769935857,-0.01298957982820814,76.98478420590652,4.439498764171157,11.492997288703918,-1.7999993562698364,9.692997932434082,-46.127227783203125,29.099842071533203,1,right,32.51073619046475,117.0386502856731
623.0621991950293,-123.64364624023438,963.8831481933594,19.051010131835938,-123.73764220440712,964.5371803031544,0.6607520275593297,0.14274025930399326,-0.012831072499640382,77.93580778442544,4.154706728038304,10.99399733543396,-2.2999989986419678,8.693998336791992,-49.54718780517578,29.770002365112305,1,right,32.71092883384374,117.75934380183746
629.3880292323884,-117.35652160644531,964.5351867675781,19.302078247070312,-117.37967758659482,964.9046020477781,0.37014030942590936,0.06260088591624566,-0.012740160423486253,78.4919472565289,3.6187365321847853,10.993997812271118,-3.298999071121216,7.694998741149902,-54.38230895996094,29.456682205200195,1,right,32.827431766565816,118.17875435963694
635.5832782720767,-111.16630554199219,964.6806182861328,19.505020141601562,-111.16469193134054,964.7768764203697,0.09627165806250877,-0.01676179932952371,-0.01337651174354849,74.75790543691642,2.9646889660742692,10.993997573852539,-4.297998905181885,6.695998668670654,-59.92500305175781,28.606243133544922,1,right,32.03707943452572,115.3334859642926
641.6518674566918,-105.10990905761719,964.3316497802734,19.66644287109375,-105.12583617985098,964.1749677117839,-0.15748950380526117,-0.10130451104490483,-0.014293137665156198,69.96364433246868,2.568553100309523,10.993997573852539,-5.296998977661133,5.696998596191406,-65.46769714355469,27.352962493896484,1,right,30.992782414139672,111.57401669090282
647.590190185678,-99.23516845703125,963.4775848388672,19.81365966796875,-99.30776660697573,963.0965760842022,-0.387863587497946,-0.18828495888038868,-0.014978089877729948,66.76418743399597,2.440247270172291,10.993997573852539,-6.295999050140381,4.697998523712158,-70.30281829833984,25.83112335205078,1,right,30.275835680942567,108.99300845139324
653.3983464588299,-93.58421325683594,962.1427001953125,19.95318603515625,-93.74623612164628,961.573161927927,-0.5921361724619159,-0.2771591599203392,-0.015333593592739874,65.21628435968711,2.3971162557577586,10.993997812271118,-7.294999122619629,3.6989986896514893,-73.7227783203125,24.175003051757812,1,right,29.922810446585657,107.72211760770837
659.0601614601788,-88.21223449707031,960.3595428466797,20.088623046875,-88.48599728829784,959.6412882812346,-0.7686583679655588,-0.36415159674637376,-0.015908004961086963,62.861433752763425,2.2951298764583017,10.99399733543396,-8.293998718261719,2.699998617172241,-75.02000427246094,22.518882751464844,1,right,29.377612412109876,105.75940468359556
664.5904684576549,-83.13911437988281,958.1611480712891,20.210311889648438,-83.54223712098495,957.3372950965914,-0.9171922744505636,-0.4550622698312484,-0.016904960253479318,59.154235502812476,2.075680914844358,11.192997574806213,-9.292998313903809,1.8999992609024048,-75.23719024658203,20.997041702270508,1,right,28.498190065881698,102.59348423717411
670.0223403302299,-78.37776184082031,955.5489654541016,20.31640625,-78.92029854238272,954.662824802832,-1.0390338427474959,-0.5493758054154968,-0.018163106875123153,55.0566600128107,1.7410664530610243,11.541997790336609,-10.291997909545898,1.2499998807907104,-75.71500396728516,19.74376106262207,1,right,27.49345290938339,98.9764304737802
675.3838993403257,-73.95364379882812,952.5213012695312,20.398529052734375,-74.64255331820854,951.6169499489174,-1.1368586706310437,-0.6509927196885221,-0.01866401893124133,53.5790283799016,1.284173474216077,12.090997636318207,-11.290997505187988,0.8000001311302185,-76.19281768798828,18.893321990966797,1,right,27.122003799986217,97.63921367995039
680.7077729356655,-69.88365173339844,949.0897216796875,20.453811645507812,-70.71034917559814,948.2002397808635,-1.214333854125448,-0.748830616051386,-0.018856867445365383,53.03107755820698,0.9078582116897271,12.739997148513794,-12.289997100830078,0.4500000476837158,-76.41000366210938,18.580001831054688,1,right,26.982959500964057,97.13865420347061
686.0289755779046,-66.17733764648438,945.2717742919922,20.49517822265625,-67.13712248290813,944.4315500396642,-1.2756032794051178,-0.8517229495571568,-0.01908074199279987,52.408863364818345,0.8091251798856058,13.439996540546417,-13.139996528625488,0.30000001192092896,-74.37718963623047,18.741737365722656,1,right,26.82419676119369,96.56710834029728
691.3740788094062,-62.86334228515625,941.0782623291016,20.540130615234375,-63.94273624936465,940.3101849723644,-1.3247770212009053,-0.9523394033705334,-0.017997908946558547,55.56201017403269,0.8844767641158935,12.440996944904327,-12.140996932983398,0.30000001192092896,-69.295166015625,19.18889045715332,1,right,27.61934216998024,99.42963181192886
696.7637975993678,-59.945953369140625,936.5466613769531,20.590164184570312,-61.126936023243665,935.8611243135186,-1.3655332638330597,-1.0448532743229662,-0.016146314410200466,61.933638513086805,0.9448418035726602,11.591997385025024,-11.141997337341309,0.4500000476837158,-63.906681060791016,19.864376068115234,1,right,29.160008960460004,104.97603225765602
702.2225447520678,-57.39549255371094,931.7206573486328,20.642654418945312,-58.66088514495848,931.119615462932,-1.4008817788632106,-1.1273606251677728,-0.014023556956142283,71.30858477114128,0.960782142282457,10.992997884750366,-10.142997741699219,0.8500001430511475,-58.44918441772461,20.71111297607422,1,right,31.285507462884006,112.62782686638242
707.7460548258736,-55.20817565917969,926.6489715576172,20.6956787109375,-56.54321991961337,926.1279676699,-1.4331044024540742,-1.1987214138400448,-0.012869396816880013,77.70371946945953,0.9126391066208273,10.693997740745544,-9.143998146057129,1.5499995946884155,-52.92692947387695,21.672016143798828,1,right,32.662186894775516,117.58387282119186
713.3380725466069,-53.36236572265625,921.3705902099609,20.744033813476562,-54.76062435052194,920.937456776764,-1.4638072828599429,-1.270403860695085,-0.01242325418851753,80.49420746170294,0.7797056004632985,10.693998098373413,-8.144998550415039,2.548999547958374,-48.967041015625,22.69000244140625,1,right,33.24349451315299,119.67658024735076
719.0810572137973,-51.85661315917969,915.8286590576172,20.783798217773438,-53.310832553441735,915.486048304584,-1.4940335253071944,-1.3394180168491576,-0.011657670204472101,85.78043317921116,0.5838070518594973,10.693998098373413,-7.145998477935791,3.547999620437622,-46.63406753540039,23.70798683166504,1,right,34.31772368691833,123.54380527290598
725.0575306167335,-50.68592834472656,909.9680328369141,20.811935424804688,-52.18986516343475,909.7192412593472,-1.5243763327126092,-1.4068541690309666,-0.010773294944820447,92.82211293034143,0.3044838432853192,10.693997859954834,-6.146998405456543,4.546999454498291,-43.709632873535156,24.66888999938965,1,right,35.69850925845036,128.5146333304213
731.2990024882703,-49.87144470214844,903.7799377441406,20.820098876953125,-51.41872231810152,903.6246495801723,-1.55505062126546,-1.4707690871253656,-0.00877523944999084,113.95700433006917,0.028144612538372193,10.693997859954834,-5.147998332977295,5.545999526977539,-40.390892028808594,25.515626907348633,1,right,37.699901798085364,135.7196464731073
737.8441137976793,-49.36949157714844,897.2541046142578,20.814895629882812,-50.95319649970927,897.170648265504,-1.5859023437433735,-1.5181481192458186,-0.007642989330728697,130.83885855754008,-0.07672846378306009,10.693997859954834,-4.148998260498047,6.544999599456787,-36.875003814697266,26.191112518310547,1,right,39.69040278907582,142.88545004067296
744.6847049579904,-49.199859619140625,890.4156188964844,20.809844970703125,-50.81620856220518,890.4196981930805,-1.6163540906641207,-1.5733200936787295,-0.007171351950660737,139.44372091623035,-0.05453369383581208,10.693997859954834,-3.149998188018799,7.543999671936035,-33.35911178588867,26.63826560974121,1,right,41.66926869390097,150.0093672980435
751.8337939829897,-49.38531494140625,883.2689361572266,20.807388305664062,-51.02879427480213,883.3464221818671,-1.645304957542509,-1.6179089890470515,-0.0054806924829262915,182.45869534100783,-0.029153857113684012,10.842998266220093,-2.2999989986419678,8.542999267578125,-30.040372848510742,26.80000114440918,1,right,43.64159285375979,157.10973427353525
759.3812260986874,-49.87577819824219,875.7374572753906,20.80560302734375,-51.54112324980231,875.8750795622017,-1.6710218534127241,-1.6532478771831283,-0.004032867267637852,247.9625372311656,-0.031395870360251266,11.291998267173767,-1.7499994039535522,9.541998863220215,-27.11594009399414,26.758403778076172,1,right,45.631400232637105,164.2730408374936
767.3292161699205,-50.64393615722656,867.8266754150391,20.802459716796875,-52.32496570897279,868.0107551906573,-1.691078270700611,-1.6798659425449152,-0.0026175837915459604,382.0317054337329,-0.09080320018493016,11.940998196601868,-1.399999737739563,10.540998458862305,-24.7829647064209,26.64260482788086,2,straight,47.63704717536608,171.4933698313179
775.7439299227129,-51.62580871582031,859.4694519042969,20.790252685546875,-53.31500256841952,859.6809862786653,-1.7023873422927007,-1.6953758111901962,-0.001795641017687491,556.9041863879039,-0.2028404697774544,12.73999798297882,-1.1999999284744263,11.539998054504395,-23.238601684570312,26.466096878051758,2,straight,49.67229237598387,178.82025255354193
784.6602911566737,-52.80339050292969,850.6312255859375,20.766708374023438,-54.488108542341415,850.8688813111377,-1.7013979887256498,-1.7109372098629525,-0.0017105021706521478,584.6236369397526,-0.32318717306554223,12.900026679039001,-1.149999976158142,11.75002670288086,-22.680002212524414,26.242368698120117,2,straight,51.741586284470216,186.2697106240928
794.1148366157637,-54.197540283203125,841.2801055908203,20.730224609375,-55.86154094157097,841.5417554642147,-1.684446154466185,-1.7267607419098636,-0.0013303507454724972,751.6814670140487,-0.4478530261647129,12.950026631355286,-1.1999999284744263,11.75002670288086,-22.679746627807617,25.984912872314453,2,straight,53.848988430393014,193.85635834941485
804.1607097150985,-55.8111572265625,831.3648071289062,20.678619384765625,-57.436815875809565,831.6366123010389,-1.6482245282332988,-1.7364609136870113,-0.0008667699340458024,1153.7086840706652,-0.5776850240531428,12.95002567768097,-1.399999737739563,11.550025939941406,-22.67902946472168,25.70722007751465,2,straight,56.00136446915933,201.60491208897358
814.8118267417701,-57.61051940917969,820.8670043945312,20.60986328125,-59.176844903549345,821.14197517534,-1.590278115491413,-1.744577049571731,-0.000549174990714496,1820.9132187519403,-0.7126684389282323,12.950024247169495,-1.699999451637268,11.250024795532227,-22.677921295166016,25.42278289794922,2,straight,58.19653844261428,209.50753839341144
826.0775456322315,-59.583465576171875,809.7757415771484,20.521575927734375,-61.06918096513251,810.042156093669,-1.5094127704532276,-1.7482279406581949,-8.362367287546857e-05,11958.33626548775,-0.8516958949529974,13.000022411346436,-2.1499991416931152,10.85002326965332,-22.676494598388672,25.145090103149414,2,straight,60.43166881594306,217.55400773739504
837.9706682492704,-61.67462158203125,798.0684204101562,20.4117431640625,-63.058936353180826,798.3137605953905,-1.4058873326528283,-1.7462035605855553,0.0002751143052986821,3634.8527893318183,-0.9936058420712324,12.95002031326294,-2.5499987602233887,10.40002155303955,-22.674816131591797,24.88763427734375,2,straight,62.704885408312066,225.73758746992345
850.4516121255928,-63.822906494140625,785.7744750976562,20.278549194335938,-65.08567700437798,785.9920178015807,-1.2813719949943816,-1.7413959137491886,0.0004439980448851799,2252.262169889971,-1.1380095324466488,12.950018405914307,-2.949998378753662,10.000020027160645,-22.672962188720703,24.663908004760742,2,straight,65.00502788173324,234.01810037423968
863.3542061219497,-65.97230529785156,773.0531311035156,20.122268676757812,-67.09569385225825,773.2391364429171,-1.1386833758590762,-1.734882896549093,0.0005782888770988898,1729.2395541424116,-1.2811360641441283,12.950016736984253,-3.2999980449676514,9.650018692016602,-22.671001434326172,24.487398147583008,2,straight,67.30028667174764,242.2810320182915
876.3661011148195,-68.04550170898438,760.2086639404297,19.946395874023438,-69.0150422818282,760.3607512810239,-0.9813966993827551,-1.7263937165402892,0.0007805562808457789,1281.1375996058105,-1.4186137009693844,12.950015544891357,-3.5499978065490723,9.400017738342285,-22.669002532958984,24.371599197387695,2,straight,69.53830617850709,250.33790224262552
889.3510775267748,-69.98573303222656,747.3709106445312,19.753509521484375,-70.79080071228519,747.4874851888479,-0.813463947484848,-1.714597766817206,0.0010065929221475256,993.4502597798324,-1.5471459923346087,13.10001540184021,-3.699997663497925,9.400017738342285,-22.667041778564453,24.330001831054688,2,straight,71.7020914033093,258.1275290519135
902.2931990133592,-71.74958801269531,734.5512390136719,19.545318603515625,-72.38319000197461,734.6337572412641,-0.6389528454460769,-1.7003040828993263,0.0011297335861279595,885.1644425544545,-1.668038003531802,12.950014114379883,-3.8499975204467773,9.100016593933105,-22.66518783569336,24.182106018066406,2,straight,73.79563107143885,265.66427185717987
915.192824739038,-73.31971740722656,721.7494659423828,19.322509765625,-73.77865522664189,721.8022959988679,-0.4619685454204769,-1.6854056240174315,0.0011283062483314205,886.2841994173441,-1.7835721250016423,12.800012826919556,-3.99999737739563,8.800015449523926,-22.663509368896484,23.776582717895508,2,straight,75.82479963921077,272.96927870115877
928.0487701834151,-74.69967651367188,708.9699859619141,19.08599853515625,-74.98497878370486,708.9987399899954,-0.28674758833664127,-1.6712415871021091,0.0011090564345899723,901.6673712999183,-1.8918800503055833,12.450011253356934,-4.149997711181641,8.300013542175293,-22.66208267211914,23.170684814453125,2,straight,77.79445518844835,280.06003867841406
940.8632754906355,-75.89344787597656,696.2136383056641,18.836898803710938,-76.0108562583326,696.2237769436431,-0.11784532331633062,-1.6569362500221587,0.0012539872453869866,797.456276910851,-1.9951433759204384,12.25001049041748,-4.44999885559082,7.80001163482666,-22.660974502563477,22.421661376953125,2,straight,79.70934037111351,286.95362533600866
953.6865942234438,-76.88546752929688,683.4314422607422,18.574478149414062,-76.84585395647989,683.4287327042393,0.03970613111055882,-1.6390896556238668,0.0014842366457827466,673.747008498518,-2.0928712304096653,12.000009536743164,-4.800000190734863,7.200009346008301,-22.66025733947754,21.586763381958008,2,straight,80.0,288.0
966.4962857292488,-77.63243103027344,670.646484375,18.300445556640625,-77.45224200600332,670.6378111362811,0.18039764282631868,-1.6188933167691033,0.0015114181237124158,661.6302823891997,-2.1830924012219755,11.9500093460083,-5.300002098083496,6.650007247924805,-22.660001754760742,20.72323989868164,2,straight,80.0,288.0
979.2609897087723,-78.12380981445312,657.8944091796875,18.016204833984375,-77.82545169584512,657.8855650863225,0.29848917053514,-1.6004301922787358,0.001234187111032431,810.2499135349688,-2.277073769148519,11.9500093460083,-5.800004005432129,6.150005340576172,-22.67788314819336,19.888341903686523,2,straight,80.0,288.0
991.9790901151816,-78.41107177734375,645.1829986572266,17.720230102539062,-78.02261343866192,645.1765392833908,0.3885120389406225,-1.5874230225222643,0.0008765087904683833,1140.8898699870726,-2.362216401776407,11.9500093460083,-6.350006103515625,5.600003242492676,-22.728927612304688,19.139318466186523,2,straight,80.0,288.0
1004.6477294474824,-78.561279296875,632.5188903808594,17.416549682617188,-78.11535052894358,632.5156048392482,0.44594087147570577,-1.5781640554482088,0.0006766617489943061,1477.8432525353442,-2.4237146871322723,12.000009536743164,-6.8000078201293945,5.2000017166137695,-22.809232711791992,18.53342056274414,2,straight,80.0,288.0
1017.2653116027626,-78.6033935546875,619.9051666259766,17.107391357421875,-78.1355165282777,619.9053954394383,0.46787708235995995,-1.5703072806769212,0.00042880805090764196,2332.0457670590313,-2.474537112922237,11.9500093460083,-7.100008964538574,4.850000381469727,-22.91489601135254,18.127897262573242,2,straight,80.0,288.0
1029.8301668841866,-78.57406616210938,607.3442687988281,16.793426513671875,-78.12053453952431,607.3458339905451,0.4535343234086605,-1.5673452212377794,0.00021459755499625421,4659.885337544759,-2.5220779956331096,11.9500093460083,-7.300009727478027,4.649999618530273,-23.04201889038086,17.98000144958496,2,straight,80.0,288.0
1042.3414865855102,-78.51811218261719,594.8371276855469,16.4749755859375,-78.11372936050039,594.8395024877913,0.40438979525805047,-1.5649237357395291,0.000370073938016538,2702.162722832192,-2.5872640216247023,11.9500093460083,-7.550010681152344,4.399998664855957,-23.186697006225586,17.9732608795166,2,straight,80.0,288.0
1054.7961808332877,-78.40493774414062,582.3872528076172,16.147537231445312,-78.0809992570299,582.3913574670927,0.3239644913582266,-1.558125897121425,0.0005195480826402366,1924.7496688241165,-2.795778381989733,11.9500093460083,-7.700011253356934,4.249998092651367,-23.345029830932617,17.953462600708008,2,straight,80.0,288.0
1067.1942926355127,-78.20738220214844,569.9961547851562,15.78033447265625,-77.99013582551899,570.0002368433402,0.21728472417002215,-1.552008543358071,0.0002938521459944221,3403.071965378745,-3.136503668618673,11.9500093460083,-7.750011444091797,4.199997901916504,-23.51311683654785,17.921245574951172,2,straight,80.0,288.0
1079.535660603515,-77.96461486816406,557.6639404296875,15.371780395507812,-77.87442041901207,557.6657412003475,0.0902124239381812,-1.5508335523579786,-1.4498847263233472e-05,68971.00037296236,-3.471537666318947,11.9500093460083,-7.750011444091797,4.199997901916504,-23.687055587768555,17.87724494934082,2,straight,80.0,288.0
1091.819958285469,-77.72789001464844,545.3900299072266,14.925628662109375,-77.77904607311503,545.3890863171473,-0.051164760138930294,-1.5523530941285804,-9.468025579015271e-05,10561.864156940794,-3.7788824912163954,11.9500093460083,-7.80001163482666,4.149997711181641,-23.862945556640625,17.822097778320312,2,straight,80.0,288.0
1104.0473661437084,-77.50871276855469,533.1740112304688,14.4456787109375,-77.7096123647256,533.1704672540272,-0.20093085256041882,-1.5531576208801288,2.0758787802985235e-05,48172.36967257762,-4.055155060129545,11.9500093460083,-7.850011825561523,4.099997520446777,-24.03688621520996,17.756441116333008,2,straight,80.0,288.0
1116.2175557155865,-77.28744506835938,521.0164947509766,13.936416625976562,-77.64084846330321,521.0098005555116,-0.353466790251584,-1.5518565115526783,0.00012266313064171475,8152.408916750119,-4.298541881352613,11.9500093460083,-7.850011825561523,4.099997520446777,-24.204973220825195,17.680912017822266,2,straight,80.0,288.0
1128.3300631636464,-77.04721069335938,508.9181671142578,13.402008056640625,-77.55045273554579,508.9077910657834,-0.5033489996075219,-1.5501808423378634,4.863847693380163e-05,20559.85431782802,-4.512018147343677,11.9500093460083,-7.900012016296387,4.049997329711914,-24.363306045532227,17.596147537231445,2,straight,80.0,288.0
1140.3838615558564,-76.80075073242188,496.8797149658203,12.846145629882812,-77.44576762103252,496.8667317739723,-0.6451475411590107,-1.5506705919445083,-0.0001586565526756345,6302.92277965002,-4.698361461918877,11.9500093460083,-7.900012016296387,4.049997329711914,-24.507984161376953,17.502784729003906,2,straight,80.0,288.0
1152.3787315362247,-76.57823181152344,484.90065002441406,12.272216796875,-77.35140493678432,484.88764875764554,-0.7732824287175156,-1.5539824449625999,-0.0003155773974516385,3168.794749165291,-4.858612507831922,11.9500093460083,-7.900012016296387,4.049997329711914,-24.635107040405273,17.401460647583008,2,straight,80.0,288.0
1164.3139497142563,-76.40184020996094,472.98126220703125,11.683563232421875,-77.28384347740196,472.9701672226652,-0.8820730482532195,-1.5582176894903856,-0.0003413518799841031,2929.528321468657,-4.991502242600126,11.950009822845459,-8.000012397766113,3.9499974250793457,-24.74077033996582,17.29281234741211,2,straight,80.0,288.0
1176.1886383333333,-76.27653503417969,461.1223907470703,11.083816528320312,-77.24254177897431,461.11400106206895,-0.966043175951846,-1.5621116316643093,-0.00021560780073863473,4638.05111213126,-5.095030876120127,11.950010299682617,-8.10001277923584,3.8499975204467773,-24.821075439453125,17.177474975585938,2,straight,80.0,288.0
1188.0014931346757,-76.18507385253906,449.32550048828125,10.476730346679688,-77.20549035790269,449.3178905247878,-1.0204448813938476,-1.5633387617945202,6.81313286226698e-05,14677.535580412317,-5.166753703472366,11.950011253356934,-8.300013542175293,3.6499977111816406,-24.872119903564453,17.056087493896484,2,straight,80.0,288.0
1199.7519213261066,-76.08395385742188,437.59136962890625,9.86639404296875,-77.12577014431183,437.5806711817043,-1.041871216802594,-1.5605276534222499,0.0003129753221541298,3195.1400932100764,-5.206736254243388,11.950011968612671,-8.450014114379883,3.499997854232788,-24.89000129699707,16.92928695678711,2,straight,80.0,288.0
1211.4388684503265,-75.93794250488281,425.9212646484375,9.256423950195312,-76.96660931391607,425.90605619522506,-1.0287792285304787,-1.5560127787011628,0.00036961525224281366,2705.516057392198,-5.2253436005464335,11.950012445449829,-8.55001449584961,3.3999979496002197,-25.329570770263672,16.79770851135254,2,straight,80.0,288.0
1223.0595478540465,-75.74237060546875,414.3181457519531,8.64849853515625,-76.72394128508714,414.29960586392536,-0.9817457545284238,-1.5519105917715406,0.00030091354469241605,3323.2136526860804,-5.248736139365628,11.950012683868408,-8.600014686584473,3.3499979972839355,-26.488439559936523,16.661991119384766,2,straight,80.0,288.0
1234.614696241871,-75.50762939453125,402.7814178466797,8.040008544921875,-76.41078629998509,402.7617581854768,-0.9033708530540356,-1.5490320499210566,0.00018370517852375756,5443.504685256739,-5.214494397948444,12.300014019012451,-8.950016021728516,3.3499979972839355,-28.1268367767334,16.522769927978516,2,straight,80.0,288.0
1246.101351583237,-75.24885559082031,391.31300354003906,7.4469146728515625,-76.04650242953701,391.2945526193967,-0.797860210680603,-1.5476687596478094,3.437099154213197e-05,29094.301768228008,-5.181089034319686,12.950016498565674,-9.600018501281738,3.3499979972839355,-30.005001068115234,16.38068199157715,2,straight,80.0,288.0
1257.5168149946196,-74.98631286621094,379.91600036621094,6.85345458984375,-75.65651977009186,379.9008756441764,-0.670377543796237,-1.5482329136814663,-0.00013864938090302203,7212.437541999899,-5.172018483969443,13.999016046524048,-10.599018096923828,3.3999979496002197,-31.883167266845703,16.236366271972656,2,straight,80.0,288.0
1268.8648478727232,-74.74562072753906,368.58555603027344,6.2695465087890625,-75.27188454977879,368.57503807892016,-0.5263689180594159,-1.5508129063084621,-0.0002183248262277726,4580.331139055739,-5.082285543418879,14.998015642166138,-11.598017692565918,3.3999979496002197,-33.52156448364258,16.090457916259766,2,straight,80.0,288.0
1280.1785860005848,-74.533447265625,357.28807067871094,5.7016754150390625,-74.90440160040097,357.2815355799484,-0.37101189469466345,-1.5531811590998543,-0.00011687076133437557,8556.460046828382,-4.955610389620135,15.946011066436768,-12.596013069152832,3.3499979972839355,-34.6804313659668,15.94359302520752,2,straight,80.0,288.0
1291.470690819992,-74.3394775390625,346.0111541748047,5.149261474609375,-74.54833588628517,346.0075327382787,-0.20888974126821194,-1.5534588647594254,0.0001508775840717569,6627.889796567814,-4.803656721439298,14.897011518478394,-11.597013473510742,3.2999980449676514,-35.12000274658203,15.796409606933594,2,straight,80.0,288.0
1302.6879760126487,-74.126953125,334.80836486816406,4.620269775390625,-74.1708499699102,334.80744355061285,-0.04390651226298291,-1.5498111670006984,0.0003422803134208313,2921.5819922734113,-4.613894645146524,13.898011922836304,-10.598013877868652,3.2999980449676514,-36.08312225341797,15.649545669555664,2,straight,80.0,288.0
1313.8274907502812,-73.87126159667969,323.6831359863281,4.117584228515625,-73.7506848643386,323.6861494769632,0.12061438350322533,-1.5458092220078503,0.00026117336588057927,3828.874344167418,-4.3964706479054705,12.899012327194214,-9.599014282226562,3.2999980449676514,-38.77985763549805,15.503636360168457,2,straight,80.0,288.0
1324.8853363922917,-73.58355712890625,312.63917541503906,3.6441802978515625,-73.30191127245132,312.6467249035413,0.28174701992190404,-1.5439978456547416,4.3529482367993255e-05,22972.935711619877,-4.150666167105007,11.950012683868408,-8.600014686584473,3.3499979972839355,-42.92127227783203,15.359319686889648,2,straight,80.0,288.0
1335.8582051511735,-73.29246520996094,301.6790466308594,3.20294189453125,-72.85581384718199,301.6903874672988,0.4367986117055089,-1.5448298729762397,-9.50485375166149e-05,10520.940417680762,-3.877515355714292,11.95001220703125,-8.500014305114746,3.449997901916504,-48.21842956542969,15.217232704162598,2,straight,80.0,288.0
1346.7423530593267,-73.01811218261719,290.8059539794922,2.796417236328125,-72.435049459229,290.82037279412225,0.5832409807448131,-1.5460719260099962,8.394496910091309e-07,1000000.0,-3.5766316540668046,11.900012016296387,-8.450014114379883,3.449997901916504,-54.38239669799805,15.078011512756348,2,straight,80.0,288.0
1357.5336353845114,-72.74790954589844,280.0243682861328,2.427398681640625,-72.02938250187925,280.04302787667484,0.7187692907366993,-1.54483293722759,0.0002590928396275227,3859.620364027122,-3.2467061708194023,11.950011968612671,-8.450014114379883,3.499997854232788,-61.124229431152344,14.942293167114258,2,straight,80.0,288.0
1368.227898311684,-72.44804382324219,269.33937072753906,2.0985107421875,-71.6069603677236,269.36483244685877,0.8414687625205071,-1.5405330449507955,0.00039884541835154275,2507.237024642462,-2.8887473466237075,11.950011491775513,-8.350013732910156,3.5999977588653564,-68.1550064086914,14.810715675354004,2,straight,80.0,288.0
1378.8214746883596,-72.10520935058594,258.7552185058594,1.81207275390625,-71.15574453328665,258.7879448816824,0.9500286600748787,-1.536341732830704,0.00030352941195979644,3294.573641293298,-2.505291503415405,11.950011014938354,-8.25001335144043,3.699997663497925,-75.18577575683594,14.683914184570312,2,straight,80.0,288.0
1389.309108600863,-71.73117065429688,248.2770538330078,1.5699462890625,-70.68795071744722,248.31533784597005,1.0439221725248928,-1.5341148569489933,7.202113846903335e-05,13884.81244891687,-2.0914300605081135,11.950010299682617,-8.10001277923584,3.8499975204467773,-81.92761993408203,14.56252670288086,2,straight,80.0,288.0
1399.6858958994017,-71.35276794433594,237.90899658203125,1.3752288818359375,-70.23002100899852,237.9494196932662,1.1234743916669745,-1.5348081115494647,-0.0001946960305102552,5136.211546682392,-1.6631349636568933,12.600011825561523,-7.95001220703125,4.649999618530273,-88.09158325195312,14.447190284729004,2,straight,80.0,288.0
1409.947637843478,-70.99908447265625,227.65443420410156,1.2262115478515625,-69.80991380041253,227.6933250142247,1.1898064476361723,-1.5381038339881186,-0.0004727467214527825,2115.297588795397,-1.2266805147809576,12.450011253356934,-7.80001163482666,4.649999618530273,-93.38874053955078,14.338541030883789,2,straight,78.50053763013597,282.6019354684895
1420.0894331718423,-70.69685363769531,217.5176544189453,1.1244049072265625,-69.45266094522171,217.55048217023273,1.2446256936361595,-1.5444176662274485,-0.0007405326961731212,1350.3792677456886,-0.7853199434338348,11.9500093460083,-7.700011253356934,4.249998092651367,-97.5301513671875,14.23721694946289,2,straight,76.96517081799941,277.0746149447979
1430.103866954587,-70.47554016113281,207.50582885742188,1.0673675537109375,-69.18581614470966,207.52878322074173,1.2899282698406405,-1.55300031789949,-0.0008562807666532418,1167.8412489731402,-0.4660327497578734,11.9500093460083,-7.700011253356934,4.249998092651367,-100.22689056396484,14.143855094909668,2,straight,75.41842086725565,271.5063151221203
1439.988177671346,-70.34112548828125,197.62249755859375,1.031402587890625,-69.01350765603259,197.63489727906523,1.3276757366060428,-1.5614567716632584,-0.0007345104903105637,1361.4509434401443,-0.2670337656868499,11.9500093460083,-7.750011444091797,4.199997901916504,-101.19001007080078,14.059090614318848,2,straight,73.86001262153486,265.8960454375255
1449.7382208487977,-70.28164672851562,187.87265014648438,1.014678955078125,-68.92215641327583,187.8771937013537,1.3594979077297846,-1.5674542375561193,-0.0004997536099030225,2000.9860462919928,-0.09417855929101382,11.9500093460083,-7.900012016296387,4.049997329711914,-91.44097900390625,13.983561515808105,2,straight,72.28986677419257,260.24352038709327
1459.3485829979513,-70.26748657226562,178.26229858398438,1.0129547119140625,-68.88103232127307,178.26178854071446,1.3864543448089006,-1.5711642027969728,-0.0004552013360101942,2196.83010767263,-0.012800630893554377,11.950010299682617,-8.10001277923584,3.8499975204467773,-81.83161926269531,13.917905807495117,2,straight,70.70810235823416,254.54916848964297
1468.816037583387,-70.29212951660156,168.7948760986328,1.0122222900390625,-68.88328606349808,168.7873774057348,1.4088634091876067,-1.576118864277831,-0.0006496106017975511,1539.3837434809084,-0.0086225264318944,11.90001130104065,-8.300013542175293,3.5999977588653564,-72.36516571044922,13.86275863647461,2,straight,69.11447103666416,248.81209573199098
1478.1367309494976,-70.37467956542969,159.47454833984375,1.0113372802734375,-68.94859410646595,159.4566698833044,1.4261975233031505,-1.5833324057966947,-0.000698200650732117,1432.2530334960634,-0.010996602888894286,12.649011135101318,-9.299013137817383,3.3499979972839355,-63.04547119140625,13.818757057189941,2,straight,67.50880416983287,243.03169501139834
1487.310741599502,-70.51856994628906,150.30166625976562,1.01019287109375,-69.08176055782008,150.27543066395742,1.4370488945335245,-1.5890539195084046,-0.0002972505967049205,3364.164819466102,-0.012692924086121077,13.298011064529419,-10.298012733459473,2.9999983310699463,-53.872459411621094,13.786540031433105,2,straight,65.890207866896,237.20474832082562
1496.4118972371484,-70.68632507324219,141.20205688476562,1.0090179443359375,-69.24737254004276,141.1761302617756,1.4391860833751584,-1.5888120829451224,0.00015449701666105098,6472.616893269124,-0.012660509015922916,12.700018882751465,-10.050020217895508,2.649998664855957,-44.77230453491211,13.766741752624512,2,straight,64.24418306509426,231.27905903433935
1505.3841099357594,-70.83700561523438,132.23110961914062,1.007904052734375,-69.40744559583862,132.20895242736572,1.429731719660068,-1.5862943943587355,0.00029523818192832285,3387.095779646744,-0.011567766763228432,11.95001769065857,-9.650018692016602,2.2999989986419678,-35.801090240478516,13.760001182556152,2,straight,62.579113276838186,225.28480779661749
1514.196211613712,-70.96177673339844,123.41989135742188,1.0069580078125,-69.55640931676282,123.40194413492368,1.4054820093250815,-1.583566116914323,0.0002949251382612095,3390.690959392954,-0.007187514399868006,12.300020337104797,-10.300021171569824,1.9999991655349731,-26.989988327026367,10.110000610351562,2,straight,60.89945932360254,219.23805356496916
1522.84206243993,-71.06121826171875,114.77461242675781,1.0066375732421875,-69.69793702731934,114.76050953839123,1.363354178313854,-1.5811407700167643,9.670637171736718e-05,10340.580276577715,-0.004108657512730957,12.500021576881409,-10.600022315979004,1.8999992609024048,-18.345136642456055,4.59999942779541,2,straight,59.20520033489698,213.13872120562914
1531.3135648967475,-71.14837646484375,106.30355834960938,1.006256103515625,-69.8475575659582,106.28918243617075,1.300898333685228,-1.581847310317932,-0.0005927702987270356,1686.9941057227115,-0.005575969354922744,14.498021125793457,-11.599021911621094,2.8989992141723633,-13.300032615661621,4.59999942779541,2,straight,57.496702546595905,206.98812916774526
1539.603866945584,-71.27182006835938,98.01417541503906,1.005706787109375,-70.05529841038947,97.98972280882491,1.2167673870796034,-1.5908940485898921,-0.0013916181856739457,718.5879074407976,-0.00832299363175415,14.948025226593018,-12.549025535583496,2.3989996910095215,-13.6000337600708,4.349998474121094,2,straight,55.77410318707413,200.78677147346687
1547.706041289133,-71.48860168457031,89.91490173339844,1.0048980712890625,-70.37820657726238,89.87741019942577,1.1110278616907021,-1.6045476433014108,-0.001574179763817199,635.251464276938,-0.01245032928586104,12.95002567768097,-11.550025939941406,1.399999737739563,-16.000041961669922,6.150005340576172,2,straight,54.037562260520204,194.53522413787275
1555.6128603538648,-71.80203247070312,82.01429748535156,1.00372314453125,-70.8178264808193,81.96964140455025,0.9852185524419028,-1.6161379268641736,-0.0013758027961838365,726.8483555737582,0.04488872633162527,13.100027918815613,-12.050027847290039,1.0500000715255737,-17.750015258789062,7.100008964538574,2,straight,52.28731737070505,188.23434253453817
1563.320986943725,-72.18916320800781,74.31590270996094,1.0116729736328125,-71.34830295909067,74.26938120270016,0.8421461920871021,-1.6260660666083488,-0.000970386082152358,1030.5176654862537,0.2631846423884268,13.69902753829956,-13.049027442932129,0.6500000953674316,-19.749984741210938,7.750011444091797,2,straight,50.52272160850943,181.88179779063395
1570.8182333197722,-72.63619995117188,66.83206176757812,1.0430755615234375,-71.95197493778117,66.79080180628502,0.6854679083337276,-1.631025137660575,0.0002893616653447256,3455.8827922443306,0.6548085657392066,14.198027044534683,-14.048027038574219,0.15000000596046448,-19.749984741210938,8.300013542175293,2,straight,48.7451588151496,175.48257173453857
1578.095183443314,-73.060546875,59.567779541015625,1.107391357421875,-72.54205968381797,59.54110194731095,0.5191730553733586,-1.6222037473074984,0.0021826578822619763,458.1570057895009,0.9795686136620907,15.79903781414032,-14.65003776550293,1.1490000486373901,-20.449974060058594,8.300013542175293,2,straight,46.95551619229077,169.03985829224678
1585.1498482337922,-73.3505859375,52.51948547363281,1.18304443359375,-73.00364119954725,52.50929186254897,0.34709445530004646,-1.600168956735823,0.003010950031816076,332.12108784045245,0.9710318863260292,16.03599762916565,-13.8879976272583,2.1480000019073486,-21.049964904785156,7.450010299682617,2,straight,45.15287579504075,162.5503528621467
1591.9754567530263,-73.48828125,45.695526123046875,1.2426300048828125,-73.31575228060835,45.69387602004218,0.17253686017565115,-1.5803602435063209,0.00418331131872865,239.04508266525812,0.805043422999606,15.08899712562561,-12.888998031616211,2.1999990940093994,-21.44995880126953,7.5000104904174805,3,left,43.33745428008001,156.01483540828804
1598.6843167396664,-73.44111633300781,38.98701477050781,1.2921600341796875,-73.44303816125728,38.986962965330925,-0.0019225263578936834,-1.5438466581519343,0.005917337596306804,168.99492106452254,0.8021327862956631,13.937998533248901,-11.889998435974121,2.0480000972747803,-21.64995574951172,7.700011253356934,3,left,41.47572161140613,149.31259780106208
1605.1637104506335,-73.13290405273438,32.51519775390625,1.3481292724609375,-73.30696932314444,32.503297345854705,-0.17447159675638912,-1.502535044375878,0.006119616599280064,163.40892991852527,0.7504187237347776,11.939998865127563,-10.890998840332031,1.0490000247955322,-21.64995574951172,8.150012969970703,3,left,39.59465534616116,142.5407592461802
1611.4001337088305,-72.59611511230469,26.302047729492188,1.38812255859375,-72.93820328272295,26.26603470179322,-0.34397856692556017,-1.465908555946662,0.0063572756404115804,157.30008521940672,0.5594985870182547,9.941999245435,-9.891999244689941,0.05000000074505806,-21.399959564208984,8.850015640258789,3,left,37.69557697705787,135.70407711740833
1617.4129262528452,-71.8525390625,20.335479736328125,1.417022705078125,-72.35695336614188,20.261348597193653,-0.5098325367293565,-1.4248761192736727,0.007747165821347005,129.07946248478896,0.23312911025687305,9.642999768257141,-8.892999649047852,0.7500001192092896,-20.99996566772461,9.800019264221191,3,left,35.76925605641061,128.7693218030782
1623.229196594281,-70.87161254882812,14.602523803710938,1.416656494140625,-71.53047685614634,14.471588705315353,-0.6717485954207563,-1.3746236864802492,0.009268631920209186,107.89078783241084,-0.35247308773932173,9.643998980522156,-7.8939995765686035,1.7499994039535522,-20.3499755859375,12.150028228759766,3,left,33.80160015034569,121.68576054124449
1628.874273762892,-69.62322998046875,9.09735107421875,1.3777923583984375,-70.42660401433766,8.890555752013434,-0.8295626218561216,-1.3188571836118337,0.01025329199439036,97.52965199343843,-1.2260945232557523,9.643998861312866,-6.8949995040893555,2.7489993572235107,-19.54998779296875,12.350028991699219,3,left,31.775554476460446,114.39199611525761
1634.3766086991209,-68.10055541992188,3.8107757568359375,1.281494140625,-69.03662065547893,3.5105518102247397,-0.9830323205964704,-1.2604315794099805,0.01344593045537798,74.37194497759945,-2.2426509697091133,9.643998861312866,-5.895999431610107,3.747999429702759,-18.500003814697266,14.470878601074219,3,left,29.66788039818181,106.80436943345453
1639.7974257444769,-66.2347412109375,-1.27667236328125,1.1336212158203125,-67.27779528061467,-1.7156455781258952,-1.1316621738050388,-1.1724428269886247,0.018242530359834266,54.816956873579514,-2.4332563599461983,9.643998622894287,-4.896999359130859,4.746999263763428,-17.250022888183594,19.8886775970459,3,left,27.43353776263652,98.76073594549148
1645.1994628270943,-63.86639404296875,-6.1304931640625,1.018035888671875,-64.98018732464799,-6.750181547225002,-1.2745780347002575,-1.0630707324493818,0.020125283812819528,49.688740258311974,-1.7875663496654828,9.643998622894287,-3.8979992866516113,5.745999336242676,-15.700041770935059,25.28847885131836,3,left,26.1188077544869,94.02770791615285
1650.6354179577402,-60.969879150390625,-10.729812622070312,0.94012451171875,-62.12072252162093,-11.545280244832448,-1.4104708110691466,-0.9543334032432179,0.019601123589006134,51.01748353654988,-1.1289668925394556,9.643998622894287,-2.8989992141723633,6.744999408721924,-13.700034141540527,30.722875595092773,3,left,26.46572966863354,95.27662680708075
1656.1634597824707,-57.53999328613281,-15.064910888671875,0.8948211669921875,-58.69342211693725,-16.081777225312422,-1.5376655079449677,-0.8482387805135966,0.01889959109030144,52.91119766676658,-0.4970618886000505,9.643998742103577,-1.8999992609024048,7.743999481201172,-12.750030517578125,36.249732971191406,3,left,26.952443956686285,97.02879824407063
1661.796246138395,-53.60246276855469,-19.092819213867188,0.8853302001953125,-54.72215222331782,-20.310594776530504,-1.6542919319538836,-0.7434601681935995,0.019253826808559804,51.93772697464087,0.2670300540027565,9.294998526573181,-1.4499996900558472,7.844998836517334,-13.500033378601074,36.599727630615234,3,left,26.703354739249647,96.13207706129873
1667.545448092163,-49.15617370605469,-22.737289428710938,0.926239013671875,-50.19069050634273,-24.159324802677265,-1.7585248405665952,-0.6289385113906785,0.019590020194438153,51.046399650160254,1.3755054055147833,9.195997714996338,-2.349998950958252,6.845998764038086,-15.900042533874512,36.599727630615234,3,left,26.473228839356594,95.30362382168374
1673.4174742678574,-44.22035217285156,-25.915939331054688,1.0468292236328125,-45.132387305905034,-27.524164745166825,-1.8488366792445503,-0.5158818937067177,0.01829829997487531,54.649885583527514,2.668541388075872,9.195997714996338,-3.3489990234375,5.846998691558838,-18.400005340576172,34.44976043701172,3,left,27.391699849421176,98.61011945791624
1679.4101947548816,-38.86677551269531,-28.60162353515625,1.244354248046875,-39.63741049016086,-30.364724861965023,-1.9241633395032185,-0.41206674367305346,0.016470562896331458,60.714379119534115,3.646502276151632,9.195997714996338,-4.347999095916748,4.84799861907959,-20.399974822998047,28.46129608154297,3,left,28.871552303082193,103.93758829109589
1685.5390373450618,-33.14479064941406,-30.783676147460938,1.48980712890625,-33.762204509711026,-32.66905984703591,-1.983903114950375,-0.31646778286347227,0.01566691627220121,63.828770296957714,3.9559077192959564,9.195997714996338,-5.346999168395996,3.848998546600342,-21.899951934814453,23.999919891357422,3,left,29.60278659730743,106.57003175030674
1691.7511167364837,-27.160415649414062,-32.432403564453125,1.7324676513671875,-27.60037062978007,-34.41180754389626,-2.027708188715565,-0.21871103646104534,0.015619946897251583,64.02070420456779,3.973739257844629,9.195997714996338,-6.345999240875244,2.8499984741210938,-22.999935150146484,21.899951934814453,3,left,29.647261162589952,106.73014018532383
1698.0618221211187,-20.9449462890625,-33.494415283203125,1.9875640869140625,-21.19277305389566,-35.53451037984814,-2.055092725091187,-0.12088573398133921,0.0143250380791977,69.80784235765235,4.007132081779832,9.494998455047607,-7.344999313354492,2.1499991416931152,-23.649925231933594,20.3499755859375,3,left,30.958254281521427,111.44971541347714
1704.4918229194345,-14.539627075195312,-33.996002197265625,2.242919921875,-14.614947718170118,-36.05961125126572,-2.064983178384101,-0.03648327761633853,0.012176865702106831,82.12293906033479,3.7415114551564987,10.393998146057129,-8.343998908996582,2.049999237060547,-23.949920654296875,19.099994659423828,3,left,33.312906654155384,119.92646395495939
1711.0721522869271,-7.963348388671875,-33.9884033203125,2.4736480712890625,-7.8868028555281295,-36.04233871689328,-2.0553612412351594,0.037250502200355196,0.010508929177635682,95.15717378019116,3.2927469347779486,11.792997360229492,-9.342998504638672,2.4499988555908203,-23.949920654296875,19.54998779296875,3,left,35.56155393860906,128.02159417899261
1717.8281032775394,-1.2280120849609375,-33.503631591796875,2.6812896728515625,-1.019150379484031,-35.51599573792556,-2.023173909637763,0.10341893107348987,0.009166589695634763,109.0918251174929,3.131602783681628,11.947000741958618,-8.547002792358398,3.3999979496002197,-23.599925994873047,19.54998779296875,3,left,37.731047040939806,135.8317693473833
1724.7400390611201,5.6179656982421875,-32.57691955566406,2.90185546875,5.9355060385492315,-34.51572171705941,-1.9646337289056104,0.16234038962074898,0.008193782056387754,122.04376356586327,3.046523701418405,11.947000980377197,-7.548003196716309,4.398997783660889,-22.849937438964844,19.799983978271484,3,left,39.82851936653604,143.38266971952976
1731.81635311852,12.562881469726562,-31.23516845703125,3.106964111328125,12.968466570312968,-33.06672999936734,-1.8759309574667806,0.21792555122551274,0.007566193206116241,132.16686023714485,2.7535787404156493,11.947000980377197,-6.5490031242370605,5.397997856140137,-21.749954223632812,19.799983978271484,3,left,41.867156573296676,150.72176366386805
1739.0566302841742,19.58599853515625,-29.4853515625,3.29559326171875,20.054869596100247,-31.175779392184673,-1.754248077998998,0.2705666468278396,0.0070134503245177626,142.583172864885,2.16665705516548,11.947000980377197,-5.5500030517578125,6.396997928619385,-20.49997329711914,17.400020599365234,3,left,43.855052996122204,157.87819078603994
1746.4632616333458,26.669113159179688,-27.323989868164062,3.4228363037109375,27.17291299142031,-28.841386650093,-1.5988456037948047,0.3205643807327001,0.006638185903177576,150.64356656858897,1.1943375285180857,12.645999908447266,-5.250001907348633,7.395998001098633,-18.45000457763672,15.750041961669922,3,left,45.47782124207133,163.7201564714568
1754.0688841495448,33.82868957519531,-24.758163452148438,3.4727783203125,34.339493254599425,-26.074446932360644,-1.411921598096841,0.3701755191371497,0.007112551800511197,140.5965155752015,0.46336903897662707,13.100013732910156,-6.000004768371582,7.100008964538574,-18.999996185302734,14.450037002563477,3,left,43.935101539108445,158.1663655407904
1761.8824366947915,41.02423095703125,-21.712615966796875,3.49346923828125,41.524571916574175,-22.802196159566716,-1.1989687536682072,0.43048260318189135,0.00776866612121941,128.72222649247215,0.2777355717958119,13.00001335144043,-6.750007629394531,6.250005722045898,-19.649986267089844,13.650033950805664,3,left,42.03887904553786,151.3399645639363
1769.8245905032086,48.13555908203125,-18.176193237304688,3.516571044921875,48.59355582980533,-19.0295203362379,-0.9684669115387529,0.4925894107834222,0.007584198459343525,131.85308973132518,0.29145547807331584,12.800012588500977,-6.900008201599121,5.9000043869018555,-19.799983978271484,13.350032806396484,3,left,42.547055637014175,153.16940029325104
1777.8395706083402,55.082244873046875,-14.178329467773438,3.53997802734375,55.465205811005106,-14.800898715229641,-0.7309251315148707,0.551470186440104,0.006234237217135695,160.40454752850223,0.2626649922256946,12.950013160705566,-6.900008201599121,6.050004959106445,-19.799983978271484,20.859619140625,3,left,44.70897219277528,160.952299893991
1785.7470084348226,61.7266845703125,-9.89129638671875,3.5584564208984375,62.00432100709123,-10.304084353224363,-0.4974694928526051,0.5920911328268746,0.003967368201281005,252.05626230434441,0.1492392437033946,13.00001335144043,-6.350006103515625,6.650007247924805,-19.299991607666016,28.766035079956055,4,straight,46.74399784914563,168.27839225692426
1793.4619778236004,68.07975769042969,-5.5141754150390625,3.5636138916015625,68.24007415296386,-5.741661102488053,-0.27830038834613574,0.6138948041463047,0.0024136304702460504,414.3136293345095,0.3816325328973663,13.050013542175293,-5.600003242492676,7.450010299682617,-18.949996948242188,36.480003356933594,4,straight,48.64751325459944,175.131047716558
1800.9728653158988,74.18501281738281,-1.1396331787109375,3.61529541015625,74.23288935066026,-1.2054342765305925,-0.08137534585448908,0.6290068740238437,0.0012264438578239861,815.3654923709648,1.1680088286389196,13.050013542175293,-4.699999809265137,8.350013732910156,-18.799999237060547,36.43246078491211,4,straight,48.75216191508333,175.5077828943
1808.2645543377516,80.06808471679688,3.1666412353515625,3.73443603515625,80.01582602240782,3.2379569337648486,0.08841323418710523,0.6323887027597349,-0.0007660692522956231,1305.365013676471,2.0817868475256462,13.099010944366455,-3.749997615814209,9.349013328552246,-18.550003051757812,36.295772552490234,4,straight,46.959092732331776,169.0527338363944
1815.3274269469528,85.78536987304688,7.3097381591796875,3.912109375,85.65233692735234,7.496649449384703,0.22942012781416704,0.6185642798665245,-0.0027813296314536107,359.54026760839866,2.910802101792992,13.050019264221191,-2.8499984741210938,10.200020790100098,-18.300006866455078,36.078857421875,4,straight,45.15445607056387,162.55604185402993
1822.155049249403,91.38973999023438,11.202926635742188,4.136932373046875,91.19781924215901,11.487016994041495,0.34284239122435695,0.5941358900616783,-0.00410823797228068,243.4133579279615,3.6079702222140684,13.000022649765015,-2.099999189376831,10.900023460388184,-16.300037384033203,35.790626525878906,5,right,43.33855394014556,156.018794184524
1828.846346018606,96.98481750488281,14.863510131835938,4.399017333984375,96.75423588456582,15.228717208139905,0.4319075042303666,0.5631685031633931,-0.004862978767069065,205.6352799176838,4.1450737717280415,13.000024914741516,-1.5999995470046997,11.400025367736816,-16.400035858154297,35.43999481201172,5,right,41.481853436349894,149.33467237085964
1835.2994597773118,102.48944091796875,18.219467163085938,4.6807098388671875,102.23607831068135,18.65156593583898,0.5009011481182225,0.5303248398506006,-0.0056949822790821475,175.59317149642976,4.499010885743349,12.950026154518127,-1.2999998331069946,11.650026321411133,-16.800029754638672,35.0358772277832,5,right,39.608887098913364,142.5919935560881
1841.4783372085865,107.86842346191406,21.246566772460938,4.96661376953125,107.60681148846415,21.735208016032438,0.5542662623428066,0.4915545262870415,-0.007107751660557021,140.69146584696966,4.659594475701717,12.900026202201843,-1.2499998807907104,11.650026321411133,-17.350021362304688,34.587188720703125,5,right,37.728478966784245,135.8225242804233
1847.369027388059,113.11634826660156,23.907989501953125,5.242919921875,112.85982244644524,24.445879920382076,0.5959291892872409,0.44500632939545076,-0.008189951240564139,122.10084903156495,4.63871948895696,13.000025629997253,-1.4499996900558472,11.550025939941406,-18.25000762939453,34.10284423828125,5,right,35.844038231072986,129.03853763186277
1852.9591735757576,118.21028137207031,26.1961669921875,5.499481201171875,117.96670702726429,26.77599592784909,0.6289118030997176,0.3976957085514575,-0.00863512398095577,115.80609638094809,4.484263505932562,13.050023674964905,-1.8999992609024048,11.1500244140625,-19.39999008178711,33.59175109863281,5,right,33.95917577979177,122.25303280725038
1858.2491917971229,123.12651062011719,28.135543823242188,5.7314300537109375,122.90113061277809,28.75076778443064,0.6552073489580071,0.3511551788905454,-0.009737328063686206,102.69757714432347,4.24208741009533,12.946004390716553,-2.5499987602233887,10.396005630493164,-20.799968719482422,33.062835693359375,5,right,32.073664623573535,115.46519264486473
1863.2684263751846,127.87838745117188,29.738632202148438,5.93756103515625,127.68007577724855,30.384735472757725,0.6758527622983392,0.29780692629032784,-0.012331526905609104,81.09295853258376,3.9496333551327645,12.897003889083862,-3.499997854232788,9.397006034851074,-22.349945068359375,32.525001525878906,5,right,30.175941710667363,108.6333901584025
1868.04810692876,132.48606872558594,30.996261596679688,6.1191864013671875,132.3277587683726,31.669002675450393,0.6911169232615131,0.23111593327978566,-0.015258106396597686,65.53893215890696,3.7281602339457875,12.897004127502441,-4.498997688293457,8.398006439208984,-22.44994354248047,31.98716926574707,5,right,28.25054137187225,101.7019489387401
1872.6065278569752,136.9550323486328,31.879287719726562,6.2860107421875,136.84623291881638,32.57155231659609,0.7007621479555783,0.15588933753601739,-0.018199076694144268,54.947842509052116,3.8173641583803875,12.897004127502441,-5.497997760772705,7.399006366729736,-26.57599639892578,31.458251953125,5,right,26.283193778044392,94.61949760095982
1876.9633690516043,141.27964782714844,32.37916564941406,6.458892822265625,141.23071382616652,33.08176147069452,0.7042978237456573,0.06953515310903031,-0.02272504454520037,44.004314183454674,4.190584299928712,12.897004127502441,-6.496997833251953,6.400006294250488,-30.92840576171875,30.947162628173828,5,right,24.25415088373714,87.3149431814537
1881.1630107965707,145.47451782226562,32.455535888671875,6.643890380859375,145.50091986461175,33.15626087393776,0.7012221993176786,-0.03766036560344935,-0.028052133865665442,35.64791201941166,4.560484602631143,13.046000957489014,-7.495997905731201,5.5500030517578125,-35.12297058105469,30.46281623840332,5,right,22.122866789076607,79.64232044067579
1885.245260032618,149.53221130371094,32.05194091796875,6.8362274169921875,149.64383863781998,32.73408369542494,0.6912159073371706,-0.16220450232961203,-0.0305763209841839,32.7050465135183,4.797377768728028,13.294998168945312,-8.49499797821045,4.800000190734863,-39.19968795776367,30.01412582397461,5,right,21.190038276239896,76.28413779446363
1889.2349627677982,153.4182891845703,31.169784545898438,7.030975341796875,153.60751328497037,31.81695277075106,0.674264392824589,-0.28445858661966,-0.030746745076295028,32.523767882375786,4.858154320576979,13.593995094299316,-9.493997573852539,4.099997520446777,-43.09962844848633,29.610010147094727,5,right,21.131230244005685,76.07242887842047
1893.1567633108273,157.10435485839844,29.844085693359375,7.220611572265625,157.36100741873406,30.442030435098275,0.6506984331470492,-0.40544342744313416,-0.030858829605839973,32.40563601319319,4.798170452600958,13.942995071411133,-10.492997169494629,3.449997901916504,-43.09962844848633,29.25937843322754,5,right,21.092819218214842,75.93414918557343
1897.0393410228617,160.5696563720703,28.10284423828125,7.4054718017578125,160.8811430223345,28.640251662328087,0.6211526967771019,-0.525291822336981,-0.030296435130867806,33.00718370595162,4.61141807618487,14.341995239257812,-11.491996765136719,2.8499984741210938,-39.22245407104492,28.971147537231445,5,right,21.287692625692397,76.63569345249263
1900.8987865122515,163.78721618652344,25.978469848632812,7.57769775390625,164.13746020025647,26.448859036469564,0.5864613006751062,-0.6400255072199041,-0.02999541089360995,33.33843312054893,3.9317751048573157,14.84099531173706,-12.490996360778809,2.349998950958252,-35.4997444152832,28.75423240661621,5,right,21.39424416113557,77.01927898008806
1904.745224961431,166.7318115234375,23.507171630859375,7.708587646484375,167.10760051546745,23.905391587299093,0.5475367569741154,-0.7564260332479997,-0.02964287790946578,33.73491612569347,2.7228364815378936,14.750030159950256,-12.850030899047852,1.8999992609024048,-33.549774169921875,28.617544174194336,5,right,21.52108550500287,77.47590781801033
1908.6418593159203,169.40692138671875,20.67498779296875,7.787841796875,169.79293238011394,21.000983372143175,0.5052500417250916,-0.8694899189953593,-0.029477381574326902,33.92431574963708,1.2295676796734822,14.15002954006195,-12.600029945373535,1.5499995946884155,-32.54978942871094,28.57000160217285,5,right,21.581414399076113,77.69309183667401
1912.6264110501156,171.79884338378906,17.48828125,7.8040618896484375,172.1834058453986,17.741319438690034,0.46034401463982766,-0.9888248440628038,-0.030584785653569133,32.69599503906622,0.20103710698414767,13.45002806186676,-12.150028228759766,1.2999998331069946,-32.54978942871094,28.70284080505371,5,right,21.187105787478433,76.27358083492236
1916.7093997727472,173.8236083984375,13.942703247070312,7.80364990234375,174.19504312419807,14.124163105752466,0.41339017382343624,-1.1163605511155426,-0.03065067782663898,32.62570588670259,-0.006005382211549115,13.150027632713318,-12.000027656555176,1.149999976158142,-28.699848175048828,29.080921173095703,5,right,21.16431974071845,76.19155106658643
1920.8861270307104,175.4224090576172,10.084091186523438,7.8035736083984375,175.76763962371172,10.201923475067634,0.3647856795291075,-1.2418797679319316,-0.029234631963790697,34.20600612446825,0.0036783665947726085,12.950026869773865,-11.800026893615723,1.149999976158142,-27.39986801147461,29.673587799072266,5,right,21.670829747490593,78.01498709096614
1925.1517659951498,176.55377197265625,5.971221923828125,7.8039703369140625,176.86177831066163,6.036154462302403,0.31477633139135275,-1.3630231173206901,-0.027535196470670736,36.31715506606809,0.01494568267108587,12.840997576713562,-11.590997695922852,1.2499998807907104,-27.099872589111328,30.450183868408203,5,right,22.329565159673827,80.38643457482578
1929.5006784798193,177.2076873779297,1.6717529296875,7.80487060546875,177.47006875338315,1.695922935204066,0.2634922681057701,-1.4789377296744823,-0.02726297178811507,36.67978706693805,0.026287275262393273,12.141997694969177,-10.591998100280762,1.5499995946884155,-27.649864196777344,31.380056381225586,5,right,22.44077020460713,80.78677273658568
1933.937194612615,177.3441162109375,-2.762664794921875,7.8062896728515625,177.55499380387235,-2.7693838363894137,0.21098460778036973,-1.6026478337430108,-0.026873890231511433,37.210838899216505,0.03885112715630301,11.642997741699219,-9.592998504638672,2.049999237060547,-31.220775604248047,32.43254852294922,5,right,22.60263574469584,81.36948868090502
1938.4628427662137,176.9352569580078,-7.269805908203125,7.8083648681640625,177.0907755423196,-7.293120609901219,0.15725649551485985,-1.7196039810127728,-0.025579025835759522,39.09453027730236,0.05188786870994333,11.343997478485107,-8.593998908996582,2.7499985694885254,-35.74542236328125,33.57700729370117,5,right,23.16766983279652,83.40361139806747
1943.0886913435531,175.9917755126953,-11.798416137695312,7.8110504150390625,176.09046865621576,-11.825293470173172,0.10228747518183315,-1.8366807267557963,-0.02373208702293808,42.137044206582296,0.06289194918522867,11.244996547698975,-7.594998836517334,3.6499977111816406,-40.370269775390625,34.78277587890625,5,right,24.052287674894302,86.58823562961949
1947.8336467806475,174.5066375732422,-16.304962158203125,7.81427001953125,174.5495606203657,-16.32165072677082,0.046053189848309924,-1.9416121793375511,-0.02094926402740427,47.73437380386606,0.07534780208536818,11.244996547698975,-6.595998764038086,4.648997783660889,-45.11422348022461,36.019203186035156,5,right,25.600000304866334,92.1600010975188
1952.7199480379984,172.5096893310547,-20.764572143554688,7.818328857421875,172.499461203872,-20.75941106844386,-0.011456495186790209,-2.038114209734796,-0.0190085319209794,52.60795542533807,0.01900813763360265,11.244996547698975,-5.596998691558838,5.647997856140137,-49.9995231628418,37.2556266784668,5,right,26.87509866959837,96.75035521055413
1957.7267218831635,170.05482482910156,-25.128219604492188,7.8159942626953125,169.9952827471439,-25.090998463710573,-0.0702187499528285,-2.129484278475787,-0.018018256174576447,55.499266427957025,-0.06815530040845674,11.244996547698975,-4.59799861907959,6.646997928619385,-49.9995231628418,38.461395263671875,5,right,27.603743107810843,99.37347518811903
1962.8119102402766,167.16845703125,-29.314865112304688,7.8114166259765625,167.06477622008066,-29.236190223120825,-0.13015163768783783,-2.219917253429187,-0.016690758947542683,59.91339298248185,-0.0635243498330329,11.244996786117554,-3.598998785018921,7.645998001098633,-50.67000198364258,39.60585403442383,5,right,28.68047324240515,103.24970367265854
1967.9871131208859,163.87448120117188,-33.30641174316406,7.8095245361328125,163.73205005127787,-33.17901346900027,-0.19109409389106174,-2.300539510203953,-0.013663730386445444,73.18645580068016,-0.026584044366084747,11.244996309280396,-2.599998712539673,8.644997596740723,-50.533203125,40.658348083496094,5,right,30.730651040910644,110.63034374727832
1973.3251231238435,160.1897735595703,-37.168701171875,7.80865478515625,160.0122322837178,-36.98875066400734,-0.25279060487519944,-2.3629336535855265,-0.009574164996914547,104.44775082968265,-0.05127551393442342,11.393996596336365,-1.7499994039535522,9.643997192382812,-50.1399040222168,41.588218688964844,5,right,32.71097833002603,117.75952198809371
1978.8653623936034,156.16033935546875,-40.97105407714844,7.803802490234375,155.94854407014583,-40.73806023655949,-0.3148704060997134,-2.40381824119584,-0.00478084619708985,209.16799218697108,-0.052938364101517976,11.842996716499329,-1.1999999284744263,10.642996788024902,-49.5157585144043,42.36481857299805,5,right,34.646831790957904,124.72859444744846
1984.6933484395176,151.8190155029297,-44.859283447265625,7.8028411865234375,151.5688921524708,-44.577441664302505,-0.3768242044622494,-2.415749003510049,-0.00044363118370319143,2254.1246799932883,-0.016075101036050476,12.49199652671814,-0.8500001430511475,11.641996383666992,-48.68640899658203,42.95748519897461,6,straight,36.57280683251051,131.66210459703782
1990.8427590550566,147.2303924560547,-48.953155517578125,7.8018798828125,146.93718365563169,-48.62782951945999,-0.4379593653491869,-2.4080725412208372,0.0016503443994873856,605.9341312701824,-0.012356496216248125,12.950028717517853,-0.7000001072883606,12.250028610229492,-47.677513122558594,43.33556365966797,6,straight,38.50068157681144,138.60245367652118
1997.374877153864,142.40980529785156,-53.36116027832031,7.801300048828125,142.07187385973242,-52.99629259720557,-0.4973188932579677,-2.3945028266715456,0.002542168792359606,393.3649107035941,-0.01656112560960432,12.900028884410858,-0.6000000834465027,12.300028800964355,-46.51472091674805,43.46840286254883,6,straight,40.44801790159604,145.61286444574574
2004.3400856993908,137.3466796875,-58.14434814453125,7.7995758056640625,136.96204524788735,-57.74628948854483,-0.5535289926840825,-2.373344124395343,0.0034087854389123484,293.35961970052097,-0.025195708343961343,12.950028896331787,-0.6500000953674316,12.300028800964355,-45.22367477416992,36.50419235229492,6,straight,42.426112500287026,152.7340050010333
2011.7131658333285,132.1131134033203,-63.33781433105469,7.7976837158203125,131.68098039788435,-62.914983128540584,-0.6045867681372374,-2.3453151623257193,0.003730942105784091,268.0288172924734,-0.022059436291771428,12.950028359889984,-0.8000001311302185,12.150028228759766,-43.83003234863281,29.132112503051758,6,straight,44.42417743747389,159.927038774906
2019.4835016893423,126.75971984863281,-68.96980285644531,7.7962646484375,126.28413899064593,-68.5301999020831,-0.647632542393855,-2.316902507220566,0.003359656730926225,297.6494565039416,-0.03868550010053262,12.950027585029602,-1.0000001192092896,11.950027465820312,-42.35943603515625,21.362775802612305,6,straight,46.43694493493162,167.17300176575384
2027.6701694561802,121.2769775390625,-75.04936218261719,7.7913360595703125,120.76718194643853,-74.60118713150617,-0.6787874650413045,-2.2919589464466306,0.003275219762519599,305.3230233414043,-0.04001853676396383,12.950026392936707,-1.2499998807907104,11.700026512145996,-40.837547302246094,17.00002670288086,6,straight,48.46721510447508,174.4819743761103
2036.2983119555843,115.67942810058594,-81.6153564453125,7.7897186279296875,115.14517845437221,-81.17367771279083,-0.6931830834934108,-2.2616232339155506,0.0033841336468959093,295.49660395866704,-0.04666287228155541,12.943999886512756,-1.699999451637268,11.244000434875488,-39.290000915527344,16.600032806396484,6,straight,50.51873471024121,181.86744495686835
2045.371083313901,110.00508117675781,-88.69468688964844,7.7828216552734375,109.46427527830208,-88.27376716285261,-0.6853060894304017,-2.232176884443502,0.0030775330308463744,324.9355863858861,-0.05105047605759583,12.494999885559082,-2.2499990463256836,10.245000839233398,-37.74245834350586,16.100040435791016,6,straight,52.58972276502527,189.32300195409098
2054.9435216375387,104.23139953613281,-96.32987976074219,7.78045654296875,103.70779431508079,-95.94520213991747,-0.6497224788140701,-2.204414538339663,0.00297894127965323,335.6897320636032,-0.09510620474547649,12.245999574661255,-2.9999983310699463,9.246001243591309,-36.22056579589844,13.400032997131348,6,straight,54.68981135449108,196.8833208761679
2064.9733572197774,98.41703796386719,-104.50242614746094,7.763519287109375,97.93754517591483,-104.17233300318168,-0.5821295539641373,-2.173709143766502,0.002943529931622127,339.72815742658946,-0.22931317255135975,12.096999168395996,-3.8499975204467773,8.247001647949219,-34.74997329711914,11.850027084350586,6,straight,56.80701783283444,204.50526419820397
2075.4501903613386,92.6068115234375,-113.22047424316406,7.732879638671875,92.20311808056587,-112.95979936819866,-0.48054113898372086,-2.1441602736332164,0.002454133311939763,407.47582665327724,-0.30304566600867777,12.096999645233154,-4.848997592926025,7.248002052307129,-33.356327056884766,10.55002212524414,6,straight,58.937421056629454,212.17471580386604
2086.404067358006,86.77250671386719,-122.49124145507812,7.6984710693359375,86.47739612179134,-122.31003284986626,-0.3463045194019063,-2.121472731392108,0.00208199176025102,480.30929761193323,-0.2896874428487517,12.096999645233154,-5.847997665405273,6.249001979827881,-32.065284729003906,9.550018310546875,6,straight,61.085428799713895,219.90754367897003
2097.751098228012,80.94802856445312,-132.2292938232422,7.6684722900390625,80.78846063120345,-132.13645819289417,-0.1846087202265576,-2.0977213199435014,0.0023323477008740517,428.75253960858754,-0.15512623915143742,12.000009536743164,-6.750007629394531,5.250001907348633,-30.902488708496094,8.750015258789062,6,straight,63.23363722197337,227.64109399910413
2109.220075294307,75.32273864746094,-142.22396850585938,7.6633453369140625,75.31900822095362,-142.22194312651615,-0.0042447901491735884,-2.068199223835386,0.002644137223307627,378.19519773223846,0.1324886146493176,11.9500093460083,-7.400010108947754,4.549999237060547,-29.893592834472656,8.200013160705566,6,straight,65.33319418024332,235.19949904887596
2120.658777562455,70.02003479003906,-152.3592529296875,7.6987152099609375,70.18387816963134,-152.44173051097513,0.18343174330326784,-2.037154508486827,0.002640630821082346,378.6973900388387,0.5449452648857156,11.900009155273438,-7.700011253356934,4.199997901916504,-29.064247131347656,8.10001277923584,6,straight,67.36205980244675,242.5034152888083
2132.0142766780796,65.06309509277344,-162.57533264160156,7.78717041015625,65.39480539684298,-162.73036210666277,0.3661500523870908,-2.007995987307106,0.0025586287050041734,390.8343551544611,1.0710724922807113,11.9500093460083,-7.700011253356934,4.249998092651367,-28.440099716186523,7.450010299682617,6,straight,69.31745576544044,249.5428407555856
2143.282347581355,60.43702697753906,-172.84886169433594,7.940521240234375,60.925817107971056,-173.06041734428663,0.5326082844209152,-1.9792675973260279,0.002394159918258587,417.6830429637126,1.6995042047502185,12.143999099731445,-7.543999671936035,4.59999942779541,-28.04680061340332,8.000012397766113,6,straight,71.20473677958829,256.33705240651784
2154.456272496461,56.13264465332031,-183.15794372558594,8.167938232421875,56.757833661547664,-183.41014993518854,0.6741433587675629,-1.9542371259573057,0.0018362505096373577,544.5880040613253,2.216155522868135,11.79500150680542,-6.544999599456787,5.250001907348633,-27.910001754760742,8.850015640258789,6,straight,73.02810136992055,262.901164931714
2165.5279932624494,52.077178955078125,-193.45677185058594,8.433151245117188,52.81050579045994,-193.7391293593795,0.7858078710875966,-1.9383368507801668,0.0011252104792438544,888.7226154096998,2.4837804608336453,11.646004676818848,-5.545999526977539,6.100005149841309,-28.064001083374023,9.950019836425781,6,straight,73.73618281023978,265.4502581168632
2176.496196094953,48.186279296875,-203.707763671875,8.715179443359375,48.997817034191726,-204.01191122871705,0.8666598152805678,-1.9293735052869938,0.0006999770627088148,1428.6182409036917,2.6911213023974643,11.646004676818848,-4.546999454498291,7.099005222320557,-28.48200225830078,11.1500244140625,6,straight,71.9644180987202,259.07190515539276
2187.3950233423075,44.39619445800781,-213.92176818847656,9.021453857421875,45.25905637707342,-214.23890786598733,0.9192977028282102,-1.923014216272637,0.00047788884997997105,2092.5367897617016,2.9347205570937227,11.646004915237427,-3.547999620437622,8.098005294799805,-29.09800148010254,12.400029182434082,6,straight,70.1595546604079,252.57439677746848
2198.2318231251224,40.68365478515625,-224.09739685058594,9.3529052734375,41.5755759891366,-224.42113200362363,0.9488560920508928,-1.9189732291855015,-0.00011252339116703258,8887.041082112204,3.182315525724605,11.646004438400269,-2.548999547958374,9.097004890441895,-29.84600257873535,13.700034141540527,6,straight,68.3177035908733,245.94373292714386
2208.9477237489123,37.00958251953125,-234.15753173828125,9.70703125,37.911541262139906,-234.4914066407297,0.9617702552341503,-1.925322680620251,-0.0012826976167625292,779.606968105199,3.417938072688742,11.6460040807724,-1.5499995946884155,10.096004486083984,-30.660003662109375,15.1000394821167,6,straight,66.44621596061683,239.20637745822057
2219.541826220346,33.2384033203125,-244.05062866210938,10.08099365234375,34.1358556744899,-244.40424639119243,0.964606772908227,-1.946140351606028,-0.0018829690691671008,531.0761692130891,3.659206536568471,11.695004165172577,-0.6000000834465027,11.095004081726074,-31.474002838134766,15.250040054321289,6,straight,64.54267769066729,232.35363968640226
2230.0052525198275,29.329193115234375,-253.74827575683594,10.47723388671875,30.218485704051865,-254.11819581611033,0.9631625816959851,-1.964994669087702,-0.0022195343401582718,450.5449552669194,4.014026172857982,13.69300377368927,-1.599000096321106,12.094003677368164,-32.22200393676758,16.150039672851562,6,straight,62.6058340782536,225.38100268171297
2240.339564152085,25.242706298828125,-263.2301940917969,10.915237426757812,26.120482722683093,-263.6236578722779,0.9619278542728749,-1.9921944717043725,-0.0028584873064995547,349.83538241580635,4.005235318465916,13.990996599197388,-2.399998903274536,11.590997695922852,-32.83800506591797,16.800029754638672,6,straight,60.63219042249315,218.27588552097535
2250.53840624862,20.933258056640625,-272.4658203125,11.300262451171875,21.80001352888385,-272.8875415893073,0.96390553685285,-2.0236274635762137,-0.0034576817420273603,289.2111173348374,3.7515931378253264,12.589998126029968,-1.9980000257492065,10.591998100280762,-33.256004333496094,17.100025177001953,6,straight,58.619305487178096,211.02949975384115
2260.602299755511,16.36529541015625,-281.4254455566406,11.67547607421875,17.221167247984575,-281.8834531458237,0.970714970800856,-2.0621558422413484,-0.003989107848192716,250.68261828344768,3.545028989020249,10.591998517513275,-0.9990000128746033,9.592998504638672,-33.410003662109375,17.100025177001953,6,straight,56.56288165198678,203.62637394715242
2270.5283841513483,11.506622314453125,-290.0746612548828,12.009414672851562,12.353398671817589,-290.5736832365989,0.9828800219901187,-2.1033256442805364,-0.0045352710183426265,220.4939894342722,3.3965467570869268,8.593998908996582,-0.0,8.593998908996582,-35.73656463623047,16.700031280517578,7,right,54.458604971846384,196.05097789864698
2280.328741672212,6.324737548828125,-298.38623046875,12.345413208007812,7.1609800639486245,-298.9349800058164,1.0002137764126324,-2.1515237480187595,-0.005019712717212188,199.2145878331007,3.3113174719325955,8.593998849391937,-0.9990000128746033,7.594998836517334,-40.855003356933594,15.900042533874512,7,right,52.2979811549439,188.27273215779803
2289.998445518223,0.8262939453125,-306.33448791503906,12.654434204101562,1.6521270186978176,-306.9369148320808,1.0222125295032567,-2.201033356367872,-0.005301753802844741,188.61683080482422,3.085713262892553,8.593998789787292,-1.9980000257492065,6.595998764038086,-45.97344207763672,14.750038146972656,7,right,50.368011313189506,181.3248407274822
2299.5381976575377,-4.9889984130859375,-313.8915100097656,12.938446044921875,-4.175464487886073,-314.5527869855254,1.0483914756049573,-2.2533206526723477,-0.0058482969604361085,170.98994917067785,2.8893569041864353,8.593998670578003,-2.996999979019165,5.596998691558838,-48.30000305175781,12.150028228759766,7,right,48.08751749554931,173.1150629839775
2308.9557875201735,-11.130813598632812,-321.02589416503906,13.202392578125,-10.335085438631252,-321.7539491362295,1.0785394502263503,-2.3118123547279086,-0.0065666683860671204,152.28422408565015,2.7754934977165635,8.593998670578003,-3.996000051498413,4.59799861907959,-49.07792282104492,10.000020027160645,7,right,45.72479984189496,164.60927943082189
2318.277384016263,-17.634735107421875,-327.6986389160156,13.458602905273438,-16.86380561389283,-328.5012194737951,1.1128646978490304,-2.3763067204710735,-0.007164317046745028,139.58064578595543,2.7913978588124944,8.593998670578003,-4.994999885559082,3.598998785018921,-50.93296432495117,8.200013160705566,7,right,43.77608886133588,157.59391990080917
2327.540472404075,-24.525924682617188,-333.8830871582031,13.721115112304688,-23.786719869950222,-334.7666705271095,1.1520170679629518,-2.4449302914363673,-0.007456450686225163,134.11206512065743,2.8711906199947346,8.593998670578003,-5.99399995803833,2.599998712539673,-53.14704132080078,6.900008201599121,7,right,42.909976890948016,154.47591680741286
2336.782306020871,-31.811553955078125,-339.5627746582031,13.989898681640625,-31.108956907615372,-340.53187658772873,1.1969967255233387,-2.514285713571283,-0.007609686043015956,131.41146616919676,2.977286650198696,8.74299943447113,-6.993000030517578,1.7499994039535522,-55.00208282470703,6.050004959106445,7,right,42.47574315525762,152.91267535892743
2346.014719561532,-39.46723937988281,-344.71533203125,14.271133422851562,-38.807956131949624,-345.7761194718894,1.2489693331798177,-2.5855115316411807,-0.007992634113455882,125.11519804421732,3.295437800505163,9.29199993610382,-7.992000102996826,1.2999998331069946,-55.78000259399414,5.600003242492676,7,right,41.44569144869528,149.204489215303
2355.2509729415383,-47.48640441894531,-349.2863464355469,14.598541259765625,-46.882295482544855,-350.447605760838,1.3089961144382587,-2.6619011452896055,-0.008234520257397265,121.43998299131952,3.9020719362772516,10.241000056266785,-8.991000175476074,1.2499998807907104,-52.240882873535156,5.5500030517578125,7,right,40.83242795723214,146.9967406460357
2364.46936327829,-55.812713623046875,-353.2229919433594,14.991119384765625,-55.27098879348745,-354.48973438731673,1.377716302539934,-2.737477957902393,-0.008185333447823268,122.16973277563064,4.655695953016115,9.993998885154724,-8.443999290466309,1.5499995946884155,-43.80144119262695,5.850004196166992,7,right,40.95492807823978,147.4377410816632
2373.678090343384,-64.3988037109375,-356.51893615722656,15.456375122070312,-63.928885765817164,-357.89598237309366,1.4550186101146698,-2.812733499700022,-0.00809244036759324,123.57211849278148,5.294611338543964,9.64499831199646,-7.4449992179870605,2.1999990940093994,-34.60547637939453,6.500006675720215,7,right,41.18931805874102,148.2815450114677
2382.8798755392395,-73.1981201171875,-359.1619110107422,15.965850830078125,-72.80954006959188,-360.65180197468504,1.539730345816445,-2.886465037429053,-0.007868125535239717,127.09507436316382,5.80801626953884,9.645997285842896,-6.4459991455078125,3.199998140335083,-25.418806076049805,7.550010681152344,7,right,41.77233145761592,150.38039324741732
2392.0392986226407,-82.12124633789062,-361.1526184082031,16.522567749023438,-81.82252694194295,-362.75435853498436,1.629357146624539,-2.957214015798863,-0.007675861205048484,130.2785411677703,6.185483677759384,9.645997047424316,-5.4469990730285645,4.198997974395752,-21.750001907348633,8.950016021728516,7,right,42.292250803664736,152.25210289319304
2401.1700046822552,-91.1329345703125,-362.5050811767578,17.097122192382812,-90.93604389875719,-364.21363140747275,1.719857502068547,-3.026860300607377,-0.0071771752751180196,139.3305808577395,6.258097470419255,9.645997047424316,-4.447999000549316,5.197998046875,-21.042802810668945,10.750022888183594,7,right,43.73685787840699,157.45268836226515
2410.285017932554,-100.1986083984375,-363.2635040283203,17.664413452148438,-100.10221798978925,-365.0664531482674,1.8055239239615033,-3.088180869146625,-0.006606598264459529,151.36382749039575,6.047858026287933,9.645997047424316,-3.4489989280700684,6.196998119354248,-19.356401443481445,12.600029945373535,7,right,45.586411466600055,164.1110812797602
2419.3994547479297,-109.29483032226562,-363.47625732421875,18.199615478515625,-109.30554528945045,-365.3552515837707,1.8790248103606948,3.1358902141131106,-0.006394131972755734,156.39339385874786,5.659580900764993,9.645997047424316,-2.4499988555908203,7.195998191833496,-17.34360122680664,13.950035095214844,7,right,46.33760229272599,166.81536825381357
2428.522333647991,-118.39866638183594,-363.15977478027344,18.696533203125,-118.52066587105426,-365.0876224038096,1.9317039977552308,3.0783941826220946,-0.006123369742598278,163.30877311610428,5.256565776753885,9.694997429847717,-1.4999996423721313,8.194997787475586,-15.657200813293457,16.150039672851562,7,right,47.3509954682123,170.46358368556426
2437.6644308279833,-127.49142456054688,-362.3320007324219,19.159652709960938,-127.7205958472377,-364.2727644959149,1.9542475442816796,3.024053900788463,-0.0057045188630211185,175.29962193347873,4.895212032326479,10.293997406959534,-1.100000023841858,9.193997383117676,-14.950000762939453,19.199993133544922,7,right,49.05856553556706,176.61083592804144
2446.698351027913,-136.42352294921875,-361.04864501953125,19.586654663085938,-136.74550335869606,-362.9594674708821,1.9377600018251906,2.9746572505652633,-0.005123095726477234,195.19447876638145,4.575455202448775,11.342996954917908,-1.149999976158142,10.192996978759766,-15.214225769042969,21.79995346069336,7,right,51.1797307229753,184.24703060271108
2455.5789242041023,-145.13796997070312,-359.38478088378906,19.979782104492188,-145.52780669110956,-361.2189829505445,1.8751719628522525,2.932171381814859,-0.004534001709906033,220.55571743944603,4.286512041383395,10.943997263908386,-1.6499994993209839,9.293997764587402,-15.910818099975586,24.04991912841797,7,right,53.182493848334445,191.456977854004
2464.2924782034247,-153.6178741455078,-357.41334533691406,20.341293334960938,-154.04849999650915,-359.12268415031303,1.7627472316083448,2.8948026791758075,-0.004213908787435855,237.3093606063779,4.006841436728359,10.744997024536133,-2.4499988555908203,8.294998168945312,-16.89565658569336,25.240001678466797,7,right,55.07685094768964,198.2766634116827
2472.8294111572986,-161.85110473632812,-355.1808319091797,20.671478271484375,-162.29693454936316,-356.7188548887774,1.6013366004564893,2.859453296406904,-0.003794807812782658,263.5179564644987,3.716851521122577,10.744997024536133,-3.4489989280700684,7.2959980964660645,-18.024616241455078,25.313135147094727,7,right,54.45241249367521,196.02868497723077
2481.181626208226,-169.83126831054688,-352.73387145996094,20.969589233398438,-170.2587756464435,-354.0638523343117,1.3970009478823806,2.830585184295177,-0.0017403046380476128,574.6120409825863,3.3762215035124887,10.744997024536133,-4.447999000549316,6.296998023986816,-19.15357780456543,25.513660430908203,7,right,52.61642164791643,189.41911793249915
2489.339251858737,-177.58705139160156,-350.218505859375,21.229629516601562,-177.94283549528598,-351.3233668818447,1.1607326166724687,2.830061078388281,0.0014834158689278898,674.1197940148306,2.9017924044210996,10.744997024536133,-5.4469990730285645,5.297997951507568,-20.138416290283203,25.813270568847656,7,right,50.7591398274826,182.73290337893735
2497.2931649906695,-185.18075561523438,-347.8612060546875,21.438262939453125,-185.43820353518768,-348.7311319530976,0.9072213071863621,2.8538626129923985,0.0036654476433733707,272.81797403595806,2.309893958162079,10.744997024536133,-6.4459991455078125,4.29899787902832,-20.83500862121582,26.183652877807617,7,right,48.88033648318404,175.96921133946253
2505.041016395128,-192.64291381835938,-345.7824401855469,21.593597412109375,-192.80712443407685,-346.414322273549,0.6528706605846483,2.8873413010322078,0.004278192735272884,233.74355992781494,1.6241181592971499,10.744997262954712,-7.4449992179870605,3.2999980449676514,-21.099233627319336,26.596500396728516,8,left,46.97801798679909,169.12086475247673
2512.5802315756973,-199.9683380126953,-344.0022735595703,21.6881103515625,-200.05950518441932,-344.40558308483276,0.413485219043656,2.9192812637935415,0.004394706154982331,227.54649906826833,0.8315156049172767,10.943998098373413,-8.443999290466309,2.4999988079071045,-28.636856079101562,27.023502349853516,8,left,45.049877991474546,162.17956076930838
2519.9095630226784,-207.1416473388672,-342.49835205078125,21.718978881835938,-207.17961914178522,-342.69689115880266,0.20213766405789663,2.9526187132671864,0.005318309334812921,188.02967955514316,0.2647065384618452,11.442998051643372,-9.442998886108398,1.9999991655349731,-35.96512222290039,27.436349868774414,8,left,43.09279122177924,155.13404839840527
2527.0279024255897,-214.1592254638672,-341.30491638183594,21.727005004882812,-214.16324542346527,-341.33229354421275,0.02767072631816951,2.9957982741680493,0.006850668766526985,145.971150274568,0.07335704364148654,10.542998671531677,-8.792999267578125,1.7499994039535522,-43.08245849609375,27.806732177734375,8,left,41.102940330717345,147.97058519058245
2533.9459664541364,-221.0266876220703,-340.46971130371094,21.72943115234375,-221.01683966256073,-340.3642673723738,-0.1059028090389477,3.0484675697554655,0.008638301129639259,115.76350314633692,-0.09082190987688143,9.643998980522156,-7.793999671936035,1.8499993085861206,-49.9995231628418,28.106342315673828,8,left,39.07209266954096,140.65953361034744
2540.7179685277097,-227.78555297851562,-340.04835510253906,21.714935302734375,-227.780012850968,-339.8493485541699,-0.1990836490198177,3.1137609211751123,0.010041603028480423,99.5856933563055,-0.4664622606788349,9.194998502731323,-6.794999599456787,2.399998903274536,-49.9995231628418,28.306867599487305,8,left,36.97624718185525,133.1144898546789
2547.3978801680873,-234.46517944335938,-340.08741760253906,21.667144775390625,-234.47589183090136,-339.8317827535622,-0.2558592020199085,-3.0997121206683644,0.010844410305260815,92.21340504931672,-1.0804801638951256,9.145997524261475,-5.795999526977539,3.3499979972839355,-49.9995231628418,28.380001068115234,8,left,35.58126507134948,128.09255425685814
2554.0118091404606,-241.0584259033203,-340.6012878417969,21.57177734375,-241.0911788133541,-340.3208821010849,-0.2823121190099821,-3.025314139776736,0.01106648081138134,90.36296335250032,-1.8849088068533693,9.145997524261475,-4.796999454498291,4.348998069763184,-43.38728332519531,30.338520050048828,8,left,35.22245216314611,126.800827787326
2560.561599128925,-247.5311279296875,-341.5915985107422,21.419586181640625,-247.5843174609304,-341.3113753346026,-0.28522649715549053,-2.954012818367027,0.011574900495751522,86.39383123570197,-2.5381705587572023,9.145997524261475,-3.797999382019043,5.347998142242432,-36.84026336669922,35.23481750488281,8,left,34.44020457434356,123.98473646763682
2567.047042037121,-253.84951782226562,-343.0431823730469,21.241195678710938,-253.92102880374318,-342.78181967629524,-0.2709691490284018,-2.87452083201716,0.01244972474419126,80.32306099510961,-2.409027436688249,9.145997524261475,-2.798999309539795,6.34699821472168,-30.358274459838867,41.60000228881836,8,left,33.20813461413887,119.54928461089993
2573.462629032309,-259.9617614746094,-344.9880676269531,21.108322143554688,-260.0452759720937,-344.7579703537494,-0.2447844489052593,-2.793425329939313,0.012956565113236451,77.18094967765786,-1.7520182383114147,9.145997643470764,-1.7999993562698364,7.345998287200928,-28.099857330322266,47.965187072753906,8,left,32.55213025623615,117.18766892245013
2579.806132320088,-265.83201599121094,-347.3905334472656,21.017196655273438,-265.9202172502276,-347.1993969143304,-0.2105056681294306,-2.709252174493341,0.0138244686949415,72.33551046818235,-1.1723334234861715,9.294998526573181,-0.9500001668930054,8.344998359680176,-32.79978561401367,52.86148452758789,8,left,31.51375330273943,113.44951188986195
2586.0896060299897,-271.41038513183594,-350.28199768066406,20.959976196289062,-271.4955436515524,-350.1341792570017,-0.1705938447140644,-2.618930432482392,0.014891985035358879,67.1502152080897,-0.697748672634968,10.093998074531555,-0.7500001192092896,9.343997955322266,-36.099735260009766,54.820003509521484,8,left,30.363236341974122,109.30765083110684
2592.3419440055877,-276.6742248535156,-353.6558380126953,20.929595947265625,-276.7475500898196,-353.5529091532968,-0.1263761859533457,-2.5226011996832467,0.015502724354690633,64.50479135929626,-0.355635276140398,10.244997143745422,-1.1999999284744263,9.044997215270996,-38.39970016479492,50.05000305175781,8,left,29.759137706880885,107.13289574477119
2598.571070899026,-281.5690002441406,-357.5084991455078,20.91552734375,-281.62045885507524,-357.44937082764267,-0.07838460698938686,-2.4254381625482786,0.016052683428241288,62.29488075748833,-8.396288198042612e-05,10.245996713638306,-2.1999990940093994,8.045997619628906,-40.099674224853516,49.18854904174805,8,left,29.24492655714136,105.28173560570889
2604.758435638315,-286.036376953125,-361.78936767578125,20.929397583007812,-286.055862132811,-361.77112324606924,-0.026693284603294384,-2.323321025114918,0.01608605229566626,62.16565640964688,0.4479539352331807,10.245996713638306,-3.1989991664886475,7.046997547149658,-41.249656677246094,46.879852294921875,8,left,29.214578008274035,105.17248082978652
2610.8948120752116,-290.0090789794922,-366.4660186767578,20.970504760742188,-289.98626744173714,-366.4835901136884,0.02879447256953628,-2.227155357959219,0.015478030906415557,64.60770146062349,0.5593886565894879,10.245996475219727,-4.197999000549316,6.04799747467041,-42.199642181396484,43.537410736083984,8,left,29.78286691607026,107.21832089785295
2616.9942712628845,-293.5099182128906,-371.460693359375,20.9979248046875,-293.4353964035045,-371.5077397062438,0.08812978399997304,-2.1339201480997354,0.015176969857094574,65.88930527081092,0.17051306149042933,10.245996475219727,-5.1969990730285645,5.048997402191162,-42.89963150024414,39.57472229003906,8,left,30.07681329109846,108.27652784795445
2623.0629001393754,-296.5133361816406,-376.73399353027344,20.991424560546875,-296.3786627888059,-376.8026874931616,0.15118129274118863,-2.0424739576419473,0.014743759397001593,67.82530649566677,-0.34677912890210827,10.245996475219727,-6.1959991455078125,4.049997329711914,-46.94956970214844,35.4052848815918,8,left,30.515482279066518,109.85573620463947
2629.1086448850338,-299.0237731933594,-382.2337646484375,20.956024169921875,-298.82208031359596,-382.31537709257884,0.21757897137818477,-1.9552938954286552,0.013646341960388386,73.27971136167682,-0.6801627340997873,10.494997262954712,-7.1949992179870605,3.2999980449676514,-46.94956970214844,31.442594528198242,8,left,31.71876217627326,114.18754383458374
2635.110831136942,-301.06715393066406,-387.8772277832031,20.909561157226562,-300.7938600445988,-387.96392842856534,0.28671684649997536,-1.8779966093010871,0.013571217557401538,73.68535621585515,-0.7887190000769095,11.14399766921997,-8.193999290466309,2.949998378753662,-43.89961624145508,28.10015296936035,8,left,31.80643170724912,114.50315414609683
2641.006653571209,-302.61793518066406,-393.56524658203125,20.862213134765625,-302.2689978381318,-393.6444392037736,0.35781104000839575,-1.7939695512149954,0.014901058235264525,67.10932768744044,-0.8301238026736213,11.293997287750244,-8.343998908996582,2.949998378753662,-43.84961700439453,25.79145622253418,8,left,30.353990902556006,109.27436724920163
2646.797138211258,-303.650146484375,-399.2627716064453,20.812606811523438,-303.2240118909281,-399.3198697247887,0.42994288789381446,-1.7039937934148774,0.015833699831055148,63.156432840710266,-0.9938744771377461,10.644997358322144,-7.344999313354492,3.2999980449676514,-43.649620056152344,24.930002212524414,8,left,29.446464048579614,106.00727057488662
2652.482486970358,-304.14659118652344,-404.92604064941406,20.748443603515625,-303.64493355852596,-404.9468863864346,0.5020905500803241,-1.612326147303496,0.016056722336663776,62.27921110129736,-1.324271333977256,10.395996570587158,-6.345999240875244,4.049997329711914,-43.24962615966797,26.02679443359375,8,left,29.241248190957116,105.26849348744562
2658.0614722906334,-304.13890075683594,-410.50437927246094,20.663848876953125,-303.5664237138851,-410.47706005919963,0.5731285232117753,-1.5231114390362646,0.01644778528480656,60.7984590438287,-1.6797965980194896,10.395996570587158,-5.346999168395996,5.048997402191162,-42.7496337890625,28.855365753173828,8,left,28.891536680056113,104.009532048202
2663.538804060409,-303.6253356933594,-415.95664978027344,20.56304931640625,-302.98983579267986,-415.86694477384117,0.6417999002358075,-1.4305661977251654,0.018063610850058004,55.35991714507008,-1.7865468473528656,10.395996570587158,-4.347999095916748,6.04799747467041,-42.09964370727539,32.72300338745117,8,left,27.569067159753192,99.2486417751115
2668.935234622717,-302.60443115234375,-421.2548065185547,20.469497680664062,-301.9186631193796,-421.0841380242608,0.7066863023860682,-1.3268795476936615,0.01975573584328906,50.61821072788315,-1.4973453658393199,10.395996570587158,-3.3489990234375,7.046997547149658,-41.549652099609375,36.9370002746582,8,left,26.361963256336455,94.90306772281124
2674.2825802481307,-301.03724670410156,-426.3668975830078,20.401947021484375,-300.31812989108255,-426.1024187156331,0.7662101944338832,-1.2183679403152239,0.02038833655988706,49.04765021230057,-0.9859500677843025,10.395996570587158,-2.349998950958252,8.045997619628906,-40.99966049194336,40.80463790893555,8,left,25.94976675302189,93.41916031087881
2679.617920256657,-298.92930603027344,-431.2680206298828,20.364105224609375,-298.1963326537276,-430.9033013929893,0.818700245807434,-1.1090796535217935,0.02053747574148143,48.69147565103183,-0.4453983261308192,10.494996905326843,-1.4499996900558472,9.044997215270996,-40.249671936035156,43.633209228515625,8,left,25.855373978545884,93.07934632276519
2684.9482686014735,-296.30323791503906,-435.9065856933594,20.354415893554688,-295.5777603330095,-435.44006709099295,0.8625296101476031,-0.9993221596381333,0.020867811686093016,47.92069312502146,0.24352812263988,10.543997645378113,-1.2499998807907104,9.293997764587402,-39.19968795776367,44.730003356933594,8,left,25.64991328110659,92.33968781198372
2690.2933389893815,-293.1649627685547,-440.23321533203125,20.390228271484375,-292.47055551949023,-439.6664907728405,0.8963136468575968,-0.88629886562476,0.020570432386059517,48.61346525110941,1.1011315954561507,10.044997572898865,-1.7499994039535522,8.294998168945312,-33.855735778808594,44.83137512207031,8,left,25.834653754341453,93.00475351562923
2695.682312119439,-289.5376892089844,-444.2178192138672,20.472991943359375,-288.8922273754469,-443.5634806016808,0.9191191424138294,-0.7785689299731907,0.019362809066263705,51.64539900061941,1.790283097146883,10.044997453689575,-2.7489993572235107,7.2959980964660645,-28.468399047851562,45.092803955078125,8,left,26.628099687232545,95.86115887403716
2701.0961272056993,-285.4945373535156,-447.8164367675781,20.583755493164062,-284.9114261243965,-447.0911482042614,0.930624631955812,-0.677157813447223,0.017935116173738934,55.7565387540799,1.9834675675290958,10.044997453689575,-3.747999429702759,6.296998023986816,-23.056716918945312,45.45026779174805,8,left,27.667649070381398,99.60353665337303
2706.5249869486215,-281.10743713378906,-451.0125274658203,20.688034057617188,-280.59391753933244,-450.23574427955845,0.9311790871524419,-0.584128305678246,0.01688893283268378,59.2103722542363,1.5365956023948524,10.044997215270996,-4.746999263763428,5.297997951507568,-23.149932861328125,45.83974075317383,8,left,28.511709101592082,102.6421527657315
2712.003784155918,-276.40394592285156,-453.82151794433594,20.7509765625,-275.9677470198915,-453.0095339556103,0.9217306986806508,-0.49296392764228036,0.016177288459565176,61.81505649104799,0.9461198164701257,10.044997215270996,-5.745999336242676,4.29899787902832,-24.149917602539062,46.19720458984375,8,left,29.13207979587297,104.8754872651427
2717.5670381078894,-271.3912811279297,-456.2342529296875,20.792160034179688,-271.0347530744532,-455.4039249185091,0.9036353573555909,-0.40557653229930685,0.014934028374795467,66.96116914359993,0.6164596470021211,10.044997453689575,-6.744999408721924,3.2999980449676514,-24.84990692138672,46.45863342285156,8,left,30.32046584627152,109.15367704657747
2723.2003296719195,-266.1290588378906,-458.2447814941406,20.81982421875,-265.84786354033406,-457.41262008533454,0.8783868200707851,-0.3258634908765616,0.012901457495680873,77.51062237230005,0.4613040826247916,10.593997955322266,-7.743999481201172,2.8499984741210938,-25.249900817871094,46.56000518798828,8,left,32.433247972632444,116.7596927014768
2728.783836958092,-260.78102111816406,-459.84898376464844,20.84393310546875,-260.56258408758003,-459.0302963673382,0.8473274401581498,-0.2607396778501772,0.008602997799253043,116.23855118117375,0.4548901305011732,11.492997646331787,-8.742999076843262,2.7499985694885254,-25.399898529052734,47.45173263549805,8,left,34.39954619179339,123.83836629045621
2734.132188780712,-255.5899658203125,-461.13629150390625,20.86944580078125,-255.40466250380587,-460.3463325782739,0.8114015179271943,-0.23040760660070175,0.001896716951039986,527.2267954644954,0.47134455540103204,11.950014591217041,-9.000016212463379,2.949998378753662,-25.399898529052734,49.10779571533203,8,left,32.95388424091883,118.6339832673078
2739.2311807824663,-250.62750244140625,-462.30809020996094,20.893203735351562,-250.44491950597978,-461.55902464522455,0.7709965944041164,-0.23908545191029748,-0.004317342566054972,231.6239642094843,0.39758622502237273,11.950013399124146,-8.750015258789062,3.199998140335083,-29.435243606567383,49.9995231628418,9,right,31.07971709604631,111.88698154576672
2744.103494635465,-245.91123962402344,-463.5312194824219,20.909393310546875,-245.71601284877445,-462.8320670177296,0.7258978321081837,-0.27229776725921395,-0.010073370774496063,99.27163631580181,0.19175684929293446,11.85001277923584,-8.600014686584473,3.249998092651367,-34.3065299987793,47.62000274658203,9,right,29.176604168728293,105.03577500742186
2748.786591496702,-241.43740844726562,-464.9154968261719,20.91204833984375,-241.2159249944431,-464.27748867136546,0.6753586643211853,-0.33413208303319125,-0.01640689726240999,60.949976342639154,-0.09055731840565961,11.950013160705566,-8.7000150680542,3.249998092651367,-38.988624572753906,46.29703903198242,9,right,27.22228958806461,98.00024251703259
2753.342101168009,-237.2004852294922,-466.58912658691406,20.901397705078125,-236.9466478517123,-466.02536666229,0.6182707068673646,-0.423068401855363,-0.021660708643845047,46.16654129107419,-0.18969592277238156,12.050015211105347,-9.150016784667969,2.899998426437378,-43.543121337890625,42.98963165283203,9,right,25.176075091502202,90.63387032940793
2757.812991477803,-233.22300720214844,-468.6308135986328,20.894851684570312,-232.9435844516314,-468.1531402283561,0.5533976167079127,-0.5292918471408442,-0.025084270175433215,39.86562068604133,-0.0918748334031605,12.700018405914307,-9.950019836425781,2.7499985694885254,-48.01300811767578,38.69000244140625,9,right,23.395030770252774,84.22211077290999
2762.22794763156,-229.54371643066406,-471.07102966308594,20.893173217773438,-229.25504812208052,-470.68798911576255,0.4796347081626626,-0.6458160360610465,-0.027104624309694812,36.89407344570051,-0.03408932284911792,13.649018049240112,-10.949019432067871,2.699998617172241,-52.426963806152344,34.39037322998047,9,right,22.506225172133828,81.02241061968178
2766.627374475632,-226.19532775878906,-473.92466735839844,20.891845703125,-225.92002338873553,-473.6397156363551,0.3962196109054042,-0.7681803253851963,-0.028068159761246422,35.627558361724,0.0026416472783452605,14.648017644882202,-11.948019027709961,2.699998617172241,-56.82538986206055,31.082965850830078,9,right,22.116550212255092,79.61958076411834
2771.0439147676498,-223.21421813964844,-477.1833190917969,20.893417358398438,-222.97824003954642,-476.9934573102154,0.3028748253537466,-0.893272736776522,-0.02813602457144332,35.54162378060157,0.047937246823304136,14.73899793624878,-11.988999366760254,2.7499985694885254,-61.240928649902344,29.76000213623047,9,right,22.089861266817653,79.52350056054355
2775.533739185226,-220.62110900878906,-480.8486022949219,20.896133422851562,-220.45093972502897,-480.74378909159697,0.19985843171269885,-1.018742297962678,-0.027489265861896345,36.377835807762644,0.07938662246376182,13.839998245239258,-10.989999771118164,2.8499984741210938,-65.72975158691406,29.429323196411133,9,right,22.34821211940395,80.45356362985422
2780.1249970752565,-218.4579620361328,-484.8983459472656,20.900665283203125,-218.3779562787938,-484.8618485777121,0.08793735947659029,-1.142811460118082,-0.026306303518228352,38.01370265902516,0.1341919668710112,12.99099850654602,-9.991000175476074,2.9999983310699463,-70.32000732421875,26.150001525878906,9,right,22.845172532803964,82.24262111809428
2784.815931352335,-216.76841735839844,-489.2744445800781,20.908660888671875,-216.79859547718743,-489.284045561985,-0.03166856023280557,-1.262778053625851,-0.0248863412628548,40.18268452713834,0.2017094417837484,12.291998624801636,-8.992000579833984,3.2999980449676514,-68.32469177246094,26.591562271118164,9,right,23.487880545193637,84.55636996269709
2789.6035834865925,-215.58091735839844,-493.9124755859375,20.919845581054688,-215.73533719354808,-493.9425311421917,-0.1573175830903581,-1.3785643805225531,-0.02336089860737947,42.80657250419768,0.2859712738862541,11.642998218536377,-7.993000507354736,3.6499977111816406,-63.93500518798828,27.790081024169922,9,right,24.242621639327833,87.2734379015802
2794.494253843636,-214.91111755371094,-498.7570343017578,20.936447143554688,-215.19704331542968,-498.78056038285416,-0.28689199658790265,-1.488700874565799,-0.02257749717444621,44.291889055436386,0.38902928833324246,11.243998527526855,-6.994000434875488,4.249998092651367,-59.54531478881836,29.55632209777832,9,right,24.659624395511244,88.77464782384048
2799.4853784737275,-214.78041076660156,-503.74639892578125,20.958389282226562,-215.19786342577464,-503.73350138959637,-0.41765185153465145,-1.6016823074344362,-0.021243940264971173,47.07224683967341,0.48909258624032503,10.945001125335693,-5.99500036239624,4.950000762939453,-57.55000305175781,31.701040267944336,9,right,25.421830564662265,91.51859003278416
2804.6017601313724,-215.21437072753906,-508.8442687988281,20.986007690429688,-215.75563035846744,-508.7722534090851,-0.5460294904421952,-1.7030709092722816,-0.019091094780663898,52.38044289701152,0.5609056901642484,10.945001125335693,-4.996000289916992,5.949000835418701,-53.916481018066406,34.035003662109375,9,right,26.816922613722276,96.5409214094002
2809.9391483709796,-216.17633056640625,-514.0941619873047,21.017120361328125,-216.8261848091337,-513.9419122075615,-0.6674507713852259,-1.8009286710382406,-0.0188241542443921,53.12323661488855,0.9154594028949026,10.945001125335693,-3.997000217437744,6.948000907897949,-50.282962799072266,36.368961334228516,9,right,27.00639523685372,97.2230228526734
2815.525686269666,-217.73138427734375,-519.4594421386719,21.08770751953125,-218.46372185894114,-519.2019041055936,-0.7763015985438442,-1.9089543247583503,-0.017115654175495654,58.42604610647556,1.758407298577036,10.945001125335693,-2.998000144958496,7.947000980377197,-48.635284423828125,38.5136833190918,9,right,28.322240361067763,101.96006529984395
2821.34930766994,-219.89720153808594,-524.8637237548828,21.22015380859375,-220.68652186459605,-524.507109445581,-0.8661410644004703,-1.9951454794490633,-0.014216721604932814,70.33970473565631,2.6547755456997724,10.945001125335693,-1.999000072479248,8.946001052856445,-46.207122802734375,40.27992248535156,9,right,30.646595559736983,110.32774401505314
2827.4447894850837,-222.6371612548828,-530.3054962158203,21.40625,-223.45022985015365,-529.8535941796554,-0.9302128739733352,-2.0780802050483564,-0.0109836060271164,91.04478051481394,3.431643990496025,10.945000767707825,-1.0000001192092896,9.945000648498535,-43.258644104003906,41.47844314575195,9,right,32.90405500214277,118.45459800771397
2833.7870641469244,-225.87106323242188,-535.7559509277344,21.648880004882812,-226.6864880691858,-535.2451295252642,-0.96221420153362,-2.130436350107811,-0.00644435151356082,155.17465145960838,4.237890830884994,11.294000267982483,-0.3500000238418579,10.944000244140625,-40.05000305175781,41.92000198364258,9,right,35.09912190260796,126.35683884938867
2840.4620724342453,-229.49014282226562,-541.3560180664062,21.960723876953125,-230.28553459834248,-540.8235336344728,-0.9571769678080239,-2.160731546011768,-0.005066615726394663,197.37040541489552,5.101062222472086,13.291999816894531,-1.3489999771118164,11.942999839782715,-36.84136199951172,41.27933883666992,9,right,37.26997566921915,134.17191240918893
2847.502407309532,-233.50999450683594,-547.1226654052734,22.351730346679688,-234.24737892644978,-546.5855618604219,-0.9122587353275361,-2.200323076881101,-0.004848805913297283,206.23634310823147,5.795732581652224,14.248028635978699,-1.9980000257492065,12.250028610229492,-33.89288330078125,39.59031295776367,9,right,39.43034524824171,141.94924289367015
2854.9385699957866,-237.97911071777344,-553.0489654541016,22.801712036132812,-238.6328822782756,-552.5420953972284,-0.827245131672576,-2.230294717564525,-0.00398900992633211,250.6887720180478,6.426979344314443,13.249028623104095,-0.9990000128746033,12.250028610229492,-31.464723587036133,37.20238494873047,9,right,41.59049595680147,149.7257854444853
2862.7778841540394,-242.86817932128906,-559.1535339355469,23.336593627929688,-243.41143996363277,-558.7047717387874,-0.7046414937826002,-2.2612227244089134,-0.003970657522680804,251.84745707427479,7.187523252567574,12.000027656555176,-0.0,12.000027656555176,-29.81704330444336,34.465003967285156,9,right,43.75243008552543,157.50874830789155
2871.0012790583464,-248.20587158203125,-565.3781433105469,23.959091186523438,-248.6176809478709,-565.0145487238518,-0.5493523252587763,-2.2940942340828445,-0.0036545315205508133,273.63288409926736,7.885567295039664,12.000025629997253,-0.5500000715255737,11.45002555847168,-29.210002899169922,31.727619171142578,9,right,45.91100774237879,165.27962787256365
2879.588994575966,-253.96180725097656,-571.7122039794922,24.664596557617188,-254.23070168934873,-571.4608941107982,-0.3680500904638486,-2.3224041575837027,-0.0040419561488219125,247.40496016797823,8.498914075958531,11.948013424873352,-1.399999737739563,10.548013687133789,-29.360523223876953,29.339689254760742,10,right,48.06184308612017,173.0226351100326
2888.435059366121,-260.1060791015625,-578.0285339355469,25.4422607421875,-260.22410750615677,-577.9084200038709,-0.16839851802710715,-2.364951747727116,-0.005781062294835576,172.97858922802732,9.015441371129839,11.94801378250122,-2.3989996910095215,9.5490140914917,-29.776670455932617,27.650665283203125,10,right,46.54469364450768,167.56089712022765
2897.3497192648156,-266.6189270019531,-584.0597229003906,26.26611328125,-266.5915390766735,-584.0911786345928,0.04170805276346633,-2.425213781023212,-0.00701694578231149,142.51214574307065,9.402235112186297,11.948014259338379,-3.3979997634887695,8.55001449584961,-30.405315399169922,27.01000213623047,10,right,44.2333971979521,159.24022991262757
2906.1731003152017,-273.42320251464844,-589.6132965087891,27.1097412109375,-273.2685577661087,-589.8157867875232,0.25478875805796436,-2.4893719303168123,-0.0074378063319883725,134.44824392633342,9.61429373459799,11.997010707855225,-4.396999835968018,7.600010871887207,-31.193336486816406,26.922391891479492,10,right,42.96372446402021,154.66940807047277
2914.8755781045725,-280.47735595703125,-594.6396636962891,27.950973510742188,-280.22057316330563,-595.0264597050435,0.4642720706028791,-2.555527757423057,-0.007747778610046108,129.06925330872986,9.664111628486683,12.000009536743164,-5.300002098083496,6.700007438659668,-32.087608337402344,26.677085876464844,10,right,42.095507956836414,151.5438286446111
2923.4953099581294,-287.7824249267578,-599.1387939453125,28.783782958984375,-287.45321940544665,-599.7163910329459,0.6648267976731852,-2.623556557445186,-0.007837593409411425,127.59018588527373,9.541855284341327,12.000009536743164,-6.150005340576172,5.850004196166992,-33.035003662109375,26.30036735534668,10,right,41.853616510124276,150.6730194364474
2932.079217963128,-295.34303283691406,-603.1220703125,29.592605590820312,-294.97126388532524,-603.8892878282309,0.8525461100783667,-2.6903667973659164,-0.0077712580693283795,128.67929376156,9.279300943773428,12.000009536743164,-7.000008583068848,5.000000953674316,-33.982398986816406,25.81851577758789,10,right,42.03186784611794,151.31472424602458
2940.6510211124487,-303.14585876464844,-606.5830535888672,30.375747680664062,-302.7611920948735,-607.5331070338946,1.0249731680605463,-2.7568783050024797,-0.007610084658014521,131.40458285793906,8.910028511926193,12.000009536743164,-7.80001163482666,4.199997901916504,-34.876670837402344,25.257816314697266,10,right,42.474630704425564,152.90867053593203
2949.249482242876,-311.1858215332031,-609.53857421875,31.122360229492188,-310.81369982803085,-610.6593605621078,1.1809473277491307,-2.8210259922398158,-0.0074670228182242004,133.922183491843,8.368807596801942,11.950012445449829,-8.55001449584961,3.3999979496002197,-35.66469192504883,24.644550323486328,10,right,42.87958923586366,154.36652124910918
2957.859589642496,-319.41358947753906,-611.979248046875,31.815826416015625,-319.0790047027412,-613.2564094303978,1.3202606451334646,-2.8853752339898486,-0.007250467524891391,137.92214040914274,7.677507998989186,12.0000159740448,-9.300017356872559,2.699998617172241,-42.22517395019531,24.005001068115234,10,right,43.51523665959599,156.65485197454558
2966.49701471401,-327.8099365234375,-613.9051055908203,32.44633483886719,-327.52955706258246,-615.3207588513912,1.4431516885741316,-2.9460664513247186,-0.006949276263048587,143.89987707314268,6.7996077548884815,11.950018882751465,-9.900019645690918,2.049999237060547,-50.83855438232422,23.365453720092773,10,right,44.448239799783615,160.01366327922102
2975.161012993409,-336.338623046875,-615.3294067382812,32.99198913574219,-336.1285275169711,-616.8648145999923,1.5497152749747052,-3.005603491963892,-0.006749693732925471,148.15487036425534,5.766310449184386,11.950021147727966,-10.40002155303955,1.5499995946884155,-59.484352111816406,22.752187728881836,10,right,45.100600253662634,162.36216091318548
2983.8695970284,-344.9860382080078,-616.2535552978516,33.44761657714844,-344.8578449021496,-617.8878864808294,1.6393510726261527,-3.06331514717851,-0.006353310329432954,157.39826140198193,4.630381503577596,12.000023245811462,-10.85002326965332,1.149999976158142,-68.18000793457031,22.19148826599121,10,right,46.48622940451123,167.35042585624043
2992.6300761767006,-353.72792053222656,-616.7020416259766,33.80024719238281,-353.685111858433,-618.4118921512584,1.7103863310253375,-3.1165613821493428,-0.005860230141824213,170.64176249035725,3.2204264153537387,11.95002418756485,-11.050024032592773,0.9000001549720764,-69.79000854492188,21.709636688232422,10,right,48.40241374328853,174.2486894758387
3001.4345631746264,-362.52984619140625,-616.6983489990234,34.0125732421875,-362.57320488206034,-618.45782129362,1.7600064578028953,3.1169546316900116,-0.005550302516999034,180.17035953216566,1.6901496628858759,11.900024175643921,-11.050024032592773,0.8500001430511475,-69.90667724609375,21.332918167114258,10,right,48.72662273419097,175.4158418430875
3010.304033378233,-371.3887634277344,-616.2743377685547,34.0980224609375,-371.51901154880056,-618.0540996775231,1.784521511682153,3.0685399941628515,-0.006231401759662608,160.4775359652214,0.5219630933816166,11.950023531913757,-10.900023460388184,1.0500000715255737,-70.12333679199219,21.08761215209961,10,right,46.53527981163221,167.52700732187594
3019.277803058961,-380.31370544433594,-615.3395080566406,34.10478210449219,-380.55501142458627,-617.1030139715153,1.7799386753207331,3.0056040758245155,-0.007025086971254896,142.34699215707636,0.04683067113473438,11.641998410224915,-10.241998672485352,1.399999737739563,-70.24000549316406,21.000001907348633,10,right,44.20775930639405,159.1479335030186
3028.3712820102887,-389.27931213378906,-613.8198852539062,34.106414794921875,-389.62550447991407,-615.527885642119,1.7427318975248052,2.9416131651684325,-0.006923263698446813,144.44054763136396,0.02043536065321483,11.142998337745667,-9.242999076843262,1.8999992609024048,-67.57612609863281,21.046833038330078,10,right,44.53166351036935,160.31398863732966
3037.6105797500904,-398.2726287841797,-611.7021331787109,34.10853576660156,-398.70675530698975,-613.3153546230743,1.6706134401354027,2.878714867403444,-0.006700978804497215,149.23193001727924,0.024946677283366192,10.79399824142456,-8.243999481201172,2.5499987602233887,-60.70612716674805,21.179182052612305,10,right,45.2642400698999,162.95126425163963
3047.0022729056104,-407.2610168457031,-608.9794921875,34.11106872558594,-407.7598288895149,-610.4608915588891,1.5631242921161426,2.816800083663544,-0.006376012825967031,156.83782754127895,0.029497720375326608,10.544997453689575,-7.244999408721924,3.2999980449676514,-51.315433502197266,21.384830474853516,10,right,46.40339593220259,167.05222535592932
3056.609401011713,-416.2702331542969,-605.6431884765625,34.11415100097656,-416.8028230422076,-606.9615931144418,1.421915179568211,2.7576724891757043,-0.0059401942771278304,168.34466237079278,0.03373356190796706,10.544997215270996,-6.245999336242676,4.29899787902832,-41.70930480957031,21.65156364440918,10,right,48.0755245060722,173.07188822185992
3066.4724342615027,-425.3069152832031,-601.6912536621094,34.117645263671875,-425.84001471781943,-602.8226349614334,1.250687271722411,2.7012547156187554,-0.005453137319317347,183.38067454446303,0.011786885200293362,10.544997215270996,-5.246999263763428,5.297997951507568,-31.847272872924805,21.967164993286133,10,right,50.17658944996204,180.63572201986335
3076.6047105053945,-434.3531036376953,-597.1273193359375,34.11637878417969,-434.8521627373797,-598.0566570793037,1.054859529142502,2.6487810516818535,-0.0048692110880328154,205.37207812939667,-0.03023218284810003,10.544997215270996,-4.24799919128418,6.296998023986816,-24.813879013061523,22.319416046142578,10,right,52.49917120503168,188.99701633811404
3087.025078645349,-443.4124450683594,-591.9783020019531,34.111328125,-443.8450476675198,-592.6996126126544,0.8410909617339885,2.6013605041930083,-0.004179470237299532,239.26477357717155,-0.04158973679604383,10.544997215270996,-3.2489991188049316,7.2959980964660645,-22.150001525878906,22.69610023498535,10,right,54.78518362607239,197.2266610538606
3097.7191463316194,-452.4675598144531,-586.2890167236328,34.107635498046875,-452.8060080782689,-586.8046389367129,0.6167766969507653,2.560739805926356,-0.0036618886735843015,273.08312434883163,-0.0667831443604383,10.544997215270996,-2.2499990463256836,8.294998168945312,-22.355833053588867,23.085002899169922,11,straight,57.03605433621636,205.3297956103789
3108.608813526601,-461.4559631347656,-580.1413879394531,34.09678649902344,-461.6820789858837,-580.4586431982923,0.38958860017712693,2.5223771743565657,-0.0035468493458816475,281.940365231788,-0.17970079225637647,10.794997811317444,-1.4999996423721313,9.294998168945312,-22.932159423828125,23.47390365600586,11,straight,59.24027570629817,213.2649925426734
3119.5929156140073,-470.27394104003906,-573.5921173095703,34.06817626953125,-470.3761730412738,-573.7242667786755,0.1670774199623133,2.4831522886836503,-0.0032868863906218015,304.2392955391511,-0.3245876501470457,11.493997693061829,-1.1999999284744263,10.293997764587402,-23.817232131958008,23.850587844848633,11,straight,61.383480294972976,220.98052906190273
3130.5361719748885,-478.8163604736328,-566.7525177001953,34.025665283203125,-478.78849988348145,-566.7188510697459,-0.0436995936983353,2.4502812669129224,-0.0027438509283582713,364.4512862068386,-0.43592852739886556,11.950022578239441,-1.2499998807907104,10.70002269744873,-24.949302673339844,24.202838897705078,11,straight,63.44676269994223,228.408345719792
3141.3851890736987,-487.0802917480469,-559.7235870361328,33.9732666015625,-486.92461749413525,-559.5454774261718,-0.2365533903612031,2.4233087607535726,-0.0025033327857406917,399.46746421256086,-0.5133317644776758,11.950020670890808,-1.6499994993209839,10.300021171569824,-26.266620635986328,24.51844024658203,11,straight,65.42808058914531,235.54109012092312
3152.1342372258,-495.0775604248047,-552.54150390625,33.91485595703125,-494.80184053695194,-552.2427807743062,-0.40651810060051063,2.3962175376455606,-0.0023233441701740742,430.4140612645762,-0.5578640416737723,11.95001745223999,-2.349998950958252,9.600018501281738,-27.707435607910156,24.785173416137695,11,straight,67.33366837567684,242.40120615243663
3162.7799151586796,-502.8154296875,-545.2304077148438,33.85394287109375,-502.43325316402434,-544.8347211295718,-0.5501152323469434,2.3735609180866923,-0.0020874547656944686,479.0522968133938,-0.5741884805331665,11.950013637542725,-3.149998188018799,8.800015449523926,-29.210002899169922,24.990821838378906,11,straight,69.1692066379741,249.00914389670677
3173.31754495859,-510.31787109375,-537.8309936523438,33.79322814941406,-509.8453622792186,-537.3624419446761,-0.665436159648815,2.3519895709039194,-0.0021696028704331904,460.91384447713995,-0.5611874220428303,11.950011014938354,-3.699997663497925,8.25001335144043,-30.712568283081055,25.123170852661133,11,straight,70.9393570621574,255.38168542376664
3183.7430282471337,-517.571044921875,-530.3424072265625,33.73626708984375,-517.0245878431192,-529.8258167411601,-0.751984752857832,2.328106623057319,-0.002041286977589707,489.8870227354173,-0.514441491863793,11.95000958442688,-3.99999737739563,7.95001220703125,-32.153385162353516,25.170001983642578,11,straight,72.6482356155474,261.5336482159707
3194.0541887492845,-524.5785675048828,-522.7785339355469,33.68647766113281,-523.9795360086504,-522.2328735216074,-0.8102987231997536,2.3096033872554673,-0.0011499299550092879,869.6181846936261,-0.4364900726116172,11.900009393692017,-3.99999737739563,7.900012016296387,-33.470703125,25.177526473999023,11,straight,72.6638419007798,261.5898308428073
3204.2448710486597,-531.4166717529297,-515.2228240966797,33.64666748046875,-530.791654861769,-514.6594427454555,-0.841453897217942,2.304376537258001,-0.0001504522533952446,6646.62693600844,-0.33033702801417153,11.950010538101196,-3.799997568130493,8.150012969970703,-34.6027717590332,25.19879150390625,11,straight,70.99427039424184,255.5793734192706
3214.309720271441,-538.1602478027344,-507.75123596191406,33.619415283203125,-537.5325896311081,-507.18309314190844,-0.8466056014067367,2.306465243020334,0.0003317112267955391,3014.670349449409,-0.19200952463427345,12.000013828277588,-3.149998188018799,8.850015640258789,-35.48784637451172,25.23183250427246,11,straight,69.30584780591971,249.50105210131096
3224.2444758540737,-544.8448944091797,-500.4017639160156,33.608062744140625,-544.2344933284385,-499.8442091043332,-0.8267144896518535,2.310978527796578,0.00014863564997208423,6727.861049403783,-0.2022897824275116,12.000017404556274,-2.399998903274536,9.600018501281738,-36.06417465209961,25.274688720703125,11,straight,67.59790329658672,243.3524518677122
3234.041035978173,-551.4510040283203,-493.16773986816406,33.579742431640625,-550.8724365574013,-492.64084880666786,-0.782530835871835,2.3094819131508855,-0.0007753958564512553,1289.663842900435,-0.5336923758497925,12.000020861625671,-1.6499994993209839,10.350021362304688,-36.27000427246094,25.325397491455078,11,straight,65.87036574117599,237.13331666823356
3243.701544945656,-557.9148864746094,-485.9887390136719,33.5048828125,-557.3799848966243,-485.5145896124786,-0.714798819796851,2.296059838733164,-0.0015256407064899447,655.4623219910728,-0.993746255397121,11.950024008750916,-0.9500001668930054,11.00002384185791,-36.749900817871094,25.381994247436523,11,straight,64.12125802132992,230.83652887678772
3253.22420326739,-564.18017578125,-478.8183898925781,33.38970947265625,-563.7062983762168,-478.4115264921537,-0.6245779547870673,2.2802525927083095,-0.0016650676983405999,600.5761813748451,-1.410492723929524,11.950025796890259,-0.4500000476837158,11.500025749206543,-38.0766716003418,25.442516326904297,11,straight,62.34910444331961,224.4567759959506
3262.611009275617,-570.2446441650391,-471.6551818847656,33.23870849609375,-569.849826007261,-471.32680775962797,-0.5135279386472167,2.26457567797055,-0.0015843694115868778,631.1659343375082,-1.7621647342164426,12.000027276575565,-0.10000000149011612,11.90002727508545,-40.08094024658203,25.505001068115234,11,straight,60.55149324456483,217.9853756804334
3271.8976311647643,-576.1361846923828,-464.47886657714844,33.06095886230469,-575.8375216090134,-464.23742159988876,-0.3840511872285891,2.2506498985060372,-0.0015913420603103356,628.400408021004,-2.070384048385865,12.850028157234192,-0.7500001192092896,12.100028038024902,-42.59333801269531,25.567487716674805,11,straight,58.71893879174322,211.3881796502756
3281.106703625097,-581.8725738525391,-457.2775573730469,32.85601806640625,-581.6842143141338,-457.1300500489929,-0.2392440727746527,2.2351568785918006,-0.001971493817517961,507.22958962101325,-2.491886854721437,12.850028157234192,-0.7500001192092896,12.100028038024902,-45.44448471069336,25.628009796142578,11,straight,56.843376146785964,204.63615412842947
3290.1782026568344,-587.3961639404297,-450.08592224121094,32.60615539550781,-587.3300233972096,-450.03627637408687,-0.08269996118461681,2.2146888235356434,-0.002845303591163917,351.45634480113034,-2.9694215847155148,12.291997075080872,-0.7500001192092896,11.541996955871582,-48.465003967285156,25.684606552124023,11,straight,54.9332592644382,197.75973335197753
3299.108172996928,-592.6488342285156,-442.8697509765625,32.32208251953125,-592.7156766571175,-442.91679813392955,0.08173949643663823,2.1841026534204966,-0.004142303118824575,241.4115943025824,-3.3245723637984614,10.692997366189957,-0.15000000596046448,10.542997360229492,-51.48552322387695,25.735315322875977,12,right,52.985729670245746,190.74862681288468
3307.897744505656,-597.5502166748047,-435.58001708984375,32.0174560546875,-597.7607497961412,-435.71516800875224,0.2501798674184339,2.1414889118760776,-0.005182338145448079,192.96309347902218,-3.698928137143498,10.293997883796692,-0.7500001192092896,9.543997764587402,-54.336669921875,25.77817153930664,12,right,50.99624050105841,183.58646580381028
3316.5490415428944,-602.0509033203125,-428.1994171142578,31.677597045898438,-602.4136719833759,-428.40857871317627,0.41874774908407414,2.0938098493699306,-0.005512525057489059,181.40507110102777,-4.187775068889876,10.294997572898865,-1.7499994039535522,8.544998168945312,-56.84906768798828,25.81121253967285,12,right,48.95916629422148,176.25299865919735
3325.0614634067592,-606.1293029785156,-420.7371826171875,31.299392700195312,-606.6479499168554,-421.00461532068266,0.5835365434554299,2.0468738453437245,-0.005784630712957373,172.87188234160473,-4.728192110573204,10.294997453689575,-2.7489993572235107,7.5459980964660645,-61.654273986816406,25.832477569580078,12,right,46.86845360937552,168.72643299375187
3333.431976466625,-609.7796173095703,-413.2162170410156,30.880142211914062,-610.4540954962873,-413.52182253969255,0.7404833186362646,1.996224524276325,-0.006575250096984064,152.08546979204334,-5.1367599107910555,10.294997453689575,-3.747999429702759,6.546998023986816,-69.48513793945312,25.840002059936523,12,right,44.71737786563186,160.98256031627471
3341.665934982761,-612.9622802734375,-405.6345977783203,30.446807861328125,-613.7885941604407,-405.95228481489363,0.88527944348718,1.9378373227342092,-0.007560963289560407,132.2582800237534,-5.354388233205576,10.294997215270996,-4.746999263763428,5.547997951507568,-77.7066879272461,25.793371200561523,12,right,42.49529109089937,152.98304792723775
3349.7751011111263,-615.6313781738281,-397.9900207519531,30.005294799804688,-616.5989241235635,-398.2914126480369,1.013401322218591,1.8727711595609402,-0.00850115887839209,117.6310211707442,-5.467603413718614,10.294997215270996,-5.745999336242676,4.54899787902832,-85.80282592773438,25.662153244018555,12,right,40.18697245712483,144.6731008456494
3357.7850984580036,-617.7413177490234,-390.2754364013672,29.565521240234375,-618.8321270083101,-390.5309612740862,1.1203382528162749,1.8008998563075655,-0.009149274403771057,109.29828485500772,-5.514011019140863,10.294997215270996,-6.744999408721924,3.5499978065490723,-93.79974365234375,25.459362030029297,12,right,38.73745003536895,139.45482012732822
3365.733676279356,-619.2720947265625,-382.4880828857422,29.1253662109375,-620.4595046893796,-382.674820497411,1.2020038915948215,1.7267833833260817,-0.009618960649897312,103.96133599014937,-5.558156930792246,10.493998050689697,-7.743999481201172,2.7499985694885254,-101.73512268066406,25.19801139831543,12,right,37.779854550049784,136.0074763801792
3373.6544908683372,-620.2008056640625,-374.6343231201172,28.683486938476562,-621.4522877495447,-374.73147337367044,1.2552472194943012,1.6482691172642758,-0.009931574637400908,100.68896791392386,-5.5441548249850925,10.842998266220093,-8.742999076843262,2.099999189376831,-109.6426010131836,24.89111328125,12,right,37.180506371892164,133.8498229388118
3381.586383871988,-620.5057830810547,-366.72035217285156,28.246475219726562,-621.7841061750306,-366.7184912944657,1.2783244484326706,1.5693406094725888,-0.00997550742222214,100.24552713702862,-5.495229073145058,11.391998171806335,-9.741998672485352,1.6499994993209839,-112.81000518798828,24.551681518554688,12,right,37.09854334307047,133.55475603505369
3389.581891992769,-620.1810455322266,-358.74346923828125,27.808258056640625,-621.4480212517645,-358.64009081843545,1.27118628516383,1.4893820502059905,-0.009899866814020719,101.01145993032418,-5.412727639289594,12.000022530555725,-10.70002269744873,1.2999998331069946,-110.88648223876953,24.192731857299805,12,right,37.24000063018258,134.06400226865728
3397.675824620218,-619.2078247070312,-350.71990966796875,27.375732421875,-620.4273835661229,-350.52219796389704,1.2354811729508208,1.4100772075502719,-0.009601386473403861,104.1516246398404,-5.27122345371509,11.950023293495178,-10.85002326965332,1.100000023841858,-105.66548156738281,23.827272415161133,12,right,37.814414469670254,136.13189209081293
3405.8767093071756,-617.5899047851562,-342.69151306152344,26.949478149414062,-618.7311184365365,-342.41486869065244,1.174266028645669,1.3329715590196165,-0.009179815937591485,108.93464605373893,-5.083378832244878,11.690998911857605,-10.640998840332031,1.0500000715255737,-97.97136688232422,23.46832275390625,12,right,38.67295599526959,139.22264158297054
3414.178022978,-615.3409576416016,-334.71128845214844,26.537094116210938,-616.3797034894703,-334.3760724181629,1.0914956371445934,1.25863498769043,-0.00879406331593613,113.71307711508669,-4.843076403366231,10.891999125480652,-9.641999244689941,1.2499998807907104,-89.68130493164062,23.128890991210938,12,right,39.512049893253206,142.24337961571155
3422.575675795888,-612.4797210693359,-326.8260498046875,26.140975952148438,-613.3987022624875,-326.4540377253148,0.9914229271937649,1.1861509398331462,-0.008519866271212151,117.37273428562001,-4.574234521365406,10.34299910068512,-8.642999649047852,1.699999451637268,-81.29399871826172,22.821992874145508,12,right,40.14282818331197,144.5141814599231
3431.019423122624,-609.0408172607422,-319.12339782714844,25.766860961914062,-609.8292959267167,-318.73702191923496,0.8780574861094176,1.1151588270674841,-0.008339734895822681,119.90788825924112,-4.251429853219579,10.093998432159424,-7.6439995765686035,2.4499988555908203,-72.85954284667969,22.56064224243164,12,right,40.57403811991704,146.06653723170135
3439.502286325339,-605.0478363037109,-311.6470489501953,25.421493530273438,-605.7006731687621,-311.2682118559411,0.7547936912514152,1.0449928211334494,-0.00798494219750956,125.23572184553724,-3.9585868226667653,10.09499740600586,-6.6449995040893555,3.449997901916504,-64.38471221923828,22.357851028442383,12,right,41.46564901567504,149.27633645643016
3448.050493009158,-600.5184173583984,-304.4049377441406,25.092819213867188,-601.0365534289438,-304.05682085908234,0.6242197956351662,0.9792043121123494,-0.007556969626081378,132.32817511250792,-3.666969753027227,10.09499740600586,-5.645999431610107,4.448997974395752,-55.84382629394531,22.226633071899414,12,right,42.62363825219412,153.44509770789884
3456.6956067716696,-595.473388671875,-297.3910369873047,24.791366577148438,-595.8602933407019,-297.093411762546,0.4881352242696059,0.9150905539804457,-0.007498748136348432,133.35559240251493,-3.3708087191272718,10.09499740600586,-4.646999359130859,5.447998046875,-47.20497131347656,22.180002212524414,12,right,42.78878671249948,154.03963216499812
3465.461490629611,-589.9041442871094,-290.627685546875,24.506210327148438,-590.1650547295781,-290.3978444668302,0.3477084713742259,0.8486235444064852,-0.007375671742223255,135.58087113277213,-3.17711883840861,10.094997644424438,-3.6479995250701904,6.446998119354248,-44.112606048583984,22.36469841003418,12,right,43.144313760354095,155.31952953727475
3474.381837893927,-583.7970581054688,-284.1315612792969,24.229690551757812,-583.9410167086455,-283.9874035884124,0.20372903393908176,0.7847071657686481,-0.006652157088277488,150.327177595101,-3.025257859613051,10.094997644424438,-2.6489994525909424,7.445998191833496,-41.95307922363281,22.871122360229492,12,right,45.43003876982932,163.54813957138558
3483.587036156281,-577.1036834716797,-277.8180236816406,23.958297729492188,-577.1415672647529,-277.775550406591,0.05691362640926445,0.7283465363788542,-0.006067433759357088,164.81432507735545,-2.8751880457680734,10.09499728679657,-1.6499994993209839,8.444997787475586,-39.623809814453125,23.627779006958008,12,right,47.5687603520187,171.24753726726732
3493.137896162207,-569.7976379394531,-271.67236328125,23.690933227539062,-569.7405895370756,-271.7442313561064,-0.09175805358328826,0.6709449459283336,-0.005889344268474761,169.79819049684843,-2.7379277648328593,10.49399745464325,-1.0500000715255737,9.443997383117676,-37.23796081542969,24.563173294067383,12,right,48.28262622072546,173.81745439461167
3503.0270275167377,-561.8816833496094,-265.75099182128906,23.426467895507812,-561.7430190859149,-265.94773424380054,-0.2406976502619596,0.6139408754481106,-0.0055550914561440234,180.01503807718294,-2.6232053805661293,11.49299705028534,-1.0500000715255737,10.442996978759766,-34.90869140625,25.605810165405273,12,right,49.71400469106717,178.9704168878418
3513.2700844224482,-553.3511810302734,-260.0869445800781,23.163192749023438,-553.1456513632678,-260.4153094739663,-0.38738346319589606,0.559259548397708,-0.00517543845669044,193.2203442023875,-2.5295970618083974,12.598015189170837,-1.5499995946884155,11.048015594482422,-32.74916458129883,26.684194564819336,12,right,51.50516482704701,185.41859337736923
3523.886191765638,-544.2081756591797,-254.69830322265625,22.899124145507812,-543.9521584179134,-255.16020992448824,-0.528112326141771,0.5061093390146993,-0.0049660461826351865,201.36743864700816,-2.3920657880843743,12.598015546798706,-2.548999547958374,10.049015998840332,-30.872547149658203,27.726831436157227,12,right,52.579805905791964,189.28730126085108
3534.856334660947,-534.4759979248047,-249.64207458496094,22.64752197265625,-534.1885931815898,-250.2338857969241,-0.6579072860424332,0.4520903999035087,-0.004901318709179425,204.02672409920046,-2.162767640542207,12.598016023635864,-3.547999620437622,9.050016403198242,-29.392000198364258,28.6622257232666,12,right,52.9258551507899,190.53307854284364
3546.05958238044,-524.2706909179688,-245.02549743652344,22.420181274414062,-523.9723939385062,-245.73609998385945,-0.7706731267125306,0.3974412553187984,-0.004766369174442953,209.80330381497785,-1.9312943369774627,12.697012424468994,-4.546999454498291,8.150012969970703,-28.420684814453125,29.418882369995117,12,right,53.66986675127872,193.2115203046034
3557.389748875213,-513.7132568359375,-240.9181671142578,22.21258544921875,-513.4227547316814,-241.7272474065468,-0.8596524832440533,0.34471631881383463,-0.0044281902956249675,225.82588670319691,-1.7740940739234046,12.900012969970703,-5.2000017166137695,7.700011253356934,-28.071765899658203,29.92530632019043,12,right,55.68153737616328,200.4535345541878
3568.7314247623517,-502.9502716064453,-237.34690856933594,22.017974853515625,-502.6815241938992,-238.22485756231183,-0.9181609913395608,0.29705121190272393,-0.003798516042151534,263.26070204868364,-1.7041171356070195,12.950013160705566,-5.2000017166137695,7.750011444091797,-28.276622772216797,30.110002517700195,13,straight,58.02905164299796,208.90458591479268
3580.0077318914796,-492.1059875488281,-234.2614288330078,21.827133178710938,-491.86534081524127,-235.17061967583484,-0.940499249902163,0.25874886413013365,-0.0029396571338961563,340.1757260972208,-1.759523776346661,12.950013160705566,-4.699999809265137,8.25001335144043,-28.59891128540039,30.187408447265625,13,straight,60.2724609429928,216.9808593947741
3591.2083578527972,-481.2392272949219,-231.55482482910156,21.622589111328125,-481.0280248682059,-232.45317200060597,-0.9228402383948753,0.23090778672488002,-0.0021882039673061793,456.99578967086177,-1.902061633540908,12.950013160705566,-4.399998664855957,8.55001449584961,-29.02297592163086,30.404142379760742,13,straight,62.42104639242382,224.71576701272576
3602.3280201724506,-470.3895721435547,-229.1292266845703,21.4027099609375,-470.2096092972736,-229.97414015448942,-0.8638665392827491,0.20985952673459232,-0.0018150991661094462,550.9340859559969,-2.0621427345757337,12.950013160705566,-4.399998664855957,8.55001449584961,-29.533159255981445,30.736984252929688,13,straight,64.48332311764024,232.13996322350488
3613.420163747431,-459.5213928222656,-226.92431640625,21.164596557617188,-459.3764785437576,-227.6754458830672,-0.7649808096018941,0.19058688043929936,-0.0018552706094813742,539.0049273079046,-2.2485027070208385,12.950013160705566,-4.59999942779541,8.350013732910156,-30.113800048828125,31.1627140045166,13,straight,66.4767869845482,239.31643314437352
3624.4567313909247,-448.66612243652344,-224.9490509033203,20.905258178710938,-448.5602662457904,-225.5701266281728,-0.6300322127618265,0.16881783634572806,-0.002029962342193936,492.6199758559182,-2.4811804202148235,12.64400053024292,-5.000000953674316,7.6439995765686035,-30.74924659729004,31.65810775756836,13,straight,68.40262730614633,246.24945830212678
3635.4040760729113,-437.85772705078125,-223.2340545654297,20.619369506835938,-437.79014345304716,-223.69375610389986,-0.4646429243564731,0.14597058818706177,-0.0020268561864197343,493.3749156453045,-2.7857478618079967,12.345003128051758,-5.700003623962402,6.6449995040893555,-31.4238338470459,32.19994354248047,13,straight,70.26076920248599,252.93876912894956
3646.2601316179107,-427.1058349609375,-221.76858520507812,20.298187255859375,-427.07161531983684,-222.04176622425982,-0.27531591504707387,0.12461454221973682,-0.0018469589305130651,541.4305556443591,-3.186152088509331,12.246006488800049,-6.600007057189941,5.645999431610107,-32.121910095214844,32.7650032043457,13,straight,71.44067135342654,257.18641687233554
3657.022878420664,-416.4208068847656,-220.53082275390625,19.930984497070312,-416.4135506573627,-220.59900870336145,-0.06857095988265957,0.10601920523985513,-0.0011936117122399725,837.7933877034147,-3.507881220744846,12.269007682800293,-7.5990071296691895,4.6700005531311035,-32.827816009521484,33.33005905151367,13,straight,69.64522916315643,250.72282498736314
3667.693023763335,-405.8124084472656,-219.4509735107422,19.546524047851562,-405.82719585163187,-219.3019933535662,0.14971223917929835,0.09893349270204843,-6.734955934190046e-05,14847.907095033745,-3.5936043026734144,13.179932117462158,-8.598007202148438,4.581924915313721,-33.5258903503418,33.87189865112305,13,straight,67.81832961087494,244.14598659914978
3678.26430081212,-395.30189514160156,-218.38446044921875,19.167633056640625,-395.34096323654006,-218.01186135628888,0.37464169561635424,0.10447115819557547,0.0009626990106679223,1038.74626328555,-3.533018212607708,13.951788425445557,-9.597006797790527,4.354781627655029,-34.200477600097656,34.36729049682617,13,straight,65.95847691874152,237.4505169074695
3688.73265401152,-384.90406799316406,-217.22743225097656,18.803085327148438,-384.9756373683194,-216.62934991774162,0.602349278067026,0.1190984257331003,0.0019087528481975258,523.9022961743425,-3.4083994080055136,14.640204906463623,-10.596006393432617,4.044198513031006,-34.83592224121094,34.79301834106445,13,straight,64.0635460716405,230.62876585790582
3699.0995111616617,-374.63182067871094,-215.87350463867188,18.45733642578125,-374.75100968060985,-215.05232502032018,0.82978429954409,0.14413710457085807,0.002014204927643315,496.47381270684923,-3.2514604435226913,15.30080795288086,-11.595005989074707,3.7058019638061523,-35.41656494140625,35.12586212158203,13,straight,62.13005713872922,223.6682056994252
3709.358543360037,-364.4949645996094,-214.32876586914062,18.13226318359375,-364.6637034423266,-213.2879889549497,1.0543668157498005,0.16072923189344138,0.0015433021081154852,647.9612739083811,-2.905008252249486,15.989224433898926,-12.594005584716797,3.395218849182129,-35.9267463684082,35.34259796142578,13,straight,60.155530324335814,216.55990916760894
3719.5029557682024,-354.4959411621094,-212.6385955810547,17.864013671875,-354.71849228546154,-211.38458465801665,1.2736060606027408,0.17564265645200722,0.0017752299004813454,563.3073213384106,-2.6177084655019334,16.568109035491943,-13.400032997131348,3.1680760383605957,-36.35081100463867,35.42000198364258,13,straight,58.13715975122969,209.29377510442689
3729.5323570098003,-344.6412353515625,-210.79302978515625,17.604110717773438,-344.93108028719814,-209.3368174854917,1.4847775417239926,0.19647260305956035,0.0018101620396858698,552.4367311191307,-2.696262221571677,16.068997621536255,-12.988997459411621,3.080000162124634,-36.67310333251953,36.628204345703125,13,straight,56.070293003459525,201.8530548124543
3739.441801496246,-334.94329833984375,-208.77557373046875,17.32666015625,-335.29746151722463,-207.12848465183032,1.6847355843521843,0.21179880666576517,0.001182202065032556,845.8790841077254,-2.8093695834197296,15.076534509658813,-11.989997863769531,3.0865366458892822,-36.87795639038086,39.90760040283203,13,straight,53.95043529424569,194.2215670592845
3749.227959041496,-325.3864288330078,-206.687744140625,17.050811767578125,-325.7942190419516,-204.86283498646864,1.8699161145447527,0.21984608288199087,0.0025574698774327165,391.01144800338267,-2.6372368911363964,14.09439206123352,-10.990998268127441,3.103393793106079,-36.94972229003906,44.74040222167969,13,straight,51.77183458116868,186.37860449220727
3758.8997538479043,-315.99005126953125,-204.408447265625,16.813095092773438,-316.51590607258385,-202.4409573721792,2.036550945767091,0.2611673778746232,0.005114385189679493,195.5269231613483,-2.804580802124723,13.118441820144653,-9.991998672485352,3.1264431476593018,-36.94972229003906,50.608802795410156,14,left,49.524618930467895,178.28862814968443
3768.4895985770595,-306.8033905029297,-201.6736297607422,16.51116943359375,-307.4857948363715,-199.6020667991416,2.1810659729076445,0.3182201018802321,0.006164985609917073,162.20638023735003,-3.106780499895645,12.144556045532227,-8.992999076843262,3.151556968688965,-36.89810562133789,56.99500274658203,14,left,47.19090673272184,169.88726423779863
3778.0077925442592,-297.86138916015625,-198.42532348632812,16.219390869140625,-298.7124494449445,-196.28795355528084,2.3005768473339367,0.37893736678711254,0.006759646390850582,147.93673251215256,-3.293939138433455,11.16860580444336,-7.993999481201172,3.1746063232421875,-36.750370025634766,63.38120651245117,14,left,45.067385780034115,162.24258880812283
3787.467728384079,-289.1962127685547,-194.64456176757812,15.886306762695312,-290.22961654997476,-192.48578206400026,2.3933769414851778,0.4464613413858507,0.0074588889814911075,134.06822416601915,-3.3737870836623496,10.186462879180908,-6.994999408721924,3.1914634704589844,-36.5172004699707,69.24960327148438,14,left,42.90296272665523,154.45066581595884
3796.899082148865,-280.85162353515625,-190.25985717773438,15.581954956054688,-282.0732044488362,-188.12546595060618,2.459244973382847,0.5198270767105081,0.007623075054973449,131.18065777767458,-3.0422475154207262,9.193999290466309,-5.995999336242676,3.197999954223633,-36.20927047729492,74.08240509033203,14,left,42.43842500180238,152.77833000648857
3806.314537806059,-272.8480682373047,-185.3079376220703,15.312881469726562,-274.2389825775724,-183.23118352188894,2.4995100108986437,0.59013693522192,0.007502425351116504,133.29022991893962,-2.686655832907614,9.193999290466309,-4.996999263763428,4.197000026702881,-35.83726501464844,77.36180877685547,14,left,42.77829924773069,154.0018772918305
3815.7260301018096,-265.2199401855469,-179.80050659179688,15.076126098632812,-266.7651920361927,-177.81388294693258,2.516838649627358,0.6610745714838692,0.0075596617306709635,132.2810511405309,-2.259316747199136,9.193999290466309,-3.9979991912841797,5.196000099182129,-35.411861419677734,84.52000427246094,14,left,42.6160481301845,153.4177732686642
3825.137915515796,-258.0010986328125,-173.76425170898438,14.887603759765625,-259.68270379726357,-171.8943738358849,2.514804006163397,0.7324353208851297,0.007758578113917669,128.8895961756391,-1.7191802512911525,9.193999290466309,-2.9989991188049316,6.195000171661377,-34.94374084472656,83.94915008544922,14,left,42.06620046629079,151.43832167864684
3834.5598703581404,-251.23326110839844,-167.2105255126953,14.752395629882812,-253.03723734982643,-165.4835496032205,2.4973538138483806,0.8072019506362277,0.00803116877007809,124.51487804934732,-1.1230365572003298,9.193999409675598,-1.9999991655349731,7.194000244140625,-34.443580627441406,82.38389587402344,14,left,41.34614081569989,148.84610693651962
3844.0094244069996,-244.96363830566406,-160.140869140625,14.67584228515625,-246.87233641709355,-158.57580759353942,2.468308353253375,0.8840008898205588,0.008245165098482166,121.28319906948714,-0.48806033899866375,9.342999815940857,-1.149999976158142,8.192999839782715,-33.922061920166016,80.04522705078125,14,left,40.80606128771436,146.90182063577168
3853.5071449212414,-239.24591064453125,-152.55706787109375,14.660232543945312,-241.24213564858056,-151.16969975175252,2.4309883926823184,0.9634367451105663,0.007782246238138724,128.49760459894796,0.1333068417308736,9.791999518871307,-0.6000000834465027,9.191999435424805,-33.389862060546875,77.15411376953125,14,left,42.00218384556191,151.2078618440229
3863.0810178962524,-234.06396484375,-144.50692749023438,14.70172119140625,-236.11406936634876,-143.28230918844235,2.388015606871913,1.032331816908578,0.007094475846007198,140.95474023818184,0.7242449605387447,10.540999054908752,-0.3500000238418579,10.190999031066895,-32.857662200927734,73.9315414428711,14,left,43.991036867746956,158.36773272388905
3872.746632838819,-229.3895721435547,-136.04734802246094,14.80010986328125,-231.47604270138115,-134.98517008685326,2.3412777185905247,1.099912081591903,0.006989432379114535,143.07313466371733,1.2699878453985125,9.792998552322388,-0.4500000476837158,9.342998504638672,-32.336143493652344,70.59847259521484,14,left,44.32037249922343,159.55334099720434
3882.5269885100884,-225.2453155517578,-127.18968200683594,14.949264526367188,-227.35411249298787,-126.29175451166266,2.2920074881922563,1.1682475618006882,0.006784100820048822,147.40346974867091,1.73135077710328,9.343999028205872,-1.0000001192092896,8.343998908996582,-31.835983276367188,67.37589263916016,14,left,44.98608597394448,161.94990950620016
3892.4248406293113,-221.6714630126953,-117.96156311035156,15.14129638671875,-223.78600786613484,-117.21967169473204,2.2409156186205625,1.2333630576668475,0.0062674450837411355,159.55464892611144,2.088091119380142,9.344998478889465,-1.9999991655349731,7.344999313354492,-31.367860794067383,64.48478698730469,14,left,46.8035814553518,168.49289323926646
3902.436246929411,-218.6455078125,-108.42103576660156,15.365325927734375,-220.7499145789282,-107.82082353960767,2.1883287129729547,1.2929566400673091,0.005308273010879466,188.3851862838384,2.3404373296795677,9.344998359680176,-2.9989991188049316,6.345999240875244,-30.942459106445312,62.146114349365234,14,left,49.256505106134405,177.32341838208387
3912.5970624078764,-216.1011962890625,-98.58706665039062,15.613723754882812,-218.17902517406685,-98.09935651689749,2.134299428306716,1.3402487541368269,0.004337512906283064,230.54686443732749,2.4294792052335756,9.344998359680176,-3.9979991912841797,5.346999168395996,-30.570453643798828,60.58086395263672,14,left,51.62700690471205,185.85722485696337
3923.0245633946106,-213.937744140625,-88.38957214355469,15.865432739257812,-215.979517196154,-87.99963182110739,2.078675218824368,1.382087512495874,0.004100097260179847,243.8966533091793,2.3495640456360767,9.344998359680176,-4.996999263763428,4.347999095916748,-30.26252555847168,60.010005950927734,14,left,53.95154388952111,194.22555800227602
3933.73690414813,-212.1663055419922,-77.82754516601562,16.11004638671875,-214.16656470495028,-77.5378648367572,2.021126273184598,1.4269748332906325,0.004227515740961141,236.54554146559994,2.2970829112169855,9.344998359680176,-5.995999336242676,3.3489990234375,-30.029354095458984,59.744354248046875,14,left,56.23961514399018,202.46261451836466
3944.752451196065,-210.84494018554688,-66.89450073242188,16.3646240234375,-212.79689625783027,-66.70489810381231,1.96114294861433,1.473965422160386,0.004117530580765555,242.8640128797961,2.3462682008257407,9.344998359680176,-6.994999408721924,2.349998950958252,-29.881620407104492,59.478702545166016,14,left,57.743876910636274,207.8779568782906
3956.0954787800993,-210.0155029296875,-55.58506774902344,16.634872436523438,-211.9109717099426,-55.48668439438861,1.8980203321858786,1.5189383656268847,0.0032323390346897796,309.37348751721333,2.0952287571029626,9.493999123573303,-7.993999481201172,1.4999996423721313,-29.830001831054688,59.213050842285156,15,straight,60.01103535323681,216.0397272716525
3967.77769027232,-209.58485412597656,-43.912689208984375,16.845077514648438,-211.4152241495129,-43.870748388493794,1.8308504732729611,1.5478864878016043,0.0020377634652574694,490.73409011857564,1.2162933807809084,10.042999148368835,-8.992999076843262,1.0500000715255737,-29.816131591796875,58.94739532470703,15,straight,62.25974965063611,224.13509874229
3979.870700918211,-209.4352264404297,-31.820831298828125,16.919174194335938,-211.19375318690868,-31.814188061936953,1.758539294607414,1.56701861610477,0.001118034236219756,894.4269930240708,0.06276548458779008,10.891998827457428,-9.991998672485352,0.9000001549720764,-29.775320053100586,58.68174362182617,15,straight,64.50501562980313,232.21805626729125
3992.393829128883,-209.4438018798828,-19.297866821289062,16.855712890625,-211.12366794283838,-19.304931637404838,1.679880918725079,1.5750018849762175,0.0005500793965693695,1817.919388067631,-1.0205203599209622,11.890998423099518,-10.990998268127441,0.9000001549720764,-29.708763122558594,58.41609191894531,15,straight,66.75058715878389,240.302113771622
4005.3394376217066,-209.53758239746094,-6.354156494140625,16.65484619140625,-211.1311788835387,-6.3703432407886345,1.5936786913322476,1.5809533459337728,0.00034529874354441437,2896.0429734994796,-2.026987577671202,12.950027585029602,-11.950027465820312,1.0000001192092896,-29.617658615112305,58.15044021606445,15,straight,68.99513178264938,248.38247441753776
4018.6949370124685,-209.69984436035156,6.996124267578125,16.318634033203125,-211.1986193977955,6.976351272098028,1.4989054620673472,1.5839883322312716,8.925081926847156e-06,112043.78942359542,-2.9475905140238567,13.150027394294739,-11.950027465820312,1.1999999284744263,-29.503206253051758,57.884788513183594,15,straight,71.2366668868368,256.45200079261247
4032.3065287138143,-209.86380004882812,20.598922729492188,15.857742309570312,-211.25859729818245,20.584576999195164,1.3948710215586908,1.581081136635534,-0.00028453719164237,3514.479053609565,-3.7660198874215456,12.950025916099548,-11.60002613067627,1.3499997854232788,-29.366600036621094,57.619136810302734,15,straight,73.45083108423864,264.4229919032591
4046.368125003235,-209.98379516601562,34.64784240722656,15.272979736328125,-211.26513525185229,34.64111141637721,1.2813577649547065,1.5760493653996015,-0.00022867433693468664,4373.031156030496,-4.490173692754784,12.95002543926239,-11.500025749206543,1.4499996900558472,-29.20903778076172,57.353485107421875,15,straight,75.67019066164241,272.4126863819127
4060.414156652593,-210.01441955566406,48.67750549316406,14.59576416015625,-211.17308957766429,48.673040770052374,1.1586786239654416,1.5746496249122464,-1.9970262654100956e-06,500744.54068066395,-5.09116392429333,12.950025200843811,-11.45002555847168,1.4999996423721313,-29.031721115112305,57.087833404541016,15,straight,77.82393329707347,280.1661598694645
4074.0861635076153,-210.07774353027344,62.32975769042969,13.863800048828125,-211.10537972159642,62.32449038661336,1.0276496904131716,1.575921932270335,-1.9848481315504207e-05,50381.688357127445,-5.555183964987226,12.950024962425232,-11.400025367736816,1.5499995946884155,-28.83584213256836,56.82217788696289,15,straight,79.86456285666921,287.51242628400917
4087.743864777729,-210.13864135742188,75.96467590332031,13.077606201171875,-211.02811793488019,75.9617281016408,0.8894814620787251,1.5741104004447461,-0.00018290479722332664,5467.325161400773,-5.765180239771967,12.950024724006653,-11.350025177001953,1.5999995470046997,-28.622600555419922,56.55652618408203,15,straight,80.0,288.0
4101.390767040015,-210.1619873046875,89.58879089355469,12.289642333984375,-210.90761193274236,89.58869206269898,0.7456246346047627,1.5709288745292405,-0.00017846139262214789,5603.452855023252,-5.676996930371864,12.950024485588074,-11.30002498626709,1.6499994993209839,-28.3931941986084,56.29087448120117,15,straight,80.0,288.0
4115.024043493113,-210.15133666992188,103.20082092285156,11.528884887695312,-210.74895345205965,103.20175074010241,0.5976175054772267,1.5692404526488584,-6.209658023093034e-05,16103.946405439883,-5.502329326859695,12.950024485588074,-11.30002498626709,1.6499994993209839,-28.148820877075195,56.02522277832031,15,straight,80.0,288.0
4128.642945664229,-210.1288299560547,116.79965209960938,10.790115356445312,-210.57580692944373,116.80035005187025,0.4469775183131617,1.569234833171812,3.7671873256539534e-05,26545.00330233533,-5.3100927365919315,13.250024437904358,-11.350025177001953,1.8999992609024048,-27.890676498413086,55.75957107543945,15,straight,80.0,288.0
4142.246181762335,-210.11390686035156,130.38450622558594,10.083328247070312,-210.40906746457688,130.38466312051804,0.2951606459246728,1.5702647690088203,6.795201434867115e-05,14716.267200981889,-5.065857557084074,14.200023651123047,-11.350025177001953,2.8499984741210938,-27.619958877563477,55.493919372558594,15,straight,80.0,288.0
4155.832461285745,-210.1118927001953,143.9542236328125,9.412689208984375,-210.255479321938,143.95418251653052,0.1435866276295307,1.5710826785479906,-1.0033627375283238e-05,99664.85325769546,-4.89802915093388,15.199023723602295,-11.350025177001953,3.848998546600342,-27.337865829467773,55.228267669677734,15,straight,80.0,288.0
4169.401916915278,-210.10975646972656,157.5076446533203,8.753219604492188,-210.10346071686058,157.50763960622487,-0.006295754889028386,1.5699946602625945,-3.1319184426670255e-05,31929.311644157537,-4.737415884991364,16.198023796081543,-11.350025177001953,4.84799861907959,-27.045595169067383,54.962615966796875,15,straight,80.0,288.0
4182.952173107661,-210.09701538085938,171.04345703125,8.12786865234375,-209.94407269225286,171.04337063537957,-0.15294271300861884,1.5702314363641758,0.00017295068521983037,5781.995016261091,-4.504792163289673,17.196024417877197,-11.350025177001953,5.845999240875244,-26.744342803955078,54.69696044921875,15,straight,80.0,288.0
4196.482565445258,-210.11825561523438,184.56076049804688,7.5332489013671875,-209.82356096755936,184.56190267479192,-0.29469686108952275,1.574672104773664,0.00022213700111323176,4501.726389518789,-4.290313302771476,16.19702434539795,-11.350025177001953,4.846999168395996,-26.4353084564209,54.43130874633789,15,straight,80.0,288.0
4209.991723731291,-210.18603515625,198.0579071044922,6.967742919921875,-209.75620394129487,198.06024802926515,-0.4298375894202302,1.5762424217911717,5.2491370702956175e-05,19050.75037302622,-4.078833669633814,15.148024320602417,-11.30002498626709,3.847999334335327,-26.119688034057617,54.16565704345703,15,straight,80.0,288.0
4223.478067121019,-210.25511169433594,211.53343200683594,6.432098388671875,-209.69840607571328,211.5363801888511,-0.5567134250071977,1.576092042081927,0.00019853799158425778,5036.819361475251,-3.8250441286305947,14.049023866653442,-11.200024604797363,2.848999261856079,-25.79867935180664,53.90000534057617,15,straight,80.0,288.0
4236.940382490012,-210.35873413085938,224.98623657226562,5.9368743896484375,-209.68484488078394,224.99350566606586,-0.6739284539859546,1.5815826865540186,0.00033439440476698556,2990.4806591989036,-3.5521233201197933,12.950023531913757,-11.100024223327637,1.8499993085861206,-25.473478317260742,65.42667388916016,15,straight,80.0,288.0
4250.377551567273,-210.5321502685547,238.41439819335938,5.476531982421875,-209.75169770505252,238.42555508822198,-0.7805323056607393,1.5850907701393717,8.545669892251473e-06,117018.32771550416,-3.298783291388599,12.95002281665802,-10.950023651123047,1.9999991655349731,-25.14528465270996,76.95333862304688,15,straight,80.0,288.0
4263.78746903085,-210.70628356933594,251.81643676757812,5.051177978515625,-209.8301740322658,251.82610024085545,-0.8761628294221444,1.5818258624971313,-0.00020628690969551333,4847.617337794409,-3.0400032776698502,12.950021982192993,-10.750022888183594,2.1999990940093994,-24.815296173095703,88.4800033569336,15,straight,80.0,288.0
4277.168772591978,-210.83587646484375,265.1914520263672,4.6620025634765625,-209.87483176235204,265.199876413576,-0.9610816252989323,1.5795619663319853,-4.053948358337389e-05,24667.309783149813,-2.7731961955968636,12.950021505355835,-10.650022506713867,2.2999989986419678,-24.48470687866211,88.7510757446289,15,straight,80.0,288.0
4290.519912950894,-210.95822143554688,278.5373840332031,4.30975341796875,-209.9221795859556,278.5476806227518,-1.0360930140971187,1.580734391139692,0.00015593687434858894,6412.851380902704,-2.4992228502114577,12.950020790100098,-10.500021934509277,2.4499988555908203,-24.15471839904785,89.02214813232422,15,straight,80.0,288.0
4303.839168267761,-211.10975646972656,291.85206604003906,3.995361328125,-210.00749071916226,291.86630832506023,-1.1023577584204332,1.5837165254943275,0.0001887774786505647,5297.242060590518,-2.217259177012834,12.95002007484436,-10.350021362304688,2.599998712539673,-23.82652473449707,89.29322052001953,15,straight,80.0,288.0
4317.124845530593,-211.29513549804688,305.1335906982422,3.719757080078125,-210.13411869843114,305.15096409404504,-1.1611467796414343,1.585759158714218,0.00020142955525589978,4964.514759165217,-1.9287002170476686,12.950019359588623,-10.200020790100098,2.7499985694885254,-23.501323699951172,89.56429290771484,15,straight,80.0,288.0
4330.375110103621,-211.51284790039062,318.3799591064453,3.48345947265625,-210.29946031455324,318.4021203923318,-1.21358994559794,1.5890582758234393,0.00036394278768395183,2747.6846192330668,-1.6336655662578636,12.950018167495728,-9.950019836425781,2.9999983310699463,-23.180315017700195,89.83535766601562,15,straight,80.0,288.0
4343.58821832144,-211.7945556640625,331.58860778808594,3.287322998046875,-210.5344733096366,331.61959372912236,-1.260463275338626,1.5953817815322484,0.00039830238466981305,2510.6553173890375,-1.3313473998393486,12.950016975402832,-9.700018882751465,3.249998092651367,-22.864694595336914,90.10643005371094,15,straight,80.0,288.0
4356.762369388285,-212.14935302734375,344.75706481933594,3.1320343017578125,-210.84785113616437,344.7945301781702,-1.302041023107987,1.5995746295359954,0.0001508549281890037,6628.885194569953,-1.0232563160877104,13.000015258789062,-9.350017547607422,3.6499977111816406,-22.555660247802734,90.37750244140625,15,straight,80.0,288.0
4369.895408275714,-212.52830505371094,357.88414001464844,3.01800537109375,-211.19082834763347,357.9223591359552,-1.338022660694977,1.599364094346686,-9.10903847261002e-05,10978.107107648093,-0.7101540359382569,12.950013399124146,-8.950016021728516,3.99999737739563,-22.25440788269043,90.64857482910156,15,straight,80.0,288.0
4382.984332472737,-212.8878173828125,370.9679260253906,2.9456787109375,-211.5207559782892,371.00401983373376,-1.367537804500464,1.5971926721545364,-0.0001658976826104674,6027.811746762185,-0.5525791048029557,12.950013160705566,-8.600014686584473,4.349998474121094,-21.96213722229004,90.91964721679688,15,straight,80.0,288.0
