s_m,x_center_m,y_center_m,z_center_m,x_line_m,y_line_m,offset_m,heading_rad,curvature_1_per_m,radius_m,slope_pct,width_m,drive_left_m,drive_right_m,limit_left_m,limit_right_m,segment_id,segment_kind,v_target_ms,v_target_kmh
0.0,-579.5632019042969,160.2816925048828,19.296707153320312,-579.5738994221264,159.5165339728292,-0.7652333082545326,-0.013979875379620468,0.00675623492486872,148.01143108851133,-1.0190620492463334,8.693999409675598,-7.943999290466309,0.7500001192092896,-53.5965690612793,77.7508544921875,0,left,37.295436165281245,134.26357019501248
6.2693483534135614,-573.29443359375,160.3381805419922,19.232818603515625,-573.273848260979,159.61296017024097,-0.7255124695883968,0.028377314921880434,0.006637805687132179,150.65219548962776,-0.9154333679988635,8.194999098777771,-6.9449992179870605,1.2499998807907104,-52.779808044433594,79.4887924194336,0,left,35.2610836635206,126.93990118867417
12.415276068592302,-567.1558685302734,160.63473510742188,19.18280029296875,-567.1068434391505,159.91973352985494,-0.7166803440047945,0.06845926019214814,0.00970942536136964,102.9927068576731,-0.7205080991553148,7.8959983587265015,-5.9459991455078125,1.949999213218689,-52.47000503540039,81.07684326171875,0,left,33.145803640877844,119.32489310716024
18.483861305770947,-561.1248321533203,161.3076934814453,19.144668579101562,-561.0165548089825,160.57380887004985,-0.7418292297691836,0.1464832274411043,0.014369633131901548,69.59119908078468,-0.5443196431060393,7.895998239517212,-4.9469990730285645,2.9489991664886475,-51.02312469482422,82.47218322753906,0,left,30.915457754584466,111.29564791650408
24.43681059206802,-555.2906494140625,162.4905548095703,19.117172241210938,-555.0999036055644,161.7139849441101,-0.7996528743151756,0.2408578107079264,0.0161732180294612,61.830613930907,-0.3898926977578432,7.895998477935791,-3.9479992389678955,3.9479992389678955,-50.41056442260742,83.63199615478516,0,left,29.14072153751648,104.90659753505933
30.252941405104792,-549.7247467041016,164.17808532714844,19.098587036132812,-549.4324026705337,163.34299290030617,-0.8847849429844414,0.33674062195564824,0.016698567835351192,59.885375192654585,-0.3027134761714345,7.895998239517212,-2.9489991664886475,4.9469990730285645,-49.679443359375,84.5134506225586,0,left,28.678663547939575,103.24318877258247
35.917997294502236,-544.4841156005859,166.32945251464844,19.082366943359375,-544.0696623744954,165.43172044346807,-0.9887842779103198,0.4325136939898707,0.017436217007675787,57.35189000915618,-0.2987319465789007,7.8959983587265015,-1.949999213218689,5.9459991455078125,-49.0668830871582,85.07373046875,0,left,28.06547447284209,101.03570810223152
41.426436759627464,-539.6106719970703,168.89697265625,19.06524658203125,-539.0524591666261,167.94730742719221,-1.1015741515458322,0.5314003062704806,0.018547286137097094,53.91624373551147,-0.32496952024279047,8.744998574256897,-1.7999993562698364,6.9449992179870605,-48.81000518798828,85.27000427246094,0,left,27.21186673977944,97.96272026320598
46.78230617669088,-535.1465454101562,171.8561248779297,19.047103881835938,-534.4281362609486,170.87871010516733,-1.2130339416848095,0.6338379606242154,0.019614424619316326,50.98288730912851,-0.3373484915689229,9.093998908996582,-2.5499987602233887,6.544000148773193,-49.9995231628418,84.01383209228516,0,left,26.46127310436085,95.26058317569905
52.005003786912326,-531.1146545410156,175.17578125,19.029556274414062,-530.2295551857994,174.20402700527012,-1.314422755720046,0.7387644039774179,0.019637538811198105,50.92287835121987,-0.32728096585097344,8.794998168945312,-3.249998092651367,5.545000076293945,-49.9995231628418,80.64728546142578,0,left,26.445695515067356,95.20450385424249
57.15189851310409,-527.5038146972656,178.84349060058594,19.013153076171875,-526.4640897052742,177.90690630751507,-1.3993634970938365,0.8375394010653635,0.018938101494322013,52.80360337596766,-0.2953620771704024,8.295997619628906,-3.749997615814209,4.546000003814697,-49.9995231628418,75.7733383178711,0,left,26.929624742382504,96.94664907257702
62.3322335666856,-524.249267578125,182.8738250732422,18.999069213867188,-523.0716987121964,182.00351625304927,-1.4642765710445433,0.9343255484779737,0.017992993493768816,55.577188995611635,-0.2948500524291964,8.146999597549438,-4.59999942779541,3.5470001697540283,-49.60157012939453,70.59402465820312,0,left,27.627832228854476,99.46019602387612
67.59297366150561,-521.3388366699219,187.25611877441406,18.982330322265625,-520.0494631020721,186.47355381023075,-1.5082745508152196,1.0252937162312665,0.0170582900371304,58.62252299751747,-0.3520085130596984,8.146999597549438,-5.598999500274658,2.5480000972747803,-48.4873046875,65.33431243896484,0,left,28.374667061445937,102.14880142120538
72.95092563077495,-518.7916870117188,191.9698486328125,18.961624145507812,-517.4152427728001,191.29579334472768,-1.5326282244065195,1.115416439442523,0.016278905356334264,61.42919183511877,-0.3877017032987595,8.146999597549438,-6.597999572753906,1.5490000247955322,-47.8941535949707,59.97740173339844,0,left,29.045972537746454,104.56550113588723
78.41155661916515,-516.6291198730469,196.9839630126953,18.940383911132812,-515.1930360917517,196.4277846193635,-1.5400230622001443,1.2012961451569883,0.014804929966196367,67.54506791205826,-0.3893392647088101,8.146999716758728,-7.596999645233154,0.5500000715255737,-46.267765045166016,54.5178108215332,0,left,30.45757644173627,109.64727519025057
83.98311998002231,-514.8395385742188,202.26025390625,18.918670654296875,-513.3707969243314,201.8183521294027,-1.5337793891217313,1.2785406364973748,0.012003958745322979,83.3058511126276,-0.39012591409566255,8.550013929605484,-8.40001392364502,0.15000000596046448,-43.83775329589844,49.896175384521484,0,left,32.53983482552161,117.14340537187779
89.66398282687726,-513.3792114257812,207.7501678466797,18.896484375,-511.90366168901744,207.3971403584571,-1.5171932748020032,1.3359592004407532,0.008525282043761503,117.29817205657896,-0.3932862637891832,8.600014306604862,-8.500014305114746,0.10000000149011612,-42.93668746948242,48.6400032043457,0,left,34.533912105908044,124.32208358126896
95.46567676710569,-512.1661682128906,213.423583984375,18.873504638671875,-510.7013231405396,213.13464311873602,-1.4930699614643719,1.3760462756030456,0.004730769077805896,211.38212065590702,-0.3830891715839613,9.899013936519623,-9.499013900756836,0.40000003576278687,-40.46601867675781,48.129215240478516,0,left,36.458005533316275,131.2488199199386
101.39069269262879,-511.0772399902344,219.2476348876953,18.851593017578125,-509.6373828006331,218.98576775670364,-1.4634763820234211,1.3908924631423643,0.0015126802655523325,661.0782349532834,-0.36979124519698203,10.547005534172058,-9.297005653381348,1.2499998807907104,-36.77455139160156,46.717041015625,1,straight,38.32342289537608,137.9643224233539
107.43203497447128,-510.0066223144531,225.1933135986328,18.829254150390625,-508.5993231673996,224.94175863633424,-1.4296051162313166,1.3939142578263581,0.0005286982030461712,1891.43824253299,-0.37204135319968135,9.548005938529968,-8.298006057739258,1.2499998807907104,-32.21107864379883,44.5837516784668,1,straight,40.13629411270472,144.49065880573698
113.58676480799956,-508.93409729003906,231.2538299560547,18.80621337890625,-507.5632360579995,231.01364153385964,-1.3917438685568446,1.3973470310948868,0.0005472030791674048,1827.475096670777,-0.3728473071191507,9.049005389213562,-7.29900598526001,1.7499994039535522,-27.12441062927246,41.90963363647461,1,straight,41.90261405094108,150.8494105833879
119.84957454470195,-507.8655090332031,237.4247589111328,18.782958984375,-506.5356903422383,237.1963639986906,-1.3492894377667255,1.400706874844239,0.0003499550007889096,2857.510244876292,-0.3703681764656075,8.550004959106445,-6.300005912780762,2.2499990463256836,-21.86334228515625,38.87495803833008,1,straight,43.626604918822714,157.05577770776176
126.21477510581852,-506.7908020019531,243.6985321044922,18.759445190429688,-505.5086033809049,243.4796632384826,-1.3007447421866696,1.4017277582475665,0.0005397689700843422,1852.6444746235484,-0.3680671906767019,8.550002336502075,-5.750003814697266,2.7999985218048096,-16.776674270629883,35.660003662109375,1,straight,45.31162035012624,163.12183326045448
132.67693914824596,-505.72210693359375,250.07167053222656,18.735748291015625,-504.4948409512528,249.86972014380603,-1.2437707790402726,1.4077048213651868,0.0012935263544270326,773.080499347808,-0.3649284337988279,8.59999966621399,-5.2000017166137695,3.3999979496002197,-12.213203430175781,32.44504928588867,1,straight,46.96049540804362,169.05778346895704
139.23210370093915,-504.696044921875,256.5459899902344,18.711944580078125,-503.53430187221124,256.367840678711,-1.175322972905019,1.4186350680866835,0.0017417717764725144,574.1280307258328,-0.3644488407098523,8.549996852874756,-4.59999942779541,3.9499974250793457,-8.521737098693848,29.410371780395508,1,straight,48.57595004935564,174.87342017768032
145.87314564169424,-503.7323913574219,263.11669921875,18.687652587890625,-502.65117176249146,262.9642281908726,-1.0919172252526936,1.4307024544115021,0.0018587671090270208,537.9910130449069,-0.3695601713232799,8.549996376037598,-4.099997520446777,4.44999885559082,-6.051068305969238,26.736251831054688,1,straight,50.159541611249125,180.57434980049686
152.59569469424105,-502.84046936035156,269.77976989746094,18.662551879882812,-501.8584443807175,269.65406383486277,-0.9900379158391757,1.443481706756112,0.0019333958678276891,517.2246494576265,-0.3792341559663237,8.549997806549072,-3.749997615814209,4.800000190734863,-5.15000057220459,24.60296630859375,1,straight,51.71320246845862,186.16752888645104
159.37453466289668,-502.0287170410156,276.50978088378906,18.636444091796875,-501.1676923871368,276.4112082594331,-0.8666487274897383,1.4568096518814708,0.0019630325618174432,509.4159004036925,-0.3920347647120126,8.599999189376831,-3.499997854232788,5.100001335144043,-6.711691856384277,23.19078826904297,1,straight,53.23397709889637,191.64231755602694
166.2274604937021,-501.2989501953125,283.3236846923828,18.609100341796875,-500.5828794311829,283.2514361785231,-0.7197063199639684,1.4702408484128113,0.0019836809050516047,504.113336703206,-0.3986737760577119,8.449999332427979,-3.3499979972839355,5.100001335144043,-7.670263290405273,22.680002212524414,1,straight,52.936148892034296,190.57013601132348
173.164753232654,-500.6546936035156,290.23094177246094,18.581466674804688,-500.10818446372906,290.18348040913594,-0.5485661499572683,1.4841690788310502,0.002821842998430024,354.37832670221746,-0.40365204224039886,8.549998760223389,-3.5499978065490723,5.000000953674316,-8.980962753295898,20.299976348876953,1,straight,51.37026610086559,184.93295796311614
180.18178624636565,-500.1365509033203,297.228759765625,18.552764892578125,-499.78302545037036,297.20715089942865,-0.3541852467025692,1.5097483457606065,0.00437905992704217,228.35951474988119,-0.41629784570766937,8.549996376037598,-4.099997520446777,4.44999885559082,-10.409039497375488,19.749984741210938,1,straight,49.73625653382966,179.05052352178677
187.27373577749398,-499.8461456298828,304.314697265625,18.522720336914062,-499.7071298190083,304.31125833622775,-0.13905833994589079,1.5460636856278698,0.0042198884135985215,236.973090752238,-0.4149940398204821,8.599997997283936,-4.850000381469727,3.749997615814209,-11.719738960266113,18.500003814697266,1,straight,48.028349484841016,172.90205814542767
194.44012838456456,-499.7601318359375,311.4805145263672,18.493606567382812,-499.85321281359336,311.48060892744775,0.09308102552579442,1.5697821448365619,0.0029988424677840075,333.4619976683701,-0.39717406944146383,8.600001335144043,-5.5500030517578125,3.0499982833862305,-12.67831039428711,17.400020599365234,2,straight,46.23847755600479,166.45851920161724
201.68017598739195,-499.82855224609375,318.7201843261719,18.46551513671875,-500.16617709377556,318.71396322918093,0.33768215798280005,1.589220305702536,0.0030274522148815847,330.31074613975824,-0.3781453532818668,8.550004243850708,-6.150005340576172,2.399998903274536,-13.05000114440918,16.400035858154297,2,straight,44.3569287252419,159.68494341087086
208.9905836093441,-500.05731201171875,326.02696228027344,18.4385986328125,-500.6465765834099,326.0015580495759,0.5898119279801673,1.6138814034794768,0.00357590713149214,279.64932064181545,-0.3779030326366506,8.550006747245789,-6.700007438659668,1.8499993085861206,-13.100001335144043,15.600041389465332,2,straight,42.37240716415517,152.54066579095863
216.29704278073478,-500.48146057128906,333.321044921875,18.4102783203125,-501.3238336308172,333.2613973895143,0.8444822079449052,1.6414872653441868,0.003420542090031481,292.35132142192015,-0.4037430296413236,8.550008893013,-7.1500091552734375,1.399999737739563,-13.26583194732666,15.050039291381836,2,straight,40.291408689120395,145.04907128083343
223.4545349644494,-501.07456970214844,340.453857421875,18.3802490234375,-502.16665565114135,340.35236848259524,1.096791559405851,1.6634614541716275,0.0033003262444149806,303.0003478269043,-0.44630956659517107,8.550010561943054,-7.5000104904174805,1.0500000715255737,-13.720527648925781,14.600037574768066,2,straight,38.14291045765057,137.31447764754208
230.3089930482081,-501.79408264160156,347.27037048339844,18.347900390625,-503.1267962919168,347.1139999999951,1.3418559541978974,1.687594691199123,0.004200249025584052,238.08112183561505,-0.4953103140416637,8.550011396408081,-7.700011253356934,0.8500001430511475,-14.399896621704102,14.50003719329834,3,left,35.96526459038408,129.4749525253827
236.8192682457764,-502.6612243652344,353.72254943847656,18.314208984375,-504.2184903975967,353.4898281813319,1.5745592015153245,1.7191407011800024,0.004622785180092792,216.31980744126363,-0.5274226294296414,8.450011372566223,-7.700011253356934,0.7500001192092896,-15.23974609375,14.550037384033203,3,left,33.76717841047408,121.56184227770669
242.96229812126808,-503.6592559814453,359.78387451171875,18.281234741210938,-505.42099401538064,359.4715647885771,1.7892060427416516,1.7462472221794632,0.00653391424810007,153.0476161805735,-0.5335955316713603,8.550011396408081,-7.700011253356934,0.8500001430511475,-16.175884246826172,14.65003776550293,3,left,31.55298468316763,113.59074485940347
248.65288996290383,-504.7955322265625,365.3597869873047,18.25103759765625,-506.7253727664793,364.92049926364047,1.9792064605969397,1.794611701231747,0.011765619410223166,84.99340027360552,-0.5168334165188471,8.49599802494049,-7.395998001098633,1.100000023841858,-17.144119262695312,15.1000394821167,3,left,29.3532204041863,105.67159345507068
253.93898465201224,-506.1829833984375,370.4604797363281,18.224395751953125,-508.22318633197654,369.8247861940786,2.136945083449514,1.87284600386087,0.018155528687343353,55.07964087529567,-0.4792336658939522,8.096997380256653,-6.396997928619385,1.699999451637268,-18.080257415771484,15.900042533874512,3,left,27.15061205086122,97.74220338310039
259.0287258618464,-507.9927520751953,375.21754455566406,18.201217651367188,-510.059119744704,374.3172225593553,2.2539864779159955,1.9816972293680075,0.022247677380471675,44.948512282804366,-0.4322490017813596,8.096997261047363,-5.397997856140137,2.6989994049072266,-18.920106887817383,17.350021362304688,3,left,24.845982928675515,89.44553854323185
263.9857206388128,-510.2520751953125,379.6296691894531,18.180908203125,-512.2606804598405,378.4653310198982,2.321675791701302,2.0961368629032315,0.023467541843240014,42.61204717050742,-0.40536740264607296,8.096997261047363,-4.398997783660889,3.6979994773864746,-19.599475860595703,19.649986267089844,3,left,24.191607136355138,87.0897856908785
268.80902141702103,-512.9269866943359,383.6432342529297,18.16156005859375,-514.7971190253634,382.24990870771484,2.3321129926532755,2.2111162111014098,0.023776874117632518,42.05767314293082,-0.44961767741955594,8.096997499465942,-3.3999979496002197,4.696999549865723,-20.054170608520508,22.999935150146484,3,left,24.03372802843978,86.5214209023832
273.56109187296494,-515.9943237304688,387.272705078125,18.137924194335938,-517.6573817069936,385.71399333012414,2.2793297582050567,2.3238179472011864,0.021675153437967637,46.13577490290489,-0.5320538577550549,8.145998477935791,-2.4499988555908203,5.695999622344971,-20.220001220703125,27.649864196777344,3,left,25.17198308668778,90.61913911207601
278.38928782603455,-519.4783630371094,390.6151885986328,18.11053466796875,-520.9079810859821,388.99546617976404,2.160395445248124,2.41845669304406,0.018954230740745176,52.758669749141475,-0.5412817526792013,8.144999384880066,-1.4499996900558472,6.694999694824219,-18.25000762939453,27.649864196777344,3,left,26.918164319557693,96.9053915504077
283.3253463037599,-523.3372192382812,393.69305419921875,18.085128784179688,-524.5060145388966,392.0995534771991,1.9761900226996563,2.5087507381751246,0.01881590112969922,53.146537766484606,-0.5469040779350953,8.29399985074997,-0.6000000834465027,7.693999767303467,-15.600041389465332,26.664690017700195,3,left,27.016930796907697,97.26095086886771
288.325373205429,-527.5245971679688,396.4253234863281,18.05615234375,-528.4091118423257,394.9366353423226,1.7316346610227684,2.605480458160884,0.019873288116565385,50.31879949279504,-0.4260133713901437,8.750014498829842,-0.20000000298023224,8.55001449584961,-12.100028038024902,24.201751708984375,3,left,26.28836990446625,94.6381316560785
293.3520482745521,-531.9852752685547,398.74256896972656,18.042495727539062,-532.5882671317821,397.43999963600476,1.4353696584054467,2.708042461266282,0.020059319117985308,49.852140749054335,-0.1785716848177632,9.15001368522644,-0.8500001430511475,8.300013542175293,-12.100028038024902,20.99993324279785,3,left,26.166186215180694,94.1982703746505
298.4661149628775,-536.7412261962891,400.62261962890625,18.0382080078125,-537.1002130833186,399.58390755843556,1.0989969747003938,2.808836144825992,0.017985639387218144,55.59991382406289,-0.042364322179944125,9.150009512901306,-1.7499994039535522,7.400010108947754,-6.986963272094727,17.798112869262695,3,left,27.63347999184467,99.48052797064081
303.68954166377597,-541.7522888183594,402.0968780517578,18.0382080078125,-541.9329781729913,401.3833047854174,0.7360947284915345,2.893587902373326,0.014997141708480766,66.67937260568178,0.045191815023870596,9.050007104873657,-2.1999990940093994,6.850008010864258,-6.900008201599121,15.335176467895508,3,left,29.775654060081255,107.19235461629252
309.031336143693,-546.9803771972656,403.1931610107422,18.0430908203125,-547.0431230066922,402.83745642990993,0.3611963253213596,2.9669902167667273,0.011576341745265506,86.38307524127647,0.14316209316400652,8.95000672340393,-2.1999990940093994,6.750007629394531,-6.900008201599121,14.350001335144043,3,left,31.81755465055101,114.54319674198364
314.4694930598332,-552.3622131347656,403.9737243652344,18.053741455078125,-552.3608373503938,403.9847955512281,-0.01115634088513651,3.0179593313069177,0.004296082054496664,232.77022815551453,0.25550392774411623,9.050007939338684,-1.9999991655349731,7.050008773803711,-6.550006866455078,14.339553833007812,3,left,33.76970166250222,121.570925985008
319.8660472364688,-557.7169036865234,404.64439392089844,18.070724487304688,-557.6701530416982,405.0086870522398,-0.3672806942027612,3.0139577946166005,-0.0021478803064888807,465.5752915928031,0.3799641419186983,9.100009799003601,-1.6499994993209839,7.450010299682617,-6.050004959106445,14.310154914855957,3,left,32.72300680115193,117.80282448414695
325.0956677914753,-562.896728515625,405.3639831542969,18.093902587890625,-562.7955984317288,406.05175117895703,-0.6951633977805477,2.995597862390143,-0.0038420321910946353,260.2789227841138,0.5117298160199235,9.050011038780212,-1.3499997854232788,7.700011253356934,-5.650003433227539,14.264720916748047,3,left,30.784232778504673,110.82323800261683
330.01122391562893,-567.7520446777344,406.1306610107422,18.122222900390625,-567.5888490364022,407.10226923391434,-0.9852184309510075,2.97518153390835,-0.005292008060906517,188.96418684379344,0.5310065822410337,9.050011992454529,-1.149999976158142,7.900012016296387,-5.350002288818359,14.206167221069336,4,right,28.84332044640645,103.83595360706323
334.55495835158433,-572.2204895019531,406.95408630371094,18.144454956054688,-571.9816902493245,408.16161975262025,-1.2309192147703358,2.946353906778159,-0.006812217555853872,146.79507690424248,0.3589888305781219,9.000012040138245,-1.100000023841858,7.900012016296387,-5.2000017166137695,14.137408256530762,4,right,26.925071045662154,96.93025576438376
338.74726043734756,-576.3183135986328,407.8390350341797,18.154464721679688,-575.9986114808837,409.2319869654448,-1.429169173648953,2.9159857958016704,-0.009131150545975297,109.51522428252662,0.35461223544563936,9.100011944770813,-1.1999999284744263,7.900012016296387,-5.601301670074463,14.061361312866211,4,right,25.02510520470883,90.09037873695179
342.6048786500606,-580.0567779541016,408.7902374267578,18.172256469726562,-579.6390306431625,410.31429704554813,-1.5802754625140794,2.874061789799592,-0.011710039295591612,85.39680993013083,0.47159068745457056,8.993000149726868,-1.399999737739563,7.593000411987305,-6.701639652252197,13.980939865112305,4,right,23.1394063732549,83.30186294371764
346.2002911379305,-583.5005035400391,409.8234100341797,18.189559936523438,-582.981782369542,411.42917351953565,-1.6874679326210522,2.829137158664367,-0.02061515980856793,48.50799165691585,0.07579309965812797,8.343999743461609,-1.7499994039535522,6.594000339508057,-8.345674514770508,13.899062156677246,4,right,21.231621127276654,76.43383605819595
349.57257983854015,-586.6515655517578,411.02467346191406,18.179290771484375,-585.9553668186978,412.63679709034744,-1.7560282655092503,2.7339326871078593,-0.036641954778677654,27.291120412110512,-0.2992704064824103,7.9449992179870605,-2.349998950958252,5.595000267028809,-10.378063201904297,13.81864070892334,4,right,19.271340651990627,69.37682634716626
352.813851674498,-589.5094604492188,412.5537872314453,18.169754028320312,-588.568680329449,414.0792267345746,-1.7922145271873497,2.5889644076240614,-0.04654456169526061,21.484787128241983,0.03080833606285971,7.9449992179870605,-3.3489990234375,4.5960001945495605,-12.643465042114258,13.742593765258789,4,right,17.177661843780584,61.8395826376101
355.97602096860714,-592.0440063476562,414.4446258544922,18.180755615234375,-590.8755347214153,415.8167187178559,-1.8022110772669857,2.4361715620987696,-0.05013753709356483,19.945136079058624,0.6050164594617158,7.9449992179870605,-4.347999095916748,3.5970001220703125,-14.98653793334961,13.673834800720215,4,right,16.550725026710797,59.582610096158874
359.0646917337318,-594.1969757080078,416.6591033935547,18.207199096679688,-592.8327168761818,417.8199847277113,-1.7913256633589485,2.275826895805213,-0.05218197529581625,19.163705366289115,0.9904100203987021,7.9449992179870605,-5.346999168395996,2.5980000495910645,-17.25193977355957,13.615281105041504,4,right,16.22326506904867,58.40375424857521
362.1587445763183,-595.9635467529297,419.1990203857422,18.24200439453125,-594.4534336793868,420.1098721835754,-1.7635454325026867,2.1135419424492294,-0.04928957342333923,20.28826647394939,0.9617462194688287,7.94499933719635,-6.345999240875244,1.599000096321106,-19.28432846069336,13.569847106933594,4,right,16.69248488851258,60.092945598645294
365.31240343019624,-597.3536224365234,422.02967834472656,18.26708984375,-595.7663696183391,422.69601831437495,-1.7214472004638823,1.9682603145534856,-0.04832855373994038,20.691701336255083,0.6369650899966661,7.944999396800995,-7.344999313354492,0.6000000834465027,-20.928363800048828,13.540448188781738,4,right,16.857634061520237,60.68748262147285
368.45209466572715,-598.2872772216797,425.0272979736328,18.282135009765625,-596.6681179356021,425.4212346582833,-1.6663921822921948,1.8094564536798128,-0.052052113003213996,19.211515965514298,0.17372189013040717,8.943998992443085,-8.343998908996582,0.6000000834465027,-22.028701782226562,13.530000686645508,4,right,16.243489781151506,58.47656321214542
371.49516568188307,-598.714111328125,428.040283203125,18.278411865234375,-597.1198591619049,428.1615492585411,-1.5988575376479413,1.6467146741244678,-0.05637617330835187,17.737990028703393,-0.7081293360979846,9.60001665353775,-9.100016593933105,0.5000000596046448,-22.430002212524414,13.590466499328613,4,right,15.608124648855558,56.18924873588001
374.4361405918646,-598.6406860351562,430.9801025390625,18.240936279296875,-597.1292185892761,430.83132580459994,-1.5187719896919398,1.4726804084729446,-0.06408375413196493,15.604578938068185,-1.3147211529291436,9.100016213953495,-9.000016212463379,0.10000000149011612,-23.625186920166016,13.76430606842041,4,right,14.639442856045733,52.70199428176464
377.26111365415215,-598.0435638427734,433.74098205566406,18.20269775390625,-596.678339186602,433.32990791871276,-1.4257700753939215,1.278327310540187,-0.0693551359442463,14.418542857502104,-1.6886767645820644,9.25001460313797,-8.55001449584961,0.7000001072883606,-21.424816131591797,14.040181159973145,4,right,14.072109564842576,50.65959443343327
380.0180970653499,-596.9645843505859,436.27745056152344,18.147125244140625,-595.7974913244249,435.6621466416357,-1.3193578155841452,1.0856178771272327,-0.06529312845991114,15.315547341463088,-1.7244032575293389,9.350011467933655,-7.850011825561523,1.4999996423721313,-20.240001678466797,14.406755447387695,4,right,14.50323161187375,52.211633802745496
382.87985047739045,-595.3760833740234,438.6575012207031,18.106430053710938,-594.4276845096798,437.9239476085082,-1.1989834476975076,0.9124457840925084,-0.05273562187141455,18.96251460612911,-0.9788019033490691,9.450007438659668,-7.000008583068848,2.4499988555908203,-19.0297794342041,14.852690696716309,4,right,16.137880145811504,58.09636852492142
385.91964008412157,-593.3222198486328,440.89842224121094,18.090988159179688,-592.5759186465357,440.1398613667892,-1.0641334899603136,0.7772516353491482,-0.0406365688455939,24.60837684893337,-0.14351612285810056,9.250003337860107,-6.100005149841309,3.149998188018799,-18.97176742553711,15.366650581359863,4,right,18.220866667133443,65.5951200016804
389.17847850557393,-590.8401031494141,443.01007080078125,18.099044799804688,-590.2806907525651,442.28664083997023,-0.9144906439911873,0.6582332751758586,-0.031349249459557235,31.898690311232848,0.41009035942241034,9.0500009059906,-5.5500030517578125,3.499997854232788,-18.879941940307617,15.937295913696289,4,right,20.216974894779117,72.78110962120482
392.6566209854503,-587.9761657714844,444.98362731933594,18.119354248046875,-587.5723475710306,444.3513868248664,-0.750198095082102,0.5683973605165582,-0.021529879051633477,46.44707931715621,0.4780062309762467,8.950000524520874,-5.450002670288086,3.499997854232788,-18.758283615112305,16.55329132080078,4,right,22.149841092936484,79.73942793457134
396.3512562518099,-584.7899169921875,446.8539123535156,18.132858276367188,-584.5127168172279,446.35333194018597,-0.5722068570079524,0.5057234953808634,-0.01324573143493072,75.49601959789625,-0.062113208508707274,9.050001382827759,-5.650003433227539,3.3999979496002197,-18.610767364501953,17.203298568725586,4,right,24.03335085154604,86.52006306556575
400.25528029181976,-581.3324584960938,448.6669158935547,18.11279296875,-581.1593724251795,448.3256219825361,-0.3826752169175191,0.4693485869090602,-0.00543306564859708,184.05814777117942,-0.8352053090896039,9.100003242492676,-6.050004959106445,3.0499982833862305,-18.44137191772461,17.8759822845459,4,right,25.875051597079004,93.15018574948442
404.3667208971459,-577.6566314697266,450.5080871582031,18.064544677734375,-577.5737164997956,450.3423324145983,-0.18533625459192002,0.4638290564391931,0.0017780708419271804,562.4072879549275,-1.1243689874746554,9.150005578994751,-6.550006866455078,2.599998712539673,-18.25407600402832,18.560001373291016,4,right,27.682450266609344,99.65682095979363
408.65524509194967,-573.8442535400391,452.4715270996094,18.018524169921875,-573.8509031249454,452.48413268785174,0.014251941424322019,0.4854133173333688,0.005634572025190465,177.47576843978618,-1.0253782801925126,9.1000075340271,-6.950008392333984,2.1499991416931152,-18.0528564453125,19.244020462036133,5,left,28.906707883757278,104.06414838152621
412.93932746818456,-570.0865173339844,454.5284729003906,17.976638793945312,-570.1887667988682,454.7103615661136,0.20865866813411654,0.5121266844729317,0.005146523134949996,194.3059369944358,-0.9326706841418453,9.050008893013,-7.250009536743164,1.7999993562698364,-17.841691970825195,19.916702270507812,5,left,27.105964753367495,97.58147311212298
417.1308670892878,-566.4531555175781,456.6180419921875,17.93939208984375,-566.6494427333969,456.9536406729283,0.3887867611028684,0.5292326777096141,0.005333388484014642,187.49806112890963,-0.8506695356635952,9.050010085105896,-7.5000104904174805,1.5499995946884155,-17.624561309814453,20.56671142578125,5,left,25.21998644669633,90.79195120810678
421.0817809883777,-563.0696411132812,458.65777587890625,17.907196044921875,-563.3564924175187,459.12046773859197,0.5443963884543581,0.5549681743726088,0.011816763964926688,84.62553732714792,-0.7852539117219948,9.050010800361633,-7.65001106262207,1.399999737739563,-17.405441284179688,21.182706832885742,5,left,23.302948301263797,83.89061388454967
424.7299830233514,-560.0324554443359,460.67869567871094,17.879547119140625,-560.4166282818264,461.2214655555542,0.6649721108993448,0.615942094684463,0.024836710103716214,40.26298152307918,-0.7340675136033425,8.543000102043152,-7.193000316619873,1.3499997854232788,-17.188310623168945,21.753353118896484,5,left,21.380695283829123,76.97050302178485
428.14055722889464,-557.3762512207031,462.81785583496094,17.855270385742188,-557.8684099155182,463.37163729143947,0.7408738640426827,0.7265500449126859,0.036445603946422434,27.43815142890949,-0.691757866079179,7.793999791145325,-6.194000244140625,1.5999995470046997,-16.97714614868164,22.267311096191406,5,left,19.41225313364327,69.88411128111576
431.4683717827219,-555.0664520263672,465.2134094238281,17.832901000976562,-555.6463630084967,465.71178495860454,0.7646403866250427,0.860870292071227,0.042868970276391916,23.326895737234523,-0.649622634487157,7.4449992179870605,-5.195000171661377,2.2499990463256836,-16.77592658996582,22.713247299194336,5,left,17.898926952618666,64.4361370294272
434.72166729372805,-553.1671600341797,467.8546600341797,17.812484741210938,-553.7865766237621,468.2451550949138,0.7322317282853371,1.0083061386521552,0.04488956161124927,22.27689387257017,-0.5832707037058071,7.4449992179870605,-4.196000099182129,3.2489991188049316,-16.58863067626953,23.079822540283203,5,left,17.491451067475182,62.96922384291066
437.9868131137657,-551.6692504882812,470.7558898925781,17.794891357421875,-552.2579547619722,471.016903354349,0.6439726306975725,1.153470071162489,0.04078405354285933,24.519387190121147,-0.5014572063546385,7.4449992179870605,-3.197000026702881,4.24799919128418,-16.419235229492188,23.355697631835938,5,left,18.35072924079923,66.06262526687722
441.337680668094,-550.5378265380859,473.90992736816406,17.779373168945312,-551.0212460332353,474.0559253055248,0.5049849562155786,1.2774957293768725,0.0382202698543094,26.16412714540916,-0.4673721190121327,7.4449992179870605,-2.197999954223633,5.246999263763428,-16.271718978881836,23.5295352935791,5,left,18.956215925522937,68.24237733188258
444.73753020204384,-549.8091278076172,477.23072814941406,17.763336181640625,-550.1300349906303,477.28225026041065,0.3250168426881384,1.4116034334071375,0.04270957790367605,23.413951836642457,-0.629066281773083,7.44499933719635,-1.1990000009536743,6.245999336242676,-16.150060653686523,23.590002059936523,5,left,17.93229529436897,64.5562630597283
448.1012997936858,-549.5881500244141,480.5871276855469,17.7369384765625,-549.7058386564845,480.587676540767,0.11768991188999911,1.5661327392295137,0.04641386474636544,21.545286208434252,-0.9020471454515455,7.444999411702156,-0.20000000298023224,7.244999408721924,-16.05823516845703,23.197267532348633,5,left,17.201830158056904,61.926588569004856
451.4326970432157,-549.8757476806641,483.9059143066406,17.703018188476562,-549.7761840831043,483.9211172213225,-0.10071761799141483,1.7223214255679222,0.048356839810563323,20.6795978380199,-0.7960005447047003,7.094999507069588,-0.20000000298023224,6.8949995040893555,-16.00022315979004,22.161876678466797,5,left,16.852702949597294,60.66973061855026
454.7435194921795,-550.6748199462891,487.1188049316406,17.683975219726562,-550.3775779598916,487.21614554105355,-0.31277466764172146,1.8872690668820002,0.04903452188504265,20.393795260090773,-0.29367530101933603,7.094999432563782,-1.1990000009536743,5.895999431610107,-15.980001449584961,20.698047637939453,5,left,16.735841302488698,60.249028688959314
458.06237778706543,-552.0026550292969,490.16046142578125,17.68359375,-551.5570242643556,490.3905367848902,-0.5015191417395671,2.0473919998211487,0.04589613700757267,21.788326103240546,-0.01418260652124026,7.094999313354492,-2.197999954223633,4.896999359130859,-15.933595657348633,19.020000457763672,5,left,17.29858001981393,62.274888071330146
461.4049537910867,-553.7857055664062,492.9877471923828,17.683029174804688,-553.2558225312539,493.3677138302649,-0.6520357941444941,2.1928912845233413,0.042031828652354164,23.791494019235135,-0.10406821821367096,7.094999313354492,-3.197000026702881,3.8979992866516113,-15.811251640319824,17.341955184936523,5,left,18.076293283197618,65.07465581951142
464.8186211860312,-555.9966888427734,495.58863830566406,17.676437377929688,-555.4512070761874,496.1074638477962,-0.7528149180552662,2.331154116353755,0.03771276005377866,26.516224179137062,-0.28181328200700406,7.094999313354492,-4.196000099182129,2.8989992141723633,-15.638282775878906,15.87812614440918,5,left,19.083338881764597,68.70001997435256
468.3970995800379,-558.6487884521484,497.99107360839844,17.66302490234375,-558.1441334807039,498.60759660477,-0.7967290915102246,2.4556425672495674,0.030059595884788903,33.26724696608551,-0.45737624791195586,7.094999432563782,-5.195000171661377,1.8999992609024048,-15.440001487731934,14.842735290527344,5,left,21.17606002505571,76.23381609020055
472.1720309754626,-561.6978302001953,500.21661376953125,17.642471313476562,-561.2621932403824,500.8654140274656,-0.7814866188558273,2.5502857900764075,0.020642031205171163,48.444844892467934,-0.6136291896698953,7.244000315666199,-6.194000244140625,1.0500000715255737,-15.241720199584961,14.450000762939453,5,left,23.179786516675282,83.44723146003102
476.14454983734043,-565.0749206542969,502.30836486816406,17.615203857421875,-564.717578798538,502.92130468174986,-0.709498708212885,2.613769448814029,0.015043635612965234,66.47329314053302,-0.7383162764173612,7.693000376224518,-7.193000316619873,0.5000000596046448,-15.068751335144043,13.950035095214844,5,left,25.116358952736235,90.41889222985044
480.3062021151335,-568.7294006347656,504.2991027832031,17.58221435546875,-568.4638248041797,504.82282964419,-0.5872140552733274,2.6722903957395205,0.015234435592229423,65.64076456564408,-0.82179897895025,8.342000395059586,-8.192000389099121,0.15000000596046448,-14.946407318115234,13.75003433227539,5,left,26.99654474689406,97.18756108881861
484.63804392135995,-572.6702423095703,506.09722900390625,17.545303344726562,-572.505869243897,506.48816154047967,-0.42408342678129896,2.7435702871973544,0.013879687051218226,72.04773395177016,-0.8553542550952864,9.290999986231327,-9.190999984741211,0.10000000149011612,-14.900001525878906,13.90003490447998,5,left,28.82364154226265,103.76510955214555
489.13529096718054,-576.8693695068359,507.7069091796875,17.506683349609375,-576.7905493986136,507.9244400659083,-0.23137047331109356,2.793967224379533,0.00630525333422205,158.59790986865738,-0.831450229986963,10.05001711845398,-9.200016975402832,0.8500001430511475,-13.827591896057129,14.400036811828613,5,left,30.60531810329128,110.17914517184862
493.7916514621551,-581.2566223144531,509.26649475097656,17.469284057617188,-581.2495805367063,509.2862823058354,-0.021003189308463226,2.79969890701885,0.00040434745457257337,2473.1205518706124,-0.7456112751881738,9.800016164779663,-8.950016021728516,0.8500001430511475,-13.953224182128906,14.95003890991211,5,left,32.346790377057964,116.44844535740867
498.5873074420273,-585.7719573974609,510.88172912597656,17.436370849609375,-585.837869728069,510.6977633529561,0.195417094874564,2.7975553985979076,7.440278430048686e-05,13440.357231274427,-0.5797770335515873,9.60001540184021,-8.750015258789062,0.8500001430511475,-14.082484245300293,15.500041007995605,5,left,33.44879109338383,120.4156479361818
503.52423100453785,-590.4217376708984,512.5407104492188,17.413162231445312,-590.5579979919062,512.156754268465,0.4074177509880518,2.800572513454791,0.0015274307465385495,654.6941668328934,-0.36728965473411535,9.55001437664032,-8.500014305114746,1.0500000715255737,-14.213920593261719,16.000041961669922,5,left,31.66364946201061,113.9891380632382
508.54026735620465,-595.1598052978516,514.1872711181641,17.399978637695312,-595.3555073736144,513.6134662517973,0.6062601150694542,2.81290399904247,0.0030442975220933977,328.48300560069913,-0.07987313388804207,9.550013184547424,-8.25001335144043,1.2999998331069946,-14.346081733703613,16.300037384033203,5,left,29.740362092439995,107.06530353278399
513.4378783229889,-599.81103515625,515.7210998535156,17.404815673828125,-600.0513589215917,514.9733717537055,0.7853997857357758,2.8306154761652036,0.004114448329756937,243.0459492631605,0.2982087375015041,9.600012183189392,-8.050012588500977,1.5499995946884155,-14.477518081665039,16.450035095214844,6,left,27.734090660908155,99.84272637926937
517.9495993538078,-604.121826171875,517.0523529052734,17.426559448242188,-604.3911417397792,516.150990302131,0.9407366355464211,2.851248931953226,0.009155946821346184,109.2186334753058,0.7108923633160291,9.550011277198792,-7.850011825561523,1.699999451637268,-14.606778144836426,16.65003204345703,6,left,25.74792855431041,92.69254279551747
522.0425549618317,-608.0757293701172,518.1094818115234,17.464157104492188,-608.3259046373296,517.0684988627769,1.0706227925398264,2.905739451440294,0.016689951349883103,59.91629208715483,1.1772719364079087,8.943999409675598,-6.944000244140625,1.9999991655349731,-14.732410430908203,16.950027465820312,6,left,23.803177897132954,85.69144042967864
525.7992793270452,-611.7605895996094,518.8388366699219,17.517303466796875,-611.94963206047,517.6785655676202,1.1755705350358094,2.980082268210733,0.025273194531545418,39.567613771651345,1.708987179582655,8.344999074935913,-5.945000171661377,2.399998903274536,-14.852964401245117,17.65001678466797,6,left,21.866480273422443,78.7193289843208
529.3701472285746,-615.312744140625,519.1969604492188,17.58831787109375,-615.378933013949,517.9409631837975,1.2577400755710264,3.0889430930808963,0.03485163668261737,28.69305706089725,2.320510147981558,8.095998287200928,-4.946000099182129,3.149998188018799,-14.966988563537598,18.949996948242188,6,left,19.85120766286935,71.46434758632967
532.8487430979372,-618.7890167236328,519.1092071533203,17.680282592773438,-618.6790652999281,517.7935809199745,1.320212748553184,-3.05821296539729,0.04256709126120367,23.492326357554433,2.9976761061803803,8.095998525619507,-3.94700026512146,4.148998260498047,-15.07303237915039,22.219987869262695,6,left,17.96228298949364,64.66421876217711
536.2353621103672,-622.1224212646484,518.5220184326172,17.793472290039062,-621.7990524011526,517.1946064295776,1.3662320621666597,-2.902638495489752,0.04484009821398843,22.301467655751864,3.613583159141198,8.095998525619507,-2.948000192642212,5.147998332977295,-15.169644355773926,25.603713989257812,6,left,17.501095873804477,63.00394514569612
539.6350595150677,-625.3402557373047,517.4329681396484,17.925582885742188,-624.811620831739,516.1382796553919,1.3984538371533453,-2.7539426435076546,0.04158260165419597,24.04851933787296,4.187753328653088,8.095998525619507,-1.9490001201629639,6.146998405456543,-15.25537395477295,28.99984359741211,6,left,18.173672292256928,65.42522025212494
543.1050956710827,-628.4362640380859,515.8736267089844,18.081588745117188,-627.7261958180144,514.6457678064683,1.4183914698149254,-2.6172834494179362,0.041407625694070416,24.150141024463526,4.535709505508834,8.095998644828796,-0.9500001668930054,7.145998477935791,-15.328770637512207,28.99984359741211,6,left,18.21203000299478,65.56330801078121
546.555122567856,-631.2575225830078,513.8941650390625,18.23944091796875,-630.3673859544459,512.7800598652227,1.4260342057202386,-2.467480066016608,0.04681748973851041,21.35953904374833,4.421718850420087,8.694998621940613,-0.5500000715255737,8.144998550415039,-15.388382911682129,25.55443000793457,6,left,17.127519062223797,61.65906862400567
549.8862186358201,-633.6389312744141,511.5693359375,18.381790161132812,-632.5808448062133,510.6228054982893,1.4196713868152069,-2.3006022801193255,0.05333901603254898,18.748002388903682,4.119793558288309,8.649006485939026,-1.1999999284744263,7.4490065574646,-15.413671493530273,22.22737693786621,6,left,16.046341165798612,57.766828196875004
553.0828337865831,-635.5006866455078,508.97393798828125,18.508773803710938,-634.3101446947985,508.2450642992317,1.395939465373554,-2.1201527603455688,0.0583563986938308,17.13608143035934,3.5878830748815815,8.40000569820404,-1.949999213218689,6.450006484985352,-15.484070777893066,20.201292037963867,6,left,15.341021555442623,55.22767759959344
556.1407403320516,-636.8099517822266,506.2122497558594,18.60723876953125,-635.5489198458033,505.72990187572907,1.3501337052846651,-1.936128261302156,0.06283699863884562,15.914191028560733,2.9005493508769575,8.15000319480896,-2.2999989986419678,5.850004196166992,-15.591378211975098,20.178386688232422,6,left,14.783960889634859,53.22225920268549
559.0861721171073,-637.5492706298828,503.3621368408203,18.683609008789062,-636.2914027317025,503.1427025214357,1.2768645463776753,-1.7435077192792177,0.05943726305387331,16.824462443595536,2.32564298228346,8.00000262260437,-2.2999989986419678,5.700003623962402,-15.727392196655273,20.1142520904541,6,left,15.20089363163696,54.72321707389306
562.0875912630332,-637.7760772705078,500.36993408203125,18.7452392578125,-636.6050665837681,500.3552476643246,1.1711027791460213,-1.583337329128095,0.04548839384061798,21.98362957161766,1.8309812090661293,8.100003719329834,-2.1499991416931152,5.950004577636719,-15.883910179138184,20.01576042175293,6,left,17.37045133472422,62.53362480500719
565.2588399035486,-637.5965118408203,497.2041778564453,18.795852661132812,-636.5726523439215,497.31241364383783,1.0295645948954602,-1.465473986221096,0.037009241973349316,27.020277819256847,1.4102584548906894,8.15000593662262,-1.699999451637268,6.450006484985352,-16.052730560302734,19.889781951904297,6,left,19.26386502158052,69.34991407768987
568.6097882645931,-637.0006103515625,493.9068908691406,18.836532592773438,-636.1705191369799,494.1001855187005,0.852299387583805,-1.3420137805083632,0.034729811605986316,28.793706437141505,1.0773072743966772,8.094000220298767,-1.0500000715255737,7.044000148773193,-16.22565269470215,19.743188858032227,6,left,19.885994171971927,71.58957901909893
572.1124110442194,-635.9663543701172,490.56060791015625,18.8692626953125,-635.3597353789785,490.77702911039637,0.644068890976339,-1.2281064050070787,0.024900692668155533,40.15952541267491,0.9433066835949244,6.345000088214874,-0.30000001192092896,6.045000076293945,-16.394474029541016,19.582853317260742,6,left,21.861347509502274,78.70085103420818
575.7679031415465,-634.6054229736328,487.16807556152344,18.904083251953125,-634.2238456499266,487.33149680868496,0.415099696447253,-1.166152299258117,0.008037436215680094,124.41778362721156,0.8595985171401033,5.346000015735626,-0.30000001192092896,5.046000003814697,-16.550992965698242,19.415645599365234,6,left,23.74833511787073,85.49400642433463
579.5608737326912,-633.1097106933594,483.6825866699219,18.933029174804688,-632.9431869797254,483.7530036052646,0.1808001437652224,-1.1707360174236394,-0.006871832342178585,145.52159456250192,0.4181817090662232,5.3459999561309814,-1.2990000247955322,4.046999931335449,-16.6870059967041,19.24843978881836,7,right,25.55944288259435,92.01399437733966
583.3594474067168,-631.7179870605469,480.1481475830078,18.935791015625,-631.7552587638382,480.1344403517395,-0.03971231616617098,-1.2183836300397843,-0.0186953871764467,53.4891302630975,-0.15844342870714456,5.3460001945495605,-2.2980000972747803,3.0480000972747803,-16.794313430786133,19.088104248046875,7,right,24.190982153682345,87.08753575325645
587.0940307972578,-630.6103363037109,476.5816345214844,18.92138671875,-630.8288420852026,476.52350594181485,-0.22610552474386503,-1.3107906217669714,-0.027618432841558738,36.20770250567055,-0.4975680639314195,5.3460001945495605,-3.2970001697540283,2.0490000247955322,-16.86471176147461,18.941511154174805,7,right,22.29969924041307,80.27891726548705
590.7552123894671,-629.8971252441406,472.99066162109375,18.899154663085938,-630.2530283559252,472.9373921633081,-0.3598675591251887,-1.4222251784176394,-0.03222258490369234,31.034133449840375,-0.4923279137902803,5.346000075340271,-4.296000003814697,1.0500000715255737,-16.89000129699707,18.815532684326172,7,right,20.645163811413745,74.32258972108949
594.3439259663955,-629.6145477294922,469.4131164550781,18.885528564453125,-630.041621020362,469.40173156892286,-0.42722501261872575,-1.5441447176260925,-0.03346905417293555,29.87834657152161,-0.1735541514297445,5.79500013589859,-5.295000076293945,0.5000000596046448,-19.784379959106445,18.717041015625,7,right,20.257078067018398,72.92548104126624
597.8568820325289,-629.7617034912109,465.9032440185547,18.886520385742188,-630.1813444111673,465.9407715961182,-0.42131558335717745,-1.6599869010751267,-0.03559067233678481,28.097249485406543,0.3164002721748549,6.794000208377838,-6.294000148773193,0.5000000596046448,-20.119586944580078,18.65290641784668,7,right,19.644022613318626,70.71848140794705
601.2943383665662,-630.3231353759766,462.5120086669922,18.907089233398438,-630.6580523457355,462.5870178285478,-0.34321385599913656,-1.7911239515824289,-0.04179692509981048,23.925204966920745,0.8818974910459687,7.59300023317337,-7.293000221252441,0.30000001192092896,-20.240001678466797,18.630001068115234,7,right,18.127017543316096,65.25726315593795
604.6456216067891,-631.3313751220703,459.31622314453125,18.945907592773438,-631.5192285571359,459.38958603217947,-0.20167058870849958,-1.9431145907591627,-0.04284242878894762,23.341347077362183,1.9133290108483525,6.894999742507935,-6.444999694824219,0.4500000476837158,-21.178001403808594,18.914846420288086,7,right,17.904470412734696,64.4560934858449
608.021168182413,-632.8083953857422,456.2823181152344,19.036163330078125,-632.818611432832,456.2880110971618,-0.011695198218330809,-2.0791954098493446,-0.029354562395005557,34.06625472877572,3.1740751228766406,6.894999623298645,-5.445999622344971,1.4490000009536743,-20.494001388549805,19.695877075195312,7,right,20.001098203273305,72.00395353178389
611.5572236581519,-634.6445617675781,453.26319885253906,19.16693115234375,-634.4698808849703,453.15083829306,0.2076976313661164,-2.1423999184172016,-0.016021958902510014,62.414340598722866,3.905078369556847,6.8949995040893555,-4.446999549865723,2.447999954223633,-19.48600196838379,20.86282730102539,7,right,21.984012815174996,79.14244613462999
615.2873733542496,-636.7589111328125,450.1940155029297,19.32073974609375,-636.4049805187728,449.93915532193586,0.4361428566543961,-2.194875459425522,-0.00697888278344283,143.28941050170195,4.176458189297794,6.894999742507935,-3.4479997158050537,3.447000026702881,-18.262001037597656,22.30543327331543,7,right,23.89810586432954,86.03318111158634
619.2007397170479,-639.0568542480469,447.0307159423828,19.486358642578125,-638.5250493539969,446.64921786526884,0.6544900520077797,-2.193081656464621,0.009445923606088535,105.86577254927538,3.9861862469115383,6.894999742507935,-2.4489996433258057,4.446000099182129,-16.930002212524414,23.913434982299805,8,left,25.050413400684395,90.18148824246383
623.1361867327088,-641.2190856933594,443.7457733154297,19.633499145507812,-640.4969140081629,443.30346122641504,0.8468600397870005,-2.1203381463937343,0.023449151837901194,42.64546568305664,3.4744698192690215,6.894999861717224,-1.4499996900558472,5.445000171661377,-15.598001480102539,25.576568603515625,8,left,23.127192804326,83.2578940955736
626.9841365186388,-643.0225830078125,440.34889221191406,19.757247924804688,-642.1164024420052,439.92158190704373,1.0018768958785702,-2.0114267871176352,0.030913569776427674,32.34825376791404,2.9306619518906007,7.2440003752708435,-0.8000001311302185,6.444000244140625,-14.374001502990723,27.1845703125,8,left,21.077735107181972,75.8798463858551
630.73023111945,-644.3730316162109,436.85609436035156,19.85662841796875,-643.3149092955438,436.5109459374836,1.1129915899513403,-1.8861037389469406,0.03532362141057421,28.30966815029468,2.209910456172315,7.893000364303589,-0.4500000476837158,7.443000316619873,-13.36600112915039,28.627178192138672,8,left,19.718138410512974,70.98529827784671
634.372589540249,-645.2297973632812,433.3165283203125,19.921432495117188,-644.0708102520467,433.1055968481191,1.1780251312978527,-1.7508223282755748,0.03943413374066851,25.358741403483595,1.4011784860219034,8.792000412940979,-0.3500000238418579,8.442000389099121,-12.682001113891602,29.794126510620117,8,left,18.662179787887688,67.18384723639568
637.9048348222822,-645.5613098144531,429.80006408691406,19.957977294921875,-644.3637212278833,429.7606726138129,1.1982362500089754,-1.603676797444641,0.0437478398541562,22.85827147886015,0.6362699917188852,9.200015842914581,-0.30000001192092896,8.900015830993652,-12.430001258850098,30.575157165527344,8,left,17.718225094254368,63.785610339315724
641.3209942042877,-645.3595733642578,426.38987731933594,19.966552734375,-644.1912581601289,426.5348719664611,1.1772781591,-1.447321910726913,0.04641632937454909,21.544142190362816,-0.20625885926128795,9.450016796588898,-0.30000001192092896,9.150016784667969,-11.200800895690918,30.860002517700195,8,left,17.201373458024882,61.924944448889576
644.664990129196,-644.6451873779297,423.12315368652344,19.944686889648438,-643.5687820192692,423.4336214060248,1.1202850980912904,-1.2899876136052189,0.04657532363681671,21.47059691517684,-0.9787450146955923,9.550016820430756,-0.40000003576278687,9.150016784667969,-11.094400405883789,33.549774169921875,8,left,17.171988179387927,61.81915744579654
648.0334241571516,-643.4277191162109,419.9827423095703,19.90069580078125,-642.4911316259349,420.41919796695487,1.0332906985956998,-1.134711588005229,0.043349920982343915,23.06809279784598,-1.607767529988502,9.550016283988953,-0.5500000715255737,9.000016212463379,-10.937601089477539,33.549774169921875,8,left,17.79935915940843,64.07769297387034
651.4943800554621,-641.7220153808594,416.97203063964844,19.834320068359375,-640.9482174177125,417.4749680794038,0.9228810086234909,-0.9944494845837586,0.03634902472594215,27.511054492923,-2.2656711753525904,9.594997525215149,-0.7500001192092896,8.84499740600586,-10.747200965881348,30.0904541015625,8,left,19.438025167331286,69.97689060239263
655.120907455894,-639.5492401123047,414.0700225830078,19.738937377929688,-638.9364921840521,414.57811035381644,0.7959982452387442,-0.878505077474528,0.03231753902474821,30.94295018052635,-2.6830408584217924,8.995997786521912,-1.149999976158142,7.8459978103637695,-10.540000915527344,26.4661808013916,8,left,20.614812096629667,74.2133235478668
658.9008030229422,-636.9357299804688,411.34120178222656,19.63543701171875,-636.4836666177488,411.8216353448426,0.6596799921185931,-0.7549836379468053,0.03133956643272262,31.90854609130357,-2.7039827482532086,8.646997094154358,-1.7999993562698364,6.8469977378845215,-10.33280086517334,22.688701629638672,8,left,20.933990828744605,75.36236698348058
662.8402463065441,-633.8893890380859,408.8456115722656,19.530319213867188,-633.579667220393,409.26419808375965,0.520713233901098,-0.6370206198372386,0.027906145220143008,35.83440106511692,-2.7732977342922904,8.49799633026123,-2.649998664855957,5.847997665405273,-10.142400741577148,18.849998474121094,8,left,22.184446448543984,79.86400721475835
666.9559053240868,-630.4390716552734,406.6051025390625,19.411666870117188,-630.2440357904496,406.93726595219306,0.3851902407773305,-0.5309310805983662,0.023929763501177148,41.78896293525041,-3.129301279220975,8.49799633026123,-3.648998737335205,4.848997592926025,-9.985601425170898,18.767986297607422,8,left,23.956828190575003,86.24458148607002
671.241309536416,-626.6352996826172,404.63661193847656,19.266571044921875,-626.5261619187759,404.87047975206036,0.25807984370493997,-0.4366252315592944,0.02223658190245592,44.97094042540571,-3.446051251127935,8.49799633026123,-4.647998809814453,3.8499975204467773,-9.87920093536377,23.04993438720703,8,left,24.852180906361557,89.4678512629016
675.684764241512,-622.5114898681641,402.9891357421875,19.110671997070312,-622.4642585856329,403.12404672366733,0.1429397319620737,-0.3367569565674094,0.021696833219649325,46.08967538610054,-3.45014770918608,8.129998683929443,-5.080000400543213,3.0499982833862305,-9.840001106262207,23.04993438720703,8,left,25.15940384334861,90.573853836055
680.273825582031,-618.1064453125,401.7120819091797,18.955108642578125,-618.0964558195022,401.75274776059786,0.04187483064942382,-0.24087867137528723,0.020268603610320124,49.337389946825546,-3.196936512606241,8.450002431869507,-5.750003814697266,2.699998617172241,-7.360742568969727,22.59994125366211,8,left,26.030745543101567,93.71068395516565
684.9953285770267,-613.4708709716797,400.82664489746094,18.81353759765625,-613.477400599296,400.78291212415644,-0.04421754739593227,-0.14821254048197416,0.018064476044040934,55.357265694394584,-2.684246360294229,8.550002336502075,-5.750003814697266,2.7999985218048096,-7.099062919616699,22.74993896484375,8,left,27.573115294554864,99.26321506039751
689.8587679362377,-608.6343078613281,400.3291320800781,18.69873046875,-608.6421550776731,400.21421788225126,-0.11518182003489649,-0.06818176343584643,0.011127263349923977,89.86935678185708,-2.331304804002876,8.649999856948853,-5.250001907348633,3.3999979496002197,-6.72910213470459,23.449928283691406,8,left,29.576705416933738,106.47613950096145
694.8806218695735,-603.6200103759766,400.07916259765625,18.583175659179688,-603.6268404772202,399.90820997048763,-0.1710890148982433,-0.039931942756296995,0.0017764273724603097,562.9276014898509,-2.18894141958752,8.649996757507324,-4.44999885559082,4.199997901916504,-6.305000305175781,24.399913787841797,8,left,31.512156897402882,113.44376483065038
700.0696540845652,-598.437255859375,399.8477783203125,18.475601196289062,-598.4481268256515,399.63626607763405,-0.21179142265600734,-0.05135120819890763,-0.005200143619424447,192.30238108513632,-1.6743033936619023,8.649999141693115,-3.5499978065490723,5.100001335144043,-5.880898952484131,25.249900817871094,9,right,33.394409813564614,120.21987532883261
705.4129736194316,-593.1095428466797,399.4453125,18.4080810546875,-593.1321460304923,399.20969994339606,-0.2366942769648465,-0.09564101097379529,-0.009388908043370225,106.50865844895866,-1.2129039242313455,8.600002527236938,-2.7999985218048096,5.800004005432129,-5.5109381675720215,25.79989242553711,9,right,33.80684745927988,121.70465085340757
710.8900431902737,-587.6767425537109,398.7532653808594,18.344497680664062,-587.7141127292692,398.5113115565331,-0.24482275859769156,-0.153240803717171,-0.012636922206517354,79.13319269182973,-1.1159400295165378,8.550004720687866,-2.2999989986419678,6.250005722045898,-5.249258518218994,26.149887084960938,9,right,31.842594259248287,114.63333933329383
716.4813929330743,-582.1957702636719,397.6493835449219,18.28466796875,-582.2507498736046,397.4207617691475,-0.23513969011332375,-0.23600145728367097,-0.015565991578564753,64.24261473821278,-0.7942079420127923,8.24599838256836,-2.2499990463256836,5.995999336242676,-5.15000057220459,26.149887084960938,9,right,29.703670998962643,106.93321559626551
722.1075469515811,-576.7996673583984,396.05726623535156,18.255599975585938,-576.8663377855505,395.86128429578474,-0.2070117544803134,-0.3279057499468874,-0.015416691722705655,64.86475944298758,-0.4839183941025782,7.646997928619385,-2.649998664855957,4.996999263763428,-5.600003242492676,25.94989013671875,9,right,29.84715407187076,107.44975465873475
727.7279926358145,-571.5655059814453,394.00975036621094,18.230239868164062,-571.6294720232692,393.8623342462231,-0.16069588339117163,-0.40939729869574465,-0.015572360907697869,64.21633854540778,-0.5615154907684161,7.597996950149536,-3.5999977588653564,3.9979991912841797,-6.550006866455078,25.399898529052734,9,right,29.697595754246343,106.91134471528684
733.3062738260551,-566.5672302246094,391.5332489013672,18.19281005859375,-566.6142744843809,391.4475846996946,-0.09773186699153683,-0.5022062011911572,-0.017416523934542516,57.41673848113178,-0.5803882142791039,7.597996711730957,-4.598997592926025,2.9989991188049316,-8.150012969970703,24.549911499023438,9,right,28.08133697493522,101.0928131097668
738.821469503452,-561.8887939453125,388.6128234863281,18.165740966796875,-561.9007972102914,388.59537249271017,-0.02118054646156756,-0.6025093752224773,-0.017738607788440275,56.37420996768813,-0.3834393311706208,7.597996830940247,-5.597997665405273,1.9999991655349731,-10.450021743774414,23.39992904663086,9,right,27.82522955334293,100.17082639203454
744.3562840687651,-557.4988250732422,385.24205017089844,18.150482177734375,-557.4574783675821,385.291318383135,0.06431879045759564,-0.6982003857819593,-0.016644582205106284,60.079609549659736,0.002480728769849172,7.9469975233078,-6.5969977378845215,1.3499997854232788,-13.6000337600708,21.79995346069336,9,right,28.725134595942745,103.41048454539389
749.9778091596006,-553.3710479736328,381.4259338378906,18.16650390625,-553.2628196555032,381.53358118874183,0.15264770221148444,-0.7880893693055744,-0.014435580487401456,69.27327937194784,0.2099362769145241,8.545997858047485,-6.196998119354248,2.3489997386932373,-17.750015258789062,20.749969482421875,9,right,30.844759990869303,111.04113596712949
755.6808966919366,-549.5203552246094,377.2191162109375,18.17413330078125,-549.3409328314805,377.3731397114428,0.23646486813903242,-0.8614223155091586,-0.015026368450827776,66.5496792037541,0.21484966554317086,8.545997858047485,-5.197998046875,3.3479998111724854,-18.874401092529297,20.899967193603516,9,right,30.232322011125092,108.83635924005033
761.375750457935,-546.0536346435547,372.7010498046875,18.19097900390625,-545.8017559520226,372.87764538471276,0.3076180653543666,-0.9593233605700148,-0.01682649670198827,59.430077318580345,0.3276077536290556,8.545997619628906,-4.198997974395752,4.346999645233154,-18.72914695739746,21.849952697753906,9,right,28.56943614937793,102.84997013776055
767.0418004965718,-543.0433807373047,367.9008331298828,18.211334228515625,-542.732591096636,368.0780327717256,0.3577567802518048,-1.0526074791270905,-0.015623783630254351,64.00498263836494,0.36492451252416735,8.545997858047485,-3.199998140335083,5.345999717712402,-18.322437286376953,22.799938201904297,9,right,29.648683470860963,106.73526049509947
772.7477891552495,-540.4479827880859,362.81932067871094,18.23248291015625,-540.1039684459333,362.97870545821695,0.3791429486946366,-1.1369303063757308,-0.013625493357866059,73.39183791262101,0.37658381831298104,9.044998407363892,-2.699998617172241,6.34499979019165,-17.697847366333008,23.499927520751953,9,right,31.74844093639776,114.29438737103193
778.5501718176394,-538.2176971435547,357.4627380371094,18.254684448242188,-537.8757623742464,357.59207045912547,0.36557661556300863,-1.209190659193349,-0.010246129187523434,97.5978324787946,0.38809395153562853,9.493999004364014,-2.1499991416931152,7.343999862670898,-16.898950576782227,23.84992218017578,9,right,33.83156513221408,121.79363447597069
784.4612410994985,-536.2730102539062,351.8807678222656,18.2779541015625,-535.9750626654223,351.9776340315709,0.31329830511600293,-1.2564635166275313,-0.0063381412654743285,157.77496242428148,0.3970886087989456,9.75001084804535,-1.949999213218689,7.80001163482666,-16.755538940429688,24.04991912841797,9,right,35.82938758152775,128.9857952934999
790.4873309409094,-534.5040740966797,346.1202087402344,18.302093505859375,-534.2914371819422,346.1828137549667,0.22166155593314138,-1.2844646615461914,-0.002505955872046828,399.0493253112293,0.40498309516920905,9.75001084804535,-1.949999213218689,7.80001163482666,-16.38568878173828,24.04991912841797,10,straight,37.75742673559088,135.92673624812718
796.6138324389123,-532.7861633300781,340.2395477294922,18.327178955078125,-532.6965243358235,340.26574285859084,0.09338808317706554,-1.2864838907945584,0.0008976766440550454,1113.9868755888897,0.41328116923193825,9.700010657310486,-1.949999213218689,7.750011444091797,-15.879976272583008,23.949920654296875,10,straight,37.381628710646,134.5738633583256
802.7124174164977,-531.0304260253906,334.3992156982422,18.352615356445312,-531.0932278339624,334.379978753344,-0.06568201587120337,-1.273558852817771,0.0010063444633288676,993.6955351173882,0.4202707657189553,9.400010704994202,-1.699999451637268,7.700011253356934,-15.328975677490234,23.899921417236328,10,straight,35.40905364943154,127.47259313795355
808.6985053442538,-529.27783203125,328.6754913330078,18.377960205078125,-529.5143226511059,328.6031847785773,-0.24729749512162474,-1.274074437049951,-0.0005703653054557334,1753.2623222953223,0.4274080127625757,8.550011396408081,-0.8500001430511475,7.700011253356934,-14.823262214660645,23.899921417236328,10,straight,33.35962569000485,120.09465248401746
814.3498328032181,-527.6427307128906,323.26593017578125,18.402328491210938,-528.0659700523687,323.1392082632122,-0.4418031027584499,-1.2798812906831498,-0.0007718410853984059,1295.6034848596119,0.42022829262187145,8.550011217594147,-0.9000001549720764,7.65001106262207,-14.453413009643555,23.899921417236328,10,straight,31.30191323998226,112.68688766393613
819.5777062120743,-526.1518707275391,318.25518798828125,18.42376708984375,-526.7647517505892,318.0735529396195,-0.6392295669924877,-1.282679875493583,-0.0011826601570831263,845.5514409704701,0.4290074399698751,8.550011038780212,-0.9500001668930054,7.600010871887207,-14.310001373291016,23.84992218017578,10,straight,29.269860282298335,105.371497016274
824.4428174135576,-524.7877044677734,313.5852966308594,18.44549560546875,-525.5857698225286,313.3563003347002,-0.8302696032705951,-1.2913644952026435,-0.0064332794659812675,155.44171604668043,0.48221819354430373,8.343999981880188,-1.0000001192092896,7.343999862670898,-12.520000457763672,23.749923706054688,11,right,27.24299070986046,98.07476655549766
828.9310487560361,-523.6510620117188,309.2434387207031,18.468612670898438,-524.631237215413,309.01258059997605,-1.00699498600668,-1.3394846231673825,-0.016765943643931247,59.64471915435366,0.5057283760558029,7.544999718666077,-1.1999999284744263,6.34499979019165,-11.500000953674316,23.599925994873047,11,right,25.22914235740541,90.82491248665949
833.1310843719765,-522.9005584716797,305.1110534667969,18.489486694335938,-524.0529186811818,304.9520240570928,-1.1632817395603858,-1.4336593236986772,-0.025545735252097135,39.145477322595625,0.4503390359651416,7.04599916934967,-1.699999451637268,5.345999717712402,-11.69923210144043,23.39992904663086,11,right,23.186720025664005,83.47219209239042
837.1900675699077,-522.6085357666016,301.0626220703125,18.505935668945312,-523.9031850184066,301.0351774553786,-1.294940111390502,-1.549601006889954,-0.028928418376646614,34.568084123371285,0.38116234506944124,7.0469982624053955,-2.699998617172241,4.346999645233154,-12.253847122192383,23.186216354370117,11,right,21.78894369514918,78.44019730253704
841.149075579799,-522.7829437255859,297.10748291015625,18.520095825195312,-524.176273136918,297.2398817229365,-1.399605763816582,-1.6655352028316468,-0.031399854163609686,31.847281671738862,0.3738863409704418,7.046998500823975,-3.6989986896514893,3.3479998111724854,-13.099231719970703,22.591285705566406,11,right,20.91388453825978,75.2899843377352
845.0097734918708,-523.4288177490234,293.3012237548828,18.535140991210938,-524.8684225952052,293.6290952691528,-1.476469384382724,-1.794727709680533,-0.03452273241215942,28.96642096752994,0.35680310574779384,7.0469982624053955,-4.697998523712158,2.3489997386932373,-14.170770645141602,21.684450149536133,11,right,19.945546509636085,71.80396743468991
848.7892415167626,-524.5514373779297,289.6923522949219,18.547409057617188,-525.9804509402001,290.22751097763603,-1.5259340014683107,-1.9291243364866815,-0.03493158783743511,28.627384608275115,0.3517604550168585,7.046998381614685,-5.696998596191406,1.3499997854232788,-15.403847694396973,20.53502082824707,11,right,19.828477001778285,71.38251720640183
852.5628490697026,-526.1332244873047,286.26629638671875,18.56170654296875,-527.5018281772227,286.99239468328216,-1.5492884806677116,-2.0585759886508916,-0.03094875311787415,32.311479438002294,0.36769787118080544,7.245998740196228,-6.695998668670654,0.5500000715255737,-16.733848571777344,19.212310791015625,11,right,21.06575084352617,75.83670303669422
856.3466812067244,-528.1060943603516,283.0375213623047,18.5751953125,-529.3909183730025,283.90179397156805,-1.5484637182082157,-2.1629489568260354,-0.028821020047182455,34.69689824867111,0.353477350917375,7.894998744130135,-7.694998741149902,0.20000000298023224,-18.096155166625977,17.785633087158203,11,right,21.829502984430246,78.58621074394888
860.1125676889418,-530.4056549072266,280.05528259277344,18.588394165039062,-531.5674739618657,281.04449478136826,-1.525897856931226,-2.276122284904701,-0.033491428248558,29.858386228812318,0.3111855050957235,8.893998339772224,-8.693998336791992,0.20000000298023224,-19.42615509033203,16.324296951293945,11,right,20.25031052765632,72.90111789956276
863.7933701859,-533.00390625,277.4481201171875,18.598434448242188,-533.9936611595467,278.55448950217874,-1.48447566400321,-2.411770578204381,-0.03960659044153236,25.248323292968372,0.25541851308545915,9.792997933924198,-9.692997932434082,0.10000000149011612,-20.65923309326172,14.897619247436523,11,right,18.621505634766155,67.03742028515816
867.3688598328083,-535.865234375,275.30409240722656,18.606964111328125,-536.645908609435,276.4991843012107,-1.4274792101383293,-2.5629475779146738,-0.0444055575645923,22.519703722791917,0.21612536097888047,9.74700552225113,-9.247005462646484,0.5000000596046448,-21.730770111083984,13.574909210205078,11,right,17.586517873894884,63.31146434602159
870.8478927245467,-538.9423675537109,273.6808624267578,18.613723754882812,-539.4925452808405,274.92297030876773,-1.3585019403669156,-2.724626349065805,-0.04558684841641264,21.93615120890809,0.18543080267088285,9.298005938529968,-8.248005867004395,1.0500000715255737,-22.576156616210938,12.425480842590332,11,right,17.357162806839824,62.485786104623365
874.285356178882,-542.1943511962891,272.5669860839844,18.619796752929688,-542.5277843992902,273.80409254455805,-1.281253330008045,-2.87832202669909,-0.043217259747016845,23.138903434733084,0.1594710878695338,9.049005150794983,-7.2490057945251465,1.7999993562698364,-23.13077163696289,11.518644332885742,11,right,17.826656999354203,64.17596519767513
877.6922921739622,-545.5451354980469,271.9510040283203,18.624649047851562,-545.6899918255202,273.14152796611836,-1.1993042158181542,-3.0205133905606796,-0.04500857247631285,22.217989706878193,0.1604112860727369,8.900004386901855,-6.250005722045898,2.649998664855957,-23.330001831054688,10.923713684082031,11,right,17.468310468796492,62.88591768766737
881.0110425925571,-548.8626556396484,271.86083984375,18.63055419921875,-548.8192907050891,272.97582699176587,-1.115830120488743,3.1027194798707547,-0.051418428321533205,19.448280171979047,0.21574711218588227,8.600000858306885,-5.450002670288086,3.149998188018799,-23.61817741394043,10.710000991821289,11,right,16.343276289714993,58.83579464297397
884.2273184227872,-552.0465087890625,272.31629943847656,18.638671875,-551.8267441311152,273.32609449006577,-1.0334324124473215,2.9273012575821338,-0.05421587681262241,18.444781469755412,0.28542285950257096,8.500000476837158,-5.350002288818359,3.149998188018799,-24.425067901611328,10.972254753112793,11,right,15.916049406357748,57.2977778628879
887.3947320477741,-555.0592956542969,273.29380798339844,18.64874267578125,-554.7009744889061,274.1780617493812,-0.9540957919526147,2.7565906480683293,-0.051163163214327845,19.545312235893142,0.32677221812358326,8.80000352859497,-6.050004959106445,2.7499985694885254,-25.664222717285156,11.691338539123535,11,right,16.383995796134606,58.98238486608458
890.5638067920651,-557.8780670166016,274.7420654296875,18.659378051757812,-557.4271425065391,275.4969258892033,-0.8792879091147834,2.6031155501249787,-0.0456640637208342,21.899058439333565,0.30088981596190223,8.949004292488098,-7.049005031585693,1.8999992609024048,-27.249187469482422,12.76573371887207,11,right,17.342481616130005,62.43293381806802
893.8267277581272,-560.5286254882812,276.6449890136719,18.66802978515625,-560.0203479803865,277.2758675152928,-0.8101565952574845,2.4634062263519536,-0.04173961415370636,23.95805568104905,0.22789291908864584,9.248005032539368,-8.048005104064941,1.1999999284744263,-29.093509674072266,14.093923568725586,11,right,18.139458005230686,65.30204881883047
897.2441717109299,-563.0031585693359,279.00201416015625,18.674484252929688,-562.4579967730385,279.51379315433167,-0.7477426850336657,2.3246206229718656,-0.038485094295147126,25.984086003034623,0.1228306864860862,9.846000611782074,-9.046000480651855,0.8000001311302185,-31.110736846923828,15.574389457702637,11,right,18.890882381870824,68.00717657473497
900.8119475779126,-565.2415466308594,281.78025817871094,18.676406860351562,-564.6792258938905,282.1854820378902,-0.693116864080918,2.195232605406331,-0.03544714454623782,28.211017073479194,-0.0306371487722501,8.897001028060913,-8.047000885009766,0.8500001430511475,-33.21441650390625,17.105613708496094,11,right,19.683752398543405,70.86150863475626
904.5204930331149,-567.1798095703125,284.9419708251953,18.672012329101562,-566.610488768863,285.2501406965866,-0.6473753506246772,2.0669308214585054,-0.033523127866058655,29.830152007160272,-0.18277013542555842,8.498000979423523,-7.048001289367676,1.4499996900558472,-35.31809616088867,18.586078643798828,11,right,20.240733871733486,72.86664193824055
908.3341905382752,-568.7534942626953,288.41583251953125,18.662521362304688,-568.1839286502515,288.63838316246085,-0.6115012473796378,1.9432923753322608,-0.031602408371329965,31.643157959670265,-0.32550290024131456,8.498000860214233,-6.049001216888428,2.4489996433258057,-37.335323333740234,19.914268493652344,11,right,20.846753498281487,75.04831259381335
912.2460014933669,-569.9196319580078,292.1497497558594,18.646713256835938,-569.3520505993044,292.2959790013287,-0.5861156805426966,1.8229485606048275,-0.03027609501593226,33.0293586234872,-0.418901044863329,8.498000860214233,-5.05000114440918,3.4479997158050537,-39.17964553833008,20.988664627075195,11,right,21.298479085018563,76.67452470606683
916.2671763995942,-570.6508941650391,296.1038360595703,18.629257202148438,-570.0846974095844,296.1792557425848,-0.5711977717686247,1.7032208007529175,-0.02877774708781486,34.749071807063814,-0.4372023757023502,8.596997261047363,-4.149997711181641,4.446999549865723,-40.764610290527344,21.707746505737305,11,right,21.845909278357226,78.64527340208602
920.4007436711896,-570.9276428222656,300.22808837890625,18.611053466796875,-570.3618770568976,300.2381058962704,-0.5658544441079172,1.588500598281562,-0.02602933534679583,38.41819188529908,-0.4399642650894986,8.399997234344482,-3.749997615814209,4.649999618530273,-42.00376510620117,21.970001220703125,11,right,22.970316657649665,82.6931399675388
924.6500134663808,-570.7503662109375,304.47361755371094,18.592376708984375,-570.1842296512203,304.4251683305731,-0.5682058882756336,1.4854256449494112,-0.02000700952343082,49.982482330948535,-0.43804202554329486,8.549997091293335,-3.8999974727630615,4.649999618530273,-42.81065368652344,23.749923706054688,11,right,25.053547760959482,90.19277193945413
929.0335533851941,-570.1922607421875,308.8214416503906,18.5732421875,-569.6236411482837,308.73326090363946,-0.5754164462968799,1.4169432438360827,-0.00552326482661139,181.0523361440041,-0.43602248761120954,8.649996757507324,-4.44999885559082,4.199997901916504,-43.09883117675781,22.44994354248047,11,right,27.03490927040848,97.32567337347054
933.5706938015608,-569.5360717773438,313.3108367919922,18.553482055664062,-568.9572346052325,313.2342866948578,-0.5838770325924753,1.4393112554084542,0.010844434988642238,92.21319515929927,-0.4371959607391229,8.649998903274536,-5.05000114440918,3.5999977588653564,-39.69968032836914,20.04998016357422,12,left,28.157289314350727,101.36624153166262
938.2360780468802,-569.1282043457031,317.95831298828125,18.533004760742188,-568.5394976188035,317.9273665492427,-0.5895195436846016,1.5182778480117087,0.020108606538224216,49.72995011360492,-0.43938353676511444,8.450000047683716,-5.250001907348633,3.199998140335083,-39.39968490600586,17.550018310546875,12,left,26.134099082620967,94.08275669743549
942.9020313465619,-569.1711578369141,322.6240234375,18.512481689453125,-568.5838654958776,322.65703975526253,-0.5882196622679916,1.626955072876501,0.023555550586106505,42.45283914483486,-0.43778620214121045,8.549999952316284,-5.250001907348633,3.2999980449676514,-39.299686431884766,15.600041389465332,12,left,24.14637224957741,86.92694009847868
947.5595591282222,-569.7176971435547,327.24932861328125,18.4921875,-569.1494844938192,327.3451687928229,-0.5762386270756346,1.7378931333796124,0.023273072503164793,42.96811260584587,-0.4286387038359374,8.64899492263794,-4.698997497558594,3.9499974250793457,-39.149688720703125,14.450037002563477,12,left,24.292469173155023,87.45288902335808
952.2181286461582,-570.7593688964844,331.78990173339844,18.472549438476562,-570.2291164839618,331.93835131633534,-0.5506404449913265,1.8437681430426274,0.022382805173546017,44.677152494803856,-0.39917528982431616,8.648995161056519,-3.699997663497925,4.948997497558594,-38.849693298339844,14.000035285949707,12,left,24.770870238318963,89.17513285794827
956.9137567029245,-572.2857055664062,336.2304992675781,18.454864501953125,-571.8117730712783,336.4178427460547,-0.5096171002487437,1.9472407078548046,0.022756396724423367,43.94368810272793,-0.21333166636579026,8.550001621246338,-2.949998378753662,5.600003242492676,-38.349700927734375,14.20003604888916,12,left,24.56669722211078,88.4401099995988
961.66218435719,-574.3049163818359,340.52821350097656,18.45257568359375,-573.9050882109831,340.7404310548989,-0.452657548705803,2.0587573291771757,0.02296922442000357,43.53651571835896,0.11285784860641801,8.350001811981201,-2.7499985694885254,5.600003242492676,-37.94970703125,15.050039291381836,12,left,24.452617587406507,88.02942331466343
966.4546214091978,-576.8020324707031,344.61865234375,18.465774536132812,-576.4870123696196,344.83211518182605,-0.3805312698401525,2.166341365894356,0.022337305800339713,44.768156416822286,0.34492914111039497,8.199999332427979,-3.149998188018799,5.05000114440918,-37.14971923828125,16.700031280517578,12,left,24.796085582781757,89.26590809801432
971.2480444438099,-579.7205810546875,348.4210968017578,18.485641479492188,-579.4952805341695,348.6116684972638,-0.2950896400649764,2.272879397580532,0.022611505628651718,44.22527258569062,0.45871326629092213,8.099996089935303,-3.749997615814209,4.349998474121094,-37.00412368774414,19.199993133544922,12,left,24.64528136767513,88.72301292363046
976.0302558971598,-583.0291748046875,351.8739471435547,18.509689331054688,-582.892302515604,352.01831853332067,-0.1989399952294557,2.382852242120128,0.02229957381181008,44.84390636516963,0.5444333410943081,7.999995708465576,-3.749997615814209,4.249998092651367,-36.584720611572266,19.199993133544922,12,left,24.817054821618935,89.34139735782817
980.8523574927228,-586.7171936035156,354.98045349121094,18.5379638671875,-586.6593136159263,355.05586877596403,-0.09506607248506402,2.4869956739253163,0.0217297720686572,46.01981083098381,0.7341912002308604,8.14999771118164,-3.449997901916504,4.699999809265137,-35.9175910949707,17.250022888183594,12,left,25.140327801218735,90.50518008438745
985.7315522021601,-590.7539367675781,357.7207794189453,18.581085205078125,-590.7609816525676,357.70923505507227,0.013524154012296223,2.59367443809384,0.022436208924599133,44.57080977275072,1.2742258658810401,8.398998498916626,-2.699998617172241,5.698999881744385,-35.028804779052734,14.600037574768066,12,left,24.741372262244436,89.06894014407997
990.6507758737048,-595.1092834472656,360.00616455078125,18.663131713867188,-595.161531861661,359.89364170271847,0.12406163042214047,2.706881032781726,0.02207690888290942,45.296196369870344,1.910324806138397,8.097996711730957,-2.8499984741210938,5.247998237609863,-33.94444274902344,12.800030708312988,12,left,24.94189168735602,89.79081007448167
995.5972190237088,-599.7146911621094,361.80787658691406,18.769683837890625,-599.790606151069,361.58636295513526,0.23416100147671964,2.811426759218333,0.020930005617648906,47.77829582409502,2.1609735484040105,8.097996711730957,-3.848998546600342,4.248998165130615,-32.690582275390625,11.75002670288086,12,left,25.616149493007743,92.21813817482787
1000.5721066038113,-604.5027770996094,363.1540222167969,18.877532958984375,-604.5797342242284,362.8209533188169,0.3418439553820265,2.9145228146993865,0.020417123543925553,48.9784958125268,2.258001287446665,8.097996711730957,-4.84799861907959,3.249998092651367,-31.29330062866211,11.400025367736816,12,left,25.935895232076394,93.36922283547501
1005.5809578958235,-609.437744140625,364.0030517578125,18.99517822265625,-609.4938793389937,363.56112645611864,0.44547629877818523,3.0152451208717954,0.019420032765590067,51.493218990437455,2.4724857919883325,8.300002098083496,-5.650003433227539,2.649998664855957,-29.77867317199707,11.650026321411133,12,left,26.593380184073403,95.73616866266426
1010.6669658813984,-614.5083770751953,364.37547302246094,19.1273193359375,-614.5253008107671,363.8320793250496,0.5436571743406601,3.1104581981596873,0.01786189899977475,55.98508870823929,2.7377458403085475,8.550004243850708,-6.150005340576172,2.399998903274536,-28.172775268554688,15.944896697998047,12,left,27.72903186768262,99.82451472365744
1015.8486197723803,-619.6870574951172,364.2830810546875,19.27655029296875,-619.6509482321429,363.6490072511918,0.635101147182159,-3.084706052245842,0.014786049708816251,67.6313159831828,2.958964038984968,8.600005388259888,-6.400006294250488,2.1999990940093994,-26.501686096191406,21.123401641845703,12,left,29.84788212802102,107.45237566087567
1021.0369370003667,-624.8499603271484,363.7949981689453,19.434173583984375,-624.7623916444721,363.0817734237834,0.7185804139391824,-3.019425551559718,0.009944042541589482,100.56272344146241,3.1558197690130463,8.750005722045898,-6.500006675720215,2.2499990463256836,-24.791481018066406,26.308324813842773,12,left,28.84129469131018,103.82866088871664
1026.1185739876412,-629.8764038085938,363.0668029785156,19.60040283203125,-629.7504147637732,362.2839550826819,0.7929212239725163,-2.98202409666751,0.0068505020583518594,145.97470250824023,3.4426166164707173,8.950006008148193,-6.600007057189941,2.349998950958252,-23.068239212036133,31.386241912841797,12,left,26.686667424813585,96.07200272932891
1030.8549527742045,-634.5369567871094,362.2401123046875,19.771026611328125,-634.3752897746818,361.39843221211646,0.8570656924283035,-2.951827269591515,0.009180090879660319,108.93138348070492,3.652066866281123,9.05000638961792,-6.700007438659668,2.349998950958252,-21.358034133911133,36.11854553222656,12,left,24.5084662125511,88.23047836518396
1035.1085686630754,-638.6883239746094,361.3265075683594,19.928268432617188,-638.472394488872,360.44233375027096,0.9101587133043308,-2.9020650211016297,0.016978486131113413,58.898066192572976,3.7113010469815855,9.050007104873657,-6.850008010864258,2.1999990940093994,-19.68694496154785,40.368255615234375,12,left,22.372254772467244,80.54011718088208
1038.8938409930327,-642.3192138671875,360.2658233642578,20.069244384765625,-642.0184450609329,359.3630048791645,0.951600279446101,-2.820012264750836,0.028663251420273594,34.88787734990516,3.842201975223647,9.050007104873657,-6.850008010864258,2.1999990940093994,-18.08104705810547,44.14990234375,12,left,20.28293203330499,73.01855531989797
1042.2971518243617,-645.4688873291016,358.98362731933594,20.20361328125,-645.0505799038897,358.09625713324345,0.9810234192684743,-2.7010846572162337,0.041458656239007796,24.120415148890324,4.098718182505223,8.844998598098755,-6.34499979019165,2.4999988079071045,-16.56641960144043,47.549560546875,12,left,18.200818158941637,65.5229453721899
1045.4893252997256,-648.2246398925781,357.378173828125,20.338958740234375,-647.6673722955422,356.55010396085066,0.9981216758461229,-2.5492377109501265,0.053288164781560954,18.765893028953123,4.1343552421630125,8.495997905731201,-5.345999717712402,3.149998188018799,-15.169136047363281,45.65107345581055,12,left,16.05399560419904,57.79438417511655
1048.5434591461078,-650.5651245117188,355.41993713378906,20.462142944335938,-649.866025322517,354.7015865913621,1.0023807550765014,-2.3697753383956055,0.06030105860490553,16.58345679388536,4.04019425178177,8.495997905731201,-4.346999645233154,4.148998260498047,-13.915276527404785,42.600425720214844,12,left,15.091626672006617,54.329856019223826
1051.4958236634177,-652.4470672607422,353.1482696533203,20.581619262695312,-651.6370811982225,352.57421980272653,0.9927792566542001,-2.1873478439795573,0.05962218033134703,16.772281631475977,3.416457496619918,8.49599814414978,-3.3479998111724854,5.147998332977295,-12.830915451049805,39.6514778137207,12,left,15.177302656489758,54.63828956336313
1054.3899562277347,-653.8730926513672,350.6311492919922,20.662612915039062,-653.0019024444421,350.2101573182772,0.9675777067371094,-2.020944417410551,0.05910436949665698,16.919222868227386,2.528352526939326,8.49599814414978,-2.3489997386932373,6.146998405456543,-11.942131042480469,36.75947952270508,12,left,15.243641522688565,54.877109481678836
1057.2940364009019,-654.8528900146484,347.89813232421875,20.728164672851562,-653.9629890470485,347.64818151877637,0.9243371339920414,-1.8446160984626239,0.058380016613349794,17.129148945314437,2.1629777795977745,8.49599826335907,-1.3499997854232788,7.145998477935791,-11.274998664855957,33.857139587402344,12,left,15.337918099108121,55.21650515678924
1060.2164866867477,-655.3583221435547,345.0203552246094,20.788604736328125,-654.503258139138,344.92584661478367,0.8602710787770731,-1.6808776215583296,0.05447207297130818,18.358030922133718,1.1820443200144304,8.894998669624329,-0.7500001192092896,8.144998550415039,-10.855596542358398,30.93631362915039,12,left,15.878576658018957,57.16287596886825
1063.1410997207063,-655.4105834960938,342.0962219238281,20.7972412109375,-654.6383940920218,342.13074257548317,0.772960640105121,-1.5261211704446058,0.059097728618223266,16.921124100387875,-0.4047959648942001,9.150013864040375,-0.8000001311302185,8.350013732910156,-10.710000991821289,28.012712478637695,12,left,15.24449797122644,54.880192696415186
1065.9890843774504,-654.9696655273438,339.2827453613281,20.76629638671875,-654.3257514630274,339.43360255490114,0.6613495407704119,-1.3406653127555517,0.06993078262488572,14.299854262522407,-1.3473852589767965,9.05001151561737,-1.2499998807907104,7.80001163482666,-10.959097862243652,25.165895462036133,12,left,14.014071444140804,50.450657198906896
1068.7347779777422,-654.02197265625,336.70616149902344,20.722396850585938,-653.5442280073959,336.9280925315283,0.5267763592810559,-1.1359177433850405,0.0738927685219255,13.533124012037517,-1.8733356844036653,8.600009083747864,-1.399999737739563,7.200009346008301,-11.647778511047363,22.421552658081055,12,left,13.633192039332654,49.07949134159755
1071.428816325935,-652.6093597412109,334.41290283203125,20.6646728515625,-652.3078342591771,334.6337473179271,0.3737511247693761,-0.9386391074355943,0.06578486163330399,15.201065642946398,-2.2857066164926554,8.500008702278137,-1.399999737739563,7.100008964538574,-12.688125610351562,21.44817543029785,12,left,14.448925065215953,52.01613023477743
1074.191505962609,-650.7672424316406,332.3551025390625,20.59747314453125,-650.6197443509963,332.50480456326187,0.21015798781670894,-0.7779826103060237,0.05063775585399388,19.748110537981677,-2.674430528507221,7.594999670982361,-1.149999976158142,6.444999694824219,-13.992223739624023,21.24175262451172,12,left,16.46877500388661,59.287590013991796
1077.1079333716557,-648.5373992919922,330.4773254394531,20.51202392578125,-648.509030568051,330.5143777127492,0.04666535604126536,-0.6534361621518389,0.03587466928271732,27.874821426765084,-3.198895756893805,6.295999765396118,-0.8500001430511475,5.445999622344971,-15.472153663635254,21.02825164794922,12,left,18.435968025770613,66.36948489277421
1080.236336486078,-645.9512939453125,328.72032165527344,20.402923583984375,-646.007264178971,328.63186111682745,-0.10468015054413682,-0.5641273409816095,0.013862860023700074,72.13518698813886,-3.6032830814635375,5.546999573707581,-1.100000023841858,4.446999549865723,-17.040000915527344,20.821828842163086,12,left,20.33568390719121,73.20846206588836
1083.6028721621353,-643.1033020019531,326.92958068847656,20.277420043945312,-643.2288739535668,326.73395436713963,-0.23246069050889773,-0.5706578142648042,-0.011498140511658872,86.9705844163255,-4.093476816193231,5.54699969291687,-2.0989999771118164,3.4479997158050537,-18.607847213745117,20.63663673400879,13,right,22.19913863036782,79.91689906932416
1087.2026040268977,-640.1640319824219,324.8576965332031,20.115997314453125,-640.3622700047391,324.59629768068066,-0.3280665688428056,-0.648838789684031,-0.027243196696795535,36.70641192109531,-4.2273532052411245,5.54699969291687,-3.0980000495910645,2.4489996433258057,-20.087778091430664,20.486831665039062,13,right,22.452747300148438,80.82989028053439
1090.9628086721596,-637.3357238769531,322.3843078613281,19.967132568359375,-637.6063095447226,322.10691622849,-0.38750835032413755,-0.77297864322767,-0.03278524477737399,30.501526122206286,-3.810165904456353,5.54699981212616,-4.0970001220703125,1.4499996900558472,-21.391876220703125,20.386568069458008,13,right,20.467241137055602,73.68206809340018
1094.8040207680885,-634.788818359375,319.5122985839844,19.826614379882812,-635.1113633665041,319.25529786786234,-0.4124132026392304,-0.8980156173070752,-0.03429223696623973,29.16111891401215,-3.118644171680973,5.696000277996063,-5.0960001945495605,0.6000000834465027,-22.432222366333008,20.35000228881836,13,right,20.012466293913974,72.04487865809031
1098.732840403785,-632.6029357910156,316.249267578125,19.72576904296875,-632.9563565691669,316.0416900096481,-0.4098715571539769,-1.0397389052557058,-0.03442042675020185,29.052516032333497,-2.0590209163926954,6.74500036239624,-6.095000267028809,0.6500000953674316,-23.12090301513672,23.096668243408203,13,right,19.975165961464956,71.91059746127384
1102.747240217176,-630.8337249755859,312.6462860107422,19.6639404296875,-631.1940551173685,312.49408628174143,-0.3911554276563146,-1.1711387298643432,-0.03224305418373474,31.014431644768248,-0.9713548951497231,7.295999109745026,-6.395998954772949,0.9000001549720764,-23.3700008392334,23.129589080810547,13,right,20.638609551257254,74.29899438452611
1106.8474183195574,-629.5254364013672,308.7604675292969,19.647933959960938,-629.881684832297,308.66206329773587,-0.3695894172308727,-1.301292881461393,-0.030938419862848843,32.3222712870611,0.17365840135448174,6.846998572349548,-5.396998882293701,1.4499996900558472,-22.834609985351562,23.225143432617188,13,right,21.069268469894656,75.84936649162076
1111.0378463369045,-628.708984375,304.6504669189453,19.679367065429688,-629.0633630673478,304.59933170208944,-0.3580489742940502,-1.4274900601987541,-0.02773097796779156,36.06075491320431,0.956757858231505,6.846998453140259,-4.397998809814453,2.4489996433258057,-21.423126220703125,23.378509521484375,13,right,22.254401991020742,80.11584716767467
1115.3491786685518,-628.3643646240234,300.3532257080078,19.729782104492188,-628.7307623884805,300.34064370361835,-0.36661373219450494,-1.5364700741140207,-0.024375839958691414,41.02422733717701,1.1989628423499266,6.846998691558838,-3.398998975753784,3.4479997158050537,-19.427579879760742,23.584871292114258,13,right,23.736611768506243,85.45180236662247
1119.789849397719,-628.4752807617188,295.9142761230469,19.784378051757812,-628.8751180409272,295.94222792895215,-0.40081311517739177,-1.640590730128333,-0.02185870769311893,45.74835868795655,1.2478459261013874,6.846998453140259,-2.399998903274536,4.446999549865723,-17.14000129699707,23.83941078186035,13,right,25.066071854608477,90.23785867659052
1124.3361299275987,-629.0333099365234,291.4027404785156,19.841964721679688,-629.4880141447381,291.47694988032174,-0.4607200367735398,-1.7325737350234818,-0.017008465799037642,58.79425057000621,1.2732425437903316,7.245998978614807,-1.7999993562698364,5.445999622344971,-14.852422714233398,24.137310028076172,13,right,27.117256258992732,97.62212253237384
1129.0233947279785,-629.9595947265625,286.8083038330078,19.901962280273438,-630.4868011203724,286.92947874106767,-0.5409528075695524,-1.7967159740339596,-0.011136813869204176,89.79228814851862,1.278376884499366,7.550004363059998,-1.5499995946884155,6.000004768371582,-12.8568754196167,24.473751068115234,13,right,29.08096541513061,104.6914754944702
1133.865091887228,-631.1549682617188,282.1168975830078,19.963775634765625,-631.7640515936096,282.28356615254717,-0.6314751913254883,-1.837896200060184,-0.007433735955491461,134.52186168400002,1.2772529496370089,7.550004363059998,-1.5499995946884155,6.000004768371582,-11.445391654968262,24.843917846679688,13,right,30.978952006053895,111.52422722179402
1138.8576737891315,-632.5577087402344,277.3258514404297,20.027572631835938,-633.2448781353494,277.53743692933455,-0.7190063954498331,-1.8694929951324095,-0.006123622336714263,163.30203677070125,1.282737677086132,7.600003361701965,-1.7999993562698364,5.800004005432129,-10.910000801086426,25.242990493774414,13,right,32.82134695121162,118.15684902436185
1143.997713416632,-634.15380859375,272.4403533935547,20.093765258789062,-634.9003269933658,272.69529307229743,-0.7888497707183069,-1.899883159352055,-0.005376892459645233,185.9810304009651,1.2969403753236186,7.600001573562622,-2.1999990940093994,5.400002479553223,-12.500029563903809,25.666152954101562,13,right,34.61586209646787,124.61710354728434
1149.2807877189775,-635.9335327148438,267.466552734375,20.16278076171875,-636.7089722561728,267.7536464383876,-0.8268792397565664,-1.9253816231082703,-0.0037180174646408437,268.96054402923545,1.3215656781693674,7.599998950958252,-2.7499985694885254,4.850000381469727,-13.050031661987305,26.10858726501465,14,straight,36.368153789491494,130.92535364216937
1154.7022401420154,-637.858642578125,262.39892578125,20.235275268554688,-638.6249474407686,262.69489222952564,-0.8214738468240887,-1.9393719951347046,-0.001001265605779622,998.7359939537355,1.3494174909679968,7.649996042251587,-3.3999979496002197,4.249998092651367,-13.700034141540527,26.565473556518555,14,straight,38.082611332524294,137.09740079708746
1160.2580827077627,-639.8533172607422,257.21405029296875,20.310943603515625,-640.5680112423097,257.487270823106,-0.7651385138505031,-1.9359430672218207,0.0011930748693250726,838.1703660942118,1.373827931686722,8.347996234893799,-4.049997329711914,4.297998905181885,-14.35003662109375,27.03199577331543,14,straight,39.762948120983964,143.14661323554228
1165.94226833429,-641.8536376953125,251.89404296875,20.389724731445312,-642.4683319631926,252.1219244333347,-0.6555753235638649,-1.9258122670746844,0.0021956318609536174,455.44975812369347,1.3974000165357658,7.9989988803863525,-4.699999809265137,3.298999071121216,-17.90492820739746,27.503334045410156,14,straight,41.41159873348313,149.08175544053927
1171.750891750913,-643.8282012939453,246.43194580078125,20.471572875976562,-644.2958672235201,246.5972758674846,-0.4960296892738634,-1.9106050898323805,0.002924998718792149,341.88049163075897,1.4212695365559913,7.600001096725464,-5.300002098083496,2.2999989986419678,-23.71197509765625,27.974674224853516,14,straight,41.350348901828994,148.86125604658437
1177.6768605977677,-645.7469940185547,240.82586669921875,20.556533813476562,-646.0268105028589,240.91878734118646,-0.2948415007966805,-1.8914158303812079,0.0038940289729282873,256.8034308301527,1.445177442167167,7.600003361701965,-5.800004005432129,1.7999993562698364,-29.636335372924805,28.67706298828125,14,straight,39.627393855420834,142.65861787951502
1183.7076778611117,-647.5606384277344,235.07489013671875,20.644393920898438,-647.6222532590012,235.0934856669536,-0.06435977918509074,-1.8639062688182382,0.0032248786356452452,310.0891887672283,1.4694636366886282,7.550004839897156,-6.100005149841309,1.4499996900558472,-35.48664474487305,30.58354949951172,14,straight,37.79339601206106,136.05622564341982
1189.7143119340465,-649.2571105957031,229.31349182128906,20.733413696289062,-649.0836414608085,229.2632838776414,0.18058897631474732,-1.8525319929086586,0.0016733224259737334,597.6134572021192,1.494034175786596,7.550006031990051,-6.350006103515625,1.1999999284744263,-37.94000244140625,33.393104553222656,14,straight,35.873675439119665,129.1452315808308
1195.4891327261123,-650.8379821777344,223.75994873046875,20.820358276367188,-650.4293460595641,223.64540417726997,0.42438653576752483,-1.844091931724768,0.0024242765242092346,412.4941977591381,1.517601190077844,7.550006985664368,-6.550006866455078,1.0000001192092896,-40.00920486450195,36.804710388183594,14,straight,33.92577499163283,122.13278996987819
1200.82920089167,-652.233154296875,218.6060028076172,20.901992797851562,-651.6021534348547,218.44111530627816,0.6521886045985761,-1.8263920328450167,0.004427448049466209,225.86374562216804,1.538651841858174,7.500007212162018,-6.600007057189941,0.9000001549720764,-39.16560363769531,40.51734161376953,15,left,32.01923865261332,115.26925914940794
1205.74165561363,-653.4084625244141,213.83682250976562,20.97802734375,-652.579473457875,213.64375459711124,0.8511745363543082,-1.7996130957254757,0.008268203747071823,120.94525372021089,1.5571929357727665,7.550007224082947,-6.600007057189941,0.9500001668930054,-37.922401428222656,44.2299690246582,15,left,30.15912482017977,108.57284935264717
1210.262252409362,-654.3231353759766,209.41029357910156,21.048812866210938,-653.3280941084349,209.2295132177413,1.0113301454838248,-1.7505172929208141,0.01530510702970056,65.33766788167078,1.5720835325568228,7.145000338554382,-5.99500036239624,1.149999976158142,-36.412803649902344,47.64157485961914,15,left,28.33972263379565,102.02300148166434
1214.5603927643374,-654.8929748535156,205.150634765625,21.11663818359375,-653.7724031434641,205.04298392288948,1.1257307232679763,-1.6665702009924557,0.019565650467848306,51.10997979051463,1.5763297802634302,6.645999789237976,-4.996000289916992,1.6499994993209839,-34.77000427246094,50.45112991333008,15,left,26.49423451324699,95.37924424768917
1218.7891707617248,-655.1016998291016,200.9275360107422,21.1832275390625,-653.9114039028004,200.9121910243309,1.190394833984509,-1.5836873533541063,0.021611455270534985,46.27175669023076,1.5649323848859087,6.496999025344849,-3.997000217437744,2.4999988079071045,-33.127201080322266,52.35761642456055,15,left,25.20905207229398,90.75258746025833
1222.9586948042595,-654.9263153076172,196.76220703125,21.248077392578125,-653.7269000086969,196.8649942713038,1.2038115616664145,-1.4853074088393818,0.024686332256429466,40.50824519464829,1.5183206285976691,6.496999025344849,-2.998000144958496,3.4989988803863525,-31.61760139465332,54.20966339111328,15,left,23.586865826202928,84.91271697433054
1227.0989157296608,-654.3225708007812,192.6667022705078,21.309417724609375,-653.1776856146689,192.88947846674577,1.1663581452494358,-1.3786139618877338,0.025099153785456463,39.841980671852106,1.1115532891880164,6.4969987869262695,-1.999000072479248,4.4979987144470215,-30.374401092529297,58.34843063354492,15,left,23.392087605581867,84.21151538009472
1231.2185658856572,-653.3037414550781,188.67514038085938,21.340042114257812,-652.2698722897031,188.9868517657167,1.0798376908418907,-1.2779641036973584,0.02471911475994415,40.454523137715285,0.24533345427095732,6.496998906135559,-1.0000001192092896,5.4969987869262695,-29.53080177307129,62.46696853637695,15,left,23.571220179986053,84.85639264794979
1235.3070212721875,-651.8945007324219,184.83724975585938,21.329864501953125,-651.020162185225,185.2018350650498,0.9473068894460226,-1.175734725798792,0.025907794829802988,38.59842207989279,-0.7586905880522021,6.595998860895634,-0.10000000149011612,6.495998859405518,-29.220001220703125,66.55441284179688,15,left,23.024133617690104,82.88688102368438
1239.344938549958,-650.1089782714844,181.21591186523438,21.278900146484375,-649.4316208576697,181.58884201735498,0.7732334475501703,-1.0675184552732921,0.02772444338035751,36.06925435006172,-1.9569368039987545,7.9449989795684814,-0.4500000476837158,7.494998931884766,-29.89185333251953,70.59101104736328,15,left,22.257024492140626,80.12528817170626
1243.3255816248402,-647.9698181152344,177.8605499267578,21.173736572265625,-647.5099625665158,178.18695102067076,0.5639191429582866,-0.953529743359209,0.03194435977759136,31.304430796621876,-2.8770844185622924,8.793999195098877,-0.6500000953674316,8.143999099731445,-27.665000915527344,74.56926727294922,15,left,20.734875272371543,74.64555098053755
1247.253659161689,-645.4528656005859,174.84727478027344,21.051605224609375,-645.2142040009714,175.07210771267282,0.32788596588121055,-0.815224979414995,0.03526454995380435,28.357089522196492,-3.3734271169271857,7.794999599456787,-0.6500000953674316,7.1449995040893555,-26.45513916015625,76.29000854492188,15,left,19.73464637377236,71.04472694558049
1251.2011033984213,-642.5303955078125,172.1975860595703,20.907958984375,-642.4828522058368,172.25688622762888,0.07600575961414946,-0.6758008661148027,0.03406924311287529,29.351987559186032,-3.3931197251484857,7.794999480247498,-1.6490000486373901,6.145999431610107,-30.398969650268555,75.9234848022461,15,left,20.077853399650596,72.28027223874214
1255.2376059333237,-639.2043914794922,169.91395568847656,20.781143188476562,-639.2968784904617,169.7608618658754,-0.17886186210791102,-0.5434432669580805,0.027728658446637855,36.06377141989903,-3.261799234018481,7.794999361038208,-2.6480000019073486,5.146999359130859,-34.43247985839844,74.95719146728516,15,left,22.255332769493545,80.11919797017677
1259.4210766756994,-635.5164794921875,167.9440155029297,20.639480590820312,-635.7001495220054,167.5631936682029,-0.42280012968064307,-0.4493868814064763,0.022989313529397704,43.49847152770546,-3.4705892235146862,7.794999361038208,-3.6470000743865967,4.147999286651611,-38.612552642822266,73.591064453125,15,left,24.367918906615436,87.72450806381558
1263.764786032458,-631.5023193359375,166.29161071777344,20.48492431640625,-631.7208648786615,165.6877406353824,-0.6422003041508757,-0.34724383479725357,0.02132985683061006,46.882640044958926,-3.484364922702632,7.794999122619629,-4.645999908447266,3.1489992141723633,-42.952510833740234,72.02500915527344,15,left,25.37491238167072,91.34968457401459
1268.2705852327956,-627.1965637207031,164.9728546142578,20.331375122070312,-627.4098091195966,164.17557828234914,-0.8253018536093412,-0.2613497816462367,0.01611077039940656,62.070278156085884,-3.304827208272876,7.794999122619629,-5.644999980926514,2.1499991416931152,-47.45469284057617,70.45894622802734,15,left,27.385593196975204,98.58813550911074
1272.945101548413,-622.6437225341797,163.92385864257812,20.181884765625,-622.8354931771677,162.97955448175196,-0.9635799539558734,-0.2003567136397551,0.011103833555145326,90.05898683852453,-3.080758752762458,8.043999791145325,-6.644000053405762,1.399999737739563,-52.12582015991211,69.09281921386719,15,left,29.32622592297058,105.57441332269408
1277.788333414897,-617.8764343261719,163.08164978027344,20.038558959960938,-618.0403376518979,162.04178830564,-1.0526994759240917,-0.1563341494845642,0.007382774464822939,135.45043327068274,-2.8348168894098302,8.543000280857086,-7.64300012588501,0.9000001549720764,-56.9659309387207,68.12652587890625,15,left,31.209879492712034,112.35556617376332
1282.798980300529,-612.9170227050781,162.37991333007812,19.902969360351562,-613.0567347819592,161.29599918854316,-1.0928812060996957,-0.12818908957820008,0.00517208910024658,193.3454703926746,-2.5795714553595417,9.142000257968903,-8.642000198364258,0.5000000596046448,-59.68000411987305,67.76000213623047,15,left,33.045835565543314,118.96500803595593
1287.9709291846852,-607.7816162109375,161.77940368652344,19.77630615234375,-607.8944360120691,160.6965686970715,-1.088696432394606,-0.10381471394517472,0.005451606454912827,183.43216963117897,-2.325708411231875,10.200017511844635,-9.300017356872559,0.9000001549720764,-59.370201110839844,68.31177520751953,15,left,34.83956964076199,125.42245070674315
1293.2980705782993,-602.4753875732422,161.32261657714844,19.6591796875,-602.5494694235036,160.27681754209507,-1.0484196403428985,-0.07071942723172621,0.0049487222571823475,202.07236293139024,-2.074422883175586,10.200017511844635,-9.300017356872559,0.9000001549720764,-58.55344009399414,70.15676879882812,15,left,36.59532524414496,131.74317087892186
1298.774723244037,-597.0088348388672,161.00772094726562,19.552566528320312,-597.0586887630953,160.02589094571638,-0.9830948915049412,-0.050732962843021784,0.00197280816513834,506.891657116533,-1.8265065003740588,10.250017523765564,-9.300017356872559,0.9500001668930054,-57.39871597290039,72.06600189208984,15,left,38.31657787546901,137.93968035168842
1304.3985560328026,-591.3928375244141,160.72683715820312,19.456787109375,-591.4374762570716,159.82249562135075,-0.9054425612537582,-0.04932045062037768,0.0009010721835374103,1109.7890027791348,-1.587451283935537,10.150017142295837,-9.200016975402832,0.9500001668930054,-56.07500457763672,73.99663543701172,15,left,40.007095111562144,144.0255424016237
1310.1616024191378,-585.6359558105469,160.47415161132812,19.37213134765625,-585.6693335454725,159.6461497866059,-0.828674299669134,-0.040289371379296626,0.0015670669010220475,638.1348488362531,-1.4689411822101244,9.792999029159546,-8.942998886108398,0.8500001430511475,-54.75129318237305,75.90586853027344,15,left,41.66836717925788,150.00612184532835
