s_m,x_center_m,y_center_m,z_center_m,x_line_m,y_line_m,offset_m,heading_rad,curvature_1_per_m,radius_m,slope_pct,width_m,drive_left_m,drive_right_m,limit_left_m,limit_right_m,segment_id,segment_kind,v_target_ms,v_target_kmh
0.0,-218.35301208496094,286.59954833984375,4.1167449951171875,-220.11193030987076,286.5666089554778,-1.7592266269478536,-1.552071445750957,-0.00019941036716089822,5014.784407839388,2.4974204257210286,13.250017404556274,-9.850019454956055,3.3999979496002197,-94.76500701904297,11.100024223327637,0,straight,80.0,288.0
15.094310109209115,-218.0935821533203,271.5121765136719,4.49371337890625,-219.57979473973774,271.48881888025494,-1.4863961218545998,-1.5550814076718749,-0.00016426552222339325,6087.7047506052295,2.651636580803629,12.950016260147095,-9.550018310546875,3.3999979496002197,-92.65184020996094,11.400025367736816,0,straight,80.0,288.0
30.12619344225199,-217.87330627441406,256.4878234863281,4.9153900146484375,-219.0645042498368,256.47141750018716,-1.191310947247813,-1.5570245195342676,-5.235833008035429e-05,19099.157640537826,2.9547373210307066,12.950015306472778,-9.350017547607422,3.5999977588653564,-90.8084487915039,11.60002613067627,0,straight,80.0,288.0
45.09195083733355,-217.66793823242188,241.5306854248047,5.3798675537109375,-218.54793028588796,241.51824666213662,-0.8800799605605003,-1.5566621828624077,0.0001393971504240893,7173.747791527233,3.247615474155724,12.950014352798462,-9.150016784667969,3.799997568130493,-89.50457763671875,11.800026893615723,0,straight,80.0,288.0
59.98823066824792,-217.43043518066406,226.64486694335938,5.8849945068359375,-217.98933756650587,226.63485116692527,-0.5589921221960338,-1.5528778051860248,0.0002754065691982638,3630.995451238148,3.5298403994043994,12.900012969970703,-8.850015640258789,4.049997329711914,-89.010009765625,12.050027847290039,0,straight,80.0,288.0
74.81211860084657,-217.13160705566406,211.83396911621094,6.428741455078125,-217.36610340948351,211.82873518247334,-0.2345547569694352,-1.5484801382098736,0.00023122372249760603,4324.815763704148,3.8021760045074764,14.199013710021973,-9.849015235900879,4.349998474121094,-78.08657836914062,12.350028991699219,0,straight,80.0,288.0
89.64082280056716,-216.78302001953125,197.02085876464844,7.012451171875,-216.6965741114218,197.02300083751564,0.08647244361664844,-1.5460220528791124,0.0001424687009180317,7019.085550413929,4.065173045060772,15.548014640808105,-10.848014831542969,4.699999809265137,-63.27036666870117,12.700030326843262,0,straight,80.0,288.0
104.43287125443788,-216.40501403808594,182.2466583251953,7.632781982421875,-216.00799582312965,182.257196838696,0.3971580583015741,-1.544258402257993,0.00012379880968184376,8077.622091601251,4.3179733564560285,15.745003700256348,-10.695002555847168,5.05000114440918,-48.492332458496094,13.050031661987305,0,straight,80.0,288.0
119.14308389663401,-216.00262451171875,167.5564727783203,8.286148071289062,-215.31223857641936,167.57610288872792,0.6906649555999197,-1.5423704538471235,0.0001292557559219934,7736.599371276788,4.560495112333501,15.146005630493164,-9.696002960205078,5.450002670288086,-33.797637939453125,13.500033378601074,0,straight,80.0,288.0
133.7655883049862,-215.57516479492188,152.95623779296875,8.970291137695312,-214.61492269188486,152.98537008871602,0.9606839163327744,-1.5404671394299054,0.00011689402631015477,8554.757086959271,4.791714169760819,14.597007751464844,-8.697003364562988,5.9000043869018555,-19.19214630126953,13.90003490447998,0,straight,80.0,288.0
148.29562296968538,-215.12355041503906,138.45071411132812,9.682846069335938,-213.9221367981461,138.48897533485047,1.2020227119656246,-1.5389602499119046,0.00013761743980846008,7266.52088130566,5.0188006863437105,14.048009872436523,-7.698003768920898,6.350006103515625,-14.80003833770752,14.35003662109375,0,straight,80.0,288.0
162.72880286500006,-214.6485595703125,124.04438781738281,10.423675537109375,-213.2382534704155,124.0927922753028,1.4111365231448167,-1.5364878425675736,0.00011226108797424139,8907.80606214553,5.246873267430691,13.549011707305908,-6.69900369644165,6.850008010864258,-14.65003776550293,14.850038528442383,0,straight,80.0,288.0
177.0600745341116,-214.1562957763672,109.7421875,11.191848754882812,-212.57080425953646,109.79782491779252,1.5864674192055706,-1.535719130612649,5.510892199523526e-05,18145.882078521885,5.390874238453602,13.00001335144043,-5.700003623962402,7.300009727478027,-13.800034523010254,15.350040435791016,0,straight,80.0,288.0
191.28479664955324,-213.6573944091797,95.54714965820312,11.963027954101562,-211.9300697139023,95.60915589825244,1.72843726432874,-1.534914464654552,5.0537450172818965e-05,19787.306177505558,5.554683552048401,12.950013160705566,-5.150001525878906,7.80001163482666,-13.100031852722168,15.850042343139648,0,straight,80.0,288.0
205.39494832201214,-213.1402130126953,81.46932983398438,12.765457153320312,-211.30240033817657,81.53645920682138,1.8390382756536776,-1.5342857820296998,3.124533151782627e-05,32004.78124002218,5.746873925265178,12.950013160705566,-4.59999942779541,8.350013732910156,-13.100031852722168,16.35003662109375,0,straight,79.74798727169372,287.0927541780974
219.38250602112151,-212.62132263183594,67.5150146484375,13.577621459960938,-210.70159091266422,67.58562162204439,1.9210297286393012,-1.534033293133374,7.217586160351841e-05,13855.047626494177,5.649476467678744,12.950013160705566,-4.099997520446777,8.850015640258789,-12.050027847290039,16.85002899169922,0,straight,77.65576871951234,279.56076739024445
233.24077901598577,-212.11386108398438,53.686981201171875,14.339004516601562,-210.13840896060415,53.76308639153294,1.9769175733366724,-1.5322899155731868,0.00011863190631777876,8429.435478523834,5.2490240855085695,12.950015306472778,-3.5999977588653564,9.350017547607422,-11.550025939941406,17.350021362304688,0,straight,75.52575213811053,271.8927076971979
246.9660768207859,-211.57159423828125,39.9896240234375,15.026138305664062,-209.56525801389273,40.06999510242256,2.007945356734297,-1.5307591042050122,0.00022418923414168485,4460.517490184262,4.709552932657335,12.950017929077148,-3.0499982833862305,9.900019645690918,-11.00002384185791,17.900012969970703,0,straight,73.3552371989287,264.0788539161434
260.55654229198865,-210.99240112304688,26.424774169921875,15.626251220703125,-208.98108323868715,26.514538636904177,2.013319967486021,-1.526196245952039,0.00018721239262563943,5341.526733220364,4.067218181821753,12.950020790100098,-2.4499988555908203,10.500021934509277,-10.40002155303955,18.500003814697266,0,straight,71.14082446427716,256.1069680713978
274.0101686866954,-210.39480590820312,12.993759155273438,16.127029418945312,-208.40685295955228,13.083557656787573,1.9899800745042158,-1.5256556710330302,-0.0001668409632596679,5993.731877726096,3.3214797912723526,12.950023531913757,-1.8499993085861206,11.100024223327637,-10.800023078918457,19.649986267089844,0,straight,68.87862313969494,247.96304330290178
287.32549783041037,-209.8209686279297,-0.303497314453125,16.5164794921875,-207.88951712375723,-0.22582873693371394,1.9330124989000708,-1.5306054375593519,-0.00025049462031757896,3992.101701554279,2.470929057623017,13.399023652076721,-1.2999998331069946,12.099023818969727,-10.800023078918457,19.649986267089844,0,straight,66.56401893110491,239.63046815197768
300.502332159644,-209.29190063476562,-13.467010498046875,16.782882690429688,-207.45644516213838,-13.396363643537438,1.8368145714930866,-1.5323252229916853,-0.0003277229005657911,3051.35832214828,1.5128778463097903,12.189998745918274,-0.7500001192092896,11.439998626708984,-11.050024032592773,20.19997787475586,0,straight,64.1913797079718,231.0889669486985
313.5385587125931,-208.83775329589844,-26.494659423828125,16.914474487304688,-207.14174343379048,-26.440953561033663,1.6968599742070516,-1.5391408960981208,-0.0008505673586581761,1175.6858405400878,0.45135304783364694,10.740999042987823,-0.30000001192092896,10.440999031066895,-11.350025177001953,20.64997100830078,0,straight,61.75441936291184,222.3159097064826
326.4362921597133,-208.47988891601562,-39.387420654296875,16.901473999023438,-206.9683731361088,-39.36247411419805,1.5117216287300697,-1.5542935051132318,-0.0020516442527812595,487.4139357465971,-0.7370394809183667,9.741999447345734,-0.30000001192092896,9.441999435424805,-11.800026893615723,20.949966430664062,0,straight,59.244780990154595,213.28121156455654
339.2496523932338,-208.50543212890625,-52.199554443359375,16.726043701171875,-207.22088701326552,-52.226465888816136,1.2848269844663913,-1.591743437902829,-0.0031782128246404043,314.64223926323876,-1.8399851486333496,8.442999839782715,-0.0,8.442999839782715,-12.600029945373535,20.949966430664062,0,straight,56.6415600176529,203.90961606355043
351.9795156160372,-209.03782653808594,-64.91488647460938,16.432266235351562,-208.0145997143869,-64.98111648610532,1.0253680057228085,-1.6354327796149377,-0.004269118926784693,234.24037070645738,-2.2567236747112474,7.94400030374527,-0.5000000596046448,7.444000244140625,-13.950035095214844,20.449974060058594,1,right,53.93101539481427,194.15165542133136
364.5932031087868,-210.24374389648438,-77.46771240234375,16.15399169921875,-209.50201423086938,-77.56389072204719,0.7479392796439409,-1.6997444598791853,-0.005258889929910832,190.15419857189437,-2.2342776550759114,7.9440001249313354,-1.4989999532699585,6.445000171661377,-16.100040435791016,22.09994888305664,1,right,51.10359833892714,183.9729540201377
377.0807447339921,-212.25498962402344,-89.78898620605469,15.871505737304688,-211.79322371365254,-89.88095777932023,0.4708359865915276,-1.7673971337510332,-0.005085909933323404,196.62164944131183,-2.2760969030878764,7.944000244140625,-2.498000144958496,5.446000099182129,-22.149948120117188,22.09994888305664,1,right,51.898157662941124,186.83336758658805
389.4382050882005,-215.02381896972656,-101.82893371582031,15.588531494140625,-214.8174331722456,-101.8828200096654,0.21330454769228957,-1.8261897496061914,-0.005201914337007826,192.23692187426644,-2.2898803171181537,7.944000244140625,-3.497000217437744,4.447000026702881,-22.149948120117188,20.949966430664062,1,right,49.0150458760166,176.45416515365977
401.66000415983467,-218.4807891845703,-113.54829406738281,15.308670043945312,-218.4879547118357,-113.54588492298139,-0.007559679737787678,-1.8951364616128141,-0.006494462422536998,153.9773325240613,-2.183465845780874,7.944000244140625,-4.496000289916992,3.447999954223633,-26.999874114990234,19.099994659423828,1,right,45.98613578988191,165.55008884357485
413.77135256474776,-222.82847595214844,-124.84957885742188,15.056991577148438,-222.9928730431066,-124.77749327292464,-0.17950692189388776,-1.9840328461783778,-0.007346443800975169,136.12028174329186,-1.8830163454953253,7.944000244140625,-5.49500036239624,2.4489998817443848,-34.14976501464844,17.250022888183594,1,right,43.23743689746619,155.65477283087827
425.7876402726323,-228.1204833984375,-135.63589477539062,14.853973388671875,-228.38069364871336,-135.49320317454047,-0.2967663513638485,-2.072387549797735,-0.007524672880220615,132.89614258562708,-1.4253723693477216,7.9440001249313354,-6.494000434875488,1.4499996900558472,-43.299625396728516,16.05004119873047,1,right,42.722308250737136,153.8003097026537
437.74855406491974,-234.33099365234375,-145.8571319580078,14.714935302734375,-234.62972317907224,-145.65553802035708,-0.3603879102258417,-2.1644344657119747,-0.007450520269408387,134.21881477270387,-0.8312859088265068,8.293000638484955,-7.493000507354736,0.8000001311302185,-49.44953155517578,15.400040626525879,1,right,42.93438251667671,154.56377706003616
449.69677022657254,-241.4380340576172,-155.4616241455078,14.655136108398438,-241.73158125723577,-155.2243735134743,-0.37743584991917806,-2.2505292287811116,-0.007255738994954866,137.82193663461848,-0.08896434455658575,8.943000137805939,-8.243000030517578,0.7000001072883606,-49.9995231628418,15.250040054321289,1,right,43.50685552576571,156.62467989275655
461.62678236907993,-249.3218536376953,-164.41534423828125,14.69354248046875,-249.58069720875156,-164.1659087937037,-0.35946910199454296,-2.33768683599839,-0.007634172138609924,130.98997269690673,0.7500560393345013,8.39400041103363,-7.244000434875488,1.149999976158142,-49.9995231628418,16.700031280517578,1,right,42.41481209458928,152.69332354052142
473.53250547325644,-257.96556091308594,-172.6014862060547,14.833709716796875,-258.17445857944625,-172.3580123214785,-0.3208079916108729,-2.4324793965084544,-0.008005057621026046,124.92102459992353,1.5412266969961341,8.394999504089355,-6.24500036239624,2.1499991416931152,-49.9995231628418,17.400020599365234,1,right,41.4205909162985,149.11412729867462
485.5416789696447,-267.44329833984375,-179.9730682373047,15.062881469726562,-267.60251203810094,-179.7464559636815,-0.27695148360209365,-2.5291359227290844,-0.007676168290751878,130.27332936470188,2.237181677319977,8.394999504089355,-5.246000289916992,3.1489992141723633,-49.44953155517578,18.45000457763672,1,right,42.29862770226495,152.27505972815382
497.75301192236486,-277.732666015625,-186.5417022705078,15.376907348632812,-277.85424788595543,-186.33099253180805,-0.2432709295743385,-2.618248248724995,-0.007119026065874931,140.46865269864688,2.818951241661194,8.394999504089355,-4.247000217437744,4.147999286651611,-40.64966583251953,20.04998016357422,1,right,43.92261918605511,158.12142906979838
510.2125752029933,-288.78179931640625,-192.28721618652344,15.75958251953125,-288.88079493521496,-192.07524112264443,-0.2339520469024049,-2.704679165135011,-0.0061790733452499885,161.8365641781426,3.1634178056782813,8.394999504089355,-3.248000144958496,5.146999359130859,-33.849769592285156,22.299945831298828,1,right,47.14386952767383,169.71793029962578
523.0766452609491,-300.6195373535156,-197.30484008789062,16.178756713867188,-300.7133264861595,-197.06121889501642,-0.2610511195523375,-2.7741017809244006,-0.004924877118964305,203.05075148967344,3.2126407507010235,9.369312047958374,-3.2233126163482666,6.145999431610107,-29.79983139038086,23.899921417236328,1,right,50.253518279687086,180.91266580687352
536.3819596591711,-313.16651916503906,-201.7124786376953,16.599899291992188,-313.26779916057035,-201.39461367143264,-0.3336102130810777,-2.8331367120849396,-0.0039384568246162155,253.90655389435312,3.0262609470739887,10.313999652862549,-3.1690001487731934,7.1449995040893555,-25.699893951416016,24.799907684326172,2,straight,53.279230678366424,191.80523044211913
549.9937660856025,-326.2310791015625,-205.5130615234375,16.992477416992188,-326.34932937155975,-205.0717254721938,-0.45690331196193573,-2.8798046152295753,-0.002668100869387055,374.7984236554485,2.8459791608238416,11.258686780929565,-3.11468768119812,8.143999099731445,-22.499942779541016,26.299884796142578,2,straight,56.206341209711226,202.34282835496043
563.7174896184981,-339.53062438964844,-208.87672424316406,17.377777099609375,-339.6781957534125,-208.26224408626783,-0.6319518736600078,-2.9058997631751766,-0.0015828441422263279,631.7741420791207,2.866707876023955,12.232998847961426,-3.0900001525878906,9.142998695373535,-19.899982452392578,26.299884796142578,2,straight,59.01071207027566,212.43856345299238
577.3362918589562,-352.7922058105469,-211.9497528076172,17.77618408203125,-352.9775983540126,-211.1145932587528,-0.8554892560588189,-2.9231501761386793,-0.001148860774331864,870.4274898597386,2.968135480588452,13.077553987503052,-2.9355556964874268,10.141998291015625,-19.899982452392578,26.049888610839844,2,straight,61.66769996513833,222.003719874498
590.8293955464102,-365.98101806640625,-214.77005004882812,18.182388305664062,-366.2085512661274,-213.6730579619935,-1.1203405712341181,-2.9370770465147698,-0.0008246559860607405,1212.6268612647218,3.1149312855661138,13.765442371368408,-2.6244444847106934,11.140997886657715,-18.500003814697266,25.599895477294922,2,straight,64.19179739038111,231.09047060537202
604.1890161660834,-379.0678253173828,-217.42147827148438,18.612350463867188,-379.34396215772705,-216.03247194818314,-1.4161885894068131,-2.9453495551380144,-0.0004952670787269908,2019.1126019729575,3.3011928070966645,14.359997749328613,-2.2200002670288086,12.139997482299805,-16.750030517578125,24.949905395507812,2,straight,66.59673986072686,239.7482634986167
617.4085199514383,-392.0339813232422,-219.95802307128906,19.059585571289062,-392.36304531297674,-218.25906879999616,-1.7305284526075781,-2.9502753646959,-0.0002085673702278551,4794.613840638269,3.4448823464460987,14.215584754943848,-1.8155555725097656,12.400029182434082,-15.1000394821167,24.249916076660156,2,straight,68.89387314703477,248.01794332932516
630.4814477082737,-404.8615264892578,-222.43702697753906,19.517913818359375,-405.2500527273669,-220.42454022139745,-2.0496476724902295,-2.950881123261845,-0.0003083851808846211,3242.697969894147,3.544128890319398,13.55447244644165,-1.5044445991516113,12.050027847290039,-13.550033569335938,24.249916076660156,2,straight,68.57465271286921,246.86874976632916
643.4011735616538,-417.5439453125,-224.85806274414062,19.980682373046875,-417.9742138440325,-222.53811838186314,-2.3595069089303964,-2.958211291756684,-0.0010077952623649827,992.2650337265035,3.459799558118326,12.875004768371582,-1.380000114440918,11.495004653930664,-14.000035285949707,24.04991912841797,2,straight,66.31968764400689,238.7508755184248
656.1626074136152,-430.1051483154297,-227.06912231445312,20.406814575195312,-430.5397773333865,-224.458451763141,-2.646602182183492,-2.9766238945609667,-0.0019262768411845016,519.1361795042308,3.0968971843608917,12.346004366874695,-1.8499993085861206,10.496005058288574,-14.000035285949707,23.199932098388672,2,straight,64.01441845856338,230.45190645082818
668.7648959694045,-442.5594024658203,-228.96109008789062,20.766937255859375,-442.9486246870779,-226.08853620002216,-2.8988031627257635,-3.0069159263126255,-0.0019322179409650697,517.5399621331214,2.6530706793362,12.197004079818726,-2.699998617172241,9.497005462646484,-13.500033378601074,22.09994888305664,2,straight,61.65336559207905,221.9521161314846
681.2071593822297,-454.90150451660156,-230.50686645507812,21.071914672851562,-455.26233613059986,-227.42168129440765,-3.106214243944206,-3.0251653648548644,-0.0009984876596112746,1001.5146310264006,2.30291684049021,12.197004556655884,-3.6989986896514893,8.498005867004395,-13.400032997131348,20.699970245361328,2,straight,59.230033252050426,213.22811970738152
693.4847780031406,-467.0989532470703,-231.88238525390625,21.336700439453125,-467.4565325686312,-228.6400632855205,-3.2619801835518225,-3.0317515905730947,0.0001273540434091336,7852.1260356644625,2.07457861070659,12.197005271911621,-4.697998523712158,7.499006748199463,-13.400032997131348,19.099994659423828,2,straight,56.73740024206497,204.2546408714339
705.5938096922382,-479.130615234375,-233.22755432128906,21.578109741210938,-479.53089152312725,-229.88858304032266,-3.3628782794587853,-3.022281904258099,0.0026533988863271657,376.87511107091774,1.9259370968756184,12.197005271911621,-5.696998596191406,6.500006675720215,-13.400032997131348,17.500019073486328,2,straight,54.16675681762902,195.00032454346447
717.5566673918985,-490.96852111816406,-234.9376678466797,21.800506591796875,-491.55599801778726,-231.5791524767405,-3.4095094365184995,-2.9684230534429163,0.005035958585661235,198.57192687153469,1.8133510657738938,12.29600191116333,-6.695998668670654,5.600003242492676,-13.050031661987305,17.250022888183594,3,left,51.50130117248843,185.40468422095836
729.4067768706057,-502.56854248046875,-237.35028076171875,22.010025024414062,-503.37521455051086,-234.0412071117892,-3.405978310154679,-2.9024805873540966,0.005786671669459786,172.81091050623834,1.7843374336969142,12.950013160705566,-7.65001106262207,5.300002098083496,-12.150028228759766,16.700031280517578,3,left,48.71739981662278,175.382639339842
741.0757566795534,-513.8024597167969,-240.49989318847656,22.220108032226562,-514.8245793458067,-237.3000834684663,-3.3590937438956754,-2.832405597624299,0.006028785599507522,165.87088452468566,1.850985419320561,12.746013164520264,-8.150012969970703,4.5960001945495605,-12.250028610229492,16.100040435791016,3,left,47.72913919255231,171.82490109318832
752.5567708587722,-524.6104736328125,-244.36679077148438,22.438339233398438,-525.8220280151085,-241.32169685645164,-3.2772642512666037,-2.762923018310592,0.005919816090317859,168.92416668746645,1.9871442972100417,12.497015953063965,-8.900015830993652,3.5970001220703125,-12.850030899047852,15.400040626525879,3,left,48.166425083097714,173.39913029915178
763.8388916245902,-534.9525756835938,-248.86929321289062,22.672103881835938,-536.3139616795316,-246.00723878521626,-3.1693417892215585,-2.697599917349978,0.0056647167359870215,176.53133362294412,2.1945487536345176,12.497015476226807,-9.899015426635742,2.5980000495910645,-13.90003490447998,14.400036811828613,3,left,49.23902249209984,177.26048097155945
774.9098308851686,-544.798095703125,-253.92555236816406,22.928375244140625,-546.2715606918283,-251.2623306800934,-3.0436571476998076,-2.6362468593288186,0.005492762312475363,182.0577594862904,2.405217814823346,12.497015118598938,-10.898015022277832,1.599000096321106,-15.200039863586426,13.300032615661621,3,left,50.00381254249232,180.01372515297234
785.7647371784933,-554.1452484130859,-259.4379425048828,23.199081420898438,-555.7005606802188,-256.981522200689,-2.907403817695333,-2.577145473528139,0.00506247513774391,197.53183428879998,2.535990959536494,12.497014701366425,-11.897014617919922,0.6000000834465027,-16.250038146972656,12.350028991699219,3,left,52.08552785680855,187.50790028451078
796.4341595814687,-563.0155181884766,-265.3607177734375,23.474075317382812,-564.6103581213092,-263.1003528289459,-2.76636297214307,-2.527139909714731,0.004337124073765741,230.5675334604256,2.652222391835801,12.90003089979291,-12.850030899047852,0.05000000074505806,-16.800029754638672,12.000027656555176,3,left,52.699766223834445,189.719158405804
806.977557716198,-571.4996643066406,-271.61370849609375,23.761505126953125,-573.1018595811175,-269.5344787779146,-2.624923983378447,-2.4850552214128774,0.003767902975328627,265.3996152628592,2.8310335074972715,12.79500961303711,-12.79500961303711,0.0,-17.400020599365234,12.200028419494629,3,left,50.289477968683826,181.0421206872618
817.3109037804841,-579.5595245361328,-278.07318115234375,24.064666748046875,-581.1482640405352,-276.160748018467,-2.486260988793856,-2.44838533661036,0.004139331850786285,241.58488278972982,3.0587754742421147,12.196010053157806,-11.79601001739502,0.40000003576278687,-17.700016021728516,12.850030899047852,4,left,47.8094477548652,172.11401191751472
827.3892451890646,-587.1591491699219,-284.6849822998047,24.385223388671875,-588.7467126584482,-282.9488592378271,-2.352547792592604,-2.400861987189829,0.005727978477032644,174.58166157740976,3.2947936256958466,11.947010397911072,-10.79701042175293,1.149999976158142,-17.700016021728516,13.90003490447998,4,left,45.25990305448704,162.93565099615336
837.2088744942876,-594.1991729736328,-291.52247619628906,24.719680786132812,-595.8056862667993,-289.9828815545563,-2.225137438895175,-2.3349273996619893,0.007557508911359825,132.3187324988638,3.5287234495632536,11.94701099395752,-9.79801082611084,2.1490001678466797,-17.1500244140625,15.550041198730469,4,left,42.62939680712589,153.4658285056532
846.825232347029,-600.5687103271484,-298.71832275390625,25.070571899414062,-602.2005906286214,-297.389164185386,-2.1046842562736865,-2.254313484970036,0.008244352338870928,121.29515562855615,3.7893712628031206,11.947011470794678,-8.79901123046875,3.1480002403259277,-16.450035095214844,20.99996566772461,4,left,40.815042170780494,146.93415181480978
856.2451755132463,-606.2405548095703,-306.230224609375,25.44049072265625,-607.8759235061705,-305.09419425471987,-1.9912297056134802,-2.177931518716461,0.008556053482697251,116.87631476618064,4.045690747852548,11.947011947631836,-7.80001163482666,4.147000312805176,-15.500041007995605,21.29996109008789,4,left,40.064689029102986,144.23288050477075
865.4655808987443,-611.2101898193359,-313.98724365234375,25.824234008789062,-612.8414560612247,-313.04411037174305,-1.8842849935459167,-2.0950023668381466,0.009824431907901082,101.78705592083875,4.265756843272572,12.196009159088135,-7.050008773803711,5.146000385284424,-14.750038146972656,25.849891662597656,4,left,37.38908164179483,134.6006939104614
874.5347392793229,-615.3724670410156,-322.0351104736328,26.220367431640625,-616.9948022020712,-321.2955854389085,-1.7829382075050606,-1.998496058391654,0.010769595740688434,92.85399601601723,4.448869649247955,11.9500093460083,-6.500006675720215,5.450002670288086,-14.150035858154297,31.949798583984375,4,left,35.710737618872855,128.55865542794228
883.5035114206688,-618.6948394775391,-330.3559112548828,26.626556396484375,-620.2898815415214,-329.8096223188956,-1.6859984541673962,-1.9007667920198488,0.011097599034113226,90.10958108380665,4.5793642275919755,11.9500093460083,-5.950004577636719,6.000004768371582,-13.650033950805664,40.14168930053711,4,left,35.17904186593206,126.6445507173554
892.4719768817013,-621.1761627197266,-338.9642791748047,27.041778564453125,-622.7268769915731,-338.60341428588544,-1.5921489317784605,-1.799435910973789,0.011283244751102844,88.62698825196168,4.6882616570914415,11.9500093460083,-5.500002861022949,6.450006484985352,-13.150032043457031,49.09953689575195,4,left,34.88843729163635,125.59837424989087
901.5740409560723,-622.7868041992188,-347.9122772216797,27.473907470703125,-624.2750071467519,-347.72364343696194,-1.5001102352104922,-1.6968767112413508,0.01089860757603954,91.75484051728665,4.782664398770753,11.9500093460083,-5.05000114440918,6.900008201599121,-12.700030326843262,49.9995231628418,4,left,35.498746170314455,127.79548621313204
910.9755564018835,-623.5151519775391,-357.2745819091797,27.926956176757812,-624.9234116228164,-357.23626637368085,-1.4087807880494854,-1.5979973371605727,0.010415208298267836,96.01344220511758,4.878806321074025,11.9500093460083,-4.699999809265137,7.250009536743164,-12.300028800964355,49.9995231628418,4,left,36.3132016661308,130.7275259980709
920.6982766753589,-623.2967376708984,-366.98297119140625,28.407333374023438,-624.6105563959464,-367.0790979116804,-1.3173306299625245,-1.4977605744204983,0.00995666776024376,100.43520825239608,4.967533350470865,11.9500093460083,-4.44999885559082,7.5000104904174805,-12.000027656555176,49.9995231628418,4,left,37.13996701854227,133.70388126675218
930.7621860471968,-622.0904541015625,-376.961669921875,28.910049438476562,-623.2981286944798,-377.1684320799798,-1.2252463068307065,-1.4012334561711886,0.009378816472220115,106.62326136373197,5.047016375731461,11.850008964538574,-4.349998474121094,7.5000104904174805,-11.90002727508545,49.9995231628418,4,left,38.267007611903686,137.76122740285328
941.2658311907734,-619.8287048339844,-387.2049102783203,29.445846557617188,-620.9212839652471,-387.5022901322005,-1.1323267794963892,-1.3050523133868681,0.0087327541336841,114.511411256019,5.106246025808914,11.295998096466064,-4.549999237060547,6.745998859405518,-12.100028038024902,49.9995231628418,4,left,39.65727830033429,142.76620188120344
952.2801787607281,-616.4563903808594,-397.6751708984375,30.008865356445312,-617.4295296494242,-398.038167729551,-1.038636960357908,-1.2137659043375113,0.007855908748140947,127.29272093908219,5.121198788556391,10.847000122070312,-5.100001335144043,5.7469987869262695,-12.650030136108398,45.849586486816406,4,left,41.81193883781706,150.52297981614143
963.8209911877713,-611.9670104980469,-408.2904968261719,30.601043701171875,-612.8204893976375,-408.69487587883833,-0.9444303310894877,-1.128326820227479,0.007049881231831152,141.84636125284874,5.036647487396784,10.847000122070312,-6.099001407623291,4.7479987144470215,-13.950035095214844,39.39968490600586,4,left,44.13748888922686,158.8949600012167
975.9190840667773,-606.3437347412109,-418.9856262207031,31.198394775390625,-607.0800405725835,-419.4104182998313,-0.850055638063258,-1.0475177465194911,0.0060800799699259125,164.47152092510805,4.634564841515143,10.847000122070312,-7.098001480102539,3.7489986419677734,-16.400035858154297,34.349761962890625,4,left,47.25415774500633,170.1149678820228
988.5818984312774,-599.6339721679688,-429.710693359375,31.745101928710938,-600.2610735670239,-430.13268758544814,-0.7558672446507845,-0.9784713225868287,0.00416781970859071,239.93360315917695,3.9929906580067343,10.846999645233154,-8.097001075744629,2.7499985694885254,-16.950027465820312,30.44982147216797,4,left,50.30992671022025,181.1157361567929
1001.8064092987288,-592.0127105712891,-440.5074768066406,32.22834777832031,-592.5478691447037,-440.89742038590987,-0.6621560946729386,-0.9410994720208112,0.0017634487007512425,567.0706494461633,3.3943949794378536,11.19599986076355,-9.096000671386719,2.099999189376831,-18.150009155273438,27.499866485595703,5,straight,53.31460034034775,191.9325612252519
1015.6127315283944,-583.8280487060547,-451.6178283691406,32.6595458984375,-584.2849641835533,-451.95712010599857,-0.5691139044847195,-0.9320673862790904,0.0004719465983364021,2118.883796440043,2.856093184626407,11.794999718666077,-10.095000267028809,1.699999451637268,-18.150009155273438,26.349884033203125,5,straight,56.28057089286014,202.61005521429652
1029.9998466657423,-575.2280120849609,-463.1456604003906,33.03041076660156,-575.6096837903451,-463.43148824010353,-0.47683418988760723,-0.9280098301171182,0.00030754425829641885,3251.564524531539,2.27737566880033,11.950021862983704,-10.55002212524414,1.399999737739563,-18.25000762939453,23.599925994873047,5,straight,59.21345200898167,213.168427232334
1044.7034985504906,-566.4036254882812,-474.9033660888672,33.32012939453125,-566.7109284497852,-475.1358619547047,-0.3853432726552166,-0.9231043559586851,0.0009669471128536701,1034.182724894626,1.6384561063379932,11.950023293495178,-10.85002326965332,1.100000023841858,-18.550003051757812,20.99996566772461,5,straight,62.06783127187939,223.4441925787658
1059.4401587809846,-557.3810272216797,-486.553466796875,33.51255798339844,-557.6117437098956,-486.73673992596764,-0.29465087439560583,-0.899500748413129,0.0020000075432545263,499.998114193481,0.9516518992951584,11.900023341178894,-10.85002326965332,1.0500000715255737,-18.550003051757812,18.60000228881836,5,straight,64.80258951046045,233.28932223765761
1074.1036158263119,-548.0689392089844,-497.8801727294922,33.600433349609375,-548.2247259145861,-498.0131129261056,-0.2047989099527599,-0.8643620705615637,0.0024395670659191106,409.90879651150254,0.35883219190069315,11.948013424873352,-10.548013687133789,1.399999737739563,-18.25000762939453,18.60000228881836,5,straight,67.4137377686212,242.68945596703634
1088.6994844887586,-538.3935394287109,-508.8083801269531,33.61787414550781,-538.4789184275216,-508.88675781518157,-0.11589924697748182,-0.8281264904211658,0.002244209722649302,445.59115394059273,0.21707201067462378,11.849013090133667,-9.5490140914917,2.2999989986419678,-17.400020599365234,17.850013732910156,5,straight,69.91607234195203,251.69786043102732
1103.2255910825984,-528.4138946533203,-519.3635864257812,33.66351318359375,-528.4340680816284,-519.3832194519913,-0.02815000759973551,-0.7989730700148924,0.0022810263985482693,438.39913498433754,0.3927243916830525,11.849013566970825,-8.55001449584961,3.298999071121216,-16.250038146972656,16.900028228759766,5,straight,72.32053529510435,260.35392706237565
1117.6785476023945,-518.1555633544922,-529.5444488525391,33.7315673828125,-518.1154000324449,-529.5023660774349,0.058172608660296894,-0.7620644763914971,0.002353386680363584,424.9195460924025,0.5182207446552844,11.9500093460083,-7.80001163482666,4.149997711181641,-15.500041007995605,16.300037384033203,5,straight,74.63605183604311,268.6897866097552
1132.0591331653861,-507.60516357421875,-539.3160247802734,33.8128662109375,-507.5098557594284,-539.2097586071039,0.14274480417933721,-0.7310876742024087,0.0023379670197828904,427.7220300964137,0.580454721893342,11.850008964538574,-7.5000104904174805,4.349998474121094,-15.200039863586426,16.150039672851562,5,straight,76.6442063129637,275.91914272666935
1146.4148682676723,-496.7342834472656,-548.6917266845703,33.89836120605469,-496.5900612728418,-548.5187131191713,0.22524149131014667,-0.6948890383112201,0.0019724171077226717,506.9921549983855,0.5816169341329003,11.9500093460083,-7.600010871887207,4.349998474121094,-15.250040054321289,15.750041961669922,5,straight,77.14188434981857,277.7107836593469
1160.7377948219569,-485.6385040283203,-557.7483978271484,33.97967529296875,-485.44779026688843,-557.5098807010895,0.30538853649556996,-0.6744854003032277,0.001286933249744493,777.0410782366058,0.5261719859366742,11.9500093460083,-7.850011825561523,4.099997520446777,-15.500041007995605,15.600041389465332,5,straight,74.92430405580492,269.7274946008977
1174.9746435292964,-474.45555114746094,-566.5588836669922,34.0487060546875,-474.2212936878601,-566.2558661961834,0.38300932755476946,-0.6581108946479614,0.0011138726830878902,897.768672473221,0.4125902749829935,11.9500093460083,-7.850011825561523,4.099997520446777,-15.500041007995605,15.650041580200195,5,straight,72.65300387651638,261.550813955459
1189.119708200768,-463.18321228027344,-575.103759765625,34.09690856933594,-462.90861258707827,-574.7371411626109,0.4580547910227204,-0.6428649244815526,0.0002501049649988596,3998.321264851978,0.23655797396691103,11.9500093460083,-7.550010681152344,4.399998664855957,-15.200039863586426,15.900042533874512,5,straight,70.32373404232725,253.1654425523781
1203.1676117750092,-451.9606018066406,-583.5533905029297,34.1156005859375,-451.6391041961849,-583.1312696391332,0.5306097786331193,-0.650899400449019,-0.001235499408495537,809.3892988728309,0.06711530494534212,11.9500093460083,-7.250009536743164,4.699999809265137,-14.900038719177246,16.250038146972656,5,straight,67.93146346063833,244.553268458298
1217.1155014181675,-440.9599609375,-592.1283264160156,34.11582946777344,-440.5833877814299,-591.6600920806665,0.600874974243796,-0.6773214513950068,-0.002510932152839103,398.25847101017973,-0.004047771235615727,11.850008964538574,-7.1500091552734375,4.699999809265137,-14.80003833770752,16.250038146972656,5,straight,65.46979925236919,235.69127730852907
1230.964165018725,-430.34918212890625,-601.027587890625,34.11448669433594,-429.9076814960888,-600.5247865835403,0.6691277629753127,-0.7205727310608956,-0.003310649996821017,302.05548788311336,-0.018860808866238976,12.200010299682617,-7.80001163482666,4.399998664855957,-16.800029754638672,15.900042533874512,5,straight,62.93045112132912,226.54962403678485
1244.7159923595889,-420.22869873046875,-610.3382568359375,34.11064147949219,-419.71727583664455,-609.8094211590524,0.7356769328136699,-0.7686608275807626,-0.0035794329846404807,279.3738573374744,-0.012866096916064329,12.499008893966675,-8.79901123046875,3.699997663497925,-19.04999542236328,14.95003890991211,5,straight,60.303139681286034,217.09130285262972
1258.3711157920266,-410.6489562988281,-620.0691833496094,34.110931396484375,-410.0641768073675,-619.5220646742504,0.8008157706735768,-0.8186581588987943,-0.004143020882616109,241.3697705932272,-0.002895843503103457,13.048008918762207,-9.79801082611084,3.249998092651367,-25.099903106689453,13.650033950805664,6,right,57.575797253076594,207.27287011107575
1271.9280531020866,-401.68402099609375,-630.23876953125,34.10986328125,-401.01677926369945,-629.6886431475339,0.8647835379499111,-0.8813067331719084,-0.004566711519865076,218.97595143683287,-0.007962968382124735,11.95001482963562,-9.050016403198242,2.899998426437378,-36.53681182861328,12.200028419494629,6,right,54.83990989264536,197.4236756135233
1285.3917652167413,-393.4437255859375,-640.8862609863281,34.10877990722656,-392.69339783322033,-640.3406411984445,0.9277352474859191,-0.9420637841654318,-0.004290545918467122,233.0705740022167,-0.006931158855150166,11.950016260147095,-9.350017547607422,2.599998712539673,-49.9995231628418,11.100024223327637,6,right,56.577303429435766,203.67829234596877
1298.7533198961867,-385.8739776611328,-651.8967132568359,34.108001708984375,-385.04306535697873,-651.3590116405433,0.9897162650772402,-0.9964469795953707,-0.00392797659094412,254.5840019274764,0.005771566908774339,12.10001802444458,-9.750019073486328,2.349998950958252,-49.9995231628418,10.650022506713867,7,straight,59.130843749027974,212.87103749650072
1312.0049868122815,-378.95899963378906,-663.2011260986328,34.11029052734375,-378.04942061682823,-662.6752930955209,1.0506352056051915,-1.0466310078412953,-0.00372083548599568,268.7568433927694,0.019042269970648285,12.050018072128296,-9.750019073486328,2.2999989986419678,-36.74885559082031,10.350021362304688,7,straight,60.754477095571275,218.7161175440566
1325.1383633079874,-372.6577453613281,-674.7241363525391,34.11302185058594,-371.6710152788809,-674.2152411968419,1.1102299469472043,-1.0946369682030541,-0.003198747151187606,312.6223964369074,0.03745986106176158,12.000017404556274,-9.600018501281738,2.399998903274536,-23.616477966308594,10.100020408630371,7,straight,63.248072724559734,227.69306180841505
1338.145549531786,-366.89161682128906,-686.3834075927734,34.12004089355469,-365.83505823943693,-685.8854406047955,1.168027036502715,-1.130362720862148,-0.003262363798697515,306.52620667236613,0.024995906701397175,11.950015544891357,-9.200016975402832,2.7499985694885254,-14.35003662109375,10.450021743774414,7,straight,64.88320986540568,233.57955551546044
1351.0194922181267,-361.6797332763672,-698.1551818847656,34.11956787109375,-360.5491572426889,-697.6879897548041,1.2233031734716031,-1.1789338902038367,-0.003255885257343681,307.1361307172881,-0.26927145285025045,11.950012922286987,-8.650014877319336,3.2999980449676514,-13.650033950805664,10.85002326965332,7,straight,64.94772990083052,233.8118276429899
1363.7581490035473,-357.0470428466797,-710.0213928222656,34.051788330078125,-355.8523271472011,-709.5759180646739,1.2750660226953368,-1.2138935410569887,-0.0014899731460763649,671.1530356324606,-0.864676980180068,11.950011730194092,-8.40001392364502,3.5499978065490723,-13.300032615661621,11.350025177001953,7,straight,67.21701090220523,241.98123924793884
1376.3544828123977,-352.6640319824219,-721.8296203613281,33.90144348144531,-351.4238224970938,-721.3716182626614,1.322076204263926,-1.217037411615279,-0.0008116278024852541,1232.0918491677326,-1.49858783519774,11.950011730194092,-8.40001392364502,3.5499978065490723,-14.850038528442383,11.350025177001953,7,straight,69.38800067607332,249.79680243386395
1388.8043354527192,-348.4515075683594,-733.5429992675781,33.677337646484375,-347.16512445249174,-733.0926735052582,1.3629287629947202,-1.2340580226795113,-0.001073421625747098,931.6003851739089,-2.076261614560271,11.950012445449829,-8.55001449584961,3.3999979496002197,-15.1000394821167,11.250024795532227,7,straight,71.4689720675097,257.28829944303493
1401.1065625047731,-344.4463653564453,-745.1714172363281,33.388336181640625,-343.12419713271424,-744.7228167854418,1.3961988312484799,-1.243693033887292,-0.0008112768625165856,1232.624824154351,-2.5973371674225643,11.950013875961304,-8.850015640258789,3.0999982357025146,-15.500041007995605,11.00002384185791,7,straight,73.32262956868904,263.96146644728054
1413.2579708327253,-340.6016387939453,-756.6933746337891,33.042938232421875,-339.2517467169782,-756.2506621281929,1.420634710990083,-1.253888271880717,-0.000608744170348903,1642.726203729964,-3.0627051888430623,11.950015783309937,-9.250017166137695,2.699998617172241,-16.000041961669922,10.650022506713867,7,straight,71.34504362037973,256.842157033367
1425.2690280353797,-336.89048767089844,-768.1099243164062,32.64892578125,-335.5245702295565,-767.6688712064905,1.4353599905000933,-1.2584660587266774,6.0129657834182004e-06,166307.28263208715,-3.477095806438202,11.950018167495728,-9.750019073486328,2.1999990940093994,-16.65003204345703,10.200020790100098,7,straight,69.33488961853614,249.6056026267301
1437.184490812247,-333.219482421875,-779.4373474121094,32.21136474609375,-331.85118697253574,-778.9884930037609,1.4400356650362256,-1.2538181256063239,0.0008487250393709386,1178.237890496531,-3.855798547283751,11.950020432472229,-10.250020980834961,1.699999451637268,-17.1500244140625,9.700018882751465,7,straight,67.28141840654094,242.2131062635474
1448.920535350147,-329.4844665527344,-790.5531005859375,31.737625122070312,-328.1280015805984,-790.085079182135,1.434935975940822,-1.2385557732537538,0.0013482749904059066,741.6884590427237,-4.179874273174544,12.000022292137146,-10.650022506713867,1.3499997854232788,-17.200023651123047,9.350017547607422,7,straight,65.19567340089148,234.70442424320933
1460.4707652628313,-325.64129638671875,-801.4337615966797,31.238555908203125,-324.305728423472,-800.9487266556783,1.4209154367672177,-1.2224394499118754,0.0016077188814395543,621.9992882739539,-4.453570756092873,11.9500230550766,-10.800023078918457,1.149999976158142,-17.200023651123047,9.200016975402832,7,straight,63.07564678329879,227.07232841987565
1471.8281468387672,-321.6585235595703,-812.0571594238281,30.717926025390625,-320.3534295053889,-811.5524798927695,1.3992754980093338,-1.2018080095033217,0.0016071021732968552,622.2379737988728,-4.715418080149014,11.291998267173767,-10.141998291015625,1.149999976158142,-18.10000991821289,9.250017166137695,7,straight,60.91911871742429,219.30882738272746
1482.9851720907604,-317.5610656738281,-822.4204559326172,30.17742919921875,-316.2897049082491,-821.9058304365104,1.3715675694243916,-1.1861733030619277,0.0015127272664305358,661.0576950593492,-4.974174308886359,10.542998433113098,-9.142998695373535,1.399999737739563,-18.10000991821289,9.550018310546875,7,straight,58.72357297350619,211.40486270462227
1493.9348036471038,-313.37933349609375,-832.5246887207031,29.61883544921875,-312.14692680353943,-832.0001689485723,1.3393831592224799,-1.16841244251907,0.0020824489211562144,480.2038551057384,-5.24734366810462,9.943998456001282,-8.143999099731445,1.7999993562698364,-17.750015258789062,9.950019836425781,7,straight,56.48592654292005,203.34933555451218
1504.6715603130967,-309.05096435546875,-842.3332672119141,29.040084838867188,-307.8652884733054,-841.7900800057582,1.3041777633724527,-1.1412066162441021,0.003369440903537274,296.7851428853344,-5.567622469719669,9.594998359680176,-7.1449995040893555,2.4499988555908203,-17.100025177001953,10.650022506713867,7,straight,54.20215584705115,195.12776104938416
1515.1913693935426,-304.4925994873047,-851.794921875,28.436111450195312,-303.36494318179894,-851.2169265099749,1.26715720624453,-1.0971485765209383,0.004335916362576957,230.6317549459538,-5.969980820998888,9.595997333526611,-6.145999431610107,3.449997901916504,-16.150039672851562,11.700026512145996,8,left,51.86709278027838,186.72153400900217
1525.496118028092,-299.5846252441406,-860.8332977294922,27.797836303710938,-298.51776414849957,-860.2227082932209,1.229232303951792,-1.0509760036207416,0.004315666878221512,231.71389919976872,-6.451729146148577,9.595997333526611,-5.146999359130859,4.448997974395752,-21.249961853027344,13.300032615661621,8,left,49.47302610136328,178.10289396490782
1535.5790129046693,-294.414306640625,-869.4632263183594,27.12188720703125,-293.40628198318774,-868.8288468580727,1.1910293907520408,-1.0090898568643676,0.004174171728749045,239.56848567408832,-6.9051306532978085,9.595997333526611,-4.147999286651611,5.447998046875,-21.249961853027344,15.300040245056152,8,left,47.012643348912405,169.24551605608465
1545.4401892524686,-289.01206970214844,-877.6832122802734,26.421554565429688,-288.0625087105147,-877.0293059163879,1.1529352148158765,-0.967734793549993,0.0045993246899624154,217.42322349678943,-6.918389210256204,9.595997333526611,-3.1489992141723633,6.446998119354248,-24.249916076660156,17.750015258789062,8,left,44.47490414514067,160.10965492250642
1555.0737608964498,-283.38633728027344,-885.4765014648438,25.7723388671875,-282.49938207735994,-884.8005719667202,1.1151547957161723,-0.9196096830813332,0.006212584501782484,160.96360535829893,-6.489445140140249,9.595997333526611,-2.1499991416931152,7.445998191833496,-28.349853515625,20.749969482421875,8,left,41.84739284511709,150.65061424242154
1564.5292410521663,-277.43402099609375,-892.7995758056641,25.181900024414062,-276.6246205908089,-892.0879214214497,1.0777666624306705,-0.849571921861987,0.00890640152745039,112.2787914869887,-6.063496438076288,10.294997096061707,-1.8499993085861206,8.444997787475586,-31.499805450439453,24.599910736083984,8,left,39.097115790648395,140.74961684633422
1573.8772133274008,-270.9514923095703,-899.5121612548828,24.631805419921875,-270.2401945058732,-898.7523903293758,1.0407672289182328,-0.7524591247337808,0.01049602143092352,95.27419571131843,-5.714095094484173,11.143996953964233,-2.099999189376831,9.043997764587402,-33.59977340698242,29.849830627441406,8,left,36.17313649518448,130.22329138266414
1583.1277030376393,-263.9141387939453,-905.494140625,24.11883544921875,-263.30297226712355,-904.6974622631707,1.00410205443195,-0.6543828911270908,0.01078481961674612,92.7229231026962,-5.502581904993087,10.744996786117554,-2.699998617172241,8.044998168945312,-34.94975280761719,37.199867248535156,8,left,35.685524038360846,128.46788653809904
1592.29208556161,-256.3959655761719,-910.7107086181641,23.618438720703125,-255.8869640289353,-909.8877065833112,0.9676853437255379,-0.5538893399564826,0.01145680440730474,87.28437393610477,-5.253313143886351,10.695996284484863,-3.6499977111816406,7.045998573303223,-35.649742126464844,46.349578857421875,8,left,34.62316553463104,124.64339592467175
1601.4468583838327,-248.37184143066406,-915.0936126708984,23.15643310546875,-247.9713176136963,-914.2527165919573,0.931410512898043,-0.44451334587091906,0.010878265829442697,91.9264169196379,-4.7952502890773685,10.695996284484863,-4.648997783660889,6.046998500823975,-35.649742126464844,49.9995231628418,8,left,35.53192100033865,127.91491560121914
1610.5849765913433,-239.95753479003906,-918.6336975097656,22.741165161132812,-239.64650575411437,-917.7943139030522,0.8951557967234312,-0.35485882795408985,0.008861597857455166,112.84646585025418,-4.383058531230866,10.695996284484863,-5.647997856140137,5.047998428344727,-35.19974899291992,49.9995231628418,8,left,38.440411874119356,138.3854827468297
1619.7053791805001,-231.30740356445312,-921.498779296875,22.356094360351562,-231.06786259267412,-920.6740791097848,0.8587841846165688,-0.2826800695084011,0.00873898983598955,114.4297016895164,-4.0917502953043305,10.695996284484863,-6.646997928619385,4.0489983558654785,-34.09976577758789,49.9995231628418,8,left,39.64312705884613,142.7152574118461
1628.8727935098057,-222.41246032714844,-923.6873016357422,21.992996215820312,-222.253184972061,-922.8807314864204,0.8221459995130667,-0.194964012337177,0.010017676121696389,99.82355067700676,-3.875438079841098,10.695996284484863,-7.645998001098633,3.0499982833862305,-32.599788665771484,49.9995231628418,8,left,37.02670178395601,133.29612642224163
1638.1658954714112,-213.22691345214844,-925.0523986816406,21.640884399414062,-213.15038370103824,-924.2710544699098,0.7850831675753952,-0.09763484568280763,0.010001114063614177,99.98886060485772,-3.6959072663133252,10.994996547698975,-8.644997596740723,2.349998950958252,-30.399822235107422,49.9995231628418,8,left,37.05734760539556,133.40645137942403
1647.6379570755655,-203.77391052246094,-925.5467071533203,21.299789428710938,-203.76833313442637,-924.7992914817926,0.7474364811156595,-0.0074620920126186084,0.008220383894190695,121.6488199178502,-3.5084164485954084,11.793996334075928,-9.643997192382812,2.1499991416931152,-27.24987030029297,49.9995231628418,8,left,39.95318798237914,143.83147673656492
1657.3476842893324,-194.07342529296875,-925.2830047607422,20.968353271484375,-194.11553342583593,-924.5752030378716,0.7090531529809437,0.05942138871554509,0.006298359659519182,158.77149830410607,-3.3066271411740455,11.95001769065857,-9.650018692016602,2.2999989986419678,-19.499988555908203,49.9995231628418,8,left,42.7184157884659,153.78629683847723
1667.3603674525696,-184.10379028320312,-924.4125061035156,20.648300170898438,-184.1815751213826,-923.747236017418,0.6698020368040603,0.11639371565038535,0.00537391187907775,186.0841827148859,-3.0889837457963587,11.950016021728516,-9.300017356872559,2.649998664855957,-18.10000991821289,49.19953536987305,8,left,45.39385046315754,163.41786166736716
1677.7445348556807,-173.83026123046875,-922.9326629638672,20.339111328125,-173.9360265764274,-922.3120273781183,0.6295830673578192,0.16879305417869941,0.004990154313488572,200.39460449087977,-2.8764897397986267,11.950013875961304,-8.850015640258789,3.0999982357025146,-17.400020599365234,46.59957504272461,8,left,48.01131634531965,172.84073884315075
1688.701491834323,-163.0862579345703,-920.8044738769531,20.035614013671875,-163.21626922762633,-920.2306901216018,0.5883287637257782,0.22282338536988006,0.004602136273475601,217.29039310797836,-2.6834163480058515,11.950011491775513,-8.350013732910156,3.5999977588653564,-16.85002899169922,44.64960479736328,8,left,50.626644094937895,182.2559187417764
1700.3260803113742,-151.82020568847656,-917.9555511474609,19.734344482421875,-151.9670294904732,-917.4296718370945,0.5459910969093448,0.2722637078548526,0.003953177010161147,252.96109873896998,-2.5119837002952172,12.000009536743164,-7.80001163482666,4.199997901916504,-16.300037384033203,43.84961700439453,9,straight,53.26111530393637,191.74001509417093
1712.5379650503653,-140.13973999023438,-914.4046478271484,19.43780517578125,-140.29623309067998,-913.9271302122899,0.5025068785472401,0.31669201912690337,0.003505753982277945,285.24534381338043,-2.368327868278275,11.9500093460083,-7.250009536743164,4.699999809265137,-15.650041580200195,41.149658203125,9,straight,55.89510727884876,201.22238620385554
1725.048437125049,-128.3359832763672,-910.2694396972656,19.149200439453125,-128.49674156928052,-909.8408598038236,0.45773786581752535,0.3588541962641514,0.003432870536353593,291.3014019637931,-2.2742491372956364,11.9500093460083,-6.900008201599121,5.05000114440918,-15.300040245056152,38.999691009521484,9,straight,57.03802300932808,205.3368828335811
1737.5357591140216,-116.74122619628906,-905.6416473388672,18.869277954101562,-116.90237603252935,-905.2631366633967,0.41138741007151663,0.4025033085928881,0.003482493554584359,287.1505673524072,-2.244389283342285,11.9500093460083,-6.700007438659668,5.250001907348633,-15.1000394821167,37.49971389770508,9,straight,54.39976617508819,195.83915823031748
1749.899117492182,-105.47427368164062,-900.5592041015625,18.591461181640625,-105.63061957225467,-900.2317053842136,0.36290418484372994,0.4453997327606815,0.00446196764458574,224.11637189109257,-2.282561002346306,11.9500093460083,-6.700007438659668,5.250001907348633,-15.1000394821167,35.89973831176758,10,left,51.65512220727833,185.958439946202
1762.136887644758,-94.597900390625,-894.956787109375,18.307830810546875,-94.75046592396835,-894.6853278548487,0.31139423378143327,0.5120247651636047,0.005770283744266205,173.30170305640107,-2.389098744299256,11.9500093460083,-6.700007438659668,5.250001907348633,-15.1000394821167,32.54978942871094,10,left,48.78653082333906,175.63151096402063
1774.288560711589,-84.23786926269531,-888.6130065917969,18.008895874023438,-84.37922556160169,-888.40008530744,0.2555720574959221,0.5860777905992398,0.005376022368026631,186.011130821814,-2.5499416431366884,11.9500093460083,-6.500006675720215,5.450002670288086,-14.900038719177246,30.24982452392578,10,left,50.54381139869444,181.95772103529998
1786.397162314328,-74.34625244140625,-881.636474609375,17.689285278320312,-74.46236942224928,-881.4813319591651,0.19378440379515277,0.6425102886904087,0.0041861331794038475,238.88394304320994,-2.758035753826793,11.9500093460083,-6.150005340576172,5.800004005432129,-14.600037574768066,29.049842834472656,10,left,53.289415335896464,191.8418952092273
1798.37235355891,-64.93411254882812,-874.2406463623047,17.344970703125,-65.01284144536103,-874.144675446655,0.1241316067725457,0.6870216364468537,0.003011704876451523,332.0378460117343,-3.021195622596584,11.9500093460083,-5.800004005432129,6.150005340576172,-14.20003604888916,28.549850463867188,11,straight,55.87222645916409,201.14001525299074
1810.1931444791855,-55.91204833984375,-866.6121826171875,16.970809936523438,-55.94132649723766,-866.5784207650245,0.04468862452413091,0.7143931445262386,0.0018053413752855303,553.9118604877935,-3.3329986106567455,11.9500093460083,-5.500002861022949,6.450006484985352,-13.90003490447998,30.74981689453125,11,straight,58.30964234953843,209.91471245833836
1821.8480167026107,-47.167816162109375,-858.9174957275391,16.563079833984375,-47.13701851556611,-858.951939377132,-0.04620454555434008,0.729571337060323,0.0012434080902999842,804.2411882318864,-3.6750581100461033,12.000009536743164,-5.250001907348633,6.750007629394531,-13.650033950805664,30.74981689453125,11,straight,60.61696711779143,218.22108162404916
1833.3292219193218,-38.66717529296875,-851.2128295898438,16.12115478515625,-38.56592097906351,-851.3230156146569,-0.14964423192545237,0.7431810347083202,0.0012376952181575307,807.9533517860958,-3.902303302716603,12.000009536743164,-4.800000190734863,7.200009346008301,-13.200032234191895,30.649818420410156,11,straight,62.807087165236794,226.10551379485247
1844.6290585181073,-30.40997314453125,-843.5118408203125,15.674285888671875,-30.227205052525058,-843.705005990088,-0.26592660316331024,0.757748500131263,0.0011854864873207666,843.5355532900494,-3.9624140079644987,12.000009536743164,-4.199997901916504,7.80001163482666,-12.600029945373535,31.5498046875,11,straight,62.51979480698221,225.07126130513598
1855.7386291997425,-22.390625,-835.8360290527344,15.233230590820312,-22.11610032013987,-836.1192621288914,-0.3944423598977152,0.7697862087751387,0.0005998947496480209,1666.9590800498502,-3.9587117602878807,12.000012397766113,-3.449997901916504,8.55001449584961,-12.000027656555176,31.5498046875,11,straight,60.391729653808895,217.41022675371204
1866.6497525439715,-14.578323364257812,-828.2310943603516,14.802505493164062,-14.206330072462869,-828.6138429394043,-0.5337372798552926,0.7711488422266055,-0.0004265256535656292,2344.524864191154,-3.9219750758226257,12.000016212463379,-2.649998664855957,9.350017547607422,-9.750019073486328,31.449806213378906,11,straight,58.22602100918636,209.6136756330709
1877.354400070072,-6.87457275390625,-820.8103332519531,14.385360717773438,-6.404547884148845,-821.304077492688,-0.681694032135605,0.7607920793389886,-0.0013919577526645063,718.4126084902972,-3.8566572172540114,12.249016404151917,-1.8999992609024048,10.349017143249512,-9.000016212463379,31.949798583984375,11,straight,56.01999019285619,201.67196469428228
1887.8453515761105,0.77960205078125,-813.6470031738281,13.984893798828125,1.3442846600936902,-814.2631717179314,-0.835781145995897,0.7418250623125276,-0.002290798707606484,436.5289698652044,-3.7545346821484915,12.648016571998596,-1.2999998331069946,11.348016738891602,-8.40001392364502,32.3997917175293,11,straight,53.77025515049685,193.57291854178868
1898.1150208276088,8.433639526367188,-806.8104858398438,13.605621337890625,9.0836810944185,-807.5615128974853,-0.9932752294829279,0.7134451182965337,-0.003236541458532527,308.97178757395176,-3.632482422022676,11.492997288703918,-1.0000001192092896,10.492997169494629,-8.050012588500977,32.49979019165039,11,straight,51.47282045985296,185.30215365547068
1908.1585292842317,16.139724731445312,-800.3793487548828,13.246749877929688,16.860376375164883,-801.2773041096528,-1.1513742270678051,0.6762922438586111,-0.003915241822017516,255.41206532287754,-3.525408320726764,10.493997693061829,-1.0000001192092896,9.493997573852539,-8.050012588500977,32.49979019165039,11,straight,49.122162849263134,176.8397862573473
1917.970208114135,23.903335571289062,-794.3894500732422,12.905426025390625,24.679558275466434,-795.4411774023018,-1.3071541841617085,0.6358062756395152,-0.005351665799530274,186.85770701297753,-3.4553902238605216,9.894997715950012,-1.399999737739563,8.49499797821045,-8.450014114379883,32.099796295166016,12,right,46.71167644838157,168.16203521417364
1927.558288886229,31.768585205078125,-788.9158020019531,12.576309204101562,32.558723823289135,-790.140391038789,-1.4573734405178924,0.5730129470605854,-0.0070206147616605034,142.43766877239705,-3.460365167280177,9.745997428894043,-2.2499990463256836,7.495998382568359,-9.350017547607422,31.349807739257812,12,right,44.22939003558721,159.22580412811396
1936.9552082243888,39.83563232421875,-784.1077423095703,12.248580932617188,40.60562405249698,-785.5082075840701,-1.5981834208553,0.5026983762879507,-0.007550986460123744,132.43302782767964,-3.5310636884515523,9.745997428894043,-3.2489991188049316,6.496998310089111,-11.00002384185791,30.149826049804688,12,right,42.64780421294105,153.53209516658777
1946.1672902066875,48.04118347167969,-779.9336547851562,11.91937255859375,48.76417526791163,-781.4996684402103,-1.7248524299876196,0.4325216161145287,-0.0077898271778752415,128.37255271082415,-3.5881272853517165,9.745997428894043,-4.24799919128418,5.497998237609863,-13.350032806396484,28.399852752685547,12,right,41.98891090431447,151.1600792555321
1955.1968209097056,56.36534118652344,-776.4501190185547,11.594100952148438,57.01171528728777,-778.1639196743199,-1.8316419316668062,0.36066151352205733,-0.0072871332031460775,137.22817631057842,-3.4663980958097196,9.745997428894043,-5.246999263763428,4.498998165130615,-16.450035095214844,26.149887084960938,12,right,41.7358931074674,150.24921518688262
1964.0843620329063,64.75924682617188,-773.54443359375,11.29791259765625,65.32749516416715,-775.369984750328,-1.9119474885355763,0.3017684161786129,-0.007542710852868123,132.57832886696818,-3.1893967306797832,9.745997190475464,-6.245999336242676,3.499997854232788,-20.19997787475586,23.24993133544922,12,right,39.14890171222314,140.93604616400333
1972.8565844844754,73.21307373046875,-771.2178039550781,11.030532836914062,73.65518172891014,-773.1260255908916,-1.9587672893104138,0.2276689696609314,-0.010178180536748795,98.24938714630315,-2.9056812700714585,9.99499797821045,-7.244999408721924,2.7499985694885254,-26.549880981445312,21.44995880126953,12,right,36.4157012821882,131.09652461587754
1981.535530677374,81.7513427734375,-769.6801147460938,10.790573120117188,81.995354286999,-771.6304082067168,-1.965498970058053,0.12446849997969787,-0.012243193023434164,81.67803922440359,-2.6286047951865843,10.443997621536255,-8.243998527526855,2.1999990940093994,-34.849754333496094,19.899982452392578,12,right,33.492778187363896,120.57400147451003
1990.2007896820644,90.39143371582031,-769.0565032958984,10.5745849609375,90.42097255780872,-770.9831981147214,-1.926921240753008,0.015330153822793175,-0.012724721604177452,78.58718100926512,-2.3464543947878225,10.992997527122498,-9.242998123168945,1.7499994039535522,-42.14964294433594,18.550003051757812,12,right,32.85295030862901,118.27062111106444
1998.951983947592,99.13365173339844,-769.4029083251953,10.382156372070312,98.95511807751274,-771.2343898734795,-1.8401627449736795,-0.09717343686996524,-0.012586496143853395,79.45022892557347,-2.042721242236678,11.54199755191803,-10.241997718811035,1.2999998331069946,-49.9995231628418,17.30002212524414,12,right,33.03285401027023,118.91827443697282
2007.8756502820988,107.95393371582031,-770.7468566894531,10.214080810546875,107.60335499264997,-772.4158774846575,-1.7054430087118877,-0.20704060127160143,-0.012117127307471427,82.5278116359642,-1.6868181419955275,12.140997469425201,-11.240997314453125,0.9000001549720764,-49.9995231628418,16.150039672851562,12,right,33.66655558574907,121.19960010869667
2016.974728916145,116.74259948730469,-773.099365234375,10.078842163085938,116.26897427479456,-774.550468598157,-1.5264408977436794,-0.3154883343300928,-0.011387159648197186,87.81821199444761,-1.2447956513212177,11.241997599601746,-10.691997528076172,0.5500000715255737,-49.9995231628418,15.250040054321289,12,right,34.72888313107324,125.02397927186367
2026.2473899789986,125.40225219726562,-776.4135894775391,9.986236572265625,124.87271046894996,-777.6120526288264,-1.3102398127904729,-0.4160562979930558,-0.01002972517574667,99.70362920991543,-0.6967656360373442,10.092997968196869,-9.692997932434082,0.40000003576278687,-48.64954376220703,14.600037574768066,12,right,37.00445437469628,133.21603574890662
2035.687670533883,133.8634033203125,-780.6000518798828,9.949478149414062,133.34918534443383,-781.5348723647389,-1.0669158662347256,-0.5028979965684113,-0.009036523755149219,110.66202304068277,-0.0622836758006895,9.243998408317566,-8.693998336791992,0.5500000715255737,-47.09956741333008,15.1000394821167,12,right,38.98502564371014,140.3460923173565
2045.2804168658245,142.06639099121094,-785.5730895996094,9.975387573242188,141.61770239146298,-786.2461281402202,-0.8088895701462699,-0.587998735210295,-0.008571182458988129,116.67001662662716,0.5353757533938075,8.79499876499176,-7.694998741149902,1.100000023841858,-42.69963455200195,15.1000394821167,12,right,40.029314362727945,144.1055317058206
2054.958155172577,149.91122436523438,-791.2397613525391,10.0531005859375,149.5704601308376,-791.671637385932,-0.5501246873783783,-0.6680175844935586,-0.008257323713574037,121.10461387823774,1.0140443080055461,8.795997858047485,-6.695998668670654,2.099999189376831,-36.249732971191406,16.35003662109375,12,right,40.782971532291725,146.8186975162502
2064.7324879808466,157.3307342529297,-797.6016845703125,10.173049926757812,157.1230052900936,-797.8252847695546,-0.3052021806967835,-0.7486186440882997,-0.007952564543022823,125.74559999985782,1.3853731235863975,8.795997858047485,-5.696998596191406,3.098999261856079,-31.24980926513672,18.10000991821289,12,right,41.557070041065785,149.60545214783684
2074.690683097951,164.3687744140625,-804.6449737548828,10.327056884765625,164.30395384903863,-804.7048734704694,-0.08825917276610365,-0.8248327955241835,-0.0071765581546576265,139.3425620540669,1.5263723417742237,8.795997619628906,-4.697998523712158,4.097999095916748,-29.64983367919922,19.449989318847656,12,right,43.746208375704455,157.48635015253603
2085.051780223356,171.1272430419922,-812.4967956542969,10.4830322265625,171.1960078305166,-812.4415572139678,0.08820363615405541,-0.8940492040515762,-0.0063222138093032565,158.17244246445466,1.3851527406101571,8.795997858047485,-3.6989986896514893,5.096999168395996,-25.399898529052734,20.19997787475586,12,right,46.45075260930758,167.22270939350727
2095.866779187825,177.6241912841797,-821.1417541503906,10.6192626953125,177.7997562471672,-821.0184160471808,0.21455848604099614,-0.958380305385854,-0.0052035227554817,192.17750108742015,1.1844857275408405,8.795997858047485,-2.699998617172241,6.095999240875244,-23.349929809570312,20.19997787475586,12,right,49.11517844404672,176.8146423985682
2107.2273373823423,183.90731811523438,-830.6058349609375,10.744857788085938,184.1485739447188,-830.4538429375533,0.2851419829359619,-1.0086070583198645,-0.0034387994014877937,290.7991665833578,1.0865618967257684,8.79499876499176,-1.699999451637268,7.094999313354492,-22.049949645996094,19.899982452392578,13,straight,51.76653103813567,186.35951173728841
2119.283551463629,190.16012573242188,-840.9130249023438,10.873428344726562,190.4175693761805,-840.7610411903765,0.2989586566986281,-1.0374972830839628,-0.0014744317271871976,678.2274021651173,1.0880493335607921,9.19399893283844,-1.100000023841858,8.093998908996582,-21.899951934814453,18.949996948242188,13,straight,54.43918845879389,195.98107845165802
2132.2143142838463,196.6837158203125,-852.07666015625,11.017120361328125,196.90825728005032,-851.9459952025778,0.2597926043199634,-1.043777742039278,0.0004617406625483447,2165.7178609330276,1.1437440843368951,9.792998611927032,-0.7000001072883606,9.092998504638672,-20.699970245361328,17.65001678466797,13,straight,57.16701076574911,205.80123875669682
2145.8121032604568,203.61387634277344,-863.7748260498047,11.177291870117188,203.76391115856728,-863.6834889845986,0.17564995141115147,-1.0239514382215718,0.0017694325600234526,565.1529324105721,1.2237770272194304,10.641998171806335,-0.5500000715255737,10.091998100280762,-19.84998321533203,17.65001678466797,13,straight,59.90169833616231,215.64611401018433
2159.5927885834917,210.94607543945312,-875.4416809082031,11.352340698242188,210.99441078617818,-875.4103177454311,0.05761903957976017,-0.9952187119808495,0.002353360381043307,424.92429466186286,1.2863178618539084,11.690997779369354,-0.6000000834465027,11.090997695922852,-19.84998321533203,16.250038146972656,13,straight,62.55130629173244,225.18470265023677
2173.2828825140678,218.58963012695312,-886.7978668212891,11.530624389648438,218.5227903537462,-886.8447263152104,-0.08162945211699468,-0.9593512571893245,0.0027133919359865824,368.54240876056946,1.2713802669570895,11.950024366378784,-0.8500001430511475,11.100024223327637,-18.350006103515625,15.300040245056152,13,straight,65.07676613280356,234.2763580780928
2186.86010256129,226.58090209960938,-897.7729339599609,11.699081420898438,226.3982003080606,-897.911693113636,-0.22942111359626066,-0.921252807934793,0.0034051315537754825,293.6744099919539,1.1845727223398828,11.95002281665802,-1.1999999284744263,10.750022888183594,-16.35003662109375,14.750038146972656,13,straight,63.5084588604502,228.6304518976207
2200.3255498980566,235.01377868652344,-908.2696838378906,11.851089477539062,234.7281929911037,-908.5118917955576,-0.3744647969911465,-0.8674007863812621,0.0036528334956927415,273.7600827355409,1.0537107134835133,11.950021386146545,-1.4999996423721313,10.450021743774414,-13.850034713745117,14.450037002563477,13,straight,61.31737907224932,220.74256466009754
2213.6806161287827,243.8793182373047,-918.2568206787109,11.981857299804688,243.5068934832917,-918.6020979024498,-0.5078548598118265,-0.8232057699700825,0.0033206137720561794,301.14914550293616,0.8857139958482918,12.000020384788513,-1.7499994039535522,10.250020980834961,-10.450021743774414,14.20003604888916,13,straight,63.829872752702045,229.78754190972737
2226.9152881119708,253.07749938964844,-927.7720184326172,12.086822509765625,252.6393187715912,-928.2157453518827,-0.6236151320501291,-0.7791092636498429,0.003073832295970757,325.3267920018996,0.681450220714408,11.950019240379333,-1.949999213218689,10.000020027160645,-6.8000078201293945,13.950035095214844,13,straight,66.22574856351805,238.412694828665
2240.0267319531554,262.58326721191406,-936.8022308349609,12.161666870117188,262.0974764907021,-937.3319592157998,-0.7187522398446935,-0.7421589237724125,0.002918664833280824,342.6224171399345,0.44181790075788485,11.950018167495728,-2.1999990940093994,9.750019073486328,-7.350009918212891,13.75003433227539,13,straight,65.31439958067641,235.1318384904351
2253.0076507345293,272.30491638183594,-945.4040985107422,12.202438354492188,271.7923134197301,-946.0090138229358,-0.7928961670269238,-0.7029805048211143,0.003467877029626157,288.36085923952203,0.11184906666756866,12.15001654624939,-2.699998617172241,9.450017929077148,-7.350009918212891,13.400032997131348,13,straight,62.93129619510149,226.55266630236537
2265.857499269532,282.3280029296875,-953.4450073242188,12.191085815429688,281.8131970441158,-954.1184220134435,-0.8476511331219565,-0.6526982944346674,0.00348981572937955,286.548080914802,-0.6563277691839953,11.950015783309937,-2.699998617172241,9.250017166137695,-6.700007438659668,13.200032234191895,13,straight,62.73317577872086,225.8394328033951
2278.574753174547,292.5795135498047,-960.9690399169922,12.0361328125,292.06942129289524,-961.6932351956592,-0.8858063627015554,-0.6136443681928376,0.002801072477635804,357.00611390249793,-1.7507258316038055,12.150015592575073,-2.899998426437378,9.250017166137695,-6.900008201599121,13.200032234191895,13,straight,65.07585089127578,234.27306320859282
2291.1543684071526,302.96217346191406,-968.0658721923828,11.749664306640625,302.4618234080635,-968.8266346795141,-0.9105546321964663,-0.5817660440646159,0.0028033865806047255,356.711417154707,-2.692423140019301,11.950013399124146,-3.199998140335083,8.750015258789062,-7.1500091552734375,12.700030326843262,13,straight,67.31300639742683,242.3268230307366
2303.5983996158025,313.4837951660156,-974.6991424560547,11.363510131835938,313.00547823140164,-975.490681280099,-0.9248355529000594,-0.5435660350743861,0.002972400298331481,336.42844153976745,-3.406997331535644,11.950011730194092,-3.5499978065490723,8.40001392364502,-7.5000104904174805,12.400029182434082,13,straight,67.9743202695486,244.70755297037496
2315.9076583260576,324.1204833984375,-980.8773651123047,10.907135009765625,323.66754596139606,-981.6906115930623,-0.9308717206674397,-0.5081632608964538,0.002894352092412924,345.5004671412778,-3.9034955542179226,11.950010061264038,-3.8999974727630615,8.050012588500977,-7.850011825561523,12.000027656555176,13,straight,68.88471104474715,247.98495976108975
2328.081870532759,334.8494415283203,-986.6090393066406,10.4083251953125,334.42605312440844,-987.4369783981929,-0.9299144476172789,-0.47270715000243774,0.002962592269415233,337.54222959522656,-4.182135069483511,12.000009536743164,-4.349998474121094,7.65001106262207,-8.25001335144043,11.60002613067627,13,straight,67.84081785207597,244.2269442674735
2340.121322218313,345.6504364013672,-991.9027252197266,9.89471435546875,345.2606091440996,-992.7384742100778,-0.9221939413062422,-0.43644150186073594,0.003179961865925715,314.46917987140426,-4.258749450696947,11.9500093460083,-4.800000190734863,7.1500091552734375,-9.150016784667969,11.1500244140625,13,straight,65.7184883906642,236.58655820639115
2352.0875901154586,356.583984375,-996.7390747070312,9.385971069335938,356.233781370453,-997.5757810139094,-0.9070389122652643,-0.39639435244178756,0.003323735022601554,300.86634259348386,-4.1468809920065794,11.9500093460083,-5.2000017166137695,6.750007629394531,-9.150016784667969,10.70002269744873,13,straight,64.28139971390563,231.41303897006026
2363.913449755423,367.5697479248047,-1001.0905456542969,8.907791137695312,367.2608350218019,-1001.9178705183898,-0.8831158544539832,-0.3573563715770072,0.0032570318300230872,307.0280096074196,-3.8447633922339017,11.9500093460083,-5.650003433227539,6.300005912780762,-9.600018501281738,10.40002155303955,13,straight,64.93629712224359,233.77066964007693
2375.5741915041012,378.5581512451172,-1004.9695739746094,8.482315063476562,378.2912494005786,-1005.7752913175148,-0.8487738398870113,-0.31988330295482675,0.0034228500969617926,292.15419071014094,-3.373805593710111,11.9500093460083,-6.050004959106445,5.9000043869018555,-10.000020027160645,10.150020599365234,13,straight,63.343868331615774,228.0379259938168
2387.06165658087,389.5295104980469,-1008.3554382324219,8.125869750976562,389.30914489805167,-1009.1270220599398,-0.8024354183038087,-0.27819550391706716,0.0034841447454905007,287.0144821894359,-2.733450319461311,11.9500093460083,-6.400006294250488,5.5500030517578125,-10.350021362304688,9.950019836425781,13,straight,62.78420898912172,226.0231523608382
2398.3667000331957,400.45298767089844,-1011.2554168701172,7.8579559326171875,400.27607947140274,-1011.9770190480758,-0.7429712069006785,-0.24041848096229437,0.003255200637635699,307.2007262588628,-1.9206130500790508,11.9500093460083,-6.750007629394531,5.2000017166137695,-10.70002269744873,9.800019264221191,13,straight,64.86927501854224,233.52939006675206
2409.477411943241,411.28749084472656,-1013.7119293212891,7.6936187744140625,411.15097582321835,-1014.3678615797276,-0.6699876706011372,-0.20519442808549349,0.00313490773265585,318.9886546207259,-0.9603686080369489,11.9500093460083,-7.050008773803711,4.90000057220459,-11.00002384185791,9.800019264221191,13,straight,66.18904881142386,238.2805757211259
2420.381737513991,421.99810791015625,-1015.7575531005859,7.6444091796875,421.8985114262062,-1016.3329659677279,-0.5839686869069141,-0.17138890517832495,0.0028053269501643364,356.4646894157631,-0.11030638482385502,11.9500093460083,-7.350009918212891,4.59999942779541,-11.30002498626709,9.700018882751465,13,straight,65.19728967412317,234.71024282684343
2431.066020050214,432.55003356933594,-1017.4339141845703,7.6683197021484375,432.4800138500919,-1017.9150927157758,-0.48624637785391583,-0.1445028664481817,0.0024745898907783627,404.10736491187146,0.39592010990922577,11.9500093460083,-7.700011253356934,4.249998092651367,-11.650026321411133,9.700018882751465,13,straight,63.2387209929067,227.65939557446413
2441.5192708313502,442.9126434326172,-1018.8062438964844,7.7273101806640625,442.8676470137259,-1019.1823772903274,-0.37881526853718933,-0.11906306414850759,0.0028045910981573637,356.5582165104236,0.7075598580570774,11.950010299682617,-8.10001277923584,3.8499975204467773,-12.050027847290039,9.500018119812012,13,straight,61.26193350219714,220.5429606079097
2451.734608291912,453.07154846191406,-1019.8750152587891,7.8138885498046875,453.04868136980645,-1020.1380719398647,-0.2640487102032184,-0.08671041173724281,0.003223751373762486,310.1976188793014,0.9651147279240158,12.000012636184692,-8.600014686584473,3.3999979496002197,-12.550029754638672,9.350017547607422,13,straight,59.26647105451915,213.35929579626895
2461.7022826490183,463.0139617919922,-1020.5759887695312,7.9215240478515625,463.0061640171667,-1020.7201826217358,-0.14440454392369867,-0.05402578925022151,0.0036374102002840773,274.9208763756975,1.1735133199532455,11.950014591217041,-9.000016212463379,2.949998378753662,-12.950031280517578,9.050016403198242,13,straight,57.25238568123119,206.1085884524323
2471.418634208687,472.7233428955078,-1020.9228363037109,8.044418334960938,472.72300377652357,-1020.9450146010881,-0.022180889888266785,-0.015289386435055272,0.00362341355634652,275.9828499974753,1.3383831240413535,11.950016498565674,-9.400017738342285,2.5499987602233887,-13.350032806396484,8.800015449523926,13,straight,55.21841979875566,198.78631127552038
2480.973724183425,482.27748107910156,-1020.9185943603516,8.179214477539062,482.27587925326395,-1020.8179781795749,0.10062893063176044,0.015918816609835046,0.0033736231799055705,296.4172187209096,1.4625419827564101,11.950017929077148,-9.700018882751465,2.2499990463256836,-13.650033950805664,8.800015449523926,13,straight,53.14234513743608,191.3124424947699
2490.458702857841,491.7564239501953,-1020.6122589111328,8.32281494140625,491.7455477359682,-1020.390153472629,0.22237157608134633,0.048929613374475815,0.0029239943971551365,341.99791934380494,1.5432019107747497,11.950019240379333,-10.000020027160645,1.949999213218689,-13.950035095214844,8.450014114379883,13,straight,50.997985340559495,183.59274722601418
2499.686976259846,500.9672546386719,-1020.0639953613281,8.467849731445312,500.9430439594685,-1019.723178216318,0.34167599172364027,0.07091802106183172,0.002671523046813341,374.31831299109507,1.5838278135374917,11.950020909309387,-10.350021362304688,1.5999995470046997,-14.300036430358887,6.950008392333984,13,straight,48.82134819747531,175.75685351091113
2508.596863170102,509.8445587158203,-1019.3161010742188,8.610015869140625,509.80017317839196,-1018.8609241798245,0.4573358515612904,0.09720539820791427,0.0030535992150085315,327.48240014110894,1.61595592821685,12.000022530555725,-10.70002269744873,1.2999998331069946,-14.65003776550293,6.950008392333984,13,straight,46.623488312266495,167.84455792415937
2517.1752715913008,518.3704528808594,-1018.3787994384766,8.750320434570312,518.300039069433,-1017.8150221882286,0.5681574541769062,0.12425309619421804,0.004033860199252506,247.90150144154842,1.825561104825113,11.950024008750916,-11.00002384185791,0.9500001668930054,-14.95003890991211,7.1500091552734375,14,left,44.40472513748226,159.85701049493613
2525.4006955328487,526.5106201171875,-1017.2091827392578,8.91546630859375,526.4005154782321,-1016.5454115380136,0.6728411693117214,0.16438064104865455,0.005307670274474966,188.40657921217985,2.0571377568327054,12.200025141239166,-11.30002498626709,0.9000001549720764,-15.250040054321289,7.600010871887207,14,left,42.16776296242836,151.8039466647421
2533.283609774264,534.2567443847656,-1015.7564697265625,9.08135986328125,534.0966581085468,-1015.0034098438032,0.7698875261069797,0.2094629597455754,0.007633640089544237,130.99910242948127,1.9735477339238527,11.590999007225037,-10.440999031066895,1.149999976158142,-15.250040054321289,8.450014114379883,14,left,39.906451863773434,143.66322670958436
2540.9243772091136,541.6716766357422,-1013.9179382324219,9.222457885742188,541.43305953689,-1013.0942351602707,0.8575691639371005,0.28196982932771114,0.00972228642170396,102.85646365731495,1.7535526110647237,11.291998744010925,-9.441999435424805,1.8499993085861206,-15.250040054321289,9.800019264221191,14,left,37.5849793384214,135.30592561831705
2548.291515917367,548.6760101318359,-1011.6378021240234,9.34503173828125,548.351153967673,-1010.7621515921528,0.9339675483441621,0.3552489952779655,0.009224686660220846,108.40476612742304,1.3797011043014673,11.291999340057373,-8.442999839782715,2.848999500274658,-14.850038528442383,11.75002670288086,14,left,38.58537362776248,138.90734505994493
2555.3825907428295,555.2496643066406,-1008.9799346923828,9.423477172851562,554.8469855338845,-1008.0677925223359,0.9970724810193708,0.4157335263006551,0.008963240351544083,111.56679512981393,0.9070979881812269,11.291999816894531,-7.444000244140625,3.8479995727539062,-20.449974060058594,14.150035858154297,14,left,38.63376560079338,139.08155616285617
2562.248697530617,561.4527435302734,-1006.0366668701172,9.472518920898438,560.9700989571406,-1005.1099520917603,1.044866529466638,0.4801585844316327,0.010319237984861,96.90638024503995,0.6634988092014238,11.291999816894531,-6.445000171661377,4.846999645233154,-20.449974060058594,17.42940330505371,14,left,36.48166972995313,131.33401102783128
2568.8896049534546,567.2204284667969,-1002.7451934814453,9.513320922851562,566.6540429343388,-1001.8310667088405,1.0753698562684475,0.5547008796881141,0.011145790437841363,89.71997146159092,0.18228190565363622,11.291999816894531,-5.446000099182129,5.845999717712402,-26.049888610839844,24.069185256958008,14,left,34.88959513770915,125.60254249575294
2575.3149712447307,572.5730743408203,-999.1907196044922,9.4981689453125,571.9365667383819,-998.310034186655,1.0866226268364236,0.6258260040304588,0.011578703170654042,86.36545779448575,-0.6616213804782389,11.291999816894531,-4.447000026702881,6.84499979019165,-30.499820709228516,30.493534088134766,14,left,32.649732386521244,117.53903659147647
2581.5654805720983,577.4957275390625,-995.3395080566406,9.430923461914062,576.8010844240779,-994.5169635744933,1.0766190051762112,0.7012954033796753,0.013846272892590349,72.22160127546937,-1.0784784534947023,11.291999816894531,-3.447999954223633,7.843999862670898,-33.79977035522461,36.74268341064453,14,left,30.312423745189232,109.12472548268124
2587.6574225642767,581.9853057861328,-991.2223358154297,9.365066528320312,581.2396815120792,-990.4926016297054,1.0432964774562923,0.796168070771951,0.017711820759452948,56.45946927654468,-1.0425730919142007,11.291999340057373,-2.4489998817443848,8.842999458312988,-35.89973831176758,42.83327102661133,14,left,27.846262784152287,100.24654602294824
2593.624994194984,585.9077758789062,-986.7253875732422,9.305099487304688,585.1276976647241,-986.1244132514141,0.9847294835325768,0.9143648813227712,0.020217671912483803,49.46167908593522,-1.0377550914941969,11.291998744010925,-1.4499996900558472,9.841999053955078,-36.84972381591797,48.79954147338867,14,left,26.06351282091948,93.82864615531014
2599.519074374948,589.2318115234375,-981.8584594726562,9.242019653320312,588.4577958794382,-981.3998690188635,0.8996696179517334,1.0359229948360478,0.019887189222189405,50.283626752252964,-1.0747599283067455,11.390998721122742,-0.5500000715255737,10.840998649597168,-37.44971466064453,49.9995231628418,14,left,26.279180539268005,94.60504994136483
2605.3976035580117,591.9423217773438,-976.6425018310547,9.178573608398438,591.2231246648442,-976.3193555011054,0.7884592806145381,1.1485118700598491,0.01875214594386858,53.327230013745265,-0.9257691463966489,13.389997839927673,-1.5499995946884155,11.839998245239258,-37.94970703125,49.9995231628418,14,left,27.062819088350302,97.42614871806109
2611.3152873090153,594.0743255615234,-971.1224060058594,9.1329345703125,593.4520264610662,-970.9205243630702,0.6542265418989592,1.2570958409591175,0.017321614944934394,57.7313375905775,-1.0515394810401757,12.7399982213974,-1.5499995946884155,11.189998626708984,-38.24970245361328,49.9995231628418,14,left,28.158163833407027,101.3693898002653
2617.3055171245596,595.6389770507812,-965.3406829833984,9.052947998046875,595.1466916491399,-965.2325763801584,0.5040158274630155,1.354626174796371,0.015449049892590508,64.72889963800351,-1.1142657317126603,11.240999102592468,-1.0500000715255737,10.190999031066895,-38.39970016479492,49.9995231628418,14,left,29.815880124999502,107.33716844999822
2623.3648475673526,596.7055511474609,-959.3762054443359,8.998977661132812,596.3590054360948,-959.3317228282875,0.34938894257945935,1.443134379920757,0.016237565808189247,61.585585660608096,-0.9668152679019548,10.041999578475952,-0.8500001430511475,9.191999435424805,-38.39970016479492,49.9995231628418,14,left,29.082923399527626,104.69852423829946
2629.5228855418495,597.1717376708984,-953.2361755371094,8.934677124023438,596.9656909746967,-953.2325765050498,0.2060781260770422,1.5533310328927847,0.01802186546596557,55.488151428524844,-1.2658975374064685,10.04199993610382,-1.849000096321106,8.192999839782715,-38.14970397949219,49.9995231628418,14,left,27.605692741160478,99.38049386817772
2635.8768181850405,596.9136047363281,-946.8881988525391,8.839706420898438,596.8216019423405,-946.8972327404834,0.09244525532944053,1.668674019077104,0.01608986100626944,62.15094086955433,-1.961870709576341,10.04200029373169,-2.8480000495910645,7.194000244140625,-37.699710845947266,49.9995231628418,14,left,29.216108945279814,105.17799220300734
2642.572912463109,595.9430999755859,-940.2648468017578,8.675369262695312,595.9167469520036,-940.2699439282978,0.026841433473238197,1.7618542785412548,0.010379545198976728,96.34333497565822,-2.966560593865819,10.04200029373169,-3.8470001220703125,6.195000171661377,-36.54972839355469,49.9995231628418,14,left,31.79990354679241,114.47965276845268
2649.62192568441,594.4090576171875,-933.3892211914062,8.428237915039062,594.3854167058219,-933.3949560276814,0.024326550049254658,1.8087803194981897,0.004302564971358919,232.41950014857318,-3.743274984365408,10.04200029373169,-4.8460001945495605,5.196000099182129,-34.199764251708984,49.9995231628418,14,left,34.31028756608749,123.51703523791497
2657.042378486384,592.6091461181641,-926.1964721679688,8.131927490234375,592.5186170461047,-926.2197345275912,0.09347005008623596,1.8223148709254806,0.0011900629479283664,840.2916851925996,-3.863571614286976,10.04200029373169,-5.845000267028809,4.197000026702881,-30.849815368652344,49.9995231628418,14,left,36.76823321343161,132.3656395683538
2664.9633202468704,590.6106414794922,-918.5374755859375,7.83685302734375,590.3842317167025,-918.5966364457666,0.23401151258478453,1.8263816376226543,-0.001704278942304266,586.7584086017941,-3.1719389979311785,10.04200029373169,-6.844000339508057,3.197999954223633,-28.099857330322266,49.9995231628418,14,left,39.22236130635407,141.20050070287465
2673.4203799843876,588.5849151611328,-910.3295135498047,7.618560791015625,588.159545044227,-910.4251472183437,0.4359879985902197,1.791943819447349,-0.005437571047404444,183.90564303106208,-2.147299251969881,10.04200029373169,-7.843000411987305,2.1989998817443848,-23.749923706054688,49.9995231628418,15,right,41.68340966027477,150.06027477698916
2682.1298740682087,586.9080352783203,-901.7842559814453,7.470458984375,586.2363019673052,-901.8937224930347,0.6805942684792967,1.7323375987199472,-0.008770331938630305,114.02076990898634,-1.2226450284039403,10.04199993610382,-8.842000007629395,1.1999999284744263,-19.749984741210938,49.9995231628418,15,right,39.39288588628573,141.81438919062865
2690.9663559035744,585.8978271484375,-893.0059509277344,7.4052581787109375,584.9572822425081,-893.0688451764322,0.942645429941167,1.6375669329364684,-0.010220625833755631,97.84136668982666,-0.38777884727418943,9.694997429847717,-9.34499740600586,0.3500000238418579,-16.400035858154297,49.9995231628418,15,right,36.65724116894341,131.96606820819628
2699.9387980856486,585.6650390625,-884.0365295410156,7.4023590087890625,584.4711398344489,-884.0122436061781,1.1941462110528869,1.5504574360550127,-0.009666205915006346,103.4532068520851,0.01104254373632263,9.04599791765213,-8.34599781036377,0.7000001072883606,-14.150035858154297,49.9995231628418,15,right,37.69385020008618,135.69786072031025
2709.0682381214647,586.2557830810547,-874.9262237548828,7.4073944091796875,584.8557450740161,-874.774156332508,1.408272318161597,1.4626038274490007,-0.009059546272989535,110.38080383577672,0.10834180841734486,9.045998692512512,-7.346998691558838,1.6990000009536743,-14.05003547668457,49.9995231628418,15,right,38.9354589016305,140.1676520458698
2718.3503117252963,587.6195068359375,-865.7448883056641,7.4224700927734375,586.0837443810178,-865.4543607553757,1.5630011437671913,1.3838309519964873,-0.007254454985583317,137.84633056339683,0.315215131236829,9.045998573303223,-6.34799861907959,2.697999954223633,-13.500033378601074,49.9995231628418,15,right,41.64741409510521,149.93069074237877
2727.735408152676,589.6329956054688,-856.5784301757812,7.466552734375,588.0376980761422,-856.1823527881515,1.6437309707086836,1.327438961509941,-0.00531330951779968,188.20661522728582,0.5989536476158741,9.045998573303223,-5.348998546600342,3.697000026702881,-13.75003433227539,49.9995231628418,15,right,44.220694375997724,159.1944997535918
2736.9476400623385,592.0424194335938,-847.6871185302734,7.533416748046875,590.464744703284,-847.2231557079552,1.6444813939814227,1.2847793964817875,-0.0046849212648050614,213.45075903673907,0.8795872887209011,9.045998573303223,-4.349998474121094,4.696000099182129,-13.75003433227539,49.9995231628418,15,right,46.608610783593306,167.7909988209359
2745.8478138155965,594.7273712158203,-839.2020874023438,7.6249237060546875,593.2434319326617,-838.6968181702626,1.5676009673986144,1.24261700212884,-0.0036955996776131816,270.59207902243736,1.1658087989570132,9.094998121261597,-3.3999979496002197,5.695000171661377,-13.500033378601074,49.9995231628418,15,right,47.143114511240675,169.71521224046643
2754.417632337253,597.5985717773438,-831.1283264160156,7.7361907958984375,596.2631636725059,-830.6389650608759,1.4222479890548865,1.2195418388188832,-0.0005657362314410441,1767.6081969379945,1.4128563066896194,9.543998718261719,-2.8499984741210938,6.694000244140625,-12.900031089782715,49.9995231628418,15,right,44.95225732425536,161.8281263673193
2762.635985676037,600.4050140380859,-823.4050140380859,7.861328125,599.2524665640962,-822.9984285743875,1.2221609628404737,1.2316549395130236,0.003786884558190387,264.0693120251501,1.568454975984468,10.042999267578125,-2.349998950958252,7.693000316619873,-12.450029373168945,49.9995231628418,15,right,42.745906558847764,153.88526361185197
2770.5328923831594,602.8743133544922,-815.9051818847656,7.9886627197265625,601.9325611715362,-815.6224211633224,0.9832857162052507,1.2791105521490371,0.0072326320635121705,138.262252416363,1.5812196996298544,10.29199993610382,-1.5999995470046997,8.692000389099121,-11.75002670288086,49.9995231628418,16,left,40.51280977697365,145.84611519710512
2778.207260022519,604.8648071289062,-808.4944000244141,8.107681274414062,604.1615542485113,-808.3319197799132,0.72177866665405,1.343739471741613,0.00880397941266961,113.58499981961819,1.5407533534653073,10.291000068187714,-0.6000000834465027,9.690999984741211,-10.750022888183594,49.9995231628418,16,left,38.217828880303536,137.58418396909272
2785.714711537475,606.3020782470703,-801.126708984375,8.222610473632812,605.8551232517565,-801.0554270072244,0.45260345569000343,1.4126446469975873,0.010003459715590038,99.96541480959186,1.631507392873044,10.191998302936554,-0.30000001192092896,9.891998291015625,-10.350021362304688,49.79952621459961,16,left,35.83081084564013,128.99091904430446
2793.15360597738,607.2121124267578,-793.7448120117188,8.351394653320312,607.023950336588,-793.730170971593,0.18873084600309503,1.4931420084281168,0.01238741742526192,80.72707697414629,1.8443636815451248,9.642998814582825,-0.7500001192092896,8.892998695373535,-10.900023460388184,42.36274719238281,16,left,33.297232244781625,119.87003608121385
2800.5894690997425,607.4104156494141,-786.3130187988281,8.4969482421875,607.4696317356747,-786.3114729874914,-0.05923625920602624,1.5968949842224798,0.01327655534679939,75.32074200564925,1.9123877015428281,9.642999649047852,-1.749000072479248,7.8939995765686035,-12.250028610229492,34.92930603027344,16,left,32.16294561612146,115.78660421803727
2808.0606977677116,606.8693084716797,-778.8627166748047,8.636444091796875,607.1504621954679,-778.828754716123,-0.2831975124139704,1.691008874594153,0.011632270312407156,85.96774087457243,1.7613506119836808,9.642999649047852,-2.748000144958496,6.8949995040893555,-14.100035667419434,27.460378646850586,16,left,34.36103830170703,123.69973788614533
2815.382128169134,605.7052459716797,-771.6354370117188,8.7578125,606.1734943784642,-771.5412703455415,-0.4776232107793159,1.7692532785708246,0.0100734304088487,99.27104863121706,1.368426474655926,9.642999649047852,-3.747000217437744,5.895999431610107,-15.700041770935059,20.140953063964844,16,left,36.78391918410087,132.42210906276313
2822.487794420738,604.0766906738281,-764.7193450927734,8.835098266601562,604.6938072382868,-764.5513377431919,-0.6395774571095865,1.836600116020777,0.01006014798925775,99.40211625791214,0.8644594166128061,9.642999649047852,-4.746000289916992,4.896999359130859,-16.85002899169922,16.100040435791016,16,left,36.66932407403944,132.00956666654199
2829.402118560815,602.0311737060547,-758.1146697998047,8.879852294921875,602.7559743912043,-757.8588678182639,-0.7686160855417394,1.9100766419205844,0.011620778997212478,86.05275087323096,0.47817765211184415,9.642999649047852,-5.74500036239624,3.8979992866516113,-19.349990844726562,13.550033569335938,16,left,34.37802321968141,123.76088359085308
2836.299044806323,599.4658203125,-751.7126312255859,8.901199340820312,600.2547777200871,-751.354357598073,-0.8664951143300297,1.99706305857104,0.011807645503593506,84.69088944918467,0.1950270938773091,9.642999649047852,-6.744000434875488,2.8989992141723633,-20.19997787475586,11.650026321411133,16,left,34.10490691520946,122.77766489475407
2843.3635142748744,596.2891845703125,-745.4026641845703,8.906692504882812,597.1094473334607,-744.9504342167327,-0.9366658659404326,2.074654934030691,0.00883559416925056,113.17857982660384,0.02664351085672756,9.642999768257141,-7.743000507354736,1.8999992609024048,-20.64997100830078,10.500021934509277,16,left,36.461905392651666,131.262859413546
2850.8304944947067,592.5138092041016,-738.9604339599609,8.904647827148438,593.3508796388268,-738.44389605334,-0.9836149255004815,2.123678765718792,0.004978813696079276,200.85105831284298,-0.02228340811056828,10.041999459266663,-8.741999626159668,1.2999998331069946,-20.64997100830078,9.800019264221191,16,left,38.7978495171886,139.67225826187897
2858.8057349931046,588.2296142578125,-732.2336120605469,8.903305053710938,589.076762782704,-731.6797065620202,-1.0121620050782074,2.1498711698662967,0.002738835868788675,365.11862992442747,-0.012425675914951029,10.690999388694763,-9.740999221801758,0.9500001668930054,-20.64997100830078,9.400017738342285,17,straight,41.14659389855606,148.12773803480184
2867.2912118876957,583.5306091308594,-725.1680145263672,8.90264892578125,584.3796359387017,-724.5904097620291,-1.0268757394255905,2.1681876212382516,0.0019769277233661203,505.8353869899185,-0.004537202186050138,11.489998936653137,-10.739998817443848,0.7500001192092896,-20.3499755859375,9.200016975402832,17,straight,43.50660015973374,156.62376057504147
2876.1323448907847,578.4869384765625,-717.9066772460938,8.902542114257812,579.3306486319608,-717.3129691092284,-1.031666699134079,2.1839927170577176,0.000751136305408337,1331.3162907980786,-0.0035635972572667374,12.488998532295227,-11.738998413085938,0.7500001192092896,-19.84998321533203,9.100016593933105,17,straight,45.836447210529656,165.01120995790677
2885.4643798648767,573.1248474121094,-710.2689514160156,8.9019775390625,573.9687533297023,-709.6791348186214,-1.029592548686205,2.180792213877923,0.00034729671055958033,2879.3822964483434,-0.11626184227128689,13.487998127937317,-12.737998008728027,0.7500001192092896,-19.299991607666016,9.100016593933105,17,straight,48.1735749588267,173.42486985177612
2895.464733477359,567.3622283935547,-702.0959014892578,8.8785400390625,568.1942014293481,-701.5008599200714,-1.0228653876963731,2.191662450222232,0.0008001797407016648,1249.7192182385375,-0.39601764997141964,13.450030267238617,-12.650030136108398,0.8000001311302185,-18.650001525878906,9.100016593933105,17,straight,50.55829951418439,182.0098782510638
2906.115580736958,561.13671875,-693.4541473388672,8.818023681640625,561.9575345228744,-692.8605234266053,-1.0129797047367521,2.1969316206681095,0.00020899123863031555,4784.8895798397525,-0.7291815177668748,13.25002896785736,-12.300028800964355,0.9500001668930054,-17.900012969970703,9.200016975402832,17,straight,52.980234027852035,190.72884250026732
2917.300035704815,554.580078125,-684.3936614990234,8.717559814453125,555.3916947413459,-683.807948411905,-1.000890279876095,2.195913266053951,-0.00024937688574341865,4009.9947395641543,-1.053559024639844,13.000027298927307,-11.90002727508545,1.100000023841858,-17.050025939941406,9.200016975402832,17,straight,55.409674294379315,199.47482745976555
2929.176627180463,547.6546020507812,-674.7463684082031,8.572845458984375,548.4579589014431,-674.1726525219799,-0.9871839482134503,2.190954780900668,-0.0003328448986142374,3004.4023632730696,-1.3666346490668002,12.800025820732117,-11.550025939941406,1.2499998807907104,-16.150039672851562,9.000016212463379,17,straight,57.87792735673817,208.3605384842574
2941.937185405748,540.2560577392578,-664.3513946533203,8.378143310546875,541.0489721968619,-663.7888237092434,-0.9722136618033754,2.1878681520347616,-0.00018560075880748317,5387.909006542711,-1.6685915297799947,12.65002429485321,-11.200024604797363,1.4499996900558472,-15.300040245056152,8.150012969970703,17,straight,60.417622081375974,217.5034394929535
2955.6922900925206,532.3097534179688,-653.1265869140625,8.127456665039062,533.0905455284013,-652.574631376329,-0.9561857744959952,2.1861497778285965,-8.403836530108955e-05,11899.327127761671,-1.9542764234325827,12.45002281665802,-10.85002326965332,1.5999995470046997,-15.250040054321289,7.100008964538574,17,straight,63.04077444569777,226.94678800451197
2970.359653440571,523.8444366455078,-641.1526336669922,7.8202056884765625,524.6116849063176,-640.6109347203484,-0.9392058573660633,2.1855566488260942,-7.506201832306603e-05,13322.316963234482,-2.2094518971587815,12.150021433830261,-10.500021934509277,1.6499994993209839,-14.50003719329834,6.000004768371582,17,straight,65.72265701704276,236.60156526135395
2985.2912754533872,515.2566375732422,-628.9427032470703,7.472869873046875,516.0101289420298,-628.4125746120059,-0.9212956162670094,2.183909554374838,-0.00022605181201598712,4423.764583357009,-2.419006664920759,12.050020098686218,-10.200020790100098,1.8499993085861206,-14.150035858154297,5.9000043869018555,17,straight,68.34484438529059,246.0414397870461
3000.204264933773,506.7023162841797,-616.7328491210938,7.098297119140625,507.4429868202345,-616.2173623816955,-0.9023964879559198,2.17881453078605,-0.00031118122790736724,3213.5614565338788,-2.579291229008207,11.950018882751465,-9.900019645690918,2.049999237060547,-13.850034713745117,6.150005340576172,17,straight,70.86698228636374,255.12113623090946
3015.0870268193785,498.2253723144531,-604.5065307617188,6.7043914794921875,498.95170363102534,-604.0055159568996,-0.8823678462418658,2.174635835746784,-0.00039951452329042847,2503.0379165291233,-2.6905446205014396,11.950017929077148,-9.700018882751465,2.2499990463256836,-13.650033950805664,6.300005912780762,17,straight,73.2975369586897,263.8711330512829
3029.9374851080074,489.8489532470703,-592.2506408691406,6.29833984375,490.5614306228911,-591.7672283173823,-0.8609946029180524,2.166943340657998,-0.00047262793993363417,2115.829208362965,-2.7528493195712214,11.95001745223999,-9.600018501281738,2.349998950958252,-13.550033569335938,6.400006294250488,17,straight,75.64501380896141,272.3220497122611
3044.754230734223,481.5652160644531,-579.9727325439453,5.8877105712890625,482.26164375575365,-579.5066221235228,-0.8380157834054344,2.1606112307153302,-0.0003105005086639079,3220.606640237168,-2.764886624111873,11.900017261505127,-9.550018310546875,2.349998950958252,-13.500033378601074,6.400006294250488,17,straight,77.91670920400564,280.5001531344203
3059.5361712698236,473.3671112060547,-567.6792144775391,5.4799652099609375,474.0441793047584,-567.2288659393345,-0.8131635851077768,2.157744808373043,2.7893784759758233e-07,1000000.0,-2.726407707120382,11.95001745223999,-9.600018501281738,2.349998950958252,-13.550033569335938,6.300005912780762,17,straight,80.0,288.0
3074.2825172519706,465.18597412109375,-555.4168395996094,5.0826263427734375,465.8393531184236,-554.9795464070643,-0.7862120899592745,2.1606056595084655,0.0001258819251599569,7943.952229276047,-2.6376789888023944,11.95001769065857,-9.650018692016602,2.2999989986419678,-13.650033950805664,6.250005722045898,17,straight,80.0,288.0
3088.9914256335273,457.0084228515625,-543.1965484619141,4.7029876708984375,457.6371865413507,-542.7749535638528,-0.7570244617364293,2.1614577866830036,9.394037045817871e-05,10645.050632892593,-2.500742639983633,11.950017929077148,-9.700018882751465,2.2499990463256836,-13.700034141540527,6.200005531311035,17,straight,80.0,288.0
3103.660910455185,448.8379669189453,-531.0182342529297,4.3478851318359375,449.43984815704573,-530.6130003408872,-0.7255863478914963,2.1633626413552163,0.00010792144329967168,9265.999132565736,-2.3156876392977006,11.950017929077148,-9.700018882751465,2.2499990463256836,-13.700034141540527,6.200005531311035,17,straight,80.0,288.0
3118.289033976183,440.66497802734375,-518.8905944824219,4.0244598388671875,441.23852569442005,-518.5033868172219,-0.6920164032725714,2.164621438414782,0.0002961235972999826,3376.968296744579,-2.081540066376178,11.950017929077148,-9.700018882751465,2.2499990463256836,-13.650033950805664,6.200005531311035,17,straight,80.0,288.0
3132.8735112100067,432.45855712890625,-506.8373565673828,3.7397003173828125,432.99998774676664,-506.4659905147615,-0.6565514899809743,2.171994871549912,0.0005132117495537936,1948.5134564230832,-1.798807698723151,11.95001745223999,-9.600018501281738,2.349998950958252,-13.500033378601074,6.300005912780762,17,straight,80.0,288.0
3147.41267378036,424.18894958496094,-494.88145446777344,3.5004425048828125,424.6971672943485,-494.5271804252094,-0.6195121769342806,2.1795673408068525,0.0003849516413039489,2597.7288903424187,-1.4692060564541212,11.950016498565674,-9.400017738342285,2.5499987602233887,-13.350032806396484,6.750007629394531,17,straight,80.0,288.0
3161.9213348702206,415.8746643066406,-482.99285888671875,3.3128204345703125,416.35029618390416,-482.658736737653,-0.5812600908074997,2.183185159387754,0.00019652647519682875,5088.372948217088,-1.1748232157285654,11.950015306472778,-9.150016784667969,2.7999985218048096,-13.100031852722168,6.8000078201293945,17,straight,80.0,288.0
3176.4521712886226,407.50196838378906,-471.11769104003906,3.159332275390625,407.9449497018331,-470.80512260913883,-0.542154472573482,2.1852720260884633,0.0001295349431823245,7719.924642978139,-0.6042671402414157,11.950013875961304,-8.850015640258789,3.0999982357025146,-12.750030517578125,7.100008964538574,17,straight,80.0,288.0
3190.925587581611,399.1411437988281,-459.303466796875,3.1370391845703125,399.5512608131268,-459.013059265352,-0.5025261185078477,2.1869438375399475,0.00014409850143048963,6939.697429694513,-0.16132196064277127,11.95001220703125,-8.500014305114746,3.449997901916504,-12.450029373168945,7.450010299682617,17,straight,80.0,288.0
3205.3350306139378,390.80064392089844,-447.5532531738281,3.1127471923828125,391.17756848063976,-447.2849398593939,-0.46267068033198955,2.189430353005321,1.5880694986189492e-05,62969.536337650294,-0.07997313520931026,11.950010299682617,-8.10001277923584,3.8499975204467773,-12.050027847290039,7.80001163482666,17,straight,80.0,288.0
3219.672474948316,382.49627685546875,-435.86566162109375,3.113922119140625,382.84126441583976,-435.6211246337892,-0.42286493703157296,2.187422863355447,-7.162640212242388e-05,13961.332279273214,0.008162952512175137,12.599009037017822,-7.750011444091797,4.848997592926025,-11.700026512145996,8.350013732910156,17,straight,80.0,288.0
3233.9343233273726,374.24473571777344,-424.2332763671875,3.115081787109375,374.5575423079012,-424.01157426908804,-0.38340550743179486,2.1873715756806096,-6.853808239679071e-05,14590.428635144086,0.007830489219985692,14.59700870513916,-8.749011039733887,5.847997665405273,-11.30002498626709,10.350021362304688,17,straight,80.0,288.0
3248.116485730593,366.0554656982422,-412.65443420410156,3.11614990234375,366.3370427549213,-412.4556636315423,-0.34466705581418355,2.1854836864097273,-0.00026328113677702436,3798.2212179785247,0.007065268978688477,16.194003582000732,-9.347005844116211,6.8469977378845215,-11.550025939941406,10.350021362304688,17,straight,80.0,288.0
3262.215292790062,357.95562744140625,-401.1145477294922,3.1170806884765625,358.20755108891797,-400.93879169949525,-0.3071737395284437,2.1799473658465005,-0.0003217929263686775,3107.5885081895867,0.005803145742359905,14.747008800506592,-8.348006248474121,6.399002552032471,-11.550025939941406,9.450017929077148,17,straight,80.0,288.0
3276.227218839703,349.95855712890625,-389.6088562011719,3.1177825927734375,350.18191090328605,-389.4541987173098,-0.27167231335610526,2.1764255717986987,-0.00013511821197878526,7400.926828109661,0.00469579582898505,12.749008655548096,-7.349006175994873,5.400002479553223,-10.500021934509277,9.400017738342285,17,straight,80.0,288.0
3290.1485713188736,342.0322723388672,-378.16429138183594,3.1183929443359375,342.2289569553709,-378.02818006423377,-0.2391884803844358,2.1761520855257634,-0.00026570124596544953,3763.62555759349,0.07160062679705814,11.9500093460083,-6.350006103515625,5.600003242492676,-10.350021362304688,9.600018501281738,17,straight,80.0,288.0
3303.977174929389,334.19667053222656,-366.7698516845703,3.1375274658203125,334.3710534456205,-366.6509842196252,-0.21104235287314072,2.169097864705428,-0.0006593356060134725,1516.6782908119883,0.5635878739615907,11.9500093460083,-6.200005531311035,5.750003814697266,-10.200020790100098,9.750019073486328,17,straight,80.0,288.0
3317.7092432340196,326.5242614746094,-355.38189697265625,3.2729034423828125,326.6814346212013,-355.2772941026842,-0.18879925427812141,2.1580090621667707,-0.0008319708614279581,1201.9651725345816,1.4035678285545945,11.9500093460083,-6.200005531311035,5.750003814697266,-10.200020790100098,9.750019073486328,17,straight,80.0,288.0
3331.337119189793,319.0388641357422,-343.9965362548828,3.5206756591796875,319.1849517050902,-343.9017519897932,-0.1741425704030606,2.1463402659385897,-0.0010231662091228083,977.3583129346409,2.1665643962419683,11.9500093460083,-6.350006103515625,5.600003242492676,-10.100020408630371,9.600018501281738,17,straight,80.0,288.0
3344.8541056164554,311.7720489501953,-332.6041259765625,3.8602447509765625,311.91500756941315,-332.514602477641,-0.16867609097859737,2.1302722253122783,-0.0012740192586663118,784.9174910015373,2.792841337343993,11.9500093460083,-6.650007247924805,5.300002098083496,-9.650018692016602,9.250017166137695,17,straight,80.0,288.0
3358.2537626639637,304.7640686035156,-321.1905517578125,4.271759033203125,304.91292770021516,-321.1010637166355,-0.17368690274139684,2.112067870898662,-0.0014293313107875544,699.6278556642022,3.286454758887922,12.399007320404053,-7.649007320404053,4.75,-12.150028228759766,8.7000150680542,17,straight,80.0,288.0
3371.5303475686233,298.0364227294922,-309.7541809082031,4.736419677734375,298.20111147127614,-309.6595878998372,-0.1899216125197132,2.092160375263716,-0.0016546025197592407,604.3747595316783,3.6505160099326526,12.64800477027893,-8.6480073928833,3.99999737739563,-12.150028228759766,8.050012588500977,17,straight,80.0,288.0
3384.6775885411844,291.6254119873047,-298.286865234375,5.2359771728515625,291.816486091587,-298.1830779722824,-0.2174421971467106,2.068386884129895,-0.001938821621672318,515.7772065371628,3.8846061920601556,12.500014066696167,-9.000016212463379,3.499997854232788,-13.000031471252441,7.600010871887207,17,straight,80.0,288.0
3397.690480663888,285.56834411621094,-286.78118896484375,5.752410888671875,285.7961359265745,-286.66528381118,-0.25558386786828047,2.04147544877727,-0.0019913288012106123,502.17723933488935,3.990641291717012,12.95001745223999,-9.800019264221191,3.149998188018799,-13.500033378601074,7.350009918212891,17,straight,80.0,288.0
3410.563657501308,279.87542724609375,-275.2467803955078,6.2689361572265625,280.14881112905755,-275.1160597950615,-0.30302907920762384,2.016817883654858,-0.0018954094780623126,527.5904819376051,3.9769149843412093,12.950019598007202,-10.250020980834961,2.699998617172241,-13.950035095214844,6.950008392333984,17,straight,80.0,288.0
3423.2919129522465,274.5234069824219,-263.70933532714844,6.770660400390625,274.84994290094284,-263.5626712028822,-0.3579609914936335,1.992944483553362,-0.0019342709557518961,516.9906506771058,3.844665386698715,13.00002121925354,-10.600022315979004,2.399998903274536,-14.250036239624023,6.350006103515625,17,straight,80.0,288.0
3435.870468102117,269.50807189941406,-252.18353271484375,7.2421875,269.89376537563254,-252.02178605384714,-0.41823610549667883,1.967885111101379,-0.0020048438708026722,498.7919580987788,3.5986228308954704,12.950021982192993,-10.750022888183594,2.1999990940093994,-14.450037002563477,7.000008583068848,17,straight,80.0,288.0
3448.296284147324,264.84825134277344,-240.6725311279297,7.670928955078125,265.29682629673295,-240.49750107386075,-0.4815132491917139,1.9428184531472916,-0.0021290394063839535,469.69539267403246,3.2016651605729307,12.900022268295288,-10.800023078918457,2.099999189376831,-14.50003719329834,7.300009727478027,17,straight,80.0,288.0
3460.58299919324,260.5430450439453,-229.17050170898438,8.034088134765625,261.0563034081368,-228.98633713969426,-0.5452987593918653,1.9153020693869554,-0.0015580436972955636,641.8305222990792,2.4139448511140413,12.950022220611572,-10.800023078918457,2.1499991416931152,-14.50003719329834,7.450010299682617,17,straight,80.0,288.0
3472.814490964943,256.48573303222656,-217.63381958007812,8.263381958007812,257.0591518168292,-217.43500587229744,-0.6069069063181766,1.9045429176297946,-0.0006433776304484023,1554.2971229867746,1.3791608665913613,12.950021505355835,-10.650022506713867,2.2999989986419678,-14.250036239624023,7.550010681152344,17,straight,80.0,288.0
3484.8882616459514,252.557861328125,-206.2173309326172,8.370849609375,253.18570317921598,-206.00312498190291,-0.6633774033706248,1.8995905646467457,-0.0004500891051655159,2221.782283826354,0.5041086090384506,12.950019836425781,-10.300021171569824,2.649998664855957,-14.000035285949707,9.100016593933105,17,straight,79.80893880685015,287.31217970466054
3496.785634558646,248.75405883789062,-194.94442749023438,8.385574340820312,249.42869753731495,-194.71863239231558,-0.7114216759454968,1.893767745883898,-0.000466956297505039,2141.5280302311567,-0.1486441709954378,12.950018644332886,-10.050020217895508,2.899998426437378,-13.75003433227539,9.700018882751465,17,straight,78.03431915265917,280.923548949573
3508.5015424861485,245.0599822998047,-183.8262481689453,8.33673095703125,245.7700364540155,-183.5927078049287,-0.7474744166438234,1.8885561036806686,-0.00044870787361103726,2228.6214680218663,-0.5825050739379556,12.95001745223999,-9.800019264221191,3.149998188018799,-13.550033569335938,10.300021171569824,17,straight,76.24641387877826,274.4870899636017
3520.031368285531,241.49008178710938,-172.86334228515625,8.250778198242188,242.2207817916173,-172.62722902516853,-0.7679010145389301,1.883338632148155,-0.0006292619886032191,1589.1632072353723,-0.8086150021285488,12.950016975402832,-9.700018882751465,3.249998092651367,-13.400032997131348,10.750022888183594,17,straight,74.4449958744931,268.00198514817515
3531.369866838045,238.04127502441406,-162.06253051757812,8.152053833007812,238.77548623958768,-161.83264472492039,-0.7693592048923465,1.8742330065723118,-0.0007251011236301952,1379.1179842523654,-0.836840272548478,12.90001654624939,-9.600018501281738,3.2999980449676514,-13.350032806396484,11.200024604797363,17,straight,72.62990982255799,261.46767536120876
3542.510555474233,234.7568817138672,-151.4173583984375,8.062530517578125,235.4735020525896,-151.1986525600948,-0.7492509283249378,1.8670083706866085,-0.0004736281648480556,2111.3609244940267,-0.6762774255556214,12.950016736984253,-9.650018692016602,3.2999980449676514,-13.400032997131348,11.45002555847168,17,straight,70.80118238830823,254.88425659790965
3553.445337484061,231.58761596679688,-140.9521026611328,8.002243041992188,232.26369575224453,-140.74820752113607,-0.7061565721603461,1.8637060965712458,-0.0003651284608793687,2738.762126599549,-0.34868972593046776,12.950017213821411,-9.750019073486328,3.199998140335083,-13.450033187866211,11.700026512145996,17,straight,68.95911049269054,248.25279777368596
3564.1647420515587,228.5089569091797,-130.684326171875,7.9861602783203125,229.12265002657296,-130.50230626652623,-0.64011755817117,1.8591287371320473,-0.0003034326249959779,3295.6245229505407,-0.133374613166376,12.95001769065857,-9.850019454956055,3.0999982357025146,-13.6000337600708,11.950027465820312,17,straight,67.10425663701174,241.57532389324228
3574.6572331493826,225.53494262695312,-120.62214660644531,7.973876953125,226.06511556317344,-120.46600227603683,-0.5526883337100273,1.857214223454231,-0.0004497594414602235,2223.4108010124774,-0.17469073975874272,12.950018405914307,-10.000020027160645,2.949998378753662,-13.75003433227539,12.950031280517578,17,straight,65.23761222177563,234.8554039983923
3584.914627611962,222.6742706298828,-110.77175903320312,7.9501800537109375,223.1037181704207,-110.64867663078523,-0.4467375827698064,1.8499205521776747,-0.0004904770559682192,2038.8313537438858,-0.26654524276271685,12.950019359588623,-10.200020790100098,2.7499985694885254,-13.950035095214844,13.050031661987305,17,straight,63.35965556386655,228.0947600299196
3594.9292100691287,219.92774963378906,-101.14120483398438,7.920013427734375,220.24143676826876,-101.05223460489862,-0.32606030117397383,1.8471654291303987,-0.00012061486396301724,8290.852115097676,-0.31588839259374946,12.950020551681519,-10.450021743774414,2.4999988079071045,-14.20003604888916,13.100031852722168,17,straight,61.47082742082028,221.294978714953
3604.694011153342,217.26446533203125,-91.74667358398438,7.8877716064453125,217.45196387297906,-91.69343447717226,-0.19491050600650098,1.8474586464560507,-3.6463573053119314e-05,27424.630014815677,-0.32602776080549734,13.000021934509277,-10.750022888183594,2.2499990463256836,-14.450037002563477,13.150032043457031,17,straight,59.57147091581293,214.45729529692656
3614.2580992035028,214.659423828125,-82.54425048828125,7.8569793701171875,214.71483686491092,-82.52857444679408,-0.05758769766664166,1.8464870458971754,-0.000137270079999946,7284.908699699114,-0.29949083394076315,12.9500230550766,-11.00002384185791,1.949999213218689,-14.700037956237793,13.200032234191895,17,straight,57.65052695353761,207.5418970327354
3623.718169936785,212.08709716796875,-73.44065856933594,7.83074951171875,212.0083176954925,-73.46280601333706,0.08183345623532765,1.8448545813140134,-6.675197136697675e-05,14980.830970554913,-0.2387283959398523,12.950024247169495,-11.250024795532227,1.699999451637268,-15.000039100646973,13.200032234191895,17,straight,55.68532439230433,200.4671678122956
3632.9052973116663,209.60940551757812,-64.59396362304688,7.812255859375,209.3980209445723,-64.65346608615938,0.21959959203357032,1.845185380726214,0.0007836853898461199,1276.0222570901244,-0.14588693387130314,12.95002543926239,-11.500025749206543,1.4499996900558472,-16.603485107421875,13.200032234191895,17,straight,53.70804060624407,193.34894618247864
3641.7733459388896,207.15821838378906,-56.0714111328125,7.8040618896484375,206.82046427652665,-56.1713701632932,0.35223521224782645,1.8585353080195188,0.0014732832473581259,678.756105991966,-0.047678858122607304,12.950026392936707,-11.700026512145996,1.2499998807907104,-25.470531463623047,13.300032615661621,17,straight,51.72779029576478,186.2200450647532
3650.3061613288446,204.6828155517578,-47.905548095703125,7.8036651611328125,204.22766308922297,-48.04636648106477,0.4764384344355305,1.8708429059191436,0.0016748846667773432,597.0560360577583,-0.0016091972934728638,12.950026869773865,-11.800026893615723,1.149999976158142,-34.00234603881836,13.300032615661621,17,straight,49.748042005103244,179.0929512183717
3658.48698078445,202.2113037109375,-40.10699462890625,7.80377197265625,201.6513807457817,-40.28979961937693,0.589008821198679,1.8863684163279013,0.0023639346118555504,423.02354514580185,0.004430194862015124,13.039998173713684,-11.839998245239258,1.1999999284744263,-42.182167053222656,12.500029563903809,17,straight,47.7729889171563,171.98276010176266
3666.3053354014555,199.70982360839844,-32.699615478515625,7.804351806640625,199.06170117212326,-32.927085879418044,0.6868809763634227,1.9083334741716949,0.003336705753000019,299.6967889964238,0.011076316519320617,12.240998387336731,-10.840998649597168,1.399999737739563,-49.9995231628418,13.300032615661621,17,straight,45.80592897186963,164.9013442987307
3673.7462763446374,197.15518188476562,-25.710952758789062,7.8054351806640625,196.43873752826386,-25.98562505670797,0.7672922436772593,1.9368957939293545,0.004430935238158101,225.68598867982794,0.019819624389227908,11.59199845790863,-9.841999053955078,1.7499994039535522,-49.9995231628418,14.250036239624023,18,left,43.85195110151533,157.8670239654552
3680.8168498499917,194.51161193847656,-19.153167724609375,7.80718994140625,193.74937698311538,-19.47670207361589,0.8280559172915312,1.972205164875895,0.00532972153172015,187.62706344945818,0.03065480388207975,11.142998456954956,-8.842999458312988,2.2999989986419678,-49.9995231628418,15.450040817260742,18,left,41.910905893330785,150.87926121599082
3687.520907880122,191.78189086914062,-13.030014038085938,7.8096160888671875,190.99642319048667,-13.399101096264365,0.8678621611320803,2.0100709199319033,0.005924728208091062,168.7841137816849,0.02733678665780559,10.943998098373413,-7.843999862670898,3.0999982357025146,-49.9995231628418,16.900028228759766,18,left,39.98354274621295,143.94075388636662
3693.8898938286425,188.9612579345703,-7.319671630859375,7.810821533203125,188.17439322219928,-7.728005037734717,0.8865056383042256,2.0494787042899647,0.006406766277778864,156.08498213340258,0.0045799463275097985,10.943998336791992,-6.84499979019165,4.098998546600342,-49.9995231628418,18.550003051757812,18,left,38.06221598076335,137.02397753074806
3699.948228949856,186.0780792236328,-1.9913787841796875,7.810272216796875,185.30955627771976,-2.430141816295332,0.8849522680609224,2.0895569232493494,0.007590488981689819,131.74381814034024,0.03556453189330622,10.943998336791992,-5.845999717712402,5.09799861907959,-49.9995231628418,20.449974060058594,18,left,36.13993419020606,130.10376308474184
3705.7153980427834,183.10086059570312,2.9478912353515625,7.8147735595703125,182.3714587346637,2.482536452877275,0.8652064195667309,2.138685874565529,0.00861929160663441,116.01881519245543,0.041745037148477326,10.943998336791992,-4.846999645233154,6.096998691558838,-49.9995231628418,22.699939727783203,18,left,34.20983212686878,123.15539565672762
3711.1968363662545,180.0445556640625,7.4981842041015625,7.8151702880859375,179.36694236828535,7.018856399619548,0.8300089895678944,2.1864559067467217,0.009468216573870897,105.61651100796159,-0.05114964917044551,10.943998336791992,-3.8479995727539062,7.095998764038086,-49.9995231628418,25.249900817871094,18,left,32.26852383144818,116.16668579321345
3716.4243798530583,176.9164581298828,11.6865234375,7.8095855712890625,176.3026458047063,11.201315297037382,0.7824273193784892,2.2397071523808867,0.01246904785220962,80.19858547762263,-0.09225077894046141,10.943997859954834,-2.848999500274658,8.094998359680176,-49.9995231628418,28.19985580444336,18,left,30.30149082813302,109.08536698127887
3721.5295206851447,173.63165283203125,15.594528198242188,7.80560302734375,173.09786498889375,15.103255562622893,0.7254503869939767,2.3147424444734157,0.01721085175494874,58.102876849919056,-0.09438111291490969,10.943997263908386,-1.8499993085861206,9.093997955322266,-49.9995231628418,32.249794006347656,18,left,28.24862670390878,101.6950561340716
3726.628145806094,170.0008087158203,19.174041748046875,7.799957275390625,169.5613848694602,18.679351678945558,0.6616733191064803,2.415289930232286,0.019598177319440052,51.02515319157095,-1.0098423298407933,11.04299771785736,-0.9500001668930054,10.092997550964355,-49.9995231628418,33.64977264404297,18,left,26.472239307112563,95.30006150560523
3731.7204406548535,166.03855895996094,22.371322631835938,7.7028045654296875,165.69050588072318,21.89106451412929,0.5931178682100374,2.5144674489200796,0.019145247858135567,52.232282778990545,-3.0685237662361198,11.641997218132019,-0.5500000715255737,11.091997146606445,-49.9995231628418,35.949737548828125,18,left,26.783542926331762,96.42075453479434
3736.861586805042,161.74830627441406,25.195785522460938,7.48480224609375,161.48463949521295,24.746204721057634,0.5211938866148887,2.611179224554471,0.020472399415529086,48.84625293317902,-4.8962521979259765,10.891997814178467,-0.6500000953674316,10.241997718811035,-49.9995231628418,39.299686431884766,18,left,25.900857858076453,93.24308828907523
3742.0766279775376,157.12078857421875,27.582962036132812,7.19476318359375,156.94071062841695,27.17408787262111,0.44677303874740304,2.7267307065903976,0.023946993746136708,41.75889510813134,-5.574067619056377,10.492998003959656,-1.2499998807907104,9.242998123168945,-49.9995231628418,44.39960861206055,18,left,23.948207979201197,86.21354872512431
3747.3654369667447,152.16281127929688,29.400283813476562,6.8992919921875,152.0609622457243,29.044233092949117,0.3703313937917995,2.8629807626326143,0.026698205501776207,37.45570090594557,-5.426658369918469,10.443997621536255,-2.1999990940093994,8.243998527526855,-49.9995231628418,44.39960861206055,18,left,22.6807538728821,81.65071394237556
3752.7450141415093,146.90634155273438,30.50897216796875,6.616119384765625,146.86851232425897,30.219312210833724,0.2921197379406414,3.011728894879114,0.026534126344077424,37.687315837448175,-4.868081742454677,10.443998575210571,-3.1989991664886475,7.244999408721924,-49.9995231628418,39.02848815917969,18,left,22.750771321243445,81.9027767564764
3758.243717412998,141.42347717285156,30.846160888671875,6.3706817626953125,141.42555050896144,30.633841113436194,0.21232989822150375,-3.1318278061652762,0.02336399081754975,42.80090708000342,-4.042647429597168,10.44399881362915,-4.197999477386475,6.245999336242676,-49.9995231628418,33.53626251220703,18,left,24.24515741002246,87.28256667608086
3763.859345666576,135.82521057128906,30.454330444335938,6.1678009033203125,135.8421361472083,30.324191576405948,0.13123490414633093,-3.012260802524894,0.018591636449488136,53.7876266415231,-3.492378182740641,10.44399881362915,-5.196999549865723,5.246999263763428,-49.9995231628418,27.92530059814453,18,left,26.83359851825688,96.60095466572477
3769.782171736001,129.99708557128906,29.418426513671875,5.968475341796875,130.0079653407176,29.370355961900522,0.049286380780290955,-2.9190134221840522,0.015101435261305057,66.21887143153442,-3.5902087477823197,10.44399881362915,-6.195999622344971,4.24799919128418,-49.9995231628418,22.399944305419922,18,left,29.317043275500147,105.54135579180053
3776.150191630591,123.85990905761719,27.73699951171875,5.724456787109375,123.84975389778286,27.76823383312592,-0.032843722459962484,-2.8272447734381307,0.012861822488499403,77.74947919660417,-4.038925739303595,10.44399881362915,-7.194999694824219,3.2489991188049316,-49.9995231628418,21.749954223632812,18,left,31.77133435686599,114.37680368471756
3782.9334127186876,117.50213623046875,25.390228271484375,5.4355316162109375,117.45864440890256,25.4959134425761,-0.11428426808547457,-2.751192755171004,0.009805348065233671,101.985160888439,-4.3985044890487766,10.443998336791992,-8.193999290466309,2.2499990463256836,-49.9995231628418,19.69998550415039,18,left,34.192423782380764,123.09272561657076
3790.0910115806423,110.97787475585938,22.464584350585938,5.110198974609375,110.89347923111198,22.639314063020134,-0.1940440079072935,-2.6916323197655307,0.007082824750385547,141.186607778989,-4.561148396546322,10.842998385429382,-9.192998886108398,1.6499994993209839,-49.9995231628418,18.200008392333984,18,left,36.573765894692606,131.6655572208934
3797.840499403312,104.08659362792969,18.937698364257812,4.755401611328125,103.95792484579589,19.176359500698965,-0.2711361162648323,-2.6471351542961203,0.004532313495374696,220.63787092850424,-4.4540642235690875,11.641998171806335,-10.191998481750488,1.4499996900558472,-49.9995231628418,17.1500244140625,18,left,38.988386642905844,140.35819191446103
3806.2393318015525,96.75971984863281,14.847991943359375,4.3926239013671875,96.58798772588496,15.146878800910219,-0.34471042281907416,-2.6200798269614087,0.0027367777909737268,365.3932019245913,-4.046218631126913,12.69099771976471,-11.190998077392578,1.4999996423721313,-41.609527587890625,16.35003662109375,19,straight,41.44679002046948,149.20844407369012
3815.3483219994487,88.91392517089844,10.232742309570312,4.0510406494140625,88.70040221205,10.587619171148274,-0.41416137052943003,-2.5999374324743574,0.0018197436674632361,549.5279460947501,-3.3293646526448892,12.950024008750916,-11.200024604797363,1.7499994039535522,-32.50794219970703,15.450040817260742,19,straight,43.95791701411882,158.24850125082776
3824.8138842737567,80.84455871582031,5.2923736572265625,3.7772674560546875,80.59204576812496,5.69962228028486,-0.4791807902417117,-2.5865635790049963,0.0011535082181672873,866.9205682719941,-2.3459660772429975,12.950021982192993,-10.750022888183594,2.1999990940093994,-23.047340393066406,16.85002899169922,19,straight,46.42365416903827,167.12515500853777
3834.2737239331973,72.82673645019531,0.274993896484375,3.60699462890625,72.53843973018091,0.7312893117955424,-0.5397411461108486,-2.5781038579582587,0.0002121567903786148,4713.495138267322,-1.1742068610675478,12.950019359588623,-10.200020790100098,2.7499985694885254,-17.850013732910156,16.85002899169922,19,straight,48.76349178789737,175.54857043643054
3843.5220838024115,65.01445007324219,-4.6745147705078125,3.5549774169921875,64.69821795793675,-4.169312711781709,-0.5960133143576929,-2.5823092228738536,-0.0020425358423956097,489.58749180486325,-0.3693146850801604,13.000016689300537,-9.650018692016602,3.3499979972839355,-17.1500244140625,16.600032806396484,19,straight,50.947242477970434,183.41007292069358
3852.4460921427985,57.38099670410156,-9.297073364257812,3.5386505126953125,57.05475517139196,-8.736912662328582,-0.6482388060356756,-2.6142096090405076,-0.003572897776020628,279.8848617252537,-0.29304685448479917,12.95001482963562,-9.250017166137695,3.699997663497925,-16.750030517578125,16.600032806396484,19,straight,49.054335961485634,176.5956094613483
3861.0352137230993,49.89466857910156,-13.50738525390625,3.5043792724609375,49.562721794449565,-12.894980008475729,-0.6965837009804456,-2.6448830106292847,-0.003232955289781264,309.3145157809028,-0.42640607328925384,12.850014448165894,-9.150016784667969,3.699997663497925,-16.600032806396484,16.600032806396484,19,straight,46.947903021708015,169.01245087814885
3869.2732813953576,42.604034423828125,-17.342880249023438,3.4670867919921875,42.26663016392791,-16.68315167139718,-0.7410016401706389,-2.668843785025541,-0.0018078144097371796,553.154126117061,-0.3996208125143508,12.9500150680542,-9.300017356872559,3.6499977111816406,-16.700031280517578,16.550033569335938,19,straight,44.834680024062315,161.40484808662433
3877.1911262681465,35.54042053222656,-20.920150756835938,3.439483642578125,35.188880212046065,-20.222596335279746,-0.781129162011763,-2.6747811577126512,-0.0020851226604723105,479.58809280480676,-0.2950729487786963,11.893996477127075,-8.493998527526855,3.3999979496002197,-16.950027465820312,16.300037384033203,19,straight,42.705161200668826,153.73858032240778
3884.9452369568908,28.587875366210938,-24.353515625,3.4206695556640625,28.239837617779205,-23.615202644647276,-0.8162330128650482,-2.7010890034493076,-0.005200663445289189,192.28315973913092,-0.7411471885351933,10.694997072219849,-7.494998931884766,3.199998140335083,-17.250022888183594,11.627707481384277,20,right,40.511331885280136,145.8407947870085
3892.369076631054,21.797988891601562,-27.353958129882812,3.3302154541015625,21.47739075177847,-26.571894733132023,-0.8452256052648977,-2.752547806105839,-0.007356568619324433,135.9329398998839,-1.690831354430558,10.395996332168579,-6.495998859405518,3.8999974727630615,-17.900012969970703,19.04999542236328,20,right,38.29335621006352,137.85608235622868
3899.4386064657906,15.190322875976562,-29.862762451171875,3.1788787841796875,14.906033798052523,-29.04395208982462,-0.8667587251804989,-2.8074164892627373,-0.009549070593003472,104.72223346350502,-2.4319091811528777,10.395996570587158,-5.4969987869262695,4.898997783660889,-18.999996185302734,21.049964904785156,20,right,36.054626879247785,129.79665676529203
3906.279888186612,8.653030395507812,-31.870864868164062,2.99322509765625,8.429495462671873,-31.020356611819018,-0.8793930636007162,-2.884580187937381,-0.012059375088560975,82.92303644726655,-2.8463608332035566,10.395996570587158,-4.4979987144470215,5.897997856140137,-19.449989318847656,22.59994125366211,20,right,33.74707368894018,121.48946528018466
3912.9580357180475,2.1346893310546875,-33.30940246582031,2.79449462890625,1.9842911268726395,-32.4405007530481,-0.8818218676579004,-2.970200823132278,-0.012142786415422352,82.35342085321673,-2.9054409815971045,10.395996809005737,-3.4989988803863525,6.896997928619385,-19.449989318847656,23.649925231933594,20,right,33.630966117524466,121.07147802308808
3919.5137949200043,-4.359039306640625,-34.18968200683594,2.608551025390625,-4.4428604678843335,-33.32060854682436,-0.8731063314217485,-3.045441184321817,-0.013313536640921997,75.11152197728488,-3.012029592826698,10.395996809005737,-2.4999988079071045,7.895998001098633,-19.199993133544922,24.249916076660156,20,right,32.11824470353308,115.62568093271909
3925.9711841024,-10.804840087890625,-34.51713562011719,2.4028778076171875,-10.803560285995045,-33.6642677933891,-0.852868786954234,3.1400920682764886,-0.014809458268647158,67.52441459098354,-3.46611022340661,10.142999053001404,-1.7499994039535522,8.392999649047852,-19.24999237060547,24.299915313720703,20,right,30.452919564346665,109.63051043164799
3932.3350794924263,-17.157028198242188,-34.21360778808594,2.1646728515625,-17.080108531454243,-33.39582539696343,-0.8213919127729564,3.047809727499544,-0.012985412505202881,77.00949042622472,-3.944837959940492,9.043999552726746,-1.6499994993209839,7.394000053405762,-19.24999237060547,24.299915313720703,20,right,32.5215058309693,117.07742099148949
3938.6234820134487,-23.3900146484375,-33.42242431640625,1.9040679931640625,-23.261177104177374,-32.65354686577564,-0.779597105496941,2.9755692978879003,-0.013060747082511703,76.56529857614322,-4.0699432768555805,8.494999170303345,-2.099999189376831,6.394999980926514,-20.799968719482422,23.749923706054688,20,right,31.59812041069222,113.75323347849199
3944.8244204705584,-29.449371337890625,-32.12843322753906,1.6562347412109375,-29.264358809885334,-31.423398218935265,-0.7289060288376441,2.8849628285843507,-0.016111278449652267,62.068320842756165,-3.945721851352328,8.445998191833496,-3.0499982833862305,5.395999908447266,-21.849952697753906,22.89993667602539,20,right,29.19668334681892,105.10806004854811
3950.930254832835,-35.26670837402344,-30.289077758789062,1.4183807373046875,-35.027803065617796,-29.662025221896016,-0.6710220789276606,2.777574492370346,-0.018308126830665072,54.62055235083126,-4.039096091275166,8.445998191833496,-4.0489983558654785,4.396999835968018,-25.199901580810547,21.749954223632812,20,right,27.389024553392122,98.60048839221164
3956.9729180770155,-40.78074645996094,-27.830352783203125,1.1657257080078125,-40.500691878731054,-27.291043695278137,-0.6076881278964766,2.662637127586097,-0.020259848617974696,49.35871036631499,-3.53913191997582,8.445998191833496,-5.047998428344727,3.3979997634887695,-29.999828338623047,20.19997787475586,20,right,26.03636933543097,93.73092960755149
3962.99815634741,-45.939849853515625,-24.72283935546875,0.991058349609375,-45.630911052663144,-24.279371009902206,-0.5404695700885438,2.533123746873271,-0.02050077181872323,48.77865130359171,-2.3101558263566635,8.445998191833496,-6.046998500823975,2.3989996910095215,-35.299747467041016,18.050010681152344,20,right,25.88292867902565,93.17854324449235
3969.060934890318,-50.70411682128906,-20.974746704101562,0.8869171142578125,-50.391449421039624,-20.623032690810522,-0.47059924598753244,2.4148983439452323,-0.018325264305166122,54.56947214224285,-1.0472777631303596,8.445998311042786,-7.045998573303223,1.399999737739563,-39.449684143066406,14.850038528442383,20,right,27.376214683581864,98.55437286089472
3975.0394580664683,-54.96708679199219,-16.783172607421875,0.86383056640625,-54.67290973774142,-16.5137681557677,-0.3988971017928593,2.3122670965187306,-0.01742938341990985,57.37437612725214,0.0013661000872827733,8.844998300075531,-8.044998168945312,0.8000001311302185,-39.449684143066406,12.300028800964355,20,right,28.07097578873383,101.05551283944179
3980.883409455399,-58.69197082519531,-12.280227661132812,0.88604736328125,-58.43031425245395,-12.086179053331481,-0.3257591506748386,2.208909817494704,-0.015452928723433595,64.71265207374897,0.7734438003421107,9.644997954368591,-7.894998550415039,1.7499994039535522,-33.606773376464844,12.100028038024902,20,right,29.812137856599087,107.32369628375672
3986.561444131223,-61.89544677734375,-7.5926361083984375,0.95166015625,-61.68297592474181,-7.458629526468366,-0.2512003726230845,2.1334881138195816,-0.013972464182284622,71.5693371587152,1.4975476470577898,9.64499807357788,-6.895998477935791,2.74899959564209,-27.930118560791016,14.000035285949707,20,right,29.540029544025955,106.34410635849345
3992.0890176159387,-64.6829833984375,-2.8204803466796875,1.0528411865234375,-64.52795195777279,-2.7394244919508752,-0.17494227385167493,2.052544565810494,-0.01849766338207226,54.060882141967696,2.2105510735263207,9.64499807357788,-5.896998405456543,3.747999668121338,-22.404470443725586,16.250038146972656,20,right,27.248342249351325,98.09403209766477
3997.546279049273,-66.92282104492188,2.1539459228515625,1.1939544677734375,-66.83249690517677,2.1879479543391374,-0.0965121151253838,1.9308328630668017,-0.021231811804795775,47.09913638995816,2.369693227356878,9.64499807357788,-4.897998332977295,4.746999740600586,-16.95003318786621,17.600017547607422,20,right,25.433433491758155,91.56036057032937
4003.018289819867,-68.56982421875,7.370880126953125,1.311767578125,-68.55494097490634,7.374676188543427,-0.015359721055645505,1.8205279478910938,-0.018244328489573608,54.81155420828378,1.4840459148677154,9.64499831199646,-3.898998498916626,5.745999813079834,-13.400032997131348,18.550003051757812,20,right,27.43687091299898,98.77273528679633
4008.568716835752,-69.69677734375,12.805511474609375,1.356475830078125,-69.76492721159651,12.794566493307629,0.06902316352639981,1.730038167192769,-0.014887866119748294,67.16879316059479,0.33033688353138885,9.64499831199646,-2.899998426437378,6.744999885559082,-13.400032997131348,19.149993896484375,20,right,29.723074187549553,107.0030670751784
4014.233552413136,-70.38565063476562,18.428298950195312,1.34771728515625,-70.54209595094343,18.415270307173536,0.15698688637259953,1.6538838127048203,-0.012264689716699917,81.53487965034894,-0.3051787249038873,9.94399905204773,-2.1999990940093994,7.74399995803833,-11.250024795532227,19.499988555908203,20,right,31.887835109842364,114.7962063954325
4020.1499078966754,-70.67222595214844,24.337646484375,1.3203582763671875,-70.92079566388138,24.333219437214176,0.24860913164556542,1.5886045268928688,-0.007282299211339341,137.31926840398017,-0.5480659019651488,10.69299829006195,-1.949999213218689,8.742999076843262,-10.800023078918457,19.499988555908203,20,right,34.00189261639637,122.40681341902693
4026.3487355096713,-70.69645690917969,30.536300659179688,1.28082275390625,-71.04002813103216,30.537320717445137,0.343572736118658,1.567827349175831,-0.001727683124094423,578.809844267106,-0.7876318728813086,11.69199788570404,-1.949999213218689,9.741998672485352,-10.600022315979004,19.299991607666016,21,straight,36.08426109562625,129.90333994425453
4032.767581644318,-70.66915893554688,36.954803466796875,1.220306396484375,-71.11018553690472,36.95624289055837,0.44102895034908435,1.567532535799103,0.00028576784800737887,3499.3439848914663,-0.8618545832929592,12.740997433662415,-1.9999991655349731,10.740998268127441,-10.500021934509277,18.999996185302734,21,straight,38.120850098226384,137.23506035361498
4039.332757530459,-70.66128540039062,43.519775390625,1.169158935546875,-71.20072500399898,43.51932246664663,0.5394397937502108,1.5716359460384748,0.0004722897128211362,2117.3444452700082,-0.6040276497456407,13.650025367736816,-2.049999237060547,11.60002613067627,-10.350021362304688,18.700000762939453,21,straight,40.097003794233146,144.34921365923933
4046.0461172975774,-70.67385864257812,50.233062744140625,1.140625,-71.31027502217994,50.23117783393342,0.6364191709180029,1.5737580744119677,-2.6114120289258413e-05,38293.459206103624,-0.5262049234901354,13.500024795532227,-2.049999237060547,11.45002555847168,-10.200020790100098,18.400005340576172,21,straight,42.021768830354915,151.2783677892777
4053.019349931223,-70.68577575683594,57.206146240234375,1.0966033935546875,-71.41439671645266,57.20592700090778,0.7286209926008638,1.571097223052524,-0.0004373562879282644,2286.4653546813092,-0.6055650220200076,13.85002613067627,-2.049999237060547,11.800026893615723,-10.000020027160645,18.10000991821289,21,straight,43.93184317506314,158.15463543022733
4060.3435787332296,-70.6739501953125,64.53024291992188,1.054229736328125,-71.48568716828493,64.5329472125319,0.811741477620152,1.5674648503495572,-0.00039509291279116177,2531.0502102794744,-0.5031260994991654,14.598020315170288,-2.099999189376831,12.498021125793457,-10.000020027160645,17.80001449584961,21,straight,45.8524643576851,165.06887168766636
4068.084269533591,-70.63835144042969,72.27078247070312,1.021453857421875,-71.51904254264676,72.27568335703195,0.8807047383834808,1.5652315655199076,-0.00023966515858064863,4172.48800752778,-0.2989383183063868,13.699020624160767,-2.1999990940093994,11.499021530151367,-9.600018501281738,17.80001449584961,21,straight,47.79848650194365,172.07455140699713
4076.2925588734947,-70.58657836914062,80.47889709472656,1.00775146484375,-71.51662971191641,80.48550692259575,0.9300748303354467,1.5636894970061617,0.00015412677809142905,6488.165212970281,-0.08415254336714417,12.750020980834961,-2.2499990463256836,10.500021934509277,-8.55001449584961,16.750030517578125,21,straight,49.77902445905488,179.20448805259758
4085.0016678985194,-70.53459167480469,89.18785095214844,1.0080718994140625,-71.48923202363561,89.19033715838853,0.9546435862862577,1.5681919945747007,0.0007378339981837928,1355.3184082890448,0.0022983411453507407,12.950021266937256,-2.349998950958252,10.600022315979004,-7.400010108947754,15.1000394821167,21,straight,51.79766924274068,186.47160927386645
4094.348545707604,-70.55134582519531,98.53471374511719,1.008148193359375,-71.50145083273271,98.52853084570003,0.9501251252297451,1.5773038307979952,0.0009705738368361444,1030.3183148432872,-0.0008235207964231439,14.948020935058594,-3.3489990234375,11.599021911621094,-5.100001335144043,12.850030899047852,21,straight,53.88006523861541,193.96823485901547
4104.3857023977125,-70.66624450683594,108.57121276855469,1.0078887939453125,-71.57991915169839,108.55640703984464,0.9137945974162726,1.5869995048706356,0.0008994890878108869,1111.7422251711018,-0.004850277489865801,14.348020076751709,-3.048999309539795,11.299020767211914,-5.100001335144043,12.750030517578125,21,straight,56.03013695529726,201.70849303907013
4115.250505107932,-70.89125061035156,119.43368530273438,1.0070953369140625,-71.73591253264378,119.4124003934302,0.8449300623924275,1.5959903187465894,0.0006957932937779049,1437.2084481733982,-0.006152169088115278,12.350020408630371,-2.049999237060547,10.300021171569824,-4.75,15.250040054321289,21,straight,58.26814877991908,209.7653356077087
4127.087934815265,-71.22897338867188,131.26629638671875,1.0065155029296875,-71.97356665248498,131.24266136790447,0.7449682829692739,1.602527859709858,0.0005424405079068675,1843.520138012428,-0.004718406112885765,11.950019478797913,-1.8999992609024048,10.050020217895508,-4.649999618530273,23.44050407409668,21,straight,60.61252021874869,218.20507278749528
4139.905910827147,-71.68887329101562,144.07601928710938,1.0059356689453125,-72.30578752496747,144.05222669527677,0.6173728690819653,1.6093443201891722,-0.0004847749048246461,2062.8130500313796,-0.0036801023620913753,12.749019265174866,-1.699999451637268,11.049019813537598,-4.44999885559082,36.25748062133789,21,straight,63.05286698074852,226.99032113069467
4153.64895357252,-72.08964538574219,157.81321716308594,1.00555419921875,-72.55687256975853,157.80531710736318,0.46729396782352967,1.587703097771057,-0.0011494416864382337,869.9875877119895,0.0001381739244889213,12.749019742012024,-1.5999995470046997,11.149020195007324,-4.099997520446777,49.9995231628418,21,straight,65.5685155611216,236.04665602003777
4168.263026410718,-72.25030517578125,172.42640686035156,1.0060272216796875,-72.55143515368479,172.4243840038128,0.30113677214974677,1.5775137785948912,-0.000721882167187618,1385.2676315525314,0.008039674061565555,11.900020003318787,-1.7499994039535522,10.150020599365234,-5.700003623962402,49.9995231628418,21,straight,68.14179307731473,245.31045507833304
4183.3060755932565,-72.23931884765625,187.46945190429688,1.0079803466796875,-72.36545516010113,187.47002250350565,0.12613760303989152,1.566272686412649,-0.000193060589641407,5179.721049528605,0.11532963683770284,11.950018882751465,-2.049999237060547,9.900019645690918,-6.050004959106445,49.9995231628418,21,straight,70.69283919708741,254.49422110951468
4198.430135284608,-72.20881652832031,202.59344482421875,1.040985107421875,-72.15880134323329,202.59349400946533,-0.05001520927155595,1.5717797327472867,0.00030282868054502116,3302.1971307348854,0.370411303772461,11.950017213821411,-2.399998903274536,9.550018310546875,-6.400006294250488,49.9995231628418,21,straight,73.1680146998566,263.40485291948374
4213.529731871326,-72.24989318847656,217.69277954101562,1.1198577880859375,-72.03035433549097,217.69379644042962,-0.21954120810145683,1.5754282729295606,0.00016977204489958958,5890.251251856233,0.8227939058734347,11.950015783309937,-2.699998617172241,9.250017166137695,-6.700007438659668,49.9995231628418,21,straight,75.55834353104967,272.0100367117788
4228.604458083378,-72.33010864257812,232.76634216308594,1.2891082763671875,-71.95514719702814,232.768633106226,-0.37496844409817054,1.5769060606384224,5.6740771925675726e-05,17624.011201502366,1.4512511356719,12.150014400482178,-3.149998188018799,9.000016212463379,-7.1500091552734375,49.9995231628418,21,straight,77.87157781304211,280.3376801269516
4243.649572492553,-72.41989135742188,247.80880737304688,1.5567779541015625,-71.9102828455709,247.81204007319994,-0.5096187650599558,1.5771397388802308,6.926166409434303e-05,14438.001354369355,2.0851304053542927,11.950013637542725,-3.149998188018799,8.800015449523926,-7.1500091552734375,49.9995231628418,21,straight,80.0,288.0
4258.661509270758,-72.5272216796875,262.8160705566406,1.9156341552734375,-71.90910005888519,262.82113183344734,-0.6181423417192756,1.5789843006956472,0.00014137874175779164,7073.199178085684,2.6639404553301453,11.950012683868408,-3.3499979972839355,8.600014686584473,-7.350009918212891,49.9995231628418,21,straight,80.0,288.0
4273.636428033208,-72.66571044921875,277.7838897705078,2.35540771484375,-71.96872314879349,277.79126525007365,-0.6970263227833879,1.5813778743839502,0.00012788223426783013,7819.694469097641,3.180449221098357,11.950011730194092,-3.5499978065490723,8.40001392364502,-7.5000104904174805,46.74957275390625,21,straight,80.0,288.0
4288.569895954817,-72.83518981933594,292.7076416015625,2.8666534423828125,-72.09030499830051,292.71659209962235,-0.7449385934588892,1.5828116975981574,0.00014891672494364572,6715.162453233028,3.6374093900564883,11.950011014938354,-3.699997663497925,8.25001335144043,-7.65001106262207,41.44965362548828,21,straight,80.0,288.0
4303.455619770194,-73.03536987304688,307.5809783935547,3.439849853515625,-72.27265592508859,307.5924329913441,-0.7627999568829585,1.585813407254338,0.00018425056470710438,5427.391778091206,4.035209016573241,11.950010538101196,-3.799997568130493,8.150012969970703,-7.80001163482666,34.79975509643555,21,straight,80.0,288.0
4318.286933248042,-73.27732849121094,322.39710998535156,4.0655975341796875,-72.52389341521032,322.4102908996198,-0.7535503634455966,1.5882889684839026,0.00019651182655437693,5088.752252390719,4.373544754708308,12.000010251998901,-3.8999974727630615,8.10001277923584,-7.80001163482666,29.29983901977539,21,straight,80.0,288.0
4333.058475517922,-73.56214904785156,337.1507568359375,4.7343597412109375,-72.84063571011701,337.16578875407737,-0.7216699072926771,1.5916271875017396,0.0001935656377423864,5166.206211305361,4.654187172264915,12.999009847640991,-3.8999974727630615,9.09901237487793,-7.850011825561523,24.749908447265625,21,straight,80.0,288.0
4347.801607459788,-73.88717651367188,351.8734436035156,5.4391937255859375,-73.21477404255008,351.88905119205253,-0.6725835858766132,1.5940038358152668,0.00014571642646553362,6862.644275980309,4.881762137705733,13.998009443283081,-3.8999974727630615,10.09801197052002,-7.850011825561523,23.499927520751953,21,straight,80.0,288.0
4362.54121352112,-74.24618530273438,366.5903625488281,6.1736297607421875,-73.63426846899038,366.6057414743871,-0.612110057727057,1.5959234159259064,0.00010679258424613897,9363.946074150317,5.0573384918059485,14.848012924194336,-3.8499975204467773,10.998015403747559,-7.850011825561523,20.549972534179688,21,straight,80.0,288.0
4377.2153925598395,-74.62619018554688,381.2402801513672,6.9266510009765625,-74.08034193834914,381.2546675348353,-0.546037824488283,1.597148070377566,8.847369477760214e-05,11302.794604811264,5.153482738761242,13.799013376235962,-3.799997568130493,9.999015808105469,-7.750011444091797,18.25000762939453,21,straight,80.0,288.0
4391.8200626589505,-75.01405334472656,395.8202209472656,7.6824798583984375,-74.534370585422,395.83351962458613,-0.47986706950207914,1.598513128049037,9.856553327513423e-05,10145.534313791173,5.196073119301992,12.700013875961304,-3.699997663497925,9.000016212463379,-7.700011253356934,16.600032806396484,21,straight,80.0,288.0
4406.35291326136,-75.42802429199219,410.32737731933594,8.440628051757812,-75.00953544547032,410.3396102880874,-0.4186676010723476,1.6000192951254777,9.795845823258598e-05,10208.408932138022,5.2221626272066946,12.05001187324524,-3.5999977588653564,8.450014114379883,-7.600010871887207,15.600041389465332,21,straight,80.0,288.0
4420.80955448127,-75.85765075683594,424.7578582763672,9.19635009765625,-75.49085465233395,424.76907011283646,-0.3669674202907406,1.6013537574922365,1.862757650458735e-05,53683.84876871843,5.211034235593509,11.95001220703125,-3.449997901916504,8.500014305114746,-7.600010871887207,15.150039672851562,21,straight,80.0,288.0
4435.1878566384685,-76.28924560546875,439.1102600097656,9.943252563476562,-75.96078804298094,439.1200416091297,-0.328603180206086,1.6005679330579587,-8.775562454767238e-05,11395.280988020999,5.174531735643123,11.950012683868408,-3.3499979972839355,8.600014686584473,-7.300009727478027,16.300037384033203,21,straight,80.0,288.0
4449.485961834529,-76.70196533203125,453.3833923339844,10.680252075195312,-76.39557031230794,453.39198780663787,-0.3065155628371646,1.5988425360290033,-9.900720509799232e-05,10100.275015442065,5.114727290236775,11.950013160705566,-3.249998092651367,8.7000150680542,-7.200009346008301,16.300037384033203,21,straight,80.0,288.0
4463.701901253578,-77.09806823730469,467.5754852294922,11.4017333984375,-76.79564498858903,467.58363598456526,-0.30253306624564263,1.597741287030483,-1.4913293285317986e-05,67054.27036592191,5.015492137051114,11.950013637542725,-3.149998188018799,8.800015449523926,-7.100008964538574,16.05004119873047,21,straight,80.0,288.0
4477.832378289136,-77.47610473632812,481.68353271484375,12.102066040039062,-77.1590011801906,481.6922910615611,-0.3172244851083954,1.5984091379736707,0.0001345128137176868,7434.23598363486,4.87553732298252,11.950014114379883,-3.0499982833862305,8.900015830993652,-7.050008773803711,15.850042343139648,21,straight,80.0,288.0
4491.87246013963,-77.88368225097656,495.7015380859375,12.775344848632812,-77.53395144602095,495.7122846854142,-0.34989587784827697,1.6015148647265887,0.0002150338890995751,4650.4297726621735,4.695276834058582,11.950014591217041,-2.949998378753662,9.000016212463379,-6.950008392333984,15.600041389465332,21,straight,80.0,288.0
4505.817379628329,-78.33326721191406,509.6244659423828,13.416229248046875,-77.93473214259384,509.6378744121532,-0.39876056542698984,1.604428032053637,0.0002444751095158487,4090.39595883757,4.477172746577152,11.950015306472778,-2.7999985218048096,9.150016784667969,-6.8000078201293945,16.20003890991211,21,straight,80.0,288.0
4519.66254067393,-78.82537841796875,523.4477081298828,14.019790649414062,-78.36443574765397,523.4650041025387,-0.46126705495519094,1.6083017763115708,0.0002766813119507716,3614.2665109883696,4.222434517530554,11.950016260147095,-2.599998712539673,9.350017547607422,-6.8000078201293945,16.20003890991211,21,straight,80.0,288.0
4533.402978895142,-79.36572265625,537.1660308837891,14.581298828125,-78.83168049692058,537.1880805293544,-0.5344971607134834,1.6120611005886978,0.00011704183793745382,8543.95332149852,3.933999298351565,11.95001745223999,-2.349998950958252,9.600018501281738,-6.300005912780762,16.150039672851562,21,straight,80.0,288.0
4547.0346317947,-79.92384338378906,550.7764892578125,15.096939086914062,-79.30882202664044,550.8015609819669,-0.61553217714511,1.611539382845199,-0.00013175289969880738,7589.965779015427,3.61634342275694,11.950018644332886,-2.099999189376831,9.850019454956055,-6.050004959106445,16.150039672851562,21,straight,80.0,288.0
4560.557025744118,-80.45550537109375,564.2803649902344,15.563644409179688,-79.75426969100663,564.3068193701813,-0.7017345033883001,1.6085038214508274,-0.00030593152089231773,3268.7053530256585,3.270453451530031,11.950019717216492,-1.8499993085861206,10.100020408630371,-5.800004005432129,16.05004119873047,21,straight,80.0,288.0
4573.970487206176,-80.92875671386719,577.6790618896484,15.978256225585938,-80.13829662188307,577.7047768771681,-0.7908782571310631,1.6033165287171944,-0.0006480230579939683,1543.154965960035,2.898746466394986,11.950020670890808,-1.6499994993209839,10.300021171569824,-5.600003242492676,16.800029754638672,21,straight,80.0,288.0
4587.2737387406905,-81.30026245117188,590.9722442626953,16.338516235351562,-80.41930753277217,590.9902638957705,-0.8811391918583601,1.591248134524013,-0.0012103458245286136,826.2101456742449,2.633721220225349,11.85002076625824,-1.5499995946884155,10.300021171569824,-5.5500030517578125,16.800029754638672,21,straight,80.0,288.0
4600.466020768671,-81.43490600585938,604.1595153808594,16.676239013671875,-80.46392868552218,604.1600187821793,-0.9709774508309077,1.5713147748208023,-0.0014740693005497116,678.3941566567318,2.5479878966303326,11.950020432472229,-1.699999451637268,10.250020980834961,-5.700003623962402,16.400035858154297,21,straight,80.0,288.0
4613.541478669586,-81.3140869140625,617.2302093505859,17.007843017578125,-80.25529934677189,617.2108554717073,-1.0589644400435738,1.5525190780590266,-0.0012353029401917792,809.5180278974736,2.5167322790734525,11.950018644332886,-2.099999189376831,9.850019454956055,-6.050004959106445,15.700041770935059,21,straight,80.0,288.0
4626.492917545356,-80.99748229980469,630.1737365722656,17.331314086914062,-79.85444660795551,630.1375101492345,-1.1436096128341933,1.5391137631618044,-0.001262855542090241,791.8562073575175,2.4727048417844566,11.79599928855896,-2.699998617172241,9.096000671386719,-6.650007247924805,14.850038528442383,21,straight,80.0,288.0
4639.314061102336,-80.48350524902344,642.9807281494141,17.645187377929688,-79.26184246979031,642.9186568261878,-1.2232386501949184,1.5200310963212385,-0.001923517103324876,519.8810024987354,2.4233419263534617,11.596998929977417,-3.499997854232788,8.097001075744629,-7.450010299682617,14.850038528442383,21,straight,80.0,288.0
4652.000818914321,-79.64924621582031,655.6363677978516,17.94952392578125,-78.35749314180444,655.5319860106748,-1.2959635649676509,1.4901652195266524,-0.0017850430863676839,560.210567261355,2.3605135608697148,11.596999645233154,-4.498998165130615,7.098001480102539,-8.600014686584473,13.800034523010254,21,straight,80.0,288.0
4664.5496498477805,-78.52952575683594,668.1317443847656,18.240982055664062,-77.17601613102806,668.0014505770945,-1.3597664444572803,1.4748283603429182,-0.0009465915560082083,1056.421847049868,2.2506488843859085,11.596999645233154,-5.497998237609863,6.099001407623291,-9.800019264221191,13.050031661987305,21,straight,80.0,288.0
4676.9553607144,-77.29043579101562,680.4724578857422,18.511367797851562,-75.88542630974268,680.3253372301537,-1.412691094955888,1.4664650279527756,-0.0006225525292684678,1606.290157033099,2.127019282220155,11.596999645233154,-6.496998310089111,5.100001335144043,-10.85002326965332,12.650030136108398,21,straight,80.0,288.0
4689.243216824207,-75.96499633789062,692.6859588623047,18.766342163085938,-74.52089147729458,692.524485339384,-1.4531044515111522,1.459443213096412,-0.0004959811134784553,2016.2058046660652,2.025006236507043,11.79599666595459,-7.495998382568359,4.2999982833862305,-11.75002670288086,12.350028991699219,21,straight,79.92822729021066,287.7416182447584
4701.4846063338655,-74.57466125488281,704.8457336425781,19.008132934570312,-73.10473257436804,704.673701519311,-1.4799612755865248,1.4542919857012224,-0.0003876826935628186,2579.4290449490077,1.9247814087701376,12.244995594024658,-8.49499797821045,3.749997615814209,-12.450029373168945,13.000031471252441,21,straight,78.10448286199818,281.17613830319345
4713.573638591901,-73.14373779296875,716.8476409912109,19.23480224609375,-71.6616117348106,716.6677307339054,-1.4930054765321898,1.4500006998711785,-0.00035964780397273327,2780.49800097157,1.8237878655500528,12.650015592575073,-9.350017547607422,3.2999980449676514,-12.950031280517578,13.050031661987305,21,straight,76.26064560215173,274.5383241677462
4725.489417999359,-71.68092346191406,728.6714019775391,19.44610595703125,-70.19976445353092,728.4850821021072,-1.492831907515199,1.4456603159752892,-0.0003441508296640472,2905.70271463875,1.7189013910832607,13.000017642974854,-9.850019454956055,3.149998188018799,-12.950031280517578,13.100031852722168,21,straight,74.3985279241988,267.8347005271157
4737.224059334285,-70.19949340820312,740.3105163574219,19.641525268554688,-68.73098550086745,740.1201073423988,-1.4808008194586564,1.4418541599974888,-0.0003712569496228668,2693.5522715893344,1.6122081205076189,12.950018167495728,-9.950019836425781,2.9999983310699463,-11.60002613067627,13.100031852722168,21,straight,72.51800163889165,261.06480590000996
4748.76822735269,-68.68559265136719,751.7535705566406,19.821609497070312,-67.23980067772884,751.5590187107274,-1.4588231050354645,1.437035619438897,-0.0007874284093429135,1269.9567200457898,1.5042032597933908,12.950018167495728,-9.950019836425781,2.9999983310699463,-13.500033378601074,13.050031661987305,21,straight,70.6191522879804,254.22894823672945
4760.112736227847,-67.11311340332031,762.9873657226562,19.986038208007812,-65.69941220416247,762.7783033650862,-1.4290759776348745,1.4239774467394994,-0.0009187989335611157,1088.3774060600638,1.3901936366161105,12.900017976760864,-9.900019645690918,2.9999983310699463,-13.500033378601074,12.900031089782715,21,straight,68.70203456169456,247.32732442210042
4771.24931485601,-65.43351745605469,773.9955596923828,20.134384155273438,-64.0564005875067,773.7810689621039,-1.3937206115341105,1.4162843185512703,-0.0007651815057357764,1306.879469124687,1.27170055167396,12.950018644332886,-10.050020217895508,2.899998426437378,-13.700034141540527,13.000031471252441,21,straight,66.76653312622128,240.3595192543966
4782.170110482076,-63.70487976074219,784.7778625488281,20.266799926757812,-62.368300182938086,784.5571369423967,-1.3546825314949231,1.407131342213542,-0.0008723928870362913,1146.2725279629663,1.1503190183388523,12.950019598007202,-10.250020980834961,2.699998617172241,-14.000035285949707,13.000031471252441,21,straight,64.8124273073822,233.3247383065759
4792.868401455499,-61.91654968261719,795.3249816894531,20.383346557617188,-60.622712821173295,795.0984114424432,-1.3135249905734994,1.3974390759812896,-0.0008271599464741847,1208.9560238773113,1.0259659532168008,12.950021028518677,-10.55002212524414,2.399998903274536,-14.400036811828613,12.550029754638672,21,straight,62.83924069239237,226.22126649261256
4803.335271269524,-60.071929931640625,805.6275329589844,20.484237670898438,-58.821335526347156,805.3984017497323,-1.2714116082546245,1.3895882896032548,-0.0006815426503162247,1467.259605156062,0.9000045499801379,13.000022888183594,-10.950023651123047,2.049999237060547,-14.850038528442383,12.050027847290039,21,straight,60.84684205359403,219.04863139293852
4813.56490074782,-58.18644714355469,815.6815338134766,20.569915771484375,-56.97885371786721,815.4524251211498,-1.229134929396821,1.383301387009029,4.100079503091547e-06,243897.70960440615,0.7746794307436744,12.950024962425232,-11.400025367736816,1.5499995946884155,-15.400040626525879,11.45002555847168,21,straight,58.834443920700316,211.80399811452114
4823.550458621065,-56.35774230957031,825.4979553222656,20.641143798828125,-55.19004963097043,825.2837530731609,-1.187176817149536,1.3893727728921237,0.0006536483103466301,1529.8746805750932,0.6492636692161158,13.000027060508728,-11.850027084350586,1.149999976158142,-15.850042343139648,10.85002326965332,21,straight,56.801336400566576,204.48481104203967
4833.285762616659,-54.621490478515625,835.0770111083984,20.698272705078125,-53.493145407390664,834.8779439958549,-1.1457706205119782,1.396169342260629,0.0007564829550823909,1321.906849693774,0.5237802634141531,12.950028538703918,-12.200028419494629,0.7500001192092896,-16.250038146972656,10.300021171569824,21,straight,54.746541622444795,197.08754984080127
4842.7667007669115,-53.0084228515625,844.4196166992188,20.742111206054688,-51.91883356701056,844.2360386537227,-1.1049460203098334,1.4038802375357737,0.0009345961871502773,1069.9808256752563,0.39959729835745694,12.950029611587524,-12.500029563903809,0.4500000476837158,-16.550033569335938,9.550018310546875,21,straight,52.66844037759737,189.60638535935053
4852.044066713366,-51.505889892578125,853.5744476318359,20.773483276367188,-50.45445662335224,853.407847156721,-1.0645504393609326,1.413651928925042,0.0012311697444045006,812.235684433332,0.2747883331502443,12.950030326843262,-12.700030326843262,0.25,-16.800029754638672,9.350017547607422,21,straight,50.55233236919144,181.9883965290892
4861.022202189151,-50.151580810546875,862.4498291015625,20.792648315429688,-49.13800991770104,862.3022933464674,-1.0242522901393922,1.4262511171016927,0.0018471633073780663,541.3706497989276,0.1515374086450194,12.90003052353859,-12.750030517578125,0.15000000596046448,-16.800029754638672,9.250017166137695,21,straight,48.4164960145126,174.29938565224538
4869.680513345477,-48.97987365722656,871.0284881591797,20.80059814453125,-48.003988939852526,870.9060160381298,-0.9835397307880633,1.4459504783180812,0.002889917586966509,346.03062886982906,0.051283420830317006,12.241995051503181,-12.04199504852295,0.20000000298023224,-16.800029754638672,9.300017356872559,21,straight,46.26343921995832,166.54838119184996
4878.014731955449,-48.05982971191406,879.311767578125,20.801620483398438,-47.12241806701658,879.2216601803367,-0.9417324116358996,1.4749671321448259,0.004319707349769067,231.49716381908613,0.01613711164787368,11.492995500564575,-11.04299545288086,0.4500000476837158,-16.550033569335938,9.550018310546875,22,left,44.09177888796963,158.73040399669068
4886.009359340439,-47.44873046875,887.2830047607422,20.803207397460938,-46.55205814954329,887.2337570516747,-0.8980237106446161,1.515928702651973,0.0058413215137324975,171.1941377732893,0.03633795282425023,10.993996024131775,-10.04399585723877,0.9500001668930054,-16.100040435791016,10.100020408630371,22,left,41.90297672425431,150.85071620731551
4893.809687949394,-47.20225524902344,895.0794372558594,20.807296752929688,-46.35070720327299,895.0761662055314,-0.8515543282678201,1.566955047074193,0.0074524849715762315,134.1834306025438,0.09702416296855088,10.844995617866516,-9.04499626159668,1.7999993562698364,-15.550041198730469,11.050024032592773,22,left,39.651084746626516,142.74390508785547
4901.329170107563,-47.38484191894531,902.5966949462891,20.817825317382812,-46.58470194190544,902.6437979464412,-0.8015252182437514,1.6295969149836513,0.0096927773343886,103.16960407747548,0.11369799609333153,10.844995975494385,-8.04599666595459,2.798999309539795,-14.900038719177246,12.450029373168945,22,left,37.35197228597476,134.46710022950913
4908.587660086687,-48.09422302246094,909.8204345703125,20.824234008789062,-47.354078892261306,909.92375568281,-0.747320938925632,1.709495949546681,0.011218059171661313,89.14197943670744,-0.01529584836750253,10.844996929168701,-7.046997547149658,3.797999382019043,-14.000035285949707,13.650033950805664,22,left,34.98965483659048,125.96275741172573
4915.648003952421,-49.3314208984375,916.7715301513672,20.8160400390625,-48.65930095951908,916.9213690659517,-0.6886195703111792,1.7901442012482833,0.011768526018992947,84.97240847206554,-0.2922686934288876,10.844996929168701,-6.04799747467041,4.796999454498291,-12.850030899047852,19.949981689453125,22,left,34.16154355346591,122.98155679247728
4922.56388855487,-51.100616455078125,923.4572143554688,20.783889770507812,-50.50366318348685,923.6438903435173,-0.6254607365594111,1.8738766670509202,0.013582751943867155,73.62278308053156,-0.5440206805875203,10.844996929168701,-5.048997402191162,5.795999526977539,-11.550025939941406,26.468448638916016,22,left,31.798353775439704,114.47407359158294
4929.354737851526,-53.44010925292969,929.8322143554688,20.741668701171875,-52.92705156629858,930.052257545514,-0.5582537015520234,1.9759537279291566,0.015333677751201424,65.2159264219341,-0.6777609579250887,10.844996929168701,-4.049997329711914,6.794999599456787,-10.450021743774414,33.2581672668457,22,left,29.9278387705969,107.74021957414884
4936.0340148612095,-56.3759765625,935.8314666748047,20.692718505859375,-55.95021302638193,936.0693753603143,-0.48772444200458587,2.0803563810510775,0.015560127636884663,64.26682501173961,-0.7543339637537283,11.14399766921997,-3.3499979972839355,7.793999671936035,-9.900019645690918,39.93626403808594,22,left,29.70926748863445,106.95336295908402
4942.598522792549,-59.855560302734375,941.3976745605469,20.641815185546875,-59.5158529005553,941.6357343149429,-0.41481750898235625,2.1820448017968093,0.015338373090616808,65.19596270687575,-0.7458531906999522,11.742997646331787,-2.949998378753662,8.792999267578125,-9.550018310546875,46.499576568603516,22,left,29.92325770727899,107.72372774620436
4949.030946319589,-63.79345703125,946.4836273193359,20.595703125,-63.53494274106446,946.7053569540401,-0.34057843316359726,2.2797479839513946,0.014403000940729493,69.42997533049882,-0.6655094982725762,12.691997289657593,-2.899998426437378,9.791998863220215,-9.550018310546875,47.84955596923828,22,left,30.879625664652586,111.16665239274931
4955.3632457785225,-68.11964416503906,951.1075439453125,20.5567626953125,-67.93338732694852,951.2975092623368,-0.2660421609588316,2.3660513228664604,0.014298591824131679,69.93695689055924,-0.6979845376550609,13.891995906829834,-3.149998188018799,10.741997718811035,-9.900019645690918,47.84955596923828,22,left,30.99216297606446,111.57178671383205
4961.624509206291,-72.77497863769531,955.2942962646484,20.507919311523438,-72.65388074471817,955.4434761843585,-0.19214408168924496,2.4597236121607744,0.016045173193501766,62.32403900788034,-0.9821579290597793,13.542995691299438,-3.799997568130493,9.742998123168945,-10.500021934509277,47.69955825805664,22,left,29.256765913788705,105.32435728963934
4967.683018403381,-77.662353515625,958.8739624023438,20.436569213867188,-77.59694621176985,958.9741661580216,-0.11966163984145024,2.5632915276773773,0.017182710551340102,58.19803557838601,-1.3549670042726891,13.343997955322266,-4.59999942779541,8.743998527526855,-11.350025177001953,48.69954299926758,22,left,28.271749514905395,101.77829825365943
4973.47989900754,-82.66184997558594,961.8067169189453,20.348190307617188,-82.63922038861107,961.8503752931396,-0.049174707359959983,2.66338624508472,0.01658191494722136,60.306665616299675,-1.6272156652832548,13.295001983642578,-5.5500030517578125,7.744998931884766,-12.300028800964355,48.69954299926758,22,left,28.77936318917185,103.60570748101865
4979.019062771669,-87.68095397949219,964.1480407714844,20.25262451171875,-87.68815969281201,964.1305100939396,0.018953811216341244,2.7516101160158994,0.018909833034967904,52.88253990137345,-1.8530610014638071,13.295001983642578,-6.5490031242370605,6.745998859405518,-13.350032806396484,48.3995475769043,22,left,26.949745880164862,97.0190851685935
4984.403276000505,-92.76295471191406,965.92333984375,20.146163940429688,-92.78572381406035,965.8418804071326,0.08458174641471701,2.8690341150228447,0.022655100475824363,44.14017060163192,-2.0439023166237913,13.295001983642578,-7.548003196716309,5.7469987869262695,-14.400036811828613,43.01738739013672,22,left,24.62155768920425,88.6376076811353
4989.708804451017,-97.94831848144531,967.04052734375,20.03424072265625,-97.97009975662819,966.8943701012905,0.14777132154771558,2.9936551013782173,0.022685374785334833,44.08126422696173,-2.4194208219392,13.29500150680542,-8.547002792358398,4.7479987144470215,-15.250040054321289,37.71403884887695,22,left,24.60512310257952,88.57844316928627
4995.0620851050235,-103.277099609375,967.5307464599609,19.887985229492188,-103.28353547807806,967.3221034739456,0.2087422238536359,3.1107561095154024,0.021474762010389448,46.56629021156099,-2.921145603800812,13.295001029968262,-9.546002388000488,3.7489986419677734,-15.950042724609375,32.36375427246094,22,left,25.289156367217522,91.04096292198308
5000.567893554036,-108.77822875976562,967.3821563720703,19.716445922851562,-108.75545841923423,967.1153415649803,0.2677846703797354,-3.0564575699379524,0.0179839696499397,55.6050760463418,-3.3832173179609404,13.150020122528076,-10.40002155303955,2.7499985694885254,-16.700031280517578,29.899829864501953,22,left,27.63476278929237,99.48514604145254
5006.465400441298,-114.62112426757812,966.6112365722656,19.500015258789062,-114.56555966109475,966.2908884637753,0.32513125981204927,-2.9698506356043235,0.013613349794409424,73.45730588739214,-4.001676780469565,13.000023007392883,-11.00002384185791,1.9999991655349731,-17.200023651123047,28.699848175048828,22,left,30.042153993582776,108.151754376898
5012.8270765065,-120.83615112304688,965.2817840576172,19.222671508789062,-120.741574684341,964.9129154077318,0.3808001885851898,-2.8906033633806256,0.012271616433062044,81.48885727114252,-4.593522527862959,12.692994952201843,-11.04299545288086,1.6499994993209839,-17.400020599365234,28.19985580444336,22,left,32.43933288237075,116.7815983765347
5019.648320007962,-127.36320495605469,963.327880859375,18.892227172851562,-127.2210559146647,962.9173567948072,0.4344379789536562,-2.808251431352102,0.0115171506624836,86.82703120811276,-4.936258975722607,11.89399516582489,-10.04399585723877,1.8499993085861206,-17.400020599365234,29.499835968017578,22,left,34.5323391419148,124.31642091089327
5026.969334769455,-134.17068481445312,960.6596221923828,18.52362060546875,-133.97581447753262,960.215271436527,0.4852030940143284,-2.7283006497612727,0.010233478577429955,97.71848276552906,-5.09934253309019,11.744994878768921,-9.04499626159668,2.699998617172241,-16.800029754638672,30.499820709228516,22,left,36.63421409422858,131.8831707392229
5034.82534214757,-141.23509216308594,957.2469787597656,18.117584228515625,-140.98583453312798,956.77728786938,0.5317319800458649,-2.6536999109182196,0.008173096272426822,122.35265151270167,-5.113111709257767,11.744995355606079,-8.04599666595459,3.6989986896514893,-15.400040626525879,32.34979248046875,22,left,39.07719897858758,140.6779163229153
5043.168561320195,-148.48492431640625,953.1394958496094,17.695892333984375,-148.18858944586765,952.6499878499037,0.572217124239556,-2.59723186464453,0.007365167610490109,135.77423527683382,-5.020734203202837,11.744996070861816,-7.046997547149658,4.697998523712158,-14.05003547668457,34.89975357055664,22,left,41.51457855034075,149.4524827812267
5051.925344748484,-155.8120880126953,948.3642120361328,17.259323120117188,-155.46358120784637,947.8701588176569,0.6046036517524823,-2.5272494650806627,0.008080033021907185,123.76187043898531,-4.959683712805507,11.744996070861816,-6.04799747467041,5.696998596191406,-12.750030517578125,38.499698638916016,22,left,41.22797022179268,148.42069279845364
5060.937808925068,-162.96841430664062,942.9040069580078,16.814727783203125,-162.5703623135016,942.4197294851767,0.626873240722246,-2.45360997587273,0.007412412164724852,134.90884988275877,-4.871593052473921,11.744996070861816,-5.048997402191162,6.695998668670654,-11.45002555847168,44.449607849121094,22,left,43.04460644830905,154.96058321391257
5070.081648030763,-169.85304260253906,936.9024810791016,16.374984741210938,-169.4191923713261,936.4355822254672,0.6373543462223927,-2.3928681935402194,0.007223179741463581,138.44318372138102,-4.785996040398444,11.744996070861816,-4.049997329711914,7.694998741149902,-10.350021362304688,49.9995231628418,22,left,43.48340498195289,156.5402579350304
5079.291415056834,-176.37228393554688,930.4119567871094,15.936355590820312,-175.90774679664733,929.9790520362682,0.634981319975495,-2.320961793283366,0.008204439511890316,121.88523037445107,-4.717992815963168,11.793996572494507,-3.0999982357025146,8.693998336791992,-9.400017738342285,49.9995231628418,22,left,40.91419990617818,147.29111966224147
5088.584955372232,-182.4360809326172,923.3826141357422,15.5020751953125,-181.9506292724515,922.9978582846401,0.6194355328159393,-2.240992140267208,0.007819373717762396,127.88748000730698,-4.6291095097264146,11.99299693107605,-2.2999989986419678,9.692997932434082,-8.55001449584961,49.9995231628418,22,left,41.909505490047884,150.87421976417238
5098.023246204388,-188.02978515625,915.7928466796875,15.069366455078125,-187.5432139524774,915.457155302474,0.5911347029875773,-2.1747197763741726,0.0066619110893338385,150.10707687184032,-4.521923719136711,12.241997122764587,-1.5499995946884155,10.691997528076172,-7.80001163482666,49.9995231628418,22,left,44.48170151615866,160.13412545817118
5107.62764054958,-193.25282287597656,907.7441864013672,14.641189575195312,-192.78113662413668,907.4592233898009,0.5510824240852691,-2.114252023721875,0.006573132699570522,152.13446094969882,-4.414431237920091,11.79199731349945,-1.149999976158142,10.641997337341309,-7.400010108947754,49.9995231628418,22,left,45.71011580255691,164.55641688920488
5117.472304444334,-198.05186462402344,899.1592254638672,14.211013793945312,-197.6068754275238,898.9298466483119,0.5006296295934993,-2.046743620107488,0.006863478593103045,145.69871333246053,-4.328671261004791,10.642997860908508,-1.0000001192092896,9.642997741699219,-7.250009536743164,44.19961166381836,22,left,44.732830548804,161.03818997569442
5127.59031733835,-202.38442993164062,890.0260467529297,13.777297973632812,-201.9791550581414,889.8516148573772,0.44121900375645684,-1.9772352274146792,0.006616852616263741,151.1292540417287,-4.256789184445786,9.793998122215271,-1.149999976158142,8.643998146057129,-7.400010108947754,36.99972152709961,22,left,45.55885396944377,164.01187428999756
5138.158527855248,-206.2279815673828,880.1916809082031,13.330718994140625,-205.87513742390132,880.0671438017351,0.3741770710193258,-1.9100987178929294,0.005789156270995577,172.73674317795317,-4.163281754289338,9.294998526573181,-1.6499994993209839,7.644999027252197,-7.900012016296387,31.999797821044922,22,left,48.21231298557402,173.5643267480665
5149.310374362488,-209.6286163330078,869.580810546875,12.873779296875,-209.33984543380052,869.4973434604923,0.3005917276609593,-1.8521703775193266,0.004880987520070573,204.87657382609763,-4.002497232803148,9.245997667312622,-2.599998712539673,6.645998954772949,-8.900015830993652,26.89987564086914,22,left,50.86242422049303,183.10472719377492
5161.189278303744,-212.61941528320312,858.0939178466797,12.41033935546875,-212.4038272513523,858.0440392485235,0.22128279199099768,-1.7981566663693132,0.0041055997545335066,243.5697729414015,-3.7675161532843617,9.245997667312622,-3.598998785018921,5.646998882293701,-10.70002269744873,22.549942016601562,22,left,53.54122815156863,192.74842134564707
5173.867263882625,-215.1895294189453,845.6876831054688,11.9508056640625,-215.05492730338588,845.6630112375767,0.13684454895375098,-1.7520788209351308,0.003672331657251532,272.30655979161367,-3.5726233431920775,9.245997905731201,-4.597999095916748,4.647998809814453,-13.100031852722168,18.799999237060547,23,straight,56.25969787021165,202.53491233276196
5187.37781586874,-217.29579162597656,832.3507843017578,11.475616455078125,-217.24847464474624,832.3445441899114,0.04772667711675144,-1.7019185678715623,0.0035187547783507855,284.19144356194454,-3.4615994438164988,9.245997905731201,-5.596999168395996,3.648998737335205,-15.150039672851562,15.550041198730469,23,straight,59.01903117138232,212.46851221697636
5201.867381581423,-218.8482666015625,817.9530639648438,10.982681274414062,-218.89378842854674,817.9568578706321,-0.045679650317347005,-1.6539467258911527,0.0029175890529992976,342.7487496815203,-3.42324824213156,9.245997905731201,-6.595999240875244,2.649998664855957,-17.550018310546875,12.900031089782715,23,straight,61.84163949595772,222.6299021854478
5217.319206874826,-219.81509399414062,802.5407104492188,10.450225830078125,-219.95792692797716,802.5470774983758,-0.14297477505952647,-1.6153437339393064,0.002273088868053469,439.93000628098514,-3.440053593896647,9.244998812675476,-7.594999313354492,1.6499994993209839,-17.550018310546875,10.85002326965332,23,straight,64.71619696996943,232.97830909188997
5233.139810419841,-220.26712036132812,786.7359008789062,9.906936645507812,-220.51081660059168,786.7388822764872,-0.2437144758990279,-1.5830297894812426,0.0015627056650920346,639.9157706650443,-3.4156801344429057,9.793998837471008,-8.593998908996582,1.1999999284744263,-18.000011444091797,9.300017356872559,23,straight,67.5327064474667,243.1177432108801
5249.002030074715,-220.30096435546875,770.8828735351562,9.368057250976562,-220.648365156679,770.8811630825891,-0.34740501195220663,-1.5658727954153981,0.0006151728098265918,1625.5594916197374,-3.3575434441172227,10.742998480796814,-9.592998504638672,1.149999976158142,-18.000011444091797,9.300017356872559,23,straight,70.24333804478589,252.8760169612292
5264.856594688584,-220.1916961669922,755.0374145507812,8.842025756835938,-220.6452066296562,755.034110677535,-0.4535224970430358,-1.5635113464658954,9.713512416373304e-05,10294.937167263806,-3.2626469152470805,11.891997933387756,-10.591998100280762,1.2999998331069946,-17.900012969970703,9.300017356872559,23,straight,72.85194855968507,262.2670148148663
5280.702096401839,-220.08514404296875,739.2004241943359,8.333786010742188,-220.64667047066052,739.1959298317178,-0.561544413463111,-1.5627926667200986,6.462876599572231e-05,15472.986132308151,-3.1528489010781815,12.95002567768097,-11.550025939941406,1.399999737739563,-17.80001449584961,9.400017738342285,23,straight,75.36891203460408,271.3280833245747
5296.537787373588,-219.93348693847656,723.3730621337891,7.8431549072265625,-220.60443883116085,723.3668005493375,-0.6709811098208749,-1.561464208131503,-0.00010335687091378443,9675.215504871023,-3.034001916571505,12.950024962425232,-11.400025367736816,1.5499995946884155,-17.65001678466797,9.550018310546875,23,straight,77.80301028571283,280.09083702856617
5312.3633848216405,-219.82386779785156,707.5548248291016,7.3731689453125,-220.60526269712682,707.5511248753991,-0.7814036589821978,-1.5660612996603158,-0.00020309675757432255,4923.761521077231,-2.9035461122456114,13.000024676322937,-11.350025177001953,1.6499994993209839,-17.550018310546875,9.650018692016602,23,straight,80.0,288.0
5328.177944593426,-219.76695251464844,691.7467346191406,6.9244537353515625,-220.65940325410756,691.7441427770503,-0.8924545030457157,-1.5678921499155467,5.9020883886401476e-05,16943.15527237304,-2.772152616814369,13.700027108192444,-12.000027656555176,1.699999451637268,-17.500019073486328,9.700018882751465,23,straight,80.0,288.0
5343.980690291773,-219.70028686523438,675.9499206542969,6.496673583984375,-220.7041107154238,675.943298352356,-1.0038456938654086,-1.5641993467854263,0.00018948039390093152,5277.590886383965,-2.640518758957311,14.700030446052551,-12.900031089782715,1.7999993562698364,-18.050010681152344,9.800019264221191,23,straight,80.0,288.0
5359.770658354088,-219.58116149902344,660.1656341552734,6.0902252197265625,-220.69646415759817,660.1557171738374,-1.1153467473143348,-1.5619048209631583,0.00013869696884941107,7209.962901826215,-2.503629204498001,15.79902994632721,-13.899030685424805,1.8999992609024048,-28.031768798828125,9.900019645690918,23,straight,80.0,288.0
5375.545980812923,-219.4120330810547,644.3958892822266,5.7063751220703125,-220.63872508639497,644.3824255712884,-1.2267658894336706,-1.5598211428968103,-1.748183923522273e-05,57202.21920272449,-2.3586072656389288,16.94802951812744,-14.898030281066895,2.049999237060547,-43.801422119140625,10.050020217895508,23,straight,80.0,288.0
5391.304732060871,-219.2664337158203,628.6419219970703,5.346435546875,-220.6043172671216,628.6307568499733,-1.3379301391897063,-1.5624511401777503,-0.0001821771218395718,5489.163457531274,-2.2085126101427015,16.7460196018219,-14.5460205078125,2.1999990940093994,-59.55506134033203,10.200020790100098,23,straight,80.0,288.0
5407.046045214373,-219.16368103027344,612.9045257568359,5.0106658935546875,-220.6123305768175,612.8969389277802,-1.4486694131779863,-1.5655592011483237,-0.00015471947130499264,6463.310607032375,-2.056455772712476,15.847019910812378,-13.54702091217041,2.2999989986419678,-75.29179382324219,10.300021171569824,23,straight,80.0,288.0
5422.769137008635,-219.09963989257812,597.1846466064453,4.6993560791015625,-220.65843906851984,597.1792290180871,-1.5588085902958573,-1.5673208524496838,-0.00015129928711199447,6609.416469092692,-1.9018618491157406,14.948020219802856,-12.54802131652832,2.399998903274536,-91.01080322265625,10.350021362304688,23,straight,80.0,288.0
5438.4733016805585,-219.0620880126953,581.4831390380859,4.412933349609375,-220.73024226938333,581.4823321696639,-1.6681544518248173,-1.5703126374982226,-0.0001671142409510884,5983.930479585421,-1.7478274730315435,13.949020624160767,-11.54902172088623,2.399998903274536,-99.31000518798828,10.40002155303955,23,straight,80.0,288.0
5454.15464698442,-219.06324768066406,565.8039855957031,4.1507568359375,-220.8397572425384,565.8071310126753,-1.7765123464470933,-1.5725668850586443,-0.00014878721564104413,6721.007552238528,-1.6109081213536491,12.950021028518677,-10.55002212524414,2.399998903274536,-99.32542419433594,10.40002155303955,23,straight,80.0,288.0
5469.809995803696,-219.10519409179688,550.1505737304688,3.9080963134765625,-220.98885621157848,550.1584447501168,-1.883678564524851,-1.5749748754609554,-8.26961681935634e-05,12092.458717788986,-1.4408620691398546,12.950021266937256,-10.600022315979004,2.349998950958252,-99.36880493164062,10.350021362304688,23,straight,80.0,288.0
5485.433934169843,-219.17955017089844,534.5281982421875,3.6999969482421875,-221.16896586413083,534.536875528812,-1.9894346171167547,-1.5751580253715598,0.0001760539013348772,5680.078614661717,-1.262117833356309,12.950021505355835,-10.650022506713867,2.2999989986419678,-99.43584442138672,10.300021171569824,23,straight,80.0,288.0
5501.026044530697,-219.21664428710938,518.9372406005859,3.514068603515625,-221.31011418667399,518.9345081653141,-2.093471682776131,-1.5694911092129409,0.0002527729267398082,3956.1198776218225,-1.1187892380757625,12.90002155303955,-10.650022506713867,2.2499990463256836,-99.52224731445312,10.250020980834961,23,straight,80.0,288.0
5516.584274856128,-219.17601013183594,503.3799133300781,3.3514404296875,-221.37129831013058,503.372186420775,-2.195301776724009,-1.567276571406629,2.9922543825305903e-05,33419.61852702798,-0.9666811043654466,12.950021505355835,-10.650022506713867,2.2999989986419678,-99.62371063232422,10.300021171569824,23,straight,80.0,288.0
5532.108527783569,-219.14297485351562,487.85630798339844,3.2135467529296875,-221.43705380651,487.8511625497058,-2.294084723383082,-1.568553411372299,-8.837683059786938e-05,11315.18287355406,-0.8076307163631419,12.950021266937256,-10.600022315979004,2.349998950958252,-99.73592376708984,10.350021362304688,23,straight,80.0,288.0
5547.598258551709,-219.11961364746094,472.36700439453125,3.1009063720703125,-221.50801464641233,472.36514320762154,-2.388401724126142,-1.5700170663048096,6.001202708894038e-05,16663.326478173407,-0.644888434694231,12.950021266937256,-10.600022315979004,2.349998950958252,-99.8545913696289,10.350021362304688,23,straight,80.0,288.0
5563.053129992007,-219.06460571289062,456.9124755859375,3.0139312744140625,-221.54058908332712,456.90235072830257,-2.4760040717697187,-1.5667071227553215,0.0001956837205106532,5110.287137787525,-0.4797510382411746,12.950021028518677,-10.55002212524414,2.399998903274536,-99.97541809082031,10.40002155303955,23,straight,80.0,288.0
5578.472413990604,-218.98568725585938,441.49351501464844,2.952728271484375,-221.53922905183833,441.47609411398525,-2.553601220157801,-1.5639741825778222,0.00020273683635194106,4932.502736029923,-0.31229138083839203,12.950020551681519,-10.450021743774414,2.4999988079071045,-100.09408569335938,10.500021934509277,23,straight,80.0,288.0
5593.85417203248,-218.86647033691406,426.1122589111328,2.9176788330078125,-221.4831084749193,426.08522337055786,-2.6167778021295103,-1.5604645280657297,6.506810935125174e-05,15368.511702127129,-0.14351000346938397,12.95002007484436,-10.350021362304688,2.599998712539673,-100.206298828125,10.600022315979004,23,straight,80.0,288.0
5609.195035826152,-218.72024536132812,410.7720947265625,2.9085693359375,-221.3802712558093,410.74859403857886,-2.660129703914106,-1.5619617975415592,8.510021003577117e-06,117508.52313756432,-0.02794905461851599,12.950019359588623,-10.200020790100098,2.7499985694885254,-100.3077621459961,10.750022888183594,23,straight,80.0,288.0
5624.491545689509,-218.56285095214844,395.4763946533203,2.909088134765625,-221.2403726477047,395.4480570506188,-2.6776716471407402,-1.5602132025648585,5.010143543079937e-05,19959.507974201868,0.022285827146382997,13.300019025802612,-10.200020790100098,3.0999982357025146,-100.3941650390625,10.900023460388184,23,straight,80.0,288.0
5639.741824826819,-218.3927001953125,380.22706604003906,2.9153594970703125,-221.05604951871106,380.1994437325201,-2.663492558713148,-1.560425431411733,-0.00013734938877627,7280.702221608801,0.20195270528677034,12.95001769065857,-9.850019454956055,3.0999982357025146,-100.4612045288086,11.100024223327637,23,straight,80.0,288.0
5654.9430936803265,-218.2567901611328,365.02650451660156,2.970428466796875,-220.8692790360829,365.00975117364754,-2.612542592234252,-1.5643836245375988,-0.0002512176188636528,3980.6125244055647,0.5470437251236513,12.950017213821411,-9.750019073486328,3.199998140335083,-100.50458526611328,11.200024604797363,23,straight,80.0,288.0
5670.090001493294,-218.19903564453125,349.88011169433594,3.0811767578125,-220.72040356930077,349.8731882433888,-2.5213774303403285,-1.568050423082003,-0.0003441938616775553,2905.33943611351,0.9105398297177589,12.900016784667969,-9.650018692016602,3.249998092651367,-100.52000427246094,11.250024795532227,23,straight,80.0,288.0
5685.1788497511325,-218.2215118408203,334.79217529296875,3.2455291748046875,-220.6101359061592,334.8016878594713,-2.38864300690529,-1.5747787518033842,-0.0003236674418610752,3089.590952522252,1.2636344423098675,12.950016975402832,-9.700018882751465,3.249998092651367,-100.02543640136719,11.250024795532227,23,straight,80.0,288.0
5700.206898313882,-218.2970733642578,319.765869140625,3.4615325927734375,-220.51222964438458,319.78141268303506,-2.2152108132400707,-1.577813117190882,0.0002492623098759583,4011.8379730077727,1.6049942829290078,12.950017213821411,-9.750019073486328,3.199998140335083,-98.72156524658203,11.200024604797363,23,straight,80.0,288.0
5716.701440893671,-218.52841186523438,303.2755889892578,3.756622314453125,-220.53232999049987,303.26504261544517,-2.0039458772053242,-1.5655334987828122,0.0007444655314731646,1343.24553350533,1.789014277008632,12.800017833709717,-9.850019454956055,2.949998378753662,-96.878173828125,10.950023651123047,23,straight,80.0,288.0
